codigo_ibge,municipio,ano,request_status,data_status,new_iss,legacy_iss,adjusted_iss,iss_source,new_cota_raw,legacy_cota_raw,adjusted_cota,cota_source,cota_target_pr,total_real_2025,api_attempts,api_error
2200053,Acauã,2019,ok,ok,309452.89,309452.89,309452.89,new_observed,1005341.84,1005341.84,993741.6345030529,new_observed,1070863084.17,2269523.138615861,1,
2200053,Acauã,2020,ok,ok,1188907.06,1188907.06,1188907.06,new_observed,1119251.15,1119251.15,1126214.570757933,new_observed,1128020932.43,3946992.8405381753,1,
2200053,Acauã,2021,ok,ok,670852.61,670852.61,670852.61,new_observed,1339806.24,1339806.24,1345622.022811628,new_observed,1359727974.21,2737511.9475644445,1,
2200053,Acauã,2022,ok,ok,367942.38,367942.38,367942.38,new_observed,1088027.85,1088027.85,1110488.243863589,new_observed,1371986319.82,1878678.4172413526,1,
2200053,Acauã,2023,ok,ok,468423.15,468423.15,468423.15,new_observed,1377086.7,1377086.7,1373311.822350999,new_observed,1656320035.19,2272945.0735915373,1,
2200053,Acauã,2024,ok,ok,168045.91,168045.91,168045.91,new_observed,2505326.13,2505326.13,2541045.7091188603,new_observed,1908904705.44,2905430.690077855,1,
2200053,Acauã,2025,ok,ok,227254.87,227254.87,227254.87,new_observed,3429358.44,3429358.44,3472648.145702394,new_observed,2098799956.48,3699903.0157023943,1,
2200103,Agricolândia,2019,ok,ok,144915.79,144915.79,144915.79,new_observed,368551.07,368551.07,364298.51830263936,new_observed,1070863084.17,886800.576182442,1,
2200103,Agricolândia,2020,ok,ok,368076.68,368076.68,368076.68,new_observed,394739.47,394739.47,397195.34151674894,new_observed,1128020932.43,1304693.0881993938,1,
2200103,Agricolândia,2021,ok,ok,339268.19,339268.19,339268.19,new_observed,489879.32,489879.32,492005.7705597675,new_observed,1359727974.21,1128515.2620832196,1,
2200103,Agricolândia,2022,ok,ok,462915.91,462915.91,462915.91,new_observed,598874.53,598874.53,611237.2262477768,new_observed,1371986319.82,1364952.9990167485,1,
2200103,Agricolândia,2023,ok,ok,580369.48,580369.48,580369.48,new_observed,729408.44,729408.44,727408.9815656481,new_observed,1656320035.19,1613971.9645820227,1,
2200103,Agricolândia,2024,ok,ok,532020.77,532020.77,532020.77,new_observed,2380182.94,2380182.94,2414118.2954911,new_observed,1908904705.44,3159657.945012296,1,
2200103,Agricolândia,2025,ok,ok,594588.86,594588.86,594588.86,new_observed,2246332.55,2246332.55,2274688.604550894,new_observed,2098799956.48,2869277.4645508938,1,
2200202,Água Branca,2019,ok,ok,420206.37,420206.37,420206.37,new_observed,4388337.53,4388337.53,4337702.397637496,new_observed,1070863084.17,8285934.169109745,1,
2200202,Água Branca,2020,ok,ok,525832.7,525832.7,525832.7,new_observed,3814828.93,3814828.93,3838562.8872616263,new_observed,1128020932.43,7440748.64462238,1,
2200202,Água Branca,2021,ok,ok,589047.8,589047.8,589047.8,new_observed,3698242.24,3698242.24,3714295.4371045516,new_observed,1359727974.21,5842103.507951668,1,
2200202,Água Branca,2022,ok,ok,1344607.46,1344607.46,1344607.46,new_observed,4188263.36,4188263.36,4274722.584982189,new_observed,1371986319.82,7140621.889497587,1,
2200202,Água Branca,2023,ok,ok,1576040.38,1576040.38,1576040.38,new_observed,5345525.67,5345525.67,5330872.485582603,new_observed,1656320035.19,8524045.971452646,1,
2200202,Água Branca,2024,ok,ok,2649424.5,2649424.5,2649424.5,new_observed,6777821.2,6777821.2,6874455.693093676,new_observed,1908904705.44,10214115.169216402,1,
2200202,Água Branca,2025,ok,ok,2581374.11,2581374.11,2581374.11,new_observed,6630716.16,6630716.16,6714417.4575413875,new_observed,2098799956.48,9295791.567541387,1,
2200251,Alagoinha do Piauí,2019,ok,ok,107833.46,107833.46,107833.46,new_observed,651591.95,651591.95,644073.5117738973,new_observed,1070863084.17,1309451.6884792554,1,
2200251,Alagoinha do Piauí,2020,ok,ok,87287.13,87287.13,87287.13,new_observed,707935.58,707935.58,712340.0010390594,new_observed,1128020932.43,1363264.2533247748,1,
2200251,Alagoinha do Piauí,2021,ok,ok,79025.96,79025.96,79025.96,new_observed,872712.83,872712.83,876501.0705117034,new_observed,1359727974.21,1297197.9015671157,1,
2200251,Alagoinha do Piauí,2022,ok,ok,139128.86,139128.86,139128.86,new_observed,744530.67,744530.67,759900.1773997615,new_observed,1371986319.82,1142418.4684583747,1,
2200251,Alagoinha do Piauí,2023,ok,ok,301878.64,301878.64,301878.64,new_observed,1077606.12,1077606.12,1074652.180166862,new_observed,1656320035.19,1698821.48806202,1,
2200251,Alagoinha do Piauí,2024,ok,ok,159962.42,159962.42,159962.42,new_observed,2083383.71,2083383.71,2113087.4632851225,new_observed,1908904705.44,2437787.206739989,1,
2200251,Alagoinha do Piauí,2025,ok,ok,312248.64,312248.64,312248.64,new_observed,2450734.27,2450734.27,2481670.541946852,new_observed,2098799956.48,2793919.1819468522,1,
2200277,Alegrete do Piauí,2019,ok,ok,141189.8,141189.8,141189.8,new_observed,499678.87,499678.87,493913.2912248421,new_observed,1070863084.17,1106036.845490032,1,
2200277,Alegrete do Piauí,2020,ok,ok,208268.62,208268.62,208268.62,new_observed,478233.59,478233.59,481208.92016405385,new_observed,1128020932.43,1175472.9767042361,1,
2200277,Alegrete do Piauí,2021,ok,ok,139999.4,139999.4,139999.4,new_observed,604027.57,604027.57,606649.5111840889,new_observed,1359727974.21,1013630.5618446959,1,
2200277,Alegrete do Piauí,2022,ok,ok,225465.91,225465.91,225465.91,new_observed,875527.46,875527.46,893601.1624240578,new_observed,1371986319.82,1422026.2503183398,1,
2200277,Alegrete do Piauí,2023,ok,ok,261316.72,261316.72,261316.72,new_observed,1257321.61,1257321.61,1253875.0330755445,new_observed,1656320035.19,1869947.4584572497,1,
2200277,Alegrete do Piauí,2024,ok,ok,360267.6,360267.6,360267.6,new_observed,2983091.83,2983091.83,3025623.132956758,new_observed,1908904705.44,3631280.2340669576,1,
2200277,Alegrete do Piauí,2025,ok,ok,416921.28,416921.28,416921.28,new_observed,2889478.75,2889478.75,2925953.410467636,new_observed,2098799956.48,3342874.690467636,1,
2200301,Alto Longá,2019,ok,ok,320441.62,320441.62,320441.62,new_observed,1669485.22,1669485.22,1650221.750744492,new_observed,1070863084.17,3431925.191699863,1,
2200301,Alto Longá,2020,ok,ok,344833.68,344833.68,344833.68,new_observed,1644461.51,1644461.51,1654692.5268851344,new_observed,1128020932.43,3408942.11267005,1,
2200301,Alto Longá,2021,ok,ok,331750.81,331750.81,331750.81,new_observed,2263096.71,2263096.71,2272920.278926705,new_observed,1359727974.21,3536031.700766075,1,
2200301,Alto Longá,2022,ok,ok,608378.4,608378.4,608378.4,new_observed,2293074.17,2293074.17,2340410.5952731417,new_observed,1371986319.82,3747099.2233245363,1,
2200301,Alto Longá,2023,ok,ok,673425.92,673425.92,673425.92,new_observed,2839707.67,2839707.67,2831923.4476898294,new_observed,1656320035.19,4326065.745679592,1,
2200301,Alto Longá,2024,ok,ok,644901.16,644901.16,644901.16,new_observed,3769570.83,3769570.83,3823315.323339211,new_observed,1908904705.44,4792046.606688021,1,
2200301,Alto Longá,2025,ok,ok,285022.34,285022.34,285022.34,new_observed,5249321.49,5249321.49,5315585.074403662,new_observed,2098799956.48,5600607.414403662,1,
2200400,Altos,2019,ok,ok,1210683.03,1210683.03,1210683.03,new_observed,13286744.83,13286744.83,13133434.81714557,new_observed,1070863084.17,24980389.914961874,1,
2200400,Altos,2020,ok,ok,1839834.72,1839834.72,1839834.72,new_observed,7128574.53,7128574.53,7172924.9547073385,new_observed,1128020932.43,15365628.067634149,1,
2200400,Altos,2021,ok,ok,1905050.29,1905050.29,1905050.29,new_observed,7795616.62,7795616.62,7829455.552668828,new_observed,1359727974.21,13215304.38039049,1,
2200400,Altos,2022,ok,ok,3075157.0,3075157.0,3075157.0,new_observed,7458667.45,7458667.45,7612638.332845076,new_observed,1371986319.82,13581246.286171041,1,
2200400,Altos,2023,ok,ok,4346695.97,4346695.97,4346695.97,new_observed,8843266.8,8843266.8,8819025.588326493,new_observed,1656320035.19,16248245.488913365,1,
2200400,Altos,2024,ok,ok,6767639.6,6767639.6,6767639.6,new_observed,9357797.52,9357797.52,9491215.914073076,new_observed,1908904705.44,17437201.99890991,1,
2200400,Altos,2025,ok,ok,9658378.77,9658378.77,9658378.77,new_observed,10520478.7,10520478.7,10653281.506921314,new_observed,2098799956.48,20311660.276921313,1,
2200459,Alvorada do Gurguéia,2019,ok,ok,225269.18,225269.18,225269.18,new_observed,1402117.91,1402117.91,1385939.4767151088,new_observed,1070863084.17,2805932.083659973,1,
2200459,Alvorada do Gurguéia,2020,ok,ok,235166.41,235166.41,235166.41,new_observed,1524576.73,1524576.73,1534061.8837554764,new_observed,1128020932.43,3016312.9729146343,2,
2200459,Alvorada do Gurguéia,2021,ok,ok,332335.24,332335.24,332335.24,new_observed,1750532.18,1750532.18,1758130.827222038,new_observed,1359727974.21,2837960.736961564,1,
2200459,Alvorada do Gurguéia,2022,ok,ok,609135.8,609135.8,609135.8,new_observed,1798582.22,1798582.22,1835710.74116538,new_observed,1371986319.82,3106727.0632905685,1,
2200459,Alvorada do Gurguéia,2023,ok,ok,793116.46,793116.46,793116.46,new_observed,2512527.47,2512527.47,2505640.115856645,new_observed,1656320035.19,4071102.857160762,1,
2200459,Alvorada do Gurguéia,2024,ok,ok,299754.28,299754.28,299754.28,new_observed,3243909.27,3243909.27,3290159.166345499,new_observed,1908904705.44,3850089.3170707305,2,
2200459,Alvorada do Gurguéia,2025,ok,ok,606485.54,606485.54,606485.54,new_observed,3370395.85,3370395.85,3412941.255212023,new_observed,2098799956.48,4019426.795212023,1,
2200509,Amarante,2019,ok,ok,818090.15,818090.15,818090.15,new_observed,2069897.51,2069897.51,2046013.8561836833,new_observed,1070863084.17,4987858.82784073,1,
2200509,Amarante,2020,ok,ok,1071555.79,1071555.79,1071555.79,new_observed,2041687.53,2041687.53,2054389.8884721047,new_observed,1128020932.43,5329346.436455417,1,
2200509,Amarante,2021,ok,ok,1296230.37,1296230.37,1296230.37,new_observed,2673430.78,2673430.78,2685035.5123218917,new_observed,1359727974.21,5404859.918366751,1,
2200509,Amarante,2022,ok,ok,1700801.4,1700801.4,1700801.4,new_observed,2812955.1,2812955.1,2871023.5395777104,new_observed,1371986319.82,5809531.203395093,1,
2200509,Amarante,2023,ok,ok,1941138.24,1941138.24,1941138.24,new_observed,3041445.88,3041445.88,3033108.6517971144,new_observed,1656320035.19,6138879.989397044,1,
2200509,Amarante,2024,ok,ok,2240232.68,2240232.68,2240232.68,new_observed,4214085.99,4214085.99,4274168.139038811,new_observed,1908904705.44,6986526.381584608,1,
2200509,Amarante,2025,ok,ok,2301624.54,2301624.54,2301624.54,new_observed,4110498.75,4110498.75,4162386.671397204,new_observed,2098799956.48,6464011.211397205,1,
2200608,Angical do Piauí,2019,ok,ok,181279.12,181279.12,181279.12,new_observed,759232.6,759232.6,750472.1427808104,new_observed,1070863084.17,1622651.8839326529,1,
2200608,Angical do Piauí,2020,ok,ok,253411.42,253411.42,253411.42,new_observed,787152.24,787152.24,792049.507470013,new_observed,1128020932.43,1782380.131118907,1,
2200608,Angical do Piauí,2021,ok,ok,330281.32,330281.32,330281.32,new_observed,916473.87,916473.87,920452.0668625941,new_observed,1359727974.21,1697962.1434563035,2,
2200608,Angical do Piauí,2022,ok,ok,358462.72,358462.72,358462.72,new_observed,1156587.99,1156587.99,1180463.6856389458,new_observed,1371986319.82,1955551.905737213,1,
2200608,Angical do Piauí,2023,ok,ok,371151.08,371151.08,371151.08,new_observed,1514223.3,1514223.3,1510072.5027475348,new_observed,1656320035.19,2321679.252944828,1,
2200608,Angical do Piauí,2024,ok,ok,891492.56,891492.56,891492.56,new_observed,2253821.82,2253821.82,2285955.5872789547,new_observed,1908904705.44,3407730.9523544214,1,
2200608,Angical do Piauí,2025,ok,ok,1050978.7,1050978.7,1050978.7,new_observed,3277539.2,3277539.2,3318912.4509676243,new_observed,2098799956.48,4369891.150967624,2,
2200707,Anísio de Abreu,2019,ok,ok,236315.2,236315.2,236315.2,new_observed,997555.56,997555.56,986045.1970267232,new_observed,1070863084.17,2128749.8931425414,1,
2200707,Anísio de Abreu,2020,ok,ok,166829.11,166829.11,166829.11,new_observed,915521.9,915521.9,921217.8192785305,new_observed,1128020932.43,1854983.9381985099,1,
2200707,Anísio de Abreu,2021,ok,ok,314111.47,314111.47,314111.47,new_observed,1133523.27,1133523.27,1138443.6271034614,new_observed,1359727974.21,1971949.8912178073,1,
2200707,Anísio de Abreu,2022,ok,ok,662366.49,662366.49,662366.49,new_observed,1446233.8,1446233.8,1476088.7166428368,new_observed,1371986319.82,2717388.004625083,1,
2200707,Anísio de Abreu,2023,ok,ok,615159.07,615159.07,615159.07,new_observed,1653980.83,1653980.83,1649446.9286363148,new_observed,1656320035.19,2794823.970603993,1,
2200707,Anísio de Abreu,2024,ok,ok,819715.94,819715.94,819715.94,new_observed,2631647.13,2631647.13,2669167.725321838,new_observed,1908904705.44,3741737.4900869452,1,
2200707,Anísio de Abreu,2025,ok,ok,859908.46,859908.46,859908.46,new_observed,3451848.09,3451848.09,3495421.688549083,new_observed,2098799956.48,4355330.148549084,1,
2200806,Antônio Almeida,2019,ok,ok,321781.02,321781.02,321781.02,new_observed,1879122.41,1879122.41,1857440.0277071092,new_observed,1070863084.17,3795129.9663539967,1,
2200806,Antônio Almeida,2020,ok,ok,524433.66,524433.66,524433.66,new_observed,3672745.41,3672745.41,3695595.3946764492,new_observed,1128020932.43,7194621.761716246,2,
2200806,Antônio Almeida,2021,ok,ok,745664.02,745664.02,745664.02,new_observed,4625272.27,4625272.27,4645349.48576738,new_observed,1359727974.21,7318695.530001307,1,
2200806,Antônio Almeida,2022,ok,ok,887125.08,887125.08,887125.08,new_observed,4985995.77,4985995.77,5088922.757389512,new_observed,1371986319.82,7593912.024877963,1,
2200806,Antônio Almeida,2023,ok,ok,869033.91,869033.91,869033.91,new_observed,6335690.46,6335690.46,6318323.030405013,new_observed,1656320035.19,8870151.131996913,1,
2200806,Antônio Almeida,2024,ok,ok,573352.14,573352.14,573352.14,new_observed,8272657.3,8272657.3,8390604.354242623,new_observed,1908904705.44,9613611.48478476,1,
2200806,Antônio Almeida,2025,ok,ok,972350.4,972350.4,972350.4,new_observed,8790177.69,8790177.69,8901138.446050875,new_observed,2098799956.48,9873488.846050875,1,
2200905,Aroazes,2019,ok,ok,210048.28,210048.28,210048.28,new_observed,828069.54,828069.54,818514.8030462866,new_observed,1070863084.17,1791250.4024598873,1,
2200905,Aroazes,2020,ok,ok,226921.98,226921.98,226921.98,new_observed,812657.53,812657.53,817713.4786255545,new_observed,1128020932.43,1780972.809976087,1,
2200905,Aroazes,2021,ok,ok,164745.45,164745.45,164745.45,new_observed,997900.74,997900.74,1002232.3916956979,new_observed,1359727974.21,1584257.8588408022,1,
2200905,Aroazes,2022,ok,ok,283683.34,283683.34,283683.34,new_observed,1817260.41,1817260.41,1854774.5090750437,new_observed,1371986319.82,2717391.3624291457,1,
2200905,Aroazes,2023,ok,ok,380028.49,380028.49,380028.49,new_observed,2229790.64,2229790.64,2223678.3256127597,new_observed,1656320035.19,3213319.3257818306,1,
2200905,Aroazes,2024,ok,ok,456020.78,456020.78,456020.78,new_observed,3549185.23,3549185.23,3599787.585163428,new_observed,1908904705.44,4349749.566998052,1,
2200905,Aroazes,2025,ok,ok,363395.45,363395.45,363395.45,new_observed,3398541.79,3398541.79,3441442.4889150974,new_observed,2098799956.48,3804837.9389150976,1,
2200954,Aroeiras do Itaim,2019,ok,ok,95245.64,95245.64,95245.64,new_observed,238242.28,238242.28,235493.3051776041,new_observed,1070863084.17,575984.3790075844,1,
2200954,Aroeiras do Itaim,2020,ok,ok,45813.64,45813.64,45813.64,new_observed,273774.58,273774.58,275477.8684829883,new_observed,1128020932.43,547761.8397496025,1,
2200954,Aroeiras do Itaim,2021,ok,ok,51162.72,51162.72,51162.72,new_observed,344155.94,344155.94,345649.8397450643,new_observed,1359727974.21,538702.1019605458,1,
2200954,Aroeiras do Itaim,2022,ok,ok,66074.37,66074.37,66074.37,new_observed,350787.13,350787.13,358028.50447591796,new_observed,1371986319.82,538918.028419736,1,
2200954,Aroeiras do Itaim,2023,ok,ok,82561.83,82561.83,82561.83,new_observed,899122.71,899122.71,896658.0298736956,new_observed,1656320035.19,1208487.1004114992,1,
2200954,Aroeiras do Itaim,2024,ok,ok,276100.87,276100.87,276100.87,new_observed,2182000.12,2182000.12,2213109.8924924554,new_observed,1908904705.44,2669614.158627083,1,
2200954,Aroeiras do Itaim,2025,ok,ok,251642.75,251642.75,251642.75,new_observed,2713290.97,2713290.97,2747541.5651568784,new_observed,2098799956.48,2999184.3151568784,1,
2201002,Arraial,2019,ok,ok,34200.4,34200.4,34200.4,new_observed,612041.25,612041.25,604979.1702276032,new_observed,1070863084.17,1113136.0645604746,1,
2201002,Arraial,2020,ok,ok,82337.59,82337.59,82337.59,new_observed,669287.1,669287.1,673451.0695301247,new_observed,1128020932.43,1288525.1420456604,1,
2201002,Arraial,2021,ok,ok,115163.06,115163.06,115163.06,new_observed,822387.55,822387.55,825957.340343555,new_observed,1359727974.21,1277639.846351485,1,
2201002,Arraial,2022,ok,ok,277281.41,277281.41,277281.41,new_observed,956080.68,956080.68,975817.2599397212,new_observed,1371986319.82,1592343.5214954077,1,
2201002,Arraial,2023,ok,ok,287231.89,287231.89,287231.89,new_observed,1580885.85,1580885.85,1576552.3169982021,new_observed,1656320035.19,2300156.751721235,1,
2201002,Arraial,2024,ok,ok,460265.59,460265.59,460265.59,new_observed,3286784.27,3286784.27,3333645.454806663,new_observed,1908904705.44,4068871.4649642827,1,
2201002,Arraial,2025,ok,ok,447689.43,447689.43,447689.43,new_observed,3314966.52,3314966.52,3356812.2260044413,new_observed,2098799956.48,3804501.6560044414,1,
2201051,Assunção do Piauí,2019,ok,ok,98797.52,98797.52,98797.52,new_observed,1082365.13,1082365.13,1069876.1860098348,new_observed,1070863084.17,2035254.11395715,1,
2201051,Assunção do Piauí,2020,ok,ok,343511.93,343511.93,343511.93,new_observed,1135026.3,1135026.3,1142087.8658498276,new_observed,1128020932.43,2532761.85588771,1,
2201051,Assunção do Piauí,2021,ok,ok,354335.31,354335.31,354335.31,new_observed,2043199.03,2043199.03,2052068.0749743006,new_observed,1359727974.21,3266868.776743028,1,
2201051,Assunção do Piauí,2022,ok,ok,119417.27,119417.27,119417.27,new_observed,1989721.83,1989721.83,2030796.0874105808,new_observed,1371986319.82,2732329.3780770903,1,
2201051,Assunção do Piauí,2023,ok,ok,73512.24,73512.24,73512.24,new_observed,1860467.35,1860467.35,1855367.4266500678,new_observed,1656320035.19,2380493.17718424,1,
2201051,Assunção do Piauí,2024,ok,ok,123983.12,123983.12,123983.12,new_observed,2626628.07,2626628.07,2664077.1062906105,new_observed,1908904705.44,2990122.4787240177,1,
2201051,Assunção do Piauí,2025,ok,ok,555116.57,555116.57,555116.57,new_observed,3628307.48,3628307.48,3674108.57246527,new_observed,2098799956.48,4229225.14246527,1,
2201101,Avelino Lopes,2019,ok,ok,459924.16,459924.16,459924.16,new_observed,1276404.91,1276404.91,1261677.0247532146,new_observed,1070863084.17,2998181.5076731066,1,
2201101,Avelino Lopes,2020,ok,ok,401872.48,401872.48,401872.48,new_observed,1308708.54,1308708.54,1316850.6698638115,new_observed,1128020932.43,2930208.0189880924,1,
2201101,Avelino Lopes,2021,ok,ok,381143.58,381143.58,381143.58,new_observed,1631352.34,1631352.34,1638433.6556525384,new_observed,1359727974.21,2741723.9580739434,1,
2201101,Avelino Lopes,2022,ok,ok,834788.78,834788.78,834788.78,new_observed,1649963.62,1649963.62,1684024.175311882,new_observed,1371986319.82,3200718.0180332586,1,
2201101,Avelino Lopes,2023,ok,ok,644601.14,644601.14,644601.14,new_observed,1822694.71,1822694.71,1817698.3292189415,new_observed,1656320035.19,3038803.9171151887,1,
2201101,Avelino Lopes,2024,ok,ok,1585240.32,1585240.32,1585240.32,new_observed,2685580.15,2685580.15,2723869.6930256686,new_observed,1908904705.44,4621409.032610964,1,
2201101,Avelino Lopes,2025,ok,ok,801718.14,801718.14,801718.14,new_observed,2824448.12,2824448.12,2860101.881490875,new_observed,2098799956.48,3661820.021490875,1,
2201150,Baixa Grande do Ribeiro,2019,ok,ok,1313947.98,1313947.98,1313947.98,new_observed,16880386.51,16880386.51,16685611.017134916,new_observed,1070863084.17,31346368.374634232,1,
2201150,Baixa Grande do Ribeiro,2020,ok,ok,2139788.7,2139788.7,2139788.7,new_observed,28207087.43,28207087.43,28382577.817596115,new_observed,1128020932.43,52036817.643051244,1,
2201150,Baixa Grande do Ribeiro,2021,ok,ok,2723593.72,2723593.72,2723593.72,new_observed,41984755.82,41984755.82,42167001.74031184,new_observed,1359727974.21,60942269.94293446,1,
2201150,Baixa Grande do Ribeiro,2022,ok,ok,4848386.05,4848386.05,4848386.05,new_observed,46883021.59,46883021.59,47850837.92891683,new_observed,1371986319.82,66966209.36857293,1,
2201150,Baixa Grande do Ribeiro,2023,ok,ok,4364017.98,4364017.98,4364017.98,new_observed,70500510.48,70500510.48,70307254.09225468,new_observed,1656320035.19,92154247.24155076,1,
2201150,Baixa Grande do Ribeiro,2024,ok,ok,5083980.55,5083980.55,5083980.55,new_observed,71103040.89,71103040.89,72116789.42527032,new_observed,1908904705.44,82795828.97855115,1,
2201150,Baixa Grande do Ribeiro,2025,ok,ok,5630737.41,5630737.41,5630737.41,new_observed,81121584.32,81121584.32,82145603.70227395,new_observed,2098799956.48,87776341.11227395,1,
2201176,Barra D'Alcântara,2019,ok,ok,105232.2,105232.2,105232.2,new_observed,456877.72,456877.72,451606.0052179149,new_observed,1070863084.17,969737.9535026005,1,
2201176,Barra D'Alcântara,2020,ok,ok,87490.39,87490.39,87490.39,new_observed,404865.08,404865.08,407383.9479969052,new_observed,1128020932.43,843698.854992939,1,
2201176,Barra D'Alcântara,2021,ok,ok,151373.82,151373.82,151373.82,new_observed,500273.89,500273.89,502445.4609359349,new_observed,1359727974.21,887607.5423842521,1,
2201176,Barra D'Alcântara,2022,ok,ok,386568.79,386568.79,386568.79,new_observed,804023.63,804023.63,820621.2634203508,new_observed,1371986319.82,1534006.3052417561,1,
2201176,Barra D'Alcântara,2023,ok,ok,203939.55,203939.55,203939.55,new_observed,1714484.15,1714484.15,1709784.3966021917,new_observed,1656320035.19,2361789.0097895255,1,
2201176,Barra D'Alcântara,2024,ok,ok,258425.27,258425.27,258425.27,new_observed,3244023.36,3244023.36,3290274.8829787476,new_observed,1908904705.44,3805889.125928473,1,
2201176,Barra D'Alcântara,2025,ok,ok,276466.26,276466.26,276466.26,new_observed,3126563.99,3126563.99,3166031.4406485255,new_observed,2098799956.48,3442497.7006485257,4,
2201200,Barras,2019,ok,ok,1101994.52,1101994.52,1101994.52,new_observed,4681704.41,4681704.41,4627684.243852372,new_observed,1070863084.17,9978278.980536357,1,
2201200,Barras,2020,ok,ok,985888.75,985888.75,985888.75,new_observed,4736534.29,4736534.29,4766002.636935046,new_observed,1128020932.43,9806255.45637243,4,
2201200,Barras,2021,ok,ok,1293194.63,1293194.63,1293194.63,new_observed,5855118.01,5855118.01,5880533.695989498,new_observed,1359727974.21,9738861.41756005,1,
2201200,Barras,2022,ok,ok,1877325.24,1877325.24,1877325.24,new_observed,6013925.1,6013925.1,6138071.854526663,new_observed,1371986319.82,10185363.644426027,1,
2201200,Barras,2023,ok,ok,2164706.96,2164706.96,2164706.96,new_observed,6886801.76,6886801.76,6867923.621073145,new_observed,1656320035.19,11147463.391334094,1,
2201200,Barras,2024,ok,ok,3400846.83,3400846.83,3400846.83,new_observed,7466813.3,7466813.3,7573271.068208847,new_observed,1908904705.44,11769457.5971407,1,
2201200,Barras,2025,ok,ok,4169827.22,4169827.22,4169827.22,new_observed,8834828.28,8834828.28,8946352.672350302,new_observed,2098799956.48,13116179.892350303,1,
2201309,Barreiras do Piauí,2019,ok,ok,97017.28,97017.28,97017.28,new_observed,2168344.49,2168344.49,2143324.8989799228,new_observed,1070863084.17,3901572.879575201,1,
2201309,Barreiras do Piauí,2020,ok,ok,155993.13,155993.13,155993.13,new_observed,3712205.76,3712205.76,3735301.247234391,new_observed,1128020932.43,6634170.249768839,1,
2201309,Barreiras do Piauí,2021,ok,ok,137188.54,137188.54,137188.54,new_observed,5113932.33,5113932.33,5136130.703807128,new_observed,1359727974.21,7158916.952560571,1,
2201309,Barreiras do Piauí,2022,ok,ok,219040.47,219040.47,219040.47,new_observed,3490784.29,3490784.29,3562845.3039218667,new_observed,1371986319.82,4805735.93732233,1,
2201309,Barreiras do Piauí,2023,ok,ok,230115.19,230115.19,230115.19,new_observed,5640373.92,5640373.92,5624912.4959352575,new_observed,1656320035.19,7225880.2348204125,1,
2201309,Barreiras do Piauí,2024,ok,ok,607102.47,607102.47,607102.47,new_observed,6739915.44,6739915.44,6836009.493357241,new_observed,1908904705.44,7982545.062487588,1,
2201309,Barreiras do Piauí,2025,ok,ok,555496.37,555496.37,555496.37,new_observed,5511837.93,5511837.93,5581415.329400976,new_observed,2098799956.48,6136911.699400976,1,
2201408,Barro Duro,2019,ok,ok,176592.78,176592.78,176592.78,new_observed,825449.16,825449.16,815924.6584799178,new_observed,1070863084.17,1728476.6393327806,1,
2201408,Barro Duro,2020,ok,ok,158583.21,158583.21,158583.21,new_observed,920862.14,920862.14,926591.2835803938,new_observed,1128020932.43,1850086.794573386,1,
2201408,Barro Duro,2021,ok,ok,87163.38,87163.38,87163.38,new_observed,1236243.03,1236243.03,1241609.2693488097,new_observed,1359727974.21,1803906.1558227066,1,
2201408,Barro Duro,2022,ok,ok,160038.98,160038.98,160038.98,new_observed,1631395.28,1631395.28,1665072.5250594898,new_observed,1371986319.82,2319214.4009122686,1,
2201408,Barro Duro,2023,ok,ok,183825.09,183825.09,183825.09,new_observed,2064529.27,2064529.27,2058869.9709906993,new_observed,1656320035.19,2767782.9693052014,1,
2201408,Barro Duro,2024,ok,ok,192207.79,192207.79,192207.79,new_observed,2473840.62,2473840.62,2509111.2958195754,new_observed,1908904705.44,2897094.8491531615,1,
2201408,Barro Duro,2025,ok,ok,305579.12,305579.12,305579.12,new_observed,2975466.83,2975466.83,3013026.94092207,new_observed,2098799956.48,3318606.06092207,1,
2201507,Batalha,2019,ok,ok,1004928.46,1004928.46,1004928.46,new_observed,2838764.57,2838764.57,2806009.2910896423,new_observed,1070863084.17,6636776.96867301,1,
2201507,Batalha,2020,ok,ok,824389.31,824389.31,824389.31,new_observed,3235994.0,3235994.0,3256126.7358851917,new_observed,1128020932.43,6956769.529874433,1,
2201507,Batalha,2021,ok,ok,802946.02,802946.02,802946.02,new_observed,4224123.38,4224123.38,4242459.303071681,new_observed,1359727974.21,6849507.118746001,1,
2201507,Batalha,2022,ok,ok,1043944.58,1043944.58,1043944.58,new_observed,3996161.08,3996161.08,4078654.696132294,new_observed,1371986319.82,6509413.796567753,1,
2201507,Batalha,2023,ok,ok,1375685.59,1375685.59,1375685.59,new_observed,3769962.07,3769962.07,3759627.829203379,new_observed,1656320035.19,6337657.433212014,1,
2201507,Batalha,2024,ok,ok,1707759.52,1707759.52,1707759.52,new_observed,4108158.31,4108158.31,4166730.1997151524,new_observed,1908904705.44,6300238.279043013,1,
2201507,Batalha,2025,ok,ok,1544092.04,1544092.04,1544092.04,new_observed,6206760.15,6206760.15,6285109.7378193615,new_observed,2098799956.48,7829201.777819362,1,
2201556,Bela Vista do Piauí,2019,ok,ok,282492.26,282492.26,282492.26,new_observed,448936.08,448936.08,443756.0003735579,new_observed,1070863084.17,1264766.848161696,1,
2201556,Bela Vista do Piauí,2020,ok,ok,556677.68,556677.68,556677.68,new_observed,549327.32,549327.32,552744.9597879847,new_observed,1128020932.43,1891426.8512711206,1,
2201556,Bela Vista do Piauí,2021,ok,ok,117116.96,117116.96,117116.96,new_observed,653914.03,653914.03,656752.5165381402,new_observed,1359727974.21,1050584.472230503,1,
2201556,Bela Vista do Piauí,2022,ok,ok,386568.79,386568.79,386568.79,new_observed,804023.63,804023.63,820621.2634203508,new_observed,1371986319.82,1534006.3052417561,1,
2201556,Bela Vista do Piauí,2023,ok,ok,360423.57,360423.57,360423.57,new_observed,1112334.79,1112334.79,1109285.6517453229,new_observed,1656320035.19,1813815.9861914357,1,
2201556,Bela Vista do Piauí,2024,ok,ok,309867.01,309867.01,309867.01,new_observed,2317873.54,2317873.54,2350920.521911111,new_observed,1908904705.44,2853625.8059465317,1,
2201556,Bela Vista do Piauí,2025,ok,ok,245706.99,245706.99,245706.99,new_observed,3193355.4,3193355.4,3233665.976420571,new_observed,2098799956.48,3479372.9664205713,1,
2201572,Belém do Piauí,2019,ok,ok,90306.79,90306.79,90306.79,new_observed,325354.89,325354.89,321600.76037635223,new_observed,1070863084.17,717340.119968805,1,
2201572,Belém do Piauí,2020,ok,ok,86543.95,86543.95,86543.95,new_observed,349987.6,349987.6,352165.0477684112,new_observed,1128020932.43,747943.9742026452,1,
2201572,Belém do Piauí,2021,ok,ok,183696.19,183696.19,183696.19,new_observed,556501.47,556501.47,558917.1115959606,new_observed,1359727974.21,1008151.9263669944,2,
2201572,Belém do Piauí,2022,ok,ok,190624.67,190624.67,190624.67,new_observed,718370.34,718370.34,733199.8140583342,new_observed,1371986319.82,1173926.6567571163,1,
2201572,Belém do Piauí,2023,ok,ok,196060.14,196060.14,196060.14,new_observed,1511888.38,1511888.38,1507743.9832431027,new_observed,1656320035.19,2102720.1233773967,6,
2201572,Belém do Piauí,2024,ok,ok,345370.14,345370.14,345370.14,new_observed,3029592.67,3029592.67,3072786.9566751583,new_observed,1908904705.44,3665885.0745762447,1,
2201572,Belém do Piauí,2025,ok,ok,347936.93,347936.93,347936.93,new_observed,3353159.66,3353159.66,3395487.488191252,new_observed,2098799956.48,3743424.4181912523,1,
2201606,Beneditinos,2019,ok,ok,245214.12,245214.12,245214.12,new_observed,1114196.36,1114196.36,1101340.1291880503,new_observed,1070863084.17,2345034.4276877204,1,
2201606,Beneditinos,2020,ok,ok,208333.07,208333.07,208333.07,new_observed,1220600.66,1220600.66,1228194.626709787,new_observed,1128020932.43,2449100.0640394306,1,
2201606,Beneditinos,2021,ok,ok,344077.94,344077.94,344077.94,new_observed,2084018.63,2084018.63,2093064.863228072,new_observed,1359727974.21,3308599.787568365,1,
2201606,Beneditinos,2022,ok,ok,292015.7,292015.7,292015.7,new_observed,1984677.83,1984677.83,2025647.9630293457,new_observed,1371986319.82,2945112.6294848127,1,
2201606,Beneditinos,2023,ok,ok,287318.23,287318.23,287318.23,new_observed,2052759.45,2052759.45,2047132.414486128,new_observed,1656320035.19,2881021.52132891,1,
2201606,Beneditinos,2024,ok,ok,932232.46,932232.46,932232.46,new_observed,2822429.88,2822429.88,2862670.5521419924,new_observed,1908904705.44,4069935.3242739057,1,
2201606,Beneditinos,2025,ok,ok,932737.21,932737.21,932737.21,new_observed,3518156.37,3518156.37,3562566.995642359,new_observed,2098799956.48,4495304.205642359,1,
2201705,Bertolínia,2019,ok,ok,391498.45,391498.45,391498.45,new_observed,1230252.92,1230252.92,1216057.5626425273,new_observed,1070863084.17,2799570.9763317998,1,
2201705,Bertolínia,2020,ok,ok,456399.67,456399.67,456399.67,new_observed,1198023.47,1198023.47,1205476.9727276845,new_observed,1128020932.43,2833291.8338101935,1,
2201705,Bertolínia,2021,ok,ok,328342.11,328342.11,328342.11,new_observed,1385186.35,1385186.35,1391199.1171634307,new_observed,1359727974.21,2334403.109810534,1,
2201705,Bertolínia,2022,ok,ok,116546.39,116546.39,116546.39,new_observed,1180205.32,1180205.32,1204568.5532822206,new_observed,1371986319.82,1678773.4849223094,1,
2201705,Bertolínia,2023,ok,ok,635872.2,635872.2,635872.2,new_observed,1414870.37,1414870.37,1410991.9195466286,new_observed,1656320035.19,2526101.630624913,1,
2201705,Bertolínia,2024,ok,ok,1098717.61,1098717.61,1098717.61,new_observed,2768509.97,2768509.97,2807981.881353421,new_observed,1908904705.44,4189834.156580354,1,
2201705,Bertolínia,2025,ok,ok,822529.89,822529.89,822529.89,new_observed,3491036.15,3491036.15,3535104.429876256,new_observed,2098799956.48,4357634.3198762555,1,
2201739,Betânia do Piauí,2019,ok,ok,197462.85,197462.85,197462.85,new_observed,920896.09,920896.09,910270.2675580184,new_observed,1070863084.17,1929125.6174266695,1,
2201739,Betânia do Piauí,2020,ok,ok,607246.7,607246.7,607246.7,new_observed,740020.33,740020.33,744624.3663033932,new_observed,1128020932.43,2304771.096749392,1,
2201739,Betânia do Piauí,2021,ok,ok,1393943.43,1393943.43,1393943.43,new_observed,946465.12,946465.12,950573.5018035518,new_observed,1359727974.21,3182853.385628937,1,
2201739,Betânia do Piauí,2022,ok,ok,2374013.6,2374013.6,2374013.6,new_observed,977828.57,977828.57,998014.0963293763,new_observed,1371986319.82,4284919.125172686,1,
2201739,Betânia do Piauí,2023,ok,ok,1904764.5,1904764.5,1904764.5,new_observed,1370731.44,1370731.44,1366973.9834247248,new_observed,1656320035.19,4037758.9499141173,1,
2201739,Betânia do Piauí,2024,ok,ok,1195353.04,1195353.04,1195353.04,new_observed,2969964.07,2969964.07,3012308.2044854127,new_observed,1908904705.44,4512607.852352862,1,
2201739,Betânia do Piauí,2025,ok,ok,2105519.45,2105519.45,2105519.45,new_observed,5881655.98,5881655.98,5955901.691223154,new_observed,2098799956.48,8061421.141223154,1,
2201770,Boa Hora,2019,ok,ok,183242.15,183242.15,183242.15,new_observed,521849.42,521849.42,515828.0248191702,new_observed,1070863084.17,1217436.0062426927,1,
2201770,Boa Hora,2020,ok,ok,151031.49,151031.49,151031.49,new_observed,571705.7,571705.7,575262.5668737206,new_observed,1128020932.43,1238240.5332490017,1,
2201770,Boa Hora,2021,ok,ok,303747.97,303747.97,303747.97,new_observed,694256.59,694256.59,697270.1940738108,new_observed,1359727974.21,1358955.4459508404,1,
2201770,Boa Hora,2022,ok,ok,310678.66,310678.66,310678.66,new_observed,802791.92,802791.92,819364.1269648371,new_observed,1371986319.82,1435973.362674331,1,
2201770,Boa Hora,2023,ok,ok,300681.81,300681.81,300681.81,new_observed,1053252.75,1053252.75,1050365.5677588792,new_observed,1656320035.19,1667371.5423592245,1,
2201770,Boa Hora,2024,ok,ok,462644.23,462644.23,462644.23,new_observed,2322697.12,2322697.12,2355812.8738946794,new_observed,1908904705.44,3022722.3437304758,2,
2201770,Boa Hora,2025,ok,ok,769672.28,769672.28,769672.28,new_observed,2214731.98,2214731.98,2242689.132132479,new_observed,2098799956.48,3012361.4121324793,3,
2201804,Bocaina,2019,ok,ok,186896.5,186896.5,186896.5,new_observed,448238.64,448238.64,443066.6078326409,new_observed,1070863084.17,1097085.525467298,1,
2201804,Bocaina,2020,ok,ok,168754.54,168754.54,168754.54,new_observed,445890.59,445890.59,448664.6981974078,new_observed,1128020932.43,1052622.58379828,1,
2201804,Bocaina,2021,ok,ok,187142.33,187142.33,187142.33,new_observed,548892.06,548892.06,551274.6709423008,new_observed,1359727974.21,1002455.1410030501,1,
2201804,Bocaina,2022,ok,absent_dca,,,300865.63878802035,imputed_temporal,,,628628.9499194089,imputed_temporal,1371986319.82,1181131.799193842,1,
2201804,Bocaina,2023,ok,ok,449918.78,449918.78,449918.78,new_observed,849590.53,849590.53,847261.6277584055,new_observed,1656320035.19,1600892.561436368,1,
2201804,Bocaina,2024,ok,ok,920986.46,920986.46,920986.46,new_observed,2311933.47,2311933.47,2344895.7616195776,new_observed,1908904705.44,3502574.209712193,1,
2201804,Bocaina,2025,ok,ok,398801.34,398801.34,398801.34,new_observed,2838569.34,2838569.34,2874401.3574150237,new_observed,2098799956.48,3273202.6974150236,1,
2201903,Bom Jesus,2019,ok,ok,3374881.38,3374881.38,3374881.38,new_observed,17602868.92,17602868.92,17399757.01449349,new_observed,1070863084.17,36179190.17167416,1,
2201903,Bom Jesus,2020,ok,ok,3752441.85,3752441.85,3752441.85,new_observed,22999144.47,22999144.47,23142233.641735137,new_observed,1128020932.43,45852058.13991006,1,
2201903,Bom Jesus,2021,ok,ok,4975771.0,4975771.0,4975771.0,new_observed,29754722.06,29754722.06,29883880.288969964,new_observed,1359727974.21,47324528.828030236,1,
2201903,Bom Jesus,2022,ok,ok,6332414.7,6332414.7,6332414.7,new_observed,33877883.09,33877883.09,34577231.54644441,new_observed,1371986319.82,51984900.89398009,2,
2201903,Bom Jesus,2023,ok,ok,9087161.58,9087161.58,9087161.58,new_observed,43841641.81,43841641.81,43721462.859928034,new_observed,1656320035.19,65172842.21988725,1,
2201903,Bom Jesus,2024,ok,ok,10832693.27,10832693.27,10832693.27,new_observed,42992802.61,42992802.61,43605770.63678917,new_observed,1908904705.44,58383844.47364138,2,
2201903,Bom Jesus,2025,ok,ok,10675718.44,10675718.44,10675718.44,new_observed,49654921.33,49654921.33,50281728.637739815,new_observed,2098799956.48,60957447.07773981,2,
2201919,Bom Princípio do Piauí,2019,ok,ok,2779363.79,2779363.79,2779363.79,new_observed,527645.97,527645.97,521557.69093102583,new_observed,1070863084.17,5748579.769841988,1,
2201919,Bom Princípio do Piauí,2020,ok,ok,1944414.88,1944414.88,1944414.88,new_observed,770834.09,770834.09,775629.8341037505,new_observed,1128020932.43,4637336.0560742635,1,
2201919,Bom Princípio do Piauí,2021,ok,ok,603271.31,603271.31,603271.31,new_observed,851985.69,851985.69,855683.958886742,new_observed,1359727974.21,1980638.5929937214,1,
2201919,Bom Princípio do Piauí,2022,ok,ok,669309.26,669309.26,669309.26,new_observed,1421353.33,1421353.33,1450694.633727771,new_observed,1371986319.82,2693941.4642303004,1,
2201919,Bom Princípio do Piauí,2023,ok,ok,223693.2,223693.2,223693.2,new_observed,1792273.59,1792273.59,1787360.5997606886,new_observed,1656320035.19,2481906.94943401,1,
2201919,Bom Princípio do Piauí,2024,ok,ok,116091.26,116091.26,116091.26,new_observed,2846313.17,2846313.17,2886894.35711789,new_observed,1908904705.44,3220624.401279763,1,
2201919,Bom Princípio do Piauí,2025,ok,ok,312901.27,312901.27,312901.27,new_observed,3262999.79,3262999.79,3304189.506119635,new_observed,2098799956.48,3617090.776119635,1,
2201929,Bonfim do Piauí,2019,ok,ok,103826.59,103826.59,103826.59,new_observed,501921.69,501921.69,496130.2322930623,new_observed,1070863084.17,1044829.3518450549,1,
2201929,Bonfim do Piauí,2020,ok,ok,144288.55,144288.55,144288.55,new_observed,540366.33,540366.33,543728.2189908759,new_observed,1128020932.43,1172982.5445448207,1,
2201929,Bonfim do Piauí,2021,ok,ok,117860.44,117860.44,117860.44,new_observed,863146.64,863146.64,866893.3559376914,new_observed,1359727974.21,1336875.375431861,1,
2201929,Bonfim do Piauí,2022,ok,ok,263738.94,263738.94,263738.94,new_observed,979370.06,979370.06,999587.4076403262,new_observed,1371986319.82,1605340.084908315,1,
2201929,Bonfim do Piauí,2023,ok,ok,245074.87,245074.87,245074.87,new_observed,1759430.68,1759430.68,1754607.7189265261,new_observed,1656320035.19,2467873.3680369607,1,
2201929,Bonfim do Piauí,2024,ok,ok,350834.14,350834.14,350834.14,new_observed,2762880.31,2762880.31,2802271.956719059,new_observed,1908904705.44,3381624.7327430113,1,
2201929,Bonfim do Piauí,2025,ok,ok,221175.49,221175.49,221175.49,new_observed,2834688.68,2834688.68,2870471.7108094324,new_observed,2098799956.48,3091647.200809432,1,
2201945,Boqueirão do Piauí,2019,ok,ok,123166.97,123166.97,123166.97,new_observed,465768.03,465768.03,460393.7337686722,new_observed,1070863084.17,1016275.3872028374,1,
2201945,Boqueirão do Piauí,2020,ok,ok,150427.06,150427.06,150427.06,new_observed,471640.93,471640.93,474575.24393146473,new_observed,1128020932.43,1065550.7625012945,1,
2201945,Boqueirão do Piauí,2021,ok,ok,335542.85,335542.85,335542.85,new_observed,592245.71,592245.71,594816.5089093096,new_observed,1359727974.21,1263030.9447490838,1,
2201945,Boqueirão do Piauí,2022,ok,ok,366902.12,366902.12,366902.12,new_observed,836850.49,836850.49,854125.7753801835,new_observed,1371986319.82,1551590.3938094003,1,
2201945,Boqueirão do Piauí,2023,ok,ok,558793.21,558793.21,558793.21,new_observed,940383.18,940383.18,937805.3964460099,new_observed,1656320035.19,1847001.0510378266,1,
2201945,Boqueirão do Piauí,2024,ok,ok,470354.07,470354.07,470354.07,new_observed,2077177.98,2077177.98,2106793.25535761,new_observed,1908904705.44,2763923.847795691,2,
2201945,Boqueirão do Piauí,2025,ok,ok,1031872.18,1031872.18,1031872.18,new_observed,3104850.52,3104850.52,3144043.8757288707,new_observed,2098799956.48,4175916.055728871,1,
2201960,Brasileira,2019,ok,ok,159838.86,159838.86,159838.86,new_observed,998468.57,998468.57,986947.6721984693,new_observed,1070863084.17,1997137.434927407,1,
2201960,Brasileira,2020,ok,ok,348160.01,348160.01,348160.01,new_observed,1004190.34,1004190.34,1010437.9099564587,new_observed,1128020932.43,2316239.5409361906,1,
2201960,Brasileira,2021,ok,ok,473620.05,473620.05,473620.05,new_observed,1940313.19,1940313.19,1948735.6318148528,new_observed,1359727974.21,3288525.1876303875,1,
2201960,Brasileira,2022,ok,ok,378405.92,378405.92,378405.92,new_observed,2121536.72,2121536.72,2165332.060649843,new_observed,1371986319.82,3232390.865169805,1,
2201960,Brasileira,2023,ok,ok,6735306.45,6735306.45,6735306.45,new_observed,2483466.51,2483466.51,2476658.817920306,new_observed,1656320035.19,11368786.165301405,1,
2201960,Brasileira,2024,ok,ok,6732792.42,6732792.42,6732792.42,new_observed,3674281.19,3674281.19,3726667.0954115028,new_observed,1908904705.44,11217499.793376355,1,
2201960,Brasileira,2025,ok,ok,1459429.32,1459429.32,1459429.32,new_observed,3539546.67,3539546.67,3584227.3111009602,new_observed,2098799956.48,5043656.63110096,1,
2201988,Brejo do Piauí,2019,ok,ok,101648.57,101648.57,101648.57,new_observed,1227238.77,1227238.77,1213078.1916182025,new_observed,1070863084.17,2289606.6169306715,1,
2201988,Brejo do Piauí,2020,ok,ok,67467.65,67467.65,67467.65,new_observed,1279275.13,1279275.13,1287234.139910644,new_observed,1128020932.43,2309597.126476263,1,
2201988,Brejo do Piauí,2021,ok,ok,205074.09,205074.09,205074.09,new_observed,1533636.05,1533636.05,1540293.2022900826,new_observed,1359727974.21,2369463.884041157,1,
2201988,Brejo do Piauí,2022,ok,ok,264367.36,264367.36,264367.36,new_observed,1549005.24,1549005.24,1580981.6896719115,new_observed,1371986319.82,2344930.7501731887,1,
2201988,Brejo do Piauí,2023,ok,ok,646372.44,646372.44,646372.44,new_observed,2632862.35,2632862.35,2625645.133220613,new_observed,1656320035.19,4038103.3837149497,1,
2201988,Brejo do Piauí,2024,ok,ok,783085.93,783085.93,783085.93,new_observed,3515570.49,3515570.49,3565693.584459358,new_observed,1908904705.44,4663953.54683563,1,
2201988,Brejo do Piauí,2025,ok,ok,1277948.79,1277948.79,1277948.79,new_observed,3470805.28,3470805.28,3514618.1802115957,new_observed,2098799956.48,4792566.970211595,1,
2202000,Buriti dos Lopes,2019,ok,ok,1211324.2,1211324.2,1211324.2,new_observed,2095812.26,2095812.26,2071629.5870705405,new_observed,1070863084.17,5717288.894844268,4,
2202000,Buriti dos Lopes,2020,ok,ok,845245.68,845245.68,845245.68,new_observed,2158606.71,2158606.71,2172036.4811220826,new_observed,1128020932.43,5144088.729339693,1,
2202000,Buriti dos Lopes,2021,ok,ok,900065.67,900065.67,900065.67,new_observed,3294456.97,3294456.97,3308757.4305052245,new_observed,1359727974.21,5713785.50235132,1,
2202000,Buriti dos Lopes,2022,ok,ok,1265980.68,1265980.68,1265980.68,new_observed,2903359.89,2903359.89,2963294.575180298,new_observed,1371986319.82,5374244.833833506,3,
2202000,Buriti dos Lopes,2023,ok,ok,1746769.05,1746769.05,1746769.05,new_observed,3616196.11,3616196.11,3606283.373300093,new_observed,1656320035.19,6606376.225068692,1,
2202000,Buriti dos Lopes,2024,ok,ok,2790173.48,2790173.48,2790173.48,new_observed,4830417.47,4830417.47,4899286.938501808,new_observed,1908904705.44,8246747.408757107,1,
2202000,Buriti dos Lopes,2025,ok,ok,1913988.01,1913988.01,1913988.01,new_observed,5155259.03,5155259.03,5220335.23889822,new_observed,2098799956.48,7134323.248898219,1,
2202026,Buriti dos Montes,2019,ok,ok,154959.51,154959.51,154959.51,new_observed,1576862.43,1576862.43,1558667.6951340812,new_observed,1070863084.17,2984294.761748222,1,
2202026,Buriti dos Montes,2020,ok,ok,171870.53,171870.53,171870.53,new_observed,1547758.49,1547758.49,1557387.8690696873,new_observed,1128020932.43,2948169.3012967305,1,
2202026,Buriti dos Montes,2021,ok,ok,190236.78,190236.78,190236.78,new_observed,1939782.95,1939782.95,1948203.0901681024,new_observed,1359727974.21,2903088.686799365,1,
2202026,Buriti dos Montes,2022,ok,ok,565192.66,565192.66,565192.66,new_observed,2730168.89,2730168.89,2786528.3559672697,new_observed,1371986319.82,4259114.923402019,1,
2202026,Buriti dos Montes,2023,ok,ok,551962.79,551962.79,551962.79,new_observed,3227273.23,3227273.23,3218426.6108414927,new_observed,1656320035.19,4653160.277032065,1,
2202026,Buriti dos Montes,2024,ok,ok,1152413.21,1152413.21,1152413.21,new_observed,3921716.81,3921716.81,3977630.5180794196,new_observed,1908904705.44,5501839.208321514,1,
2202026,Buriti dos Montes,2025,ok,ok,595227.86,595227.86,595227.86,new_observed,4258028.5,4258028.5,4311778.728756317,new_observed,2098799956.48,4907006.588756317,1,
2202059,Cabeceiras do Piauí,2019,ok,ok,185755.78,185755.78,185755.78,new_observed,818061.5,818061.5,808622.2414994878,new_observed,1070863084.17,1731716.8587588407,1,
2202059,Cabeceiras do Piauí,2020,ok,ok,149782.47,149782.47,149782.47,new_observed,869941.76,869941.76,875354.1024485888,new_observed,1128020932.43,1747729.6476659684,4,
2202059,Cabeceiras do Piauí,2021,ok,ok,216206.42,216206.42,216206.42,new_observed,1120081.53,1120081.53,1124943.5396811876,new_observed,1359727974.21,1820709.2607873115,1,
2202059,Cabeceiras do Piauí,2022,ok,ok,551582.92,551582.92,551582.92,new_observed,1403926.46,1403926.46,1432908.0170870856,new_observed,1371986319.82,2521741.7933170246,1,
2202059,Cabeceiras do Piauí,2023,ok,ok,293284.02,293284.02,293284.02,new_observed,1735322.73,1735322.73,1730565.8537718873,new_observed,1656320035.19,2497699.0008538403,1,
2202059,Cabeceiras do Piauí,2024,ok,ok,506737.99,506737.99,506737.99,new_observed,3064308.38,3064308.38,3107997.624411464,new_observed,1908904705.44,3876710.450289024,1,
2202059,Cabeceiras do Piauí,2025,ok,ok,699022.87,699022.87,699022.87,new_observed,3065442.65,3065442.65,3104138.5496814772,new_observed,2098799956.48,3803161.4196814774,1,
2202075,Cajazeiras do Piauí,2019,ok,ok,151888.69,151888.69,151888.69,new_observed,431107.03,431107.03,426132.6720849067,new_observed,1070863084.17,1006628.5816894403,1,
2202075,Cajazeiras do Piauí,2020,ok,ok,2619.83,2619.83,2619.83,new_observed,438702.57,438702.57,441431.9579327233,new_observed,1128020932.43,757052.7632385516,1,
2202075,Cajazeiras do Piauí,2021,ok,ok,188538.97,188538.97,188538.97,new_observed,720489.58,720489.58,723617.055294727,new_observed,1359727974.21,1238318.5866342983,1,
2202075,Cajazeiras do Piauí,2022,ok,ok,277583.12,277583.12,277583.12,new_observed,538931.46,538931.46,550056.7385092578,new_observed,1371986319.82,1051702.4703984305,1,
2202075,Cajazeiras do Piauí,2023,ok,ok,332131.63,332131.63,332131.63,new_observed,1022529.32,1022529.32,1019726.3569944636,new_observed,1656320035.19,1668371.9416003146,1,
2202075,Cajazeiras do Piauí,2024,ok,ok,489582.82,489582.82,489582.82,new_observed,1783137.6,1783137.6,1808560.6073363805,new_observed,1908904705.44,2464699.3836832917,1,
2202075,Cajazeiras do Piauí,2025,ok,ok,365084.33,365084.33,365084.33,new_observed,2368529.86,2368529.86,2398428.443767386,new_observed,2098799956.48,2763512.773767386,1,
2202083,Cajueiro da Praia,2019,ok,ok,165112.76,165112.76,165112.76,new_observed,1078291.36,1078291.36,1065849.421483264,new_observed,1070863084.17,2143729.9659485947,1,
2202083,Cajueiro da Praia,2020,ok,ok,224971.6,224971.6,224971.6,new_observed,1189844.59,1189844.59,1197247.2078277508,new_observed,1128020932.43,2424705.1980319098,1,
2202083,Cajueiro da Praia,2021,ok,ok,944803.54,944803.54,944803.54,new_observed,1789095.86,1789095.86,1796861.903059288,new_observed,1359727974.21,3722011.566361465,1,
2202083,Cajueiro da Praia,2022,ok,ok,2161826.09,2161826.09,2161826.09,new_observed,1807471.69,1807471.69,1844783.718414242,new_observed,1371986319.82,5091298.3347873725,1,
2202083,Cajueiro da Praia,2023,ok,ok,2072658.42,2072658.42,2072658.42,new_observed,3018922.84,3018922.84,3010647.3520784513,new_observed,1656320035.19,6273473.103166527,1,
2202083,Cajueiro da Praia,2024,ok,ok,2968074.64,2968074.64,2968074.64,new_observed,3497706.76,3497706.76,3547575.1631002356,new_observed,1908904705.44,6987865.884685156,1,
2202083,Cajueiro da Praia,2025,ok,ok,4060468.37,4060468.37,4060468.37,new_observed,3626066.81,3626066.81,3671839.617890597,new_observed,2098799956.48,7732307.987890597,1,
2202091,Caldeirão Grande do Piauí,2019,ok,ok,284510.17,284510.17,284510.17,new_observed,5049696.47,5049696.47,4991430.202330083,new_observed,1070863084.17,9188090.133763183,1,
2202091,Caldeirão Grande do Piauí,2020,ok,ok,797996.96,797996.96,797996.96,new_observed,8491048.49,8491048.49,8543875.546118623,new_observed,1128020932.43,15926724.284805387,1,
2202091,Caldeirão Grande do Piauí,2021,ok,ok,1124825.25,1124825.25,1124825.25,new_observed,13202662.43,13202662.43,13259972.072943682,new_observed,1359727974.21,19528415.52980249,1,
2202091,Caldeirão Grande do Piauí,2022,ok,ok,4191832.9,4191832.9,4191832.9,new_observed,13565584.38,13565584.38,13845621.667799711,new_observed,1371986319.82,22920640.340864174,1,
2202091,Caldeirão Grande do Piauí,2023,ok,ok,3159285.92,3159285.92,3159285.92,new_observed,16905294.19,16905294.19,16858953.30442786,new_observed,1656320035.19,24705160.57424829,1,
2202091,Caldeirão Grande do Piauí,2024,ok,ok,2301079.11,2301079.11,2301079.11,new_observed,16278404.55,16278404.55,16510493.199972508,new_observed,1908904705.44,20174924.735764317,1,
2202091,Caldeirão Grande do Piauí,2025,ok,ok,1739681.42,1739681.42,1739681.42,new_observed,16917249.42,16917249.42,17130800.368814148,new_observed,2098799956.48,18870481.78881415,1,
2202109,Campinas do Piauí,2019,ok,ok,32885.09,32885.09,32885.09,new_observed,669887.66,669887.66,662158.1154742605,new_observed,1070863084.17,1210423.0086165292,1,
2202109,Campinas do Piauí,2020,ok,ok,136625.33,136625.33,136625.33,new_observed,764254.11,764254.11,769008.9167597784,new_observed,1128020932.43,1543993.12788451,1,
2202109,Campinas do Piauí,2021,ok,ok,160808.22,160808.22,160808.22,new_observed,886408.3,886408.3,890255.9893160494,new_observed,1359727974.21,1426896.6164221761,1,
2202109,Campinas do Piauí,2022,ok,ok,338039.29,338039.29,338039.29,new_observed,721449.67,721449.67,736342.7113324956,new_observed,1371986319.82,1365243.823549318,1,
2202109,Campinas do Piauí,2023,ok,ok,218136.04,218136.04,218136.04,new_observed,1087770.22,1087770.22,1084788.4182799435,new_observed,1656320035.19,1607981.4811405558,1,
2202109,Campinas do Piauí,2024,ok,ok,219355.12,219355.12,219355.12,new_observed,1394242.85,1394242.85,1414121.2072306736,new_observed,1908904705.44,1751861.1106239702,1,
2202109,Campinas do Piauí,2025,ok,ok,568324.95,568324.95,568324.95,new_observed,2616441.26,2616441.26,2649469.295451727,new_observed,2098799956.48,3217794.245451727,1,
2202117,Campo Alegre do Fidalgo,2019,ok,ok,89827.25,89827.25,89827.25,new_observed,599129.91,599129.91,592216.8086061823,new_observed,1070863084.17,1187784.8958523436,1,
2202117,Campo Alegre do Fidalgo,2020,ok,ok,108833.96,108833.96,108833.96,new_observed,591897.12,591897.12,595579.6077883475,new_observed,1128020932.43,1200937.0358344112,1,
2202117,Campo Alegre do Fidalgo,2021,ok,ok,81531.93,81531.93,81531.93,new_observed,747756.56,747756.56,751002.3948223023,new_observed,1359727974.21,1130226.2988455128,1,
2202117,Campo Alegre do Fidalgo,2022,ok,ok,178295.87,178295.87,178295.87,new_observed,650552.96,650552.96,663982.4652380539,new_observed,1371986319.82,1070303.9454002203,1,
2202117,Campo Alegre do Fidalgo,2023,ok,ok,280045.53,280045.53,280045.53,new_observed,792749.04,792749.04,790575.9519639577,new_observed,1656320035.19,1321288.8171444666,1,
2202117,Campo Alegre do Fidalgo,2024,ok,ok,442462.77,442462.77,442462.77,new_observed,2026800.35,2026800.35,2055697.3684731836,new_observed,1908904705.44,2679212.132888253,1,
2202117,Campo Alegre do Fidalgo,2025,ok,ok,733435.0,733435.0,733435.0,new_observed,2222211.51,2222211.51,2250263.0782333785,new_observed,2098799956.48,2983698.0782333785,1,
2202133,Campo Grande do Piauí,2019,ok,ok,104579.8,104579.8,104579.8,new_observed,690278.7,690278.7,682313.8720662841,new_observed,1070863084.17,1370381.292129692,1,
2202133,Campo Grande do Piauí,2020,ok,ok,137089.92,137089.92,137089.92,new_observed,658896.49,658896.49,662995.8143525327,new_observed,1128020932.43,1364046.1146191787,1,
2202133,Campo Grande do Piauí,2021,ok,ok,93960.77,93960.77,93960.77,new_observed,726606.21,726606.21,729760.2361425712,new_observed,1359727974.21,1118261.57348231,3,
2202133,Campo Grande do Piauí,2022,ok,ok,190536.91,190536.91,190536.91,new_observed,742883.34,742883.34,758218.8412108361,new_observed,1371986319.82,1205607.4355220217,2,
2202133,Campo Grande do Piauí,2023,ok,ok,186338.57,186338.57,186338.57,new_observed,1004463.05,1004463.05,1001709.6103533226,new_observed,1656320035.19,1466208.9275941905,1,
2202133,Campo Grande do Piauí,2024,ok,ok,178586.33,178586.33,178586.33,new_observed,2053885.51,2053885.51,2083168.6939723503,new_observed,1908904705.44,2425673.7622717973,4,
2202133,Campo Grande do Piauí,2025,ok,ok,287787.17,287787.17,287787.17,new_observed,3072930.73,3072930.73,3111721.153711306,new_observed,2098799956.48,3399508.323711306,1,
2202174,Campo Largo do Piauí,2019,ok,ok,161314.62,161314.62,161314.62,new_observed,510179.94,510179.94,504293.1939113063,new_observed,1070863084.17,1159161.0511801925,1,
2202174,Campo Largo do Piauí,2020,ok,ok,214618.52,214618.52,214618.52,new_observed,541795.37,541795.37,545166.1497628889,new_observed,1128020932.43,1295337.8397328546,1,
2202174,Campo Largo do Piauí,2021,ok,ok,252411.26,252411.26,252411.26,new_observed,695832.55,695832.55,698852.9949443833,new_observed,1359727974.21,1291410.8716410047,1,
2202174,Campo Largo do Piauí,2022,ok,ok,302777.2,302777.2,302777.2,new_observed,955110.28,955110.28,974826.8277629664,new_observed,1371986319.82,1623483.086725054,3,
2202174,Campo Largo do Piauí,2023,ok,ok,649231.16,649231.16,649231.16,new_observed,994098.89,994098.89,991373.860645815,new_observed,1656320035.19,2024724.053877482,1,
2202174,Campo Largo do Piauí,2024,ok,ok,840880.51,840880.51,840880.51,new_observed,2636769.72,2636769.72,2674363.350427571,new_observed,1908904705.44,3770008.1175238825,1,
2202174,Campo Largo do Piauí,2025,ok,ok,657435.66,657435.66,657435.66,new_observed,2871576.73,2871576.73,2907825.4084972944,new_observed,2098799956.48,3565261.0684972946,1,
2202208,Campo Maior,2019,ok,ok,2767972.08,2767972.08,2767972.08,new_observed,17316080.86,17316080.86,17116278.078114636,new_observed,1070863084.17,34628572.31162464,1,
2202208,Campo Maior,2020,ok,ok,3681188.58,3681188.58,3681188.58,new_observed,13372678.65,13372678.65,13455876.766973639,new_observed,1128020932.43,29216553.175305795,1,
2202208,Campo Maior,2021,ok,ok,3890280.92,3890280.92,3890280.92,new_observed,14746856.85,14746856.85,14810869.47662709,new_observed,1359727974.21,25388180.843407933,1,
2202208,Campo Maior,2022,ok,ok,4302191.94,4302191.94,4302191.94,new_observed,10880420.04,10880420.04,11105026.900476674,new_observed,1371986319.82,19578334.646285415,1,
2202208,Campo Maior,2023,ok,ok,4915134.21,4915134.21,4915134.21,new_observed,12398693.06,12398693.06,12364705.694274213,new_observed,1656320035.19,21325612.844683096,1,
2202208,Campo Maior,2024,ok,ok,5032393.63,5032393.63,5032393.63,new_observed,10460064.89,10460064.89,10609198.813505111,new_observed,1908904705.44,16775203.321411077,1,
2202208,Campo Maior,2025,ok,ok,6583486.23,6583486.23,6583486.23,new_observed,13095790.29,13095790.29,13261101.941585293,new_observed,2098799956.48,19844588.17158529,1,
2202251,Canavieira,2019,ok,ok,165418.41,165418.41,165418.41,new_observed,1049923.64,1049923.64,1037809.0243583167,new_observed,1070863084.17,2095429.6936866846,1,
2202251,Canavieira,2020,ok,ok,120005.36,120005.36,120005.36,new_observed,1234201.11,1234201.11,1241879.6919061597,new_observed,1128020932.43,2321843.689806385,1,
2202251,Canavieira,2021,ok,ok,76604.81,76604.81,76604.81,new_observed,1458069.47,1458069.47,1464398.6055933568,new_observed,1359727974.21,2092024.959194471,1,
2202251,Canavieira,2022,ok,ok,138381.81,138381.81,138381.81,new_observed,1718572.21,1718572.21,1754049.067251051,new_observed,1371986319.82,2404758.794783126,1,
2202251,Canavieira,2023,ok,ok,158477.86,158477.86,158477.86,new_observed,2076164.62,2076164.62,2070473.426105175,new_observed,1656320035.19,2750821.329390895,1,
2202251,Canavieira,2024,ok,ok,429301.16,429301.16,429301.16,new_observed,2614556.88,2614556.88,2651833.8118204176,new_observed,1908904705.44,3304437.5628428836,1,
2202251,Canavieira,2025,ok,ok,513509.83,513509.83,513509.83,new_observed,2256446.58,2256446.58,2284930.3066475345,new_observed,2098799956.48,2798440.1366475346,1,
2202307,Canto do Buriti,2019,ok,ok,638632.32,638632.32,638632.32,new_observed,6930960.32,6930960.32,6850986.960885468,new_observed,1070863084.17,13043228.725868726,1,
2202307,Canto do Buriti,2020,ok,ok,537938.99,537938.99,537938.99,new_observed,7474815.92,7474815.92,7521320.485431143,new_observed,1128020932.43,13740029.477048319,1,
2202307,Canto do Buriti,2021,ok,ok,600683.14,600683.14,600683.14,new_observed,8883623.58,8883623.58,8922185.294208419,new_observed,1359727974.21,12927991.103652598,1,
2202307,Canto do Buriti,2022,ok,ok,755470.07,755470.07,755470.07,new_observed,9119722.27,9119722.27,9307982.666193666,new_observed,1371986319.82,12787878.682469638,1,
2202307,Canto do Buriti,2023,ok,ok,1242765.09,1242765.09,1242765.09,new_observed,9886882.01,9886882.01,9859780.034563117,new_observed,1656320035.19,13702012.300385466,1,
2202307,Canto do Buriti,2024,ok,ok,2563378.51,2563378.51,2563378.51,new_observed,9693249.31,9693249.31,9831450.393484244,new_observed,1908904705.44,13293133.40320335,1,
2202307,Canto do Buriti,2025,ok,ok,3501640.32,3501640.32,3501640.32,new_observed,10676636.75,10676636.75,10811410.781611249,new_observed,2098799956.48,14313051.10161125,1,
2202406,Capitão de Campos,2019,ok,ok,144500.4,144500.4,144500.4,new_observed,1069031.16,1069031.16,1056696.0709335392,new_observed,1070863084.17,2091892.7554939978,1,
2202406,Capitão de Campos,2020,ok,ok,259253.79,259253.79,259253.79,new_observed,1245260.69,1245260.69,1253008.0790804438,new_observed,1128020932.43,2578217.3562627356,1,
2202406,Capitão de Campos,2021,ok,ok,413706.8,413706.8,413706.8,new_observed,1474968.11,1474968.11,1481370.598603007,new_observed,1359727974.21,2572706.3141883346,1,
2202406,Capitão de Campos,2022,ok,ok,308123.16,308123.16,308123.16,new_observed,1845616.69,1845616.69,1883716.1538865292,new_observed,1371986319.82,2785224.5121240485,1,
2202406,Capitão de Campos,2023,ok,ok,413835.74,413835.74,413835.74,new_observed,2285671.34,2285671.34,2279405.8451300487,new_observed,1656320035.19,3323817.098992759,4,
2202406,Capitão de Campos,2024,ok,ok,153884.84,153884.84,153884.84,new_observed,2820865.64,2820865.64,2861084.010057736,new_observed,1908904705.44,3233476.1086580115,4,
2202406,Capitão de Campos,2025,ok,ok,673897.62,673897.62,673897.62,new_observed,2879895.08,2879895.08,2916248.763246646,new_observed,2098799956.48,3590146.3832466463,1,
2202455,Capitão Gervásio Oliveira,2019,ok,ok,792827.9,792827.9,792827.9,new_observed,768807.53,768807.53,759936.5917969305,new_observed,1070863084.17,2704151.1276285113,1,
2202455,Capitão Gervásio Oliveira,2020,ok,ok,810026.74,810026.74,810026.74,new_observed,825938.11,825938.11,831076.6837507995,new_observed,1128020932.43,2797876.093450214,1,
2202455,Capitão Gervásio Oliveira,2021,ok,ok,665760.83,665760.83,665760.83,new_observed,976514.68,976514.68,980753.4998544636,new_observed,1359727974.21,2235263.7501459313,1,
2202455,Capitão Gervásio Oliveira,2022,ok,ok,1107609.54,1107609.54,1107609.54,new_observed,1301117.93,1301117.93,1327977.1884011312,new_observed,1371986319.82,3094960.389828118,1,
2202455,Capitão Gervásio Oliveira,2023,ok,absent_dca,,,1736605.826671896,imputed_temporal,,,1908883.1948458462,imputed_temporal,1656320035.19,4499016.65369019,1,
2202455,Capitão Gervásio Oliveira,2024,ok,ok,2523418.99,2523418.99,2523418.99,new_observed,2515030.33,2515030.33,2550888.2663313346,new_observed,1908904705.44,5442063.284011426,1,
2202455,Capitão Gervásio Oliveira,2025,ok,ok,1259357.42,1259357.42,1259357.42,new_observed,2851618.18,2851618.18,2887614.9164005835,new_observed,2098799956.48,4146972.3364005834,1,
2202505,Caracol,2019,ok,ok,234967.33,234967.33,234967.33,new_observed,924807.71,924807.71,914136.753063441,new_observed,1070863084.17,2001173.467318641,1,
2202505,Caracol,2020,ok,ok,1897813.48,1897813.48,1897813.48,new_observed,1648945.72,1648945.72,1659204.6353965607,new_observed,1128020932.43,6064271.029483019,1,
2202505,Caracol,2021,ok,ok,1303491.4,1303491.4,1303491.4,new_observed,2410328.05,2410328.05,2420790.7154400223,new_observed,1359727974.21,5055985.640098083,1,
2202505,Caracol,2022,ok,ok,403319.17,403319.17,403319.17,new_observed,2701561.96,2701561.96,2757330.8869337076,new_observed,1371986319.82,4016316.3225722513,1,
2202505,Caracol,2023,ok,ok,1018544.54,1018544.54,1018544.54,new_observed,2993180.97,2993180.97,2984976.045834319,new_observed,1656320035.19,4940875.060312521,1,
2202505,Caracol,2024,ok,ok,921965.76,921965.76,921965.76,new_observed,3734980.28,3734980.28,3788231.6000661994,new_observed,1908904705.44,5051564.838073348,1,
2202505,Caracol,2025,ok,ok,655285.68,655285.68,655285.68,new_observed,3769881.05,3769881.05,3817469.2633765903,new_observed,2098799956.48,4472754.9433765905,1,
2202539,Caraúbas do Piauí,2019,ok,ok,111084.17,111084.17,111084.17,new_observed,357164.7,357164.7,353043.53071070096,new_observed,1070863084.17,808281.9074436998,1,
2202539,Caraúbas do Piauí,2020,ok,ok,117380.26,117380.26,117380.26,new_observed,581374.93,581374.93,584991.9539858177,new_observed,1128020932.43,1197456.782902321,1,
2202539,Caraúbas do Piauí,2021,ok,ok,319483.48,319483.48,319483.48,new_observed,725567.54,725567.54,728717.0575211359,new_observed,1359727974.21,1423008.9723006387,1,
2202539,Caraúbas do Piauí,2022,ok,ok,268493.0,268493.0,268493.0,new_observed,805073.91,805073.91,821693.2245771954,new_observed,1371986319.82,1385326.641526593,2,
2202539,Caraúbas do Piauí,2023,ok,ok,286756.72,286756.72,286756.72,new_observed,1654467.57,1654467.57,1649932.334381945,new_observed,1656320035.19,2390130.996761656,1,
2202539,Caraúbas do Piauí,2024,ok,ok,514907.87,514907.87,514907.87,new_observed,2606979.95,2606979.95,2644148.854068114,new_observed,1908904705.44,3388006.6266601994,1,
2202539,Caraúbas do Piauí,2025,ok,ok,523147.33,523147.33,523147.33,new_observed,2788514.31,2788514.31,2823714.4694288913,new_observed,2098799956.48,3346861.7994288914,1,
2202554,Caridade do Piauí,2019,ok,ok,250810.92,250810.92,250810.92,new_observed,534184.47,534184.47,528020.7460021231,new_observed,1070863084.17,1356341.2474838232,1,
2202554,Caridade do Piauí,2020,ok,ok,358516.14,358516.14,358516.14,new_observed,1384762.0,1384762.0,1393377.2964467334,new_observed,1128020932.43,2986759.209181296,1,
2202554,Caridade do Piauí,2021,ok,ok,199761.91,199761.91,199761.91,new_observed,1412593.2,1412593.2,1418724.933833679,new_observed,1359727974.21,2197214.3858774044,1,
2202554,Caridade do Piauí,2022,ok,ok,181532.19,181532.19,181532.19,new_observed,1139525.28,1139525.28,1163048.7464317798,new_observed,1371986319.82,1708592.3037140921,1,
2202554,Caridade do Piauí,2023,ok,ok,545796.73,545796.73,545796.73,new_observed,1392858.92,1392858.92,1389040.8074546389,new_observed,1656320035.19,2387845.9794590743,1,
2202554,Caridade do Piauí,2024,ok,ok,968018.88,968018.88,968018.88,new_observed,4403359.43,4403359.43,4466140.136936812,new_observed,1908904705.44,5827994.989592413,1,
2202554,Caridade do Piauí,2025,ok,ok,256892.39,256892.39,256892.39,new_observed,2147484.2,2147484.2,2174592.465480275,new_observed,2098799956.48,2431484.855480275,1,
2202604,Castelo do Piauí,2019,ok,ok,545994.29,545994.29,545994.29,new_observed,4762206.27,4762206.27,4707257.2276415825,new_observed,1070863084.17,9148577.321411643,1,
2202604,Castelo do Piauí,2020,ok,ok,681284.13,681284.13,681284.13,new_observed,3519157.99,3519157.99,3541052.430580215,new_observed,1128020932.43,7198555.7706947215,1,
2202604,Castelo do Piauí,2021,ok,ok,613009.04,613009.04,613009.04,new_observed,4729786.65,4729786.65,4750317.538034779,new_observed,1359727974.21,7281108.498542513,1,
2202604,Castelo do Piauí,2022,ok,ok,1117625.21,1117625.21,1117625.21,new_observed,4333662.76,4333662.76,4423123.496194912,new_observed,1371986319.82,7040766.6356935315,1,
2202604,Castelo do Piauí,2023,ok,ok,1238032.28,1238032.28,1238032.28,new_observed,4894613.87,4894613.87,4881196.72749303,new_observed,1656320035.19,7551939.684896742,1,
2202604,Castelo do Piauí,2024,ok,ok,1883002.5,1883002.5,1883002.5,new_observed,6026901.98,6026901.98,6112830.274739108,new_observed,1908904705.44,8575323.836413268,1,
2202604,Castelo do Piauí,2025,ok,ok,1913054.14,1913054.14,1913054.14,new_observed,6143838.1,6143838.1,6221393.4060099935,new_observed,2098799956.48,8134447.546009993,1,
2202653,Caxingó,2019,ok,ok,104354.66,104354.66,104354.66,new_observed,545047.6,545047.6,538758.5310345447,new_observed,1070863084.17,1119986.4950004725,1,
2202653,Caxingó,2020,ok,ok,97781.49,97781.49,97781.49,new_observed,556311.56,556311.56,559772.652235449,new_observed,1128020932.43,1121047.5757249347,1,
2202653,Caxingó,2021,ok,ok,89230.61,89230.61,89230.61,new_observed,642794.74,642794.74,645584.9603234228,new_observed,1359727974.21,997565.9352639448,1,
2202653,Caxingó,2022,ok,ok,197637.44,197637.44,197637.44,new_observed,572156.88,572156.88,583968.0380292381,new_observed,1371986319.82,993205.442764573,1,
2202653,Caxingó,2023,ok,ok,230974.93,230974.93,230974.93,new_observed,842381.69,842381.69,840072.54867033,new_observed,1656320035.19,1321814.553545008,1,
2202653,Caxingó,2024,ok,ok,447798.29,447798.29,447798.29,new_observed,1278832.07,1278832.07,1297064.9630182441,new_observed,1908904705.44,1871320.7074765463,1,
2202653,Caxingó,2025,ok,ok,403712.32,403712.32,403712.32,new_observed,1768216.87,1768216.87,1790537.542877901,new_observed,2098799956.48,2194249.862877901,1,
2202703,Cocal,2019,ok,ok,799248.17,799248.17,799248.17,new_observed,2651113.72,2651113.72,2620523.6632410223,new_observed,1070863084.17,5955558.558908831,1,
2202703,Cocal,2020,ok,ok,1374758.6,1374758.6,1374758.6,new_observed,3475919.08,3475919.08,3497544.5097121503,new_observed,1128020932.43,8306667.449117931,1,
2202703,Cocal,2021,ok,ok,1205085.91,1205085.91,1205085.91,new_observed,3942899.91,3942899.91,3960015.1083323704,new_observed,1359727974.21,7012002.788424371,1,
2202703,Cocal,2022,ok,ok,1422946.84,1422946.84,1422946.84,new_observed,3324802.96,3324802.96,3393437.5854835534,new_observed,1371986319.82,6120299.000332545,1,
2202703,Cocal,2023,ok,ok,1834364.95,1834364.95,1834364.95,new_observed,4940238.8,4940238.8,4926696.590183546,new_observed,1656320035.19,8344046.103654402,3,
2202703,Cocal,2024,ok,ok,1812175.41,1812175.41,1812175.41,new_observed,6418434.78,6418434.78,6509945.33672878,new_observed,1908904705.44,8925259.246840766,1,
2202703,Cocal,2025,ok,ok,2459538.54,2459538.54,2459538.54,new_observed,5840373.34,5840373.34,5914097.92945432,new_observed,2098799956.48,8373636.46945432,1,
2202711,Cocal de Telha,2019,ok,ok,125416.71,125416.71,125416.71,new_observed,440056.65,440056.65,434979.02628317743,new_observed,1070863084.17,975933.4208078647,2,
2202711,Cocal de Telha,2020,ok,ok,339379.67,339379.67,339379.67,new_observed,469102.81,469102.81,472021.33301850106,new_observed,1128020932.43,1383337.232554404,3,
2202711,Cocal de Telha,2021,ok,ok,318064.7,318064.7,318064.7,new_observed,1182035.0,1182035.0,1187165.9350788982,new_observed,1359727974.21,2043460.7905892916,1,
2202711,Cocal de Telha,2022,ok,ok,369220.73,369220.73,369220.73,new_observed,847310.32,847310.32,864801.5299096393,new_observed,1371986319.82,1568102.6547117468,1,
2202711,Cocal de Telha,2023,ok,ok,457050.6,457050.6,457050.6,new_observed,1378114.09,1378114.09,1374336.396063871,new_observed,1656320035.19,2260174.2992529003,1,
2202711,Cocal de Telha,2024,ok,ok,956763.01,956763.01,956763.01,new_observed,2380313.51,2380313.51,2414250.7270872374,new_observed,1908904705.44,3615325.040794636,1,
2202711,Cocal de Telha,2025,ok,ok,610054.16,610054.16,610054.16,new_observed,2873645.71,2873645.71,2909920.505783332,new_observed,2098799956.48,3519974.665783332,1,
2202729,Cocal dos Alves,2019,ok,ok,112812.05,112812.05,112812.05,new_observed,515357.5,515357.5,509411.012281561,new_observed,1070863084.17,1083606.1774944272,4,
2202729,Cocal dos Alves,2020,ok,ok,105548.28,105548.28,105548.28,new_observed,544600.19,544600.19,547988.4199498377,new_observed,1128020932.43,1114198.3390680288,1,
2202729,Cocal dos Alves,2021,ok,ok,116717.06,116717.06,116717.06,new_observed,1284517.72,1284517.72,1290093.5083895267,new_observed,1359727974.21,1909848.3443634866,1,
2202729,Cocal dos Alves,2022,ok,ok,132164.75,132164.75,132164.75,new_observed,1378669.89,1378669.89,1407130.0702585024,new_observed,1371986319.82,1956020.0593206044,1,
2202729,Cocal dos Alves,2023,ok,ok,184452.43,184452.43,184452.43,new_observed,1230467.73,1230467.73,1227094.7650793497,new_observed,1656320035.19,1742036.3360435267,1,
2202729,Cocal dos Alves,2024,ok,ok,209920.48,209920.48,209920.48,new_observed,2898513.87,2898513.87,2939839.3063441217,new_observed,1908904705.44,3378035.9014191628,1,
2202729,Cocal dos Alves,2025,ok,ok,461108.16,461108.16,461108.16,new_observed,3211576.26,3211576.26,3252116.843193221,new_observed,2098799956.48,3713225.003193221,1,
2202737,Coivaras,2019,ok,ok,113930.87,113930.87,113930.87,new_observed,458142.96,458142.96,452856.6461597449,new_observed,1070863084.17,987064.7538928782,3,
2202737,Coivaras,2020,ok,ok,31668.91,31668.91,31668.91,new_observed,469242.91,469242.91,472162.304650617,new_observed,1128020932.43,858969.2094987669,2,
2202737,Coivaras,2021,ok,ok,222738.57,222738.57,222738.57,new_observed,562843.52,562843.52,565286.6909388456,new_observed,1359727974.21,1069801.9859514888,1,
2202737,Coivaras,2022,ok,ok,390175.18,390175.18,390175.18,new_observed,595414.96,595414.96,607706.2395971839,new_observed,1371986319.82,1268032.6392754463,1,
2202737,Coivaras,2023,ok,ok,375253.97,375253.97,375253.97,new_observed,717712.19,717712.19,715744.7933905878,new_observed,1656320035.19,1346437.0833864457,1,
2202737,Coivaras,2024,ok,ok,967661.18,967661.18,967661.18,new_observed,2244282.14,2244282.14,2276279.895703277,new_observed,1908904705.44,3479042.8982309555,1,
2202737,Coivaras,2025,ok,ok,537956.93,537956.93,537956.93,new_observed,3160664.11,3160664.11,3200562.015552859,new_observed,2098799956.48,3738518.945552859,1,
2202752,Colônia do Gurguéia,2019,ok,ok,157406.44,157406.44,157406.44,new_observed,903220.96,903220.96,892799.0832529328,new_observed,1070863084.17,1828940.8760626856,1,
2202752,Colônia do Gurguéia,2020,ok,ok,577695.28,577695.28,577695.28,new_observed,878957.59,878957.59,884426.0244327446,new_observed,1128020932.43,2492733.964351176,1,
2202752,Colônia do Gurguéia,2021,ok,ok,440400.25,440400.25,440400.25,new_observed,1075677.85,1075677.85,1080347.1137816636,new_observed,1359727974.21,2064525.8858400607,1,
2202752,Colônia do Gurguéia,2022,ok,ok,228493.6,228493.6,228493.6,new_observed,991632.92,991632.92,1012103.4125074305,new_observed,1371986319.82,1576457.3557067066,1,
2202752,Colônia do Gurguéia,2023,ok,ok,605510.53,605510.53,605510.53,new_observed,1182209.2,1182209.2,1178968.5216276627,new_observed,1656320035.19,2202283.678279089,1,
2202752,Colônia do Gurguéia,2024,ok,ok,790699.4,790699.4,790699.4,new_observed,2565813.07,2565813.07,2602395.039054093,new_observed,1908904705.44,3639006.0225304365,1,
2202752,Colônia do Gurguéia,2025,ok,ok,524658.06,524658.06,524658.06,new_observed,3549636.03,3549636.03,3594444.0317816143,new_observed,2098799956.48,4119102.0917816143,1,
2202778,Colônia do Piauí,2019,ok,ok,213785.6,213785.6,213785.6,new_observed,908526.39,908526.39,898043.2961864576,new_observed,1070863084.17,1936258.4469414616,1,
2202778,Colônia do Piauí,2020,ok,ok,165750.23,165750.23,165750.23,new_observed,932857.14,932857.14,938660.910469981,new_observed,1128020932.43,1882882.8716953923,1,
2202778,Colônia do Piauí,2021,ok,ok,120184.19,120184.19,120184.19,new_observed,1133821.56,1133821.56,1138743.2119099814,new_observed,1359727974.21,1709086.1187971036,1,
2202778,Colônia do Piauí,2022,ok,ok,291758.7,291758.7,291758.7,new_observed,938701.45,938701.45,958079.2667418434,new_observed,1371986319.82,1588200.0651681337,1,
2202778,Colônia do Piauí,2023,ok,ok,287610.88,287610.88,287610.88,new_observed,2169012.0,2169012.0,2163066.292355583,new_observed,1656320035.19,3024460.462277239,1,
2202778,Colônia do Piauí,2024,ok,ok,588869.13,588869.13,588869.13,new_observed,2774993.74,2774993.74,2814558.093424228,new_observed,1908904705.44,3650087.6665069927,1,
2202778,Colônia do Piauí,2025,ok,ok,398527.36,398527.36,398527.36,new_observed,2997117.68,2997117.68,3034951.0953727723,new_observed,2098799956.48,3433478.455372772,1,
2202802,Conceição do Canindé,2019,ok,ok,123388.05,123388.05,123388.05,new_observed,837243.87,837243.87,827583.274412872,new_observed,1070863084.17,1656123.7668936567,1,
2202802,Conceição do Canindé,2020,ok,ok,137160.6,137160.6,137160.6,new_observed,785154.71,785154.71,790039.549837603,new_observed,1128020932.43,1580760.295499823,1,
2202802,Conceição do Canindé,2021,ok,ok,235424.85,235424.85,235424.85,new_observed,955600.26,955600.26,959748.2952912037,new_observed,1359727974.21,1622535.0477535545,1,
2202802,Conceição do Canindé,2022,ok,ok,206616.1,206616.1,206616.1,new_observed,1209560.81,1209560.81,1234530.0350015122,new_observed,1371986319.82,1831300.0936376324,1,
2202802,Conceição do Canindé,2023,ok,ok,299231.79,299231.79,299231.79,new_observed,2117264.6,2117264.6,2111460.742613562,new_observed,1656320035.19,2975114.116964077,1,
2202802,Conceição do Canindé,2024,ok,ok,678770.38,678770.38,678770.38,new_observed,3159262.58,3159262.58,3204305.6298178555,new_observed,1908904705.44,4164498.5836615446,1,
2202802,Conceição do Canindé,2025,ok,ok,1023268.35,1023268.35,1023268.35,new_observed,3034715.1,3034715.1,3073023.1176272305,new_observed,2098799956.48,4096291.4676272306,1,
2202851,Coronel José Dias,2019,ok,ok,635592.49,635592.49,635592.49,new_observed,1125822.81,1125822.81,1112832.4266005084,new_observed,1070863084.17,3044895.2399262977,5,
2202851,Coronel José Dias,2020,ok,ok,451897.48,451897.48,451897.48,new_observed,1195846.54,1195846.54,1203286.4989582184,new_observed,1128020932.43,2821881.6790989856,1,
2202851,Coronel José Dias,2021,ok,ok,520483.99,520483.99,520483.99,new_observed,1483417.89,1483417.89,1489857.0571045831,new_observed,1359727974.21,2729185.155904768,1,
2202851,Coronel José Dias,2022,ok,ok,362621.85,362621.85,362621.85,new_observed,1433540.09,1433540.09,1463132.967646142,new_observed,1371986319.82,2320031.8741521863,1,
2202851,Coronel José Dias,2023,ok,ok,421857.02,421857.02,421857.02,new_observed,1421013.39,1421013.39,1417118.10026636,new_observed,1656320035.19,2269539.0503070825,1,
2202851,Coronel José Dias,2024,ok,ok,365183.97,365183.97,365183.97,new_observed,1869871.32,1869871.32,1896530.929604131,new_observed,1908904705.44,2425630.7299247105,1,
2202851,Coronel José Dias,2025,ok,ok,392251.55,392251.55,392251.55,new_observed,2689794.07,2689794.07,2723748.0575249502,new_observed,2098799956.48,3115999.60752495,1,
2202901,Corrente,2019,ok,ok,2160883.38,2160883.38,2160883.38,new_observed,5939151.75,5939151.75,5870622.441822045,new_observed,1070863084.17,13986928.242737891,1,
2202901,Corrente,2020,ok,ok,3127844.8,3127844.8,3127844.8,new_observed,8292805.0,8292805.0,8344398.684293728,new_observed,1128020932.43,19558740.368467752,1,
2202901,Corrente,2021,ok,ok,3494014.61,3494014.61,3494014.61,new_observed,11459015.8,11459015.8,11508756.684269812,new_observed,1359727974.21,20367360.44002451,1,
2202901,Corrente,2022,ok,ok,2525884.42,2525884.42,2525884.42,new_observed,7256056.91,7256056.91,7405845.259714776,new_observed,1371986319.82,12620494.931574887,1,
2202901,Corrente,2023,ok,ok,3985262.88,3985262.88,3985262.88,new_observed,12829546.54,12829546.54,12794378.11634108,new_observed,1656320035.19,20708301.092085388,1,
2202901,Corrente,2024,ok,ok,3680139.89,3680139.89,3680139.89,new_observed,15697809.15,15697809.15,15921619.98612703,new_observed,1908904705.44,21022380.46203835,1,
2202901,Corrente,2025,ok,ok,4305600.99,4305600.99,4305600.99,new_observed,19406310.04,19406310.04,19651281.064493146,new_observed,2098799956.48,23956882.054493144,1,
2203008,Cristalândia do Piauí,2019,ok,ok,86086.31,86086.31,86086.31,new_observed,1119775.8,1119775.8,1106855.190438472,new_observed,1070863084.17,2077516.6618296308,1,
2203008,Cristalândia do Piauí,2020,ok,ok,485165.46,485165.46,485165.46,new_observed,1320415.04,1320415.04,1328630.0018507189,new_observed,1128020932.43,3092294.420739211,1,
2203008,Cristalândia do Piauí,2021,ok,ok,485429.93,485429.93,485429.93,new_observed,1667529.49,1667529.49,1674767.8421260687,new_observed,1359727974.21,2932626.631683313,1,
2203008,Cristalândia do Piauí,2022,ok,ok,745436.18,745436.18,745436.18,new_observed,2126394.27,2126394.27,2170289.886103465,new_observed,1371986319.82,3705085.3401978966,1,
2203008,Cristalândia do Piauí,2023,ok,ok,840936.73,840936.73,840936.73,new_observed,4586337.3,4586337.3,4573765.206925141,new_observed,1656320035.19,6682459.89638243,1,
2203008,Cristalândia do Piauí,2024,ok,ok,1130560.48,1130560.48,1130560.48,new_observed,5420912.14,5420912.14,5498200.56076186,new_observed,1908904705.44,7109174.761422837,2,
2203008,Cristalândia do Piauí,2025,ok,ok,980142.56,980142.56,980142.56,new_observed,4063387.42,4063387.42,4114680.6425208314,new_observed,2098799956.48,5094823.2025208315,1,
2203107,Cristino Castro,2019,ok,ok,659319.27,659319.27,659319.27,new_observed,2413939.77,2413939.77,2386086.361064734,new_observed,1070863084.17,5303596.981278032,1,
2203107,Cristino Castro,2020,ok,ok,527268.66,527268.66,527268.66,new_observed,2135115.24,2135115.24,2148398.8589471825,new_observed,1128020932.43,4561678.488351226,1,
2203107,Cristino Castro,2021,ok,ok,376040.08,376040.08,376040.08,new_observed,2565793.24,2565793.24,2576930.743153727,new_observed,1359727974.21,4008874.0902835354,1,
2203107,Cristino Castro,2022,ok,ok,530464.72,530464.72,530464.72,new_observed,3221457.1,3221457.1,3287958.334578375,new_observed,1371986319.82,4852164.764949486,1,
2203107,Cristino Castro,2023,ok,ok,732127.36,732127.36,732127.36,new_observed,2228917.75,2228917.75,2222807.8283836367,new_observed,1656320035.19,3646781.692289465,1,
2203107,Cristino Castro,2024,ok,ok,906118.52,906118.52,906118.52,new_observed,3973369.28,3973369.28,4030019.420940098,new_observed,1908904705.44,5293880.267043061,1,
2203107,Cristino Castro,2025,ok,ok,23424624.46,23424624.46,23424624.46,new_observed,4592362.12,4592362.12,4650332.731160034,new_observed,2098799956.48,28074957.191160034,1,
2203206,Curimatá,2019,ok,ok,583752.64,583752.64,583752.64,new_observed,1869944.0,1869944.0,1848367.5234178824,new_observed,1070863084.17,4235555.692559344,1,
2203206,Curimatá,2020,ok,ok,779767.56,779767.56,779767.56,new_observed,1940091.29,1940091.29,1952161.5674896156,new_observed,1128020932.43,4657597.494577021,1,
2203206,Curimatá,2021,ok,ok,1195119.38,1195119.38,1195119.38,new_observed,2557811.57,2557811.57,2568914.4266072274,new_observed,1359727974.21,5109951.471225046,1,
2203206,Curimatá,2022,ok,ok,1550261.89,1550261.89,1550261.89,new_observed,2241904.74,2241904.74,2288184.863679782,new_observed,1371986319.82,4877609.375422205,1,
2203206,Curimatá,2023,ok,ok,1515066.99,1515066.99,1515066.99,new_observed,2621063.32,2621063.32,2613878.4467866546,new_observed,1656320035.19,5095665.951161571,1,
2203206,Curimatá,2024,ok,ok,1597678.22,1597678.22,1597678.22,new_observed,4454971.67,4454971.67,4518488.236220002,new_observed,1908904705.44,6559430.32790677,1,
2203206,Curimatá,2025,ok,ok,1408284.94,1408284.94,1408284.94,new_observed,5397948.08,5397948.08,5466087.817466464,new_observed,2098799956.48,6874372.757466463,1,
2203230,Currais,2019,ok,ok,293863.66,293863.66,293863.66,new_observed,2774587.63,2774587.63,2742572.861095836,new_observed,1070863084.17,5287977.208309015,1,
2203230,Currais,2020,ok,ok,705027.62,705027.62,705027.62,new_observed,4240465.69,4240465.69,4266847.746260608,new_observed,1128020932.43,8476425.693562448,1,
2203230,Currais,2021,ok,ok,468264.67,468264.67,468264.67,new_observed,6207798.94,6207798.94,6234745.530705007,new_observed,1359727974.21,9099827.099481521,1,
2203230,Currais,2022,ok,ok,921170.49,921170.49,921170.49,new_observed,7178236.91,7178236.91,7326418.804649803,new_observed,1371986319.82,10480416.024958543,1,
2203230,Currais,2023,ok,ok,820576.72,820576.72,820576.72,new_observed,9792949.35,9792949.35,9766104.863288224,new_observed,1656320035.19,13065368.313933115,3,
2203230,Currais,2024,ok,ok,760385.78,760385.78,760385.78,new_observed,13876614.97,13876614.97,14074460.20874458,new_observed,1908904705.44,15909988.61540747,1,
2203230,Currais,2025,ok,ok,910811.42,910811.42,910811.42,new_observed,18230740.74,18230740.74,18460872.239864808,new_observed,2098799956.48,19371683.65986481,1,
2203255,Curralinhos,2019,ok,ok,102356.17,102356.17,102356.17,new_observed,364772.81,364772.81,360563.85401374684,new_observed,1070863084.17,806178.7293254909,1,
2203255,Curralinhos,2020,ok,ok,288363.0,288363.0,288363.0,new_observed,390544.94,390544.94,392974.7152493726,new_observed,1128020932.43,1161595.5932291558,1,
2203255,Curralinhos,2021,ok,ok,164255.65,164255.65,164255.65,new_observed,498097.56,498097.56,500259.684000827,new_observed,1359727974.21,902128.2175172184,1,
2203255,Curralinhos,2022,ok,ok,314203.01,314203.01,314203.01,new_observed,489699.31,489699.31,499808.27860528685,new_observed,1371986319.82,1034384.3090162312,1,
2203255,Curralinhos,2023,ok,ok,243782.43,243782.43,243782.43,new_observed,754115.34,754115.34,752048.1548752473,new_observed,1656320035.19,1228986.93677659,1,
2203255,Curralinhos,2024,ok,ok,363076.6,363076.6,363076.6,new_observed,1354560.92,1354560.92,1373873.5138271581,new_observed,1908904705.44,1862834.070369708,1,
2203255,Curralinhos,2025,ok,ok,780743.22,780743.22,780743.22,new_observed,2244923.21,2244923.21,2273261.4740764066,new_observed,2098799956.48,3054004.694076407,1,
2203271,Curral Novo do Piauí,2019,ok,ok,1221543.8,1221543.8,1221543.8,new_observed,8291571.56,8291571.56,8195898.695147741,new_observed,1070863084.17,16400547.460458592,1,
2203271,Curral Novo do Piauí,2020,ok,ok,1002980.44,1002980.44,1002980.44,new_observed,13948684.24,13948684.24,14035465.97561195,new_observed,1128020932.43,25638670.360401303,1,
2203271,Curral Novo do Piauí,2021,ok,ok,2376387.08,2376387.08,2376387.08,new_observed,12633059.28,12633059.28,12687896.410045683,new_observed,1359727974.21,20450867.749324296,1,
2203271,Curral Novo do Piauí,2022,ok,ok,4804119.2,4804119.2,4804119.2,new_observed,11074660.68,11074660.68,11303277.29195382,new_observed,1371986319.82,20468067.732730344,2,
2203271,Curral Novo do Piauí,2023,ok,ok,7245117.15,7245117.15,7245117.15,new_observed,12161231.06,12161231.06,12127894.626416894,new_observed,1656320035.19,23908864.379997026,1,
2203271,Curral Novo do Piauí,2024,ok,ok,4479026.54,4479026.54,4479026.54,new_observed,14386912.2,14386912.2,14592032.979466744,new_observed,1908904705.44,20453218.056236222,1,
2203271,Curral Novo do Piauí,2025,ok,ok,4856194.65,4856194.65,4856194.65,new_observed,16730318.8,16730318.8,16941510.073770504,new_observed,2098799956.48,21797704.723770507,1,
2203305,Demerval Lobão,2019,ok,ok,473294.23,473294.23,473294.23,new_observed,4105734.48,4105734.48,4058360.182234873,new_observed,1070863084.17,7891910.494866118,1,
2203305,Demerval Lobão,2020,ok,ok,584473.62,584473.62,584473.62,new_observed,4311209.81,4311209.81,4338032.000786008,new_observed,1128020932.43,8392256.451938784,5,
2203305,Demerval Lobão,2021,ok,ok,682906.91,682906.91,682906.91,new_observed,4312277.44,4312277.44,4330996.019049552,new_observed,1359727974.21,6806740.312454858,1,
2203305,Demerval Lobão,2022,ok,ok,1441269.35,1441269.35,1441269.35,new_observed,6053419.1,6053419.1,6178381.137697262,new_observed,1371986319.82,9682478.627742624,1,
2203305,Demerval Lobão,2023,ok,ok,2190653.41,2190653.41,2190653.41,new_observed,6579531.28,6579531.28,6561495.432605807,new_observed,1656320035.19,10801311.748859756,1,
2203305,Demerval Lobão,2024,ok,ok,2065874.98,2065874.98,2065874.98,new_observed,6982020.48,6982020.48,7081566.335510982,new_observed,1908904705.44,9810394.209707858,1,
2203305,Demerval Lobão,2025,ok,ok,2434106.3,2434106.3,2434106.3,new_observed,8317262.11,8317262.11,8422253.126626298,new_observed,2098799956.48,10856359.426626299,1,
2203354,Dirceu Arcoverde,2019,ok,ok,273780.26,273780.26,273780.26,new_observed,863794.22,863794.22,853827.2713857108,new_observed,1070863084.17,1963737.0596943346,2,
2203354,Dirceu Arcoverde,2020,ok,ok,539586.73,539586.73,539586.73,new_observed,909189.51,909189.51,914846.0323156832,new_observed,1128020932.43,2479625.9616065063,1,
2203354,Dirceu Arcoverde,2021,ok,ok,1196857.1,1196857.1,1196857.1,new_observed,1107214.78,1107214.78,1112020.938154857,new_observed,1359727974.21,3134470.978246382,1,
2203354,Dirceu Arcoverde,2022,ok,ok,497446.4,497446.4,497446.4,new_observed,1116015.58,1116015.58,1139053.7306178373,new_observed,1371986319.82,2079541.2551519617,1,
2203354,Dirceu Arcoverde,2023,ok,ok,453057.31,453057.31,453057.31,new_observed,1653276.77,1653276.77,1648744.7986094654,new_observed,1656320035.19,2593902.3910318254,1,
2203354,Dirceu Arcoverde,2024,ok,ok,66643.1,66643.1,66643.1,new_observed,2942219.48,2942219.48,2984168.0471914946,new_observed,1908904705.44,3271916.0452627335,1,
2203354,Dirceu Arcoverde,2025,ok,ok,521668.76,521668.76,521668.76,new_observed,3095447.28,3095447.28,3134521.936123865,new_observed,2098799956.48,3656190.6961238654,1,
2203404,Dom Expedito Lopes,2019,ok,ok,216623.85,216623.85,216623.85,new_observed,889568.53,889568.53,879304.1827491018,new_observed,1070863084.17,1908566.9727858198,1,
2203404,Dom Expedito Lopes,2020,ok,ok,265029.4,265029.4,265029.4,new_observed,827557.45,827557.45,832706.0984742162,new_observed,1128020932.43,1871501.7369795223,1,
2203404,Dom Expedito Lopes,2021,ok,ok,291667.86,291667.86,291667.86,new_observed,935319.08,935319.08,939379.079473395,new_observed,1359727974.21,1671236.3498082631,1,
2203404,Dom Expedito Lopes,2022,ok,ok,390086.71,390086.71,390086.71,new_observed,1247114.8,1247114.8,1272859.260126743,new_observed,1371986319.82,2113146.638528946,1,
2203404,Dom Expedito Lopes,2023,ok,ok,450381.49,450381.49,450381.49,new_observed,1689195.98,1689195.98,1684565.5466731193,new_observed,1656320035.19,2634807.6255459203,1,
2203404,Dom Expedito Lopes,2024,ok,ok,856492.85,856492.85,856492.85,new_observed,2335912.47,2335912.47,2369216.641176668,new_observed,1908904705.44,3459489.995391299,1,
2203404,Dom Expedito Lopes,2025,ok,ok,1460185.35,1460185.35,1460185.35,new_observed,2735670.74,2735670.74,2770203.840959038,new_observed,2098799956.48,4230389.190959038,1,
2203420,Domingos Mourão,2019,ok,ok,104087.37,104087.37,104087.37,new_observed,617843.02,617843.02,610713.9961081323,new_observed,1070863084.17,1244831.9950663154,1,
2203420,Domingos Mourão,2020,ok,ok,108354.45,108354.45,108354.45,new_observed,661107.93,661107.93,665221.0128259558,new_observed,1128020932.43,1318849.417164511,1,
2203420,Domingos Mourão,2021,ok,ok,99002.21,99002.21,99002.21,new_observed,798197.12,798197.12,801661.9053937348,new_observed,1359727974.21,1222717.4775787208,1,
2203420,Domingos Mourão,2022,ok,ok,201558.06,201558.06,201558.06,new_observed,789878.45,789878.45,806184.0814150056,new_observed,1371986319.82,1280562.902757916,1,
2203420,Domingos Mourão,2023,ok,ok,353051.23,353051.23,353051.23,new_observed,1136986.41,1136986.41,1133869.6965887623,new_observed,1656320035.19,1835057.5113399038,1,
2203420,Domingos Mourão,2024,ok,ok,1271142.92,1271142.92,1271142.92,new_observed,2572798.38,2572798.38,2609479.941809794,new_observed,1908904705.44,4161867.645874271,1,
2203420,Domingos Mourão,2025,ok,ok,1004917.58,1004917.58,1004917.58,new_observed,3340515.41,3340515.41,3382683.6264531077,new_observed,2098799956.48,4387601.206453107,1,
2203453,Dom Inocêncio,2019,ok,ok,1930108.13,1930108.13,1930108.13,new_observed,2219316.33,2219316.33,2193708.596922135,new_observed,1070863084.17,7181658.075742618,1,
2203453,Dom Inocêncio,2020,ok,ok,2406550.85,2406550.85,2406550.85,new_observed,2251492.52,2251492.52,2265500.180166442,new_observed,1128020932.43,7965262.69795113,1,
2203453,Dom Inocêncio,2021,ok,ok,10665713.6,10665713.6,10665713.6,new_observed,2754216.33,2754216.33,2766171.7333361707,new_observed,1359727974.21,18234767.737719577,1,
2203453,Dom Inocêncio,2022,ok,ok,23598785.31,23598785.31,23598785.31,new_observed,2799878.9,2799878.9,2857677.404757348,new_observed,1371986319.82,33618882.54781658,1,
2203453,Dom Inocêncio,2023,ok,ok,15075325.15,15075325.15,15075325.15,new_observed,5145050.38,5145050.38,5130946.7395520555,new_observed,1656320035.19,24937217.806306373,1,
2203453,Dom Inocêncio,2024,ok,ok,489582.82,489582.82,489582.82,new_observed,1783137.6,1783137.6,1808560.6073363805,new_observed,1908904705.44,2464699.3836832917,1,
2203453,Dom Inocêncio,2025,ok,ok,4281196.46,4281196.46,4281196.46,new_observed,22003705.76,22003705.76,22281464.40301676,new_observed,2098799956.48,26562660.86301676,1,
2203503,Elesbão Veloso,2019,ok,ok,551944.03,551944.03,551944.03,new_observed,2137602.85,2137602.85,2112937.9734930606,new_observed,1070863084.17,4640912.200666882,1,
2203503,Elesbão Veloso,2020,ok,ok,671311.47,671311.47,671311.47,new_observed,2192644.89,2192644.89,2206286.429650687,new_observed,1128020932.43,4905944.533095903,1,
2203503,Elesbão Veloso,2021,ok,ok,593208.2,593208.2,593208.2,new_observed,2603584.86,2603584.86,2614886.4076606543,new_observed,1359727974.21,4355223.30630207,1,
2203503,Elesbão Veloso,2022,ok,ok,807758.88,807758.88,807758.88,new_observed,2726452.83,2726452.83,2782735.5845382195,new_observed,1371986319.82,4562530.259367029,1,
2203503,Elesbão Veloso,2023,ok,ok,1148700.92,1148700.92,1148700.92,new_observed,3222340.45,3222340.45,3213507.3526052055,new_observed,1656320035.19,5383543.209010982,1,
2203503,Elesbão Veloso,2024,ok,ok,1158698.1,1158698.1,1158698.1,new_observed,4668098.04,4668098.04,4734653.246237513,new_observed,1908904705.44,6320466.885626896,1,
2203503,Elesbão Veloso,2025,ok,ok,1285918.52,1285918.52,1285918.52,new_observed,4490293.1,4490293.1,4546975.266713519,new_observed,2098799956.48,5832893.786713518,1,
2203602,Eliseu Martins,2019,ok,ok,493608.62,493608.62,493608.62,new_observed,1050569.33,1050569.33,1038447.264020144,new_observed,1070863084.17,2668086.9302778826,1,
2203602,Eliseu Martins,2020,ok,ok,214208.85,214208.85,214208.85,new_observed,1021165.82,1021165.82,1027519.0029011565,new_observed,1128020932.43,2116990.6929223277,1,
2203602,Eliseu Martins,2021,ok,ok,319183.86,319183.86,319183.86,new_observed,1179810.59,1179810.59,1184931.869439853,new_observed,1359727974.21,2041947.224557946,1,
2203602,Eliseu Martins,2022,ok,ok,277285.58,277285.58,277285.58,new_observed,1559140.19,1559140.19,1591325.8576333704,new_observed,1371986319.82,2374490.84280877,1,
2203602,Eliseu Martins,2023,ok,ok,369237.72,369237.72,369237.72,new_observed,2041510.26,2041510.26,2035914.0608277328,new_observed,1656320035.19,2968276.0948465313,1,
2203602,Eliseu Martins,2024,ok,ok,414015.72,414015.72,414015.72,new_observed,3335983.77,3335983.77,3383546.414553486,new_observed,1908904705.44,4072787.164281273,3,
2203602,Eliseu Martins,2025,ok,ok,961950.38,961950.38,961950.38,new_observed,3275374.76,3275374.76,3316720.6886645607,new_observed,2098799956.48,4278671.068664561,1,
2203701,Esperantina,2019,ok,ok,751137.76,751137.76,751137.76,new_observed,4973237.38,4973237.38,4915853.340763059,new_observed,1070863084.17,9869107.940287238,1,
2203701,Esperantina,2020,ok,ok,766441.97,766441.97,766441.97,new_observed,5160704.37,5160704.37,5192811.690984762,new_observed,1128020932.43,10159782.199934494,1,
2203701,Esperantina,2021,ok,ok,1078106.65,1078106.65,1078106.65,new_observed,6622662.18,6622662.18,6651409.594158677,new_observed,1359727974.21,10493384.207751893,1,
2203701,Esperantina,2022,ok,ok,1306241.87,1306241.87,1306241.87,new_observed,6758259.23,6758259.23,6897771.434708763,new_observed,1371986319.82,10425042.93508151,1,
2203701,Esperantina,2023,ok,ok,2113323.27,2113323.27,2113323.27,new_observed,7395920.07,7395920.07,7375646.333156822,new_observed,1656320035.19,11710646.231267152,1,
2203701,Esperantina,2024,ok,ok,2462291.36,2462291.36,2462291.36,new_observed,8307552.5,8307552.5,8425997.071049852,new_observed,1908904705.44,11677407.713616315,2,
2203701,Esperantina,2025,ok,ok,2886192.8,2886192.8,2886192.8,new_observed,9040483.96,9040483.96,9154604.398817593,new_observed,2098799956.48,12040797.198817592,2,
2203750,Fartura do Piauí,2019,ok,ok,16518.21,16518.21,16518.21,new_observed,532103.52,532103.52,525963.8071858503,new_observed,1070863084.17,944736.5432691474,1,
2203750,Fartura do Piauí,2020,ok,ok,259033.29,259033.29,259033.29,new_observed,548802.14,548802.14,552216.5123807424,new_observed,1128020932.43,1383079.4543768822,2,
2203750,Fartura do Piauí,2021,ok,ok,1125950.36,1125950.36,1125950.36,new_observed,694415.6,694415.6,697429.8942987085,new_observed,1359727974.21,2475372.191583677,4,
2203750,Fartura do Piauí,2022,ok,ok,542098.54,542098.54,542098.54,new_observed,975259.17,975259.17,995391.655650323,new_observed,1371986319.82,1953726.8781270566,2,
2203750,Fartura do Piauí,2023,ok,ok,470635.21,470635.21,470635.21,new_observed,1318667.07,1318667.07,1315052.3325626138,new_observed,1656320035.19,2203775.1162754963,1,
2203750,Fartura do Piauí,2024,ok,ok,170935.19,170935.19,170935.19,new_observed,2752723.92,2752723.92,2791970.762427185,new_observed,1908904705.44,3177639.9975709366,1,
2203750,Fartura do Piauí,2025,ok,ok,126593.65,126593.65,126593.65,new_observed,2967479.44,2967479.44,3004938.7239690167,new_observed,2098799956.48,3131532.3739690166,1,
2203800,Flores do Piauí,2019,ok,ok,49481.37,49481.37,49481.37,new_observed,736092.38,736092.38,727598.9277900166,new_observed,1070863084.17,1353291.226472472,1,
2203800,Flores do Piauí,2020,ok,ok,81130.73,81130.73,81130.73,new_observed,748278.55,748278.55,752933.9648171179,new_observed,1128020932.43,1421975.9926440928,1,
2203800,Flores do Piauí,2021,ok,ok,203477.86,203477.86,203477.86,new_observed,906389.51,906389.51,910323.9330348545,new_observed,1359727974.21,1512067.4795696505,1,
2203800,Flores do Piauí,2022,ok,ok,190111.78,190111.78,190111.78,new_observed,912747.3,912747.3,931589.3396186802,new_observed,1371986319.82,1425373.3993388328,1,
2203800,Flores do Piauí,2023,ok,ok,353932.92,353932.92,353932.92,new_observed,1297713.62,1297713.62,1294156.3202751954,new_observed,1656320035.19,2033960.5729161373,1,
2203800,Flores do Piauí,2024,ok,ok,274583.87,274583.87,274583.87,new_observed,2882124.73,2882124.73,2923216.4988882523,new_observed,1908904705.44,3429558.1836143783,1,
2203800,Flores do Piauí,2025,ok,ok,439198.26,439198.26,439198.26,new_observed,2242123.63,2242123.63,2270426.5542318234,new_observed,2098799956.48,2709624.814231823,1,
2203859,Floresta do Piauí,2019,ok,ok,117388.94,117388.94,117388.94,new_observed,263432.62,263432.62,260392.98471873175,new_observed,1070863084.17,657910.0843191032,1,
2203859,Floresta do Piauí,2020,ok,ok,105684.38,105684.38,105684.38,new_observed,509937.06,509937.06,513109.63329496013,new_observed,1128020932.43,1054966.403403824,1,
2203859,Floresta do Piauí,2021,ok,ok,203254.9,203254.9,203254.9,new_observed,956041.91,956041.91,960191.8623896632,new_observed,1359727974.21,1579464.1601595597,1,
2203859,Floresta do Piauí,2022,ok,ok,244061.79,244061.79,244061.79,new_observed,1070806.83,1070806.83,1092911.726628906,new_observed,1371986319.82,1698925.3669205317,1,
2203859,Floresta do Piauí,2023,ok,ok,300882.12,300882.12,300882.12,new_observed,1457053.65,1457053.65,1453059.5665070869,new_observed,1656320035.19,2164596.5220631883,1,
2203859,Floresta do Piauí,2024,ok,ok,485660.57,485660.57,485660.57,new_observed,3483434.82,3483434.82,3533099.7415319458,new_observed,1908904705.44,4310016.487736757,1,
2203859,Floresta do Piauí,2025,ok,ok,843723.06,843723.06,843723.06,new_observed,3557665.2,3557665.2,3602574.556134744,new_observed,2098799956.48,4446297.616134744,1,
2203909,Floriano,2019,ok,ok,6744780.82,6744780.82,6744780.82,new_observed,23032333.05,23032333.05,22766572.90173628,new_observed,1070863084.17,51394246.11141458,1,
2203909,Floriano,2020,ok,ok,8049273.57,8049273.57,8049273.57,new_observed,22961048.98,22961048.98,23103901.140653357,new_observed,1128020932.43,53112266.72040043,1,
2203909,Floriano,2021,ok,ok,9693546.79,9693546.79,9693546.79,new_observed,28263371.69,28263371.69,28386056.31884107,new_observed,1359727974.21,51695849.1680181,1,
2203909,Floriano,2022,ok,ok,10183284.11,10183284.11,10183284.11,new_observed,32347327.15,32347327.15,33015080.00965645,new_observed,1371986319.82,54893231.39130258,1,
2203909,Floriano,2023,ok,ok,13242068.93,13242068.93,13242068.93,new_observed,37833356.79,37833356.79,37729647.78392707,new_observed,1656320035.19,62905854.60813199,1,
2203909,Floriano,2024,ok,ok,16435453.88,16435453.88,16435453.88,new_observed,32876242.87,32876242.87,33344974.48312769,new_observed,1908904705.44,53388221.83448184,1,
2203909,Floriano,2025,ok,ok,15072170.88,15072170.88,15072170.88,new_observed,34800469.14,34800469.14,35239764.738209866,new_observed,2098799956.48,50311935.61820987,1,
2204006,Francinópolis,2019,ok,ok,179963.75,179963.75,179963.75,new_observed,482927.28,482927.28,477354.99059037823,new_observed,1070863084.17,1144725.5671861942,1,
2204006,Francinópolis,2020,ok,ok,187226.36,187226.36,187226.36,new_observed,514121.06,514121.06,517319.66404994414,new_observed,1128020932.43,1201162.8571948358,1,
2204006,Francinópolis,2021,ok,ok,145811.49,145811.49,145811.49,new_observed,1213741.55,1213741.55,1219010.1157324961,new_observed,1359727974.21,1852845.2533902135,1,
2204006,Francinópolis,2022,ok,ok,292705.29,292705.29,292705.29,new_observed,1411025.49,1411025.49,1440153.5938963878,new_observed,1371986319.82,2201986.7099299603,1,
2204006,Francinópolis,2023,ok,ok,375749.96,375749.96,375749.96,new_observed,1680207.81,1680207.81,1675602.015094243,new_observed,1656320035.19,2531640.2392255412,1,
2204006,Francinópolis,2024,ok,ok,439602.54,439602.54,439602.54,new_observed,2893878.79,2893878.79,2935138.1418911642,new_observed,1908904705.44,3619322.0926983575,1,
2204006,Francinópolis,2025,ok,ok,652666.88,652666.88,652666.88,new_observed,3282969.35,3282969.35,3324411.1471985104,new_observed,2098799956.48,3977078.0271985102,1,
2204105,Francisco Ayres,2019,ok,ok,57620.07,57620.07,57620.07,new_observed,600335.25,600335.25,593408.240708254,new_observed,1070863084.17,1133770.7358844243,1,
2204105,Francisco Ayres,2020,ok,ok,91974.35,91974.35,91974.35,new_observed,616852.37,616852.37,620690.1168701624,new_observed,1128020932.43,1215003.7868730011,1,
2204105,Francisco Ayres,2021,ok,ok,37021.6,37021.6,37021.6,new_observed,903647.93,903647.93,907570.4524828458,new_observed,1359727974.21,1282352.868302991,3,
2204105,Francisco Ayres,2022,ok,ok,103528.05,103528.05,103528.05,new_observed,1791815.93,1791815.93,1828804.773179752,new_observed,1371986319.82,2455463.1859207237,1,
2204105,Francisco Ayres,2023,ok,ok,192869.06,192869.06,192869.06,new_observed,1754683.25,1754683.25,1749873.3026077978,new_observed,1656320035.19,2397601.581464362,1,
2204105,Francisco Ayres,2024,ok,ok,241534.9,241534.9,241534.9,new_observed,2598460.96,2598460.96,2635508.4049360375,new_observed,1908904705.44,3085554.5289985384,2,
2204105,Francisco Ayres,2025,ok,ok,180616.18,180616.18,180616.18,new_observed,2556921.77,2556921.77,2589198.475064212,new_observed,2098799956.48,2769814.655064212,3,
2204154,Francisco Macedo,2019,ok,ok,52553.09,52553.09,52553.09,new_observed,330700.08,330700.08,326884.2745364009,new_observed,1070863084.17,660793.0453047003,4,
2204154,Francisco Macedo,2020,ok,ok,54473.53,54473.53,54473.53,new_observed,362007.57,362007.57,364259.8000088474,new_observed,1128020932.43,713887.9589227244,1,
2204154,Francisco Macedo,2021,ok,ok,58409.66,58409.66,58409.66,new_observed,583128.82,583128.82,585660.0446406023,new_observed,1359727974.21,874371.7787610072,1,
2204154,Francisco Macedo,2022,ok,ok,175651.92,175651.92,175651.92,new_observed,1165481.54,1165481.54,1189540.8271121287,new_observed,1371986319.82,1734784.242138799,1,
2204154,Francisco Macedo,2023,ok,ok,247457.91,247457.91,247457.91,new_observed,1290990.86,1290990.86,1287451.988741946,new_observed,1656320035.19,1894282.2638041864,1,
2204154,Francisco Macedo,2024,ok,ok,305623.66,305623.66,305623.66,new_observed,2755990.77,2755990.77,2795284.1893999986,new_observed,1908904705.44,3325643.462615868,1,
2204154,Francisco Macedo,2025,ok,ok,422741.82,422741.82,422741.82,new_observed,2765616.11,2765616.11,2800527.2193466504,new_observed,2098799956.48,3223269.0393466502,1,
2204204,Francisco Santos,2019,ok,ok,126725.33,126725.33,126725.33,new_observed,993573.8,993573.8,982109.380836482,new_observed,1070863084.17,1931044.050467792,3,
2204204,Francisco Santos,2020,ok,partial,,,113705.11517325116,imputed_temporal,974725.77,974725.77,980790.0261413589,new_observed,1128020932.43,1865977.3332765668,1,
2204204,Francisco Santos,2021,ok,ok,118790.01,118790.01,118790.01,new_observed,1228989.94,1228989.94,1234324.6953962098,new_observed,1359727974.21,1836952.2790784836,1,
2204204,Francisco Santos,2022,ok,ok,275318.87,275318.87,275318.87,new_observed,1152288.62,1152288.62,1176075.562815601,new_observed,1371986319.82,1844322.8595395426,1,
2204204,Francisco Santos,2023,ok,ok,298868.59,298868.59,298868.59,new_observed,1593827.88,1593827.88,1589458.8702342627,new_observed,1656320035.19,2330446.3793659788,1,
2204204,Francisco Santos,2024,ok,ok,462604.37,462604.37,462604.37,new_observed,2880203.35,2880203.35,2921267.7248958675,new_observed,1908904705.44,3629115.296959301,1,
2204204,Francisco Santos,2025,ok,ok,416695.7,416695.7,416695.7,new_observed,3243414.18,3243414.18,3284356.6617439534,new_observed,2098799956.48,3701052.3617439535,1,
2204303,Fronteiras,2019,ok,ok,315957.1,315957.1,315957.1,new_observed,4217422.13,4217422.13,4168759.1166558303,new_observed,1070863084.17,7810167.271618509,1,
2204303,Fronteiras,2020,ok,ok,304673.74,304673.74,304673.74,new_observed,2083091.89,2083091.89,2096051.84568779,new_observed,1128020932.43,4092936.877663898,1,
2204303,Fronteiras,2021,ok,ok,285725.42,285725.42,285725.42,new_observed,1987426.11,1987426.11,1996053.0578860755,new_observed,1359727974.21,3097681.3411230557,1,
2204303,Fronteiras,2022,ok,ok,640992.66,640992.66,640992.66,new_observed,2237716.58,2237716.58,2283910.2465884825,new_observed,1371986319.82,3716746.5787297487,1,
2204303,Fronteiras,2023,ok,ok,691630.8,691630.8,691630.8,new_observed,3354172.84,3354172.84,3344978.3629314154,new_observed,1656320035.19,4981710.750264693,1,
2204303,Fronteiras,2024,ok,ok,716384.86,716384.86,716384.86,new_observed,4287310.98,4287310.98,4348437.131171892,new_observed,1908904705.44,5431890.582467012,1,
2204303,Fronteiras,2025,ok,ok,778819.36,778819.36,778819.36,new_observed,4004555.26,4004555.26,4055105.8284831163,new_observed,2098799956.48,4833925.188483116,1,
2204352,Geminiano,2019,ok,ok,90088.7,90088.7,90088.7,new_observed,861880.28,861880.28,851935.4155131443,new_observed,1070863084.17,1640542.1348025417,1,
2204352,Geminiano,2020,ok,ok,133600.17,133600.17,133600.17,new_observed,759851.02,759851.02,764578.4329364126,new_observed,1128020932.43,1531282.1876032457,1,
2204352,Geminiano,2021,ok,ok,127275.68,127275.68,127275.68,new_observed,817190.06,817190.06,820737.2892656147,new_observed,1359727974.21,1286997.0132934963,1,
2204352,Geminiano,2022,ok,ok,257598.14,257598.14,257598.14,new_observed,680556.47,680556.47,694605.3441741433,new_observed,1371986319.82,1209988.5552053044,1,
2204352,Geminiano,2023,ok,ok,258932.55,258932.55,258932.55,new_observed,1263217.61,1263217.61,1259754.8709278607,new_observed,1656320035.19,1874261.5759296957,1,
2204352,Geminiano,2024,ok,ok,486544.84,486544.84,486544.84,new_observed,2539173.75,2539173.75,2575375.9100994756,new_observed,1908904705.44,3283830.807028496,1,
2204352,Geminiano,2025,ok,ok,290596.35,290596.35,290596.35,new_observed,1747475.16,1747475.16,1769534.0047437544,new_observed,2098799956.48,2060130.3547437545,1,
2204402,Gilbués,2019,ok,ok,2513485.64,2513485.64,2513485.64,new_observed,3004889.24,3004889.24,2970217.120236672,new_observed,1070863084.17,9549909.906500407,1,
2204402,Gilbués,2020,ok,ok,2134936.2,2134936.2,2134936.2,new_observed,4203446.86,4203446.86,4229598.603618752,new_observed,1128020932.43,10850735.861776354,1,
2204402,Gilbués,2021,ok,ok,2549623.65,2549623.65,2549623.65,new_observed,7253753.89,7253753.89,7285240.724389754,new_observed,1359727974.21,13351548.434818784,1,
2204402,Gilbués,2022,ok,ok,1933797.62,1933797.62,1933797.62,new_observed,8372609.86,8372609.86,8545447.453377567,new_observed,1371986319.82,13316236.305284822,1,
2204402,Gilbués,2023,ok,ok,1477646.07,1477646.07,1477646.07,new_observed,11999878.18,11999878.18,11966984.047820512,new_observed,1656320035.19,16592455.620013392,1,
2204402,Gilbués,2024,ok,ok,2360093.47,2360093.47,2360093.47,new_observed,15765130.63,15765130.63,15989901.2992212,new_observed,1908904705.44,19679894.762143232,1,
2204402,Gilbués,2025,ok,ok,3721368.76,3721368.76,3721368.76,new_observed,16780263.23,16780263.23,16992084.965623356,new_observed,2098799956.48,20713453.725623354,1,
2204501,Guadalupe,2019,ok,ok,456558.61,456558.61,456558.61,new_observed,8969212.83,8969212.83,8865720.95506336,new_observed,1070863084.17,16234820.496675234,1,
2204501,Guadalupe,2020,ok,ok,651955.45,651955.45,651955.45,new_observed,9653489.67,9653489.67,9713548.853637712,new_observed,1128020932.43,17671888.479410727,1,
2204501,Guadalupe,2021,ok,ok,729395.74,729395.74,729395.74,new_observed,13022816.79,13022816.79,13079345.765448164,new_observed,1359727974.21,18746377.582387708,1,
2204501,Guadalupe,2022,ok,ok,768792.54,768792.54,768792.54,new_observed,10723553.61,10723553.61,10944922.242887393,new_observed,1371986319.82,14884907.545287687,1,
2204501,Guadalupe,2023,ok,ok,879784.91,879784.91,879784.91,new_observed,13742191.14,13742191.14,13704520.96993541,new_observed,1656320035.19,17998966.57184922,1,
2204501,Guadalupe,2024,ok,ok,1445903.51,1445903.51,1445903.51,new_observed,14645645.81,14645645.81,14854455.47273924,new_observed,1908904705.44,17481713.39555532,1,
2204501,Guadalupe,2025,ok,ok,887530.33,887530.33,887530.33,new_observed,14873044.51,14873044.51,15060790.9153412,new_observed,2098799956.48,15948321.2453412,1,
2204550,Guaribas,2019,ok,ok,59473.69,59473.69,59473.69,new_observed,2146279.08,2146279.08,2121514.092220522,new_observed,1070863084.17,3798206.7478955016,1,
2204550,Guaribas,2020,ok,ok,720321.54,720321.54,720321.54,new_observed,1524290.48,1524290.48,1533773.852851171,new_observed,1128020932.43,3842950.7371329595,1,
2204550,Guaribas,2021,ok,ok,1018009.03,1018009.03,1018009.03,new_observed,2002819.06,2002819.06,2011512.8250506455,new_observed,1359727974.21,4112797.720666134,1,
2204550,Guaribas,2022,ok,ok,190520.16,190520.16,190520.16,new_observed,2259297.19,2259297.19,2305936.349780974,new_observed,1371986319.82,3172309.1288860706,1,
2204550,Guaribas,2023,ok,ok,568318.2,568318.2,568318.2,new_observed,2534150.45,2534150.45,2527203.822824739,new_observed,1656320035.19,3820284.4804494944,1,
2204550,Guaribas,2024,ok,ok,329443.64,329443.64,329443.64,new_observed,3635203.97,3635203.97,3687032.733634702,new_observed,1908904705.44,4307567.023416668,3,
2204550,Guaribas,2025,ok,ok,355656.57,355656.57,355656.57,new_observed,4538629.89,4538629.89,4595922.224898124,new_observed,2098799956.48,4951578.794898124,1,
2204600,Hugo Napoleão,2019,ok,ok,125485.71,125485.71,125485.71,new_observed,439308.96,439308.96,434239.96355531807,new_observed,1070863084.17,974766.5014902895,1,
2204600,Hugo Napoleão,2020,ok,ok,114740.5,114740.5,114740.5,new_observed,420081.01,420081.01,422694.5439017052,new_observed,1128020932.43,916259.5357203272,5,
2204600,Hugo Napoleão,2021,ok,ok,123543.65,123543.65,123543.65,new_observed,452234.57,452234.57,454197.6135808613,new_observed,1359727974.21,784326.063873342,1,
2204600,Hugo Napoleão,2022,ok,ok,278195.72,278195.72,278195.72,new_observed,570072.71,570072.71,581840.8440578585,new_observed,1371986319.82,1092869.7666661618,1,
2204600,Hugo Napoleão,2023,ok,ok,356972.92,356972.92,356972.92,new_observed,924361.11,924361.11,921827.2462325663,new_observed,1656320035.19,1578208.9071349842,1,
2204600,Hugo Napoleão,2024,ok,ok,297621.4,297621.4,297621.4,new_observed,1667309.14,1667309.14,1691080.7280693862,new_observed,1908904705.44,2132831.594006872,1,
2204600,Hugo Napoleão,2025,ok,ok,583717.99,583717.99,583717.99,new_observed,2121620.89,2121620.89,2148402.676024138,new_observed,2098799956.48,2732120.666024138,1,
2204659,Ilha Grande,2019,ok,ok,329244.6,329244.6,329244.6,new_observed,1603096.31,1603096.31,1584598.8737176333,new_observed,1070863084.17,3332972.9105080734,1,
2204659,Ilha Grande,2020,ok,ok,506264.12,506264.12,506264.12,new_observed,2637002.94,2637002.94,2653409.053150857,new_observed,1128020932.43,5386847.596764971,1,
2204659,Ilha Grande,2021,ok,ok,369547.13,369547.13,369547.13,new_observed,3439473.75,3439473.75,3454403.694136023,new_observed,1359727974.21,5191293.20926556,1,
2204659,Ilha Grande,2022,ok,ok,738696.91,738696.91,738696.91,new_observed,2862952.01,2862952.01,2922052.5465875086,new_observed,1371986319.82,4651805.018111909,1,
2204659,Ilha Grande,2023,ok,ok,674804.81,674804.81,674804.81,new_observed,3451346.28,3451346.28,3441885.430562318,new_observed,1656320035.19,5080541.414622828,1,
2204659,Ilha Grande,2024,ok,ok,768022.09,768022.09,768022.09,new_observed,3433842.13,3433842.13,3482799.985895676,new_observed,1908904705.44,4558896.72767316,1,
2204659,Ilha Grande,2025,ok,ok,813117.02,813117.02,813117.02,new_observed,4226924.12,4226924.12,4280281.7098765345,new_observed,2098799956.48,5093398.729876535,1,
2204709,Inhuma,2019,ok,ok,334254.16,334254.16,334254.16,new_observed,1847065.45,1847065.45,1825752.9591299186,new_observed,1070863084.17,3761668.7641545204,1,
2204709,Inhuma,2020,ok,ok,317637.5,317637.5,317637.5,new_observed,1791840.1,1791840.1,1802988.0327470312,new_observed,1128020932.43,3615401.318018334,1,
2204709,Inhuma,2021,ok,ok,403901.96,403901.96,403901.96,new_observed,2181293.88,2181293.88,2190762.362139934,new_observed,1359727974.21,3522446.7822208414,1,
2204709,Inhuma,2022,ok,ok,382519.53,382519.53,382519.53,new_observed,2936950.36,2936950.36,2997578.460506259,new_observed,1371986319.82,4295174.247899565,1,
2204709,Inhuma,2023,ok,ok,574439.29,574439.29,574439.29,new_observed,3274560.92,3274560.92,3265584.6755651357,new_observed,1656320035.19,4739098.559801521,1,
2204709,Inhuma,2024,ok,ok,810981.69,810981.69,810981.69,new_observed,4351180.33,4351180.33,4413217.095671647,new_observed,1908904705.44,5602818.072241769,1,
2204709,Inhuma,2025,ok,ok,706886.11,706886.11,706886.11,new_observed,4423036.99,4423036.99,4478870.164909503,new_observed,2098799956.48,5185756.274909504,1,
2204808,Ipiranga do Piauí,2019,ok,ok,597677.84,597677.84,597677.84,new_observed,1038909.82,1038909.82,1026922.2880727539,new_observed,1070863084.17,2829253.432495349,1,
2204808,Ipiranga do Piauí,2020,ok,ok,282910.49,282910.49,282910.49,new_observed,1026430.58,1026430.58,1032816.5176042181,new_observed,1128020932.43,2243149.9970117807,1,
2204808,Ipiranga do Piauí,2021,ok,ok,354718.33,354718.33,354718.33,new_observed,1223286.79,1223286.79,1228596.7893675007,new_observed,1359727974.21,2149466.194863289,1,
2204808,Ipiranga do Piauí,2022,ok,ok,646862.34,646862.34,646862.34,new_observed,979758.6,979758.6,999983.96835545,new_observed,1371986319.82,2092688.3994973626,1,
2204808,Ipiranga do Piauí,2023,ok,ok,751311.45,751311.45,751311.45,new_observed,1277508.87,1277508.87,1274006.955647212,new_observed,1656320035.19,2499511.363838494,1,
2204808,Ipiranga do Piauí,2024,ok,ok,1155256.89,1155256.89,1155256.89,new_observed,3352888.12,3352888.12,3400691.7775936835,new_observed,1908904705.44,4886137.105082982,1,
2204808,Ipiranga do Piauí,2025,ok,ok,1153342.57,1153342.57,1153342.57,new_observed,3545814.23,3545814.23,3590573.988181493,new_observed,2098799956.48,4743916.558181493,1,
2204907,Isaías Coelho,2019,ok,ok,160093.97,160093.97,160093.97,new_observed,870387.79,870387.79,860344.7610278511,new_observed,1070863084.17,1777101.7818622594,1,
2204907,Isaías Coelho,2020,ok,ok,345258.89,345258.89,345258.89,new_observed,943385.16,943385.16,949254.4305438544,new_observed,1128020932.43,2206983.3136564614,4,
2204907,Isaías Coelho,2021,ok,ok,204742.31,204742.31,204742.31,new_observed,1162648.97,1162648.97,1167695.7548960627,new_observed,1359727974.21,1863185.154333737,1,
2204907,Isaías Coelho,2022,ok,ok,223052.96,223052.96,223052.96,new_observed,1176573.04,1176573.04,1200861.2913418019,new_observed,1371986319.82,1809403.1122051787,1,
2204907,Isaías Coelho,2023,ok,ok,208125.75,208125.75,208125.75,new_observed,1405414.84,1405414.84,1401562.3090975592,new_observed,1656320035.19,1986568.4253551962,1,
2204907,Isaías Coelho,2024,ok,ok,643177.99,643177.99,643177.99,new_observed,2351006.93,2351006.93,2384526.309788341,new_observed,1908904705.44,3247134.549088047,1,
2204907,Isaías Coelho,2025,ok,ok,458069.88,458069.88,458069.88,new_observed,2290734.41,2290734.41,2319650.961065233,new_observed,2098799956.48,2777720.841065233,1,
2205003,Itainópolis,2019,ok,ok,115964.96,115964.96,115964.96,new_observed,1314935.69,1314935.69,1299763.2147161008,new_observed,1070863084.17,2465501.3431197563,1,
2205003,Itainópolis,2020,ok,ok,130890.66,130890.66,130890.66,new_observed,1371804.8,1371804.8,1380339.4832300795,new_observed,1128020932.43,2576458.392720309,1,
2205003,Itainópolis,2021,ok,ok,187461.67,187461.67,187461.67,new_observed,1571681.75,1571681.75,1578504.0496983498,new_observed,1359727974.21,2397427.7573344926,1,
2205003,Itainópolis,2022,ok,ok,407604.32,407604.32,407604.32,new_observed,1794415.56,1794415.56,1831458.0679032234,new_observed,1371986319.82,2845232.042081125,1,
2205003,Itainópolis,2023,ok,ok,433748.35,433748.35,433748.35,new_observed,2323541.63,2323541.63,2317172.3248824575,new_observed,1656320035.19,3395000.740977159,2,
2205003,Itainópolis,2024,ok,ok,439503.79,439503.79,439503.79,new_observed,3488623.46,3488623.46,3538362.358342701,new_observed,1908904705.44,4266158.555455483,1,
2205003,Itainópolis,2025,ok,ok,291396.21,291396.21,291396.21,new_observed,4047837.8,4047837.8,4098934.7355227345,new_observed,2098799956.48,4390330.945522735,1,
2205102,Itaueira,2019,ok,ok,516337.68,516337.68,516337.68,new_observed,2294903.26,2294903.26,2268423.3619668954,new_observed,1070863084.17,4849682.454482319,1,
2205102,Itaueira,2020,ok,ok,438931.94,438931.94,438931.94,new_observed,2365121.6,2365121.6,2379836.203460069,new_observed,1128020932.43,4805647.156314469,1,
2205102,Itaueira,2021,ok,ok,338780.89,338780.89,338780.89,new_observed,2822599.03,2822599.03,2834851.2665045788,new_observed,1359727974.21,4308438.005734927,1,
2205102,Itaueira,2022,ok,ok,485326.05,485326.05,485326.05,new_observed,2347085.96,2347085.96,2395537.3623177805,new_observed,1371986319.82,3660784.5024191416,1,
2205102,Itaueira,2023,ok,ok,485313.13,485313.13,485313.13,new_observed,3016708.69,3016708.69,3008439.2715186304,new_observed,1656320035.19,4311753.552273292,1,
2205102,Itaueira,2024,ok,ok,787848.48,787848.48,787848.48,new_observed,3261336.36,3261336.36,3307834.7223286745,new_observed,1908904705.44,4392514.298483747,5,
2205102,Itaueira,2025,ok,ok,921203.03,921203.03,921203.03,new_observed,3691414.89,3691414.89,3738012.604123326,new_observed,2098799956.48,4659215.634123326,1,
2205151,Jacobina do Piauí,2019,ok,ok,121419.27,121419.27,121419.27,new_observed,1097280.36,1097280.36,1084619.3156096027,new_observed,1070863084.17,2100325.3348906524,1,
2205151,Jacobina do Piauí,2020,ok,ok,143873.96,143873.96,143873.96,new_observed,1079034.52,1079034.52,1085747.7330041542,new_observed,1128020932.43,2096351.2043507332,1,
2205151,Jacobina do Piauí,2021,ok,ok,177393.44,177393.44,177393.44,new_observed,1936160.76,1936160.76,1944565.1770958304,new_observed,1359727974.21,2880714.179100615,1,
2205151,Jacobina do Piauí,2022,ok,ok,256579.97,256579.97,256579.97,new_observed,1943969.94,1943969.94,1984099.7312653405,new_observed,1371986319.82,2847287.2022342514,1,
2205151,Jacobina do Piauí,2023,ok,ok,256987.59,256987.59,256987.59,new_observed,1915668.53,1915668.53,1910417.2888713249,new_observed,1656320035.19,2674864.9050304103,1,
2205151,Jacobina do Piauí,2024,ok,ok,693584.47,693584.47,693584.47,new_observed,2974122.76,2974122.76,3016526.186828516,new_observed,1908904705.44,3978997.716378648,1,
2205151,Jacobina do Piauí,2025,ok,ok,416157.13,416157.13,416157.13,new_observed,3015790.88,3015790.88,3053860.012153816,new_observed,2098799956.48,3470017.142153816,1,
2205201,Jaicós,2019,ok,ok,310306.24,310306.24,310306.24,new_observed,2332614.33,2332614.33,2305699.3002096126,new_observed,1070863084.17,4555793.469525963,1,
2205201,Jaicós,2020,ok,ok,328400.87,328400.87,328400.87,new_observed,2249668.62,2249668.62,2263664.932773035,new_observed,1128020932.43,4419148.017894675,1,
2205201,Jaicós,2021,ok,ok,419857.62,419857.62,419857.62,new_observed,2740275.82,2740275.82,2752170.7108709924,new_observed,1359727974.21,4306260.695015361,1,
2205201,Jaicós,2022,ok,ok,558063.18,558063.18,558063.18,new_observed,2409172.85,2409172.85,2458905.92539551,new_observed,1371986319.82,3833737.3782061627,1,
2205201,Jaicós,2023,ok,ok,498814.55,498814.55,498814.55,new_observed,2795130.33,2795130.33,2787468.3033398325,new_observed,1656320035.19,4055708.630211949,1,
2205201,Jaicós,2024,ok,ok,1380374.48,1380374.48,1380374.48,new_observed,3675843.86,3675843.86,3728252.045111552,new_observed,1908904705.44,5478869.812100537,1,
2205201,Jaicós,2025,ok,ok,874477.99,874477.99,874477.99,new_observed,4752650.79,4752650.79,4812644.767767268,new_observed,2098799956.48,5687122.757767268,1,
2205250,Jardim do Mulato,2019,ok,ok,144666.05,144666.05,144666.05,new_observed,445731.86,445731.86,440588.752484912,new_observed,1070863084.17,1019225.6729532105,1,
2205250,Jardim do Mulato,2020,ok,ok,155805.7,155805.7,155805.7,new_observed,478180.16,478180.16,481155.1577493218,new_observed,1128020932.43,1085938.6011682502,1,
2205250,Jardim do Mulato,2021,ok,ok,105364.85,105364.85,105364.85,new_observed,578881.91,578881.91,581394.6998061888,new_observed,1359727974.21,932326.3690538305,1,
2205250,Jardim do Mulato,2022,ok,ok,306860.61,306860.61,306860.61,new_observed,582651.51,582651.51,594679.310942609,new_observed,1371986319.82,1145609.110375563,1,
2205250,Jardim do Mulato,2023,ok,ok,328859.06,328859.06,328859.06,new_observed,950513.87,950513.87,947908.3161427676,new_observed,1656320035.19,1575700.174722548,1,
2205250,Jardim do Mulato,2024,ok,ok,435203.08,435203.08,435203.08,new_observed,2642598.39,2642598.39,2680275.122438415,new_observed,1908904705.44,3341269.789383234,2,
2205250,Jardim do Mulato,2025,ok,ok,275060.53,275060.53,275060.53,new_observed,2946624.65,2946624.65,2983820.6783958883,new_observed,2098799956.48,3258881.208395888,1,
2205276,Jatobá do Piauí,2019,ok,ok,66267.8,66267.8,66267.8,new_observed,579313.24,579313.24,572628.7946066777,new_observed,1070863084.17,1112643.2603725507,1,
2205276,Jatobá do Piauí,2020,ok,partial,,,109551.31719655874,imputed_temporal,603061.62,603061.62,606813.5677223864,new_observed,1128020932.43,1221312.5368546434,1,
2205276,Jatobá do Piauí,2021,ok,ok,178252.26,178252.26,178252.26,new_observed,745832.41,745832.41,749069.8925410822,new_observed,1359727974.21,1258907.7147391688,1,
2205276,Jatobá do Piauí,2022,ok,ok,214124.46,214124.46,214124.46,new_observed,623076.78,623076.78,635939.0885209232,new_observed,1371986319.82,1080196.8087730887,1,
2205276,Jatobá do Piauí,2023,ok,ok,257255.12,257255.12,257255.12,new_observed,1651096.66,1651096.66,1646570.6647390083,new_observed,1656320035.19,2349573.366071898,1,
2205276,Jatobá do Piauí,2024,ok,ok,468396.82,468396.82,468396.82,new_observed,2290303.58,2290303.58,2322957.4843968777,new_observed,1908904705.44,2993655.2922907197,1,
2205276,Jatobá do Piauí,2025,ok,ok,366963.97,366963.97,366963.97,new_observed,2416077.88,2416077.88,2446576.6750980313,new_observed,2098799956.48,2813540.6450980315,2,
2205300,Jerumenha,2019,ok,ok,94471.81,94471.81,94471.81,new_observed,1638022.15,1638022.15,1619121.719526967,new_observed,1070863084.17,2984236.1154232756,1,
2205300,Jerumenha,2020,ok,ok,193184.59,193184.59,193184.59,new_observed,1635858.45,1635858.45,1646035.9429494336,new_observed,1128020932.43,3135640.987184598,3,
2205300,Jerumenha,2021,ok,ok,274016.01,274016.01,274016.01,new_observed,1908930.63,1908930.63,1917216.8475254113,new_observed,1359727974.21,2974759.032305641,1,
2205300,Jerumenha,2022,ok,ok,626175.89,626175.89,626175.89,new_observed,1551217.55,1551217.55,1583239.6688649824,new_observed,1371986319.82,2807559.0820147037,1,
2205300,Jerumenha,2023,ok,ok,637613.7,637613.7,637613.7,new_observed,1776437.82,1776437.82,1771568.2388606586,new_observed,1656320035.19,2973249.8440472865,3,
2205300,Jerumenha,2024,ok,ok,1119663.14,1119663.14,1119663.14,new_observed,3338085.38,3338085.38,3385677.988167314,new_observed,1908904705.44,4831861.828026637,1,
2205300,Jerumenha,2025,ok,ok,743530.72,743530.72,743530.72,new_observed,3299241.82,3299241.82,3340889.0289248363,new_observed,2098799956.48,4084419.7489248365,1,
2205359,João Costa,2019,ok,ok,147594.06,147594.06,147594.06,new_observed,1137830.44,1137830.44,1124701.505741498,new_observed,1070863084.17,2215712.3678138372,1,
2205359,João Costa,2020,ok,ok,175465.0,175465.0,175465.0,new_observed,1760664.96,1760664.96,1771618.9366210913,new_observed,1128020932.43,3319534.6005446585,1,
2205359,João Costa,2021,ok,ok,230970.39,230970.39,230970.39,new_observed,2629948.89,2629948.89,2641364.877695297,new_observed,1359727974.21,3899405.420123196,1,
2205359,João Costa,2022,ok,ok,341180.91,341180.91,341180.91,new_observed,2660093.78,2660093.78,2715006.6703390502,new_observed,1371986319.82,3883573.2658320586,1,
2205359,João Costa,2023,ok,ok,406379.95,406379.95,406379.95,new_observed,3795335.22,3795335.22,3784931.4261848074,new_observed,1656320035.19,5172633.786839899,1,
2205359,João Costa,2024,ok,ok,660210.16,660210.16,660210.16,new_observed,4574557.51,4574557.51,4639779.066170103,new_observed,1908904705.44,5684101.359335011,1,
2205359,João Costa,2025,ok,ok,390575.0,390575.0,390575.0,new_observed,4503573.19,4503573.19,4560422.994829469,new_observed,2098799956.48,4950997.994829469,1,
2205409,Joaquim Pires,2019,ok,ok,297491.14,297491.14,297491.14,new_observed,1145612.3,1145612.3,1132393.5742182997,new_observed,1070863084.17,2490155.0639257287,1,
2205409,Joaquim Pires,2020,ok,ok,314386.95,314386.95,314386.95,new_observed,2003516.79,2003516.79,2015981.6692224639,new_observed,1128020932.43,3972987.049010743,1,
2205409,Joaquim Pires,2021,ok,ok,391161.03,391161.03,391161.03,new_observed,1746824.87,1746824.87,1754407.424663927,new_observed,1359727974.21,2912766.26216233,1,
2205409,Joaquim Pires,2022,ok,ok,554047.47,554047.47,554047.47,new_observed,2397726.43,2397726.43,2447223.2144756336,new_observed,1371986319.82,3813789.0058639618,1,
2205409,Joaquim Pires,2023,ok,ok,511899.56,511899.56,511899.56,new_observed,2246647.12,2246647.12,2240488.598536914,new_observed,1656320035.19,3396811.810318322,3,
2205409,Joaquim Pires,2024,ok,partial,,,1384311.5940022462,imputed_temporal,3669951.95,3669951.95,3722276.131459139,new_observed,1908904705.44,5476683.252209867,1,
2205409,Joaquim Pires,2025,ok,ok,2432356.28,2432356.28,2432356.28,new_observed,3892114.11,3892114.11,3941245.303874862,new_observed,2098799956.48,6373601.583874862,1,
2205458,Joca Marques,2019,ok,ok,368682.84,368682.84,368682.84,new_observed,320621.56,320621.56,316922.0462278967,new_observed,1070863084.17,1193986.1041356465,1,
2205458,Joca Marques,2020,ok,ok,327105.2,327105.2,327105.2,new_observed,353507.72,353507.72,355707.06819413643,new_observed,1128020932.43,1164109.5215855124,1,
2205458,Joca Marques,2021,ok,ok,311445.46,311445.46,311445.46,new_observed,460660.51,460660.51,462660.12859862193,new_observed,1359727974.21,1050905.0116392393,1,
2205458,Joca Marques,2022,ok,ok,549043.02,549043.02,549043.02,new_observed,471426.58,471426.58,481158.34069396084,new_observed,1371986319.82,1309102.389052646,1,
2205458,Joca Marques,2023,ok,ok,341192.56,341192.56,341192.56,new_observed,645761.63,645761.63,643991.4646620664,new_observed,1656320035.19,1215847.6702965957,1,
2205458,Joca Marques,2024,ok,ok,330779.92,330779.92,330779.92,new_observed,679215.05,679215.05,688898.9292469688,new_observed,1908904705.44,1093579.1915332156,1,
2205458,Joca Marques,2025,ok,ok,764275.37,764275.37,764275.37,new_observed,1847415.76,1847415.76,1870736.1815772688,new_observed,2098799956.48,2635011.5515772686,1,
2205508,José de Freitas,2019,ok,ok,1209277.8,1209277.8,1209277.8,new_observed,6316753.88,6316753.88,6243867.583850586,new_observed,1070863084.17,12979709.157822872,1,
2205508,José de Freitas,2020,ok,ok,920886.29,920886.29,920886.29,new_observed,7722568.06,7722568.06,7770614.01530999,new_observed,1128020932.43,14817921.0210061,1,
2205508,José de Freitas,2021,ok,ok,940846.04,940846.04,940846.04,new_observed,8471965.26,8471965.26,8508740.062556388,new_observed,1359727974.21,12828504.973166,1,
2205508,José de Freitas,2022,ok,ok,1600680.01,1600680.01,1600680.01,new_observed,5150209.59,5150209.59,5256526.478737207,new_observed,1371986319.82,8713622.151097016,1,
2205508,José de Freitas,2023,ok,ok,2201357.02,2201357.02,2201357.02,new_observed,6760986.92,6760986.92,6742453.665405721,new_observed,1656320035.19,11037847.867208773,1,
2205508,José de Freitas,2024,ok,ok,2669585.27,2669585.27,2669585.27,new_observed,6768432.02,6768432.02,6864932.647265249,new_observed,1908904705.44,10225523.853242645,1,
2205508,José de Freitas,2025,ok,ok,2837958.86,2837958.86,2837958.86,new_observed,9389518.48,9389518.48,9508044.874600615,new_observed,2098799956.48,12346003.734600615,1,
2205516,Juazeiro do Piauí,2019,ok,ok,58493.07,58493.07,58493.07,new_observed,797007.27,797007.27,787810.9471705825,new_observed,1070863084.17,1473844.8582759467,1,
2205516,Juazeiro do Piauí,2020,ok,ok,68899.33,68899.33,68899.33,new_observed,880341.84,880341.84,885818.8865437834,new_observed,1128020932.43,1627675.1576961507,1,
2205516,Juazeiro do Piauí,2021,ok,ok,148391.08,148391.08,148391.08,new_observed,1038319.54,1038319.54,1042826.6401712227,new_observed,1359727974.21,1617165.2685619628,1,
2205516,Juazeiro do Piauí,2022,ok,ok,181989.84,181989.84,181989.84,new_observed,1089632.9,1089632.9,1112126.4272573441,new_observed,1371986319.82,1644465.5984896848,1,
2205516,Juazeiro do Piauí,2023,ok,ok,133462.09,133462.09,133462.09,new_observed,1472147.59,1472147.59,1468112.1309155999,new_observed,1656320035.19,1976554.873568176,1,
2205516,Juazeiro do Piauí,2024,ok,ok,350625.96,350625.96,350625.96,new_observed,2533401.91,2533401.91,2569521.778339903,new_observed,1908904705.44,3131782.918915725,1,
2205516,Juazeiro do Piauí,2025,ok,ok,504914.05,504914.05,504914.05,new_observed,3693061.12,3693061.12,3739679.6149234273,new_observed,2098799956.48,4244593.664923428,1,
2205524,Júlio Borges,2019,ok,ok,313840.87,313840.87,313840.87,new_observed,831454.74,831454.74,821860.9426848394,new_observed,1070863084.17,1977833.311906446,6,
2205524,Júlio Borges,2020,ok,ok,232729.41,232729.41,232729.41,new_observed,1903232.71,1903232.71,1915073.671843096,new_observed,1128020932.43,3661735.640276134,1,
2205524,Júlio Borges,2021,ok,ok,228913.52,228913.52,228913.52,new_observed,2454854.08,2454854.08,2465510.022432033,new_observed,1359727974.21,3657877.2275067084,1,
2205524,Júlio Borges,2022,ok,ok,470375.98,470375.98,470375.98,new_observed,2501876.65,2501876.65,2553523.429957991,new_observed,1371986319.82,3842543.8878903417,1,
2205524,Júlio Borges,2023,ok,ok,611915.4,611915.4,611915.4,new_observed,3770955.79,3770955.79,3760618.82521264,new_observed,1656320035.19,5396286.803209689,1,
2205524,Júlio Borges,2024,ok,ok,519004.5,519004.5,519004.5,new_observed,4701396.87,4701396.87,4768426.832868399,new_observed,1908904705.44,5670633.343582423,1,
2205524,Júlio Borges,2025,ok,ok,704868.96,704868.96,704868.96,new_observed,5908872.2,5908872.2,5983461.468822847,new_observed,2098799956.48,6688330.428822847,1,
2205532,Jurema,2019,ok,ok,126952.38,126952.38,126952.38,new_observed,834574.85,834574.85,824945.051082466,new_observed,1070863084.17,1657736.5886757858,1,
2205532,Jurema,2020,ok,ok,179898.7,179898.7,179898.7,new_observed,837799.38,837799.38,843011.7486392242,new_observed,1128020932.43,1743934.3849804236,1,
2205532,Jurema,2021,ok,ok,227894.52,227894.52,227894.52,new_observed,1029149.16,1029149.16,1033616.4537150444,new_observed,1359727974.21,1712593.5066752683,1,
2205532,Jurema,2022,ok,ok,366724.03,366724.03,366724.03,new_observed,1038769.96,1038769.96,1060213.5126032392,new_observed,1371986319.82,1813244.8833036788,1,
2205532,Jurema,2023,ok,ok,328800.93,328800.93,328800.93,new_observed,1482037.13,1482037.13,1477974.561654066,new_observed,1656320035.19,2229800.4406132214,1,
2205532,Jurema,2024,ok,ok,417237.91,417237.91,417237.91,new_observed,2348617.48,2348617.48,2382102.7923081424,new_observed,1908904705.44,3002220.497480092,1,
2205532,Jurema,2025,ok,ok,575815.38,575815.38,575815.38,new_observed,2900127.54,2900127.54,2936736.622982299,new_observed,2098799956.48,3512552.002982299,1,
2205540,Lagoinha do Piauí,2019,ok,ok,68983.43,68983.43,68983.43,new_observed,237316.44,237316.44,234578.14804568933,new_observed,1070863084.17,528654.7882267614,1,
2205540,Lagoinha do Piauí,2020,ok,ok,109592.87,109592.87,109592.87,new_observed,256524.19,256524.19,258120.15518579233,new_observed,1128020932.43,626904.7200365902,5,
2205540,Lagoinha do Piauí,2021,ok,ok,47067.04,47067.04,47067.04,new_observed,258200.74,258200.74,259321.52849971736,new_observed,1359727974.21,415944.9135720895,1,
2205540,Lagoinha do Piauí,2022,ok,ok,56197.81,56197.81,56197.81,new_observed,265207.38,265207.38,270682.11321600224,new_observed,1371986319.82,415374.4158590127,1,
2205540,Lagoinha do Piauí,2023,ok,ok,63379.01,63379.01,63379.01,new_observed,603447.1,603447.1,601792.9274848312,new_observed,1656320035.19,820910.337857963,1,
2205540,Lagoinha do Piauí,2024,ok,partial,387724.42,387724.42,387724.42,new_observed,,,1331250.9971411314,imputed_temporal,1908904705.44,1843556.6730945986,1,
2205540,Lagoinha do Piauí,2025,ok,ok,95545.09,95545.09,95545.09,new_observed,2141610.02,2141610.02,2168644.1341403397,new_observed,2098799956.48,2264189.2241403395,1,
2205557,Lagoa Alegre,2019,ok,ok,185151.04,185151.04,185151.04,new_observed,715746.25,715746.25,707487.5630008902,new_observed,1070863084.17,1554536.8905726338,1,
2205557,Lagoa Alegre,2020,ok,ok,118807.85,118807.85,118807.85,new_observed,751872.71,751872.71,756550.485882685,new_observed,1128020932.43,1492376.4862856246,1,
2205557,Lagoa Alegre,2021,ok,ok,582716.41,582716.41,582716.41,new_observed,1090811.81,1090811.81,1095546.7667317425,new_observed,1359727974.21,2278365.134231661,1,
2205557,Lagoa Alegre,2022,ok,ok,690198.26,690198.26,690198.26,new_observed,944737.69,944737.69,964240.1141476698,new_observed,1371986319.82,2102335.8255692376,1,
2205557,Lagoa Alegre,2023,ok,ok,1054031.03,1054031.03,1054031.03,new_observed,1230940.29,1230940.29,1227566.0296952743,new_observed,1656320035.19,2815793.1920765904,1,
2205557,Lagoa Alegre,2024,ok,ok,1268618.51,1268618.51,1268618.51,new_observed,2356540.25,2356540.25,2390138.520859313,new_observed,1908904705.44,3923922.280802855,1,
2205557,Lagoa Alegre,2025,ok,ok,378475.03,378475.03,378475.03,new_observed,2229766.15,2229766.15,2257913.082467829,new_observed,2098799956.48,2636388.112467829,1,
2205565,Lagoa do Barro do Piauí,2019,ok,ok,6169104.43,6169104.43,6169104.43,new_observed,898217.29,898217.29,887853.1484410346,new_observed,1070863084.17,12289745.092820916,1,
2205565,Lagoa do Barro do Piauí,2020,ok,ok,7178830.64,7178830.64,7178830.64,new_observed,1883787.67,1883787.67,1895507.654531458,new_observed,1128020932.43,15470611.913125,1,
2205565,Lagoa do Barro do Piauí,2021,ok,ok,6572199.59,6572199.59,6572199.59,new_observed,7060100.21,7060100.21,7090746.43945008,new_observed,1359727974.21,18548449.549497403,1,
2205565,Lagoa do Barro do Piauí,2022,ok,ok,5035290.58,5035290.58,5035290.58,new_observed,10382107.77,10382107.77,10596427.862678166,new_observed,1371986319.82,19863611.852078825,1,
2205565,Lagoa do Barro do Piauí,2023,ok,ok,6844745.69,6844745.69,6844745.69,new_observed,37140939.55,37140939.55,37039128.60188018,new_observed,1656320035.19,54158517.582208216,1,
2205565,Lagoa do Barro do Piauí,2024,ok,ok,7931506.99,7931506.99,7931506.99,new_observed,44054727.5,44054727.5,44682835.87505459,new_observed,1908904705.44,56427521.83779187,1,
2205565,Lagoa do Barro do Piauí,2025,ok,ok,7588752.16,7588752.16,7588752.16,new_observed,28079585.27,28079585.27,28434041.35963045,new_observed,2098799956.48,36022793.51963045,1,
2205573,Lagoa de São Francisco,2019,ok,ok,119003.4,119003.4,119003.4,new_observed,400974.01,400974.01,396347.3439945994,new_observed,1070863084.17,897487.2254352404,1,
2205573,Lagoa de São Francisco,2020,ok,ok,115785.07,115785.07,115785.07,new_observed,417868.79,417868.79,420468.56057551235,new_observed,1128020932.43,914245.3737522265,1,
2205573,Lagoa de São Francisco,2021,ok,ok,120723.82,120723.82,120723.82,new_observed,526076.56,526076.56,528360.1342392485,new_observed,1359727974.21,881178.9897028204,1,
2205573,Lagoa de São Francisco,2022,ok,ok,380738.43,380738.43,380738.43,new_observed,641268.39,641268.39,654506.2318545716,new_observed,1371986319.82,1315511.0367694576,1,
2205573,Lagoa de São Francisco,2023,ok,ok,234108.89,234108.89,234108.89,new_observed,1136536.58,1136536.58,1133421.099665237,new_observed,1656320035.19,1687713.2701837514,1,
2205573,Lagoa de São Francisco,2024,ok,ok,593593.76,593593.76,593593.76,new_observed,2504685.96,2504685.96,2540396.411922728,new_observed,1908904705.44,3361123.3978377916,1,
2205573,Lagoa de São Francisco,2025,ok,ok,737602.4,737602.4,737602.4,new_observed,2770905.06,2770905.06,2805882.933172299,new_observed,2098799956.48,3543485.333172299,1,
2205581,Lagoa do Piauí,2019,ok,ok,172867.73,172867.73,172867.73,new_observed,1481084.91,1481084.91,1463995.3105912781,new_observed,1070863084.17,2850609.3875614014,1,
2205581,Lagoa do Piauí,2020,ok,ok,261575.73,261575.73,261575.73,new_observed,2027944.42,2027944.42,2040561.2757165767,new_observed,1128020932.43,3924855.6787604042,1,
2205581,Lagoa do Piauí,2021,ok,ok,207313.61,207313.61,207313.61,new_observed,4022956.48,4022956.48,4040419.185016444,new_observed,1359727974.21,5766608.261372112,1,
2205581,Lagoa do Piauí,2022,ok,ok,641129.33,641129.33,641129.33,new_observed,2333948.77,2333948.77,2382128.9784676777,new_observed,1371986319.82,3841729.2243453152,1,
2205581,Lagoa do Piauí,2023,ok,ok,361462.97,361462.97,361462.97,new_observed,2437883.47,2437883.47,2431200.7304006913,new_observed,1656320035.19,3446517.1674081343,1,
2205581,Lagoa do Piauí,2024,ok,ok,554093.95,554093.95,554093.95,new_observed,2853933.86,2853933.86,2894623.6987765045,new_observed,1908904705.44,3698660.4762475444,1,
2205581,Lagoa do Piauí,2025,ok,ok,512681.0,512681.0,512681.0,new_observed,3149591.5,3149591.5,3189349.633045364,new_observed,2098799956.48,3702030.633045364,1,
2205599,Lagoa do Sítio,2019,ok,ok,129325.5,129325.5,129325.5,new_observed,668551.6,668551.6,660837.4716938384,new_observed,1070863084.17,1376074.8022022822,1,
2205599,Lagoa do Sítio,2020,ok,ok,133967.31,133967.31,133967.31,new_observed,689445.26,689445.26,693734.6435176696,new_observed,1128020932.43,1411128.314482623,1,
2205599,Lagoa do Sítio,2021,ok,ok,133689.99,133689.99,133689.99,new_observed,785381.85,785381.85,788791.0073299393,new_observed,1359727974.21,1252335.492101268,1,
2205599,Lagoa do Sítio,2022,ok,ok,394182.36,394182.36,394182.36,new_observed,894401.74,894401.74,912865.0682619367,new_observed,1371986319.82,1660897.5451073179,1,
2205599,Lagoa do Sítio,2023,ok,ok,546261.12,546261.12,546261.12,new_observed,1204483.3,1204483.3,1201181.5637420253,new_observed,1656320035.19,2156575.8912233193,1,
2205599,Lagoa do Sítio,2024,ok,ok,691367.84,691367.84,691367.84,new_observed,2465328.0,2465328.0,2500477.307507499,new_observed,1908904705.44,3423171.3627170194,1,
2205599,Lagoa do Sítio,2025,ok,ok,779071.06,779071.06,779071.06,new_observed,2629742.71,2629742.71,2662938.6532006515,new_observed,2098799956.48,3442009.7132006516,1,
2205607,Landri Sales,2019,ok,ok,243724.35,243724.35,243724.35,new_observed,1854460.63,1854460.63,1833062.809340315,new_observed,1070863084.17,3616740.5736303865,1,
2205607,Landri Sales,2020,ok,ok,201173.26,201173.26,201173.26,new_observed,4785266.68,4785266.68,4815038.215487597,new_observed,1128020932.43,8552013.214913951,1,
2205607,Landri Sales,2021,ok,ok,243142.95,243142.95,243142.95,new_observed,5099453.3,5099453.3,5121588.823753673,new_observed,1359727974.21,7283016.154610457,1,
2205607,Landri Sales,2022,ok,ok,445502.31,445502.31,445502.31,new_observed,3948747.63,3948747.63,4030262.4800451645,new_observed,1371986319.82,5687465.191794118,1,
2205607,Landri Sales,2023,ok,ok,258876.8,258876.8,258876.8,new_observed,3941343.11,3941343.11,3930539.078552319,new_observed,1656320035.19,5170294.491517581,1,
2205607,Landri Sales,2024,ok,ok,216942.8,216942.8,216942.8,new_observed,5948555.78,5948555.78,6033367.057175586,new_observed,1908904705.44,6703295.655774322,1,
2205607,Landri Sales,2025,ok,ok,317254.7,317254.7,317254.7,new_observed,6000148.02,6000148.02,6075889.487828776,new_observed,2098799956.48,6393144.187828776,1,
2205706,Luís Correia,2019,ok,ok,1835583.45,1835583.45,1835583.45,new_observed,2724400.72,2724400.72,2692965.0361851994,new_observed,1070863084.17,7886501.501117275,1,
2205706,Luís Correia,2020,ok,ok,2169393.78,2169393.78,2169393.78,new_observed,4299838.18,4299838.18,4326589.622192725,new_observed,1128020932.43,11074839.282770434,1,
2205706,Luís Correia,2021,ok,ok,1763329.85,1763329.85,1763329.85,new_observed,5194909.29,5194909.29,5217459.16568706,new_observed,1359727974.21,9476932.178028125,1,
2205706,Luís Correia,2022,ok,ok,5249967.35,5249967.35,5249967.35,new_observed,5106364.62,5106364.62,5211776.40755332,new_observed,1371986319.82,13293996.94972655,1,
2205706,Luís Correia,2023,ok,ok,5991739.85,5991739.85,5991739.85,new_observed,5904056.73,5904056.73,5887872.497163745,new_observed,1656320035.19,14661016.251537535,1,
2205706,Luís Correia,2024,ok,ok,7524729.85,7524729.85,7524729.85,new_observed,6244619.5,6244619.5,6333651.892879497,new_observed,1908904705.44,14862755.968243292,1,
2205706,Luís Correia,2025,ok,ok,6081866.38,6081866.38,6081866.38,new_observed,6214277.97,6214277.97,6292722.457265137,new_observed,2098799956.48,12374588.837265138,1,
2205805,Luzilândia,2019,ok,ok,680056.62,680056.62,680056.62,new_observed,2467268.06,2467268.06,2438799.3189476496,new_observed,1070863084.17,5431511.24898285,1,
2205805,Luzilândia,2020,ok,ok,920403.59,920403.59,920403.59,new_observed,2492750.99,2492750.99,2508259.6396789616,new_observed,1128020932.43,5845442.001994904,1,
2205805,Luzilândia,2021,ok,ok,1013506.93,1013506.93,1013506.93,new_observed,3048973.37,3048973.37,3062208.2441101233,new_observed,1359727974.21,5533081.7469492275,1,
2205805,Luzilândia,2022,ok,ok,1597331.56,1597331.56,1597331.56,new_observed,3277428.38,3277428.38,3345085.041798229,new_observed,1371986319.82,6280451.208828859,1,
2205805,Luzilândia,2023,ok,ok,2438035.65,2438035.65,2438035.65,new_observed,3701279.66,3701279.66,3691133.691804072,new_observed,1656320035.19,7564207.375004888,1,
2205805,Luzilândia,2024,ok,ok,3482697.49,3482697.49,3482697.49,new_observed,4344808.98,4344808.98,4406754.906424137,new_observed,1908904705.44,8461233.632229276,1,
2205805,Luzilândia,2025,ok,ok,3529323.4,3529323.4,3529323.4,new_observed,4519626.13,4519626.13,4576678.575370087,new_observed,2098799956.48,8106001.975370087,1,
2205854,Madeiro,2019,ok,ok,143645.91,143645.91,143645.91,new_observed,501626.29,501626.29,495838.2407861414,new_observed,1070863084.17,1113666.4939109497,6,
2205854,Madeiro,2020,ok,ok,174679.84,174679.84,174679.84,new_observed,530337.45,530337.45,533636.9443163913,new_observed,1128020932.43,1207591.53186027,1,
2205854,Madeiro,2021,ok,ok,171439.16,171439.16,171439.16,new_observed,656580.33,656580.33,659430.3903174283,new_observed,1359727974.21,1127966.2455708834,1,
2205854,Madeiro,2022,ok,ok,246757.49,246757.49,246757.49,new_observed,675170.53,675170.53,689108.2210516473,new_observed,1371986319.82,1189227.7421812832,1,
2205854,Madeiro,2023,ok,ok,181508.18,181508.18,181508.18,new_observed,891633.45,891633.45,889189.299474469,new_observed,1656320035.19,1321382.6081457317,1,
2205854,Madeiro,2024,ok,ok,63637.14,63637.14,63637.14,new_observed,722952.14,722952.14,733259.5989190828,new_observed,1908904705.44,854651.1405293593,1,
2205854,Madeiro,2025,ok,ok,159801.24,159801.24,159801.24,new_observed,1841426.16,1841426.16,1864670.973259908,new_observed,2098799956.48,2024472.213259908,1,
2205904,Manoel Emídio,2019,ok,ok,210344.68,210344.68,210344.68,new_observed,1070197.53,1070197.53,1057848.9826936182,new_observed,1070863084.17,2208568.8725761846,1,
2205904,Manoel Emídio,2020,ok,ok,321432.95,321432.95,321432.95,new_observed,1295006.61,1295006.61,1303063.493309644,new_observed,1128020932.43,2769563.268744438,1,
2205904,Manoel Emídio,2021,ok,ok,239490.11,239490.11,239490.11,new_observed,2201815.82,2201815.82,2211373.383040105,new_observed,1359727974.21,3327226.628530354,1,
2205904,Manoel Emídio,2022,ok,ok,173277.44,173277.44,173277.44,new_observed,1479723.3,1479723.3,1510269.5476232842,new_observed,1371986319.82,2139324.861787621,1,
2205904,Manoel Emídio,2023,ok,ok,145891.72,145891.72,145891.72,new_observed,1601343.27,1601343.27,1596953.6590057896,new_observed,1656320035.19,2150902.207816696,1,
2205904,Manoel Emídio,2024,ok,ok,290518.3,290518.3,290518.3,new_observed,3451030.11,3451030.11,3500233.022778352,new_observed,1908904705.44,4065482.74481603,1,
2205904,Manoel Emídio,2025,ok,ok,1010412.16,1010412.16,1010412.16,new_observed,3961248.68,3961248.68,4011252.5779801705,new_observed,2098799956.48,5021664.73798017,1,
2205953,Marcolândia,2019,ok,ok,1088232.37,1088232.37,1088232.37,new_observed,2381365.25,2381365.25,2353887.7043889584,new_observed,1070863084.17,5994478.19019868,1,
2205953,Marcolândia,2020,ok,ok,1169296.3,1169296.3,1169296.3,new_observed,3753986.38,3753986.38,3777341.805351576,new_observed,1128020932.43,8433399.320002051,1,
2205953,Marcolândia,2021,ok,ok,1415988.72,1415988.72,1415988.72,new_observed,5000165.3,5000165.3,5021869.8379688915,new_observed,1359727974.21,8739864.33174049,1,
2205953,Marcolândia,2022,ok,ok,3226624.95,3226624.95,3226624.95,new_observed,5476193.8,5476193.8,5589240.051179456,new_observed,1371986319.82,11202538.042500267,1,
2205953,Marcolândia,2023,ok,ok,3094042.67,3094042.67,3094042.67,new_observed,7790744.99,7790744.99,7769388.956910859,new_observed,1656320035.19,13406914.550341567,1,
2205953,Marcolândia,2024,ok,ok,3491086.69,3491086.69,3491086.69,new_observed,9472757.98,9472757.98,9607815.41786755,new_observed,1908904705.44,14048233.703850275,1,
2205953,Marcolândia,2025,ok,ok,4654779.25,4654779.25,4654779.25,new_observed,10986914.15,10986914.15,11125604.895937588,new_observed,2098799956.48,15780384.145937588,1,
2206001,Marcos Parente,2019,ok,ok,121800.48,121800.48,121800.48,new_observed,1103100.45,1103100.45,1090372.2501035603,new_observed,1070863084.17,2111007.9940047693,1,
2206001,Marcos Parente,2020,ok,ok,101749.06,101749.06,101749.06,new_observed,1123812.15,1123812.15,1130803.9470183256,new_observed,1128020932.43,2101348.728141099,1,
2206001,Marcos Parente,2021,ok,ok,48951.02,48951.02,48951.02,new_observed,1188617.73,1188617.73,1193777.239156884,new_observed,1359727974.21,1687094.5965109668,1,
2206001,Marcos Parente,2022,ok,ok,356738.89,356738.89,356738.89,new_observed,904457.03,904457.03,923127.9317848135,new_observed,1371986319.82,1626358.4751422647,1,
2206001,Marcos Parente,2023,ok,ok,283223.41,283223.41,283223.41,new_observed,1440598.26,1440598.26,1436649.2841128146,new_observed,1656320035.19,2122550.8696825206,1,
2206001,Marcos Parente,2024,ok,ok,403153.16,403153.16,403153.16,new_observed,2110976.97,2110976.97,2141074.1329980996,new_observed,1908904705.44,2728617.964576139,1,
2206001,Marcos Parente,2025,ok,ok,788665.98,788665.98,788665.98,new_observed,2441259.15,2441259.15,2472075.8149814466,new_observed,2098799956.48,3260741.7949814466,1,
2206050,Massapê do Piauí,2019,ok,ok,104491.12,104491.12,104491.12,new_observed,562373.47,562373.47,555884.4852999988,new_observed,1070863084.17,1150049.120239602,1,
2206050,Massapê do Piauí,2020,ok,ok,72960.88,72960.88,72960.88,new_observed,590296.81,590296.81,593969.3414600712,new_observed,1128020932.43,1137032.618186737,1,
2206050,Massapê do Piauí,2021,ok,ok,70929.54,70929.54,70929.54,new_observed,737664.12,737664.12,740866.1459211889,new_observed,1359727974.21,1102072.0781852393,1,
2206050,Massapê do Piauí,2022,ok,ok,145549.22,145549.22,145549.22,new_observed,1050835.79,1050835.79,1072528.4201375057,new_observed,1371986319.82,1547841.4313891768,1,
2206050,Massapê do Piauí,2023,ok,ok,153327.79,153327.79,153327.79,new_observed,1209629.18,1209629.18,1206313.3378274182,new_observed,1656320035.19,1677977.3690254947,1,
2206050,Massapê do Piauí,2024,ok,ok,380347.17,380347.17,380347.17,new_observed,2473475.84,2473475.84,2508741.314984476,new_observed,1908904705.44,3098472.673048473,1,
2206050,Massapê do Piauí,2025,ok,ok,255354.27,255354.27,255354.27,new_observed,2172647.99,2172647.99,2200073.904708991,new_observed,2098799956.48,2455428.174708991,1,
2206100,Matias Olímpio,2019,ok,ok,207411.3,207411.3,207411.3,new_observed,883610.72,883610.72,873415.1173467718,new_observed,1070863084.17,1882267.39513901,2,
2206100,Matias Olímpio,2020,ok,ok,407117.52,407117.52,407117.52,new_observed,875180.15,875180.15,880625.0830907018,new_observed,1128020932.43,2195440.0871763257,1,
2206100,Matias Olímpio,2021,ok,ok,208236.95,208236.95,208236.95,new_observed,1073092.74,1073092.74,1077750.7824290115,new_observed,1359727974.21,1745822.498662988,1,
2206100,Matias Olímpio,2022,ok,ok,319459.62,319459.62,319459.62,new_observed,1091476.92,1091476.92,1114008.5137604142,new_observed,1371986319.82,1821543.4672620858,1,
2206100,Matias Olímpio,2023,ok,ok,466815.07,466815.07,466815.07,new_observed,203800.91,203800.91,203242.24982268142,new_observed,1656320035.19,826939.5472089986,1,
2206100,Matias Olímpio,2024,ok,ok,725124.74,725124.74,725124.74,new_observed,2649595.71,2649595.71,2687372.206426171,new_observed,1908904705.44,3659814.709835605,1,
2206100,Matias Olímpio,2025,ok,ok,945609.64,945609.64,945609.64,new_observed,3425318.4,3425318.4,3468557.1072005793,new_observed,2098799956.48,4414166.747200579,1,
2206209,Miguel Alves,2019,ok,ok,750908.85,750908.85,750908.85,new_observed,2690254.0,2690254.0,2659212.3204465224,new_observed,1070863084.17,5938751.856529961,4,
2206209,Miguel Alves,2020,ok,ok,1260917.34,1260917.34,1260917.34,new_observed,2798395.54,2798395.54,2815805.7571725654,new_observed,1128020932.43,6950303.026683254,1,
2206209,Miguel Alves,2021,ok,ok,988337.99,988337.99,988337.99,new_observed,3730062.52,3730062.52,3746253.8414332494,new_observed,1359727974.21,6427555.048048213,1,
2206209,Miguel Alves,2022,ok,ok,1455059.97,1455059.97,1455059.97,new_observed,4656541.32,4656541.32,4752667.308033557,new_observed,1371986319.82,7888312.82923838,1,
2206209,Miguel Alves,2023,ok,ok,1684501.91,1684501.91,1684501.91,new_observed,5127419.76,5127419.76,5113364.448704734,new_observed,1656320035.19,8389468.12810311,1,
2206209,Miguel Alves,2024,ok,ok,1872701.01,1872701.01,1872701.01,new_observed,6417528.6,6417528.6,6509026.236906557,new_observed,1908904705.44,8989185.67654231,1,
2206209,Miguel Alves,2025,ok,ok,1533619.41,1533619.41,1533619.41,new_observed,7227691.72,7227691.72,7318928.799162373,new_observed,2098799956.48,8852548.209162373,1,
2206308,Miguel Leão,2019,ok,ok,29145.02,29145.02,29145.02,new_observed,234929.53,234929.53,232218.77956977702,new_observed,1070863084.17,455167.03728199063,1,
2206308,Miguel Leão,2020,ok,ok,34961.16,34961.16,34961.16,new_observed,241232.5,241232.5,242733.32794017065,new_observed,1128020932.43,473434.3721707342,1,
2206308,Miguel Leão,2021,ok,ok,32631.58,32631.58,32631.58,new_observed,327074.31,327074.31,328494.0624189938,new_observed,1359727974.21,490254.498919963,1,
2206308,Miguel Leão,2022,ok,ok,71295.52,71295.52,71295.52,new_observed,1106962.05,1106962.05,1129813.306642967,new_observed,1371986319.82,1526278.739732348,4,
2206308,Miguel Leão,2023,ok,ok,80963.65,80963.65,80963.65,new_observed,831391.92,831391.92,829112.9038884015,new_observed,1656320035.19,1123155.0960403758,1,
2206308,Miguel Leão,2024,ok,ok,460322.22,460322.22,460322.22,new_observed,1793371.13,1793371.13,1818940.0414484728,new_observed,1908904705.44,2444449.8216352495,1,
2206308,Miguel Leão,2025,ok,ok,149998.2,149998.2,149998.2,new_observed,2727006.86,2727006.86,2761430.5944923935,new_observed,2098799956.48,2911428.7944923937,1,
2206357,Milton Brandão,2019,ok,ok,209704.88,209704.88,209704.88,new_observed,956567.32,956567.32,945529.9026339189,new_observed,1070863084.17,2011850.1270724158,1,
2206357,Milton Brandão,2020,ok,ok,183173.22,183173.22,183173.22,new_observed,984719.21,984719.21,990845.640325892,new_observed,1128020932.43,2001555.328583768,1,
2206357,Milton Brandão,2021,ok,ok,144361.61,144361.61,144361.61,new_observed,1201146.59,1201146.59,1206360.483982437,new_observed,1359727974.21,1833704.1339124078,1,
2206357,Milton Brandão,2022,ok,ok,248089.49,248089.49,248089.49,new_observed,1215365.58,1215365.58,1240454.6341221433,new_observed,1371986319.82,1891529.8925502568,1,
2206357,Milton Brandão,2023,ok,ok,188711.73,188711.73,188711.73,new_observed,1343097.4,1343097.4,1339415.6940074204,new_observed,1656320035.19,1885911.7909804445,1,
2206357,Milton Brandão,2024,ok,ok,345735.52,345735.52,345735.52,new_observed,2894692.1,2894692.1,2935963.047623371,new_observed,1908904705.44,3519536.831706962,1,
2206357,Milton Brandão,2025,ok,ok,471389.95,471389.95,471389.95,new_observed,2902050.69,2902050.69,2938684.049417375,new_observed,2098799956.48,3410073.9994173753,1,
2206407,Monsenhor Gil,2019,ok,ok,571383.51,571383.51,571383.51,new_observed,1723695.39,1723695.39,1703806.4129947855,new_observed,1070863084.17,3962260.48981547,1,
2206407,Monsenhor Gil,2020,ok,ok,434071.75,434071.75,434071.75,new_observed,1495767.46,1495767.46,1505073.3768891674,new_observed,1128020932.43,3305999.9228162835,1,
2206407,Monsenhor Gil,2021,ok,ok,519569.72,519569.72,519569.72,new_observed,1716961.21,1716961.21,1724414.133561059,new_observed,1359727974.21,3046372.371518424,1,
2206407,Monsenhor Gil,2022,ok,ok,589648.45,589648.45,589648.45,new_observed,1941233.62,1941233.62,1981306.9248206813,new_observed,1371986319.82,3266976.6821685624,1,
2206407,Monsenhor Gil,2023,ok,ok,616660.03,616660.03,616660.03,new_observed,2912256.0,2912256.0,2904272.907807933,new_observed,1656320035.19,4345297.936771505,1,
2206407,Monsenhor Gil,2024,ok,ok,1277672.04,1277672.04,1277672.04,new_observed,4075573.61,4075573.61,4133680.9247619053,new_observed,1908904705.44,5803536.088519868,1,
2206407,Monsenhor Gil,2025,ok,ok,450371.58,450371.58,450371.58,new_observed,3447046.05,3447046.05,3490559.0311181536,new_observed,2098799956.48,3940930.6111181537,1,
2206506,Monsenhor Hipólito,2019,ok,ok,165152.98,165152.98,165152.98,new_observed,744128.83,744128.83,735542.6486627121,new_observed,1070863084.17,1568568.261810093,1,
2206506,Monsenhor Hipólito,2020,ok,ok,185029.26,185029.26,185029.26,new_observed,759470.36,759470.36,764195.404660315,new_observed,1128020932.43,1618309.3387840465,1,
2206506,Monsenhor Hipólito,2021,ok,ok,211229.71,211229.71,211229.71,new_observed,926246.29,926246.29,930266.9066323842,new_observed,1359727974.21,1549665.2302431697,1,
2206506,Monsenhor Hipólito,2022,ok,absent_dca,,,304335.2596430606,imputed_temporal,,,1128341.1317813962,imputed_temporal,1371986319.82,1820537.3806628431,1,
2206506,Monsenhor Hipólito,2023,ok,ok,422542.26,422542.26,422542.26,new_observed,1597213.9,1597213.9,1592835.6084575837,new_observed,1656320035.19,2487243.4233512823,1,
2206506,Monsenhor Hipólito,2024,ok,ok,586603.16,586603.16,586603.16,new_observed,2978448.35,2978448.35,3020913.448741163,new_observed,1908904705.44,3868968.2534292666,1,
2206506,Monsenhor Hipólito,2025,ok,ok,520555.05,520555.05,520555.05,new_observed,3611755.28,3611755.28,3657347.4296325906,new_observed,2098799956.48,4177902.4796325904,1,
2206605,Monte Alegre do Piauí,2019,ok,ok,491943.38,491943.38,491943.38,new_observed,6055952.09,6055952.09,5986075.073120184,new_observed,1070863084.17,11281518.219502268,1,
2206605,Monte Alegre do Piauí,2020,ok,ok,1546716.02,1546716.02,1546716.02,new_observed,9022246.09,9022246.09,9078377.99185803,new_observed,1128020932.43,18114456.466427267,1,
2206605,Monte Alegre do Piauí,2021,ok,ok,1024182.18,1024182.18,1024182.18,new_observed,11894109.88,11894109.88,11945739.405027227,new_observed,1359727974.21,17607618.127325483,1,
2206605,Monte Alegre do Piauí,2022,ok,ok,948300.87,948300.87,948300.87,new_observed,10960192.07,10960192.07,11186445.68171847,new_observed,1371986319.82,15419923.043687481,1,
2206605,Monte Alegre do Piauí,2023,ok,ok,1861912.88,1861912.88,1861912.88,new_observed,16120299.0,16120299.0,16076109.947567564,new_observed,1656320035.19,22137897.812651105,1,
2206605,Monte Alegre do Piauí,2024,ok,ok,2777674.81,2777674.81,2777674.81,new_observed,21798324.99,21798324.99,22109113.66729645,new_observed,1908904705.44,26690436.938020956,3,
2206605,Monte Alegre do Piauí,2025,ok,ok,1328200.28,1328200.28,1328200.28,new_observed,26261333.79,26261333.79,26592837.60653352,new_observed,2098799956.48,27921037.88653352,1,
2206654,Morro Cabeça no Tempo,2019,ok,ok,73779.15,73779.15,73779.15,new_observed,1153066.29,1153066.29,1139761.5558454937,new_observed,1070863084.17,2113390.334124382,1,
2206654,Morro Cabeça no Tempo,2020,ok,ok,122256.64,122256.64,122256.64,new_observed,1166091.56,1166091.56,1173346.398357374,new_observed,1128020932.43,2208841.1462433217,1,
2206654,Morro Cabeça no Tempo,2021,ok,ok,105937.16,105937.16,105937.16,new_observed,1420398.49,1420398.49,1426564.1047562084,new_observed,1359727974.21,2080482.6669593158,1,
2206654,Morro Cabeça no Tempo,2022,ok,ok,978811.82,978811.82,978811.82,new_observed,1761875.59,1761875.59,1798246.368275614,new_observed,1371986319.82,3528876.632778777,1,
2206654,Morro Cabeça no Tempo,2023,ok,ok,450475.07,450475.07,450475.07,new_observed,2350713.4,2350713.4,2344269.611476832,new_observed,1656320035.19,3449085.3738853196,4,
2206654,Morro Cabeça no Tempo,2024,ok,ok,859593.68,859593.68,859593.68,new_observed,3330179.08,3330179.08,3377658.9644364566,new_observed,1908904705.44,4544343.863410359,2,
2206654,Morro Cabeça no Tempo,2025,ok,ok,732838.29,732838.29,732838.29,new_observed,3100023.36,3100023.36,3139155.7812014846,new_observed,2098799956.48,3871994.0712014847,1,
2206670,Morro do Chapéu do Piauí,2019,ok,ok,148297.94,148297.94,148297.94,new_observed,535417.89,535417.89,529239.9341011968,new_observed,1070863084.17,1179937.3413939357,1,
2206670,Morro do Chapéu do Piauí,2020,ok,ok,152987.12,152987.12,152987.12,new_observed,524723.52,524723.52,527988.0872522595,new_observed,1128020932.43,1160977.5624310179,1,
2206670,Morro do Chapéu do Piauí,2021,ok,ok,163032.49,163032.49,163032.49,new_observed,684660.79,684660.79,687632.7409697742,new_observed,1359727974.21,1154840.3313710142,1,
2206670,Morro do Chapéu do Piauí,2022,ok,ok,339076.28,339076.28,339076.28,new_observed,695735.72,695735.72,710097.9427098024,new_observed,1371986319.82,1333211.674809533,1,
2206670,Morro do Chapéu do Piauí,2023,ok,ok,237839.32,237839.32,237839.32,new_observed,909386.06,909386.06,906893.2459221305,new_observed,1656320035.19,1412751.7180016018,1,
2206670,Morro do Chapéu do Piauí,2024,ok,ok,457524.47,457524.47,457524.47,new_observed,1934550.29,1934550.29,1962132.0572260777,new_observed,1908904705.44,2595019.0403440185,1,
2206670,Morro do Chapéu do Piauí,2025,ok,ok,380503.62,380503.62,380503.62,new_observed,1916950.94,1916950.94,1941149.1226893917,new_observed,2098799956.48,2321652.7426893916,1,
2206696,Murici dos Portelas,2019,ok,ok,179810.24,179810.24,179810.24,new_observed,622682.84,622682.84,615497.9715144483,new_observed,1070863084.17,1385035.2763349179,1,
2206696,Murici dos Portelas,2020,ok,ok,129447.63,129447.63,129447.63,new_observed,919018.61,919018.61,924736.2840589464,new_observed,1128020932.43,1797251.7323156695,1,
2206696,Murici dos Portelas,2021,ok,ok,164885.26,164885.26,164885.26,new_observed,1318011.94,1318011.94,1323733.118896862,new_observed,1359727974.21,2020908.4365778174,1,
2206696,Murici dos Portelas,2022,ok,ok,83991.06,83991.06,83991.06,new_observed,1181354.95,1181354.95,1205741.9153425696,new_observed,1371986319.82,1638895.6408712233,1,
2206696,Murici dos Portelas,2023,ok,ok,228311.25,228311.25,228311.25,new_observed,1492407.3,1492407.3,1488316.3048869283,new_observed,1656320035.19,2118545.937742079,1,
2206696,Murici dos Portelas,2024,ok,ok,181024.65,181024.65,181024.65,new_observed,1533273.31,1533273.31,1555133.8880108085,new_observed,1908904705.44,1861985.1257810069,1,
2206696,Murici dos Portelas,2025,ok,ok,139268.02,139268.02,139268.02,new_observed,2547185.94,2547185.94,2579339.7470869827,new_observed,2098799956.48,2718607.7670869827,1,
2206704,Nazaré do Piauí,2019,ok,ok,373889.26,373889.26,373889.26,new_observed,1128633.74,1128633.74,1115610.9224926855,new_observed,1070863084.17,2593975.8536268915,1,
2206704,Nazaré do Piauí,2020,ok,partial,,,363972.33999964455,imputed_temporal,1163494.32,1163494.32,1170732.9996293446,new_observed,1128020932.43,2616480.666662948,1,
2206704,Nazaré do Piauí,2021,ok,ok,416546.55,416546.55,416546.55,new_observed,1401230.11,1401230.11,1407312.519340677,new_observed,1359727974.21,2476022.218058959,1,
2206704,Nazaré do Piauí,2022,ok,ok,215937.55,215937.55,215937.55,new_observed,1467112.21,1467112.21,1497398.1241690908,new_observed,1371986319.82,2177178.0837029824,1,
2206704,Nazaré do Piauí,2023,ok,ok,357298.95,357298.95,357298.95,new_observed,1737177.62,1737177.62,1732415.6591372,new_observed,1656320035.19,2578984.814512955,1,
2206704,Nazaré do Piauí,2024,ok,ok,381243.43,381243.43,381243.43,new_observed,2405099.72,2405099.72,2439390.3254060475,new_observed,1908904705.44,3025056.746176706,1,
2206704,Nazaré do Piauí,2025,ok,ok,1741092.83,1741092.83,1741092.83,new_observed,1750060.51,1750060.51,1772151.9903059436,new_observed,2098799956.48,3513244.8203059435,1,
2206720,Nazária,2019,ok,ok,253518.01,253518.01,253518.01,new_observed,1553838.19,1553838.19,1535909.1219001345,new_observed,1070863084.17,3116300.908540886,1,
2206720,Nazária,2020,ok,ok,84974.43,84974.43,84974.43,new_observed,2419087.16,2419087.16,2434137.5101785045,new_observed,1128020932.43,4294770.806121163,1,
2206720,Nazária,2021,ok,ok,206702.26,206702.26,206702.26,new_observed,2675908.16,2675908.16,2687523.6460440285,new_observed,1359727974.21,3929123.564375727,1,
2206720,Nazária,2022,ok,ok,236603.84,236603.84,236603.84,new_observed,1774892.4,1774892.4,1811531.8870953815,new_observed,1371986319.82,2602616.804581318,1,
2206720,Nazária,2023,ok,ok,732933.22,732933.22,732933.22,new_observed,2469291.01,2469291.01,2462522.175879005,new_observed,1656320035.19,3943615.5087358975,1,
2206720,Nazária,2024,ok,ok,1537061.43,1537061.43,1537061.43,new_observed,3295599.98,3295599.98,3342586.8544113273,new_observed,1908904705.44,5233296.571537026,1,
2206720,Nazária,2025,ok,ok,457569.26,457569.26,457569.26,new_observed,3576158.29,3576158.29,3621301.0893392484,new_observed,2098799956.48,4078870.3493392486,1,
2206753,Nossa Senhora de Nazaré,2019,ok,ok,114777.05,114777.05,114777.05,new_observed,430841.51,430841.51,425870.2158055647,new_observed,1070863084.17,941541.3098386253,1,
2206753,Nossa Senhora de Nazaré,2020,ok,ok,342233.93,342233.93,342233.93,new_observed,448638.54,448638.54,451429.7445676655,new_observed,1128020932.43,1353097.305858716,1,
2206753,Nossa Senhora de Nazaré,2021,ok,ok,384849.41,384849.41,384849.41,new_observed,538109.42,538109.42,540445.2260458138,new_observed,1359727974.21,1256155.212654904,1,
2206753,Nossa Senhora de Nazaré,2022,ok,ok,529881.12,529881.12,529881.12,new_observed,803181.34,803181.34,819761.585845991,new_observed,1371986319.82,1715024.419498247,1,
2206753,Nossa Senhora de Nazaré,2023,ok,ok,504209.21,504209.21,504209.21,new_observed,923792.06,923792.06,921259.7561155615,new_observed,1656320035.19,1759217.64680076,1,
2206753,Nossa Senhora de Nazaré,2024,ok,ok,876218.61,876218.61,876218.61,new_observed,2284578.47,2284578.47,2317150.7488882625,new_observed,1908904705.44,3424806.039998726,1,
2206753,Nossa Senhora de Nazaré,2025,ok,ok,1528673.61,1528673.61,1528673.61,new_observed,2560171.13,2560171.13,2592488.852601626,new_observed,2098799956.48,4121162.4626016263,1,
2206803,Nossa Senhora dos Remédios,2019,ok,ok,154895.89,154895.89,154895.89,new_observed,599048.61,599048.61,592136.4466917859,new_observed,1070863084.17,1300962.4745490642,1,
2206803,Nossa Senhora dos Remédios,2020,ok,ok,104837.49,104837.49,104837.49,new_observed,627623.55,627623.55,631528.3097639169,new_observed,1128020932.43,1255411.5952576667,1,
2206803,Nossa Senhora dos Remédios,2021,ok,ok,124823.6,124823.6,124823.6,new_observed,769925.21,769925.21,773267.2737021043,new_observed,1359727974.21,1219224.113585846,1,
2206803,Nossa Senhora dos Remédios,2022,ok,ok,251021.87,251021.87,251021.87,new_observed,1016984.36,1016984.36,1037978.1877579107,new_observed,1371986319.82,1637964.304340655,1,
2206803,Nossa Senhora dos Remédios,2023,ok,ok,208283.68,208283.68,208283.68,new_observed,1920253.07,1920253.07,1914989.2617050188,new_observed,1656320035.19,2620400.244981,1,
2206803,Nossa Senhora dos Remédios,2024,ok,ok,336028.85,336028.85,336028.85,new_observed,2664603.51,2664603.51,2702593.9794866364,new_observed,1908904705.44,3258844.389778585,1,
2206803,Nossa Senhora dos Remédios,2025,ok,ok,936518.23,936518.23,936518.23,new_observed,3138177.44,3138177.44,3177791.4903235035,new_observed,2098799956.48,4114309.7203235035,1,
2206902,Novo Oriente do Piauí,2019,ok,ok,86406.24,86406.24,86406.24,new_observed,665264.47,665264.47,657588.2704678911,new_observed,1070863084.17,1295672.077162801,1,
2206902,Novo Oriente do Piauí,2020,ok,ok,359341.59,359341.59,359341.59,new_observed,704001.88,704001.88,708381.8275254647,new_observed,1128020932.43,1820334.8924126592,1,
2206902,Novo Oriente do Piauí,2021,ok,ok,318803.58,318803.58,318803.58,new_observed,859620.98,859620.98,863352.3918793765,new_observed,1359727974.21,1604863.2818118683,1,
2206902,Novo Oriente do Piauí,2022,ok,ok,508380.5,508380.5,508380.5,new_observed,1019095.66,1019095.66,1040133.071779739,new_observed,1371986319.82,1967734.5552443957,1,
2206902,Novo Oriente do Piauí,2023,ok,ok,418131.04,418131.04,418131.04,new_observed,1494233.74,1494233.74,1490137.7382395377,new_observed,1656320035.19,2355056.6089600627,2,
2206902,Novo Oriente do Piauí,2024,ok,ok,555076.58,555076.58,555076.58,new_observed,3149369.07,3149369.07,3194271.0635262304,new_observed,1908904705.44,4021078.3697360987,1,
2206902,Novo Oriente do Piauí,2025,ok,ok,956792.19,956792.19,956792.19,new_observed,3013227.65,3013227.65,3051264.4258182826,new_observed,2098799956.48,4008056.6158182826,1,
2206951,Novo Santo Antônio,2019,ok,ok,82851.84,82851.84,82851.84,new_observed,396463.25,396463.25,391888.63170699484,new_observed,1070863084.17,826764.1285458065,1,
2206951,Novo Santo Antônio,2020,ok,ok,148024.17,148024.17,148024.17,new_observed,379988.34,379988.34,382352.4373650361,new_observed,1128020932.43,904225.7841862857,1,
2206951,Novo Santo Antônio,2021,ok,ok,153656.03,153656.03,153656.03,new_observed,472368.13,472368.13,474418.5686150752,new_observed,1359727974.21,852657.2512708263,1,
2206951,Novo Santo Antônio,2022,ok,ok,110588.14,110588.14,110588.14,new_observed,404003.08,404003.08,412343.00282357755,new_observed,1371986319.82,664501.5571705688,1,
2206951,Novo Santo Antônio,2023,ok,ok,264570.74,264570.74,264570.74,new_observed,590618.29,590618.29,588999.2838894827,new_observed,1656320035.19,1053418.5482118658,1,
2206951,Novo Santo Antônio,2024,ok,ok,158674.72,158674.72,158674.72,new_observed,1661829.71,1661829.71,1685523.175332762,new_observed,1908904705.44,1977854.5420400216,1,
2206951,Novo Santo Antônio,2025,ok,ok,154742.26,154742.26,154742.26,new_observed,2324153.47,2324153.47,2353491.878767647,new_observed,2098799956.48,2508234.1387676466,1,
2207009,Oeiras,2019,ok,ok,2072780.94,2072780.94,2072780.94,new_observed,15139880.67,15139880.67,14965188.122665796,new_observed,1070863084.17,29671752.21787132,1,
2207009,Oeiras,2020,ok,ok,2803734.2,2803734.2,2803734.2,new_observed,12261134.41,12261134.41,12337417.054754399,new_observed,1128020932.43,25813769.266393192,2,
2207009,Oeiras,2021,ok,ok,3827439.0,3827439.0,3827439.0,new_observed,12066307.93,12066307.93,12118684.926138712,new_observed,1359727974.21,21648030.70410153,1,
2207009,Oeiras,2022,ok,ok,4026342.66,4026342.66,4026342.66,new_observed,11393610.96,11393610.96,11628811.731460128,new_observed,1371986319.82,19893392.492748447,1,
2207009,Oeiras,2023,ok,ok,4990615.73,4990615.73,4990615.73,new_observed,13626284.12,13626284.12,13588931.674897216,new_observed,1656320035.19,22929624.17367469,1,
2207009,Oeiras,2024,ok,ok,6659190.83,6659190.83,6659190.83,new_observed,13003031.19,13003031.19,13188421.345722448,new_observed,1908904705.44,21286050.69431461,1,
2207009,Oeiras,2025,ok,ok,5837364.95,5837364.95,5837364.95,new_observed,11484259.54,11484259.54,11629228.409365697,new_observed,2098799956.48,17466593.359365698,1,
2207108,Olho D'Água do Piauí,2019,ok,ok,49781.13,49781.13,49781.13,new_observed,223451.97,223451.97,220873.65417988293,new_observed,1070863084.17,471347.3573774882,1,
2207108,Olho D'Água do Piauí,2020,ok,ok,68890.4,68890.4,68890.4,new_observed,219094.28,219094.28,220457.37500981655,new_observed,1128020932.43,493301.76921007247,1,
2207108,Olho D'Água do Piauí,2021,ok,ok,86386.61,86386.61,86386.61,new_observed,266142.17,266142.17,267297.43037386966,new_observed,1359727974.21,480151.97931665764,1,
2207108,Olho D'Água do Piauí,2022,ok,ok,68820.98,68820.98,68820.98,new_observed,271523.84,271523.84,277128.96526380104,new_observed,1371986319.82,439607.1652753437,1,
2207108,Olho D'Água do Piauí,2023,ok,ok,134220.69,134220.69,134220.69,new_observed,486643.88,486643.88,485309.88911501423,new_observed,1656320035.19,764582.8519731318,2,
2207108,Olho D'Água do Piauí,2024,ok,ok,200388.6,200388.6,200388.6,new_observed,1715730.12,1715730.12,1740192.0681009255,new_observed,1908904705.44,2081222.5728659795,1,
2207108,Olho D'Água do Piauí,2025,ok,ok,100701.9,100701.9,100701.9,new_observed,2195328.96,2195328.96,2223041.1826390377,new_observed,2098799956.48,2323743.0826390376,2,
2207207,Padre Marcos,2019,ok,ok,129352.22,129352.22,129352.22,new_observed,928115.73,928115.73,917406.6032486963,new_observed,1070863084.17,1822938.4218899556,3,
2207207,Padre Marcos,2020,ok,ok,120016.61,120016.61,120016.61,new_observed,799600.85,799600.85,804575.566494105,new_observed,1128020932.43,1576314.0271144635,1,
2207207,Padre Marcos,2021,ok,ok,190333.44,190333.44,190333.44,new_observed,952046.28,952046.28,956178.88830245,new_observed,1359727974.21,1556474.4260539787,1,
2207207,Padre Marcos,2022,ok,ok,275581.62,275581.62,275581.62,new_observed,1227034.15,1227034.15,1252364.0809324426,new_observed,1371986319.82,1941598.4522540206,1,
2207207,Padre Marcos,2023,ok,ok,248465.5,248465.5,248465.5,new_observed,2197148.94,2197148.94,2191126.1032206365,new_observed,1656320035.19,3010779.400598169,1,
2207207,Padre Marcos,2024,ok,ok,315922.06,315922.06,315922.06,new_observed,3869400.19,3869400.19,3924567.996128793,new_observed,1908904705.44,4547815.903713814,1,
2207207,Padre Marcos,2025,ok,ok,874958.01,874958.01,874958.01,new_observed,3664471.7,3664471.7,3710729.303054101,new_observed,2098799956.48,4585687.313054101,1,
2207306,Paes Landim,2019,ok,ok,184701.95,184701.95,184701.95,new_observed,578289.66,578289.66,571617.0252544298,new_observed,1070863084.17,1317135.2259699767,1,
2207306,Paes Landim,2020,ok,ok,217398.48,217398.48,217398.48,new_observed,643714.9,643714.9,647719.7720940344,new_observed,1128020932.43,1474918.4240985925,1,
2207306,Paes Landim,2021,ok,ok,243821.9,243821.9,243821.9,new_observed,775926.72,775926.72,779294.8348411869,new_observed,1359727974.21,1388955.873685178,1,
2207306,Paes Landim,2022,ok,ok,638894.27,638894.27,638894.27,new_observed,770613.2,770613.2,786521.1346989883,new_observed,1371986319.82,1811310.6649625383,1,
2207306,Paes Landim,2023,ok,ok,353580.46,353580.46,353580.46,new_observed,963583.03,963583.03,960941.650889372,new_observed,1656320035.19,1622294.5217026167,1,
2207306,Paes Landim,2024,ok,ok,519518.89,519518.89,519518.89,new_observed,1822520.66,1822520.66,1848505.1696137753,new_observed,1908904705.44,2539644.5543183205,1,
2207306,Paes Landim,2025,ok,ok,467015.68,467015.68,467015.68,new_observed,2102445.17,2102445.17,2128984.8957991847,new_observed,2098799956.48,2596000.575799185,1,
2207355,Pajeú do Piauí,2019,ok,ok,65147.31,65147.31,65147.31,new_observed,714771.75,714771.75,706524.3073357095,new_observed,1070863084.17,1343871.9684801856,1,
2207355,Pajeú do Piauí,2020,ok,ok,74419.07,74419.07,74419.07,new_observed,680278.0,680278.0,684510.3494118056,new_observed,1128020932.43,1293879.7448458537,1,
2207355,Pajeú do Piauí,2021,ok,ok,208871.89,208871.89,208871.89,new_observed,812177.14,812177.14,815702.609362502,new_observed,1359727974.21,1390934.8957511643,1,
2207355,Pajeú do Piauí,2022,ok,ok,236732.48,236732.48,236732.48,new_observed,1162212.97,1162212.97,1186204.7833157817,new_observed,1371986319.82,1808161.6293186902,1,
2207355,Pajeú do Piauí,2023,ok,ok,239175.67,239175.67,239175.67,new_observed,1970137.76,1970137.76,1964737.2075179543,new_observed,1656320035.19,2719920.6144111236,1,
2207355,Pajeú do Piauí,2024,ok,ok,175294.46,175294.46,175294.46,new_observed,3851508.45,3851508.45,3906421.1654183064,new_observed,1908904705.44,4377534.433522737,1,
2207355,Pajeú do Piauí,2025,ok,ok,184467.4,184467.4,184467.4,new_observed,4722983.59,4722983.59,4782603.0707937125,new_observed,2098799956.48,4967070.470793713,1,
2207405,Palmeira do Piauí,2019,ok,ok,110159.06,110159.06,110159.06,new_observed,1871963.61,1871963.61,1850363.8300099357,new_observed,1070863084.17,3414265.4676670753,1,
2207405,Palmeira do Piauí,2020,ok,ok,266324.46,266324.46,266324.46,new_observed,2153290.12,2153290.12,2166686.813958689,new_observed,1128020932.43,4147979.938367091,1,
2207405,Palmeira do Piauí,2021,ok,ok,260076.48,260076.48,260076.48,new_observed,2564480.18,2564480.18,2575611.9834700334,new_observed,1359727974.21,3849654.700340109,1,
2207405,Palmeira do Piauí,2022,ok,ok,450656.77,450656.77,450656.77,new_observed,2384176.41,2384176.41,2433393.478486691,new_observed,1371986319.82,3664834.094082882,1,
2207405,Palmeira do Piauí,2023,ok,ok,1605391.4,1605391.4,1605391.4,new_observed,3722788.33,3722788.33,3712583.4021193674,new_observed,1656320035.19,6563085.791074128,1,
2207405,Palmeira do Piauí,2024,ok,ok,1649283.3,1649283.3,1649283.3,new_observed,6004408.69,6004408.69,6090016.287628191,new_observed,1908904705.44,8300198.6285408335,1,
2207405,Palmeira do Piauí,2025,ok,ok,1762515.85,1762515.85,1762515.85,new_observed,7055152.04,7055152.04,7144211.1047903355,new_observed,2098799956.48,8906726.954790335,1,
2207504,Palmeirais,2019,ok,ok,448387.29,448387.29,448387.29,new_observed,1648413.1,1648413.1,1629392.772840574,new_observed,1070863084.17,3618469.7225992326,1,
2207504,Palmeirais,2020,ok,ok,579400.37,579400.37,579400.37,new_observed,1746727.99,1746727.99,1757595.2577656207,new_observed,1128020932.43,3984285.269772242,1,
2207504,Palmeirais,2021,ok,ok,445519.33,445519.33,445519.33,new_observed,2023078.49,2023078.49,2031860.1964568351,new_observed,1359727974.21,3363224.0852298737,1,
2207504,Palmeirais,2022,ok,ok,679391.88,679391.88,679391.88,new_observed,2291038.09,2291038.09,2338332.484034017,new_observed,1371986319.82,3834697.1040672855,1,
2207504,Palmeirais,2023,ok,ok,1408358.34,1408358.34,1408358.34,new_observed,2715621.78,2715621.78,2708177.7026151395,new_observed,1656320035.19,5080351.113917429,1,
2207504,Palmeirais,2024,ok,ok,1538961.08,1538961.08,1538961.08,new_observed,3063345.13,3063345.13,3107020.640916182,new_observed,1908904705.44,4982695.226040768,1,
2207504,Palmeirais,2025,ok,ok,1849325.07,1849325.07,1849325.07,new_observed,3960509.04,3960509.04,4010503.6013072957,new_observed,2098799956.48,5859828.671307296,1,
2207553,Paquetá,2019,ok,ok,256266.92,256266.92,256266.92,new_observed,378865.52,378865.52,374493.95431672194,new_observed,1070863084.17,1098474.8418439338,1,
2207553,Paquetá,2020,ok,ok,70725.54,70725.54,70725.54,new_observed,407265.0,407265.0,409798.7990986023,new_observed,1128020932.43,819233.9015490937,1,
2207553,Paquetá,2021,ok,ok,151673.66,151673.66,151673.66,new_observed,1264177.41,1264177.41,1269664.9059023373,new_observed,1359727974.21,1929571.1646352455,1,
2207553,Paquetá,2022,ok,ok,413986.73,413986.73,413986.73,new_observed,1363112.18,1363112.18,1391251.1990913358,new_observed,1371986319.82,2293960.555623805,1,
2207553,Paquetá,2023,ok,ok,208689.67,208689.67,208689.67,new_observed,1468323.38,1468323.38,1464298.403861121,new_observed,1656320035.19,2064689.033843967,1,
2207553,Paquetá,2024,ok,ok,286835.61,286835.61,286835.61,new_observed,2316835.01,2316835.01,2349867.185114479,new_observed,1908904705.44,2827795.5486907274,3,
2207553,Paquetá,2025,ok,ok,336614.41,336614.41,336614.41,new_observed,2856412.25,2856412.25,2892469.503224079,new_observed,2098799956.48,3229083.913224079,1,
2207603,Parnaguá,2019,ok,ok,547261.72,547261.72,547261.72,new_observed,2060792.11,2060792.11,2037013.5194635843,new_observed,1070863084.17,4500534.910358972,1,
2207603,Parnaguá,2020,ok,ok,221269.16,221269.16,221269.16,new_observed,2365408.17,2365408.17,2380124.5563552543,new_observed,1128020932.43,4435050.94396,1,
2207603,Parnaguá,2021,ok,ok,214349.49,214349.49,214349.49,new_observed,3093081.59,3093081.59,3106507.92748749,new_observed,1359727974.21,4508307.076421948,1,
2207603,Parnaguá,2022,ok,ok,344600.63,344600.63,344600.63,new_observed,3033736.03,3033736.03,3096362.0979926162,new_observed,1371986319.82,4372516.577557118,1,
2207603,Parnaguá,2023,ok,ok,945495.9,945495.9,945495.9,new_observed,3492074.73,3492074.73,3482502.2355107875,new_observed,1656320035.19,5464736.620130618,1,
2207603,Parnaguá,2024,ok,ok,1058314.05,1058314.05,1058314.05,new_observed,3597839.75,3597839.75,3649135.794881433,new_observed,1908904705.44,5048618.199102949,5,
2207603,Parnaguá,2025,ok,ok,777182.91,777182.91,777182.91,new_observed,4189502.93,4189502.93,4242388.142220341,new_observed,2098799956.48,5019571.052220341,1,
2207702,Parnaíba,2019,ok,ok,17802611.65,17802611.65,17802611.65,new_observed,43547759.84,43547759.84,43045281.03828646,new_observed,1070863084.17,105967066.15594554,1,
2207702,Parnaíba,2020,ok,ok,18788827.4,18788827.4,18788827.4,new_observed,44899063.42,44899063.42,45178402.932164535,new_observed,1128020932.43,109056127.6763038,1,
2207702,Parnaíba,2021,ok,ok,20782451.31,20782451.31,20782451.31,new_observed,52737115.27,52737115.27,52966034.646074936,new_observed,1359727974.21,100118969.0832096,1,
2207702,Parnaíba,2022,ok,ok,26492406.86,26492406.86,26492406.86,new_observed,49547067.61,49547067.61,50569878.42619967,new_observed,1371986319.82,97924954.89043468,1,
2207702,Parnaíba,2023,ok,ok,27707629.09,27707629.09,27707629.09,new_observed,52759094.82,52759094.82,52614471.29860695,new_observed,1656320035.19,99128118.38815166,1,
2207702,Parnaíba,2024,ok,ok,36949935.21,36949935.21,36949935.21,new_observed,49308982.65,49308982.65,50012003.34097774,new_observed,1908904705.44,93264429.80058911,1,
2207702,Parnaíba,2025,ok,ok,37592448.84,37592448.84,37592448.84,new_observed,52658065.57,52658065.57,53322782.36798589,new_observed,2098799956.48,90915231.2079859,1,
2207751,Passagem Franca do Piauí,2019,ok,ok,97217.55,97217.55,97217.55,new_observed,651240.14,651240.14,643725.761157615,new_observed,1070863084.17,1290358.3904452783,1,
2207751,Passagem Franca do Piauí,2020,ok,ok,108042.53,108042.53,108042.53,new_observed,572076.8,572076.8,575635.9756722805,new_observed,1128020932.43,1165586.348150051,1,
2207751,Passagem Franca do Piauí,2021,ok,ok,105713.94,105713.94,105713.94,new_observed,694818.31,694818.31,697834.3523678145,new_observed,1359727974.21,1090875.6376145252,1,
2207751,Passagem Franca do Piauí,2022,ok,ok,199802.72,199802.72,199802.72,new_observed,605127.68,605127.68,617619.461373574,new_observed,1371986319.82,1038718.6149511014,1,
2207751,Passagem Franca do Piauí,2023,ok,ok,149176.56,149176.56,149176.56,new_observed,850529.56,850529.56,848198.0836841962,new_observed,1656320035.19,1230892.5100082569,1,
2207751,Passagem Franca do Piauí,2024,ok,ok,205620.4,205620.4,205620.4,new_observed,1493320.63,1493320.63,1514611.5844008594,new_observed,1908904705.44,1844904.3089791865,1,
2207751,Passagem Franca do Piauí,2025,ok,ok,1477013.21,1477013.21,1477013.21,new_observed,1741453.34,1741453.34,1763436.1697047455,new_observed,2098799956.48,3240449.3797047455,1,
2207777,Patos do Piauí,2019,ok,ok,182002.45,182002.45,182002.45,new_observed,865231.09,865231.09,855247.5619630613,new_observed,1070863084.17,1806378.75498857,1,
2207777,Patos do Piauí,2020,ok,ok,288270.13,288270.13,288270.13,new_observed,886419.57,886419.57,891934.4291395025,new_observed,1128020932.43,2012101.171448643,1,
2207777,Patos do Piauí,2021,ok,ok,160243.53,160243.53,160243.53,new_observed,1161185.1,1161185.1,1166225.5305817372,new_observed,1359727974.21,1800778.8654172013,1,
2207777,Patos do Piauí,2022,ok,ok,191229.32,191229.32,191229.32,new_observed,1016881.81,1016881.81,1037873.5207961153,new_observed,1371986319.82,1561851.4269809593,1,
2207777,Patos do Piauí,2023,ok,ok,166375.74,166375.74,166375.74,new_observed,1582363.12,1582363.12,1578025.5374975393,new_observed,1656320035.19,2152822.3927862607,1,
2207777,Patos do Piauí,2024,ok,ok,229371.09,229371.09,229371.09,new_observed,3129646.85,3129646.85,3174267.654826184,new_observed,1908904705.44,3650314.517739529,1,
2207777,Patos do Piauí,2025,ok,ok,295428.43,295428.43,295428.43,new_observed,2925967.6,2925967.6,2962902.8689474887,new_observed,2098799956.48,3258331.298947489,1,
2207793,Pau D'Arco do Piauí,2019,ok,ok,159792.77,159792.77,159792.77,new_observed,373958.2,373958.2,369643.25776376686,new_observed,1070863084.17,922016.8538422396,1,
2207793,Pau D'Arco do Piauí,2020,ok,ok,148726.82,148726.82,148726.82,new_observed,395737.05,395737.05,398199.12796047673,new_observed,1128020932.43,932440.340163825,1,
2207793,Pau D'Arco do Piauí,2021,ok,ok,130031.06,130031.06,130031.06,new_observed,518018.32,518018.32,520266.915320443,new_observed,1359727974.21,882827.1122034895,1,
2207793,Pau D'Arco do Piauí,2022,ok,ok,121752.26,121752.26,121752.26,new_observed,1329418.17,1329418.17,1356861.6363667953,new_observed,1371986319.82,1878911.3061511803,1,
2207793,Pau D'Arco do Piauí,2023,ok,ok,86352.86,86352.86,86352.86,new_observed,1813896.32,1813896.32,1808924.0574140835,new_observed,1656320035.19,2339022.9306603516,1,
2207793,Pau D'Arco do Piauí,2024,ok,ok,227114.59,227114.59,227114.59,new_observed,2838588.49,2838588.49,2879059.542826341,new_observed,1908904705.44,3331291.4153766977,1,
2207793,Pau D'Arco do Piauí,2025,ok,ok,131111.82,131111.82,131111.82,new_observed,2392836.39,2392836.39,2423041.801574615,new_observed,2098799956.48,2554153.6215746147,1,
2207801,Paulistana,2019,ok,ok,2184650.56,2184650.56,2184650.56,new_observed,3888813.58,3888813.58,3843942.23885765,new_observed,1070863084.17,10498840.037344202,1,
2207801,Paulistana,2020,ok,ok,1363284.29,1363284.29,1363284.29,new_observed,3907597.56,3907597.56,3931908.677270644,new_observed,1128020932.43,9027641.767678091,2,
2207801,Paulistana,2021,ok,ok,1257852.17,1257852.17,1257852.17,new_observed,4715388.3,4715388.3,4735856.68819417,new_observed,1359727974.21,8136898.596463598,1,
2207801,Paulistana,2022,ok,ok,2138326.66,2138326.66,2138326.66,new_observed,5109327.9,5109327.9,5214800.859182271,new_observed,1371986319.82,9343801.289377093,1,
2207801,Paulistana,2023,ok,ok,1943224.35,1943224.35,1943224.35,new_observed,5947880.68,5947880.68,5931576.316710559,new_observed,1656320035.19,9718547.809333729,1,
2207801,Paulistana,2024,ok,ok,2541031.78,2541031.78,2541031.78,new_observed,6168612.65,6168612.65,6256561.3784975875,new_observed,1908904705.44,9435191.110233318,1,
2207801,Paulistana,2025,ok,ok,4307403.7,4307403.7,4307403.7,new_observed,8267354.18,8267354.18,8371715.195522675,new_observed,2098799956.48,12679118.895522676,1,
2207850,Pavussu,2019,ok,ok,90169.35,90169.35,90169.35,new_observed,926583.32,926583.32,915891.875066162,new_observed,1070863084.17,1752063.246292841,1,
2207850,Pavussu,2020,ok,ok,180060.93,180060.93,180060.93,new_observed,779664.51,779664.51,784515.1925596362,new_observed,1128020932.43,1644481.6545774965,1,
2207850,Pavussu,2021,ok,ok,164171.19,164171.19,164171.19,new_observed,1105538.93,1105538.93,1110337.81368536,new_observed,1359727974.21,1730239.283993541,1,
2207850,Pavussu,2022,ok,ok,196548.3,196548.3,196548.3,new_observed,620590.5,620590.5,633401.4837059792,new_observed,1371986319.82,1054637.7495670815,1,
2207850,Pavussu,2023,ok,ok,116830.38,116830.38,116830.38,new_observed,1618886.55,1618886.55,1614448.8492700001,new_observed,1656320035.19,2136628.045976338,1,
2207850,Pavussu,2024,ok,ok,179527.09,179527.09,179527.09,new_observed,3066196.22,3066196.22,3109912.380208748,new_observed,1908904705.44,3527838.7495091264,1,
2207850,Pavussu,2025,ok,ok,188153.74,188153.74,188153.74,new_observed,3469238.82,3469238.82,3513031.946369468,new_observed,2098799956.48,3701185.6863694675,1,
2207900,Pedro II,2019,ok,ok,1127311.26,1127311.26,1127311.26,new_observed,3889200.11,3889200.11,3844324.30885484,new_observed,1070863084.17,8658141.0128195,2,
2207900,Pedro II,2020,ok,ok,1120311.13,1120311.13,1120311.13,new_observed,4240096.32,4240096.32,4266476.078225243,new_observed,1128020932.43,9183798.4933029,4,
2207900,Pedro II,2021,ok,ok,1021920.59,1021920.59,1021920.59,new_observed,4895634.02,4895634.02,4916884.812342582,new_observed,1359727974.21,8062363.13546118,1,
2207900,Pedro II,2022,ok,ok,1301701.5,1301701.5,1301701.5,new_observed,4422105.41,4422105.41,4513391.886917762,new_observed,1371986319.82,7389383.217520061,1,
2207900,Pedro II,2023,ok,ok,1151183.95,1151183.95,1151183.95,new_observed,4367758.02,4367758.02,4355785.097651724,new_observed,1656320035.19,6796329.740811133,1,
2207900,Pedro II,2024,ok,ok,2105435.24,2105435.24,2105435.24,new_observed,6654393.11,6654393.11,6749267.832430108,new_observed,1908904705.44,9496440.01576174,1,
2207900,Pedro II,2025,ok,ok,1995560.52,1995560.52,1995560.52,new_observed,7115072.99,7115072.99,7204888.452914444,new_observed,2098799956.48,9200448.972914444,1,
2207934,Pedro Laurentino,2019,ok,ok,48465.03,48465.03,48465.03,new_observed,632264.71,632264.71,624969.2804529043,new_observed,1070863084.17,1172790.9542080823,1,
2207934,Pedro Laurentino,2020,ok,ok,56456.8,56456.8,56456.8,new_observed,691600.72,691600.72,695903.5137115361,new_observed,1128020932.43,1282680.2411898777,1,
2207934,Pedro Laurentino,2021,ok,ok,50416.44,50416.44,50416.44,new_observed,735932.54,735932.54,739127.0495409091,new_observed,1359727974.21,1071863.092433889,1,
2207934,Pedro Laurentino,2022,ok,ok,5320.1,5320.1,5320.1,new_observed,73297.67,73297.67,74810.76963020097,new_observed,1371986319.82,101824.28103094346,1,
2207934,Pedro Laurentino,2023,ok,ok,197582.87,197582.87,197582.87,new_observed,1373902.68,1373902.68,1370136.5304041652,new_observed,1656320035.19,1934773.5376789172,1,
2207934,Pedro Laurentino,2024,ok,ok,434527.04,434527.04,434527.04,new_observed,2693184.06,2693184.06,2731582.0154441576,new_observed,1908904705.44,3395570.0696504447,1,
2207934,Pedro Laurentino,2025,ok,ok,203947.86,203947.86,203947.86,new_observed,2703362.35,2703362.35,2737487.61354009,new_observed,2098799956.48,2941435.47354009,1,
2207959,Nova Santa Rita,2019,ok,ok,913359.4,913359.4,913359.4,new_observed,849959.06,849959.06,840151.7493244673,new_observed,1070863084.17,3053752.952753024,1,
2207959,Nova Santa Rita,2020,ok,ok,1228463.63,1228463.63,1228463.63,new_observed,789996.78,789996.78,794911.7447749322,new_observed,1128020932.43,3449601.9612340354,1,
2207959,Nova Santa Rita,2021,ok,ok,118734.13,118734.13,118734.13,new_observed,847611.88,847611.88,851291.1632093658,new_observed,1359727974.21,1316880.354650316,1,
2207959,Nova Santa Rita,2022,ok,ok,518533.45,518533.45,518533.45,new_observed,1103716.63,1103716.63,1126500.8907370693,new_observed,1371986319.82,2090385.8873588517,1,
2207959,Nova Santa Rita,2023,ok,ok,293075.04,293075.04,293075.04,new_observed,1360179.55,1360179.55,1356451.0183237279,new_observed,1656320035.19,2035733.7968349352,1,
2207959,Nova Santa Rita,2024,ok,ok,228602.83,228602.83,228602.83,new_observed,2022906.27,2022906.27,2051747.7687957294,new_observed,1908904705.44,2445617.0352900266,1,
2207959,Nova Santa Rita,2025,ok,ok,278565.68,278565.68,278565.68,new_observed,2117601.76,2117601.76,2144332.8114748267,new_observed,2098799956.48,2422898.491474827,1,
2208007,Picos,2019,ok,ok,11910296.33,11910296.33,11910296.33,new_observed,29625178.61,29625178.61,29283346.462877028,new_observed,1070863084.17,71739041.04451437,1,
2208007,Picos,2020,ok,ok,12965333.81,12965333.81,12965333.81,new_observed,29011891.15,29011891.15,29192388.623744663,new_observed,1128020932.43,71873644.30823031,1,
2208007,Picos,2021,ok,ok,13275761.43,13275761.43,13275761.43,new_observed,33339026.31,33339026.31,33483743.158139255,new_observed,1359727974.21,63479450.9136696,1,
2208007,Picos,2022,ok,ok,17585579.45,17585579.45,17585579.45,new_observed,33068694.26,33068694.26,33751338.45668504,new_observed,1371986319.82,65235093.29571293,1,
2208007,Picos,2023,ok,ok,18516740.1,18516740.1,18516740.1,new_observed,38653501.96,38653501.96,38547544.767468534,new_observed,1656320035.19,70424891.265418,1,
2208007,Picos,2024,ok,ok,24517401.97,24517401.97,24517401.97,new_observed,37304400.58,37304400.58,37836266.46047082,new_observed,1908904705.44,66872696.59626822,1,
2208007,Picos,2025,ok,ok,29848574.46,29848574.46,29848574.46,new_observed,39874484.12,39874484.12,40377830.36180889,new_observed,2098799956.48,70226404.82180889,1,
2208106,Pimenteiras,2019,ok,ok,152696.24,152696.24,152696.24,new_observed,4324950.8,4324950.8,4275047.059751623,new_observed,1070863084.17,7710948.5051509,1,
2208106,Pimenteiras,2020,ok,ok,149889.69,149889.69,149889.69,new_observed,6237595.59,6237595.59,6276402.789448488,new_observed,1128020932.43,10956024.975363202,1,
2208106,Pimenteiras,2021,ok,ok,111587.39,111587.39,111587.39,new_observed,6889187.15,6889187.15,6919091.486177042,new_observed,1359727974.21,9544661.316263413,1,
2208106,Pimenteiras,2022,ok,ok,251742.51,251742.51,251742.51,new_observed,3503670.36,3503670.36,3575997.3838475808,new_observed,1371986319.82,4864003.903404439,1,
2208106,Pimenteiras,2023,ok,ok,409943.67,409943.67,409943.67,new_observed,3735169.62,3735169.62,3724930.7524590055,new_observed,1656320035.19,5102983.1053545885,1,
2208106,Pimenteiras,2024,ok,ok,1090672.54,1090672.54,1090672.54,new_observed,4010809.46,4010809.46,4067993.402689786,new_observed,1908904705.44,5532535.79316939,1,
2208106,Pimenteiras,2025,ok,ok,1005618.39,1005618.39,1005618.39,new_observed,5283361.16,5283361.16,5350054.436231532,new_observed,2098799956.48,6355672.826231532,1,
2208205,Pio IX,2019,ok,ok,516039.49,516039.49,516039.49,new_observed,2484302.37,2484302.37,2455637.077398081,new_observed,1070863084.17,5175197.258263727,1,
2208205,Pio IX,2020,ok,ok,412203.94,412203.94,412203.94,new_observed,3225937.43,3225937.43,3246007.598937379,new_observed,1128020932.43,6236793.160898809,1,
2208205,Pio IX,2021,ok,ok,491707.9,491707.9,491707.9,new_observed,3661395.15,3661395.15,3677288.4025795273,new_observed,1359727974.21,5659717.708300863,1,
2208205,Pio IX,2022,ok,ok,838081.94,838081.94,838081.94,new_observed,3127926.15,3127926.15,3192496.6049798233,new_observed,1371986319.82,5121756.0020917915,1,
2208205,Pio IX,2023,ok,ok,904313.36,904313.36,904313.36,new_observed,2689600.62,2689600.62,2682227.8719622935,new_observed,1656320035.19,4426267.267985614,1,
2208205,Pio IX,2024,ok,ok,1318810.17,1318810.17,1318810.17,new_observed,3186330.96,3186330.96,3231759.936076897,new_observed,1908904705.44,4880368.736974257,1,
2208205,Pio IX,2025,ok,ok,1027828.37,1027828.37,1027828.37,new_observed,3813694.15,3813694.15,3861835.427816512,new_observed,2098799956.48,4889663.797816512,1,
2208304,Piracuruca,2019,ok,ok,677634.91,677634.91,677634.91,new_observed,4460034.0,4460034.0,4408571.593020728,new_observed,1070863084.17,8857667.162763592,1,
2208304,Piracuruca,2020,ok,ok,957450.24,957450.24,957450.24,new_observed,4903155.42,4903155.42,4933660.400254879,new_observed,1128020932.43,10043606.871873895,1,
2208304,Piracuruca,2021,ok,ok,1083000.61,1083000.61,1083000.61,new_observed,6364129.51,6364129.51,6391754.694829137,new_observed,1359727974.21,10147527.58062689,1,
2208304,Piracuruca,2022,ok,ok,1598573.95,1598573.95,1598573.95,new_observed,6263373.96,6263373.96,6392670.141211304,new_observed,1371986319.82,10154671.824798033,1,
2208304,Piracuruca,2023,ok,ok,1939134.23,1939134.23,1939134.23,new_observed,7379127.02,7379127.02,7358899.316358002,new_observed,1656320035.19,11475005.829044743,1,
2208304,Piracuruca,2024,ok,ok,2404139.29,2404139.29,2404139.29,new_observed,8522754.04,8522754.04,8644266.837714031,new_observed,1908904705.44,11849129.801798772,1,
2208304,Piracuruca,2025,ok,ok,1631787.17,1631787.17,1631787.17,new_observed,8983731.92,8983731.92,9097135.962689104,new_observed,2098799956.48,10728923.132689103,1,
2208403,Piripiri,2019,ok,ok,2564673.98,2564673.98,2564673.98,new_observed,16267248.85,16267248.85,16079548.087908993,new_observed,1070863084.17,32469053.996944405,1,
2208403,Piripiri,2020,ok,ok,3291940.23,3291940.23,3291940.23,new_observed,12654364.81,12654364.81,12733093.93759251,new_observed,1128020932.43,27320679.090264484,1,
2208403,Piripiri,2021,ok,ok,4208431.98,4208431.98,4208431.98,new_observed,15874091.76,15874091.76,15942997.447443292,new_observed,1359727974.21,27357040.8080016,1,
2208403,Piripiri,2022,ok,ok,4180381.55,4180381.55,4180381.55,new_observed,13876347.88,13876347.88,14162800.325838568,new_observed,1371986319.82,23309135.604627658,1,
2208403,Piripiri,2023,ok,ok,5899816.66,5899816.66,5899816.66,new_observed,14978293.26,14978293.26,14937234.67999385,new_observed,1656320035.19,25715683.256508622,1,
2208403,Piripiri,2024,ok,ok,9023591.33,9023591.33,9023591.33,new_observed,14992805.43,14992805.43,15206564.70603109,new_observed,1908904705.44,25986215.628749166,1,
2208403,Piripiri,2025,ok,ok,11347641.59,11347641.59,11347641.59,new_observed,16770206.15,16770206.15,16981900.932421748,new_observed,2098799956.48,28329542.522421747,1,
2208502,Porto,2019,ok,ok,218907.82,218907.82,218907.82,new_observed,867164.84,867164.84,857158.9992565896,new_observed,1070863084.17,1873978.5190018886,1,
2208502,Porto,2020,ok,ok,161234.45,161234.45,161234.45,new_observed,925183.22,925183.22,930939.2471785644,new_observed,1128020932.43,1862019.5613552353,1,
2208502,Porto,2021,ok,ok,370899.99,370899.99,370899.99,new_observed,1301828.52,1301828.52,1307479.450488503,new_observed,1359727974.21,2278522.9707935606,1,
2208502,Porto,2022,ok,ok,455479.45,455479.45,455479.45,new_observed,1328242.87,1328242.87,1355662.0743950931,new_observed,1371986319.82,2301462.4004194117,1,
2208502,Porto,2023,ok,ok,503701.53,503701.53,503701.53,new_observed,1714124.21,1714124.21,1709425.4432717029,new_observed,1656320035.19,2731292.029878328,1,
2208502,Porto,2024,ok,ok,398408.78,398408.78,398408.78,new_observed,2335102.99,2335102.99,2368395.620050521,new_observed,1908904705.44,2967326.1548695276,1,
2208502,Porto,2025,ok,ok,1046109.61,1046109.61,1046109.61,new_observed,2638307.44,2638307.44,2671611.4980704174,new_observed,2098799956.48,3717721.1080704173,1,
2208551,Porto Alegre do Piauí,2019,ok,ok,47433.19,47433.19,47433.19,new_observed,637429.0,637429.0,630073.9819399604,new_observed,1070863084.17,1179883.8733475148,1,
2208551,Porto Alegre do Piauí,2020,ok,ok,106593.34,106593.34,106593.34,new_observed,689109.63,689109.63,693396.9253957061,new_observed,1128020932.43,1363883.351987582,1,
2208551,Porto Alegre do Piauí,2021,ok,ok,75380.77,75380.77,75380.77,new_observed,1025621.1,1025621.1,1030073.0792388956,new_observed,1359727974.21,1500734.534682975,1,
2208551,Porto Alegre do Piauí,2022,ok,ok,92272.87,92272.87,92272.87,new_observed,1820312.46,1820312.46,1857889.563202274,new_observed,1371986319.82,2478119.7130492046,1,
2208551,Porto Alegre do Piauí,2023,ok,ok,149191.1,149191.1,149191.1,new_observed,2056983.0,2056983.0,2051344.386867599,new_observed,1656320035.19,2715752.466683267,3,
2208551,Porto Alegre do Piauí,2024,ok,ok,124107.92,124107.92,124107.92,new_observed,3364318.41,3364318.41,3412285.0344598005,new_observed,1908904705.44,3792689.9738461007,1,
2208551,Porto Alegre do Piauí,2025,ok,ok,150313.67,150313.67,150313.67,new_observed,3648636.25,3648636.25,3694693.957947725,new_observed,2098799956.48,3845007.627947725,4,
2208601,Prata do Piauí,2019,ok,ok,154516.06,154516.06,154516.06,new_observed,314508.41,314508.41,310879.4332267682,new_observed,1070863084.17,810489.7777163868,1,
2208601,Prata do Piauí,2020,ok,ok,179585.62,179585.62,179585.62,new_observed,339128.06,339128.06,341237.9451429383,new_observed,1128020932.43,887939.0419456048,1,
2208601,Prata do Piauí,2021,ok,ok,99696.82,99696.82,99696.82,new_observed,816545.6,816545.6,820090.0318167903,new_observed,1359727974.21,1248677.9923188686,1,
2208601,Prata do Piauí,2022,ok,ok,300010.89,300010.89,300010.89,new_observed,1199559.28,1199559.28,1224322.0412579246,new_observed,1371986319.82,1937007.6163335333,1,
2208601,Prata do Piauí,2023,ok,ok,281671.6,281671.6,281671.6,new_observed,1724261.63,1724261.63,1719535.0745201474,new_observed,1656320035.19,2469754.2916735094,1,
2208601,Prata do Piauí,2024,ok,ok,341272.84,341272.84,341272.84,new_observed,2946395.79,2946395.79,2988403.9007509877,new_observed,1908904705.44,3570992.181417204,1,
2208601,Prata do Piauí,2025,ok,ok,801748.28,801748.28,801748.28,new_observed,2617841.93,2617841.93,2650887.6464824937,new_observed,2098799956.48,3452635.926482494,1,
2208650,Queimada Nova,2019,ok,ok,1753848.47,1753848.47,1753848.47,new_observed,1505493.64,1505493.64,1488122.3987927835,new_observed,1070863084.17,5645916.832139476,1,
2208650,Queimada Nova,2020,ok,ok,3623898.59,3623898.59,3623898.59,new_observed,1492047.64,1492047.64,1501330.4140299405,new_observed,1128020932.43,8737874.466838297,1,
2208650,Queimada Nova,2021,ok,ok,3310920.79,3310920.79,3310920.79,new_observed,1918831.92,1918831.92,1927161.1166894694,new_observed,1359727974.21,7111079.687568328,1,
2208650,Queimada Nova,2022,ok,ok,3875506.06,3875506.06,3875506.06,new_observed,2095768.31,2095768.31,2139031.7077976097,new_observed,1371986319.82,7642822.132915258,1,
2208650,Queimada Nova,2023,ok,ok,1744793.56,1744793.56,1744793.56,new_observed,7815486.96,7815486.96,7794063.1040863795,new_observed,1656320035.19,11772213.476868758,1,
2208650,Queimada Nova,2024,ok,ok,1267491.12,1267491.12,1267491.12,new_observed,13993775.09,13993775.09,14193290.734096522,new_observed,1908904705.44,16581288.640987808,1,
2208650,Queimada Nova,2025,ok,ok,1036594.88,1036594.88,1036594.88,new_observed,11210219.68,11210219.68,11351729.27116609,new_observed,2098799956.48,12388324.15116609,1,
2208700,Redenção do Gurguéia,2019,ok,ok,529778.64,529778.64,529778.64,new_observed,1696358.81,1696358.81,1676785.25799051,new_observed,1070863084.17,3842747.747296984,1,
2208700,Redenção do Gurguéia,2020,ok,ok,355100.94,355100.94,355100.94,new_observed,1733497.1,1733497.1,1744282.0517866989,new_observed,1128020932.43,3579185.442372171,1,
2208700,Redenção do Gurguéia,2021,ok,ok,436695.23,436695.23,436695.23,new_observed,2112107.16,2112107.16,2121275.318910384,new_observed,1359727974.21,3472632.298575662,1,
2208700,Redenção do Gurguéia,2022,ok,ok,572099.0,572099.0,572099.0,new_observed,2292277.27,2292277.27,2339597.2446943535,new_observed,1371986319.82,3699964.546307108,1,
2208700,Redenção do Gurguéia,2023,ok,ok,1371748.43,1371748.43,1371748.43,new_observed,3296171.39,3296171.39,3287135.906825711,new_observed,1656320035.19,5749680.795985146,1,
2208700,Redenção do Gurguéia,2024,ok,ok,1623174.98,1623174.98,1623174.98,new_observed,4082740.53,4082740.53,4140950.0268143383,new_observed,1908904705.44,6181874.979071655,1,
2208700,Redenção do Gurguéia,2025,ok,ok,586607.54,586607.54,586607.54,new_observed,4537537.53,4537537.53,4594816.075746669,new_observed,2098799956.48,5181423.6157466695,1,
2208809,Regeneração,2019,ok,ok,508028.76,508028.76,508028.76,new_observed,2648472.82,2648472.82,2617913.235446075,new_observed,1070863084.17,5443851.670065303,1,
2208809,Regeneração,2020,ok,partial,,,568694.5136299263,imputed_temporal,2911355.29,2911355.29,2929468.28622976,new_observed,1128020932.43,5963930.07721279,1,
2208809,Regeneração,2021,ok,ok,737878.29,737878.29,737878.29,new_observed,3955825.34,3955825.34,3972996.6445747376,new_observed,1359727974.21,6395357.624161555,1,
2208809,Regeneração,2022,ok,ok,1115882.14,1115882.14,1115882.14,new_observed,4240229.31,4240229.31,4327761.279309915,new_observed,1371986319.82,6917372.542168784,1,
2208809,Regeneração,2023,ok,ok,1318502.92,1318502.92,1318502.92,new_observed,5970833.9,5970833.9,5954466.617217436,new_observed,1656320035.19,8975808.424215117,1,
2208809,Regeneração,2024,ok,ok,1802782.82,1802782.82,1802782.82,new_observed,7067987.02,7067987.02,7168758.539743008,new_observed,1908904705.44,9621746.056849213,1,
2208809,Regeneração,2025,ok,ok,2235156.63,2235156.63,2235156.63,new_observed,7897152.87,7897152.87,7996840.735707358,new_observed,2098799956.48,10231997.365707358,1,
2208858,Riacho Frio,2019,ok,ok,257022.22,257022.22,257022.22,new_observed,1268415.99,1268415.99,1253780.2854523673,new_observed,1070863084.17,2631074.010467062,1,
2208858,Riacho Frio,2020,ok,ok,920618.47,920618.47,920618.47,new_observed,1341709.73,1341709.73,1350057.1767593827,new_observed,1128020932.43,3871217.99644261,1,
2208858,Riacho Frio,2021,ok,ok,689549.05,689549.05,689549.05,new_observed,1639227.75,1639227.75,1646343.2509494456,new_observed,1359727974.21,3171144.81780355,1,
2208858,Riacho Frio,2022,ok,ok,298722.14,298722.14,298722.14,new_observed,1515592.56,1515592.56,1546879.264503313,new_observed,1371986319.82,2345251.4237087527,1,
2208858,Riacho Frio,2023,ok,ok,478665.5,478665.5,478665.5,new_observed,2203328.78,2203328.78,2197289.003009181,new_observed,1656320035.19,3302482.5482928604,1,
2208858,Riacho Frio,2024,ok,ok,939428.47,939428.47,939428.47,new_observed,2780709.94,2780709.94,2820355.791898903,new_observed,1908904705.44,4032271.3729946804,1,
2208858,Riacho Frio,2025,ok,ok,657782.56,657782.56,657782.56,new_observed,3185062.38,3185062.38,3225268.271418561,new_observed,2098799956.48,3883050.8314185613,2,
2208874,Ribeira do Piauí,2019,ok,ok,518352.65,518352.65,518352.65,new_observed,704381.98,704381.98,696254.4204065921,new_observed,1070863084.17,2115247.416087288,1,
2208874,Ribeira do Piauí,2020,ok,ok,327570.58,327570.58,327570.58,new_observed,810536.86,810536.86,815579.6148776644,new_observed,1128020932.43,1948928.1145737488,1,
2208874,Ribeira do Piauí,2021,ok,ok,440946.6,440946.6,440946.6,new_observed,4159080.49,4159080.49,4177134.0772305825,new_observed,1359727974.21,6269382.62600807,1,
2208874,Ribeira do Piauí,2022,ok,ok,857069.38,857069.38,857069.38,new_observed,8419100.37,8419100.37,8592897.677014967,new_observed,1371986319.82,12008307.232747005,1,
2208874,Ribeira do Piauí,2023,ok,ok,1908886.02,1908886.02,1908886.02,new_observed,10638478.99,10638478.99,10609316.73278067,new_observed,1656320035.19,15449121.45574994,1,
2208874,Ribeira do Piauí,2024,ok,ok,994722.23,994722.23,994722.23,new_observed,10396577.52,10396577.52,10544806.275068708,new_observed,1908904705.44,12375845.848491348,1,
2208874,Ribeira do Piauí,2025,ok,ok,3130162.85,3130162.85,3130162.85,new_observed,9824975.87,9824975.87,9948999.159308137,new_observed,2098799956.48,13079162.009308137,1,
2208908,Ribeiro Gonçalves,2019,ok,ok,548022.67,548022.67,548022.67,new_observed,11777287.01,11777287.01,11641393.979314512,new_observed,1070863084.17,21227961.452951834,1,
2208908,Ribeiro Gonçalves,2020,ok,ok,500039.61,500039.61,500039.61,new_observed,16556881.65,16556881.65,16659890.28516491,new_observed,1128020932.43,29255534.370424923,1,
2208908,Ribeiro Gonçalves,2021,ok,ok,872608.15,872608.15,872608.15,new_observed,19016897.84,19016897.84,19099445.707211275,new_observed,1359727974.21,27113525.338666555,1,
2208908,Ribeiro Gonçalves,2022,ok,ok,1696722.51,1696722.51,1696722.51,new_observed,17041224.78,17041224.78,17393010.46313003,new_observed,1371986319.82,24257796.577426024,1,
2208908,Ribeiro Gonçalves,2023,ok,ok,5847742.08,5847742.08,5847742.08,new_observed,30374846.82,30374846.82,30291583.122548964,new_observed,1656320035.19,44600717.4839059,2,
2208908,Ribeiro Gonçalves,2024,ok,ok,8952203.66,8952203.66,8952203.66,new_observed,37074705.78,37074705.78,37603296.796778,new_observed,1908904705.44,49929570.06860156,2,
2208908,Ribeiro Gonçalves,2025,ok,ok,10119832.76,10119832.76,10119832.76,new_observed,35502632.85,35502632.85,35950792.04788678,new_observed,2098799956.48,46070624.80788678,1,
2209005,Rio Grande do Piauí,2019,ok,ok,98590.96,98590.96,98590.96,new_observed,780725.51,780725.51,771717.055370569,new_observed,1070863084.17,1515648.003017471,1,
2209005,Rio Grande do Piauí,2020,ok,ok,314688.58,314688.58,314688.58,new_observed,838416.59,838416.59,843632.7986110892,new_observed,1128020932.43,1974793.0854602733,1,
2209005,Rio Grande do Piauí,2021,ok,ok,224694.93,224694.93,224694.93,new_observed,1583505.4,1583505.4,1590379.0233736602,new_observed,1359727974.21,2464095.77994309,5,
2209005,Rio Grande do Piauí,2022,ok,ok,303966.72,303966.72,303966.72,new_observed,932237.71,932237.71,951482.0943612,new_observed,1371986319.82,1595329.9082292633,1,
2209005,Rio Grande do Piauí,2023,ok,ok,371768.45,371768.45,371768.45,new_observed,1904450.0,1904450.0,1899229.5111675686,new_observed,1656320035.19,2802712.499607409,1,
2209005,Rio Grande do Piauí,2024,ok,ok,418220.55,418220.55,418220.55,new_observed,3035012.45,3035012.45,3078284.0089544836,new_observed,1908904705.44,3749910.701391371,1,
2209005,Rio Grande do Piauí,2025,ok,ok,737490.92,737490.92,737490.92,new_observed,2785059.45,2785059.45,2820215.9978101994,new_observed,2098799956.48,3557706.9178101993,1,
2209104,Santa Cruz do Piauí,2019,ok,ok,104303.87,104303.87,104303.87,new_observed,840829.98,840829.98,831128.0058376655,new_observed,1070863084.17,1629061.6994588575,1,
2209104,Santa Cruz do Piauí,2020,ok,ok,140895.41,140895.41,140895.41,new_observed,836034.56,836034.56,841235.9488120228,new_observed,1128020932.43,1674411.1368481286,1,
2209104,Santa Cruz do Piauí,2021,ok,ok,143432.84,143432.84,143432.84,new_observed,1073788.93,1073788.93,1078449.994425562,new_observed,1359727974.21,1658795.406268002,1,
2209104,Santa Cruz do Piauí,2022,ok,ok,242016.53,242016.53,242016.53,new_observed,1932560.25,1932560.25,1972454.5085707854,new_observed,1371986319.82,2813983.2053105766,1,
2209104,Santa Cruz do Piauí,2023,ok,ok,250925.94,250925.94,250925.94,new_observed,2405078.17,2405078.17,2398485.356469789,new_observed,1656320035.19,3269724.7131826216,1,
2209104,Santa Cruz do Piauí,2024,ok,ok,406935.74,406935.74,406935.74,new_observed,3236899.65,3236899.65,3283049.6069910233,new_observed,1908904705.44,3957413.8421248132,1,
2209104,Santa Cruz do Piauí,2025,ok,ok,1113928.56,1113928.56,1113928.56,new_observed,3779806.92,3779806.92,3827520.4302793955,new_observed,2098799956.48,4941448.990279395,1,
2209153,Santa Cruz dos Milagres,2019,ok,ok,164616.93,164616.93,164616.93,new_observed,650398.54,650398.54,642893.8720167056,new_observed,1070863084.17,1406286.1801525867,1,
2209153,Santa Cruz dos Milagres,2020,ok,ok,158915.16,158915.16,158915.16,new_observed,685169.66,685169.66,689432.4428733079,new_observed,1128020932.43,1446326.564592829,1,
2209153,Santa Cruz dos Milagres,2021,ok,ok,179665.31,179665.31,179665.31,new_observed,848519.7,848519.7,852202.9238418202,new_observed,1359727974.21,1400836.6743079596,1,
2209153,Santa Cruz dos Milagres,2022,ok,ok,277037.97,277037.97,277037.97,new_observed,715174.39,715174.39,729937.8893723295,new_observed,1371986319.82,1279589.1691840447,1,
2209153,Santa Cruz dos Milagres,2023,ok,ok,437904.96,437904.96,437904.96,new_observed,1647898.58,1647898.58,1643381.351333524,new_observed,1656320035.19,2568583.1778718405,1,
2209153,Santa Cruz dos Milagres,2024,ok,ok,520973.63,520973.63,520973.63,new_observed,3354375.33,3354375.33,3402200.1914260406,new_observed,1908904705.44,4207502.449469994,2,
2209153,Santa Cruz dos Milagres,2025,ok,ok,406122.74,406122.74,406122.74,new_observed,3054209.01,3054209.01,3092763.1044493685,new_observed,2098799956.48,3498885.8444493683,1,
2209203,Santa Filomena,2019,ok,ok,899975.18,899975.18,899975.18,new_observed,4919168.93,4919168.93,4862408.763266865,new_observed,1070863084.17,10035235.29829105,1,
2209203,Santa Filomena,2020,ok,ok,1248078.33,1248078.33,1248078.33,new_observed,7885848.41,7885848.41,7934910.213967866,new_observed,1128020932.43,15655847.000107361,1,
2209203,Santa Filomena,2021,ok,ok,827631.69,827631.69,827631.69,new_observed,12444855.53,12444855.53,12498875.711966434,new_observed,1359727974.21,18091709.480779316,1,
2209203,Santa Filomena,2022,ok,ok,975352.08,975352.08,975352.08,new_observed,8253712.84,8253712.84,8424096.016518285,new_observed,1371986319.82,11944111.53819452,1,
2209203,Santa Filomena,2023,ok,ok,2156378.67,2156378.67,2156378.67,new_observed,18307067.28,18307067.28,18256883.846310582,new_observed,1656320035.19,25192671.67585517,1,
2209203,Santa Filomena,2024,ok,ok,3064508.04,3064508.04,3064508.04,new_observed,24248031.76,24248031.76,24593747.025791753,new_observed,1908904705.44,29662763.16940868,1,
2209203,Santa Filomena,2025,ok,ok,2956522.22,2956522.22,2956522.22,new_observed,27800963.35,27800963.35,28151902.320866093,new_observed,2098799956.48,31108424.54086609,1,
2209302,Santa Luz,2019,ok,ok,254896.3,254896.3,254896.3,new_observed,982353.12,982353.12,971018.17141916,new_observed,1070863084.17,2134939.3406258887,2,
2209302,Santa Luz,2020,ok,ok,170611.76,170611.76,170611.76,new_observed,933347.62,933347.62,939154.4419911818,new_observed,1128020932.43,1892012.5818600806,1,
2209302,Santa Luz,2021,ok,ok,283390.42,283390.42,283390.42,new_observed,1199743.11,1199743.11,1204950.9118068547,new_observed,1359727974.21,2020532.324869496,1,
2209302,Santa Luz,2022,ok,ok,577303.91,577303.91,577303.91,new_observed,956369.82,956369.82,976112.3687191798,new_observed,1371986319.82,1973964.5464015843,1,
2209302,Santa Luz,2023,ok,ok,564841.55,564841.55,564841.55,new_observed,1429849.65,1429849.65,1425930.138261765,new_observed,1656320035.19,2456876.1354973745,1,
2209302,Santa Luz,2024,ok,ok,551003.97,551003.97,551003.97,new_observed,2736068.16,2736068.16,2775077.533648179,new_observed,1908904705.44,3567136.382616274,2,
2209302,Santa Luz,2025,ok,ok,787323.06,787323.06,787323.06,new_observed,3525437.91,3525437.91,3569940.4524627132,new_observed,2098799956.48,4357263.512462713,1,
2209351,Santana do Piauí,2019,ok,ok,123632.75,123632.75,123632.75,new_observed,332566.27,332566.27,328728.93137560424,new_observed,1070863084.17,787791.2956215036,1,
2209351,Santana do Piauí,2020,ok,ok,113386.33,113386.33,113386.33,new_observed,341611.03,341611.03,343736.36294019036,new_observed,1128020932.43,779337.021567967,1,
2209351,Santana do Piauí,2021,ok,ok,142866.22,142866.22,142866.22,new_observed,602657.51,602657.51,605273.5040768425,new_observed,1359727974.21,1015654.4494945026,1,
2209351,Santana do Piauí,2022,ok,ok,114854.42,114854.42,114854.42,new_observed,494464.38,494464.38,504671.714974298,new_observed,1371986319.82,787247.2065355135,1,
2209351,Santana do Piauí,2023,ok,ok,157796.05,157796.05,157796.05,new_observed,923687.25,923687.25,921155.2334213109,new_observed,1656320035.19,1331568.8962387554,2,
2209351,Santana do Piauí,2024,ok,ok,288462.41,288462.41,288462.41,new_observed,2019583.85,2019583.85,2048377.979536041,new_observed,1908904705.44,2506200.8747344674,1,
2209351,Santana do Piauí,2025,ok,ok,290756.39,290756.39,290756.39,new_observed,1928486.18,1928486.18,1952829.975098693,new_observed,2098799956.48,2243586.365098693,1,
2209377,Santa Rosa do Piauí,2019,ok,ok,233447.7,233447.7,233447.7,new_observed,518272.14,518272.14,512292.02150881843,new_observed,1070863084.17,1298711.3754138912,1,
2209377,Santa Rosa do Piauí,2020,ok,ok,236379.14,236379.14,236379.14,new_observed,509205.92,509205.92,512373.9445076277,new_observed,1128020932.43,1276530.3665341148,5,
2209377,Santa Rosa do Piauí,2021,ok,ok,240030.76,240030.76,240030.76,new_observed,609800.63,609800.63,612447.6306756155,new_observed,1359727974.21,1157301.8284197832,1,
2209377,Santa Rosa do Piauí,2022,ok,ok,205869.27,205869.27,205869.27,new_observed,526795.11,526795.11,537669.855215403,new_observed,1371986319.82,944833.5852691177,1,
2209377,Santa Rosa do Piauí,2023,ok,ok,472677.67,472677.67,472677.67,new_observed,1446154.63,1446154.63,1442190.422960758,new_observed,1656320035.19,2363201.03804995,1,
2209377,Santa Rosa do Piauí,2024,ok,ok,617094.21,617094.21,617094.21,new_observed,2342967.26,2342967.26,2376372.0145404674,new_observed,1908904705.44,3210415.0989622804,1,
2209377,Santa Rosa do Piauí,2025,ok,ok,484179.07,,484179.07,new_observed,2958172.55,,2995514.350615744,new_observed,2098799956.48,3479693.420615744,1,
2209401,Santo Antônio de Lisboa,2019,ok,ok,52373.65,52373.65,52373.65,new_observed,1156994.45,1156994.45,1143644.3905029965,new_observed,1070863084.17,2082874.479662682,1,
2209401,Santo Antônio de Lisboa,2020,ok,ok,61322.77,61322.77,61322.77,new_observed,1201984.9,1201984.9,1209463.0487634675,new_observed,1128020932.43,2166530.8905928903,1,
2209401,Santo Antônio de Lisboa,2021,ok,ok,45376.75,45376.75,45376.75,new_observed,1525689.82,1525689.82,1532312.4795802624,new_observed,1359727974.21,2141828.637585035,1,
2209401,Santo Antônio de Lisboa,2022,ok,ok,226630.33,226630.33,226630.33,new_observed,1792872.24,1792872.24,1829882.8888151885,new_observed,1371986319.82,2613262.2908358504,1,
2209401,Santo Antônio de Lisboa,2023,ok,ok,191567.68,191567.68,191567.68,new_observed,3133034.58,3133034.58,3124446.2883480736,new_observed,1656320035.19,4092400.766922641,1,
2209401,Santo Antônio de Lisboa,2024,ok,ok,338130.92,338130.92,338130.92,new_observed,3481751.55,3481751.55,3531392.472382604,new_observed,1908904705.44,4149963.7520045517,1,
2209401,Santo Antônio de Lisboa,2025,ok,ok,40742526.7,40742526.7,40742526.7,new_observed,4439095.96,4439095.96,4495131.85156842,new_observed,2098799956.48,45237658.551568426,1,
2209450,Santo Antônio dos Milagres,2019,ok,ok,69297.14,69297.14,69297.14,new_observed,131086.6,131086.6,129574.04831121712,new_observed,1070863084.17,346335.68127402157,1,
2209450,Santo Antônio dos Milagres,2020,ok,ok,98056.86,98056.86,98056.86,new_observed,131846.88,131846.88,132667.16533190315,new_observed,1128020932.43,393355.6077686653,1,
2209450,Santo Antônio dos Milagres,2021,ok,ok,110190.73,110190.73,110190.73,new_observed,154975.78,154975.78,155648.493300352,new_observed,1359727974.21,360896.20869728475,1,
2209450,Santo Antônio dos Milagres,2022,ok,ok,175633.39,175633.39,175633.39,new_observed,319483.54,319483.54,326078.7077076406,new_observed,1371986319.82,637537.9909062248,1,
2209450,Santo Antônio dos Milagres,2023,ok,ok,162014.04,162014.04,162014.04,new_observed,826398.63,826398.63,824133.3015224597,new_observed,1656320035.19,1217036.5309877426,1,
2209450,Santo Antônio dos Milagres,2024,ok,ok,284307.79,284307.79,284307.79,new_observed,2008278.3,2008278.3,2036911.241145088,new_observed,1908904705.44,2489447.371911059,1,
2209450,Santo Antônio dos Milagres,2025,ok,ok,518203.49,518203.49,518203.49,new_observed,2318068.56,2318068.56,2347330.15732675,new_observed,2098799956.48,2865533.6473267497,1,
2209500,Santo Inácio do Piauí,2019,ok,ok,54600.76,54600.76,54600.76,new_observed,655207.39,655207.39,647647.2347724824,new_observed,1070863084.17,1222970.2037694568,1,
2209500,Santo Inácio do Piauí,2020,ok,ok,48898.16,48898.16,48898.16,new_observed,254880.26,254880.26,256465.99747569652,new_observed,1128020932.43,520607.69823093934,1,
2209500,Santo Inácio do Piauí,2021,ok,ok,45315.32,45315.32,45315.32,new_observed,206338.94,206338.94,207234.60866073222,new_observed,1359727974.21,342855.0182658742,1,
2209500,Santo Inácio do Piauí,2022,ok,ok,41632.14,41632.14,41632.14,new_observed,469143.03,469143.03,478827.6508781857,new_observed,1371986319.82,661361.1490335391,1,
2209500,Santo Inácio do Piauí,2023,ok,ok,153053.28,153053.28,153053.28,new_observed,4666.52,4666.52,4653.728109666141,new_observed,1656320035.19,194631.35170645543,1,
2209500,Santo Inácio do Piauí,2024,ok,ok,218091.19,218091.19,218091.19,new_observed,374663.9,374663.9,380005.65437631786,new_observed,1908904705.44,641443.3956481966,1,
2209500,Santo Inácio do Piauí,2025,ok,ok,160725.39,160725.39,160725.39,new_observed,2808305.83,2808305.83,2843755.8230613894,new_observed,2098799956.48,3004481.2130613895,2,
2209559,São Braz do Piauí,2019,ok,ok,3832.94,3832.94,3832.94,new_observed,492967.88,492967.88,487279.7364413928,new_observed,1070863084.17,855276.4471415599,1,
2209559,São Braz do Piauí,2020,ok,ok,105116.47,105116.47,105116.47,new_observed,545327.07,545327.07,548719.8222335812,new_observed,1128020932.43,1114709.1064434038,1,
2209559,São Braz do Piauí,2021,ok,ok,112709.56,112709.56,112709.56,new_observed,659998.51,659998.51,662863.4078304191,new_observed,1359727974.21,1052897.086378633,5,
2209559,São Braz do Piauí,2022,ok,ok,235717.62,235717.62,235717.62,new_observed,937077.86,937077.86,956422.1606228645,new_observed,1371986319.82,1514881.5507745212,1,
2209559,São Braz do Piauí,2023,ok,ok,268257.66,268257.66,268257.66,new_observed,997483.98,997483.98,994749.6714184572,new_observed,1656320035.19,1558718.45567065,1,
2209559,São Braz do Piauí,2024,ok,ok,363371.49,363371.49,363371.49,new_observed,2262665.58,2262665.58,2294925.4368052827,new_observed,1908904705.44,2850954.696390742,1,
2209559,São Braz do Piauí,2025,ok,ok,282315.94,282315.94,282315.94,new_observed,2605606.48,2605606.48,2638497.745135717,new_observed,2098799956.48,2920813.685135717,1,
2209609,São Félix do Piauí,2019,ok,ok,193736.47,193736.47,193736.47,new_observed,507636.99,507636.99,501779.5859135933,new_observed,1070863084.17,1211246.4812393747,1,
2209609,São Félix do Piauí,2020,ok,ok,382524.67,382524.67,382524.67,new_observed,503628.48,503628.48,506761.80446602206,new_observed,1128020932.43,1516122.2206522708,1,
2209609,São Félix do Piauí,2021,ok,ok,312350.27,312350.27,312350.27,new_observed,367313.96,367313.96,368908.3832466323,new_observed,1359727974.21,924858.4992333681,1,
2209609,São Félix do Piauí,2022,ok,ok,153889.59,153889.59,153889.59,new_observed,499764.23,499764.23,510080.9709223332,new_observed,1371986319.82,843723.8395594241,2,
2209609,São Félix do Piauí,2023,ok,ok,197613.69,197613.69,197613.69,new_observed,1044716.47,1044716.47,1041852.687456645,new_observed,1656320035.19,1529665.7981827792,1,
2209609,São Félix do Piauí,2024,ok,partial,721467.21,721467.21,721467.21,new_observed,,,1741426.0079451557,imputed_temporal,1908904705.44,2641389.272810897,1,
2209609,São Félix do Piauí,2025,ok,ok,614144.82,614144.82,614144.82,new_observed,2482455.42,2482455.42,2513792.116478748,new_observed,2098799956.48,3127936.936478748,1,
2209658,São Francisco de Assis do Piauí,2019,ok,ok,768456.41,768456.41,768456.41,new_observed,800401.9,800401.9,791166.4080004363,new_observed,1070863084.17,2716094.9546768693,1,
2209658,São Francisco de Assis do Piauí,2020,ok,ok,345795.4,345795.4,345795.4,new_observed,924801.84,924801.84,930555.494422987,new_observed,1128020932.43,2176018.648598065,1,
2209658,São Francisco de Assis do Piauí,2021,ok,ok,123799.73,123799.73,123799.73,new_observed,1101370.6,1101370.6,1106151.3899481886,new_observed,1359727974.21,1669748.6945738185,1,
2209658,São Francisco de Assis do Piauí,2022,ok,ok,655403.98,655403.98,655403.98,new_observed,1365624.74,1365624.74,1393815.6264099951,new_observed,1371986319.82,2603994.1168761197,1,
2209658,São Francisco de Assis do Piauí,2023,ok,ok,120043.16,120043.16,120043.16,new_observed,1170550.57,1170550.57,1167341.850328451,new_observed,1656320035.19,1588803.7426505326,1,
2209658,São Francisco de Assis do Piauí,2024,ok,ok,221367.94,221367.94,221367.94,new_observed,367917.02,367917.02,373162.5810260471,new_observed,1908904705.44,637618.6060990015,1,
2209658,São Francisco de Assis do Piauí,2025,ok,ok,1694361.99,1694361.99,1694361.99,new_observed,2325358.86,2325358.86,2354712.48472692,new_observed,2098799956.48,4049074.47472692,1,
2209708,São Francisco do Piauí,2019,ok,ok,129802.04,129802.04,129802.04,new_observed,982207.13,982207.13,970873.8659347479,new_observed,1070863084.17,1916835.4299128526,1,
2209708,São Francisco do Piauí,2020,ok,ok,161464.5,161464.5,161464.5,new_observed,1028951.68,1028951.68,1035353.302627256,new_observed,1128020932.43,2040424.6738655826,1,
2209708,São Francisco do Piauí,2021,ok,ok,163840.33,163840.33,163840.33,new_observed,1263142.69,1263142.69,1268625.69442692,new_observed,1359727974.21,1944677.5042645223,1,
2209708,São Francisco do Piauí,2022,ok,ok,110059.29,110059.29,110059.29,new_observed,1256412.34,1256412.34,1282348.7312527362,new_observed,1371986319.82,1769367.365162625,1,
2209708,São Francisco do Piauí,2023,ok,ok,371735.16,371735.16,371735.16,new_observed,2004474.83,2004474.83,1998980.152552493,new_observed,1656320035.19,2925776.9285206716,1,
2209708,São Francisco do Piauí,2024,ok,ok,260374.47,260374.47,260374.47,new_observed,2785978.71,2785978.71,2825699.6811596733,new_observed,1908904705.44,3309734.7049309537,1,
2209708,São Francisco do Piauí,2025,ok,ok,133132.23,133132.23,133132.23,new_observed,3168701.35,3168701.35,3208700.711775749,new_observed,2098799956.48,3341832.941775749,1,
2209757,São Gonçalo do Gurguéia,2019,ok,ok,5335603.81,5335603.81,5335603.81,new_observed,946617.04,946617.04,935694.4346194146,new_observed,1070863084.17,10921513.410096783,1,
2209757,São Gonçalo do Gurguéia,2020,ok,ok,6751908.0,6751908.0,6751908.0,new_observed,1035302.65,1035302.65,1041743.7851855688,new_observed,1128020932.43,13287201.583315603,1,
2209757,São Gonçalo do Gurguéia,2021,ok,ok,8516581.93,8516581.93,8516581.93,new_observed,1111894.23,1111894.23,1116720.700543369,new_observed,1359727974.21,13077913.610470882,1,
2209757,São Gonçalo do Gurguéia,2022,ok,ok,8144201.66,8144201.66,8144201.66,new_observed,6158990.08,6158990.08,6286131.442235108,new_observed,1371986319.82,18336981.739410937,1,
2209757,São Gonçalo do Gurguéia,2023,ok,ok,6394873.13,6394873.13,6394873.13,new_observed,12444379.58,12444379.58,12410266.978133883,new_observed,1656320035.19,23208035.471259724,1,
2209757,São Gonçalo do Gurguéia,2024,ok,ok,3332935.95,3332935.95,3332935.95,new_observed,14326172.01,14326172.01,14530426.78883057,new_observed,1908904705.44,19157994.496425487,1,
2209757,São Gonçalo do Gurguéia,2025,ok,ok,4313897.97,4313897.97,4313897.97,new_observed,17013559.25,17013559.25,17228325.943470147,new_observed,2098799956.48,21542223.913470145,1,
2209807,São Gonçalo do Piauí,2019,ok,ok,163273.37,163273.37,163273.37,new_observed,449673.96,449673.96,444485.3662947725,new_observed,1070863084.17,1058416.4441934703,1,
2209807,São Gonçalo do Piauí,2020,ok,ok,164775.59,164775.59,164775.59,new_observed,454947.07,454947.07,457777.5230855286,new_observed,1128020932.43,1061375.1984161986,1,
2209807,São Gonçalo do Piauí,2021,ok,ok,131338.07,131338.07,131338.07,new_observed,546519.08,546519.08,548891.3903959349,new_observed,1359727974.21,923461.2945875534,1,
2209807,São Gonçalo do Piauí,2022,ok,ok,363337.21,363337.21,363337.21,new_observed,548757.75,548757.75,560085.8747356829,new_observed,1371986319.82,1173416.5886944095,1,
2209807,São Gonçalo do Piauí,2023,ok,ok,373050.58,373050.58,373050.58,new_observed,1027556.95,1027556.95,1024740.2052274082,new_observed,1656320035.19,1725059.1029059254,1,
2209807,São Gonçalo do Piauí,2024,ok,ok,300110.06,300110.06,300110.06,new_observed,1846616.79,1846616.79,1872944.8491467834,new_observed,1908904705.44,2330545.183375136,1,
2209807,São Gonçalo do Piauí,2025,ok,ok,799816.84,799816.84,799816.84,new_observed,2567356.58,2567356.58,2599765.0064522973,new_observed,2098799956.48,3399581.846452297,1,
2209856,São João da Canabrava,2019,ok,ok,140943.13,140943.13,140943.13,new_observed,527706.45,527706.45,521617.4730784144,new_observed,1070863084.17,1153854.3104262545,1,
2209856,São João da Canabrava,2020,ok,ok,367088.54,367088.54,367088.54,new_observed,549485.35,549485.35,552903.9729715914,new_observed,1128020932.43,1568472.1760639413,1,
2209856,São João da Canabrava,2021,ok,ok,328633.87,328633.87,328633.87,new_observed,1404830.3,1404830.3,1410928.3369161393,new_observed,1359727974.21,2361583.055634383,1,
2209856,São João da Canabrava,2022,ok,ok,503005.58,503005.58,503005.58,new_observed,1188574.26,1188574.26,1213110.2551178858,new_observed,1371986319.82,2180710.9030904146,1,
2209856,São João da Canabrava,2023,ok,ok,481735.39,481735.39,481735.39,new_observed,1438474.91,1438474.91,1434531.754651533,new_observed,1656320035.19,2364927.6532774316,1,
2209856,São João da Canabrava,2024,ok,ok,641274.52,641274.52,641274.52,new_observed,2492815.17,2492815.17,2528356.374646882,new_observed,1908904705.44,3399347.1511019915,1,
2209856,São João da Canabrava,2025,ok,ok,715657.91,715657.91,715657.91,new_observed,3196516.98,3196516.98,3236867.4658876476,new_observed,2098799956.48,3952525.3758876477,1,
2209872,São João da Fronteira,2019,ok,ok,52486.43,52486.43,52486.43,new_observed,690729.42,690729.42,682759.391402775,new_observed,1070863084.17,1280436.1688678302,1,
2209872,São João da Fronteira,2020,ok,ok,150943.87,150943.87,150943.87,new_observed,770424.18,770424.18,775217.3738487852,new_observed,1128020932.43,1578989.090719315,1,
2209872,São João da Fronteira,2021,ok,ok,256359.83,256359.83,256359.83,new_observed,1041095.2,1041095.2,1045614.3486564716,new_observed,1359727974.21,1767525.2698432773,1,
2209872,São João da Fronteira,2022,ok,ok,208341.26,208341.26,208341.26,new_observed,1169215.29,1169215.29,1193351.65371967,new_observed,1371986319.82,1781165.9080245486,1,
2209872,São João da Fronteira,2023,ok,ok,132358.81,132358.81,132358.81,new_observed,1760387.5,1760387.5,1755561.9160862707,new_observed,1656320035.19,2329944.415515686,1,
2209872,São João da Fronteira,2024,ok,ok,566395.01,566395.01,566395.01,new_observed,2735849.88,2735849.88,2774856.141530504,new_observed,1908904705.44,3583405.437602801,1,
2209872,São João da Fronteira,2025,ok,ok,917796.15,917796.15,917796.15,new_observed,2893745.95,2893745.95,2930274.4764706814,new_observed,2098799956.48,3848070.6264706813,1,
2209906,São João da Serra,2019,ok,ok,15716.74,15716.74,15716.74,new_observed,854397.29,854397.29,844538.7685044314,new_observed,1070863084.17,1498141.486143105,1,
2209906,São João da Serra,2020,ok,partial,,,33216.74390973064,imputed_temporal,911230.4,911230.4,916899.6197123226,new_observed,1128020932.43,1619829.5739937809,2,
2209906,São João da Serra,2021,ok,ok,59048.52,59048.52,59048.52,new_observed,1073901.45,1073901.45,1078563.0028483374,new_observed,1359727974.21,1544390.9309893243,5,
2209906,São João da Serra,2022,ok,ok,91951.76,91951.76,91951.76,new_observed,1025386.57,1025386.57,1046553.8463933702,new_observed,1371986319.82,1446727.2769620689,1,
2209906,São João da Serra,2023,ok,ok,651146.88,651146.88,651146.88,new_observed,1732126.25,1732126.25,1727378.135980474,new_observed,1656320035.19,2935415.1377089247,1,
2209906,São João da Serra,2024,ok,ok,322077.2,322077.2,322077.2,new_observed,2665467.89,2665467.89,2703470.6833471633,new_observed,1908904705.44,3244821.8482312104,1,
2209906,São João da Serra,2025,ok,ok,1052023.69,1052023.69,1052023.69,new_observed,3484823.72,3484823.72,3528813.5787164085,new_observed,2098799956.48,4580837.268716408,1,
2209955,São João da Varjota,2019,ok,ok,168445.18,168445.18,168445.18,new_observed,429437.92,429437.92,424482.8212246606,new_observed,1070863084.17,1032588.6066976553,1,
2209955,São João da Varjota,2020,ok,ok,151730.19,151730.19,151730.19,new_observed,668699.35,668699.35,672859.6628436423,new_observed,1128020932.43,1405822.572047225,1,
2209955,São João da Varjota,2021,ok,ok,164119.17,164119.17,164119.17,new_observed,527017.59,527017.59,529305.2490284782,new_observed,1359727974.21,941374.4169826716,1,
2209955,São João da Varjota,2022,ok,ok,229531.31,229531.31,229531.31,new_observed,502477.72,502477.72,512850.47608237236,new_observed,1371986319.82,943362.9257633159,1,
2209955,São João da Varjota,2023,ok,ok,345850.75,345850.75,345850.75,new_observed,804941.2,804941.2,802734.6907477938,new_observed,1656320035.19,1417506.676226116,1,
2209955,São João da Varjota,2024,ok,ok,290033.29,290033.29,290033.29,new_observed,1928864.96,1928864.96,1956365.668879094,new_observed,1908904705.44,2409204.7796482816,1,
2209955,São João da Varjota,2025,ok,ok,267074.86,267074.86,267074.86,new_observed,2368223.63,2368223.63,2398118.348144469,new_observed,2098799956.48,2665193.2081444687,1,
2209971,São João do Arraial,2019,ok,ok,221847.74,221847.74,221847.74,new_observed,492814.59,492814.59,487128.2151885293,new_observed,1070863084.17,1234686.997811185,1,
2209971,São João do Arraial,2020,ok,ok,219259.72,219259.72,219259.72,new_observed,529538.91,529538.91,532833.4361999752,new_observed,1128020932.43,1282224.7710446303,1,
2209971,São João do Arraial,2021,ok,ok,201599.08,201599.08,201599.08,new_observed,685797.32,685797.32,688774.2043783831,new_observed,1359727974.21,1208746.9210458016,1,
2209971,São João do Arraial,2022,ok,ok,279930.26,279930.26,279930.26,new_observed,1517549.8,1517549.8,1548876.9082312929,new_observed,1371986319.82,2323910.571653183,1,
2209971,São João do Arraial,2023,ok,ok,283424.54,283424.54,283424.54,new_observed,1846320.68,1846320.68,1841259.5355798118,new_observed,1656320035.19,2622141.771225026,1,
2209971,São João do Arraial,2024,ok,ok,623730.31,623730.31,623730.31,new_observed,2679082.24,2679082.24,2717279.139354423,new_observed,1908904705.44,3583146.2182706497,1,
2209971,São João do Arraial,2025,ok,ok,613180.12,613180.12,613180.12,new_observed,3019996.27,3019996.27,3058118.487912756,new_observed,2098799956.48,3671298.607912756,1,
2210003,São João do Piauí,2019,ok,ok,7013300.21,7013300.21,7013300.21,new_observed,3526068.54,3526068.54,3485382.7572812387,new_observed,1070863084.17,18283535.935145944,1,
2210003,São João do Piauí,2020,ok,ok,6723880.43,6723880.43,6723880.43,new_observed,4470664.05,4470664.05,4498478.285301447,new_observed,1128020932.43,19132718.089090068,1,
2210003,São João do Piauí,2021,ok,ok,2575719.38,2575719.38,2575719.38,new_observed,7029155.51,7029155.51,7059667.415807601,new_observed,1359727974.21,13080743.01740648,1,
2210003,São João do Piauí,2022,ok,ok,3854069.49,3854069.49,3854069.49,new_observed,7317740.84,7317740.84,7468802.544402208,new_observed,1371986319.82,14388253.982880047,1,
2210003,São João do Piauí,2023,ok,ok,3302333.22,3302333.22,3302333.22,new_observed,9643896.51,9643896.51,9617460.607754428,new_observed,1656320035.19,15944738.072235612,1,
2210003,São João do Piauí,2024,ok,ok,4484142.8,4484142.8,4484142.8,new_observed,11002436.33,11002436.33,11159303.09089139,new_observed,1908904705.44,16777191.095792912,1,
2210003,São João do Piauí,2025,ok,ok,6819060.48,6819060.48,6819060.48,new_observed,10789826.36,10789826.36,10926029.21422959,new_observed,2098799956.48,17745089.694229588,1,
2210052,São José do Divino,2019,ok,ok,72656.14,72656.14,72656.14,new_observed,530629.43,530629.43,524506.7260740122,new_observed,1070863084.17,1039963.6559200111,1,
2210052,São José do Divino,2020,ok,ok,101345.61,101345.61,101345.61,new_observed,579347.04,579347.04,582951.4474686752,new_observed,1128020932.43,1166640.9016039325,1,
2210052,São José do Divino,2021,ok,ok,102561.41,102561.41,102561.41,new_observed,819629.5,819629.5,823187.3182991616,new_observed,1359727974.21,1256771.6761345873,1,
2210052,São José do Divino,2022,ok,ok,343447.06,343447.06,343447.06,new_observed,775160.51,775160.51,791162.315801295,new_observed,1371986319.82,1441776.2402317838,1,
2210052,São José do Divino,2023,ok,ok,209222.35,209222.35,209222.35,new_observed,1236305.49,1236305.49,1232916.5225794753,new_observed,1656320035.19,1779790.5209347717,1,
2210052,São José do Divino,2024,ok,ok,415452.35,415452.35,415452.35,new_observed,2899391.2,2899391.2,2940729.144838714,new_observed,1908904705.44,3599417.8446232695,1,
2210052,São José do Divino,2025,ok,ok,484962.13,484962.13,484962.13,new_observed,2923365.89,2923365.89,2960268.3168686586,new_observed,2098799956.48,3445230.4468686585,1,
2210102,São José do Peixe,2019,ok,ok,80779.67,80779.67,80779.67,new_observed,1085650.84,1085650.84,1073123.983620549,new_observed,1070863084.17,2009531.9558097813,1,
2210102,São José do Peixe,2020,ok,ok,94405.73,94405.73,94405.73,new_observed,1154872.79,1154872.79,1162057.830782543,new_observed,1128020932.43,2142113.2319437666,1,
2210102,São José do Peixe,2021,ok,ok,330584.18,330584.18,330584.18,new_observed,1280259.03,1280259.03,1285816.3324209123,new_observed,1359727974.21,2194382.0382365794,1,
2210102,São José do Peixe,2022,ok,ok,599512.86,599512.86,599512.86,new_observed,335140.5,335140.5,342058.8777139897,new_observed,1371986319.82,1196478.531610098,1,
2210102,São José do Peixe,2023,ok,ok,290303.06,290303.06,290303.06,new_observed,797374.65,797374.65,795188.8822163413,new_observed,1656320035.19,1339640.9361410171,1,
2210102,São José do Peixe,2024,ok,ok,172624.44,172624.44,172624.44,new_observed,2067437.31,2067437.31,2096913.7081756857,new_observed,1908904705.44,2434020.961667148,1,
2210102,São José do Peixe,2025,ok,ok,79903.66,79903.66,79903.66,new_observed,2540969.04,2540969.04,2573044.369501134,new_observed,2098799956.48,2652948.029501134,1,
2210201,São José do Piauí,2019,ok,ok,139547.41,139547.41,139547.41,new_observed,730961.26,730961.26,722527.0135686497,new_observed,1070863084.17,1501309.1405092054,2,
2210201,São José do Piauí,2020,ok,ok,127195.31,127195.31,127195.31,new_observed,744482.51,744482.51,749114.3077551797,new_observed,1128020932.43,1493998.3029064822,1,
2210201,São José do Piauí,2021,ok,ok,120208.78,120208.78,120208.78,new_observed,862690.87,862690.87,866435.6075476429,new_observed,1359727974.21,1339441.991959534,1,
2210201,São José do Piauí,2022,ok,ok,171780.03,171780.03,171780.03,new_observed,925411.25,925411.25,944514.7142732685,new_observed,1371986319.82,1418503.3842613664,1,
2210201,São José do Piauí,2023,ok,ok,168669.73,168669.73,168669.73,new_observed,1292957.2,1292957.2,1289412.9385999045,new_observed,1656320035.19,1799467.2785372636,1,
2210201,São José do Piauí,2024,ok,ok,656450.1,656450.1,656450.1,new_observed,3044900.35,3044900.35,3088312.885261775,new_observed,1908904705.44,4016161.4423309634,1,
2210201,São José do Piauí,2025,ok,ok,428058.0,428058.0,428058.0,new_observed,3525350.84,3525350.84,3569852.283354894,new_observed,2098799956.48,3997910.283354894,1,
2210300,São Julião,2019,ok,ok,234438.02,234438.02,234438.02,new_observed,663358.75,663358.75,655704.5397482932,new_observed,1070863084.17,1550190.0123359293,1,
2210300,São Julião,2020,ok,ok,182664.22,182664.22,182664.22,new_observed,663376.64,663376.64,667503.8376046699,new_observed,1128020932.43,1449430.2122352456,1,
2210300,São Julião,2021,ok,ok,180764.65,180764.65,180764.65,new_observed,783863.19,783863.19,787265.7551851491,new_observed,1359727974.21,1314172.1481043543,1,
2210300,São Julião,2022,ok,ok,347458.27,347458.27,347458.27,new_observed,892096.32,892096.32,910512.0569790286,new_observed,1371986319.82,1598534.0567753322,1,
2210300,São Julião,2023,ok,ok,228612.89,228612.89,228612.89,new_observed,1850814.22,1850814.22,1845740.757863207,new_observed,1656320035.19,2560027.3522409624,1,
2210300,São Julião,2024,ok,ok,403991.93,403991.93,403991.93,new_observed,2620414.8,2620414.8,2657775.250861874,new_observed,1908904705.44,3283666.1079932805,1,
2210300,São Julião,2025,ok,ok,424607.26,424607.26,424607.26,new_observed,3052662.2,3052662.2,3091196.768654428,new_observed,2098799956.48,3515804.028654428,1,
2210359,São Lourenço do Piauí,2019,ok,ok,81014.12,81014.12,81014.12,new_observed,649600.44,649600.44,642104.9809480748,new_observed,1070863084.17,1259317.393312843,1,
2210359,São Lourenço do Piauí,2020,ok,ok,55243.71,55243.71,55243.71,new_observed,631229.18,631229.18,635156.3721900864,new_observed,1128020932.43,1177045.795481215,1,
2210359,São Lourenço do Piauí,2021,ok,ok,113472.38,113472.38,113472.38,new_observed,696335.62,696335.62,699358.248652573,new_observed,1359727974.21,1103477.0887150562,1,
2210359,São Lourenço do Piauí,2022,ok,ok,178847.71,178847.71,178847.71,new_observed,683533.03,683533.03,697643.3499450017,new_observed,1371986319.82,1113778.902198662,1,
2210359,São Lourenço do Piauí,2023,ok,ok,141503.31,141503.31,141503.31,new_observed,1142624.73,1142624.73,1139492.5607949146,new_observed,1656320035.19,1580918.6976004827,1,
2210359,São Lourenço do Piauí,2024,ok,ok,269122.78,269122.78,269122.78,new_observed,2298504.13,2298504.13,2331274.953384404,new_observed,1908904705.44,2788859.3090259954,1,
2210359,São Lourenço do Piauí,2025,ok,ok,477076.31,477076.31,477076.31,new_observed,2321351.7,2321351.7,2350654.7412781096,new_observed,2098799956.48,2827731.0512781097,1,
2210375,São Luis do Piauí,2019,ok,ok,88757.59,88757.59,88757.59,new_observed,231798.83,231798.83,229124.20336558888,new_observed,1070863084.17,553593.5517094169,1,
2210375,São Luis do Piauí,2020,ok,ok,56509.15,56509.15,56509.15,new_observed,239650.94,239650.94,241141.9282650147,new_observed,1128020932.43,507457.8628103708,1,
2210375,São Luis do Piauí,2021,ok,ok,50502.34,50502.34,50502.34,new_observed,294200.82,294200.82,295477.87635415077,new_observed,1359727974.21,469693.47418460506,1,
2210375,São Luis do Piauí,2022,ok,ok,165371.48,165371.48,165371.48,new_observed,535498.69,535498.69,546553.1050968523,new_observed,1371986319.82,904660.2059890548,1,
2210375,São Luis do Piauí,2023,ok,ok,177502.32,177502.32,177502.32,new_observed,839438.82,839438.82,837137.7456817877,new_observed,1656320035.19,1252200.329245033,1,
2210375,São Luis do Piauí,2024,ok,ok,619659.02,619659.02,619659.02,new_observed,2719638.32,2719638.32,2758413.4459138163,new_observed,1908904705.44,3622895.3448851085,1,
2210375,São Luis do Piauí,2025,ok,ok,296969.41,296969.41,296969.41,new_observed,2725463.62,2725463.62,2759867.8737625144,new_observed,2098799956.48,3056837.2837625146,1,
2210383,São Miguel da Baixa Grande,2019,ok,ok,51576.35,51576.35,51576.35,new_observed,316043.35,316043.35,312396.66221672465,new_observed,1070863084.17,633861.7585679052,1,
2210383,São Miguel da Baixa Grande,2020,ok,ok,41619.07,41619.07,41619.07,new_observed,349123.87,349123.87,351295.944072426,new_observed,1128020932.43,669870.9592100803,1,
2210383,São Miguel da Baixa Grande,2021,ok,ok,64040.3,64040.3,64040.3,new_observed,443915.65,443915.65,445842.58311167336,new_observed,1359727974.21,692203.3442248628,2,
2210383,São Miguel da Baixa Grande,2022,ok,ok,55047.32,55047.32,55047.32,new_observed,742167.18,742167.18,757487.8973653038,new_observed,1371986319.82,1032508.6287265333,1,
2210383,São Miguel da Baixa Grande,2023,ok,ok,134409.05,134409.05,134409.05,new_observed,961012.57,961012.57,958378.2370484858,new_observed,1656320035.19,1348644.3586449658,1,
2210383,São Miguel da Baixa Grande,2024,ok,ok,151887.19,151887.19,151887.19,new_observed,2691148.99,2691148.99,2729517.930521507,new_observed,1908904705.44,3090232.463394351,1,
2210383,São Miguel da Baixa Grande,2025,ok,ok,275239.84,275239.84,275239.84,new_observed,2757704.05,2757704.05,2792515.2833042676,new_observed,2098799956.48,3067755.1233042674,2,
2210391,São Miguel do Fidalgo,2019,ok,ok,85261.38,85261.38,85261.38,new_observed,518853.64,518853.64,512866.81183134555,new_observed,1070863084.17,1041644.778040598,3,
2210391,São Miguel do Fidalgo,2020,ok,ok,457185.6,457185.6,457185.6,new_observed,537936.61,537936.61,541283.3824884859,new_observed,1128020932.43,1702264.741957116,1,
2210391,São Miguel do Fidalgo,2021,ok,ok,3199439.1,3199439.1,3199439.1,new_observed,661339.51,661339.51,664210.2287950612,new_observed,1359727974.21,5245186.835813707,1,
2210391,São Miguel do Fidalgo,2022,ok,ok,862499.09,862499.09,862499.09,new_observed,677752.8,677752.8,691743.79740889,new_observed,1371986319.82,1975014.9385402454,1,
2210391,São Miguel do Fidalgo,2023,ok,ok,736502.81,736502.81,736502.81,new_observed,1669436.49,1669436.49,1664860.2214959706,new_observed,1656320035.19,2963600.2759811766,1,
2210391,São Miguel do Fidalgo,2024,ok,ok,392688.41,392688.41,392688.41,new_observed,2821910.89,2821910.89,2862144.1626644772,new_observed,1908904705.44,3490723.7470101686,1,
2210391,São Miguel do Fidalgo,2025,ok,ok,429690.77,429690.77,429690.77,new_observed,3040168.41,3040168.41,3078545.26621297,new_observed,2098799956.48,3508236.03621297,1,
2210409,São Miguel do Tapuio,2019,ok,ok,463626.82,463626.82,463626.82,new_observed,3418047.42,3418047.42,3378608.046353411,new_observed,1070863084.17,6691281.132040436,1,
2210409,São Miguel do Tapuio,2020,ok,ok,643684.85,643684.85,643684.85,new_observed,3420734.25,3420734.25,3442016.347305706,new_observed,1128020932.43,6965609.5645672,1,
2210409,São Miguel do Tapuio,2021,ok,ok,631963.93,631963.93,631963.93,new_observed,4759207.03,4759207.03,4779865.624963742,new_observed,1359727974.21,7346954.840804871,1,
2210409,São Miguel do Tapuio,2022,ok,ok,543076.24,543076.24,543076.24,new_observed,5073433.24,5073433.24,5178165.217964557,new_observed,1371986319.82,7270123.246511016,1,
2210409,São Miguel do Tapuio,2023,ok,ok,483077.71,483077.71,483077.71,new_observed,5370831.56,5370831.56,5356109.006937514,new_observed,1656320035.19,7206330.379393398,1,
2210409,São Miguel do Tapuio,2024,ok,ok,666768.81,666768.81,666768.81,new_observed,5682254.33,5682254.33,5763268.825751067,new_observed,1908904705.44,6896049.04958629,1,
2210409,São Miguel do Tapuio,2025,ok,ok,776329.69,776329.69,776329.69,new_observed,5722218.9,5722218.9,5794451.9944634875,new_observed,2098799956.48,6570781.684463488,1,
2210508,São Pedro do Piauí,2019,ok,ok,356868.85,356868.85,356868.85,new_observed,1360130.87,1360130.87,1344436.9070443339,new_observed,1070863084.17,2962836.8665413656,1,
2210508,São Pedro do Piauí,2020,ok,ok,580438.18,580438.18,580438.18,new_observed,1325310.45,1325310.45,1333555.868642845,new_observed,1128020932.43,3263120.479917402,1,
2210508,São Pedro do Piauí,2021,ok,ok,699028.12,699028.12,699028.12,new_observed,1563471.37,1563471.37,1570258.030375696,new_observed,1359727974.21,3080722.091918483,1,
2210508,São Pedro do Piauí,2022,ok,ok,869091.55,869091.55,869091.55,new_observed,2378280.75,2378280.75,2427376.1131041627,new_observed,1371986319.82,4188903.119189745,1,
2210508,São Pedro do Piauí,2023,ok,ok,940573.47,940573.47,940573.47,new_observed,2594650.3,2594650.3,2587537.830302599,new_observed,1656320035.19,4354156.987565266,1,
2210508,São Pedro do Piauí,2024,ok,ok,1804847.33,1804847.33,1804847.33,new_observed,3805508.16,3805508.16,3859765.028269917,new_observed,1908904705.44,6075150.23743079,1,
2210508,São Pedro do Piauí,2025,ok,ok,1508890.12,1508890.12,1508890.12,new_observed,3861352.35,3861352.35,3910095.2299786666,new_observed,2098799956.48,5418985.349978667,1,
2210607,São Raimundo Nonato,2019,ok,ok,1566146.07,1566146.07,1566146.07,new_observed,9916526.58,9916526.58,9802104.060646845,new_observed,1070863084.17,19797893.7387834,1,
2210607,São Raimundo Nonato,2020,ok,ok,3083234.27,3083234.27,3083234.27,new_observed,11481825.73,11481825.73,11553259.905991023,new_observed,1128020932.43,24953392.06186859,1,
2210607,São Raimundo Nonato,2021,ok,ok,3224649.74,3224649.74,3224649.74,new_observed,12658857.96,12658857.96,12713807.07602935,new_observed,1359727974.21,21637622.040790744,2,
2210607,São Raimundo Nonato,2022,ok,ok,4573223.79,4573223.79,4573223.79,new_observed,11543923.2,11543923.2,11782226.89948988,new_observed,1371986319.82,20783276.346306868,1,
2210607,São Raimundo Nonato,2023,ok,ok,3547363.16,3547363.16,3547363.16,new_observed,13835314.36,13835314.36,13797388.920051688,new_observed,1656320035.19,21405723.073551252,1,
2210607,São Raimundo Nonato,2024,ok,ok,8349779.81,8349779.81,8349779.81,new_observed,12311947.16,12311947.16,12487484.21500563,new_observed,1908904705.44,22347426.70504358,1,
2210607,São Raimundo Nonato,2025,ok,ok,8352324.36,8352324.36,8352324.36,new_observed,14472370.88,14472370.88,14655059.475307962,new_observed,2098799956.48,23007383.835307963,1,
2210623,Sebastião Barros,2019,ok,ok,123326.78,123326.78,123326.78,new_observed,600659.52,600659.52,593728.7690967077,new_observed,1070863084.17,1248757.6718206718,2,
2210623,Sebastião Barros,2020,ok,ok,220142.22,220142.22,220142.22,new_observed,552492.28,552492.28,555929.6105858564,new_observed,1128020932.43,1323105.4119877517,1,
2210623,Sebastião Barros,2021,ok,ok,361494.59,361494.59,361494.59,new_observed,823298.71,823298.71,826872.4554741613,new_observed,1359727974.21,1613295.2689523252,1,
2210623,Sebastião Barros,2022,ok,ok,776694.8,776694.8,776694.8,new_observed,991381.12,991381.12,1011846.414545655,new_observed,1371986319.82,2272743.6268416913,1,
2210623,Sebastião Barros,2023,ok,ok,546145.04,546145.04,546145.04,new_observed,1212565.49,1212565.49,1209241.5987982687,new_observed,1656320035.19,2166379.784715591,1,
2210623,Sebastião Barros,2024,ok,ok,657784.99,657784.99,657784.99,new_observed,1429984.34,1429984.34,1450372.2799810364,new_observed,1908904705.44,2260944.143965813,1,
2210623,Sebastião Barros,2025,ok,ok,774106.45,774106.45,774106.45,new_observed,1691050.1,1691050.1,1712396.676170966,new_observed,2098799956.48,2486503.126170966,1,
2210631,Sebastião Leal,2019,ok,ok,287138.22,287138.22,287138.22,new_observed,3875393.33,3875393.33,3830676.839329028,new_observed,1070863084.17,7171206.126155099,3,
2210631,Sebastião Leal,2020,ok,ok,425041.12,425041.12,425041.12,new_observed,5229028.91,5229028.91,5261561.312093781,new_observed,1128020932.43,9694945.95370914,1,
2210631,Sebastião Leal,2021,ok,ok,865015.41,865015.41,865015.41,new_observed,8932452.52,8932452.52,8971226.18911763,new_observed,1359727974.21,13353418.11821856,1,
2210631,Sebastião Leal,2022,ok,ok,1521163.87,1521163.87,1521163.87,new_observed,8905729.94,8905729.94,9089572.846314536,new_observed,1371986319.82,13483325.993259305,1,
2210631,Sebastião Leal,2023,ok,ok,2779483.21,2779483.21,2779483.21,new_observed,13659954.67,13659954.67,13622509.927000048,new_observed,1656320035.19,20242233.57730835,1,
2210631,Sebastião Leal,2024,ok,ok,2579815.26,2579815.26,2579815.26,new_observed,16972093.2,16972093.2,17214072.085946508,new_observed,1908904705.44,21228432.203987952,1,
2210631,Sebastião Leal,2025,ok,ok,2801064.57,2801064.57,2801064.57,new_observed,20381734.07,20381734.07,20639018.132028453,new_observed,2098799956.48,23440082.702028453,1,
2210656,Sigefredo Pacheco,2019,ok,ok,178178.83,178178.83,178178.83,new_observed,1055911.55,1055911.55,1043727.8424497405,new_observed,1070863084.17,2127959.728353894,1,
2210656,Sigefredo Pacheco,2020,ok,ok,229477.03,229477.03,229477.03,new_observed,1136497.76,1136497.76,1143568.4805378602,new_observed,1128020932.43,2340870.875994448,1,
2210656,Sigefredo Pacheco,2021,ok,ok,119508.87,119508.87,119508.87,new_observed,1345950.1,1345950.1,1351792.5518584782,new_observed,1359727974.21,1997399.3995601104,1,
2210656,Sigefredo Pacheco,2022,ok,ok,213123.13,213123.13,213123.13,new_observed,1491345.61,1491345.61,1522131.779478414,new_observed,1371986319.82,2205031.3989910856,1,
2210656,Sigefredo Pacheco,2023,ok,ok,200628.16,200628.16,200628.16,new_observed,1887909.45,1887909.45,1882734.3022143575,new_observed,1656320035.19,2571145.423247786,1,
2210656,Sigefredo Pacheco,2024,ok,ok,399071.35,399071.35,399071.35,new_observed,2455953.12,2455953.12,2490968.765560705,new_observed,1908904705.44,3099493.2722272826,1,
2210656,Sigefredo Pacheco,2025,ok,ok,684176.26,684176.26,684176.26,new_observed,2872608.62,2872608.62,2908870.3243198204,new_observed,2098799956.48,3593046.5843198206,1,
2210706,Simões,2019,ok,ok,1037408.44,1037408.44,1037408.44,new_observed,26700768.14,26700768.14,26392679.502855115,new_observed,1070863084.17,47769705.98791968,1,
2210706,Simões,2020,ok,ok,1763163.49,1763163.49,1763163.49,new_observed,28378239.39,28378239.39,28554794.599473696,new_observed,1128020932.43,51688326.83737348,1,
2210706,Simões,2021,ok,ok,2123378.57,2123378.57,2123378.57,new_observed,18738097.49,18738097.49,18819435.150664233,new_observed,1359727974.21,28431402.92620314,1,
2210706,Simões,2022,ok,ok,2406523.32,2406523.32,2406523.32,new_observed,15854720.28,15854720.28,16182012.694514785,new_observed,1371986319.82,23620913.186525464,1,
2210706,Simões,2023,ok,ok,14886772.26,14886772.26,14886772.26,new_observed,16660253.83,16660253.83,16614584.650412723,new_observed,1656320035.19,38876849.85944089,1,
2210706,Simões,2024,ok,ok,9059995.1,9059995.1,9059995.1,new_observed,16392885.7,16392885.7,16626606.560025353,new_observed,1908904705.44,27548215.889101695,1,
2210706,Simões,2025,ok,ok,6668434.16,6668434.16,6668434.16,new_observed,15497128.99,15497128.99,15692753.380085375,new_observed,2098799956.48,22361187.540085375,1,
2210805,Simplício Mendes,2019,ok,ok,1144004.16,1144004.16,1144004.16,new_observed,4348669.21,4348669.21,4298491.793257606,new_observed,1070863084.17,9478147.939925902,2,
2210805,Simplício Mendes,2020,ok,ok,3434828.94,3434828.94,3434828.94,new_observed,3629489.93,3629489.93,3652070.8007181333,new_observed,1128020932.43,12082277.737204144,2,
2210805,Simplício Mendes,2021,ok,ok,837948.09,837948.09,837948.09,new_observed,5975977.63,5975977.63,6001917.939087697,new_observed,1359727974.21,9285618.906229453,1,
2210805,Simplício Mendes,2022,ok,ok,1175096.57,1175096.57,1175096.57,new_observed,3991138.21,3991138.21,4073528.1379422112,new_observed,1371986319.82,6669557.434654797,2,
2210805,Simplício Mendes,2023,ok,ok,1549058.53,1549058.53,1549058.53,new_observed,4275617.45,4275617.45,4263897.103889851,new_observed,1656320035.19,7173957.7460432,1,
2210805,Simplício Mendes,2024,ok,ok,2337062.86,2337062.86,2337062.86,new_observed,5024487.46,5024487.46,5096123.873004319,new_observed,1908904705.44,7971900.509652992,1,
2210805,Simplício Mendes,2025,ok,ok,2215868.2,2215868.2,2215868.2,new_observed,5589706.78,5589706.78,5660267.138650895,new_observed,2098799956.48,7876135.338650895,1,
2210904,Socorro do Piauí,2019,ok,ok,218433.29,218433.29,218433.29,new_observed,522693.93,522693.93,516662.7903828457,new_observed,1070863084.17,1280175.3937470485,1,
2210904,Socorro do Piauí,2020,ok,ok,155504.12,155504.12,155504.12,new_observed,644600.72,644600.72,648611.1032229493,new_observed,1128020932.43,1370915.8891965754,1,
2210904,Socorro do Piauí,2021,ok,ok,126607.82,126607.82,126607.82,new_observed,982369.09,982369.09,986633.3224671488,new_observed,1359727974.21,1511306.3553767006,1,
2210904,Socorro do Piauí,2022,ok,ok,397634.43,397634.43,397634.43,new_observed,1472665.85,1472665.85,1503066.409158901,new_observed,1371986319.82,2415267.6402418893,1,
2210904,Socorro do Piauí,2023,ok,ok,501519.25,501519.25,501519.25,new_observed,1975287.34,1975287.34,1969872.6714608872,new_observed,1656320035.19,3050025.2083652625,1,
2210904,Socorro do Piauí,2024,ok,ok,800636.88,800636.88,800636.88,new_observed,2472225.08,2472225.08,2507472.7223277846,new_observed,1908904705.44,3547861.9832985033,1,
2210904,Socorro do Piauí,2025,ok,ok,745914.2,745914.2,745914.2,new_observed,2597572.19,2597572.19,2630362.0361514636,new_observed,2098799956.48,3376276.2361514634,1,
2210938,Sussuapara,2019,ok,ok,116337.58,116337.58,116337.58,new_observed,837147.02,837147.02,827487.5419232129,new_observed,1070863084.17,1643678.6011117483,1,
2210938,Sussuapara,2020,ok,ok,64180.12,64180.12,64180.12,new_observed,840988.78,840988.78,846220.9914905496,new_observed,1128020932.43,1552120.0360841488,1,
2210938,Sussuapara,2021,ok,ok,133377.19,133377.19,133377.19,new_observed,1067186.73,1067186.73,1071819.1358328995,new_observed,1359727974.21,1636142.2491728102,1,
2210938,Sussuapara,2022,ok,ok,157313.5,157313.5,157313.5,new_observed,1155617.95,1155617.95,1179473.6208937487,new_observed,1371986319.82,1698688.5092424955,1,
2210938,Sussuapara,2023,ok,ok,145358.23,145358.23,145358.23,new_observed,1601119.21,1601119.21,1596730.2132002958,new_observed,1656320035.19,2149968.048702626,1,
2210938,Sussuapara,2024,ok,ok,221907.18,221907.18,221907.18,new_observed,3055957.74,3055957.74,3099527.925522244,new_observed,1908904705.44,3562153.240806622,1,
2210938,Sussuapara,2025,ok,ok,619709.34,619709.34,619709.34,new_observed,3037994.24,3037994.24,3076343.651085523,new_observed,2098799956.48,3696052.991085523,1,
2210953,Tamboril do Piauí,2019,ok,ok,48458.4,48458.4,48458.4,new_observed,840499.58,840499.58,830801.4181806354,new_observed,1070863084.17,1531237.6354382483,1,
2210953,Tamboril do Piauí,2020,ok,ok,73703.51,73703.51,73703.51,new_observed,871661.37,871661.37,877084.4110017864,new_observed,1128020932.43,1620974.495338129,1,
2210953,Tamboril do Piauí,2021,ok,ok,69532.54,69532.54,69532.54,new_observed,1069444.42,1069444.42,1074086.6259325736,new_observed,1359727974.21,1552546.746317816,1,
2210953,Tamboril do Piauí,2022,ok,ok,187573.28,187573.28,187573.28,new_observed,1113947.06,1113947.06,1136942.509712787,new_observed,1371986319.82,1683095.0247269715,1,
2210953,Tamboril do Piauí,2023,ok,ok,123505.7,123505.7,123505.7,new_observed,1434833.25,1434833.25,1430900.0771899887,new_observed,1656320035.19,1918342.7619426628,1,
2210953,Tamboril do Piauí,2024,ok,ok,178645.09,178645.09,178645.09,new_observed,2572364.88,2572364.88,2609040.2612022622,new_observed,1908904705.44,2989720.434888015,1,
2210953,Tamboril do Piauí,2025,ok,ok,245261.26,245261.26,245261.26,new_observed,2432968.68,2432968.68,2463680.692168767,new_observed,2098799956.48,2708941.9521687673,1,
2210979,Tanque do Piauí,2019,ok,ok,98010.21,98010.21,98010.21,new_observed,322147.99,322147.99,318430.8634110694,new_observed,1070863084.17,725235.2846838825,1,
2210979,Tanque do Piauí,2020,ok,ok,104097.74,104097.74,104097.74,new_observed,366703.92,366703.92,368985.3683492319,new_observed,1128020932.43,806547.5337564253,1,
2210979,Tanque do Piauí,2021,ok,ok,199344.17,199344.17,199344.17,new_observed,511810.43,511810.43,514032.07833446795,new_observed,1359727974.21,968460.4860123412,1,
2210979,Tanque do Piauí,2022,ok,ok,244121.27,244121.27,244121.27,new_observed,843888.37,843888.37,861308.9398568304,new_observed,1371986319.82,1404697.5512435155,1,
2210979,Tanque do Piauí,2023,ok,ok,284752.6,284752.6,284752.6,new_observed,2014422.77,2014422.77,2008900.8232045576,new_observed,1656320035.19,2830672.3426901405,1,
2210979,Tanque do Piauí,2024,ok,ok,330210.53,330210.53,330210.53,new_observed,2582333.42,2582333.42,2619150.9272308717,new_observed,1908904705.44,3163113.87680512,1,
2210979,Tanque do Piauí,2025,ok,ok,425629.03,425629.03,425629.03,new_observed,2352168.83,2352168.83,2381860.884124574,new_observed,2098799956.48,2807489.9141245736,3,
2211001,Teresina,2019,ok,ok,291130204.87,291130204.87,291130204.87,new_observed,493628382.07,493628382.07,487932617.2631384,new_observed,1070863084.17,1356743807.6374366,1,
2211001,Teresina,2020,ok,ok,255309293.4,255309293.4,255309293.4,new_observed,457543243.18,457543243.18,460389848.3563375,new_observed,1128020932.43,1220177528.023341,2,
2211001,Teresina,2021,ok,ok,303400301.81,303400301.81,303400301.81,new_observed,533335732.72,533335732.72,535650817.31550086,new_observed,1359727974.21,1139073324.230579,2,
2211001,Teresina,2022,ok,ok,345792577.06,345792577.06,345792577.06,new_observed,515420535.25,515420535.25,526060472.66253656,new_observed,1371986319.82,1107885267.7167685,1,
2211001,Teresina,2023,ok,ok,424941219.08,424941219.08,424941219.08,new_observed,531103619.18,531103619.18,529647755.0130263,new_observed,1656320035.19,1178089322.5912178,1,
2211001,Teresina,2024,ok,ok,497530232.53,497530232.53,497530232.53,new_observed,504434387.4,504434387.4,511626338.8969527,new_observed,1908904705.44,1082294320.732964,1,
2211001,Teresina,2025,ok,ok,517703882.35,517703882.35,517703882.35,new_observed,544665682.71,544665682.71,551541142.8064691,new_observed,2098799956.48,1069245025.1564691,1,
2211100,União,2019,ok,ok,1499410.84,1499410.84,1499410.84,new_observed,7716921.14,7716921.14,7627878.9182739705,new_observed,1070863084.17,15895244.270730373,1,
2211100,União,2020,ok,ok,1855360.97,1855360.97,1855360.97,new_observed,8468608.92,8468608.92,8521296.368339317,new_observed,1128020932.43,17690903.00872645,1,
2211100,União,2021,ok,ok,1781286.84,1781286.84,1781286.84,new_observed,13972829.79,13972829.79,14033482.547761811,new_observed,1359727974.21,21469707.301306125,1,
2211100,União,2022,ok,ok,2956549.47,2956549.47,2956549.47,new_observed,16506457.99,16506457.99,16847204.36680293,new_observed,1371986319.82,25165120.576530408,1,
2211100,União,2023,ok,ok,4055152.32,4055152.32,4055152.32,new_observed,21981028.54,21981028.54,21920774.02346324,new_observed,1656320035.19,32057736.156784654,3,
2211100,União,2024,ok,ok,5505651.32,5505651.32,5505651.32,new_observed,21800606.61,21800606.61,22111427.81739508,new_observed,1908904705.44,29618603.051230375,1,
2211100,União,2025,ok,ok,6505499.07,6505499.07,6505499.07,new_observed,23578220.93,23578220.93,23875855.09770331,new_observed,2098799956.48,30381354.167703312,1,
2211209,Uruçuí,2019,ok,ok,3677216.0,3677216.0,3677216.0,new_observed,43023201.63,43023201.63,42526775.47902574,new_observed,1070863084.17,80464601.24442714,1,
2211209,Uruçuí,2020,ok,ok,4435402.75,4435402.75,4435402.75,new_observed,61174652.44,61174652.44,61555250.5253002,new_observed,1128020932.43,112505810.73564377,1,
2211209,Uruçuí,2021,ok,ok,5360971.94,5360971.94,5360971.94,new_observed,69179917.32,69179917.32,69480211.02072158,new_observed,1359727974.21,101602385.2673831,1,
2211209,Uruçuí,2022,ok,ok,8993328.77,8993328.77,8993328.77,new_observed,72106343.59,72106343.59,73594850.41185632,new_observed,1371986319.82,104946845.15039575,1,
2211209,Uruçuí,2023,ok,ok,12604626.84,12604626.84,12604626.84,new_observed,118380944.18,118380944.18,118056437.68360241,new_observed,1656320035.19,161253072.44399136,1,
2211209,Uruçuí,2024,ok,ok,21169533.56,21169533.56,21169533.56,new_observed,128147735.99,128147735.99,129974796.802477,new_observed,1908904705.44,162098384.9225587,1,
2211209,Uruçuí,2025,ok,ok,20737703.12,20737703.12,20737703.12,new_observed,143814401.5,143814401.5,145629809.02465084,new_observed,2098799956.48,166367512.14465085,1,
2211308,Valença do Piauí,2019,ok,ok,765139.2,765139.2,765139.2,new_observed,6064842.56,6064842.56,5994862.95982477,new_observed,1070863084.17,11772594.981294805,1,
2211308,Valença do Piauí,2020,ok,ok,918143.27,918143.27,918143.27,new_observed,5184743.55,5184743.55,5217000.430737295,new_observed,1128020932.43,10459652.720084203,1,
2211308,Valença do Piauí,2021,ok,ok,1522479.36,1522479.36,1522479.36,new_observed,6292690.09,6292690.09,6320005.173160325,new_observed,1359727974.21,10646746.930895464,1,
2211308,Valença do Piauí,2022,ok,ok,2822395.17,2822395.17,2822395.17,new_observed,5133228.28,5133228.28,5239194.6198878195,new_observed,1371986319.82,10244061.8467011,1,
2211308,Valença do Piauí,2023,ok,ok,2611661.87,2611661.87,2611661.87,new_observed,5612907.91,5612907.91,5597521.775913192,new_observed,1656320035.19,10131220.727360198,1,
2211308,Valença do Piauí,2024,ok,ok,3050706.34,3050706.34,3050706.34,new_observed,5992831.42,5992831.42,6078273.955201069,new_observed,1908904705.44,9790595.24292503,1,
2211308,Valença do Piauí,2025,ok,ok,3012265.88,3012265.88,3012265.88,new_observed,8358009.69,8358009.69,8463515.074190127,new_observed,2098799956.48,11475780.954190128,1,
2211357,Várzea Branca,2019,ok,ok,213598.63,213598.63,213598.63,new_observed,461758.78,461758.78,456430.7447736739,new_observed,1070863084.17,1166861.2329237952,1,
2211357,Várzea Branca,2020,ok,ok,270415.74,270415.74,270415.74,new_observed,511224.46,511224.46,514405.04285374755,new_observed,1128020932.43,1338021.2814197484,1,
2211357,Várzea Branca,2021,ok,ok,115449.88,115449.88,115449.88,new_observed,622605.03,622605.03,625307.6115553054,new_observed,1359727974.21,1005632.528366128,1,
2211357,Várzea Branca,2022,ok,ok,180476.43,180476.43,180476.43,new_observed,904254.67,904254.67,922921.3944236346,new_observed,1371986319.82,1402114.9487275567,1,
2211357,Várzea Branca,2023,ok,ok,214793.83,214793.83,214793.83,new_observed,760177.62,760177.62,758093.8169199115,new_observed,1656320035.19,1200672.31030635,1,
2211357,Várzea Branca,2024,ok,ok,259154.95,259154.95,259154.95,new_observed,1611937.48,1611937.48,1634919.6090178764,new_observed,1908904705.44,2031345.9737681802,1,
2211357,Várzea Branca,2025,ok,ok,315420.99,315420.99,315420.99,new_observed,2053083.09,2053083.09,2078999.705105612,new_observed,2098799956.48,2394420.6951056123,1,
2211407,Várzea Grande,2019,ok,ok,84896.5,84896.5,84896.5,new_observed,419013.66,419013.66,414178.8422607643,new_observed,1070863084.17,869143.4899984353,1,
2211407,Várzea Grande,2020,ok,ok,121011.86,121011.86,121011.86,new_observed,424439.28,424439.28,427079.9288774519,new_observed,1128020932.43,934427.9531217675,1,
2211407,Várzea Grande,2021,ok,ok,229655.03,229655.03,229655.03,new_observed,523400.96,523400.96,525672.9200908543,new_observed,1359727974.21,1025412.9925849821,1,
2211407,Várzea Grande,2022,ok,ok,179059.94,179059.94,179059.94,new_observed,485498.85,485498.85,495521.1076024312,new_observed,1371986319.82,857206.8478254691,1,
2211407,Várzea Grande,2023,ok,ok,218006.62,218006.62,218006.62,new_observed,759997.82,759997.82,757914.5097886621,new_observed,1656320035.19,1204416.0302475255,1,
2211407,Várzea Grande,2024,ok,ok,450121.83,450121.83,450121.83,new_observed,1792708.15,1792708.15,1818267.6090397504,new_observed,1908904705.44,2432789.000830547,1,
2211407,Várzea Grande,2025,ok,ok,829291.93,829291.93,829291.93,new_observed,3048148.53,3048148.53,3086626.1213948745,new_observed,2098799956.48,3915918.0513948747,1,
2211506,Vera Mendes,2019,ok,ok,147771.04,147771.04,147771.04,new_observed,422978.25,422978.25,418097.6865682234,new_observed,1070863084.17,985464.6748576532,1,
2211506,Vera Mendes,2020,ok,ok,158335.86,158335.86,158335.86,new_observed,459697.47,459697.47,462557.477697975,new_observed,1128020932.43,1058545.4889596675,1,
2211506,Vera Mendes,2021,ok,ok,178078.55,178078.55,178078.55,new_observed,554665.73,554665.73,557073.4030816935,new_observed,1359727974.21,998022.599486116,1,
2211506,Vera Mendes,2022,ok,ok,279266.48,279266.48,279266.48,new_observed,545997.05,545997.05,557268.1850094189,new_observed,1371986319.82,1063005.3213592158,1,
2211506,Vera Mendes,2023,ok,ok,248989.08,248989.08,248989.08,new_observed,1117868.58,1117868.58,1114804.272489687,new_observed,1656320035.19,1683101.7646265088,1,
2211506,Vera Mendes,2024,ok,ok,459963.72,459963.72,459963.72,new_observed,2943583.79,2943583.79,2985551.8087824094,new_observed,1908904705.44,3695226.285377625,1,
2211506,Vera Mendes,2025,ok,ok,442360.7,442360.7,442360.7,new_observed,2796028.51,2796028.51,2831323.523178442,new_observed,2098799956.48,3273684.223178442,1,
2211605,Vila Nova do Piauí,2019,ok,ok,117898.01,117898.01,117898.01,new_observed,347714.07,347714.07,343701.9474505398,new_observed,1070863084.17,803879.823403634,1,
2211605,Vila Nova do Piauí,2020,ok,ok,74469.76,74469.76,74469.76,new_observed,396974.68,396974.68,399444.4578752212,new_observed,1128020932.43,807964.4715558051,1,
2211605,Vila Nova do Piauí,2021,ok,ok,507621.29,507621.29,507621.29,new_observed,506641.8,506641.8,508841.01253097923,new_observed,1359727974.21,1379921.9946286127,1,
2211605,Vila Nova do Piauí,2022,ok,ok,120834.43,120834.43,120834.43,new_observed,102001.1,102001.1,104106.73073410237,new_observed,1371986319.82,285838.3051590303,1,
2211605,Vila Nova do Piauí,2023,ok,ok,69613.32,69613.32,69613.32,new_observed,409639.88,409639.88,408516.97290406236,new_observed,1656320035.19,590076.1565079577,1,
2211605,Vila Nova do Piauí,2024,ok,ok,90241.14,90241.14,90241.14,new_observed,2414948.87,2414948.87,2449379.8992368877,new_observed,1908904705.44,2723677.876559306,1,
2211605,Vila Nova do Piauí,2025,ok,ok,299848.22,299848.22,299848.22,new_observed,3334476.46,3334476.46,3376568.4451775425,new_observed,2098799956.48,3676416.6651775427,1,
2211704,Wall Ferraz,2019,ok,ok,118910.45,118910.45,118910.45,new_observed,388158.47,388158.47,383679.6769783343,new_observed,1070863084.17,875264.5142153077,1,
2211704,Wall Ferraz,2020,ok,ok,75444.66,75444.66,75444.66,new_observed,632412.05,632412.05,636346.6014155042,new_observed,1128020932.43,1213515.080779954,4,
2211704,Wall Ferraz,2021,ok,ok,83318.95,83318.95,83318.95,new_observed,489809.9,489809.9,491936.0492239245,new_observed,1359727974.21,780950.7779802445,1,
2211704,Wall Ferraz,2022,ok,ok,99679.88,99679.88,99679.88,new_observed,786936.56,786936.56,803181.4613444442,new_observed,1371986319.82,1147288.2720142354,1,
2211704,Wall Ferraz,2023,ok,ok,392317.62,392317.62,392317.62,new_observed,1577970.93,1577970.93,1573645.3873929656,new_observed,1656320035.19,2426258.9349720124,1,
2211704,Wall Ferraz,2024,ok,ok,281917.1,281917.1,281917.1,new_observed,3003120.38,3003120.38,3045937.2391435527,new_observed,1908904705.44,3569037.7028301675,1,
2211704,Wall Ferraz,2025,ok,ok,226070.64,226070.64,226070.64,new_observed,2622496.1,2622496.1,2655600.567310998,new_observed,2098799956.48,2881671.2073109983,1,
