codigo_ibge,municipio,complete_years_new,years_with_any_new_component,imputed_iss_years,imputed_cota_years,legacy_iss_years,legacy_cota_years,unresolved,r0_2025_adjusted,historical_mean_adjusted,base_2025_to_prev_median_ratio,iss_2025_to_prev_median_ratio,cota_2025_to_prev_median_ratio,coef_cpt_adjusted_pct,coef_destino_pct,old_pre_2025,old_variacao_2033,adjusted_variacao_2033,delta_variacao_pp,adjusted_revenue_2033,adjusted_counterfactual_2033,flags
3100104,Abadia dos Dourados,6,7,1,0,0,0,False,10336608.987824092,9429134.692222914,1.5910364963372208,1.8576591180868716,1.5759902549318732,0.0009267199916511186,0.001190758669202282,9485940.712932903,0.01920942677452489,-0.0695271079895927,-8.873653476411759,11290543.011202397,12134198.758663151,temporal_imputation
3100203,Abaeté,6,7,1,0,0,0,False,20652112.442177158,19041821.07911214,1.4786406860147288,1.8277790163306704,1.4478755420551295,0.0018714799233922872,0.003796506930307968,21237361.637353186,-0.03438252687396755,0.005501445561792875,3.9883972435760424,24376996.586989135,24243621.622412726,temporal_imputation
3100302,Abre Campo,7,7,0,0,0,0,False,10839034.429931395,10192211.22158732,1.4840781614272038,1.4090047736781195,1.4514619054718971,0.0010017171465337407,0.002103544195783764,11142525.373840645,0.014041365077655191,0.03181367399619492,1.7772308918539728,13128795.726913888,12723998.584033404,
3100401,Acaiaca,7,7,0,0,0,0,False,5211806.848300075,4286449.620637869,1.7694778408945582,1.697803438847329,1.7961278648469954,0.00042128346728643356,0.0007053408856537987,5389298.781437666,-0.14848274438132206,-0.13072216459887334,1.7760579782448715,5318386.982178219,6118167.018170961,
3100500,Açucena,7,7,0,0,0,0,False,8346940.562353145,7391655.906100469,1.6493041356936122,2.669895183567525,1.4216393981301114,0.0007264712535328611,0.0013605813179444581,8571889.08552073,-0.06240608441588322,-0.047352347776837285,1.5053736639045932,9334533.9315314,9798516.702106705,
3100609,Água Boa,5,7,1,1,0,0,False,8753445.553971417,7721960.092050502,1.6422279290235917,6.613579037763231,1.4000760032447395,0.0007589344118647081,0.0018730088050739509,6785679.159887372,0.16428620230909266,-0.001228211325540232,-16.55144136346329,10263094.264924332,10275715.014483145,temporal_imputation;iss_2025_anomaly;projection_changed_10pp
3100708,Água Comprida,6,6,1,1,0,0,False,15069025.025934976,11716203.536798984,1.788751916669514,2.6590759902440526,1.7419657970387181,0.0011514990927810659,0.00046885406418160886,15580788.70520676,-0.3431457408820212,-0.24562545976911943,9.752028111290178,13344588.713742,17689606.425023057,temporal_imputation
3100807,Aguanil,7,7,0,0,0,0,False,5499097.164971429,5514687.6355550075,1.31447038263426,2.27853165663616,1.2663515831078374,0.0005419979082274886,0.0008279681145031642,5685780.058231244,0.024608902710203797,0.04599097592980147,2.1382073219597673,6752309.608739079,6455418.6069691675,
3100906,Águas Formosas,7,7,0,0,0,0,False,12480526.359565616,10015679.079288121,1.8046719378620788,1.945892980499211,1.840624210902428,0.0009843671063892723,0.002770121688434879,12845456.215607518,-0.0822874466778151,-0.0650772420245802,1.7210204653234888,13697510.74241838,14650954.451125367,
3101003,Águas Vermelhas,7,7,0,0,0,0,False,8565472.837077036,8042914.801363504,1.4194740090282012,2.0715981210629475,1.4091381637654141,0.000790478679206679,0.0019346056318314227,8839799.19651703,0.039837883757214296,0.06128366714603677,2.1445783388822477,10671263.383008832,10055052.869800195,
3101102,Aimorés,7,7,0,0,0,0,False,26389876.588371124,26328985.566554613,1.2789569087182002,1.7645924579306407,1.1845772474678409,0.002587681487310234,0.004058061276810067,27000037.831179276,0.029809921001280736,0.04446767040512731,1.4657749403846572,32356786.049967114,30979212.633184317,
3101201,Aiuruoca,7,7,0,0,0,0,False,7420218.795147774,6859226.652085857,1.540205357492369,1.6537946809872304,1.5238255342402975,0.0006741427154494889,0.0011529492975046111,7653206.364967645,-0.0387924719356616,-0.0198173663387313,1.89751055969303,8538011.416278237,8710633.2259594,
3101300,Alagoa,6,7,1,0,0,0,False,5288883.51555098,4963044.357008624,1.4718757679496712,0.9610998415585562,1.484892470403368,0.00048778096561550644,0.0005431200351157894,5472881.201199124,-0.09004052982110458,-0.05807408304547995,3.196644677562463,5848086.193457894,6208647.716548883,temporal_imputation
3101409,Albertina,7,7,0,0,0,0,False,6423731.420876095,6223781.122928199,1.7014201078598652,1.161346889988771,1.7094994319826537,0.00061168946870974,0.0005738750971315884,6652123.92346577,-0.06272839304596903,-0.04357791270148649,1.9150480344482537,7212236.972575448,7540851.5428025685,
3101508,Além Paraíba,7,7,0,0,0,0,False,25757431.186506152,27361736.326428413,1.319178743320763,1.8208759376470283,1.176402073828519,0.0026891829301051197,0.005361811136927741,26354254.857074313,0.13692321804701968,0.15495501080002572,1.8031792753006037,34922122.54008382,30236781.70450433,
3101607,Alfenas,7,7,0,0,0,0,False,99064332.05999683,98067373.64365348,1.4186595764457728,1.3533333787360946,1.4409654873626956,0.009638317687756833,0.01404119986597817,101617358.83322847,0.009566913775012082,0.02589091395724025,1.6324000182228169,119303041.41139783,116292131.83222564,
3101631,Alfredo Vasconcelos,7,7,0,0,0,0,False,6660435.166195463,6827623.165083649,1.2762201009611938,2.2252640668789643,1.2261346565665299,0.0006710366421811763,0.00114938406463104,6861634.949186873,0.06681785765639849,0.08721786272224433,2.040000506584584,8500651.279855516,7818719.29382309,
3101706,Almenara,7,7,0,0,0,0,False,33361448.707896784,25424793.95610983,2.0958334256598072,2.290113723275951,1.9738093138549229,0.0024988151735886232,0.00613307144136697,34166396.89372502,-0.15085616780090103,-0.13813928621801186,1.2716881582889168,33753203.86067348,39163177.20593019,
3101805,Alpercata,7,7,0,0,0,0,False,6190037.072867815,6122934.2797038285,1.413184706480477,3.963590561831272,1.15807873451504,0.0006017779774900829,0.0011603872038872232,6359496.182185592,0.05229751433595188,0.06930004094412917,1.700252660817729,7770086.432515794,7266516.538852149,
3101904,Alpinópolis,6,7,1,0,0,0,False,18865212.35150419,18661276.964107253,1.330813916419103,1.7199189040726797,1.3106476948266472,0.0018340790535785302,0.0031901645851356015,19443682.21739853,0.012725395128699704,0.05161846718210425,3.8893072053404545,23289111.40732381,22145970.362929102,temporal_imputation
3102001,Alterosa,7,7,0,0,0,0,False,11780196.689323993,10989473.106549231,1.4311117104370006,1.8613183201366157,1.4165376384908397,0.0010800741274754858,0.0022824052955930886,12157946.517456394,0.004193239003890645,0.02481361682503649,2.0620377821145843,14171977.21241653,13828833.828655178,
3102050,Alto Caparaó,7,7,0,0,0,0,False,5332503.903931296,5174235.744799527,1.4021702244804248,1.775347306912584,1.3862634233399442,0.0005085374069559614,0.0009806424285331767,5515096.144920446,0.026548051448541603,0.04894288052634631,2.2394829077804705,6566229.198430544,6259853.916102365,
3102100,Alto Rio Doce,7,7,0,0,0,0,False,6755586.022287358,6906855.473523713,1.3138345486711898,1.74286275738016,1.340697720991868,0.0006788238004531476,0.0016144081982577831,6975946.9320037905,0.12456665255856876,0.14884245260898088,2.4275800050412117,9110800.148425981,7930417.375973245,
3102209,Alvarenga,7,7,0,0,0,0,False,4143709.18494015,4253837.416127565,1.305858755684067,1.1707256858158315,1.3721441638017478,0.00041807825462609886,0.0006615372382276944,4288067.810571244,0.05341297605146956,0.07607936711944609,2.266639106797653,5234396.158548258,4864321.646237116,
3102308,Alvinópolis,7,7,0,0,0,0,False,14069828.224775827,12766478.017277157,1.4782572612077518,1.3007933679427086,1.5563192182230552,0.001254722812618571,0.002399516183185767,14533755.33141253,-0.04083583011972027,-0.020486633974406254,2.0349196145314017,16178273.688817866,16516644.131628055,
3102407,Alvorada de Minas,7,7,0,0,0,0,False,66691901.39161174,53091206.127735935,2.112232587800977,1.4685202302780096,2.2670493245685317,0.005217942441741091,0.0006328348778827003,68845049.5443089,-0.2705542487247801,-0.2610496354944789,0.9504613230301218,57852400.40457436,78289968.01874115,
3102506,Amparo do Serra,7,7,0,0,0,0,False,4239755.600028804,4380772.483219236,1.3419360709324617,1.693784897006433,1.3224144852858057,0.000430553764644261,0.0007944459059180926,4385221.339521415,0.08512934423088259,0.1088341152696117,2.3704771038729118,5518746.151880242,4977071.029725998,
3102605,Andradas,5,7,2,0,0,0,False,45884750.81206722,41674429.69731568,1.568371345913775,1.6058171354068769,1.660353408113033,0.004095871827243646,0.007442882755958146,47179301.56027018,-0.08624523725084854,-0.027740679112925423,5.850455813792312,52370112.77788505,53864346.324911915,temporal_imputation
3102704,Cachoeira de Pajeú,7,7,0,0,0,0,False,6772433.03449295,6014894.020964466,1.5836173583319757,1.9613768806253944,1.5964008882591594,0.0005911594986004444,0.0013104741397334811,6995478.562483296,-0.03594096180053545,-0.015605023196652882,2.033593860388257,7826131.20629303,7950194.170745406,
3102803,Andrelândia,7,7,0,0,0,0,False,12570031.075401755,12110729.724388603,1.458349344638372,1.6968237551790983,1.466309079545603,0.0011902741572173347,0.0019640680489496553,12957089.437459234,-0.003219065008076137,0.01610959704471288,1.9328662052789016,14993738.108700966,14756024.500023674,
3102852,Angelândia,7,7,0,0,0,0,False,6989547.656631409,6681197.021646036,1.3828724445033544,1.1511432591116149,1.4110515007285096,0.0006566454982582953,0.0012677081536976984,7225111.77063471,0.011897791283526755,0.03353862531491704,2.1640834031390286,8480252.78798237,8205066.148735811,
3102902,Antônio Carlos,7,7,0,0,0,0,False,9295406.176994279,8015279.40652816,1.5946242911031554,1.2801534495178784,1.6288945407076194,0.0007877626004033708,0.0018370272577188749,9603155.296756966,-0.055232450100519075,-0.0348518938776467,2.0380556222872372,10531624.127426835,10911925.393232575,
3103009,Antônio Dias,7,7,0,0,0,0,False,35080101.21357803,33369149.41750074,1.511493026141029,1.2055530639925354,1.5513755357607226,0.0032796071833714503,0.0014227311748416785,35907444.04203387,-0.0795534354764389,-0.06720320238959256,1.2350233086846338,38413236.53098222,41180712.27236987,
3103108,Antônio Prado de Minas,7,7,0,0,0,0,False,3129266.7896832875,3188100.889072018,1.327197506253375,0.9361560550320273,1.3511013463234605,0.0003133348844555776,0.0003624182673495121,3242062.7039743783,0.004640251345244943,0.026810880322405226,2.2170628977160285,3771951.2337511135,3673462.471070398,
3103207,Araçaí,7,7,0,0,0,0,False,5283142.573676571,4514089.005655681,1.7878994312195882,1.8184933430103012,1.786817666890589,0.00044365646076558786,0.0004546856839124518,5469196.577658324,-0.16649080868204308,-0.14952606536036436,1.6964743321678717,5274561.43512887,6201908.395186523,
3103306,Aracitaba,6,7,1,0,0,0,False,3338331.968611176,3055586.8001475073,1.5587800985277902,2.9987214243155136,1.5550861896100958,0.00030031105359620234,0.0004203989622457738,3453580.072033519,-0.07855471905057124,-0.05639309416892482,2.2161624881646413,3697887.105833179,3918885.166038808,temporal_imputation
3103405,Araçuaí,7,7,0,0,0,0,False,34922052.07687105,22941403.507315602,2.5977300388895963,1.834434279832586,3.059035764123879,0.0022547410722958254,0.005365709460323159,35954318.41949021,-0.27563972348015764,-0.2617246030237444,1.3915120456413244,30265730.997005954,40995177.573253684,
3103504,Araguari,6,7,1,0,0,0,False,220777908.0551071,221409859.97934505,1.2894469085488205,1.7544136226928466,1.2201523561153211,0.021760739483419316,0.020424760718776556,227007370.9914717,-0.04674475610131009,-0.009985046685653778,3.6759709415656316,256584480.47944734,259172328.276922,temporal_imputation
3103603,Arantina,7,7,0,0,0,0,False,4615295.977464361,4020586.851947051,1.717377600277934,1.6844061425712493,1.7197942082364468,0.00039515377979933977,0.0005464526177231857,4773539.8445942765,-0.12152542762802955,-0.10332165544413033,1.8203772183899223,4858131.376338858,5417919.821343651,
3103702,Araponga,7,7,0,0,0,0,False,7570859.881995776,7669560.579855316,1.3072091547306457,1.9594230481922057,1.257759529415778,0.0007537844509097441,0.0012267207199602326,7823714.114856731,0.044557710486925715,0.06621658870326404,2.165887821633832,9475969.627054673,8887471.577026743,
3103751,Araporã,7,7,0,0,0,0,False,45408110.39438348,64437627.888080426,0.9558851862198388,1.0729142323120817,0.951071015948985,0.006333098415458296,0.0014089567061190823,46949280.907511726,0.3166017425340344,0.34453801088981184,2.793626835577745,71670350.83594434,53304815.673089884,projection_outlier_30pct
3103801,Arapuá,7,7,0,0,0,0,False,8553010.037280753,7176352.826841503,1.6372151594734334,1.2550795948992228,1.670678991343764,0.0007053107044129195,0.0006033531932248321,8851894.905012706,-0.1932093220362468,-0.1768234695257835,1.638585251046329,8265040.342974666,10040422.7246534,
3103900,Araújos,7,7,0,0,0,0,False,7426408.4331051335,8032218.800002442,1.1640717396072582,2.0746696640408424,1.105882599818055,0.0007894274482490601,0.0017137114190150968,7660241.153392589,0.17033798395576066,0.19407651511563756,2.3738531159876897,10409838.78419661,8717899.273974493,
3104007,Araxá,7,7,0,0,0,0,False,334370016.0523145,341885978.83201844,1.2632664143795347,1.3900627809853732,1.2939300695361138,0.03360144719431826,0.020015401516982147,344331333.37726825,-0.01486860453271366,0.0028415726202674994,1.771017715298116,393634061.79572326,392518691.4292148,
3104106,Arceburgo,7,7,0,0,0,0,False,14667113.899275152,14178343.062081978,1.4756524125028616,2.4821185667890715,1.422849953465856,0.0013934845977920493,0.0017253027060170698,15146969.22300494,-0.03773059614576274,-0.018257405949327357,1.9473190196435384,16903448.494363748,17217800.874483883,
3104205,Arcos,7,7,0,0,0,0,False,96640605.87000903,85745920.2834676,1.4791148677635126,1.6713946076574897,1.5312471976817668,0.008427333061087004,0.006791461705780026,99365442.3411119,-0.1440031290832628,-0.12975737106177362,1.424575802148917,98726334.69759895,113446907.12066574,
3104304,Areado,7,7,0,0,0,0,False,11211859.920553293,10603720.873351892,1.375987363738473,2.375398177991626,1.1989735674341055,0.0010421613901992976,0.00241081214424676,11509638.72168539,0.039794485667141874,0.05690699516576943,1.7112509498627553,13910650.898228392,13161660.355977293,
3104403,Argirita,6,7,1,0,0,0,False,6132549.013730884,5401988.184846431,1.5854558682853352,1.6887331682261124,1.6140816651245364,0.0005309215117787371,0.0005237721830787371,6287290.753201247,-0.15537132603957363,-0.1264103142981579,2.8961011741415716,6288999.236391846,7199031.008864606,temporal_imputation
3104452,Aricanduva,7,7,0,0,0,0,False,5309490.131088215,4639908.267985666,1.6112701947168098,1.668925382444246,1.6469595127043537,0.0004560223065766743,0.000818468915980005,5494184.794587172,-0.08635051948727443,-0.06636692112347962,1.9983598363794806,5819183.665901955,6232837.929119244,
3104502,Arinos,7,7,0,0,0,0,False,47218087.573066115,25966850.811142784,3.9502978203200807,7.337946849389666,1.6966904610233664,0.0025520899374526815,0.002654397945310699,47815858.79199733,-0.4544628116172504,-0.45181948230706176,0.26433293101886246,30385403.386360448,55429557.245558195,iss_2025_anomaly;projection_outlier_30pct
3104601,Astolfo Dutra,7,7,0,0,0,0,False,11207030.311441481,11880296.0523501,1.2962967902874156,1.5772357122208474,1.300059621854658,0.0011676265339095682,0.0022565985842168,11569031.802278746,0.12265891090064451,0.1464007773957356,2.3741866495091077,15082038.141128708,13155990.852858968,
3104700,Ataléia,7,7,0,0,0,0,False,10020252.982439414,8558124.594964469,1.6683691520053503,2.1353283229664295,1.6152707942626505,0.0008411148437338717,0.0018720374697865604,10340359.646611406,-0.07042110674571284,-0.05263864784739129,1.7782458898321543,11143647.509525385,11762826.807537189,
3104809,Augusto de Lima,7,7,0,0,0,0,False,8418047.858560605,8699439.279269394,1.2926743178951832,1.2167094005277916,1.410193506348552,0.0008550036200992423,0.0007828638241319222,8623788.963092891,0.0028024379721908747,0.017936635309141552,1.5134197336950677,10059239.57435139,9881989.924939146,
3104908,Baependi,7,7,0,0,0,0,False,12507244.071486926,11675235.129804207,1.511102248956924,2.3796745371684143,1.3875499828427427,0.0011474726107095485,0.0029930027055632548,12876724.551109137,0.04942825777818267,0.06929610322005793,1.986784544187526,15699745.970424062,14682318.51135167,
3105004,Baldim,7,7,0,0,0,0,False,6217185.140857065,6470035.353023783,1.2948696838442548,1.6916128506217096,1.2159107631426225,0.0006358919777953782,0.0012396735202971736,6407069.85351335,0.10571987711415833,0.1270788659819057,2.135898886774738,8225856.386784021,7298385.796292697,
3105103,Bambuí,7,7,0,0,0,0,False,29287748.462010413,28932304.963980973,1.2972359092104695,1.9570010662871384,1.2342573404539507,0.002843542518995146,0.0039848308583707425,30099694.11749116,0.0016419516061587783,0.0185498373396217,1.690788573346292,35018802.10410381,34381039.415381365,
3105202,Bandeira,7,7,0,0,0,0,False,5805523.724664953,5147700.7897292655,1.7670556182638126,1.1054201017926613,1.8397302273987823,0.0005059294822477209,0.0007702542311739476,6004900.339953237,-0.0948106968522478,-0.07558663143496709,1.922406541728071,6300001.283622049,6815134.330436547,
3105301,Bandeira do Sul,6,6,1,1,0,0,False,4247513.91823469,4834998.863021216,1.1578734394843004,1.3538406269319703,1.162884043341628,0.0004751963199409838,0.0010636969319488604,4393169.966337243,0.10796824461183865,0.2640121930396998,15.604394842786116,6302590.496006388,4986178.559599099,temporal_imputation;projection_changed_10pp
3105400,Barão de Cocais,7,7,0,0,0,0,False,145271030.44714847,107749460.00293052,2.002704636935876,1.8551015884017557,2.1992654347613496,0.010589898430095274,0.005421642540376119,147785261.35766003,-0.2794211177652331,-0.27277975616300293,0.6641361602230167,124016078.19048055,170534414.0808574,
3105509,Barão de Monte Alto,7,7,0,0,0,0,False,5803087.827449284,4421831.4472435005,2.0230649868226074,1.8346259979584922,2.0670580261534663,0.0004345891468972214,0.0008552207341621215,6007131.372363557,-0.1906279271645233,-0.17342414428402697,1.7203782880496314,5630861.887139236,6812274.818094984,
3105608,Barbacena,7,7,0,0,0,0,False,105491185.21779999,95760283.13057604,1.5493466528320765,2.091682445396915,1.4735871254612856,0.009411570804738931,0.022377144232450234,107980821.25813764,0.0047148697689922674,0.019975083930450454,1.5260214161458185,126310295.4355834,123836647.99815461,
3105707,Barra Longa,6,6,1,1,0,0,False,6742893.910696814,8633284.271143457,1.0794441349974666,1.0621883679497157,1.0409228345820938,0.0008485017330672632,0.0009037600882080729,6880879.16100429,0.13278617557911146,0.2793088018212433,14.652262624213183,10126391.90021849,7915518.040525014,temporal_imputation;projection_changed_10pp
3105905,Barroso,7,7,0,0,0,0,False,21037504.66877085,20064991.07859883,1.2938426548515256,1.6545232842707318,1.2687150899275415,0.001972039744026098,0.0032221231436551758,21639766.175758872,-0.012721312563213108,0.0044276360496495045,1.7148948612862611,24805380.60800525,24696035.55071747,
3106002,Bela Vista de Minas,7,7,0,0,0,0,False,24706061.238205016,18498216.46439683,1.9947152600204827,1.9902901875752845,1.971023646383595,0.001818053041663046,0.0016694210979674594,25375033.34651123,-0.274299066933451,-0.26230517224998173,1.1993894683469286,21395048.155364793,29002573.083804928,
3106101,Belmiro Braga,6,7,1,0,0,0,False,5548042.977392843,5944811.637950097,1.2418928584092868,2.098115503538766,1.203476884524277,0.0005842716189039613,0.0006439467658947119,5730774.751550189,0.045537043760968565,0.07440120384090168,2.8864160079933114,6997442.1902098125,6512876.34935115,temporal_imputation
3106200,Belo Horizonte,7,7,0,0,0,0,False,4531745668.988634,4360298693.123774,1.4302600315639356,1.5891986527088526,1.2483122110620197,0.42854154706484904,0.5339446085859044,4577905971.488005,-0.028346566119381217,-0.022120968032829997,0.622559808655122,5202159678.499591,5319839682.045909,
3106309,Belo Oriente,7,7,0,0,0,0,False,65333169.542418316,80311087.04525056,1.1012633061246768,1.7247363718825506,0.9838066753954641,0.00789318345165361,0.0036917701564823414,66969567.88123147,0.18734432875632087,0.20540714889472478,1.8062820138403906,92448635.79796864,76694945.67270292,
3106408,Belo Vale,7,7,0,0,0,0,False,30927684.035588212,37396234.60839565,1.0622828653597927,1.3188581880990617,1.0307058665793536,0.0036753996368998304,0.0013759244803778323,31909590.345591642,0.1637615563084635,0.18596743075604852,2.2205874447585012,43057933.10145388,36306168.26804818,
3106507,Berilo,7,7,0,0,0,0,False,7377482.7157670865,6027517.5012077335,1.8047916379399804,2.5341539352818874,1.6886904872460007,0.0005924001672182443,0.0016100770448933233,7596316.806694995,-0.07289063656485183,-0.055625774357926004,1.7264862206925822,8178720.0426418735,8660465.12131482,
3106606,Bertópolis,7,7,0,0,0,0,False,4373663.842786982,3964361.5200345675,1.5605240650582752,2.707585274937602,1.4531887783434947,0.0003896278072874088,0.000701637380350797,4515160.92991871,-0.04988428440399088,-0.031101578363863788,1.8782706040127095,4974582.8132956475,5134266.608562834,
3106655,Berizal,7,7,0,0,0,0,False,4539227.635296095,4208266.862147092,1.486417257174763,2.35512996707204,1.4654583314552463,0.0004135994615254813,0.0007131473865834399,4689046.577214321,-0.03533189039092304,-0.01573231058298121,1.959957980794183,5244791.252111148,5328622.800995972,
3106705,Betim,7,7,0,0,0,0,False,1454581212.756095,1346097029.6356747,1.632771144638519,1.699654566760981,1.5870380915631952,0.13229793282033192,0.06878141805758427,1498936235.622269,-0.10913541321818117,-0.09237811668609155,1.6757296532089614,1549801042.5060008,1707540409.721467,
3106804,Bias Fortes,7,7,0,0,0,0,False,3801429.2346313354,3621951.043110191,1.4987827913575142,1.2329559581700025,1.5166559939699717,0.00035597481105029534,0.0005907885614990499,3933884.7490075165,-0.015896045383965524,0.005714025507254567,2.161007089122009,4488016.380559275,4462517.442068726,
3106903,Bicas,7,7,0,0,0,0,False,9084254.261663236,9554106.000154337,1.3412750708686514,1.4463490584337133,1.3565464700258312,0.00093900249828859,0.002431434885497734,9353310.542749682,0.1791377083634573,0.2028530757072343,2.3715367343776994,12827289.031875651,10664053.067606505,
3107000,Biquinhas,7,7,0,0,0,0,False,4949168.477172295,4273015.28042583,1.8317798340546463,2.1845082814995074,1.8271474480220806,0.0004199631052324893,0.0005022058623951525,5119501.02590622,-0.14380180697526657,-0.1266242393580937,1.7177567617172873,5074186.071988041,5809854.47576271,
3107109,Boa Esperança,7,7,0,0,0,0,False,41244628.753911205,38347211.05995306,1.497608871798068,1.8642575543444933,1.4043334420823501,0.003768864087033793,0.006559666793469811,42384224.14850476,-0.028557745706484887,-0.011474687503499524,1.7083058202985364,47861709.84638591,48417283.03902724,
3107208,Bocaina de Minas,7,7,0,0,0,0,False,6533371.878238543,5398318.498294237,1.7605897730950064,1.476630393205309,1.847407607970888,0.0005305608453971425,0.0009463062675800741,6748780.851129338,-0.1356524032425087,-0.11812150323714637,1.7530900005362338,6763619.199528518,7669559.042834136,
3107307,Bocaiúva,7,7,0,0,0,0,False,47495448.305365175,37286033.406742774,1.8128745196807763,2.1539378492081966,1.6543604438267288,0.0036645687748950774,0.007156381144737405,48580792.10632409,-0.16102273023702954,-0.14952186185245836,1.150086838457118,47418538.24261984,55755152.44389931,
3107406,Bom Despacho,7,7,0,0,0,0,False,56703380.0580789,51479466.74333321,1.455471378081745,1.6964420779662586,1.3987145966979675,0.005059536484289937,0.009185349237957604,58064948.4014049,-0.04235486420999395,-0.028282601147118724,1.4072263062875228,64681777.0322704,66564391.157992706,
3107505,Bom Jardim de Minas,7,7,0,0,0,0,False,7477672.104770023,7490470.084791162,1.3933220033524762,1.6363572346415685,1.3352121164504285,0.0007361829691717076,0.001099503586978227,7680851.773662862,0.023869730407979822,0.04158019047352737,1.771046006554755,9143072.117017893,8778077.96331191,
3107604,Bom Jesus da Penha,7,7,0,0,0,0,False,8225065.9172992455,8412520.629928248,1.2455867258072213,1.6505060361613426,1.205627700645998,0.000826804505652263,0.0008245336642098939,8490728.548628943,-0.0036386739633141973,0.01537502419239064,1.9013698155704837,9803900.163621703,9655447.425860738,
3107703,Bom Jesus do Amparo,7,7,0,0,0,0,False,5189939.717977134,6751608.470063715,1.0456616512957357,1.0437083653727317,1.05672226799234,0.000663565719362316,0.0009788425103979123,5343575.195383339,0.3242852162974911,0.35041103487339426,2.6125818575903184,8227375.287810386,6092497.080773434,projection_outlier_30pct
3107802,Bom Jesus do Galho,7,7,0,0,0,0,False,8725494.780352749,7628958.553390726,1.616514277470929,1.553363607115089,1.6347361514997696,0.0007497939776739213,0.0022065244904724917,9010679.67803288,0.0076757253396517134,0.02927023813431379,2.1594512794662077,10542715.680118013,10242903.456752094,
3107901,Bom Repouso,7,7,0,0,0,0,False,13162475.523459602,11291639.11098936,1.58411891939863,1.2038514911752445,1.6388897786804462,0.0011097717918160926,0.0018792621288069638,13607986.75538335,-0.11029883220187639,-0.09173524980170408,1.8563582400172307,14034051.063909456,15451498.102117788,
3108008,Bom Sucesso,7,7,0,0,0,0,False,11804783.478869155,13457488.344671598,1.125636632310724,1.4098065992503397,1.0638588918032694,0.0013226371128949247,0.0028476514740230045,12136964.028255094,0.2340614361824172,0.25665597043654553,2.2594534254128327,17414356.902579654,13857696.388081567,
3108107,Bonfim,7,7,0,0,0,0,False,5882401.202694034,6515242.705023286,1.1794166647289097,1.6151411880193953,1.1831975352103126,0.000640335074456422,0.0012204657318905855,6058347.280439654,0.171978215311466,0.19497699298663013,2.2998777675164117,8251771.661272592,6905381.199556631,
3108206,Bonfinópolis de Minas,7,7,0,0,0,0,False,24984893.139588438,19540571.45158244,1.8488551073567205,5.256882399451359,1.6738224655230924,0.0019204984130096739,0.0010094487882277528,25781465.640644584,-0.2453504218949169,-0.23270686340210645,1.2643558492810458,22504627.357098877,29329895.295144048,iss_2025_anomaly
3108255,Bonito de Minas,7,7,0,0,0,0,False,8707121.170552704,7245582.596939019,1.6507201456551113,4.941184757457044,1.45781133061896,0.0007121147870844391,0.001515809813736259,8963109.500502879,-0.10006981131838484,-0.08463039092176654,1.5439420396618302,9356299.039820867,10221334.58116722,
3108305,Borda da Mata,6,7,1,0,0,0,False,12582862.022982558,12188309.692229757,1.4187525665068303,3.117674898280068,1.2595608077738212,0.0011978989191384203,0.003189648420730867,12923180.394384792,0.08282660066728548,0.11457063902736046,3.1744038360074986,16463419.671369154,14771086.815759024,temporal_imputation
3108404,Botelhos,7,7,0,0,0,0,False,13432235.15911403,13812535.893059207,1.2434855524970945,1.3121266999529175,1.2431538666805504,0.001357532113530444,0.002477036132174189,13812437.411597434,0.08215273864202341,0.10152441159359207,1.9371672951568664,17369024.54883536,15768170.333789814,
3108503,Botumirim,7,7,0,0,0,0,False,10626554.193243267,7041397.497813265,2.3123804023169456,4.371997695127975,1.862378458897977,0.0006920469420982845,0.0009094068116215779,10880131.730162237,-0.33081731978672985,-0.3222772022738571,0.8540117512872758,8454298.403674813,12474566.935095286,projection_outlier_30pct
3108552,Brasilândia de Minas,7,7,0,0,0,0,False,17936507.21953778,14984255.813625341,1.6888354759859694,1.887440052260276,1.6573125338432837,0.0014726918085022536,0.002540611680199437,18494734.380729124,-0.12939597709384335,-0.11299882381415703,1.6397153279686314,18676482.64779157,21055758.60462952,
3108602,Brasília de Minas,7,7,0,0,0,0,False,19573252.312277764,15947222.935520107,1.8303706655982306,1.0021921138429035,2.2040121195284397,0.0015673347330432154,0.004562916206557707,20216744.36804339,-0.06382958120994703,-0.04331225311724376,2.051732809270327,21981950.3392609,22977142.135337524,
3108701,Brás Pires,6,7,1,0,0,0,False,6436429.487652827,4679507.601696599,2.081981237883067,1.4802616235769046,2.1005627137847243,0.00045991423254908124,0.0007087443304138758,6663685.899074139,-0.25963336472033127,-0.24075358012244927,1.8879784597882003,5736682.111556575,7555757.86907467,temporal_imputation
3108800,Braúnas,7,7,0,0,0,0,False,7536018.783371807,7777597.5254337415,1.4067643430255372,1.517649258395766,1.4168854601302237,0.0007644026041732698,0.000739816981472385,7788190.263839556,0.001248005041437691,0.02169532738897029,2.04473223475326,9038500.694598887,8846571.431130597,
3108909,Brazópolis,6,7,1,0,0,0,False,8562958.905268881,8509454.151409535,1.3935499376100784,1.4822305552752708,1.4107388542648323,0.0008363313853872553,0.002291659432801443,8837666.137026241,0.11350744828047635,0.15075644073966482,3.7248992459188472,11567520.83436855,10052101.752246864,temporal_imputation
3109006,Brumadinho,7,7,0,0,0,0,False,218001916.28315082,228658173.0401891,1.2215520205699986,1.4040818856003048,0.9943285292199989,0.022473122627629818,0.007798573629002274,220906774.74604064,0.011305007908325263,0.01863355187544566,0.7328543967120396,260682156.09248593,255913577.17653608,
3109105,Bueno Brandão,7,7,0,0,0,0,False,9204506.480501862,9507513.200353006,1.2694859232771518,2.024618882549659,1.2219121468178524,0.0009344232361980286,0.001904554540346164,9475979.00148447,0.10655493503051802,0.1273727091091135,2.0817774078595477,12181507.629119085,10805217.769326089,
3109204,Buenópolis,7,7,0,0,0,0,False,10850064.120616734,11085469.107259128,1.3294462371301285,1.4616649400071107,1.2858163144139485,0.0010895088652197447,0.0015376339002866207,11129934.453593133,0.03773483216161871,0.054396823477857195,1.6661991316238487,13429795.819676619,12736946.394981861,
3109253,Bugre,7,7,0,0,0,0,False,4447986.010085374,3736999.4684578287,1.8315138921348761,2.1004110434371746,1.759346561181984,0.0003672820708633909,0.0006613657407248102,4590355.73526642,-0.11905781673612509,-0.10193722156289431,1.712059517323078,4689247.177582909,5221513.785198384,
3109303,Buritis,6,7,1,0,0,0,False,68200047.82612142,54864052.75520335,1.9050329802007206,1.7394621533030028,1.9202748325263963,0.005392182439941605,0.00372471805409479,70504429.19184223,-0.23496946872573646,-0.2115840974329756,2.338537129276086,63120883.78971972,80060388.9193543,temporal_imputation
3109402,Buritizeiro,7,7,0,0,0,0,False,40850018.33825599,33208102.733457115,1.7510278852075165,1.5843149673956536,2.040773850159884,0.003263779094520896,0.003715087973833032,41969574.72182804,-0.19555766629789834,-0.18209728491421712,1.346038138368122,39221745.92024703,47954047.83090052,
3109451,Cabeceira Grande,7,7,0,0,0,0,False,19675522.52754655,20434608.867295533,1.5226761452938482,3.0954303927164046,1.4590591630146936,0.0020083667459446976,0.0012124469110880655,20341417.879008267,0.00032842861490227896,0.018945939564671214,1.8617510949768934,23534795.781221583,23097197.670051523,
3109501,Cabo Verde,7,7,0,0,0,0,False,12347925.400253877,12096736.12164834,1.363985065812639,1.5392024602307584,1.3675991167464934,0.0011888988293810145,0.002078248687329227,12754745.35537528,0.021157971930306774,0.04228897095811619,2.113099902780942,15108284.54490077,14495293.499088448,
3109600,Cachoeira da Prata,7,7,0,0,0,0,False,4084467.536965532,4123717.3276592484,1.3715798147169305,1.4223162041490411,1.3957846323500926,0.0004052897123860077,0.0006982782113595787,4220884.451277552,0.049968034852330236,0.0717502002700693,2.1782165417739066,5138803.82008585,4794777.56924228,
3109709,Cachoeira de Minas,7,7,0,0,0,0,False,12372435.415849987,12276983.812468555,1.3475644029601779,2.3369146279525626,1.2684832452337649,0.0012066140433411902,0.001881728838486586,12768740.040071312,0.01826367668124097,0.03798712833246222,1.972345165122125,15075793.48969173,14524065.93317892,
3109808,Cachoeira Dourada,7,7,0,0,0,0,False,20100005.33263178,30499152.979436874,0.9872051934245762,1.1469138640317895,0.9789415114316288,0.0029975364354251966,0.000541023447201573,20776495.936702833,0.39238985536228826,0.41503027645816604,2.264042109587777,33388347.214545533,23595500.2306501,projection_outlier_30pct
3109907,Caetanópolis,7,7,0,0,0,0,False,9580175.804839926,9084046.764660265,1.42319660439618,2.2975329270941964,1.303714444259655,0.0008928038485702984,0.0019032333491564384,9847585.941518387,0.025666478166544913,0.04332921946081951,1.7662741294274598,11733507.777275873,11246217.932379594,
3110004,Caeté,7,7,0,0,0,0,False,33134262.525182337,35012753.26139363,1.3691246315148755,1.428620442497833,1.3256124143165948,0.003441144863148838,0.00663478219315331,33930861.99957609,0.1251336144160621,0.14228620169063677,1.7152587274574667,44430914.87810526,38896482.17088278,
3110103,Caiana,6,7,1,0,0,0,False,4160371.4196286215,4284658.481336309,1.3999602975210597,2.4354161407822046,1.3648990867332977,0.00042110742943643253,0.0008752403927958373,4304546.512377505,0.09986587801072608,0.12797521204742285,2.810933403669677,5508897.304107332,4883881.529726137,temporal_imputation
3110202,Cajuri,7,7,0,0,0,0,False,6148548.249067608,5778634.245618829,1.5310208916575638,1.7182570662029324,1.5430744647977077,0.000567939270638658,0.0006908604510663862,6357295.2953102635,-0.06636570582040795,-0.047446751638982106,1.8918954181425842,6875350.832461605,7217812.593985135,
3110301,Caldas,7,7,0,0,0,0,False,12276308.29765024,12735892.731016427,1.2708628698156328,1.6833683689022505,1.2789503433135763,0.0012517168107792325,0.0024653514447638544,12629542.24600973,0.10462522145744504,0.1255519064591885,2.0926685001743466,16220578.184779566,14411221.811890475,
3110400,Camacho,7,7,0,0,0,0,False,5208041.035893242,4238316.406927155,1.729464488068271,2.435248159883392,1.7107215637185351,0.00041655280929244756,0.0005222280764553397,5389786.39226729,-0.18872491344472567,-0.17231220030587444,1.6412713138851232,5060273.232459536,6113746.311507279,
3110509,Camanducaia,7,7,0,0,0,0,False,36418726.437983856,30596941.121401984,1.6241857827490547,1.907776019083489,1.4842945339161329,0.003007147309494079,0.004057231900640297,37237759.255096674,-0.1489700220201183,-0.13791464994029065,1.1055372079827652,36855986.118564256,42752131.34756501,
3110608,Cambuí,7,7,0,0,0,0,False,46726345.135630086,41046475.174997136,1.5472715367616081,1.7365011486671846,1.5141255060754188,0.004034154816226686,0.005315111012052358,48156207.886293836,-0.11714029172722025,-0.10125098692416584,1.5889304803054407,49298448.92129109,54852298.2546312,
3110707,Cambuquira,7,7,0,0,0,0,False,8823323.746282412,8915639.155001462,1.2658831323029753,1.7562647067832537,1.2372231236090492,0.0008762523087194874,0.0020995475242119636,9112187.523991197,0.11356385790401935,0.13714420308775996,2.358034518374061,11778250.122628104,10357745.385893779,
3110806,Campanário,7,7,0,0,0,0,False,3612575.7365621505,3766403.8617329886,1.3412166828072651,0.7473267109302476,1.3883896790487529,0.0003701720114549637,0.0005912421644317951,3737089.97067142,0.07106546369776486,0.094326066504501,2.326060280673614,4640841.339918488,4240821.343808683,
3110905,Campanha,7,7,0,0,0,0,False,14740957.256188354,14563233.504250465,1.3283521421175695,1.7502167517235485,1.288712141084732,0.0014313126359944486,0.0027569388579544597,15143710.314025657,0.0494730346451841,0.06778848846425241,1.8315453819068308,18477530.920900974,17304485.97313153,
3111002,Campestre,7,7,0,0,0,0,False,16709576.54344099,17225339.588570178,1.2894055267070617,0.9634065574917933,1.3573798407154307,0.0016929513768504832,0.0033127827455127126,17244463.595649403,0.09426886228508337,0.11717567459367864,2.2906812308595272,21913912.900608566,19615458.33745328,
3111101,Campina Verde,6,7,1,0,0,0,False,28738595.38102057,26028534.579209,1.5600731640209902,1.8283620867652288,1.612457327801269,0.0025581523793302466,0.0032511844778125524,29624214.361207437,-0.10487960519973265,-0.07736825632393766,2.7511348875794983,31126260.431090012,33736385.77302029,temporal_imputation
3111150,Campo Azul,7,7,0,0,0,0,False,4349388.925583428,3697618.8700048286,1.7496404023558494,2.482490389709845,1.7433687359773247,0.00036341164276359073,0.0006275341045506801,4502716.633585387,-0.11630810428936188,-0.09721507482170987,1.9093029467652012,4609412.329789042,5105770.157691471,
3111200,Campo Belo,7,7,0,0,0,0,False,42945561.046325795,36339454.65824888,1.704510548475243,1.775238383897721,1.7583124797259322,0.003571536542507421,0.008540591001812124,43985689.875011384,-0.06270357213312659,-0.048122225298485165,1.4581346834641427,47987981.60700602,50414016.255452394,
3111309,Campo do Meio,7,7,0,0,0,0,False,10896391.314537806,10604638.302156106,1.3195808857986353,1.6810147080444235,1.294720333526459,0.0010422515574990056,0.0018279719067295093,11263985.276513092,0.014816343752363017,0.03598247370563486,2.116612995327184,13251593.827536106,12791330.127561046,
3111408,Campo Florido,7,7,0,0,0,0,False,42456406.49661133,38321848.43026133,1.5936016308166048,1.6956401855702998,1.5561625799548893,0.003766371381526516,0.0014648169390306144,43839614.65096147,-0.13139836742328173,-0.11463877148826584,1.6759595935015885,44126222.306432575,49839795.199308015,
3111507,Campos Altos,7,7,0,0,0,0,False,27304986.110805128,23387293.523541298,1.751931150087703,1.692167648716208,1.7884212440594418,0.002298564308001092,0.0024465087299236905,28172660.019844897,-0.16046165048068078,-0.14423932100950926,1.6222329471171526,27430094.48900287,32053464.435128216,
3111606,Campos Gerais,6,6,1,1,0,0,False,34135300.57307379,27137969.31226331,1.689453823265063,3.2506187308282497,1.515237671406164,0.002667190523350137,0.004363988963063964,35142548.81045519,-0.27644808136323124,-0.16259356126553526,11.385452009769597,33556220.8022618,40071605.91334099,temporal_imputation;projection_changed_10pp
3111705,Canaã,7,7,0,0,0,0,False,5209250.0791970035,5644538.30448619,1.277286192807676,1.9223920352611426,1.2675389710692475,0.0005547599712115977,0.0007731433016660644,5389381.992966744,0.09229171193173606,0.11642752816793675,2.4135816236200687,6827139.230435682,6115165.613695546,
3111804,Canápolis,6,7,1,0,0,0,False,25942726.977774855,23134602.928422093,1.5973650238165331,1.451349818456647,1.6230922068754667,0.002273729216145598,0.0019067902047153545,26766316.00263649,-0.15610387796125724,-0.12650331453211727,2.960056342913997,26601731.324456293,30454301.392348446,temporal_imputation
3111903,Cana Verde,6,7,1,0,0,0,False,4566140.561502439,4972122.776638611,1.2314792536345134,2.1284265584222366,1.2117117115452392,0.0004886732164145798,0.0009281422862668473,4722380.995356159,0.14403488572072912,0.17414453337891964,3.010964765819052,6293668.342639924,5360216.024281257,temporal_imputation
3112000,Candeias,7,7,0,0,0,0,False,12638044.113147652,12364531.630595043,1.3672969766624206,1.9379774869206159,1.3445983847061247,0.0012152184716298401,0.0022970530935836463,13037146.071918549,0.03322505232465771,0.054096161677628936,2.087110935297123,15638428.727813799,14835865.356842512,
3112059,Cantagalo,7,7,0,0,0,0,False,3238585.425191793,3568468.0625174656,1.2653104732341414,1.396830339354155,1.2628088410269362,0.0003507183639906042,0.0007175925769785634,3348225.675429352,0.17646040132444177,0.20343774568553138,2.697734436108962,4575220.213989114,3801792.182762945,
3112109,Caparaó,7,7,0,0,0,0,False,5787529.8175586155,4770256.044378952,1.7871818061191944,2.3745224615995952,1.8055293423869898,0.00046883322658087775,0.0008623669839198027,5988581.076760099,-0.13480920046084166,-0.11593699332368122,1.8872207137160437,6006333.95985412,6794011.189807894,
3112208,Capela Nova,7,7,0,0,0,0,False,3832309.0721192746,3642657.088289184,1.4781759831898982,1.3277954877431462,1.4648254222649357,0.000358009855266095,0.0007631611635356039,3966937.3949277615,0.02284752727017737,0.045852765462702054,2.3005238192524686,4705048.371463351,4498767.443026994,
3112307,Capelinha,7,7,0,0,0,0,False,38668651.31575227,26055203.369925458,2.237797519775467,4.280323401101621,1.670819488333499,0.0025607734577554474,0.005979850238069927,39465709.45541546,-0.25395214861121046,-0.24560729972073184,0.8344848890478623,34244396.64225847,45393329.79969393,
3112406,Capetinga,7,7,0,0,0,0,False,6330031.535671134,7667919.980638834,1.0612363511063378,1.5921889914017946,1.0481894033093302,0.0007536232085325982,0.001108390545612955,6550539.339572086,0.22931914491247993,0.2569532305102156,2.76340855977357,9340239.413563183,7430856.762881976,
3112505,Capim Branco,7,7,0,0,0,0,False,7058745.594420545,6342740.093345927,1.527450357233064,2.036779019769897,1.5093607153638546,0.000623381067108824,0.0017034109385241519,7273978.862572007,0.019691530045682505,0.03988357347281254,2.019204342713003,8616785.139582878,8286297.965844502,
3112604,Capinópolis,7,7,0,0,0,0,False,35398656.58828815,29215472.544942137,1.843455687049377,2.628716351619533,1.695989718680096,0.0028713729686418816,0.0025374004227296976,36432846.57536054,-0.2030457611992531,-0.18954313979196585,1.3502621407287252,33678264.19375169,41554666.074523576,
3112653,Capitão Andrade,7,7,0,0,0,0,False,4539594.566719246,4552042.0966948625,1.3702942717435997,1.4761516858818675,1.3593254472369245,0.00044738658970732147,0.00084986429019121,4689466.810759022,0.058557712143612,0.08125962238427953,2.2701910240667527,5762090.422317612,5329053.543691624,
3112703,Capitão Enéas,7,7,0,0,0,0,False,20870842.602579333,15911879.838688867,2.073929400799858,6.641081201183424,1.5703621755685784,0.0015638611211509826,0.0021275589392454044,21412123.924914062,-0.22737089141100733,-0.21687701675157842,1.0493874659428915,19186818.577347632,24500390.089127555,iss_2025_anomaly
3112802,Capitólio,7,7,0,0,0,0,False,15360846.761306673,15602871.264262816,1.301221945763263,1.8061202074198484,1.1875751350163948,0.0015334909511555929,0.0017387172437607068,15714569.758775592,0.007452896967143183,0.021544090933418428,1.4091193966275246,18420664.340807304,18032177.469673127,
3112901,Caputira,7,7,0,0,0,0,False,6457700.697527179,5922914.605787541,1.5761825682006303,1.3456628980229366,1.5816583409546099,0.0005821195213759024,0.00145702531357604,6680893.545232618,0.01908985981580425,0.041470727097520046,2.2380867281715795,7895106.564929806,7580728.252375098,
3113008,Caraí,7,7,0,0,0,0,False,11608912.283602042,11147987.426281663,1.5709386997360908,1.2448786919509238,1.622501260977851,0.001095653328945604,0.002917300151401345,11989357.602388121,0.08101647730002087,0.10495672512509245,2.3940247825071577,15058087.467849065,13627762.178780653,
3113107,Caranaíba,7,7,0,0,0,0,False,3861872.1710183946,4720679.490537353,1.0735583050574262,1.6979742403722276,1.0430436273365122,0.00046396071334802813,0.0005569179287295154,3993822.8290759125,0.2113996169855954,0.2370566642416318,2.5657047256036405,5608161.400587157,4533471.717744796,
3113206,Carandaí,7,7,0,0,0,0,False,32555351.39358518,26524502.140310105,1.762201479223183,2.1754799410916577,1.667566323868441,0.0026068973669760307,0.0037884730587837254,33476517.980151605,-0.1697400315497864,-0.15593222447039226,1.3807807079394134,32257649.88706917,38216895.39898524,
3113305,Carangola,6,7,0,1,0,0,False,21505233.60914827,17537350.05796178,1.8109295592114216,1.438031108624764,2.0457244283925426,0.0017236165809256922,0.005153239062276044,22128966.924303614,-0.13099081200653473,-0.03636443890332051,9.462637310321423,24327080.895826433,25245104.973233495,temporal_imputation
3113404,Caratinga,7,7,0,0,0,0,False,74718012.38495384,72153171.19904442,1.3798327120219525,1.2124655645663758,1.5733852057326403,0.007091402169313651,0.014374036292681266,76459291.36374614,0.036872651869998906,0.052947413234794335,1.607476136479543,92355977.39239113,87711861.23024064,
3113503,Carbonita,6,7,1,0,0,0,False,16055070.054573216,12396935.980392907,1.87614963669231,2.0630913759140945,1.8480285524836362,0.0012184032557860049,0.0014193445587389352,16560230.877908034,-0.2502998918320672,-0.22117294950505376,2.912694232701343,14678654.500455718,18847129.784626,temporal_imputation
3113602,Careaçu,7,7,0,0,0,0,False,8802051.766210902,9851068.189407239,1.1987099069284337,1.2622574979378396,1.2216322040001035,0.0009681887180773612,0.0011935085674939726,9072058.150684372,0.11422887539403441,0.13604965382840087,2.182077843436646,11738544.437636781,10332774.098454922,
3113701,Carlos Chagas,7,7,0,0,0,0,False,19950186.928457107,18999492.46407349,1.4500618054713175,2.1525566397317992,1.33373146930122,0.0018673197565206045,0.0027710941245261585,20538723.921923615,-0.02779657808459378,-0.010609401548756045,1.7187176535837734,23171159.397368524,23419627.631028447,
3113800,Carmésia,7,7,0,0,0,0,False,5292179.623568822,4342268.406795172,1.8404912906574344,1.888584733410864,1.8926085110294495,0.00042676948341942354,0.000509668329871705,5476130.058390477,-0.1865592299709354,-0.17011778691610638,1.644144305482903,5155657.385661796,6212517.034800703,
3113909,Carmo da Cachoeira,7,7,0,0,0,0,False,14305916.622958755,15071872.919087829,1.3025605494227834,1.5350495888794329,1.2887341098573286,0.0014813030465313023,0.0019103405137870862,14737506.493347391,0.05506254800290749,0.07510754114654812,2.0044993143640633,18055129.761102024,16793789.523462124,
3114006,Carmo da Mata,7,7,0,0,0,0,False,13064789.705515696,9291335.932564525,2.0212505177290643,2.8429711216961877,2.02088935798189,0.0009131767695455436,0.001922953025038799,13476406.790470948,-0.23397086744385157,-0.2192383017811069,1.4732565662744668,11974404.919495035,15336824.215137037,
3114105,Carmo de Minas,6,7,1,0,0,0,False,11139015.375288181,10553983.544331053,1.3821871920492557,3.814096459376065,1.1937194576198125,0.0010372730755617988,0.002277240443035981,11464714.938337404,0.022370500708294314,0.04824048578176423,2.5869985073469914,13706947.4879477,13076147.767489858,temporal_imputation
3114204,Carmo do Cajuru,7,7,0,0,0,0,False,20299151.929452106,18080402.99818862,1.5899287542002853,1.6844140739015847,1.630597838927625,0.0017769892426449288,0.003873214834901969,20883175.609093294,-0.03395326207268138,-0.015910573342353164,1.8042688730328216,23450141.952379886,23829279.4507769,
3114303,Carmo do Paranaíba,7,7,0,0,0,0,False,37197017.47786689,37756076.68078219,1.2981245660851155,1.7267391571767439,1.238038469870351,0.0037107658558799056,0.004972050963082654,38340383.31039813,0.02149616789942974,0.040644775838047466,1.9148607938617728,45440556.708366305,43665771.22512561,
3114402,Carmo do Rio Claro,7,7,0,0,0,0,False,27307426.93196127,23070742.833581846,1.5895103893213436,2.0248450897133785,1.5944305440200248,0.002267452879186915,0.003428428002943352,28201194.926060237,-0.13802054746911382,-0.12004038778834213,1.79801596807717,28208275.476123825,32056329.72770897,
3114501,Carmópolis de Minas,6,7,1,0,0,0,False,17621741.856019888,18243753.895658504,1.2880942857287412,1.6405987798650827,1.2594723910180436,0.0017930437956108919,0.0031044886115289554,18089487.415976997,0.052598829753568326,0.09985368324531668,4.725485349174836,22751852.56230115,20686253.916218843,temporal_imputation
3114550,Carneirinho,7,7,0,0,0,0,False,46884164.73170381,63955491.23101561,1.576853601204501,2.4690113578225863,1.5330609035544414,0.0062857127651951466,0.0017541319656090705,48500581.33568972,0.28931525338065445,0.31158251826451827,2.226726488386382,72186306.1276671,55037563.49481067,projection_outlier_30pct
3114600,Carrancas,7,7,0,0,0,0,False,8748861.202719685,7444287.003161169,1.6336910794640376,1.1745378710629755,1.7237022078946913,0.0007316439752534352,0.0008030211781219226,9032479.628861412,-0.16322442539717796,-0.14719110277673353,1.6033322620444435,8758631.7187379,10270333.420835406,
3114709,Carvalhópolis,7,7,0,0,0,0,False,5589669.738003765,5293427.792777823,1.4834274175195286,1.8094638630121038,1.4729084584201102,0.0005202519128266254,0.0006806520900029272,5780400.882872838,-0.05155486507599847,-0.03193573944931512,1.9619125626683351,6352188.129115686,6561742.218953764,
3114808,Carvalhos,7,7,0,0,0,0,False,4147200.5913157323,3953130.9150862163,1.4423365976058744,2.361360988977279,1.3915312312121493,0.0003885240340925517,0.000784912663794398,4287247.844250166,0.01698407431363015,0.03874444787707132,2.176037356344117,5057044.479940589,4868420.226241303,
3114907,Casa Grande,7,7,0,0,0,0,False,6311009.011992105,4809966.968089034,1.9785022671458767,3.803885070045834,1.9441882097968672,0.00047273611990993574,0.0004800614088699164,6532499.007082895,-0.25631502637160813,-0.2420527755641822,1.4262250807425936,5615271.812799014,7408526.123937947,
3115003,Cascalho Rico,7,7,0,0,0,0,False,13472726.372908892,9930259.628572965,2.08920421783676,1.595123372485607,2.0728310481447147,0.0009759718596102776,0.0005690523440769305,13947914.472895972,-0.2911234432187041,-0.27687830854465223,1.4245134674051863,11436678.034434646,15815703.179111248,
3115102,Cássia,7,7,0,0,0,0,False,16953674.85933426,18808883.778163254,1.2546488546720473,1.2038002278084208,1.1521581630791822,0.0018485862368943491,0.002832465777789341,17371220.083587956,0.139500009012592,0.15765614467226235,1.8156135659670363,23039680.246986568,19902006.613120172,
3115201,Conceição da Barra de Minas,7,7,0,0,0,0,False,5064616.452099714,4848611.722467338,1.4259474799722904,1.299883421209327,1.4303285992991066,0.00047653422733164426,0.0007077075624275313,5242385.651535204,-0.026357942551182224,-0.005309626448510615,2.1048316102671607,5913811.706726274,5945379.450704165,
3115300,Cataguases,7,7,0,0,0,0,False,60360306.42537933,56045164.379402556,1.5359468050637781,1.756218306721828,1.5620675430921165,0.005508265176082781,0.011527876038066478,61661687.88236772,0.004077420995276905,0.018224271879271833,1.4146850883994928,72148598.19793002,70857275.93663618,
3115359,Catas Altas,7,7,0,0,0,0,False,29227916.473260757,36784052.81143095,1.004806451333527,2.2402902951565293,0.9622091667573588,0.0036152328105377024,0.0010016782637720144,30025344.859492596,0.1896292077810025,0.20778894512153787,1.8159737340535358,41440207.757614255,34310802.33429707,
3115409,Catas Altas da Noruega,5,7,2,0,0,0,False,3288147.0459898794,3293751.8849222907,1.4179550204766707,1.2975558793075943,1.4173628664294413,0.00032371854034640403,0.0005907457227237506,3404812.4124834826,0.03948751702082162,0.07304230615379455,3.3554789132972926,4141914.1426698947,3859972.825783676,temporal_imputation
3115458,Catuji,7,7,0,0,0,0,False,5232145.29739803,5659178.160869962,1.2948449629306447,1.6620469205314479,1.2254935452917806,0.0005561988145443728,0.0009992356866814396,5381454.742652953,0.13467685712636326,0.15574076094777456,2.1063903821411296,7098608.790401446,6142042.428771115,
3115474,Catuti,7,7,0,0,0,0,False,5003235.3293442195,4529180.840889685,1.633994783402104,1.1101623984133582,1.6898433572648524,0.0004451397257605817,0.0007510090045125668,5181392.093632844,-0.06332486426873954,-0.04210304480237917,2.122181946636037,5626039.016709276,5873323.833197261,
3115508,Caxambu,7,7,0,0,0,0,False,15674371.834345017,13438429.173544811,1.6915516579147898,1.8215076227853488,1.7920347531854925,0.0013207639277635192,0.003696781266170162,16091081.500606215,-0.01959038634164038,-0.0024123195595212245,1.7178066782119157,18355838.94917347,18400226.17467425,
3115607,Cedro do Abaeté,7,7,0,0,0,0,False,4454697.212474563,3666645.365592886,1.8892674442005155,1.9042295721164981,1.896163988942726,0.0003603674858301114,0.0002899491006047136,4615595.008510392,-0.20859942825253375,-0.19240439249861468,1.6195035753919063,4223234.090183772,5229392.100397881,
3115706,Central de Minas,7,7,0,0,0,0,False,5407786.010375829,5021835.876535593,1.5511247291560788,2.187087948987814,1.5261028842303133,0.0004935591497504861,0.0010877126007219052,5583001.8312767,0.00739104051138139,0.0281275003270557,2.0736459815674313,6526787.754576927,6348227.970267017,
3115805,Centralina,7,7,0,0,0,0,False,15884660.689337075,14486875.42003675,1.4328878039064745,2.0351648403464924,1.419141588289662,0.0014238079639885015,0.0017350333941635102,16377985.858319782,-0.09208445141616069,-0.07547026831242089,1.66141831037398,17239784.81474747,18647085.34930406,
3115904,Chácara,7,7,0,0,0,0,False,3999244.6896448247,4133543.1903422205,1.340549429225678,2.254272748399408,1.329461872722608,0.00040625542384106197,0.000609067584579199,4139465.1464062096,0.052678873411341406,0.07527702610437471,2.259815269303331,5048139.64391748,4694734.027942924,
3116001,Chalé,7,7,0,0,0,0,False,6317989.391543005,5561886.196398824,1.6218903956711122,0.882489800823217,1.6855820793277252,0.0005466367060958872,0.0009364979253531944,6540144.835098645,-0.08601283733826663,-0.06630186806926491,1.971096926900172,6924978.008302588,7416720.427599941,
3116100,Chapada do Norte,6,7,1,0,0,0,False,6370938.809427284,6188983.959490062,1.4271453980613944,2.172251280255538,1.3872202277560948,0.0006082695125776602,0.00194409050101745,6564505.274443588,0.13103966818526103,0.1669152231033398,3.5875554918078785,8727216.616939869,7478878.023144105,temporal_imputation
3116159,Chapada Gaúcha,7,7,0,0,0,0,False,20299039.494580086,18118988.325715143,1.6346689423803487,3.0769107697384506,1.5401804455366375,0.0017807815094403885,0.0020723660053425874,20958658.29622454,-0.11591696976087801,-0.09977915142894918,1.613781833192883,21451495.349775687,23829147.46289905,
3116209,Chiador,6,7,1,0,0,0,False,8686798.835585088,7386833.818994491,1.6334551858606723,1.7206064923827078,1.6153588849721374,0.0007259973262141351,0.0005261575976276357,8994946.160305768,-0.18600120240433737,-0.1660287048883856,1.9972497515951786,8504404.007111067,10197478.087028021,temporal_imputation
3116308,Cipotânea,7,7,0,0,0,0,False,4502879.932199067,4021097.579378929,1.6371396432694882,2.129425761759496,1.6019419732538633,0.0003952039754256464,0.0009535319916099216,4653633.220357508,-0.01462627970734726,0.006376103221581189,2.1002382928928447,5319657.832926827,5285954.044315735,
3116407,Claraval,7,7,0,0,0,0,False,9681205.22025569,9909977.868556453,1.3204680247720963,1.408508210245717,1.3221536036710948,0.0009739785152487134,0.0008401391631199487,10028415.886423053,-0.01734769374817461,0.0042083888440562,2.155608259223081,11412644.45432452,11364816.88572788,
3116506,Claro dos Poções,7,7,0,0,0,0,False,5037220.4563241275,5275878.775962136,1.329498246695773,1.874623222694092,1.2736226586302812,0.0005185271496062704,0.0011096370149273516,5190230.934596817,0.13109271160218594,0.1532599488597432,2.2167237257557257,6819478.8140097,5913219.149552786,
3116605,Cláudio,7,7,0,0,0,0,False,35731001.1008782,29917764.593505204,1.615839611340583,1.8388153097238942,1.5807877593000486,0.002940396065948765,0.004980745289509966,36796283.828012474,-0.1289833013766448,-0.1134618075971386,1.5521493779506192,37185673.39350362,41944807.01696118,
3116704,Coimbra,7,7,0,0,0,0,False,8500280.997224495,8949841.213107333,1.2560586834779655,1.843115300313673,1.2109294605959398,0.0008796137763447686,0.0012375099814361968,8774340.786791671,0.06491032676603382,0.08614438863867421,2.123406187264039,10838117.666786747,9978523.83178149,
3116803,Coluna,7,7,0,0,0,0,False,5438757.800267421,5700478.343637025,1.3712052283326328,1.845169869200857,1.3246487002042158,0.0005602579044055719,0.0013030264970225697,5607764.696846393,0.14852807577967853,0.1725391416623757,2.4011065882697165,7486176.888207108,6384585.9146275725,
3116902,Comendador Gomes,6,7,1,0,0,0,False,11795294.958704986,11822284.540720506,1.390032926971829,2.032541267673156,1.4203349919565393,0.001161925010988553,0.0006046662418940542,11666059.424835118,-0.020311585522318976,-0.019093196937903997,0.1218388584414979,13582182.710857233,13846557.765179876,temporal_imputation
3117009,Comercinho,6,7,1,0,0,0,False,5111669.9566829335,5108875.456788255,1.37670059241769,1.4642621168194079,1.4028483962938996,0.0005021136270930987,0.0009863984422887454,5289185.025652748,0.05636700967910744,0.08386067148250949,2.7493661803402047,6503831.473685363,6000615.803126608,temporal_imputation
3117108,Conceição da Aparecida,7,7,0,0,0,0,False,11487594.024577493,12130462.576386122,1.2389467578422204,1.5982118693764082,1.2335477860819264,0.0011922135534647418,0.0017071626316222518,11860344.259773029,0.06994330696195429,0.09182349543228419,2.1880188470329895,14723617.658119496,13485346.046972541,
3117207,Conceição das Pedras,7,7,0,0,0,0,False,4272360.659465434,4034399.907505394,1.4812616482958432,1.6502531162089187,1.4921341327521807,0.00039651136298693196,0.0005303879980017581,4424740.828675095,-0.05286095962513745,-0.032070051391353396,2.0790908233784053,4854503.864784045,5015346.277653837,
3117306,Conceição das Alagoas,7,7,0,0,0,0,False,64430379.21208286,59381431.72303207,1.55230005730729,1.9962968684961513,1.4871329567537441,0.005836162246784754,0.004542067608021266,66482025.61976357,-0.1127204843184585,-0.09594147381964904,1.6779010498809463,68378607.14916211,75635155.43408662,
3117405,Conceição de Ipanema,7,7,0,0,0,0,False,6001017.229640634,4797430.364445346,1.8736344128713927,2.8638995281096156,1.8898084742646135,0.0004715039897513122,0.0007652802546782582,6205403.837229295,-0.17544499584543904,-0.15892715815854097,1.6517837686898074,5925042.90904329,7044625.167150685,
3117504,Conceição do Mato Dentro,7,7,0,0,0,0,False,258012276.20782617,230985922.01776773,1.6119188428567526,2.3426761565883125,1.3889449590283955,0.022701899878510196,0.003167521944261514,264272137.84425616,-0.17132804407976338,-0.16366330608149074,0.7664737998272636,253311285.07458338,302881945.65245926,
3117603,Conceição do Pará,7,7,0,0,0,0,False,16887596.03442456,16857532.083066512,1.3610881636575636,1.4599626583730003,1.34148127787876,0.0016568022942935533,0.000988806495121831,17386324.45295246,-0.037661583347824774,-0.020921713573488654,1.673986977433612,19409675.159919497,19824436.338754784,
3117702,Conceição do Rio Verde,6,7,1,0,0,0,False,20766810.746333122,13344871.519417634,2.5703114831995872,1.7290599103261224,2.6953852712366317,0.0013115688370917158,0.0021252147452002317,21492111.80349921,-0.3413405763190045,-0.32409032594736065,1.725025037164385,16477506.201129865,24378266.55495777,temporal_imputation;projection_outlier_30pct
3117801,Conceição dos Ouros,7,7,0,0,0,0,False,10447794.961340185,9822264.370434398,1.5950338801320854,2.4786528599599125,1.4983290610535986,0.0009653578034972516,0.001874904821733154,10754536.351452742,-0.0015142751113203976,0.0175368908008168,1.9051165912137198,12479805.613056526,12264720.548101928,
3117836,Cônego Marinho,6,7,1,0,0,0,False,5400496.212951042,4987442.308266902,1.493850312922655,3.5805493345863537,1.468423479204538,0.0004901788600060727,0.0010807455962426396,5587277.376165284,-0.00038550500173222,0.02255054953713912,2.293605453887134,6482633.491654328,6339670.439362351,temporal_imputation
3117876,Confins,5,7,1,1,0,0,False,10534483.829549765,30854665.16210279,0.403547808425874,0.005176969493636771,1.0129152610651502,0.0030324771015314686,0.0012993610458724037,27423933.856020518,-0.020320166417158576,1.8430163821603411,186.33365485774996,35158119.612210765,12366485.05890597,temporal_imputation;iss_2025_anomaly;projection_outlier_30pct;projection_changed_10pp
3117900,Congonhal,7,7,0,0,0,0,False,8477278.464953097,8868662.85083918,1.2793361148286606,2.345561725080517,1.2020519450010296,0.0008716353548184072,0.001995909824434272,8731408.457981735,0.14433557481450804,0.1667920899655398,2.2456515151031753,11611356.032788541,9951521.04016361,
3118007,Congonhas,7,7,0,0,0,0,False,398678056.5747211,391218305.1130676,1.3180583158000887,2.312555965613711,1.0720342864215213,0.03844995710446002,0.008811617502796706,408230865.77826524,-0.07238976772569272,-0.061921801460449136,1.0467966265243587,439030196.1231303,468010232.8426729,
3118106,Congonhas do Norte,7,7,0,0,0,0,False,3868161.933270306,3402002.195038484,1.6471639846035218,1.9757541466125625,1.6015944858724052,0.00033435766363412744,0.0008107824977980889,3995724.6871784604,-0.02830277093613017,-0.007845686059217701,2.045708487691247,4505229.177045877,4540855.302187172,
3118205,Conquista,7,7,0,0,0,0,False,27903533.597720027,25626034.466073256,1.4544865324430143,4.248141691602304,1.2774121815165032,0.0025185936166590137,0.001240971380886895,28739601.96554675,-0.11381128565632181,-0.09914559766061452,1.466568799570729,29508479.074037075,32756102.426105622,
3118304,Conselheiro Lafaiete,7,7,0,0,0,0,False,122763474.66320716,87126724.23943755,1.8142134730824504,1.8175116166734355,1.811915486082919,0.008563042081301098,0.022405006242273616,125418910.17263192,-0.1967991664868989,-0.1864795637478527,1.0319602739046196,117238608.61253285,144112677.92195356,
3118403,Conselheiro Pena,7,7,0,0,0,0,False,13461132.843750628,13548074.756159225,1.2983694272463477,1.0189682682333434,1.4367727554019647,0.0013315401820775889,0.003463110305793686,13861876.914327927,0.1294706957844038,0.15217860204977715,2.270790626537336,18206833.96978828,15802093.475262871,
3118502,Consolação,4,7,3,0,0,0,False,3965843.3139706845,4039542.014256657,1.3903026414795085,0.9508812539594389,1.5750918475414692,0.0003970167426724645,0.0003817482270292017,4088648.479258742,-0.10513270409004054,0.007749491068117061,11.28821951581576,4691601.921767259,4655523.980264792,temporal_imputation;projection_changed_10pp
3118601,Contagem,7,7,0,0,0,0,False,1114186257.9791634,1080308070.6529796,1.4023328915603832,1.6924045761311586,1.3859180714595654,0.1061754995441842,0.11121634509021638,1140959760.973995,-0.04692893166242277,-0.0328192910017534,1.4109640660669367,1265023052.3326197,1307949011.558411,
3118700,Coqueiral,7,7,0,0,0,0,False,11942905.883355018,10512172.882024357,1.50926384333841,3.804688142454356,1.3724293254781166,0.0010331638144377906,0.0014684841684239171,12315698.319330387,-0.10668759688406383,-0.09078811216062962,1.5899484723434207,12747004.2781832,14019838.993168995,
3118809,Coração de Jesus,7,7,0,0,0,0,False,16932393.48169708,14125043.851422641,1.680753788461301,1.023653221716988,2.0204156097157555,0.00138824621212152,0.0036745412184942374,17437596.686551798,-0.05987842746155521,-0.041374551084793654,1.8503876376761554,19054621.336771592,19877024.29383036,
3118908,Cordisburgo,7,7,0,0,0,0,False,8771080.81167016,8654689.585913992,1.3375116096271993,1.560552286154414,1.2607529768231738,0.0008506055033253975,0.0013274679127745301,9005412.865213374,0.01574413418387218,0.032279483453268684,1.6535349269396502,10628780.1612451,10296417.13471705,
3119005,Cordislândia,6,7,1,0,0,0,False,4268713.66624484,4215810.680575996,1.340742595455869,0.8593047427766544,1.4264653231446478,0.0004143408877092877,0.0006051282378196453,4420797.308744688,-0.005456298513006638,0.02381859732854711,2.9274895841553747,5130421.594142713,5011065.053447492,temporal_imputation
3119104,Corinto,7,7,0,0,0,0,False,21214334.128980696,22731866.226189613,1.263741794904879,1.4473374559017111,1.139303064973222,0.0022341472008798368,0.003480632851979033,21679089.197373815,0.10726992740886454,0.12072403494057848,1.3454107531713944,27910081.645529173,24903616.56873807,
3119203,Coroaci,7,7,0,0,0,0,False,6815187.544810282,6329507.008556814,1.4391540252545898,2.5693932011213683,1.4431528750334002,0.0006220804849636352,0.0016440988902289928,7029495.070095711,0.04548614317585479,0.06690699389850809,2.1420850722653295,8535665.549118442,8000383.911561851,
3119302,Coromandel,7,7,0,0,0,0,False,68707408.47332773,51542310.89681665,2.041950006807952,2.0697694488102134,2.0193355531859103,0.0050657129718778724,0.004977346275129814,70848750.356473,-0.26856213290299574,-0.2563133025030283,1.2248830399967436,59982781.04128392,80655982.20751847,
3119401,Coronel Fabriciano,7,7,0,0,0,0,False,94886243.80120105,73342181.46890774,1.9334001620352834,1.9212448982518238,1.9610362338538123,0.007208261204986317,0.017317054988196134,96995939.88558517,-0.1416413577914361,-0.12968269367175522,1.1958664119680884,96942427.54315914,111387452.41335784,
3119500,Coronel Murta,6,7,1,0,0,0,False,6635940.639146514,6439641.153326707,1.4603160062979448,1.4899241580362061,1.4682546784817314,0.0006329047564427392,0.0012761039389603693,6864240.637426542,0.02703153237252138,0.05713741498530517,3.0105882612783788,8235063.5071336385,7789965.041818249,temporal_imputation
3119609,Coronel Pacheco,7,7,0,0,0,0,False,4723338.499387688,4244045.902081386,1.572152881136721,1.4858458813715518,1.63232331456165,0.0004171159190448062,0.0005533748242485485,4880328.150491657,-0.09770408636105485,-0.07992524761940907,1.7778838741645777,5101585.860335996,5544751.496697645,
3119708,Coronel Xavier Chaves,6,7,1,0,0,0,False,9342017.235501042,5930475.025710553,2.4954459670939837,13.627135521515724,1.4813382025449944,0.000582862579197922,0.0006929655786220848,9528791.524335135,-0.36798691598438876,-0.3582506227366959,0.9736293247692873,7037835.902579263,10966642.35591724,temporal_imputation;iss_2025_anomaly;projection_outlier_30pct
3119807,Córrego Danta,7,7,0,0,0,0,False,7258199.358430915,6662362.639620426,1.480922062169196,1.210262995831068,1.5424042798960134,0.0006547944059870264,0.0006273104825414941,7484620.120201331,-0.10887217902788388,-0.09216052584994312,1.6711653177940753,7735189.74566601,8520437.771124568,
3119906,Córrego do Bom Jesus,6,7,1,0,0,0,False,3890909.7166677006,3610913.611381893,1.44941340976961,4.780283740375766,1.3229587694872595,0.0003548900234241801,0.0007816163441812762,4014936.282433263,0.003668819059517858,0.02734898683565469,2.368016777613683,4692477.154916305,4567559.0427841265,temporal_imputation
3119955,Córrego Fundo,7,7,0,0,0,0,False,16883541.04731004,13241751.229279649,1.8976105451108265,1.81330316244855,1.976736148252783,0.001301433905569892,0.0011125854956724641,17458238.954252563,-0.24528619573577704,-0.230541330064292,1.474486567148503,15250421.663098086,19819676.168405943,
3120003,Córrego Novo,7,7,0,0,0,0,False,3655780.826319264,3759558.7971671927,1.3660797534518665,0.5533867013453287,1.4927447940539247,0.00036949926062635396,0.000497771451990461,3783075.7738864375,0.031637539957236956,0.05504668457330299,2.3409144616066033,4527775.072093742,4291540.022160185,
3120102,Couto de Magalhães de Minas,7,7,0,0,0,0,False,5233466.292994494,5657772.580396929,1.1691854816381706,1.7605060866029645,1.0989943700281386,0.0005560606704233318,0.000733847369933974,5398989.608568235,0.08601530977534584,0.10628967507167623,2.0274365296330394,6796593.6722691255,6143593.152334876,
3120151,Crisólita,6,6,1,1,0,0,False,6686051.349871515,5924580.640972693,1.6008520702267597,6.149427825755713,1.3596665760176094,0.0005822832636665017,0.0009272547351242095,6882352.851172523,-0.1938342328003543,-0.07031069370550733,12.352353909484698,7296936.376109356,7848790.264344446,temporal_imputation;iss_2025_anomaly;projection_changed_10pp
3120201,Cristais,7,7,0,0,0,0,False,14284071.84439299,12727784.677733798,1.4999215232901515,1.7923022673825837,1.4835663876637535,0.0012509199301199096,0.002030484242935633,14775757.406162737,-0.08139445814236826,-0.06253359468015988,1.8860863462208375,15719573.390355356,16768145.824907966,
3120300,Cristália,7,7,0,0,0,0,False,5594509.0755553795,4691013.498602568,1.7170891705581106,6.079039900880668,1.226507586521167,0.00046104506215674746,0.0008461840075088729,5730316.154493769,-0.11278475143291469,-0.1009480716292512,1.18366798036635,5904454.440545566,6567423.142337894,iss_2025_anomaly
3120409,Cristiano Otoni,7,7,0,0,0,0,False,8267912.72657922,6845360.544261581,1.741983797280686,2.58459931059965,1.6636914867327137,0.0006727799181465991,0.000822909704450332,8506586.497639848,-0.1741410739087759,-0.16032776773355553,1.3813306175220363,8149645.00399122,9705745.516906861,
3120508,Cristina,7,7,0,0,0,0,False,8809963.780602334,8086989.331699954,1.5358437703870769,1.6017634172252246,1.5384707009128382,0.0007948104391951232,0.0016717177344518549,9112814.617202196,-0.014306204299892418,0.007539314525402249,2.1845518825294667,10420034.111734618,10342062.053075256,
3120607,Crucilândia,7,7,0,0,0,0,False,4893217.078915931,4813050.660612893,1.493560887578417,1.3229148697191397,1.5018640076779628,0.00047303919326748597,0.000913818160851879,5057149.313222495,0.04059668172085357,0.06363815630166547,2.3041474580811903,6109721.4089428475,5744172.839931505,
3120706,Cruzeiro da Fortaleza,7,7,0,0,0,0,False,9858265.053392272,9116900.830397356,1.4705121889142168,1.8719654686390168,1.4628916335435904,0.0008960328319838765,0.0007178149338486963,10204112.821700145,-0.11070378977289408,-0.09268606940911903,1.8017720363775052,10500043.198734926,11572668.339718819,
3120805,Cruzília,7,7,0,0,0,0,False,13236792.565261038,11370354.280013297,1.6245418091514852,1.698554048459876,1.6439033904417786,0.0011175081242751938,0.002471036025793419,13643302.312643839,-0.06642416694674158,-0.0483661930911017,1.8057973855639884,14787189.598372322,15538739.261905948,
3120839,Cuparaque,7,7,0,0,0,0,False,4168427.954592737,4277705.426177364,1.3312566524865952,2.032718415360641,1.2764830207018434,0.0004204240650101971,0.0007982450075961644,4303982.515369869,0.08411130812501087,0.10647844645834077,2.23671383333299,5414374.287180436,4893339.137794302,
3120870,Curral de Dentro,7,7,0,0,0,0,False,6237660.283362659,5420486.10630629,1.6106186078586082,1.9069427332776991,1.5693329643587082,0.0005327395358265835,0.0011363940320233922,6443148.128368141,-0.06329790744578488,-0.043724369023953234,1.9573538421831647,7002253.404656014,7322421.671991148,
3120904,Curvelo,7,7,0,0,0,0,False,73899118.61497426,69821995.14703363,1.4243199365703572,1.5928319462098375,1.3728719460567202,0.0068622880966046716,0.013056538990815377,75526921.48946834,0.00501613296928533,0.019082915748063103,1.4066782778777773,88406011.17953146,86750557.59779523,
3121001,Datas,7,7,0,0,0,0,False,4854756.711923791,4437962.129702744,1.5063461559768607,1.7162981101407966,1.4980596973145217,0.00043617451251155365,0.000856925077506858,5025441.9069726495,-0.02973913400823585,-0.00863724482101926,2.1101889187216587,5649800.150508098,5699024.016176685,
3121100,Delfim Moreira,7,7,0,0,0,0,False,5893115.491385754,6761283.923686432,1.1979976747646401,2.489041628473015,1.0663300336836672,0.0006645166482219769,0.0013376184113401334,6068035.743388705,0.22617369537023604,0.24948198729022084,2.330829191998479,8643864.85752902,6917958.75847331,
3121209,Delfinópolis,7,7,0,0,0,0,False,19438910.81321481,14439538.685580352,2.072087168975193,2.3109470035154027,2.1689677158372453,0.001419155586056473,0.0013653582564832607,20079024.059418365,-0.27871236198966487,-0.26504576644808103,1.3666595541583837,16771242.532069921,22819437.95468342,
3121258,Delta,7,7,0,0,0,0,False,20103829.035058167,21647808.215908132,1.263399089302989,1.5673237831096014,1.2110816263471589,0.0021276031474720533,0.001648743671008155,20708010.827163752,0.03694220036589299,0.05613158230460992,1.918938193871693,24924693.61373832,23599988.894707184,
3121308,Descoberto,7,7,0,0,0,0,False,5565137.1709049875,5206777.13777447,1.4564166262561582,1.231669422845077,1.5093262866221946,0.0005117356600736019,0.0008576305447638214,5758050.119981579,-0.03199784147681436,-0.010975830081113153,2.1022011395701203,6461238.835820679,6532943.311537661,
3121407,Desterro de Entre Rios,7,7,0,0,0,0,False,12869168.394110437,11252605.827185528,1.5533345918232093,1.8671035528941422,1.5707488352469228,0.00110593549870739,0.001210134586907603,13272445.24143206,-0.1392443561946557,-0.12391638710320582,1.5327969091449871,13235155.76627759,15107183.345794119,
3121506,Desterro do Melo,7,7,0,0,0,0,False,5442635.013130169,4598633.035823787,1.786323944725453,2.773223307960782,1.7754850447158077,0.0004519656689261374,0.0005266443192309315,5636079.424125102,-0.16489907344671767,-0.14774211120460945,1.715696224210822,5445192.747369359,6389137.394862692,
3121605,Diamantina,4,7,3,0,0,0,False,40324957.91555914,33050226.647294294,1.7303850795980473,1.7134940310108724,1.7777527994212001,0.003248262620313417,0.008011491637115297,41284209.41221742,-0.17410516269685436,-0.07218413404238867,10.192102865446568,43920647.48566693,47337676.68473295,temporal_imputation;projection_changed_10pp
3121704,Diogo de Vasconcelos,7,7,0,0,0,0,False,5509373.622744359,4247376.310263776,1.8288476918038368,1.563032455706064,1.9710600929016462,0.0004174432402618342,0.0006278650950660954,5688174.047301794,-0.21307077163042157,-0.1976085691491442,1.546220248127736,5189452.291570285,6467482.193905524,
3121803,Dionísio,6,7,1,0,0,0,False,6197246.491218823,6218167.635838406,1.2860270624389665,0.7996742878913758,1.4829861644975317,0.0006111377605330312,0.0011513701305510254,6395624.736320946,0.04019126149161091,0.08045517177748898,4.026391028587807,7860289.454780903,7274979.712346331,temporal_imputation
3121902,Divinésia,7,7,0,0,0,0,False,5687250.926923974,5262911.676190858,1.4673855292465954,2.723866793878574,1.3795177522641358,0.0005172527091635339,0.0007056374086774198,5862085.328501915,-0.06637856276107942,-0.04912716013421898,1.7251402626860444,6348305.952244901,6676293.281382384,
3122009,Divino,7,7,0,0,0,0,False,14148975.536704771,11579915.031525036,1.7901325652184188,2.021906930887535,1.7774462936942006,0.0011381043024220113,0.0031591243282918023,14559433.888289632,-0.06685165672276985,-0.049501297124891555,1.7350359597878298,15787361.025096357,16609555.570504287,
3122108,Divino das Laranjeiras,7,7,0,0,0,0,False,3942581.7110300213,3881636.557010078,1.4327493135244636,1.4712725073620576,1.4310099918875072,0.0003814973817981405,0.0007747313392436474,4081037.0986314286,0.05073976185592506,0.07387597209654269,2.3136210240617627,4970131.098943317,4628217.064248176,
3122207,Divinolândia de Minas,7,7,0,0,0,0,False,5303363.764867601,5397734.938345114,1.3311819289651186,1.851507650537193,1.3095427900283625,0.0005305034916007624,0.001099358095953938,5471277.616597602,0.09177299940236508,0.11415326917412039,2.238026977175531,6936324.01756596,6225646.1561232,
3122306,Divinópolis,7,7,0,0,0,0,False,235594991.9837889,231222057.08509737,1.3582246371614943,1.575864203294178,1.2791796770670385,0.022725107849842364,0.042472343751359234,240316264.17419285,0.042192169540602,0.05543552107686186,1.3243351536259858,291897770.0310546,276566179.7446717,
3122355,Divisa Alegre,7,7,0,0,0,0,False,9555440.44589964,8779630.936821725,1.5571486692125027,1.7729635952692222,1.5732355122494013,0.000862885065708316,0.0010156550565878705,9883020.10940333,-0.09123729589148054,-0.07218996900901985,1.9047326882460691,10407413.020226385,11217180.966571769,
3122405,Divisa Nova,7,7,0,0,0,0,False,7230942.112957864,6636265.568138056,1.4609144748399803,1.0047201150343248,1.487472393748111,0.0006522295176217974,0.0010032626643434613,7483903.558909293,-0.06212593349545393,-0.04182496815408902,2.0300965341364905,8133411.602368171,8488440.349671047,
3122454,Divisópolis,7,7,0,0,0,0,False,10768132.199333537,6625799.301356956,2.534168570260162,13.503333576977731,1.4252803925073987,0.0006512008655788905,0.0015169188554093977,10970255.852635594,-0.3173325118265468,-0.3114298315881187,0.5902680238428104,8704054.434607001,12640766.088780811,iss_2025_anomaly;projection_outlier_30pct
3122470,Dom Bosco,7,7,0,0,0,0,False,7221034.715395268,5723564.1775747845,1.8225870384681522,2.382267570774484,1.8361801316276944,0.0005625268404779036,0.0006614565782446421,7460928.503590931,-0.21460843148875838,-0.1997004650817025,1.4907966407055884,6783987.104131801,8476810.004424628,
3122504,Dom Cavati,7,7,0,0,0,0,False,4998389.38602257,4316990.399864758,1.595596149272773,3.7852917088603752,1.3935948720325944,0.00042428509485820896,0.0008648835965484307,5136489.090066173,-0.0729414808613131,-0.05732724298210632,1.5614237879206774,5531259.808989259,5867635.155265515,
3122603,Dom Joaquim,7,7,0,0,0,0,False,4797000.910725406,4540410.193537599,1.4389917326008177,3.675587633488011,1.3153431235531179,0.0004462433758760803,0.000776240144353934,4938551.224516949,-0.011373574331455411,0.006255748596104869,1.762932292756028,5666451.70517165,5631224.182398261,
3122702,Dom Silvério,7,7,0,0,0,0,False,5887155.028636164,5596726.798684572,1.464066170197462,1.5626390684686953,1.5293877241307574,0.0005500609315113962,0.0009204578361625168,6075758.366771562,-0.015156225301067531,0.0047154095284380505,1.9871634829505582,6943549.7552615125,6910961.740420065,
3122801,Dom Viçoso,7,7,0,0,0,0,False,3594494.096196252,3211968.894395881,1.5746122054749263,1.2219693850366393,1.636420778904294,0.00031568069437519855,0.0005799693032753793,3723680.8220136557,-0.06265877560950138,-0.04173781958116499,2.0920956028336395,4043478.508961563,4219595.212652814,
3122900,Dona Euzébia,7,7,0,0,0,0,False,5196775.843939447,5119892.357130481,1.4175392799201136,1.725133200970179,1.431531592304891,0.0005031963968409516,0.001056296046421243,5374247.326946427,0.05739994778657887,0.08098973234502585,2.358978455844698,6594601.691942627,6100522.04440161,
3123007,Dores de Campos,7,7,0,0,0,0,False,10006791.450765636,10196150.633221073,1.4051030885287914,1.745658800813587,1.356875681701451,0.0010021043222010215,0.0016367711483310037,10326896.129741793,0.05114021923922262,0.07298346142956504,2.1843242190342416,12604362.736834152,11747024.245873293,
3123106,Dores de Guanhães,7,7,0,0,0,0,False,8704683.862728795,8832065.244981086,1.2720370140869268,2.745518207593699,1.1130839825397671,0.0008680384465015456,0.0008080914761333374,8965229.751376921,-0.01567399228858161,0.000897950802200903,1.6571943090782515,10227649.099303734,10218473.412905347,
3123205,Dores do Indaiá,7,7,0,0,0,0,False,14443459.183136504,13730368.164710399,1.3659772059358728,1.2812976723779541,1.5196969696057896,0.0013494564545209057,0.002238485924148851,14875987.585130941,-0.015131105306023141,0.0033614636330944916,1.8492568939117633,17012245.907443684,16955251.446316916,
3123304,Dores do Turvo,6,7,1,0,0,0,False,6062699.289924529,4832324.60526562,1.8037636705467484,1.0563192285493523,1.8412561864376833,0.0004749334869021279,0.0008138128438350507,6274256.524243182,-0.18029990655403802,-0.15459234114814985,2.570756540588817,6016795.099910275,7117034.056778829,temporal_imputation
3123403,Doresópolis,7,7,0,0,0,0,False,6149283.159440644,5343595.1950107915,1.7851731618521527,1.081530865094714,1.815866816234529,0.0005251824961830005,0.0003483755607351022,6367798.135200185,-0.16492610488502504,-0.14748627037191273,1.7439834513112318,6154019.810712426,7218675.309073489,
3123502,Douradoquara,6,7,1,0,0,0,False,3216251.0921368105,4388905.706580797,0.998108537624077,2.319975009142305,0.9538097892609326,0.00043135311908469966,0.0004190596655028283,3323918.7221498005,0.3170014431658256,0.35137712862536996,3.4375685459544334,5102224.072191594,3775573.7936615897,temporal_imputation;projection_outlier_30pct
3123528,Durandé,7,7,0,0,0,0,False,5110835.278949138,6270170.401808171,1.0553236012658194,0.013155915838456286,1.1349474813741303,0.0006162487282324409,0.001299152348056101,5298485.587254559,0.3141226042228467,0.34716072222214855,3.303811799930184,8082473.92724691,5999635.970617394,iss_2025_anomaly;projection_outlier_30pct
3123601,Elói Mendes,7,7,0,0,0,0,False,26060546.871433206,24250391.88282594,1.4742378596494794,2.294427643920017,1.3357373345142058,0.0023833918696404516,0.004440440809677762,26740312.768496625,-0.01566304818229079,0.00018043168696531433,1.58434798692561,30598130.65132809,30592610.77495729,
3123700,Engenheiro Caldas,7,7,0,0,0,0,False,11494572.236610651,8890258.298461787,2.074813073122769,5.672365247931237,1.6486401702154143,0.0008737578118299747,0.0018427670017978652,11766797.401174454,-0.16231049238960724,-0.1506524602008417,1.1658032188765544,11460703.138861027,13493537.806174245,iss_2025_anomaly
3123809,Engenheiro Navarro,7,7,0,0,0,0,False,6648667.602415463,6727875.386276282,1.2641583954236169,1.421788866513535,1.270719964295239,0.0006612331698837849,0.0010563602749274904,6820036.456502683,0.04565131044135551,0.062169755927539525,1.6518445486184017,8290134.346738456,7804905.289832036,
3123858,Entre Folhas,7,7,0,0,0,0,False,8163152.228995048,4615641.63168444,2.7947314226144515,3.5506622779840207,2.752944384172697,0.00045363731816315414,0.0008569017019986851,8444097.048018599,-0.40271807170204765,-0.390873276735951,1.184479496609664,5837119.235248551,9582766.62690143,projection_outlier_30pct
3123908,Entre Rios de Minas,7,7,0,0,0,0,False,9808356.89327601,9469290.076133115,1.3890868539079053,2.1407012525799227,1.341532816227975,0.0009306665676898195,0.0025225531203882144,10080663.624983035,0.09541195137036973,0.11524696705072442,1.9835015680354686,12841043.793625738,11514080.892399946,
3124005,Ervália,7,7,0,0,0,0,False,12713632.946684625,13863818.197669795,1.1828333019581556,2.0053185036570293,1.1162980700440075,0.0013625722724052317,0.0030802422689340217,13110993.27029365,0.1891753391100698,0.21317721362499337,2.4001874514923554,18106184.011042293,14924599.479527578,
3124104,Esmeraldas,7,7,0,0,0,0,False,55988896.72379713,37412179.766339,2.5775078019792192,1.8027702987799161,2.931345275689542,0.0036769667686800483,0.011944182123413055,57785987.112405404,-0.21031905863423345,-0.1940227135457656,1.6296345088467834,52973385.45104778,65725655.47609356,
3124203,Espera Feliz,7,7,0,0,0,0,False,16034614.66846087,14756370.716425808,1.5965778946502842,1.8837423450595006,1.6156178212949017,0.0014502946657879436,0.0037492557753891894,16504001.51382634,0.03221450703783591,0.052158478039808095,1.9943971001972185,19804902.24101614,18823117.101059776,
3124302,Espinosa,7,7,0,0,0,0,False,20369843.793496232,15982022.782780353,2.0352290064204723,2.08975470079939,2.060153022629113,0.0015707549529483434,0.004348973448154351,20975694.06962868,-0.10640884468452001,-0.0893222093151726,1.7086635369347416,21776368.656503133,23912264.995643914,
3124401,Espírito Santo do Dourado,7,7,0,0,0,0,False,6599354.399867992,7225161.226814909,1.2148718520235,0.587397055209504,1.2844937004576766,0.0007101077214767615,0.0009797101837729799,6826098.501927811,0.10182954732083711,0.12658504408857946,2.4755496767742344,8727672.66190277,7747016.266280687,
3124500,Estiva,7,7,0,0,0,0,False,18348860.178142995,13188495.771891681,2.2122418848908323,1.582523606313191,2.3436856412837446,0.0012961998200851804,0.0018150801658523806,18939850.45990537,-0.2725942879901959,-0.2589809482499732,1.3613339740222719,15961418.381196836,21539821.875701535,
3124609,Estrela Dalva,7,7,0,0,0,0,False,3452499.9840386133,3225041.1156904227,1.4902342251938288,2.3441973767175726,1.4786587847563257,0.00031696546643587674,0.000440129495900727,3572403.164072713,-0.057939771398914014,-0.03799844251184919,1.9941328887064826,3898903.413841681,4052907.5899024257,
3124708,Estrela do Indaiá,7,7,0,0,0,0,False,6370676.215836967,5125635.1551325815,1.8328773029751475,2.103839534215802,1.8429174532474597,0.0005037608140319532,0.0006277459069347673,6596423.017794862,-0.19896778494033762,-0.18228283382363034,1.6684951116707287,6115354.873791757,7478569.763170123,
3124807,Estrela do Sul,7,7,0,0,0,0,False,20473159.735163145,17236063.33168883,1.64427849239098,1.7520701158795435,1.67065069301675,0.0016940053343405146,0.00134708765841751,21186779.626189083,-0.1904353428248792,-0.17404670507107464,1.6388637753804558,19850588.253579486,24033548.113985866,
3124906,Eugenópolis,7,7,0,0,0,0,False,7633086.30327644,7598554.445308839,1.360161255358945,1.2856577000546692,1.3799679479002964,0.0007468057824993369,0.001764760304575759,7898510.2093779035,0.09246231783765901,0.11716642762224819,2.470410978458917,10010391.55369527,8960519.494844794,
3125002,Ewbank da Câmara,6,7,1,0,0,0,False,4577477.585341739,4422040.050892187,1.3892258198943301,2.417432471054746,1.1965470923861286,0.00043460964900880213,0.0006722573201068515,4695624.789539171,-0.023281319299243538,0.009372692198006223,3.2654011497249757,5423889.007445645,5373524.615208882,temporal_imputation
3125101,Extrema,7,7,0,0,0,0,False,559655524.711383,452833703.2981165,1.623128511438637,2.2341353071738843,1.6283414056738772,0.04450567941148409,0.007773250531778481,577043427.3124509,-0.25263268566925307,-0.23989000704493102,1.2742678624322046,499378975.1305985,656982515.3714528,
3125200,Fama,7,7,0,0,0,0,False,4641402.823608844,3936761.246472975,1.637523784462895,3.526362988483083,1.5758904873366175,0.00038691518029464097,0.0005192021245940776,4800359.273340483,-0.1474902905411236,-0.13025085348294368,1.72394370581799,4738886.309320431,5448566.783074732,
3125309,Faria Lemos,6,7,1,0,0,0,False,3936764.268670693,3813755.9651782685,1.4793422272371755,3.484883972831599,1.382292172646535,0.000374825899891372,0.0005863236938215931,4067756.858630972,-0.01306144137514989,0.013807913310882129,2.686935468603202,4685199.6626026,4621387.938570857,temporal_imputation
3125408,Felício dos Santos,7,7,0,0,0,0,False,4985674.2585052885,5004366.422625884,1.3836371321978311,2.562756894293437,1.3352570336562413,0.000491842206180393,0.0007833516540051723,5154940.760390953,0.0312568619063316,0.05313648552853996,2.187962362220836,6163701.177824968,5852708.801301834,
3125507,São Gonçalo do Rio Preto,7,7,0,0,0,0,False,6336694.481392268,5288282.253036537,1.8606155939055404,3.7464476088941714,1.7734377426154924,0.0005197461957378645,0.0005661533270934402,6549803.977988381,-0.18043605119570374,-0.16421967208180016,1.6216379113903585,6217101.096942822,7438678.429329229,
3125606,Felisburgo,7,7,0,0,0,0,False,5446347.75533726,5145090.0553343985,1.51875094703237,1.0574419344737798,1.5700196880919874,0.0005056728924507155,0.001087629412832715,5634169.0599377565,0.0181680990718483,0.041160135684329774,2.2992036612481472,6656652.956857838,6393495.802144382,
3125705,Felixlândia,7,7,0,0,0,0,False,16146433.421742931,14475441.073370632,1.635754080407964,1.8990969332113599,1.5023628011222188,0.0014226841665253365,0.0024143039531547093,16548720.800786568,-0.06472093986802284,-0.05051225275941581,1.420868710860703,17996953.193906046,18954381.71393898,
3125804,Fernandes Tourinho,7,7,0,0,0,0,False,4023156.3649357683,3687885.22157812,1.5476411795765794,2.9473604066415224,1.4995728288095787,0.0003624549943665565,0.0005761698191451646,4159007.6066591428,-0.05789419456537457,-0.038498579949544774,1.9395614615829795,4540982.817284924,4722804.067254143,
3125903,Ferros,7,7,0,0,0,0,False,6387228.603262975,6149301.187068473,1.3926105827049384,1.7165924446122842,1.300131154327712,0.000604369386030782,0.00149449630876301,6582061.10271749,0.06992505773249404,0.09045630522167358,2.0531247489179547,8176242.135934468,7498000.696389535,
3125952,Fervedouro,7,7,0,0,0,0,False,7466393.639486674,7522330.7631374,1.3306451177575014,3.618150409777887,1.1602846234659374,0.000739314319877237,0.0016152821747172624,7671215.509267576,0.09485796253441622,0.11362558921681656,1.876762668240034,9760748.009734731,8764838.11457602,
3126000,Florestal,7,7,0,0,0,0,False,7665525.877024362,7788289.874387066,1.3029147243881198,2.598573675550985,1.1543987901593293,0.0007654534761627142,0.0015173427120919389,7880874.406168481,0.08445908480795743,0.10353453252452147,1.907544771656404,9930266.372158928,8998600.478266655,
3126109,Formiga,7,7,0,0,0,0,False,72633210.24817182,64665881.336003914,1.521827209622714,1.641921568007039,1.521180602201,0.006355531760644091,0.011631230140521667,74254557.83601993,-0.0590180969332487,-0.04584749740057891,1.3170599532669789,81355337.21993247,85264501.21788092,
3126208,Formoso,7,7,0,0,0,0,False,19677914.796489697,16656324.998938786,1.6882119758949006,1.3233752504244334,1.682035150506165,0.0016370271364016227,0.001367032738069063,20365647.461481687,-0.18562316735945933,-0.16952243630290217,1.6100731056557156,19184036.676811337,23100005.966938294,
3126307,Fortaleza de Minas,7,7,0,0,0,0,False,4105182.4624157404,4240561.837729285,1.2565031766461086,1.5327178902834129,1.2558755122402678,0.0004167734960979843,0.0007570263371765148,4242274.914242736,0.08274583945417062,0.10571236813761074,2.2966528683440126,5328532.864432989,4819094.92737973,
3126406,Fortuna de Minas,7,7,0,0,0,0,False,5698807.655511317,4863105.469376815,1.7350797064751018,4.910454906207229,1.637097263444586,0.000477958710643567,0.0006160328918852326,5887767.583849677,-0.14530163902925838,-0.12923750402880274,1.6064135000455644,5825279.003953494,6689859.784850197,
3126505,Francisco Badaró,7,7,0,0,0,0,False,5157623.417181317,4722648.546635875,1.589692935124546,2.785028529377184,1.5383320901914235,0.0004641542373256512,0.0013606144561075636,5328467.67379148,0.05416495566300819,0.07693455642622091,2.276960076321272,6520365.758235046,6054560.808107698,
3126604,Francisco Dumont,7,7,0,0,0,0,False,8103157.740321907,6939096.821735275,1.5785861399825794,1.5065497676281752,1.5912953056808892,0.0006819925643875607,0.0007929620509601102,8358314.5132240495,-0.15186467437914208,-0.13643034372448976,1.5434330654652328,8214567.136075457,9512338.786316399,
3126703,Francisco Sá,7,7,0,0,0,0,False,17110708.204400722,15034056.974786226,1.6225433611849498,2.071743187398896,1.5115159167379222,0.0014775863967292407,0.003540163190192683,17561467.979370825,-0.027326445202309778,-0.011223344533502804,1.6103100668806973,19860912.85539631,20086348.8691752,
3126752,Franciscópolis,7,7,0,0,0,0,False,5329586.397462861,5579345.197932088,1.264880076496995,2.247156872916604,1.2186637141455139,0.000548352622379116,0.0007928316551156899,5510586.42268204,0.061608684204510315,0.08379638056499329,2.2187696360482976,6780695.148995548,6256429.040167773,
3126802,Frei Gaspar,7,7,0,0,0,0,False,5735933.822555016,5338064.563476937,1.605171222160506,1.5130946541751062,1.5823429293123987,0.0005246389312667939,0.0008863415158070842,5931291.223910276,-0.03476936248460345,-0.015038485479586788,1.9730877005016665,6632181.608858971,6733442.384384166,
3126901,Frei Inocêncio,7,7,0,0,0,0,False,8438550.249937426,7033856.396738405,1.7334879817819138,3.369507624665123,1.4141988362232063,0.0006913057829831328,0.0013588939353027325,8661573.374626555,-0.10976554684522938,-0.09597148535690925,1.379406148832013,8955358.708260814,9906057.78822848,
3126950,Frei Lagonegro,7,7,0,0,0,0,False,5318102.340913879,3817584.837103106,2.2517966063063066,6.920462316895986,2.1421019995015116,0.00037520221142726994,0.0005933858528745987,5499987.480768226,-0.2622252569079346,-0.24759355180382298,1.4631705104111603,4697234.215670991,6242947.846781701,iss_2025_anomaly
3127008,Fronteira,7,7,0,0,0,0,False,42933851.46434475,53671238.0236486,1.071668807979743,1.6313619592359985,1.0199400606806095,0.005274949491834555,0.002760553709652438,44296653.62878198,0.20170319845897255,0.2260293348883886,2.4326136429416056,61792209.89445003,50400270.316595055,
3127057,Fronteira dos Vales,7,7,0,0,0,0,False,3900167.6628107554,3711409.005449181,1.530138542991502,3.2605814158621733,1.4177436797303091,0.00036476697330249994,0.0007170069246114904,4024864.583894574,0.011962811994872613,0.03207371751539099,2.011090552051838,4725274.167708912,4578426.993649749,
3127073,Fruta de Leite,7,7,0,0,0,0,False,4270627.752639985,3904335.491248069,1.5092666622994855,1.2963409110274073,1.4738716880172538,0.00038372829235718356,0.0007497326390306087,4408229.101853663,-0.0291516600228581,-0.009486011816017523,1.9665648206840576,4965755.672409444,5013312.009367689,
3127107,Frutal,7,7,0,0,0,0,False,133846085.31887405,112351849.90425894,1.777387575752525,1.663901666752638,1.8726506165301129,0.01104223333357821,0.010108770442975631,137883467.55837065,-0.18730589260669472,-0.17318441329810846,1.412147930858626,129911424.54001378,157122611.89731702,
3127206,Funilândia,7,7,0,0,0,0,False,4518427.767730429,4726848.170421878,1.1956002179147245,2.021699687455181,1.154903205412116,0.0004645669873230728,0.0008104789141093272,4659083.881661826,0.09134442569572734,0.11266520246762529,2.1320776771897947,5901805.141242862,5304205.728869807,
3127305,Galiléia,7,7,0,0,0,0,False,5568888.280036281,5652763.708342028,1.3244240929706366,1.4623403437164821,1.2870192827449183,0.0005555683853918402,0.0010819035795857081,5753770.453066913,0.07654412936361434,0.09914022556652656,2.2596096202912226,7185460.790139908,6537346.757950131,
3127339,Gameleiras,7,7,0,0,0,0,False,6920460.005276075,6023157.724020365,1.667470290317984,1.5613671031322998,1.658487664030016,0.0005919716769261274,0.0007596925557393545,7163338.066620529,-0.13029834225361944,-0.11236382324436363,1.7934519009255814,7211124.165262826,8123963.797442234,
3127354,Glaucilândia,7,7,0,0,0,0,False,3605330.9903341187,3253864.3685295135,1.5986618244506203,1.5604734064971775,1.6077211985757456,0.0003197982910271334,0.0005411387146501941,3729046.4531272086,-0.06421910266879209,-0.04457047521476633,1.9648627454025762,4043680.3322148263,4232316.698736922,
3127370,Goiabeira,7,7,0,0,0,0,False,4754734.450334197,3512878.416701191,1.997554348135034,2.1314081657726924,2.0020857180052585,0.00034525486836897126,0.000603831901582817,4919271.539539777,-0.2303830576572784,-0.2138858258180854,1.6497231839192994,4387780.665063657,5581607.365914612,
3127388,Goianá,6,7,1,0,0,0,False,5498104.645483449,4919244.0746012945,1.6380964146497394,1.646695195714235,1.701968369561409,0.000483476159430023,0.000759956718271367,5677720.873255062,-0.09006569398974447,-0.06302797388672973,2.7037720103014737,6047454.963210269,6454253.483208253,temporal_imputation
3127404,Gonçalves,7,7,0,0,0,0,False,5598386.914715259,6116873.319119117,1.3124926439697788,1.985174361733821,1.2582967031218197,0.0006011822904492462,0.0009182558554667512,5761821.642676302,0.12056358035884968,0.13961162369281602,1.9048043333966342,7489499.508356199,6571975.357786456,
3127503,Gonzaga,7,7,0,0,0,0,False,5432548.146482065,5878770.54946959,1.2983747084240542,1.9745211522752515,1.24124670962718,0.000577780928192356,0.0008978946661263498,5608531.336309733,0.10844980036766878,0.13141769932276456,2.296789895509578,7215385.986763877,6377296.369928461,
3127602,Gouveia,7,7,0,0,0,0,False,8958116.168209959,8211189.629951373,1.5530474449335705,2.7606418610588563,1.4862892244530626,0.0008070171689869411,0.0017783371075939486,9237434.02998434,-0.004806389505864168,0.014810882568624449,1.9617272074488614,10671729.835920233,10515978.907231102,
3127701,Governador Valadares,7,7,0,0,0,0,False,279525584.3282287,242691563.17844862,1.6217609490656837,1.7848311826494496,1.6159088787605604,0.023852360873371628,0.04564615378131244,284654188.4886307,-0.07335390780786809,-0.06262997658550745,1.0723931222360636,307585346.1870437,328136529.3362209,
3127800,Grão Mogol,7,7,0,0,0,0,False,21862900.38882879,20380789.924119342,1.4874225290382628,2.1865344979972203,1.3191270061545384,0.0020030772796045837,0.0021689143657657463,22439022.144995697,-0.08098471497821765,-0.06698995028233538,1.399476469588226,23945676.667361848,25664971.85599231,
3127909,Grupiara,7,7,0,0,0,0,False,2675263.136353845,4028870.6909617367,0.8527023443217452,2.5464188075617034,0.8390504639628833,0.0003959679371396586,0.00034598278522881697,2769038.3081492563,0.44514322855780164,0.47742096881036794,3.22777402525663,4639848.285394482,3140505.2340163602,projection_outlier_30pct
3128006,Guanhães,7,7,0,0,0,0,False,29164243.71067621,27038372.136376865,1.4208505614213995,1.8483282681071214,1.2458508888828992,0.0026574018527012718,0.0054338984274850035,29798437.074199624,-0.0008669072217414377,0.012464750571647762,1.33316577933892,34662800.454380326,34236056.54894095,
3128105,Guapé,7,7,0,0,0,0,False,14743492.851509565,14888519.673580574,1.4069720656430271,1.5289293944742184,1.437456106778315,0.001463282610543063,0.002315672482947723,15222941.109601064,0.036804870230014414,0.0585497968480754,2.1744926618060987,18320810.936189957,17307462.521594897,
3128204,Guaraciaba,7,7,0,0,0,0,False,6157360.918954116,6182481.274591155,1.3984744449674913,1.8715401830446057,1.3938336129681317,0.0006076304117171969,0.001509302106761956,6360895.820474869,0.11420040803945071,0.13832513896492596,2.412473092547525,8227993.769425483,7228157.832749931,
3128253,Guaraciama,6,7,1,0,0,0,False,3938138.110010861,3944200.2427164665,1.338305030266624,1.3282613359592028,1.4026154971439093,0.0003876463042802117,0.0008144115925622167,4071215.455968151,0.06906059695814737,0.09907691981511092,3.0016322856963553,5081033.36749008,4623000.698026506,temporal_imputation
3128303,Guaranésia,7,7,0,0,0,0,False,18129656.459649485,16402562.467440192,1.5118134579597848,1.9096828725590513,1.4997506463063919,0.0016120866918382726,0.003127163918829929,18698198.550031677,-0.04000585735100817,-0.02097131809955294,1.9034539251455231,20836175.471737627,21282497.49669373,
3128402,Guarani,7,7,0,0,0,0,False,9973165.93013859,9127855.193109933,1.4771033685114037,2.5571987131056555,1.353624031687462,0.0008971094553701047,0.0014274498370281928,10262006.837051494,-0.05611600747686642,-0.0398582100106582,1.6257797466208215,11240909.043886397,11707551.07327552,
3128501,Guarará,7,7,0,0,0,0,False,4061355.203855288,4455537.985489236,1.332646404798329,2.2402724936885456,1.3115284487896286,0.00043790191353607744,0.0006466697468410892,4201937.390316052,0.11469635484401781,0.13897578446105374,2.4279429617035926,5430233.208314571,4767645.881851716,
3128600,Guarda-Mor,7,7,0,0,0,0,False,45329384.03377305,34962051.66684544,2.0272661235214318,2.795201400095555,1.9770039348365434,0.0034361617779761185,0.0012841492197354471,46854062.95088825,-0.2610973548276441,-0.2475042617051251,1.3593093122519022,40042103.01378483,53212398.39114389,
3128709,Guaxupé,7,7,0,0,0,0,False,65195014.50357169,61877073.96468683,1.5109095984275793,1.888959105520863,1.3998479966670372,0.006081440486288325,0.008992286850690482,66910682.51548983,-0.029685025915001568,-0.014456069317716152,1.5228956597285415,75426401.8055529,76532764.75797059,
3128808,Guidoval,6,7,1,0,0,0,False,5069966.169567173,5641137.058526358,1.2905745732830514,1.2058056393160534,1.27511895456524,0.0005544256878727354,0.0012213692106709806,5246338.133476291,0.1932712589319586,0.23178020452448767,3.850894559252907,7331136.3705961425,5951659.511711531,temporal_imputation
3128907,Guimarânia,7,7,0,0,0,0,False,13378741.781718295,11869365.710022807,1.4867534751316671,1.8310568417121136,1.4605019405369781,0.00116655227130956,0.0014431925971483024,13830116.500637542,-0.11661071690783748,-0.09907337675929277,1.7537340148544702,14149389.727945738,15705374.181361428,
3129004,Guiricema,7,7,0,0,0,0,False,6000131.312972091,6257627.102735656,1.202742456522758,2.021096870319206,1.1530432177945953,0.0006150159400295802,0.001338490624542163,6193476.757187879,0.128840796680956,0.15194120491020768,2.3100408229251688,8113796.004886138,7043585.1849909285,
3129103,Gurinhatã,7,7,0,0,0,0,False,15622343.214203944,13545287.79522514,1.5812621937774738,2.3462874858193725,1.5194834701282525,0.0013312662722759082,0.0010823845993056822,16132785.68436058,-0.16459014923477092,-0.14936968891323357,1.5220460321537344,15599836.451366236,18339149.50836382,
3129202,Heliodora,7,7,0,0,0,0,False,6045394.299341969,6872124.214883785,1.2566407371420356,2.059201558485049,1.1948555413303614,0.0006754103216168155,0.0010481718209394855,6241529.045665601,0.1646558147692067,0.18828953989186248,2.3633725122655767,8432957.714356119,7096719.638820973,
3129301,Iapu,7,7,0,0,0,0,False,8032660.712962983,7273997.261744833,1.4985435846899038,1.9128685356737303,1.4275578504040478,0.0007149074545763281,0.001772107090724848,8270139.266191955,0.007265770942924384,0.026185219582500856,1.8919448639576473,9676497.635468282,9429581.961241972,
3129400,Ibertioga,7,7,0,0,0,0,False,5170645.622965911,5274263.164371668,1.3093327046833352,0.6189399349457532,1.3853567197533114,0.0005183683630782908,0.0008535144384511329,5352221.140738353,0.05164747081254627,0.07543638711360548,2.378891630105921,6527735.019343512,6069847.6428377945,
3129509,Ibiá,7,7,0,0,0,0,False,69782194.6867483,59237986.78912493,1.783443593867349,1.709879152925347,1.7944752958266845,0.005822064103923091,0.004105374371730367,72025949.64163955,-0.18224452237181954,-0.16723945064085188,1.5005071730967656,68217811.6185646,81917679.30296615,
3129608,Ibiaí,7,7,0,0,0,0,False,5936003.8496506475,6778001.666367213,1.1321633021483974,0.8680341562952922,1.2265589242263126,0.000666159711648607,0.0010996418301542706,6125890.052032044,0.17978313107119934,0.20431009505107142,2.4526963979872085,8392000.80849003,6968305.624087747,
3129657,Ibiracatu,7,7,0,0,0,0,False,5000954.786937486,4032663.5889633275,1.975848524969949,1.5936266527663319,1.9826392458237203,0.0003963407130643961,0.0007894561061011806,5174100.748356251,-0.14216288368072832,-0.12342723898011539,1.873564470061294,5146048.980365562,5870646.692669505,
3129707,Ibiraci,7,7,0,0,0,0,False,31691879.554825157,36182623.185748376,1.2094100133495997,1.6625725899164914,1.21269984714864,0.0035561227356597823,0.002046358244214922,32755789.65689804,0.09927793999677191,0.12005375550622313,2.077581550945122,41669652.58207871,37203261.34101087,
3129806,Ibirité,7,7,0,0,0,0,False,112170527.3402842,119198752.45326701,1.302395771352058,1.5427131160559044,1.2983672978212537,0.011715164803979862,0.02673250276691668,115512477.86669633,0.16135772928833952,0.18437781967931013,2.302009039097061,155955984.09701273,131677562.26576447,
3129905,Ibitiúra de Minas,7,7,0,0,0,0,False,3993020.678462128,4051370.286609111,1.3708884751886508,1.8158038817175475,1.3418806922323037,0.0003981792561812337,0.0006881346384599506,4127860.4914378556,0.05492647512090771,0.07757058232033438,2.2644107199426675,5051034.119788376,4687427.629020807,
3130002,Ibituruna,7,7,0,0,0,0,False,5381656.994716256,4215437.72461678,1.7991276558306462,2.058273455772458,1.7800728346845074,0.0004143042326232494,0.0005633639918794401,5563926.16008424,-0.21093849042449697,-0.1954587851718625,1.547970525263448,5082733.36127122,6317554.983627496,
3130051,Icaraí de Minas,7,7,0,0,0,0,False,6249209.390971184,5597653.317653092,1.5747635829262085,1.6468798816458212,1.5336252978926774,0.0005501519922162008,0.0015702157136187054,6459701.221890918,0.024501769956775377,0.04694005180548259,2.243828184870721,7680330.474212869,7335979.229152506,
3130101,Igarapé,7,7,0,0,0,0,False,60876087.820693925,56246034.57780338,1.3915313153804192,1.805273216176355,1.281146221790031,0.005528007223965342,0.0073597904650975505,62292713.41181733,-0.066122959791876,-0.05348819490308497,1.2634764888791032,67640340.64972964,71462754.3845624,
3130200,Igaratinga,7,7,0,0,0,0,False,15618543.593495049,15241314.611249367,1.3345961168306415,2.478168635996717,1.1997621169950363,0.0014979562187120755,0.001743989533349517,16077192.915478425,-0.03241960516266575,-0.015777753722929135,1.6641851439736617,18045408.904532943,18334689.113959465,
3130309,Iguatama,7,7,0,0,0,0,False,17460789.68232791,15809050.040152164,1.426514117051321,2.3423390438124527,1.3598160001723762,0.0015537547399026566,0.0013520824572401504,18030918.49265701,-0.12754431172225994,-0.11172382680347083,1.582048491878911,18207273.266338356,20497311.32696952,
3130408,Ijaci,7,7,0,0,0,0,False,17275581.714592326,16962653.64023241,1.4544033039514839,1.5758471959029037,1.4041678865224734,0.001667133915567294,0.0011339403955753272,17803721.52642618,-0.05400626182638001,-0.03689739357435615,1.7108868252023859,19531619.477918334,20279894.73562521,
3130507,Ilicínea,7,7,0,0,0,0,False,12657858.50904395,11845887.405670775,1.4855029241757658,3.178900229683513,1.4104101920383763,0.0011642447622195644,0.0020091423890336866,13065001.53058387,-0.025536683149010947,-0.00629876982414943,1.9237913324861515,14765531.366870262,14859125.578678489,
3130556,Imbé de Minas,7,7,0,0,0,0,False,4690413.727210422,4681691.461431347,1.4004840505548148,1.8113722941056059,1.3886276984880412,0.0004601288679892582,0.0010606561366905518,4848585.2611369295,0.09043182231792761,0.11467252648946344,2.4240704171535827,6137499.441804744,5506100.936329805,
3130606,Inconfidentes,7,7,0,0,0,0,False,6953861.23828802,6761958.434057758,1.4269568488177051,3.061124096631558,1.3032131317931024,0.0006645829408634639,0.001271582708563737,7156207.482362819,0.030894122146136533,0.04981172079416171,1.891759864802518,8569795.405673753,8163173.677648477,
3130655,Indaiabira,7,7,0,0,0,0,False,6277213.01409419,5348674.451429846,1.6921186857528205,1.534506097249416,1.7079788889080585,0.000525681698773684,0.0010150396836551376,6488763.1925564185,-0.0973369068580094,-0.0786747656844584,1.8662141173551001,6789110.057647637,7368852.827190075,
3130705,Indianópolis,5,7,2,0,0,0,False,53578965.920824125,56258420.96291612,1.3597743804041937,0.6254829330951729,1.8545289927663875,0.005529224590254289,0.0012117322558013771,55223786.288222596,-0.1384208409481302,-0.005756045479943331,13.266479546818688,62534589.40528883,62896625.240709305,temporal_imputation;projection_changed_10pp
3130804,Ingaí,7,7,0,0,0,0,False,5946233.689397689,5534377.700367923,1.3736027897657683,0.7787300127877801,1.5332175318196744,0.0005439330992386091,0.0005445740844013853,6154791.261526775,-0.09497073972756653,-0.0756651984058195,1.9305541321747026,6452147.605373068,6980314.4858823735,
3130903,Inhapim,7,7,0,0,0,0,False,16699443.726039058,15394235.09830094,1.5140799676358976,1.761177587869594,1.5064738736170924,0.0015129856436921433,0.003564020513843295,17137505.69337184,0.016623805895907975,0.03387846202103909,1.7254656125131118,20267701.947822444,19603563.37069144,
3131000,Inhaúma,7,7,0,0,0,0,False,8237633.5885748435,8506771.165222168,1.2867441952243575,1.9025197727505567,1.1831467533702236,0.0008360676944953216,0.0010902168387510159,8469096.720516006,0.03737811895812514,0.05521543923375661,1.7837320275631472,10204145.058214253,9670200.680179566,
3131109,Inimutaba,7,7,0,0,0,0,False,7100594.741079589,6177653.655336642,1.6338785009402608,2.152989773461342,1.6746197202713364,0.0006071559406844595,0.001174620008473023,7325570.088869943,-0.07730855704068681,-0.05896815686238431,1.8340400178302505,7843900.2528221905,8335424.895579336,
3131158,Ipaba,7,7,0,0,0,0,False,10535551.456118073,8587252.31456883,1.7456185173268322,1.6156359450468976,1.7665787461867193,0.0008439775921142543,0.0026620042305955747,10872954.482594127,-0.043970673629762286,-0.024159494980273137,1.981117864948915,12068940.038642462,12367738.351256987,
3131208,Ipanema,7,7,0,0,0,0,False,15044924.579211738,11952755.489854667,1.8571153881786888,2.6787476892266557,1.6739946139547786,0.001174748036731525,0.0030552234722235633,15452453.71305839,-0.1055058861205286,-0.09050800568922,1.499788043130859,16062824.406825058,17661314.78595102,
3131307,Ipatinga,7,7,0,0,0,0,False,355856880.448982,379982947.16140735,1.2675378990833417,1.790393471694566,1.1601959393323067,0.03734571677202021,0.04378165685820581,363042280.7641331,0.06436976884583022,0.07777993599622056,1.341016715039034,450234196.8103601,417742232.6888992,
3131406,Ipiaçu,7,7,0,0,0,0,False,15587393.788267946,13890218.705318276,1.6722030088124011,4.520079710090361,1.5872002197101236,0.0013651669832696087,0.0007657542783054151,16114540.797887482,-0.1424711284640572,-0.12580233724015769,1.6668791223899526,15996175.657053081,18298122.196475737,
3131505,Ipuiúna,7,7,0,0,0,0,False,10822310.165004253,9569289.072345141,1.6814620825715199,2.2943878865389586,1.6490831948686762,0.0009404947302900592,0.0016587987754316648,11170869.39093305,-0.07672370608939519,-0.05793459568766439,1.87891104017308,11968343.582030851,12704365.882926347,
3131604,Iraí de Minas,5,7,2,0,0,0,False,19256615.024135944,13032267.502284408,2.2793553718037822,2.4138064933502403,2.3208268802118943,0.001280845297593786,0.0012721674958444736,19873146.210415173,-0.3539841049741496,-0.3283969821988042,2.558712277534542,15181881.712601444,22605439.98492797,temporal_imputation;projection_outlier_30pct
3131703,Itabira,7,7,0,0,0,0,False,349911811.30203414,386313779.9432246,1.0998018897166566,1.2086783108799728,1.0571186761220253,0.03796792755744353,0.019992693656709876,358790595.3222098,0.0675387160388703,0.08275202288428242,1.5213306845412125,444754778.04772973,410763285.26542246,
3131802,Itabirinha,7,7,0,0,0,0,False,6554607.029449422,6045877.607955039,1.4535269265169668,2.548289132786592,1.3744960178046837,0.0005942046464760928,0.0016969488339374067,6753841.908086799,0.05751188717895409,0.07823366028269307,2.072177310373898,8296454.986254457,7694487.096682995,
3131901,Itabirito,7,7,0,0,0,0,False,322859106.6405006,303292781.26361465,1.6226015426771507,1.3766359988857175,1.7358056615704307,0.029808406910581526,0.00909888146697074,331550956.21074814,-0.10119184065280953,-0.08790802973569663,1.3283810917112906,345688306.77937263,379005975.3285626,
3132008,Itacambira,7,7,0,0,0,0,False,8147065.253183091,7414983.930673794,1.6381858203021575,1.270653974569215,1.7742262552268135,0.0007287639927335917,0.0007764521916988082,8402072.668535147,-0.10758972723734887,-0.09057357490413154,1.7016152333217336,8697647.05620687,9563882.042783171,
3132107,Itacarambi,7,7,0,0,0,0,False,11226964.944683667,11516699.667284135,1.2844055071038527,1.8835008935571398,1.3003423283930375,0.0011318913312710244,0.0024300233787242515,11584849.023782263,0.10716169343057376,0.1301775002751217,2.3015806844547946,14895052.556534398,13179392.221937228,
3132206,Itaguara,6,6,1,1,0,0,False,13742116.4262396,13386413.94415185,1.3878460846520013,1.8914790088020004,1.259669484653139,0.0013156517351263163,0.0023030575873682494,14064308.116230326,-0.10206308141596424,0.03662058888185166,13.86836702978159,16722702.755776722,16131941.556181733,temporal_imputation;projection_changed_10pp
3132305,Itaipé,7,7,0,0,0,0,False,6181398.798568165,6499342.864579452,1.2587345909930618,1.314448566485927,1.251554420155098,0.0006387723965984509,0.0016536889114726135,6381473.222522578,0.17709759259466648,0.20247362160086008,2.5376029006193597,8725600.75723948,7256376.023968856,
3132404,Itajubá,7,7,0,0,0,0,False,114164310.40528661,114310933.33666189,1.3339122375802883,1.5318982762156468,1.2739659710728002,0.011234777171521023,0.01686055643743379,116531353.74745685,0.028308414930350995,0.041822120223695844,1.3513705293344849,139622994.54363036,134018074.51895058,
3132503,Itamarandiba,7,7,0,0,0,0,False,24874593.949962523,23933312.904007055,1.402296124890283,1.8769886581937867,1.4031817715447834,0.0023522285192169876,0.004999452768968215,25518861.204638354,0.040696217432637766,0.05809603017331486,1.7399812740677096,30896842.668109115,29200414.50590099,
3132602,Itamarati de Minas,7,7,0,0,0,0,False,4512009.313976147,4632150.733587718,1.3769179850806463,1.3210003254164389,1.405132357070027,0.0004552598758290862,0.0007018714855105446,4662171.675631613,0.0502316703107264,0.07217644347734331,2.1944773166616907,5678965.953111662,5296671.072807119,
3132701,Itambacuri,7,7,0,0,0,0,False,13972118.754436374,12642748.745633064,1.628019873816691,2.1433234476488177,1.5002543159330353,0.0012425623765523021,0.003289266411366255,14382855.75676592,0.02041876309947626,0.03983971036373401,1.9420947264257749,17055391.11674293,16401942.47897783,
3132800,Itambé do Mato Dentro,7,7,0,0,0,0,False,3662421.029764547,3793979.3225208414,1.2997967307274785,1.551389888664573,1.3114319821098577,0.0003728821997835038,0.00041876823259604006,3786268.3591815047,0.019364365722159726,0.0407662365852588,2.1401870863099073,4474602.698748105,4299334.991332176,
3132909,Itamogi,7,7,0,0,0,0,False,12779246.347987916,12702352.454044465,1.2794759050153193,2.293082746152338,1.2195318878364612,0.001248420384732729,0.0017772245034553137,13195284.57154564,0.0071369793498723836,0.026952808754980653,1.981582940510827,15405959.276978072,15001623.390713915,
3133006,Itamonte,7,7,0,0,0,0,False,20608067.6124173,22219225.97880433,1.235660394110246,1.7804846461020838,1.2150549230136785,0.002183763578067793,0.0023900595050780245,21260789.89896097,0.059367758325541836,0.0803012148265613,2.0933456501019467,26134557.506576795,24191917.168928307,
3133105,Itanhandu,7,7,0,0,0,0,False,18950541.914889492,17624892.681338716,1.5699329480944724,1.9886709850213287,1.441965294941652,0.0017322204986607846,0.0026128036266699073,19492702.263753727,-0.0492624967843898,-0.031628524874876454,1.7633971909513344,21542526.612383038,22246139.178768687,
3133204,Itanhomi,7,7,0,0,0,0,False,7929774.715774675,7347120.344076818,1.5245991930846388,2.0123665349060587,1.3698625060311145,0.0007220941821457299,0.0018565391682495848,8145005.198099687,0.03998259850585352,0.058053475134042035,1.8070876628188515,9849211.952768343,9308803.556947414,
3133303,Itaobim,7,7,0,0,0,0,False,15082898.632221682,13120496.947972624,1.508862872591652,2.63735218679906,1.3284740561750084,0.0012895167180199897,0.0029913643386592797,15449398.533375347,-0.041375799175276756,-0.027342065218250947,1.403373395702581,17221777.049621325,17705892.723206595,
3133402,Itapagipe,6,7,1,0,0,0,False,28188464.93901749,29158707.970464673,1.302655451051726,1.543675211282619,1.3389063600593558,0.002865793997961865,0.002597333875050328,29024104.78246478,-0.018269118396370288,0.01800200980536683,3.627112820173712,33686281.83357233,33090584.80151022,temporal_imputation
3133501,Itapecerica,7,7,0,0,0,0,False,16535296.994587239,18742267.710655674,1.1460556979455272,1.4136501991350647,1.1358106965220942,0.0018420390357418008,0.0034354726880956275,16977652.251039755,0.197537452989293,0.21850803408752764,2.097058109823463,23652301.86437104,19410870.673563447,
3133600,Itapeva,7,7,0,0,0,0,False,37381257.653184846,28416501.07631341,1.6902203702185579,2.18683325713666,1.7413626585782116,0.002792847965350987,0.0017986576190771144,38502338.222482964,-0.26664527533729476,-0.2543195706134194,1.2325704723875341,32721987.168892574,43882051.7199448,
3133709,Itatiaiuçu,7,7,0,0,0,0,False,157975883.80271053,132136032.19363298,1.7380432016708145,3.006197073507569,1.2881641397680166,0.012986674456171889,0.0019886568888294307,161151859.84070966,-0.22262648479911334,-0.2170493197336136,0.557716506549974,145197191.41992587,185448707.15295228,
3133758,Itaú de Minas,7,7,0,0,0,0,False,27280520.958877493,26352826.9958983,1.4101189010818524,1.627384617030163,1.347618194323822,0.002590024685273092,0.002652184740863016,28022649.089906223,-0.05379427797261948,-0.038559984484695504,1.5234293487923976,30789871.00925478,32024744.666730233,
3133808,Itaúna,7,7,0,0,0,0,False,124197533.57131025,121770039.58645418,1.361778560618198,1.5916993602347986,1.2819277770159547,0.011967877621049408,0.017324661716295306,127386441.94576617,-0.00033064626338049166,0.015208407190863235,1.5539053454243728,148013453.95975506,145796127.09208775,
3133907,Itaverava,7,7,0,0,0,0,False,4596717.559370547,4231794.666402004,1.5961347356710354,2.0930471114292524,1.5756369746591545,0.000415911835595253,0.0009129115102551875,4749127.393877227,-0.0027732460897462786,0.01847755093900322,2.12507970287495,5495817.427253603,5396110.520243316,
3134004,Itinga,7,7,0,0,0,0,False,13021565.424228258,12874930.754136661,1.7918584942036944,2.1587581677627474,1.783602878254941,0.001265381830935477,0.0019533116418440884,13363636.794961784,0.014591508867604464,0.03279120335438286,1.8199694486778397,15787332.064147886,15286083.007748818,
3134103,Itueta,7,7,0,0,0,0,False,8623611.466791848,7060062.577624061,1.8728396009494024,1.350656365819471,1.9469935245420278,0.0006938813949055707,0.0010537279408662176,8908876.62741553,-0.16335936733839654,-0.14677917922043177,1.6580188117964774,8637412.133548299,10123302.107954297,
3134202,Ituiutaba,6,7,1,0,0,0,False,117786354.67188758,130717169.62367126,1.2300179214693399,1.4983826543157253,1.1223161390627436,0.012847224935944595,0.018059249098958185,120655740.48288435,0.09118652608629761,0.1447109053333102,5.352437924701261,158279189.49417728,138270011.0191494,temporal_imputation
3134301,Itumirim,7,7,0,0,0,0,False,5364829.687360528,5017326.457190872,1.4519140635442933,2.2189358254516796,1.411813533324594,0.0004931159522361969,0.0010519373016506372,5551065.456579327,0.007367344412927812,0.02917188829454488,2.180454388161707,6481520.077102812,6297801.320480517,
3134400,Iturama,6,7,1,0,0,0,False,82093986.19085264,99334529.96070215,1.0557475889796253,1.5852673223657652,1.0199408451217213,0.00976285712110744,0.006996468016960984,84572559.83987877,0.14284709616646818,0.18486907180214054,4.202197563567236,114186490.09273297,96370555.03445598,temporal_imputation
3134509,Itutinga,7,7,0,0,0,0,False,12995952.59254883,10074257.646672707,1.9260253428909468,1.5162157264060605,2.0239528966960445,0.0009901243610313502,0.000764080682719022,13435372.685982613,-0.25401774375867625,-0.2395058801642545,1.4511863594421748,11602110.438943055,15256015.972153636,
3134608,Jaboticatubas,7,7,0,0,0,0,False,14761443.677006021,14167422.149293255,1.3518104352301905,1.4924566535724284,1.3673209820572703,0.0013924112619517273,0.0033042026498491775,15167972.951677613,0.059072499361402325,0.07798630103962542,1.8913801678223097,18679923.44248625,17328535.088498864,
3134707,Jacinto,7,7,0,0,0,0,False,8847587.147428423,7365668.513090165,1.8073887621361564,4.315628330393283,1.4105617593180617,0.0007239171446544073,0.0017223373275236764,9060732.072389591,-0.07774772793226957,-0.06445390976157814,1.3293818170691432,9716795.295233741,10386228.318005623,
3134806,Jacuí,7,7,0,0,0,0,False,9998679.803075047,8797648.107318211,1.505310459354064,1.8571970811508072,1.520983384405202,0.0008646558402954955,0.0012355185719771721,10330648.65762679,-0.10856448805368278,-0.09048876538276987,1.807572267091291,10675389.881399501,11737501.940690445,
3134905,Jacutinga,7,7,0,0,0,0,False,37847874.41840107,32713306.0606078,1.5214455355456613,1.5990935040246341,1.5039025485827067,0.003215149184831503,0.0044249567575997285,38969310.45922792,-0.1261125052235868,-0.11086944521188886,1.5243060011697938,39503906.552915916,44429815.554286174,
3135001,Jaguaraçu,7,7,0,0,0,0,False,7052095.074985161,5936590.655859848,1.8168113943746638,5.639711357928319,1.5441653132072253,0.000583463639306393,0.0006095662765091159,7258453.053078412,-0.1735804713123845,-0.16049426747570333,1.3086203836681158,6949840.556016639,8278490.88667837,iss_2025_anomaly
3135050,Jaíba,7,7,0,0,0,0,False,44157335.04264887,40323175.7458276,1.4446969593250614,0.9862815046529294,1.8873542342609626,0.003963067058670936,0.005372518837172108,45317705.13540886,-0.07841316387154172,-0.06242148837687098,1.5991675494670738,48600811.036364675,51836524.01784178,
3135076,Jampruca,7,7,0,0,0,0,False,3921348.971170527,4590367.789542529,1.2318573525994045,0.9052705469813063,1.2913267166199283,0.0004511533389282343,0.0007971327745131403,4053493.4447841556,0.22103546366350146,0.24753907991384708,2.650361625034561,5742786.468017296,4603291.841097181,
3135100,Janaúba,7,7,0,0,0,0,False,67706661.0975608,60793506.23968654,1.7400337546985822,1.6600961882315628,1.9504453674018127,0.005974944619398873,0.01097034109064399,69096511.51102188,-0.05011629491694648,-0.03720766823007932,1.290862668686716,76523889.57810417,79481199.68657078,
3135209,Januária,7,7,0,0,0,0,False,43900593.98218388,34293610.03597871,1.9253737195124123,2.4296693416751114,1.9812489375034987,0.0033704655881563886,0.009435220339656917,45197653.89791459,-0.1078130298396907,-0.09102899788314177,1.6784031956548928,46843942.72245937,51535134.35892542,
3135308,Japaraíba,7,7,0,0,0,0,False,7154793.311733058,6462487.223905204,1.5541381818031244,2.131751703620403,1.5127065791944674,0.0006351501279457286,0.0008459649547051675,7393666.203862036,-0.09268444076853163,-0.07465103864722576,1.8033402121305873,7772051.155627646,8399048.878020708,
3135357,Japonvar,7,7,0,0,0,0,False,5637517.635512136,5275361.763649242,1.5189640428852114,2.2954836074630935,1.4564774033399515,0.0005184763362854379,0.0011683694996954476,5825883.134082413,0.019116222877928524,0.040425573574093626,2.1309350696165104,6885443.965959319,6617911.113340174,
3135407,Jeceaba,7,7,0,0,0,0,False,36373118.2570919,57555425.21533849,0.8501327422760556,0.7156598859451248,0.9619414775008721,0.005656697556672692,0.0009654418410448445,37298350.86264143,0.45810978820837944,0.4830673757042397,2.4957587495860247,63324888.29147587,42698591.668099925,projection_outlier_30pct
3135456,Jenipapo de Minas,7,7,0,0,0,0,False,5730598.3041734155,7594604.366531859,0.9935390677762295,0.7408461685064661,1.1912200484499722,0.0007464175584373514,0.0010314126404180593,5872351.816543825,0.3406398961656276,0.36398383522335753,2.334393905772991,9175763.401410896,6727178.991757135,projection_outlier_30pct
3135506,Jequeri,7,7,0,0,0,0,False,13029946.4199588,13161680.423174938,1.317547602428074,1.6315848472874048,1.304635409783462,0.001293564337556821,0.0018031105944857821,13475188.404406456,0.01925202307020733,0.040773487107946274,2.1521464037738944,15919589.560154524,15295921.501989016,
3135605,Jequitaí,7,7,0,0,0,0,False,7052784.201247158,7263072.631525417,1.3767979010957114,1.4638662926216175,1.3316391052176997,0.0007138337533772054,0.0010908966684846193,7278061.856484454,0.05275002424719562,0.07419193833644702,2.1441914089251406,8893557.159914756,8279299.855561949,
3135704,Jequitibá,7,7,0,0,0,0,False,7510616.288001358,7432660.0520212455,1.3050929782391043,1.8789756733797693,1.2750069822955337,0.0007305012481193956,0.0009264444192243253,7748282.266097616,-0.01063053010001839,0.007870112515587294,1.8500642615605682,8886140.135251457,8816751.310416527,
3135803,Jequitinhonha,7,7,0,0,0,0,False,15359025.687711973,14172938.86880848,1.612534116702112,1.462038842914714,1.7106515281239805,0.0013929534595583971,0.003477091911803885,15822326.378743146,0.026587202240210148,0.04722591718102185,2.06387149408117,18881524.86369582,18030039.701960497,
3135902,Jesuânia,7,7,0,0,0,0,False,5472251.406103656,5257871.332464047,1.371062698125101,3.7658608329546257,1.2991533533774284,0.0005167573310139057,0.0008564340909535462,5656223.334268418,-0.006143834078988261,0.013987367398217711,2.013120147720597,6513757.740390798,6423904.231770065,
3136009,Joaíma,7,7,0,0,0,0,False,8387482.916011906,9094565.658469254,1.2994979816049548,0.8661565384737133,1.3663144223449681,0.0008938376729349969,0.0020442283195589986,8657482.150025705,0.18299042871877297,0.2090324024355058,2.6041973716732834,11904265.521092363,9846109.580778899,
3136108,Joanésia,7,7,0,0,0,0,False,5108968.897079554,5223429.89596952,1.3332530922062382,1.268049101828691,1.3807478881248596,0.000513372336655199,0.0007435028539807558,5278891.947730532,0.03671773951195892,0.05871019419027825,2.199245467831933,6349556.176779501,5997445.015286514,
3136207,João Monlevade,7,7,0,0,0,0,False,143592498.97243285,131345080.84464468,1.5419699110080962,1.7163966177512995,1.4668408330821625,0.01290893769119223,0.01363946791615061,147100983.00191283,-0.09918819357041218,-0.0867789186728278,1.240927489758438,153936177.62289852,168563977.30020106,
3136306,João Pinheiro,7,7,0,0,0,0,False,80917118.2620053,79679528.51608406,1.354965775645002,1.48067434756789,1.35560239358282,0.00783111222942798,0.007477120015027369,83178713.37046239,-0.04246970301633586,-0.02639780467744362,1.607189833889224,92481521.99149,94989023.68523388,
3136405,Joaquim Felício,6,7,1,0,0,0,False,9649184.086322393,10098516.073697511,1.1926221903308205,1.1329507201039235,1.26360580232747,0.0009925085426157364,0.0007315851794243937,9876048.513409551,-0.043437320794839175,0.021560934163669433,6.499825495850861,11571452.708965389,11327227.110968858,temporal_imputation
3136504,Jordânia,7,7,0,0,0,0,False,7464172.763881695,5580079.759890526,2.09221770753158,2.442230634512133,2.1338775372302936,0.0005484248170474722,0.0015757075730966127,7703852.7844381,-0.1427047824846716,-0.1248781269439178,1.7826655540753813,7668020.019935712,8762231.017215481,
3136520,José Gonçalves de Minas,7,7,0,0,0,0,False,5567081.566210789,4076581.112785854,1.9732647976884088,7.80967160962096,1.5568483832529398,0.0004006570420424643,0.0007085075831177258,5718454.707380417,-0.2304424732392137,-0.2195086350078881,1.0933838231325628,5100687.342047866,6535225.847244853,iss_2025_anomaly
3136553,José Raydan,7,7,0,0,0,0,False,4582752.508316322,4684510.067030713,1.3508236847723645,0.6890387578356545,1.405413765919566,0.00046040588791131597,0.0007547531977531107,4746315.07876609,0.05282261105616126,0.077019212799817,2.419660174365573,5794058.433339771,5379716.874574176,
3136579,Josenópolis,7,7,0,0,0,0,False,5813796.935006166,5654734.144568971,1.40255858743371,1.1041828809058232,1.5028110968888955,0.0005557620450120902,0.0006804219502008605,5997550.123891598,-0.030962458964711066,-0.013473823965429725,1.748863499928134,6732889.517282744,6824846.294850677,
3136603,Nova União,7,7,0,0,0,0,False,5508400.67600309,6514025.626381927,1.112885188120744,1.2313161183267853,1.202168505913833,0.0006402154567878687,0.0009982114735669833,5677089.80136882,0.2121380709861016,0.23699054535838543,2.4852474372283826,7998801.500831809,6466340.046693216,
3136652,Juatuba,5,7,2,0,0,0,False,60189678.39803302,69976958.3115625,1.189020861931356,1.8521646784170527,1.14828477494052,0.0068775182812638065,0.004478892438379652,61991078.656729124,0.08542226011192644,0.137330658601555,5.190839848962855,80360343.69855803,70656974.81273206,temporal_imputation
3136702,Juiz de Fora,7,7,0,0,0,0,False,601041188.4932258,619430514.6343237,1.3208469298147543,1.4892234488442477,1.2403362264285411,0.06087924927234646,0.10392391602175514,611682702.8550158,0.08018115763958603,0.09247832014164516,1.2297162502059131,770814859.4169631,705565360.1592965,
3136801,Juramento,7,7,0,0,0,0,False,4978974.598535118,4559948.447933917,1.5673528946811506,1.749712857217819,1.5048141660084822,0.0004481636465628451,0.0006785850031453026,5135744.4329134,-0.06388726068195459,-0.04591714428968717,1.7970116392267421,5576465.488864826,5844844.035807727,
3136900,Juruaia,7,7,0,0,0,0,False,10474597.867875751,10850331.750956338,1.2464737529990324,1.9992487205399816,1.2045988959954654,0.0010663989515338668,0.001869663254019331,10814561.203218691,0.0805628371015298,0.10260753680260941,2.204469970107961,13557865.834524259,12296184.61872659,
3136959,Juvenília,6,7,1,0,0,0,False,5020601.107703351,5137842.98943047,1.3135542311249837,1.4333004040579045,1.3309205028345148,0.0005049606318803449,0.0008501375507602737,5196893.557396587,0.05667109388698496,0.08252182512119735,2.585073123421239,6380069.284011853,5893709.610240469,temporal_imputation
3137007,Ladainha,7,7,0,0,0,0,False,8160969.4805947915,7521396.847015679,1.5479658565399028,1.1760084099831027,1.631682313226618,0.0007392225321608904,0.002263449687799939,8439585.122320356,0.07076128244244251,0.09535932592156056,2.4598043479118052,10493766.110288044,9580204.28726373,
3137106,Lagamar,7,7,0,0,0,0,False,11499893.220928919,11667184.33124035,1.372455215406635,2.09761766152104,1.32653298756903,0.0011466813571935673,0.0012883247467113089,11885675.140350128,-0.0020395059813904754,0.019337240901725578,2.1376746883116056,13760832.715171272,13499784.137189152,
3137205,Lagoa da Prata,7,7,0,0,0,0,False,53398315.10577632,56021462.423411675,1.2767054523248063,1.7414932497387043,1.248081003175552,0.005505935685925418,0.008579811302259576,54824884.78355826,0.07889990099826959,0.09732187004491721,1.8421969046647626,68785136.75258246,62684558.314477816,
3137304,Lagoa dos Patos,7,7,0,0,0,0,False,4666471.966642683,4097860.531203435,1.5651213215389217,1.4334714857415118,1.5976418896311961,0.0004027484388781194,0.0006208738560709781,4830977.5761566125,-0.10240122303476,-0.0828971171282257,1.95041059065343,5023885.538553555,5477995.579756535,
3137403,Lagoa Dourada,7,7,0,0,0,0,False,16393820.27727582,14063034.198052378,1.6579645082335701,2.4565616500259915,1.606104590218352,0.001382151741384881,0.0019886249140462155,16908449.158806305,-0.12865914645005644,-0.11248397004757564,1.6175176402480798,17080059.993753072,19244790.423299346,
3137502,Lagoa Formosa,7,7,0,0,0,0,False,23602797.140692104,21572187.28305162,1.438958151084882,1.5541283459031714,1.4790882290953784,0.002120170924627338,0.0031442314106684276,24375191.856690716,-0.06931017639617153,-0.05056697347489689,1.874320292127464,26306363.983526494,27707445.652914573,
3137536,Lagoa Grande,7,7,0,0,0,0,False,19119693.813822288,16885076.336510036,1.6747291227692194,1.6298574627455868,1.6839080076761372,0.0016595094154827621,0.0015520797582824568,19706185.825148553,-0.14395797572573776,-0.12846848059356428,1.5489495132173485,19561270.00212548,22444707.467892677,
3137601,Lagoa Santa,7,7,0,0,0,0,False,98474952.95978746,89553839.29121716,1.508538206946694,1.9268882855764544,1.278341066868515,0.00880158528955293,0.014182241895647457,100068856.98291796,-0.053539588250558136,-0.044240211596280526,0.9299376654277609,110486076.84270029,115600256.65782689,
3137700,Lajinha,7,7,0,0,0,0,False,19492680.46181076,16391851.746672163,1.7135850056252273,2.597262730278944,1.4728498599180095,0.0016110340142188818,0.0032461976872656187,19913677.763451144,-0.09591368747439816,-0.08403252752458983,1.188115994980833,20959679.202763572,22882558.4233028,
3137809,Lambari,7,7,0,0,0,0,False,13903431.843228608,14672914.99198631,1.2881713158135035,1.7743704377036895,1.2822209619420446,0.0014420924191576566,0.0032758817781662875,14304553.998824403,0.15303736887707,0.1752024759487672,2.216510707169719,19180844.579214726,16321310.55861638,
3137908,Lamim,6,7,1,0,0,0,False,3775954.771550652,3537692.4432299323,1.6060968577059922,1.4475617495660285,1.6079297718866041,0.0003476936557241368,0.000584705647077695,3906335.0204395405,-0.03836874831022381,-0.009097867172325146,2.9270881137898668,4392285.515260085,4432612.838087347,temporal_imputation
3138005,Laranjal,7,7,0,0,0,0,False,8124290.636916468,6828743.105353802,1.9416571485657521,7.743889775096128,1.620819598723593,0.0006711467128368286,0.001090004168059444,8344207.719349505,-0.1291642958306129,-0.11560670257423668,1.355759325637622,8434588.709087655,9537146.80294223,iss_2025_anomaly
3138104,Lassance,7,7,0,0,0,0,False,18463680.574284904,16208876.652446697,1.6641757199683367,1.7573740020769786,1.647514170709276,0.0015930507439265566,0.001069772931550042,18965110.451201476,-0.1524055294949069,-0.13900203710415332,1.3403492390753584,18661795.170782298,21674610.13266042,
3138203,Lavras,7,7,0,0,0,0,False,104108487.15745637,96245224.86108823,1.4515357094885442,1.7206095631547789,1.4403594784434246,0.009459232144948888,0.019131438105846037,106197001.3212226,-0.005112124905828124,0.007630906950029199,1.2743031855857325,123146091.37526132,122213491.5928779,
3138302,Leandro Ferreira,7,7,0,0,0,0,False,3964240.261254426,3893564.2509269635,1.3226006975724447,1.9543385350573692,1.3016201450849545,0.00038266966671800587,0.0006378017360542828,4101920.4046685863,0.01567371955875401,0.03739064029580425,2.171692073705024,4827644.808024926,4653642.148389115,
3138351,Leme do Prado,7,7,0,0,0,0,False,6741659.678515757,5673538.836656986,1.7294399812033479,4.34567865202968,1.6698222861004384,0.0005576102192787258,0.0007697639873006672,6965382.228960814,-0.15030990687729204,-0.13396124505705928,1.6348661820232757,6853890.609638696,7914069.168983398,
3138401,Leopoldina,7,7,0,0,0,0,False,42615495.17213896,38223290.469441935,1.6698776726017757,2.3556203307592316,1.5176388280130795,0.0037566848476494425,0.008367835724643474,43634320.58607456,-0.019961873156616423,-0.004955007347646233,1.5006865808970191,49778668.294513285,50026550.218422964,
3138500,Liberdade,7,7,0,0,0,0,False,5071812.122366469,4473557.643518331,1.6308013472473768,1.762923675903439,1.6427671176272032,0.0004396729326044605,0.0008591770733380964,5240920.193256462,-0.06429040309055703,-0.04433185034328566,1.9958552747271368,5689882.340537084,5953826.485251128,
3138609,Lima Duarte,7,7,0,0,0,0,False,12085391.891990144,11993015.292985244,1.318429390112929,1.8366298849976739,1.2482443443484883,0.0011787048753640048,0.0027052823364034796,12420581.687942404,0.08792419615678244,0.10727258528200119,1.9348389125218746,15708991.385462582,14187104.055738725,
3138625,Limeira do Oeste,7,7,0,0,0,0,False,29974612.7461408,29170157.40272106,1.359243396085565,2.022784476009104,1.3530828971860442,0.0028669192780762538,0.001469191550025578,30915233.375021886,-0.06343605260848074,-0.04550767035386581,1.7928382254614932,33586058.49270417,35187352.95144359,
3138658,Lontra,7,7,0,0,0,0,False,6282127.129813843,6056602.164330435,1.5604616334240735,2.5532603973922825,1.5367239285762029,0.000595258683895122,0.001366182647345567,6501070.449580859,0.05118183162423653,0.07574255303913591,2.456072141489938,7933194.19566325,7374621.53305247,
3138674,Luisburgo,7,7,0,0,0,0,False,5944891.250510461,5825886.680221506,1.470734848099335,1.3258613670756938,1.4836595643886363,0.0005725833633608255,0.0010407452361653141,6147223.9000613885,0.02636889823181119,0.04909977528649388,2.2730877054682694,7321393.086477345,6978738.589928664,
3138682,Luislândia,7,7,0,0,0,0,False,4366176.972442012,4041875.8011554917,1.517610679780591,2.53802826323293,1.4946793691880012,0.0003972461133460203,0.0009203910903587149,4512320.998833553,0.013101243245545903,0.03483753650205527,2.1736293256509365,5304036.750342495,5125477.732737771,
3138708,Luminárias,7,7,0,0,0,0,False,7790327.664839499,7172909.537289945,1.5216343315065706,1.6159177402129574,1.5055216578221504,0.0007049722889200213,0.000971450566001133,8062519.875446992,-0.07215662463507536,-0.052692770289662086,1.946385434541327,8663224.975836232,9145105.942541178,
3138807,Luz,7,7,0,0,0,0,False,27467992.08871341,24595643.41529733,1.5877257236349633,1.9234039624328185,1.5003041197207008,0.002417324092239129,0.0032678356596607156,28217680.193694673,-0.09584583397018553,-0.08096011208024559,1.4885721889939947,29634273.916825995,32244817.99577071,
3138906,Machacalis,7,7,0,0,0,0,False,5927496.229885609,5616326.490616625,1.4311507987659577,3.510591546327665,1.2248356313758086,0.0005519872404396818,0.0010657280320143315,6094105.9095519455,0.00774868980561109,0.024489423138670342,1.6740733333059254,7128723.690957105,6958318.485238468,
3139003,Machado,7,7,0,0,0,0,False,45744150.35837852,47695104.27396202,1.3128084641110593,1.522929128859172,1.271782942968726,0.004687599453958504,0.006591084715476699,47106613.27629661,0.05620596457135054,0.07550243390583826,1.9296469334487718,57753722.17581515,53699294.72504715,
3139102,Madre de Deus de Minas,7,7,0,0,0,0,False,11955363.772268094,10347064.262767319,1.5180273102098836,1.976201943846747,1.506708813095816,0.0010169365079824473,0.0009782612491081697,12355046.066027103,-0.15963457297028064,-0.14369568924273202,1.5938883727548618,12017771.485811342,14034463.373404592,
3139201,Malacacheta,7,7,0,0,0,0,False,10978529.939782813,9515911.466390578,1.595133156715862,1.5462260218315325,1.6120396385511033,0.0009352486397251033,0.0026396705457751137,11318291.708360925,-0.009328838809605267,0.010480910858677023,1.9809749668282293,13022828.475860534,12887753.084612075,
3139250,Mamonas,7,7,0,0,0,0,False,5248648.388646298,4979584.915650821,1.4456900392843326,1.0619382337573902,1.4331924863814376,0.0004894066149319219,0.0009534782611565677,5435295.847283254,0.004718875422118367,0.027398265912853728,2.2679390490735365,6330227.593027974,6161415.492952485,
3139300,Manga,7,7,0,0,0,0,False,12799107.690486412,11442287.626428034,1.6844713963344344,2.642064992425691,1.58271605971362,0.001124577921490402,0.002575205038030756,13166751.804331828,-0.02094987663967083,-0.0029243790703346513,1.8025497569336177,14981000.107073251,15024938.72340905,
3139409,Manhuaçu,7,7,0,0,0,0,False,78487750.3079122,72213480.80641095,1.4979533702644299,1.9078167775681982,1.4715804903921876,0.007097329555087586,0.01451567219943592,80331900.78481908,-0.010058209204096438,0.004805707108091353,1.486391631218779,92579960.35960342,92137176.0776078,
3139508,Manhumirim,7,7,0,0,0,0,False,13319695.957878299,14899235.693036063,1.218574425785896,1.7672950181696796,1.104784152264905,0.0014643358089313006,0.003431045992604201,13712360.203753293,0.22926880532292268,0.2532050762355437,2.3936270912621045,19595189.743434057,15636059.983331157,
3139607,Mantena,7,7,0,0,0,0,False,16780492.982986182,14169918.262678236,1.719624472820212,1.5265696250530978,1.8172163136577286,0.0013926565864964277,0.0044163789178365475,17308259.427816562,-0.00836943470057288,0.012351419993780454,2.0720854694353337,19942014.52248618,19698707.512662645,
3139706,Maravilhas,7,7,0,0,0,0,False,9513364.064232443,8544838.245037224,1.5928122820893602,1.9989969629706188,1.585585844546449,0.0008398090265517495,0.0012834623713662574,9828440.743529242,-0.0817341426611732,-0.06309823335932445,1.8635909301848748,10463119.636301693,11167787.284485452,
3139805,Mar de Espanha,7,7,0,0,0,0,False,9992044.84708235,9060631.751073124,1.591666034822011,1.4290856236684781,1.637809861173464,0.0008905025598620265,0.0021043416988643193,10315287.255986162,-0.0032906599304599283,0.017634401954571294,2.092506188503122,11936559.607703403,11729713.131530186,
3139904,Maria da Fé,7,7,0,0,0,0,False,9718803.00585201,9227640.106365858,1.482833059129397,2.3784969040936828,1.3854839065967794,0.0009069165773381161,0.002277930413176085,10011926.962647257,0.05829942523527804,0.07890969672939767,2.0610271494119625,12309230.151476253,11408953.120720299,
3140001,Mariana,7,7,0,0,0,0,False,323423047.3969254,280157944.69692785,1.9699825051941302,1.414863370725643,2.30766905812564,0.027534654731856883,0.010316921081692961,330928550.81408644,-0.16140588072361925,-0.1505575388400098,1.0848341883609447,322506110.40488183,379667988.2996085,
3140100,Marilac,7,7,0,0,0,0,False,7850353.247207468,5448670.820298328,2.262383894310851,1.80272897141999,2.3195364576658406,0.0005355096031517361,0.0007027472834869814,8113417.926043123,-0.3032807523783544,-0.29023406729754453,1.3046685080809861,6540897.838132789,9215570.284175405,
3140159,Mário Campos,7,7,0,0,0,0,False,12539317.837708447,10465909.826562094,1.7449024194621858,3.25408923388761,1.4603456269336983,0.0010286169604823469,0.0026082637775517244,12851223.866987044,-0.06403442577265964,-0.04966230702013629,1.4372118752523346,13988942.39841171,14719970.07142609,
3140209,Maripá de Minas,7,7,0,0,0,0,False,6363884.8878066735,5204561.97439295,1.740068202974721,1.4703956010133996,1.824452095494601,0.0005115179480292379,0.0006256676574080811,6570544.364617913,-0.18613666758308897,-0.17058547647047262,1.5551191112616354,6196221.973103751,7470597.38806607,
3140308,Marliéria,7,7,0,0,0,0,False,8801376.46423389,9239644.80681174,1.2951817046221827,1.0230550322709397,1.3216841826382282,0.000908096430660835,0.0007876512295926734,9102137.671849087,0.008511643540389779,0.02979964633503834,2.128800279464856,10639870.748378739,10331981.357970994,
3140407,Marmelópolis,7,7,0,0,0,0,False,3742547.1205693353,3250986.4371021655,1.6396541250104635,2.5651128291141556,1.6218345008237802,0.00031951544040770974,0.0005519919770309782,3873463.0929400995,-0.09666686459144437,-0.07749337806894668,1.9173486522497687,4052936.3712112373,4393395.42379366,
3140506,Martinho Campos,7,7,0,0,0,0,False,22550508.572665982,20449249.842368755,1.4662729072834377,1.4784304961662953,1.4997582900978246,0.0020098056992251946,0.0022923488033166016,23172961.720320113,-0.10227910731876842,-0.08743212826575343,1.4846979053014993,24157641.488356058,26472158.659768295,
3140530,Martins Soares,6,7,1,0,0,0,False,10740092.566978196,8223858.1031830255,1.818946459836781,2.574409754429945,1.777646201794159,0.0008082622596331861,0.0012897982854022723,11099849.853377702,-0.21598158917667504,-0.19638539157146923,1.9596197605205812,10131852.617123716,12607850.219319139,temporal_imputation
3140555,Mata Verde,7,7,0,0,0,0,False,5945427.190424473,5614231.977876683,1.505858892943888,2.3709301905938704,1.4481376544830804,0.000551781386255578,0.0013191626681221737,6138295.736342839,0.04018929916537154,0.06220390020003777,2.201460103466623,7413511.626461861,6979367.732565964,
3140605,Materlândia,7,7,0,0,0,0,False,4569856.66207532,4555135.049752,1.4796331155697613,1.8450591025055199,1.4987005053365936,0.00044769057321427595,0.0007062645680430995,4729066.225563776,0.021807210818789047,0.04439434909258702,2.2587138273797973,5602735.339034307,5364578.373965921,
3140704,Mateus Leme,7,7,0,0,0,0,False,41676853.69255598,32725794.64919315,1.9383452275705844,2.562516990578825,1.8534459963503267,0.003216376595944752,0.005261795952238475,42778861.38928648,-0.18602132386272996,-0.17291765115737584,1.310367270535412,40464734.39601447,48924674.13025886,
3140803,Matias Barbosa,7,7,0,0,0,0,False,30708271.68857716,32197204.007241268,1.2706197745566168,1.9936062317276295,1.1814793342514434,0.003164425326683476,0.0024218783943200147,31491231.184263453,0.01271788593421347,0.0282362476824902,1.5518361748276728,37066476.148320705,36048598.978944466,
3140852,Matias Cardoso,7,7,0,0,0,0,False,12110908.14141525,11802069.35587074,1.5104192629767919,1.7469824589701364,1.4879379239175177,0.0011599382098083078,0.0014454300646154828,12521485.697512686,-0.030409295650063874,-0.009572416664353501,2.083687898571037,14080966.112756679,14217057.712925967,
3140902,Matipó,6,7,1,0,0,0,False,15307937.441133589,15431808.617282752,1.3333527685516129,1.4765276520646613,1.2622263882286546,0.001516678467300427,0.002693013621638374,15663721.341328643,0.040559207067641385,0.075175027754453,3.461582068681162,19320967.22638227,17970066.945039544,temporal_imputation
3141009,Mato Verde,7,7,0,0,0,0,False,7505105.5062065795,7215981.439533049,1.4220900173999582,1.3669864231449265,1.4175815443676272,0.0007092055080000338,0.0018235377555483024,7737979.843298031,0.0760504266474655,0.09798607735007264,2.193565070260714,9673567.165853597,8810282.175162189,
3141108,Matozinhos,7,7,0,0,0,0,False,47987926.88359143,44430341.90357191,1.4355313912767038,1.5780760760260326,1.4873382511496673,0.004366730078836921,0.005890239745321395,49305742.2823537,-0.06586965198882104,-0.049980768450971054,1.5888883537849987,53517695.19074392,56333275.59430776,
3141207,Matutina,6,7,1,0,0,0,False,6110062.378885335,5194331.905038521,1.600271085415735,0.830029260917589,1.8397903872130894,0.0005105125100865021,0.0007883132301699233,6326282.562131346,-0.13985057645354343,-0.11195526402585387,2.7895312427689554,6369619.71749197,7172633.831903499,temporal_imputation
3141306,Medeiros,7,7,0,0,0,0,False,12553669.676636541,11359914.90728116,1.53727051879331,1.9363702889016001,1.5398327949694997,0.001116482115449681,0.0007874462000241954,12991187.899825118,-0.12973923647498395,-0.11222375238200574,1.7515484092978206,13082996.781131325,14736817.769381091,
3141405,Medina,7,7,0,0,0,0,False,14103850.05655101,10571767.427405523,2.0734756393004803,2.9900440648805358,1.9390817439170913,0.001039020922051667,0.0028366165418066127,14499411.712858193,-0.14750817797842034,-0.13272248175103196,1.4785696227388372,14359151.812447846,16556582.535932617,
3141504,Mendes Pimentel,4,7,3,0,0,0,False,4834909.551836414,4481457.580875824,1.5546715800970279,2.467296447681779,1.490095518721509,0.0004404493590869477,0.0009942150873418665,4993949.984591164,-0.009211739375899527,0.03090486019529185,4.011659957119138,5851132.830188541,5675725.332287325,temporal_imputation
3141603,Mercês,7,7,0,0,0,0,False,9402556.462399222,7463626.413644,1.8234665705542832,2.6359058674136153,1.779182019961747,0.0007335447030408927,0.0016925004251671081,9690399.33925594,-0.12987550038223636,-0.11337637734742258,1.649912303481378,9786294.131206078,11037709.667522391,
3141702,Mesquita,7,7,0,0,0,0,False,5466329.671039909,4572921.383774824,1.7187467546345472,2.012004893957846,1.7649683495656088,0.0004494386605897517,0.0009008765288698938,5651516.335122465,-0.10835826001582245,-0.08961877365536396,1.8739486360458497,5841873.246888784,6416952.676347557,
3141801,Minas Novas,7,7,0,0,0,0,False,17116808.023043737,14507407.151617456,1.6479814684838623,2.9663701271790464,1.4751840608472642,0.0014258258762084584,0.004057552321280424,17577075.613501504,-0.026409445612702864,-0.010052563843331015,1.6356881769371847,19891518.19097009,20093509.477832578,
3141900,Minduri,7,7,0,0,0,0,False,6076734.855097733,5475009.31886821,1.618247612080899,1.4090983946582643,1.5625951838461902,0.0005380982196018666,0.0007207706698639075,6276883.913654465,-0.09421986719305829,-0.07632022210017746,1.7899645092880834,6589079.3752000425,7133510.479336984,
3142007,Mirabela,7,7,0,0,0,0,False,8954291.688196845,7421167.990371184,1.7324953754038763,2.236369029806536,1.6539180162266178,0.0007293717782768253,0.001970533012699035,9222279.003354196,-0.06104574736988247,-0.043296589242319466,1.7749158127563003,10056377.694499278,10511489.33036094,
3142106,Miradouro,7,7,0,0,0,0,False,9380295.076670263,8701870.533117358,1.5971744244360453,3.503937517881104,1.4255713556421432,0.000855242570079196,0.0015594246840787008,9649191.868824301,-0.023501321533062572,-0.0063909845676679514,1.7110336965394621,10941202.093556253,11011576.91166439,
3142205,Miraí,7,7,0,0,0,0,False,13407846.989345547,11182362.148442475,1.7536147645007507,1.6844756194548534,1.8338540959882526,0.0010990317664452986,0.0022622190046376785,13836475.24351167,-0.10620240846403797,-0.08812459800099749,1.807781046304048,14352500.217516618,15739540.935146661,
3142254,Miravânia,7,7,0,0,0,0,False,5019014.816932456,4027911.654928175,1.8862041191552614,1.5518287224906548,1.9318819519391202,0.00039587368057274923,0.0007125312255837436,5196626.256061465,-0.16024215039736386,-0.14221698560135826,1.8025164796005604,5053926.670583477,5891847.455299157,
3142304,Moeda,6,7,1,0,0,0,False,5118911.019381621,5443017.206322833,1.2531159714068474,2.6087955633539868,1.1603568665555857,0.0005349539511998671,0.0009538044352879216,5269186.537199451,0.10461465214771438,0.13481593327419147,3.020128112647709,6819240.7225056235,6009116.1240842175,temporal_imputation
3142403,Moema,7,7,0,0,0,0,False,6221701.037713242,6793315.68827186,1.1980824963196555,2.577967310697715,1.03208970531707,0.0006676648137300656,0.0012850333869806373,6391570.8307834985,0.16025627044656066,0.17996436995604415,1.970809950948349,8618090.465856303,7303687.030971403,
3142502,Monjolos,7,7,0,0,0,0,False,5169318.297211323,4906168.2520666225,1.4797839239118373,1.7135685878230453,1.4322899891979877,0.00048219103343005644,0.0004315118572533272,5341359.209843411,-0.08502194336112553,-0.06699774975488469,1.8024193606240844,5661727.747693445,6068289.488268666,
3142601,Monsenhor Paulo,7,7,0,0,0,0,False,10107795.526771449,9868369.162906034,1.4326023621743702,2.4405779019874254,1.3841411370138914,0.0009698891029525061,0.0014610289474543301,10421380.231460508,-0.002860592839322249,0.01636164587952881,1.9222238718851057,12059734.091388179,11865593.453157166,
3142700,Montalvânia,7,7,0,0,0,0,False,8767606.138564456,7639200.444431679,1.6635708246375196,2.5507164659400834,1.6253324092496255,0.0007508005774828934,0.0020148158744101472,9042442.72204527,-0.015633746107123786,0.004282837140214778,1.9916583247338564,10336418.606278911,10292338.19798493,
3142809,Monte Alegre de Minas,7,7,0,0,0,0,False,55619926.83054394,46628155.352649376,1.679751804617858,1.7510526037986407,1.7067973621547536,0.004582736926512953,0.0034296634411629776,57179270.354172684,-0.19087458502769625,-0.17773963441361576,1.3134950614080487,53687451.208899006,65292519.80984454,
3142908,Monte Azul,7,7,0,0,0,0,False,12552353.87647598,10903660.153067067,1.6835545223325017,1.1079899505638475,1.8501303391003696,0.0010716402062165033,0.002948459188819199,12945490.604112223,-0.013665574103194302,0.006819052751833222,2.048462685502752,14835753.749653244,14735273.14476641,
3143005,Monte Belo,7,7,0,0,0,0,False,16255172.051410496,16050965.372853009,1.3990425663272783,2.51013247859019,1.2454158140450575,0.0015775308108167472,0.0021704208272985337,16693165.705257747,-0.0008504221522342533,0.015720445678587103,1.6570867830821356,19382008.578532424,19082030.55377467,
3143104,Monte Carmelo,7,7,0,0,0,0,False,63104768.18105446,52249594.06441848,1.7076077786962796,1.6471688025540008,1.7832850014025952,0.0051352266094034415,0.007908354190071836,64897585.76196262,-0.15021292947503764,-0.13541375975454065,1.4799169720496996,64047696.011898816,74079013.78781535,
3143153,Monte Formoso,7,7,0,0,0,0,False,3471651.02591377,3843968.606121135,1.2409932512098543,0.896353470850444,1.282259450085041,0.0003777952771753157,0.0006980717794266291,3590860.4203125658,0.1619579325008648,0.1885006385051892,2.65427060043244,4843602.543967343,4075389.0970216715,
3143203,Monte Santo de Minas,7,7,0,0,0,0,False,18625203.445611402,17980061.685909633,1.3940699003279475,2.075303893985393,1.3420038327268122,0.0017671274363273096,0.003407662928244798,19204023.56181851,0.02340073100798223,0.04358331868287633,2.0182587674894097,22817138.051056106,21864222.666814942,
3143302,Montes Claros,7,7,0,0,0,0,False,424327323.87814087,371579852.33123225,1.5992224134126751,1.806128367429316,1.543493302115109,0.03651983865859307,0.06837287778619651,432635007.1776309,-0.06940161454606583,-0.0580147338277204,1.1386880718345433,469221738.8469578,498120040.4053261,
3143401,Monte Sião,7,7,0,0,0,0,False,17771932.083691224,17671080.14500083,1.4455079295347844,2.2395722004091443,1.2984631567793157,0.0017367599232566218,0.004031841502381489,18248768.79586913,0.09264696841358142,0.11195275937522728,1.9305790961645863,23198184.497009065,20862563.001366556,
3143450,Montezuma,7,7,0,0,0,0,False,5612852.630478081,5480067.284543925,1.371392468897121,2.107811041687957,1.3508129412689105,0.0005385953296826714,0.001151495904635722,5798361.5088136885,0.052758662368627966,0.0748556953095378,2.2097032940909833,7082177.674210493,6588956.7363467915,
3143500,Morada Nova de Minas,7,7,0,0,0,0,False,18893508.39717737,15841233.911442745,1.6696736881282355,2.0528879749792024,1.6694175353457847,0.0015569178548551143,0.0015607990024507838,19499856.601504847,-0.18224807513854413,-0.1672140837518287,1.5033991386715435,18470514.76506372,22179187.23731092,
3143609,Morro da Garça,7,7,0,0,0,0,False,6450678.225882199,5646837.313863375,1.5902848945521764,1.9372589785075982,1.6065828100892985,0.0005549859238594678,0.00046746013699484407,6666832.729441332,-0.15791884202177578,-0.1412411446723024,1.6677697349473386,6502938.152625401,7572484.536586136,
3143708,Morro do Pilar,7,7,0,0,0,0,False,4473448.086351776,3998668.973252356,1.6785697382278333,3.383611094486566,1.5995855185240244,0.0003929996334196395,0.0005458832462197441,4617416.086328078,-0.09665534112073677,-0.07941257289019059,1.7242768230546184,4834376.357360662,5251403.848234404,
3143807,Munhoz,6,7,1,0,0,0,False,7080591.085849686,6414504.149654469,1.5903835830601136,2.446398034056857,1.6010740356273345,0.0006304342260501165,0.0011466934833427192,7321755.382812383,-0.054794998142344564,-0.030068960614571476,2.472603752777309,8062011.029532517,8311942.501232665,temporal_imputation
3143906,Muriaé,7,7,0,0,0,0,False,95619299.80499631,80580117.83545685,1.7130013169045937,1.7645186177921177,1.8327940593985281,0.007919624500571864,0.017971750036784098,97712710.32783514,-0.0748426324278293,-0.06176036119159707,1.3082271236232235,105315514.20261337,112247990.64806913,
3144003,Mutum,7,7,0,0,0,0,False,17897919.152309373,16916437.407382257,1.4570365973367012,1.7024630122763604,1.4982380172394216,0.001662591663460495,0.004256605043484135,18456995.249570735,0.056491957164441345,0.07836842012880203,2.1876462964360686,22657016.419326093,21010459.872906797,
3144102,Muzambinho,7,7,0,0,0,0,False,16587579.73231142,16529964.52626271,1.3511846543229353,1.936838360323686,1.2593016393408047,0.0016246080990237825,0.0038370411643076693,17024258.513988864,0.09945080243000275,0.11822711323031802,1.8776310800315277,21774393.041108895,19472245.649819158,
3144201,Nacip Raydan,7,7,0,0,0,0,False,3172934.402352685,2843682.0609105933,1.583049907564728,1.1891658534269773,1.6004057361648505,0.00027948450221196606,0.0005142863551298737,3286367.031487974,-0.059659427865947606,-0.0386468951863558,2.101253267959181,3580775.0852819663,3724724.1074611084,
3144300,Nanuque,7,7,0,0,0,0,False,28968827.28791964,26516277.5771827,1.5224033253939064,1.7153771256235484,1.4683992100189096,0.002606089035424775,0.005839234458053506,29819202.0366814,-0.0017763257591972706,0.016604415147109405,1.8380740906306676,34571316.83674312,34006656.19944255,
3144359,Naque,7,7,0,0,0,0,False,5003804.748928554,5033284.065480822,1.3046977075892807,2.411668774575373,1.1696649058908912,0.0004946843076690057,0.001048422601417715,5142461.265984822,0.08698757609177409,0.10561358516042466,1.862600906865057,6494365.66145507,5873992.27779273,
3144375,Natalândia,7,7,0,0,0,0,False,6453361.204632274,5562826.453789826,1.8171208043555889,3.1700007202062443,1.5558469321774964,0.0005467291170487456,0.0006246752308321749,6633275.8198896935,-0.14722728131967625,-0.13236929274100726,1.485798857866899,6572852.771440731,7575634.099219009,
3144409,Natércia,6,7,1,0,0,0,False,6227337.53227059,5391664.26322303,1.6719651262878796,2.0928363086453707,1.7044064697336636,0.0005299068497898129,0.0008870927054641639,6431890.507220974,-0.11067789452771767,-0.08491519308843022,2.5762701439287454,6689547.887378434,7310303.741087995,temporal_imputation
3144508,Nazareno,7,7,0,0,0,0,False,44886240.30490125,26878537.786261205,2.7595867020171805,1.710162741016178,3.2191520258108395,0.0026416929151964427,0.0014247763373640583,46224408.83465454,-0.4215016864232705,-0.41255707986356127,0.8944606559709245,30953653.771409042,52692189.67558548,projection_outlier_30pct
3144607,Nepomuceno,7,7,0,0,0,0,False,23393559.69525665,21173656.605672278,1.466644205321638,2.0803180044199743,1.389497714815391,0.0020810022884725997,0.004121735230854995,24032069.649379734,-0.0334309848554125,-0.017067906031719607,1.6363078823692896,26993104.95766422,27461820.733401854,
3144656,Ninheira,7,7,0,0,0,0,False,6869530.248698464,5769549.189343709,1.7068760504672555,2.0154358966015824,1.6583035063238347,0.0005670463675727624,0.001527000073423992,7096980.061924707,-0.05170421040294319,-0.031192013211760405,2.051219719118279,7812639.174333878,8064177.092753005,
3144672,Nova Belém,7,7,0,0,0,0,False,4410250.050056799,3875857.7858444685,1.6257037211405174,1.4986134894192442,1.6364810276817416,0.0003809294290706474,0.0005504437581828097,4564032.176857014,-0.10933188834111153,-0.09023515996308831,1.9096728378023218,4710048.491568153,5177215.346525211,
3144706,Nova Era,7,7,0,0,0,0,False,23692631.433032814,21461890.41723792,1.4549224968515186,2.060095334157396,1.3612376578182985,0.0021093306604989316,0.0028427389601843917,24154973.355829082,-0.08139143591530205,-0.070623847675532,1.076758823977006,25848648.39720736,27812902.593376383,
3144805,Nova Lima,7,7,0,0,0,0,False,675017837.5749947,607386292.3093809,1.4783967305696817,1.930128953689893,1.067928505576586,0.05969551163610066,0.030042963334839214,684405869.9816301,-0.13351794546369355,-0.12768286471510795,0.5835080748585603,691230144.1808124,792406931.1731013,
3144904,Nova Módica,7,7,0,0,0,0,False,3872221.888771886,3826144.216605342,1.3906797190481706,1.540088455213015,1.3581091287199167,0.000376043449606569,0.0006412583276736029,4004557.0910044396,0.025178684025563575,0.04726527680503448,2.20865927794709,4760471.354180667,4545621.304951282,
3145000,Nova Ponte,5,7,2,0,0,0,False,57062994.51455699,48360997.855548725,1.7088356739462687,3.6136326381797765,1.5290229566353197,0.004753045214838083,0.0026286660183001296,58689838.92965713,-0.19734639608615123,-0.17005541640137947,2.729097968477176,55595119.72252058,66986544.42861887,temporal_imputation
3145059,Nova Porteirinha,7,7,0,0,0,0,False,8211395.172122147,7386154.347831865,1.6841521995839088,1.750773266518652,1.7458017018893421,0.0007259305460131187,0.0010845349392765138,8474224.567520967,-0.08328509334255581,-0.06465846330412131,1.8626630038434497,9016130.52357924,9639399.267383104,
3145109,Nova Resende,7,7,0,0,0,0,False,15482203.852222133,17302121.612547874,1.185497806383983,0.5079666543771125,1.2865759015576324,0.0017004977147639989,0.002696988286154698,16021867.321674185,0.1457274004797369,0.1718268017027429,2.6099401223006,21297529.309945967,18174639.18643884,
3145208,Nova Serrana,7,7,0,0,0,0,False,85705742.95563088,81707433.85971694,1.4937661104977191,2.0100220993160485,1.4002888934828608,0.008030420064607252,0.01729540305206157,88048399.09243658,0.032321499774400075,0.050967179024455606,1.8645679250055531,105738244.01521721,100610414.98305127,
3145307,Novo Cruzeiro,7,7,0,0,0,0,False,17129698.547627687,14367157.650150789,1.7156615475567578,2.0420174232103294,1.7641407302910177,0.0014120417887952769,0.003977550828580715,17656266.272097513,-0.041688807809537036,-0.022656863273002557,1.9031944536534477,19653042.98500778,20108641.731320094,
3145356,Novo Oriente de Minas,7,7,0,0,0,0,False,6512928.87676048,6325206.226173164,1.4637471722220172,1.4850041716471771,1.4650712877988894,0.0006216577928349549,0.0015303520878698165,6730939.882600683,0.0755240804519743,0.09898029508667673,2.345621463470243,8402320.771407124,7645560.897654158,
3145372,Novorizonte,7,7,0,0,0,0,False,5454160.591994194,4930142.488510175,1.6602000392823346,1.8397037501264775,1.6444253731319862,0.00048454728402165477,0.0007836515526240605,5640873.521233803,-0.06916978680591489,-0.04949318160863263,1.967660519728226,6085778.954491132,6402667.331509175,
3145406,Olaria,5,7,2,0,0,0,False,4696554.122690759,3915626.429360694,1.8121420431548847,2.447059685399579,1.7961187415998308,0.00038483799525304904,0.00037603013725126213,4863406.83221727,-0.19346772826605782,-0.17391358670970714,1.9554141556350686,4554469.804500634,5513309.178346406,temporal_imputation
3145455,Olhos-d'Água,7,7,0,0,0,0,False,9184234.464838207,9812981.682302753,1.1935311872498964,1.5198014202793944,1.1639895581087396,0.0009644454766561732,0.0009312613058737429,9441785.295935124,0.03995252141299693,0.05750536973858581,1.755284832558888,11401409.908540426,10781420.345278097,
3145505,Olímpio Noronha,7,7,0,0,0,0,False,4391520.893001529,3977982.3377316454,1.6372316060447434,1.6465152101628628,1.6508362194528674,0.0003909664968357646,0.0005156599694088692,4547559.751255876,-0.09196672531961034,-0.07310837694914464,1.8858348370465696,4778338.660448133,5155229.092178301,
3145604,Oliveira,7,7,0,0,0,0,False,38458552.70819819,35417302.34587146,1.4816277075080273,1.7278485121946052,1.4754178173276453,0.0034809050040766148,0.006641732017858131,39454135.074245065,-0.02226297831673317,-0.006231944545193753,1.6031033771539416,44865342.26437357,45146693.95751564,
3145703,Oliveira Fortes,7,7,0,0,0,0,False,4708744.001847142,3643363.116711094,2.113230152648759,3.2190704207666934,2.0102639519406487,0.0003580792455839359,0.00042978727224365486,4854903.39040772,-0.23012358163921867,-0.21697370272446462,1.3149878914754054,4328270.99176295,5527618.940542294,
3145802,Onça de Pitangui,7,7,0,0,0,0,False,5845018.209981858,5470338.022816948,1.4880070904508977,1.7871634418166238,1.4825720738102457,0.0005376391124219473,0.0005855644599950558,6050640.459334193,-0.08214828420861299,-0.06273476524649785,1.9413518962115142,6431042.700541221,6861497.111041961,
3145851,Oratórios,7,7,0,0,0,0,False,6514753.649542587,6191205.791448945,1.5030424827159816,1.67717680444372,1.4999519685658589,0.0006084878800272295,0.0008328212907260761,6745563.254500856,-0.04361469718667674,-0.023088721446122715,2.0525975740554023,7471127.323410818,7647703.007862019,
3145877,Orizânia,7,7,0,0,0,0,False,6207275.013363027,5913311.30048164,1.4649329735049765,6.216415779532429,1.3039494599408763,0.0005811756834413092,0.0012597115276647265,6394703.453487845,0.032148173708407106,0.05143374926888325,1.9285575560476145,7661537.2343896795,7286752.2463656375,iss_2025_anomaly
3145901,Ouro Branco,7,7,0,0,0,0,False,155604370.86761588,124497634.79326643,1.8453230417070747,2.303532907237742,1.5687757002384928,0.012235952803957709,0.007160688835865883,158635930.67433476,-0.22316767202449064,-0.21543120198588903,0.7736470038601617,143313083.62924466,182664775.8513933,
3146008,Ouro Fino,7,7,0,0,0,0,False,29486997.15523822,27597568.358259495,1.5077197875041877,2.2255327211322142,1.388260490692103,0.0027123611183167934,0.005467013539262138,30321312.280415557,0.0016748493209216208,0.019499668964620243,1.7824819643698622,35289918.32873639,34614938.48700902,
3146107,Ouro Preto,7,7,0,0,0,0,False,460191869.62782395,359667139.95592535,1.9284415050085855,2.4343163632658373,1.5956319500633336,0.035349026163774,0.012687550469715241,468631919.9821296,-0.24056368667514363,-0.23365570981823322,0.6907976856910414,413995750.9894747,540221616.1763016,
3146206,Ouro Verde de Minas,7,7,0,0,0,0,False,4582912.817469291,4161016.1401166883,1.6321034245119606,1.1588809426855342,1.6276821693208994,0.0004089555371193912,0.0009015216281407915,4742758.938252564,-0.016509888077667147,0.005276144057219085,2.178603213488623,5408290.216441025,5379905.062318073,
3146255,Padre Carvalho,7,7,0,0,0,0,False,3980275.193605775,4991843.338923408,1.0877291560841127,1.0013579943552173,1.1490069565488605,0.0004906114047969132,0.0008672407161109726,4113363.0118115717,0.3073507632200245,0.33665939913027193,2.9308635910247407,6245495.112706999,4672465.63841976,projection_outlier_30pct
3146305,Padre Paraíso,7,7,0,0,0,0,False,10916364.641947195,9791316.140684579,1.654476925219357,1.1642077245998121,1.7938395166342673,0.0009623161306235971,0.0026434451511112536,11255040.459079571,0.018052694157392805,0.039229177612267525,2.117648345487472,13317490.079775559,12814776.919922339,
3146404,Paineiras,7,7,0,0,0,0,False,6229128.7782390155,5349259.384060332,1.6838206377772218,1.904789147125471,1.6646694087873386,0.0005257391874807746,0.0007961297196770825,6430219.247726929,-0.12267930315863058,-0.10537972449567151,1.7299578662959072,6541827.112258209,7312406.493995851,
3146503,Pains,7,7,0,0,0,0,False,27541691.534370452,26170354.107377876,1.5061659670099,1.5148810347353918,1.5288924089591367,0.002572090773069497,0.0014282845279256046,28462853.373841483,-0.08639804403033227,-0.06793154078863212,1.8466503241700156,30135016.81126413,32331334.156250346,
3146552,Pai Pedro,7,7,0,0,0,0,False,6298855.284868326,5728457.3225001395,1.6597303398287961,1.1181157214959567,1.6655791275908092,0.0005630077515447604,0.0008822780417310288,6517779.224588964,-0.0682079443473794,-0.04801671567585569,2.01912286715237,7039210.778328422,7394258.800800136,
3146602,Paiva,7,7,0,0,0,0,False,3861765.273861902,3373487.527809985,1.717158720054897,5.830593493172065,1.6356303288713672,0.0003315551676428756,0.0003575718166559495,3989589.6329968194,-0.14217003043124224,-0.12604624692235572,1.612378350888652,3961934.9522506054,4533346.230619845,iss_2025_anomaly
3146701,Palma,7,7,0,0,0,0,False,4977827.759733895,4837522.256194502,1.3292693497787629,1.8503177559727875,1.2922954298682958,0.0004754443256145488,0.0010755349957761598,5143882.201881384,0.05878627196215586,0.0813141684820849,2.2527896519929045,6318656.91684711,5843497.755806754,
3146750,Palmópolis,7,7,0,0,0,0,False,4146692.444025794,4229136.911473893,1.3475358684851866,1.2075991467369525,1.378267295725047,0.00041565062449739677,0.0008735042637783637,4292974.01397243,0.09413718245868186,0.11926592973959799,2.512874728091613,5448389.230032235,4867823.709509166,
3146909,Papagaios,7,7,0,0,0,0,False,13308410.29244841,13852820.863180708,1.2230108670882993,1.452450964939521,1.1967328891263804,0.001361491425640542,0.0023257632969002724,13737784.845152056,0.08187785237855741,0.10352706630711299,2.164921392855558,17240195.54324363,15622811.682306,
3147006,Paracatu,7,7,0,0,0,0,False,397643287.50685966,307046476.2175198,1.8702279248643399,2.62829676985782,1.6680284706075652,0.030177329857372495,0.01577731301416478,407615068.4103184,-0.2527760542373183,-0.24268695551677155,1.0089098720546752,353510330.405467,466795512.08139247,
3147105,Pará de Minas,7,7,0,0,0,0,False,118742931.89245656,112239296.7639283,1.4143556907425712,1.60175688340516,1.4514029017512444,0.011031171316895646,0.016784102316232334,121850522.73013324,-0.030551784344406273,-0.0146410795762503,1.5910704768155974,137352078.81073445,139392941.96643263,
3147204,Paraguaçu,6,7,1,0,0,0,False,21914422.860808786,21188571.394068293,1.3858139232223337,1.9845652634321271,1.3065584955503384,0.002082468152841812,0.003561538156753186,22548605.61625257,-0.009554737735181895,0.025227702846718898,3.478244058190079,26374448.470356442,25725454.352358315,temporal_imputation
3147303,Paraisópolis,7,7,0,0,0,0,False,19701835.464336753,18429346.34618035,1.6569115981343934,1.888825917887221,1.5417065394643716,0.0018112843065180033,0.003523891060545592,20285560.627286915,-0.006554317909792383,0.012729021763736194,1.9283339673528577,23422484.479867294,23128086.56265765,
3147402,Paraopeba,7,7,0,0,0,0,False,25537856.34606483,22475742.3528681,1.5452170575845994,2.757124066665582,1.2848303571678656,0.0022089746774730033,0.0038040915197462533,26128666.846313566,-0.07822473964474855,-0.06580281120747418,1.2421928437274368,28006317.76081276,29979021.663522296,
3147501,Passabém,7,7,0,0,0,0,False,3194061.065418619,3261575.543222352,1.4055921618851808,0.24432508255776197,1.5436021395834283,0.00032055616542178613,0.0003633845147736714,3309235.9058017177,0.004126845824528965,0.026934727085131234,2.280788126060227,3850517.233877865,3749524.806515442,
3147600,Passa Quatro,7,7,0,0,0,0,False,18146754.096979506,14824920.01798652,1.6671371281770158,1.576587186722956,1.7799939869764545,0.0014570318702339072,0.002554247647222081,18694587.01869487,-0.14667655098351026,-0.13043723010770703,1.6239320875803238,18523920.472068008,21302568.50159586,
3147709,Passa Tempo,7,7,0,0,0,0,False,13280633.239481587,12638677.39327783,1.4155430241577787,2.502686470928733,1.3274840420051945,0.001242162233406212,0.0013689186767736681,13704017.304927614,-0.062195497767534476,-0.04578263876725061,1.6412859000283866,14876443.375536453,15590204.056146745,
3147808,Passa-Vinte,7,7,0,0,0,0,False,4989734.699850156,4130148.583557625,1.7027227896041712,1.2203306096314934,1.8525713919268256,0.000405921793017687,0.0004495983060998483,5151261.733392354,-0.18578431292851905,-0.16961273731882784,1.6171575609691207,4863972.942370301,5857475.374399893,
3147907,Passos,7,7,0,0,0,0,False,109919216.15014796,101063657.38756338,1.4539065376375588,2.019527893283618,1.3683581933794726,0.009932800282053717,0.019687005073686384,112365944.37209448,-0.015214837413792084,-0.0013867780795838855,1.38280593342082,128855793.87041171,129034736.41437605,
3147956,Patis,7,7,0,0,0,0,False,5080839.017560684,4328757.330094558,1.6740190402966824,1.9136900685723803,1.672919913618122,0.0004254415795029043,0.0008332661134704023,5261470.909876056,-0.09605494053744305,-0.07654735785031092,1.950758268713214,5507862.366829186,5964423.204212758,
3148004,Patos de Minas,7,7,0,0,0,0,False,227519773.64067346,205023300.49568453,1.5556388892829074,1.7335247462144294,1.5009866363285498,0.020150225606635527,0.029293888899284866,233032559.44872624,-0.08011824768458754,-0.06640739345470928,1.3710854229878264,249350111.62797964,267086639.1612572,
3148103,Patrocínio,7,7,0,0,0,0,False,147229552.09058112,134869624.02441803,1.4887657118035929,1.573956752133502,1.5546867373060913,0.013255339002950728,0.015646947087921047,151374912.0504035,-0.09046910019268001,-0.07468311229078932,1.5785987901890688,159925786.63347596,172833532.76886708,
3148202,Patrocínio do Muriaé,7,7,0,0,0,0,False,4482346.072974339,4597532.686352671,1.281069136231408,1.3618427219175537,1.302062473764952,0.00045185752370539655,0.0010339838029749806,4636214.66640906,0.11846321383385128,0.14381038462861342,2.5347170794762146,6018557.803928008,5261849.240756971,
3148301,Paula Cândido,7,7,0,0,0,0,False,6213827.743579895,6468475.761186235,1.3610306072069764,2.179385299228566,1.3519853415006253,0.00063573869703507,0.0014505708067632783,6422220.828264764,0.13481058147832156,0.1602031980813135,2.539261660299194,8463037.872237092,7294444.530262323,
3148400,Paulistas,7,7,0,0,0,0,False,4598932.6909355335,4607352.065911005,1.4931275972796563,0.7072130465811778,1.5448869208781428,0.0004528225979820239,0.0007721326789895662,4763323.405354204,0.03781599618839223,0.06180605888091909,2.3990062692526863,5732383.916845001,5398710.874645597,
3148509,Pavão,7,7,0,0,0,0,False,5615500.00579354,5342579.423505163,1.3987406409077066,1.6063544743827436,1.4446718562002316,0.000525082663505672,0.0012096586092688196,5800947.715581691,0.04038895326478862,0.06234932949768619,2.196037623289757,7003075.305748738,6592064.503923604,
3148608,Peçanha,7,7,0,0,0,0,False,11924306.165578526,10840738.327017942,1.529437710290418,2.3580141485831803,1.430372318622927,0.0010654560847658877,0.0025659070959339614,12266105.795285692,0.0058391236169651655,0.02415998708500388,1.8320863468038715,14336196.300745199,13998004.68826099,
3148707,Pedra Azul,7,7,0,0,0,0,False,15993989.62520578,13946159.837369248,1.5934479613999748,2.2467416813948313,1.579786140850424,0.0013706650238766635,0.0034372856223473976,16466841.633391168,-0.027810786582775908,-0.009485601069150069,1.8325185513625837,18597330.940769866,18775427.152642723,
3148756,Pedra Bonita,7,7,0,0,0,0,False,5850078.385652817,5334555.009543267,1.6082454636386057,4.045028317147564,1.507594764421914,0.0005242940031373027,0.0010776678210950308,6027304.771148041,-0.021607567547865907,-0.0032461813544399374,1.836138619342597,6845144.330593913,6867437.277436714,
3148806,Pedra do Anta,7,7,0,0,0,0,False,4015121.3624104904,3928713.156363658,1.432537754523538,0.963000780492819,1.4444789164282617,0.00038612419297264796,0.0005821895644160107,4150640.794828983,-0.0022267013563260986,0.018746107484847487,2.0972808841173585,4801729.109410671,4713371.736227311,
3148905,Pedra do Indaiá,7,7,0,0,0,0,False,8787979.092281552,7868703.381028137,1.4918315216701397,1.5323201677221614,1.6232428766738887,0.0007733567256798216,0.000725651106917246,9048085.374718156,-0.1314735375031722,-0.1161015492531621,1.5371988250010098,9118521.02864192,10316254.113735974,
3149002,Pedra Dourada,7,7,0,0,0,0,False,5452558.620511736,4905039.612147564,1.7143572832353229,2.6970871312767533,1.6891999260084232,0.0004820801077501815,0.0004987448928069571,5645842.294694812,-0.12271882112921408,-0.10375482507092063,1.896399605829345,5736674.257376024,6400786.768899449,
3149101,Pedralva,7,7,0,0,0,0,False,7348538.170966946,7987945.436142904,1.3325242448817478,1.6883422640159327,1.329202304611521,0.000785076146382504,0.0017576356051030252,7594027.082504595,0.18154302844265396,0.20708439907172382,2.554137062906986,10412897.840829782,8626486.970453387,
3149150,Pedras de Maria da Cruz,7,7,0,0,0,0,False,5947857.986924967,6135066.411663609,1.3283328232230527,2.3268225024004425,1.3170047768269493,0.0006029703551149089,0.0016208203731309294,6149801.418458572,0.1628392335730881,0.18934727574169952,2.6508042168611414,8304285.830819039,6982221.257151599,
3149200,Pedrinópolis,7,7,0,0,0,0,False,13925719.539318344,10850800.7066998,1.7729772864166324,1.4241701085648066,1.7963150875422165,0.0010664450417295053,0.0007329260169545546,14412291.162638268,-0.2501719072578678,-0.2355166535140254,1.4655253743842411,12497371.783271343,16347474.200342992,
3149309,Pedro Leopoldo,7,7,0,0,0,0,False,69597493.67404884,67785612.17938487,1.3616717498569155,1.7819615952722885,1.3125143422582213,0.006662147058388889,0.010780954780177479,71122169.3488861,0.010367092277596204,0.024247644116680067,1.3880551839083863,83681911.15342034,81700857.82876107,
3149408,Pedro Teixeira,6,7,1,0,0,0,False,4337428.310919508,3546831.8234509984,1.9662571095183554,2.3077894151961456,1.9947052822304863,0.0003485918978893642,0.000387916571036986,4489912.67217344,-0.19874302884130046,-0.179242991218069,1.9500037623231465,4179072.6987903714,5091729.530269195,temporal_imputation
3149507,Pequeri,6,7,1,0,0,0,False,4271003.064469116,4434110.772764866,1.377430978257964,1.642477120223564,1.364895858767781,0.0004357959910898309,0.0006402307747602556,4419502.982349602,0.05014189016374658,0.07710712753845454,2.6965237374707964,5400348.650258268,5013752.58986527,temporal_imputation
3149606,Pequi,7,7,0,0,0,0,False,7645925.895670545,6027376.141054406,1.917114439892076,3.7225630396071536,1.82009594835246,0.0005923862739730645,0.0008261218463584653,7899076.881626524,-0.2025927253183848,-0.18770834603644118,1.4884379281943612,7290798.437492273,8975591.958771195,
3149705,Perdigão,6,7,1,0,0,0,False,9770487.055336913,9720191.415225357,1.3540349277117094,1.981249463741581,1.3819186601114244,0.0009553258067884606,0.002029523057960762,10099187.136422224,0.06452147433004078,0.09395672220612589,2.9435247876085104,12547273.69128881,11469625.293755107,temporal_imputation
3149804,Perdizes,6,7,1,0,0,0,False,112199567.35961676,66737464.16584529,2.864541334427966,2.206094326267814,3.020856948680914,0.0065591323332776135,0.0029049546912506973,115916762.88034587,-0.43219775136987265,-0.41692326000846225,1.5274491361410403,76798000.95549244,131711652.49467337,temporal_imputation;projection_outlier_30pct
3149903,Perdões,7,7,0,0,0,0,False,20195474.98104601,22695450.395942498,1.1103630822845028,1.0162247298742535,1.1736220269599644,0.0022305681579449206,0.0035492152819382506,20793133.76677511,0.1565853254857775,0.17892075720282813,2.233543171705063,27949349.375905253,23707572.54475645,
3149952,Periquito,7,7,0,0,0,0,False,8484848.91006695,6611192.760509678,1.9138932192353189,3.6054239647675987,1.5380056287140305,0.0006497652965840806,0.0010219200237632934,8698851.863317126,-0.19465805475862624,-0.18395884155339962,1.0699213205226625,8128102.903193018,9960408.02484217,
3150000,Pescador,7,7,0,0,0,0,False,4048213.101515201,3686153.8381024203,1.5328700132762725,1.6229150019611063,1.5224479642532658,0.00036228482947523637,0.0006727978811689463,4185858.386024337,-0.04206743965192626,-0.021808081832681524,2.0259357819244737,4648581.534363195,4752218.299934943,
3150109,Piau,7,7,0,0,0,0,False,4668174.48728804,4066161.826923208,1.6179000239467138,2.940922694257945,1.5823050910519694,0.0003996330074069631,0.0005392979456503545,4829156.842064816,-0.12426934594953155,-0.10618818254547079,1.8081163404060767,4898083.555475037,5479994.177548694,
3150158,Piedade de Caratinga,7,7,0,0,0,0,False,5776195.047034607,6063977.650075127,1.2326794406553827,1.9400604948649967,1.1772086429549098,0.0005959835659029463,0.0013758701630509891,5961235.236573519,0.14880373950624565,0.17273071817729177,2.392697867104612,7951941.3306135405,6780705.244058745,
3150208,Piedade de Ponte Nova,7,7,0,0,0,0,False,7205404.97713186,5776023.060510562,1.6460300171283455,10.161120699810295,1.3261311936731737,0.0005676826365443622,0.0007186094461230051,7411120.71437316,-0.19577769385004887,-0.1837734587653044,1.2004235084744463,6904021.324309562,8458462.173829751,iss_2025_anomaly
3150307,Piedade do Rio Grande,7,7,0,0,0,0,False,6483656.270884935,5661170.621549795,1.5712229758932317,1.9261806357529145,1.5566179873884318,0.0005563946387853928,0.0008156226161347975,6709899.947886506,-0.11315007676300243,-0.09438941744102494,1.8760659321977484,6892781.123478772,7611197.634199357,
3150406,Piedade dos Gerais,7,7,0,0,0,0,False,5123862.110741114,5332302.23097558,1.3326556410994013,1.1764630259894682,1.340612003455371,0.0005240725941741705,0.000850514728694678,5301605.078204546,0.07015549489032692,0.0948650246550523,2.4709529764725375,6585534.551232956,6014928.235841484,
3150505,Pimenta,7,7,0,0,0,0,False,13167386.047855992,12435376.200953064,1.4561359615576035,1.4908378786893792,1.4509324510585146,0.001222181261089711,0.001535292325322224,13586663.640202198,-0.0574706229958655,-0.03925495852973829,1.8215664466127213,14850488.390070781,15457262.592107225,
3150539,Pingo-d'Água,7,7,0,0,0,0,False,4861862.8278025985,4280926.239454527,1.5753329413233075,1.9685411439509786,1.5386631021879602,0.0004207406149536172,0.0007955460360794569,5019088.700645678,-0.06949874253628423,-0.05127619262897036,1.8222549907313867,5414713.9279252235,5707365.922364402,
3150570,Pintópolis,6,7,1,0,0,0,False,10266086.585146049,5623768.108398937,2.9063507252144083,26.01511634073566,1.3119382414961662,0.0005527186220769367,0.0010884401392045944,10425594.83759915,-0.4127544039408498,-0.4056887378043224,0.7065666136527371,7162289.9633553745,12051412.145370355,temporal_imputation;iss_2025_anomaly;projection_outlier_30pct
3150604,Piracema,7,7,0,0,0,0,False,11119539.437347852,10153884.102262463,1.3745182916722603,1.329047770872205,1.3767271319456045,0.000997950257114923,0.0011448844183337857,11509857.785444563,-0.0976988488284002,-0.08047891219235384,1.721993663604636,12002770.696871942,13053284.863199126,
3150703,Pirajuba,7,7,0,0,0,0,False,21151318.575053543,20937180.818033785,1.350823854374851,1.3821224185868837,1.3667501790199335,0.0020577608302583283,0.0010880984725747211,21865035.69466194,-0.048581918001440516,-0.029030370769380455,1.955154723206006,24108828.56244807,24829642.284024384,
3150802,Piranga,7,7,0,0,0,0,False,11981854.672817633,10705606.776602637,1.5063792994937812,2.278891688588629,1.4996526195645354,0.0010521750029529443,0.002537922560703323,12363992.529519234,-0.01317965857119459,0.006858008191538524,2.0037666762733117,14162022.912369698,14065561.178588353,
3150901,Piranguçu,7,7,0,0,0,0,False,5073717.414036669,5254178.995784158,1.2861794473976649,2.3457892911813234,1.2359136202608332,0.0005163944385185867,0.0009939967594004503,5242128.663152805,0.09570355135711975,0.11913594182023646,2.343239046311671,6665644.305982574,5956063.116998218,
3151008,Piranguinho,7,7,0,0,0,0,False,5952663.821546258,6359287.836319889,1.2562932229582868,1.9366355489637246,1.185346657612887,0.0006250074225201348,0.001533296811047624,6132111.271597851,0.18436279290774898,0.208036182481754,2.3673389574005026,8441591.162557326,6987862.851272525,
3151107,Pirapetinga,7,7,0,0,0,0,False,15637129.550945852,15981955.64419241,1.2821718037680043,2.136603455900932,1.2460252634731344,0.0015707483543925178,0.001828827048429846,16130828.736639183,0.011511795868310607,0.030828691393748386,1.9316895525437778,18922414.36310671,18356507.26554997,
3151206,Pirapora,7,7,0,0,0,0,False,88436717.45762075,76507777.40823647,1.4596273065694751,1.251367858253947,1.8152021906390157,0.007519384244185783,0.008894667018009934,91024448.70104057,-0.14138008848126493,-0.12593230196842053,1.5447786512844397,90742491.90813139,103816320.07736422,
3151305,Piraúba,7,7,0,0,0,0,False,7159077.382198137,7502180.661249925,1.267709114163359,1.809897838903459,1.2560895301955712,0.0007373339152205583,0.0018089372772899447,7386415.098303071,0.1605139521853735,0.18499639580650568,2.4482443621132166,9958802.105119046,8404077.97049974,
3151404,Pitangui,7,7,0,0,0,0,False,25926259.31408061,20817940.60413605,1.912888596409718,1.7160630267038717,2.027460067902621,0.002046041590515266,0.004400374451755054,26703825.75086911,-0.13185871774352106,-0.11504508586252236,1.68136318809987,26933576.18945952,30434969.916756,
3151503,Piumhi,7,7,0,0,0,0,False,42996893.42932203,42025595.05456282,1.4110668882740867,1.7902564019114804,1.3268623255168,0.004130385275991456,0.006258532251968026,44109165.093539976,0.001988087074249445,0.018324487268034817,1.633640019378537,51399190.826071106,50474275.60537709,
3151602,Planura,5,7,2,0,0,0,False,32106408.530456837,30087935.163002755,1.4595710086294036,3.289816469214195,1.3454371982865674,0.0029571208740983516,0.0019625566663161263,33085699.454832647,-0.11526764570998804,-0.08235799083619966,3.2909654873788385,34585816.336331256,37689879.04972607,temporal_imputation
3151701,Poço Fundo,7,7,0,0,0,0,False,12261281.344427615,13037898.773428436,1.2292882278726485,1.315104904964091,1.2207372388463988,0.0012813987536338068,0.0028009262281819447,12634162.156035375,0.15242829615453768,0.17545642862476626,2.3028132470228586,16919028.01533556,14393581.593772981,
3151800,Poços de Caldas,6,7,1,0,0,0,False,246448656.913113,273985779.9155227,1.1612472476476852,1.6070938461003004,1.023301787354295,0.026928038252042374,0.031119829255552053,240525880.33525792,0.022924350277584913,0.12037251702980023,9.744816675221532,324132007.44122934,289307353.1476209,temporal_imputation
3151909,Pocrane,7,7,0,0,0,0,False,8107964.289084217,6868813.61201796,1.6036180968076417,1.5485247483632198,1.6156270756212987,0.000675084946918042,0.0012925050346608582,8354425.685959956,-0.10169111140346723,-0.08529377187830224,1.6397339525164991,8706156.699955326,9517981.218771158,
3152006,Pompéu,7,7,0,0,0,0,False,43245482.80490277,37464212.40131833,1.5886003917283333,3.7383354642830144,1.3165464776109699,0.003682080671983752,0.005183789354404879,44346178.692473754,-0.11878134234974044,-0.10624222540255579,1.2539116947184654,45372592.94953232,50766095.959241875,
3152105,Ponte Nova,7,7,0,0,0,0,False,56785100.4896356,60835290.2686881,1.20899166560896,1.5264766351147598,1.1598428968742331,0.005979051262932071,0.00979870711397968,58183228.57227562,0.11134533294733813,0.12872474046665672,1.7379407519318588,75241155.99804957,66660323.195309855,
3152131,Ponto Chique,7,7,0,0,0,0,False,4641375.627341082,4314724.814397281,1.3932864199884807,3.2271834213491575,1.332178885718139,0.00042406242719950673,0.0006560023919923294,4795638.869461421,-0.04748290624888053,-0.0286694944665448,1.8813411782335734,5292328.117295045,5448534.85723533,
3152170,Ponto dos Volantes,7,7,0,0,0,0,False,6838581.280286813,7439968.264733749,1.288252906130924,1.2951020192666591,1.2561986422952611,0.0007312195183578621,0.0015946533343870028,7048001.3903719075,0.17837898033088087,0.2021337058237645,2.3754725492883626,9650544.188006533,8027845.938645801,
3152204,Porteirinha,7,7,0,0,0,0,False,27662799.46639724,23155859.60895639,1.6748019174784128,1.4383735323040165,1.764913839131137,0.00227581837824268,0.005345826793073363,28413879.504705586,-0.07743108262781657,-0.061716938377239405,1.571414425057717,30469338.176857777,32473503.384107836,
3152303,Porto Firme,7,7,0,0,0,0,False,6103436.920435333,5230944.921569346,1.6627425322663527,1.140884955258242,1.7598175016855255,0.0005141109330045408,0.0016493328412550874,6309850.669905396,0.007845934776274452,0.030483626185243674,2.263769140896922,7383266.969174732,7164856.171957737,
3152402,Poté,7,7,0,0,0,0,False,8630455.623031858,7791893.924000521,1.5568772954390266,1.6258314471554747,1.558566055750142,0.0007658076915744897,0.002164704022228462,8895722.958177429,0.032075421323391806,0.05288738029402781,2.0811958970636,10667156.3446429,10131336.498367,
3152501,Pouso Alegre,7,7,0,0,0,0,False,482070210.4636063,437228112.02729356,1.4555961021738775,1.7091827577085774,1.4678745393945785,0.04297192113097761,0.027780448119103518,496136630.68324655,-0.12544408052452835,-0.11041439645729284,1.502968406723551,503420686.2425255,565904713.6528411,
3152600,Pouso Alto,7,7,0,0,0,0,False,12148461.065335678,11573540.36635737,1.5317687768298769,3.2212912196440353,1.4231684956482666,0.0011374777836751923,0.0010610673116866855,12526850.279289646,-0.07763112896314485,-0.06005126150858436,1.7579867454560492,13404741.75987472,14261141.284565002,
3152709,Prados,5,7,2,0,0,0,False,10495555.69539931,9827450.46821436,1.4778312735369172,2.7150618286105628,1.4200724672293725,0.0009658675067360134,0.0015007444453660783,10836193.097305523,-0.05114854303054802,-0.021039470660250758,3.010907237029726,12061564.281723779,12320787.1208644,temporal_imputation
3152808,Prata,7,7,0,0,0,0,False,65839349.23330648,52775182.29249633,1.816404237932578,2.671929293030978,1.7318646484614049,0.005186882793585216,0.004807897277722439,67545395.92240144,-0.22116397591084677,-0.20958075183508962,1.1583224075757155,61090833.913215525,77289152.63013653,
3152907,Pratápolis,7,7,0,0,0,0,False,11992674.4920344,10521581.843080658,1.5845871532142082,1.576280741369935,1.5868369266480493,0.0010340885517117987,0.0014791608196880824,12333593.985740485,-0.1085124059476224,-0.09299776672468152,1.5514639222940885,12769015.637279611,14078262.62033426,
3153004,Pratinha,7,7,0,0,0,0,False,12854564.694563618,11025599.912905836,1.6173979378433814,1.874765059163853,1.572363848091618,0.001083624764387353,0.000698794514268377,13173944.01324147,-0.17123636511966694,-0.1588838168464823,1.2352548273184634,12692476.83779884,15090039.987356005,
3153103,Presidente Bernardes,6,7,1,0,0,0,False,4855419.2746042805,4723017.184176029,1.465604126837474,0.8721274847238315,1.4786733950311723,0.00046419046798618205,0.0008558032186456684,5027674.94839381,0.011571879649046641,0.043736685272236606,3.2164805623189965,5949092.239459866,5699801.801934528,temporal_imputation
3153202,Presidente Juscelino,7,7,0,0,0,0,False,8562298.738068083,6761574.851077564,1.8642227746129307,2.4817489057764366,1.656385657891143,0.0006645452413260402,0.000634577341906766,8768645.738871353,-0.22938431211225965,-0.21920472508365646,1.0179587028603194,7848028.455335873,10051326.77855502,
3153301,Presidente Kubitschek,7,7,0,0,0,0,False,4058915.564812099,3730057.8588641034,1.5063277156439117,1.086859917388002,1.5307902714306754,0.0003665998313372074,0.0005300284983603246,4202142.71385205,-0.06903215425691246,-0.04860326697213748,2.042888728477498,4533198.006469281,4764781.976959472,
3153400,Presidente Olegário,7,7,0,0,0,0,False,39274915.9945877,31669763.45001795,1.8744037289921325,1.4363931258986087,1.9903517503775365,0.0031125870907539794,0.003205146097712734,40618660.46383711,-0.2127403039107365,-0.19700196344137866,1.5738340469357848,37022246.190356955,46105027.04218532,
3153509,Alto Jequitibá,7,7,0,0,0,0,False,5484005.056619103,5460037.851327777,1.3538113610254046,1.6140271546314184,1.3667904108045537,0.0005366267846582637,0.0013556595483629145,5667185.505648181,0.10797695241107684,0.13274259596644197,2.4765643555365133,7292259.165557988,6437701.902907891,
3153608,Prudente de Morais,7,7,0,0,0,0,False,13220171.70222457,10475349.794598982,1.759652838222964,1.9037312698452662,1.8250134931849382,0.0010295447452034145,0.001803175900017666,13631378.570185795,-0.17238136631224094,-0.15671113424619817,1.5670232066042762,13087192.130956242,15519227.944813216,
3153707,Quartel Geral,7,7,0,0,0,0,False,7106213.913088437,6392953.841035803,1.6083215586802722,1.1884339432771613,1.6878044617472518,0.0006283162054177841,0.0006438716488248299,7345881.356566043,-0.12217811972008272,-0.10454807643777128,1.7630043282311436,7469878.99321547,8342021.270666639,
3153806,Queluzito,7,7,0,0,0,0,False,4291666.745468265,3894917.325753972,1.5716014633344648,2.517872110158288,1.5629005996911376,0.0003828026504469819,0.00042195158231883443,4432734.255437314,-0.1074141301813399,-0.08999049303621424,1.7423637145125652,4584636.806784306,5038009.791876552,
3153905,Raposos,6,6,1,1,0,0,False,12271623.33119936,13244673.713799817,1.277455650891933,1.1708660440443612,1.3121137176938367,0.001301721134983675,0.0026945125118332395,9878575.360807467,0.16114307946987738,0.18123519860542098,2.00921191355436,17016546.01239205,14405722.105540005,temporal_imputation
3154002,Raul Soares,7,7,0,0,0,0,False,15457069.649239797,13601327.4398887,1.587718952795442,1.9058768110499889,1.574014003944636,0.0013367739949598975,0.003558213499608513,15913207.76512422,-0.006468937254689732,0.012430173183157972,1.8899110437847706,18370681.173791826,18145134.015546966,
3154101,Recreio,7,7,0,0,0,0,False,7569303.284251115,6868519.914336681,1.5843642881566353,1.6595077450215996,1.5906473368027954,0.0006750560815426257,0.0017386721234478983,7829780.342960942,0.014238707951650725,0.036627023320442195,2.2388315368791467,9211098.979102306,8885644.278882522,
3154150,Reduto,6,6,1,1,0,0,False,4936583.3338004,5358204.286635464,1.1738415573708918,1.2435913033637387,1.2244227245804813,0.0005266183158748768,0.001229491256211825,5092916.7173720645,0.04974173310053929,0.2151701721269638,16.542843902642453,7042009.224904984,5795080.710859663,temporal_imputation;projection_changed_10pp
3154200,Resende Costa,7,7,0,0,0,0,False,11910529.394741166,9990350.850827605,1.7104745641654395,2.6403472229046954,1.5767753472613664,0.0009818777819248729,0.0019101833963164295,12256992.843946459,-0.1074969262153256,-0.09189392023408367,1.5603005981241924,12696986.705139415,13981832.065712338,
3154309,Resplendor,7,7,0,0,0,0,False,15794959.860843666,14990001.106277185,1.4480755356625643,1.6517332128244144,1.3705045051427198,0.0014732564708739493,0.0025899843498456846,16153242.09226109,-0.003478870995891068,0.010606658802118276,1.4085529798009344,18738451.470697816,18541785.082742956,
3154408,Ressaquinha,7,7,0,0,0,0,False,11326382.76807109,8680375.45295492,1.8545420627700366,2.863242927386169,1.7594992313345141,0.0008531299774438288,0.000833737076461364,11670150.458273407,-0.25284769637404114,-0.2406232323534004,1.2224464020640728,10096748.923221413,13296099.319067212,
3154457,Riachinho,7,7,0,0,0,0,False,10002602.972565629,8008520.429697153,1.768789010906669,3.4481111602885846,1.655199546795683,0.0007870983105022448,0.0012037405980868218,10319958.804654974,-0.18002731024088225,-0.1647712110427277,1.5256099198154542,9807346.11815794,11742107.369648693,
3154507,Riacho dos Machados,7,7,0,0,0,0,False,10574174.087880395,15088243.755009128,0.9261727527735009,0.7419403734419818,1.1031178900109755,0.0014829120150552984,0.001351561579855834,10843617.478472818,0.3816966465067509,0.4049388035481788,2.32421570414279,17439614.473834258,12413077.658464866,projection_outlier_30pct
3154606,Ribeirão das Neves,7,7,0,0,0,0,False,230203930.1627875,175563248.6424636,1.9526535577225814,1.7798328662176994,2.102204845414667,0.017254814744599983,0.04943582997576467,236921487.4666949,-0.1242352821325546,-0.10783440100023843,1.6400881132316165,241096676.3467159,270237584.38682,
3154705,Ribeirão Vermelho,7,7,0,0,0,0,False,3530569.13737604,4444886.91948522,1.0929883668885034,1.5824318480707402,1.0324477562452186,0.00043685509894274494,0.0007573587656931741,3640741.93139557,0.31047506290288535,0.33774366388463156,2.7268600981746216,5544350.014136506,4144553.3728311174,projection_outlier_30pct
3154804,Rio Acima,7,7,0,0,0,0,False,56115220.065225914,48318649.812133245,1.6897415580794406,1.9334614512151278,1.6323449979873523,0.0047488831384947675,0.0017831580703967663,57919129.42813553,-0.17182596719292137,-0.1554688420715573,1.6357125121364058,55632600.82170164,65873947.10002565,
3154903,Rio Casca,7,7,0,0,0,0,False,10362731.94427577,10962503.205159143,1.2475953430323115,1.747192291827657,1.1907630615140306,0.001077423455106613,0.0021007550520435836,10643787.10161001,0.12640241367890934,0.1457451245565113,1.9342710877601976,13937834.343424637,12164864.632367183,
3155009,Rio Doce,7,7,0,0,0,0,False,11611380.772502344,13794772.58587673,1.4003144837071417,1.6411214212791612,1.068828501949389,0.0013557862892929963,0.0005227862062275061,11753934.18443392,0.1489511975686996,0.1583587755381599,0.9407577969460318,15789194.570234431,13630659.950669391,
3155108,Rio do Prado,7,7,0,0,0,0,False,5573034.890171658,4390537.335445044,1.785696853027866,1.5266651804841356,1.8683660207132848,0.00043151347983219217,0.0007778007736612353,5765555.001644309,-0.1747444398783658,-0.1577480633971086,1.6996376481257207,5510192.819693979,6542214.485037092,
3155207,Rio Espera,7,7,0,0,0,0,False,5023925.57827208,4219951.004896763,1.712418784793779,2.17517783902972,1.6437949203824462,0.000414747809600343,0.0008699245401930162,5187584.729069588,-0.09648512876676801,-0.07849997400944593,1.7985154757322084,5434649.817179851,5897612.223437484,
3155306,Rio Manso,7,7,0,0,0,0,False,5901210.970357064,5902450.424348058,1.4413488213909715,1.3835474229834048,1.4485528233703355,0.0005801082481603033,0.0010065640855555765,6087794.150686808,0.041586929343031626,0.0629310206069652,2.134409126393358,7363414.3422193155,6927462.0831129635,
3155405,Rio Novo,7,7,0,0,0,0,False,7327504.6045803875,6453874.2691211095,1.571089934943427,2.741736136177411,1.4381006721931233,0.0006343036242477603,0.001467877110573742,7534008.528617019,-0.03254653490139846,-0.015642709094128376,1.690382580727008,8467240.172470436,8601795.55807253,
3155504,Rio Paranaíba,7,7,0,0,0,0,False,56325154.33588137,48038132.20366087,1.6355495180403319,2.0844026229163326,1.6010598989403455,0.0047213131350674195,0.002262528613211413,58206768.78726908,-0.17899723955302152,-0.16333935899512048,1.5657880557901045,55320327.902870506,66120390.02626857,
3155603,Rio Pardo de Minas,7,7,0,0,0,0,False,18444262.555013426,14892430.956676165,1.8024517134065694,1.6976900744488022,1.8835647375010167,0.0014636670216641259,0.004073967893693284,19001687.73353157,-0.07956923914823287,-0.06169172609401757,1.7877513054215304,20316077.365441468,21651815.219394643,
3155702,Rio Piracicaba,7,7,0,0,0,0,False,25162778.791491818,31246139.062917363,0.9391862642369124,2.1151759905226704,0.4560318363331045,0.0030709521792492297,0.0023538535388692113,25437747.533872694,0.2146895381869772,0.21760997467078796,0.29204364838107677,35966635.46224204,29538716.182057016,
3155801,Rio Pomba,6,7,1,0,0,0,False,13363496.212243643,13359643.326177042,1.3215521824057705,1.9858920738847712,1.2300576738643514,0.0013130206488521355,0.0030146481582714844,13713696.610940356,0.07982824066002292,0.1155586239067885,3.5730383246765585,17500300.621144656,15687477.328494849,temporal_imputation
3155900,Rio Preto,7,7,0,0,0,0,False,5032159.140038806,5305517.844957045,1.357454042704486,1.2844583636646636,1.3492628375670113,0.0005214401547406825,0.000921467724704339,5197318.5875852285,0.10060239831207286,0.12363809295065273,2.3035694638579867,6637642.186641984,5907277.644184934,
3156007,Rio Vermelho,7,7,0,0,0,0,False,7694418.926218227,6894215.528093525,1.6434259886713836,2.5210536723959605,1.578594486819813,0.0006775815135937611,0.001845223798742351,7937742.6678918395,0.015234691111140215,0.03612905684296594,2.089436573182572,9358854.54086372,9032518.178169511,
3156106,Ritápolis,7,7,0,0,0,0,False,6326309.175396139,4950793.993735826,1.8890454899626503,1.7261365518345362,1.8914372077797301,0.00048657696790835146,0.0008602417805328952,6536107.275896475,-0.18184042067069603,-0.1659196637675088,1.5920756903187228,6194286.828118558,7426487.064900623,
3156205,Rochedo de Minas,7,7,0,0,0,0,False,5435130.27458483,4120422.2099804925,1.9131263069785183,3.1165432250729235,1.8999056405022658,0.00040496585961187514,0.000463274631127005,5631325.5518962685,-0.2517055360874854,-0.2368409217399237,1.4864614347561727,4869204.887067966,6380327.54346479,
3156304,Rodeiro,7,7,0,0,0,0,False,11640615.441050798,11548609.474688126,1.3482713642112854,1.9904442563556335,1.322130229368004,0.001135027510508702,0.0013874168669497189,12026444.137914138,-0.013939106357534673,0.00607708029252222,2.0016186650056897,13748021.851929393,13664978.679299684,
3156403,Romaria,7,7,0,0,0,0,False,17112856.44841854,12870724.65603086,2.053971903310842,5.570093302105024,1.9212646810761993,0.0012649684446249913,0.0006541356303252541,17668069.209191006,-0.2753568913148452,-0.2621854877159576,1.3171403598887577,14821860.340764582,20088870.70393987,iss_2025_anomaly
3156452,Rosário da Limeira,5,7,2,0,0,0,False,5607730.949927537,5257347.900169856,1.5217988832617038,0.0013354856809668796,1.6146118255944697,0.0005167058867205388,0.0007993047062077296,5813796.259430297,-0.05062675185342655,-0.02042147476096195,3.0205277092464597,6448510.93677026,6582944.369055749,temporal_imputation;iss_2025_anomaly
3156502,Rubelita,7,7,0,0,0,0,False,6042050.705626904,5558444.36533286,1.5064865825759035,1.2149134517896651,1.5577378547424257,0.0005462984339467635,0.0008730893690106611,6240808.658358907,-0.0536229259692156,-0.03429554339746248,1.9327382571753122,6849543.332643445,7092794.576863555,
3156601,Rubim,7,7,0,0,0,0,False,6248217.064115261,6191540.026756949,1.4706662765913794,2.0850113150668683,1.44362367609862,0.0006085207295465071,0.0014840246584616635,6464102.357745114,0.09445704452579692,0.1191722216346939,2.4715177108896977,8208920.450688991,7334814.33152336,
3156700,Sabará,7,7,0,0,0,0,False,99455852.79498829,114074143.76255503,1.0794428462465029,1.1687977060705006,1.0993494284751895,0.011211504873552856,0.021773623591106878,102006661.55452634,0.22089025558134048,0.2414120452126801,2.0521789631339606,144937016.3954239,116751740.04823928,
3156809,Sabinópolis,7,7,0,0,0,0,False,11256991.857925195,9863118.038471993,1.5900430501684149,2.385695497993586,1.431763498529969,0.000969373008724296,0.0021980362644709616,11571363.313796062,-0.04133016993759881,-0.024657211591832446,1.6672958345766364,12888804.772185827,13214640.97071074,
3156908,Sacramento,7,7,0,0,0,0,False,108827169.60290788,103952814.48291783,1.463242334504192,1.5118417436250424,1.4471314294839726,0.010216754189456693,0.004857848472161403,112379177.38014796,-0.08080224002423408,-0.06303288189933075,1.7769358124903336,119700151.59841458,127752777.32377563,
3157005,Salinas,6,7,1,0,0,0,False,31252061.903018337,24407773.528889112,1.9733970498485474,2.161968097247622,2.115341353215626,0.0023988597489831864,0.006112731362520276,32060237.228048358,-0.1428783610575522,-0.10982472354940628,3.305363750814591,32657822.20045399,36686957.12452373,temporal_imputation
3157104,Salto da Divisa,7,7,0,0,0,0,False,9086558.884238044,8598807.675414184,1.491285919648483,1.1122699217075664,1.5359667719625936,0.0008451132831671104,0.0009962980792791035,9394209.630608508,-0.06376573712217855,-0.04424269793670705,1.9523039185471498,10194832.302752055,10666758.475968122,
3157203,Santa Bárbara,7,7,0,0,0,0,False,53433632.833987154,71933074.43248005,0.8704819097178244,0.8502940975736258,0.9002403041172039,0.00706977048408158,0.004978062937689566,54760636.89147274,0.30106162059116026,0.3201931215755892,1.913150098442895,82810457.4787935,62726017.978311434,projection_outlier_30pct
3157252,Santa Bárbara do Leste,7,7,0,0,0,0,False,7248579.902304401,6200173.413967659,1.7750765217381799,7.896545951344901,1.551611047640334,0.0006093692413967438,0.0013250129261512353,7464701.6293343315,-0.07222981772477534,-0.05537468145684427,1.6855136267931066,8037954.223508685,8509145.441819392,iss_2025_anomaly
3157278,Santa Bárbara do Monte Verde,6,7,1,0,0,0,False,4583473.982104967,4457320.6870997315,1.3973481572103679,1.0379011975997094,1.4633764616006977,0.0004380771221077566,0.00056242513254347,4745390.421398566,-0.03261962695953691,-0.008150048569527214,2.4469578390009694,5336711.95995162,5380563.816386611,temporal_imputation
3157302,Santa Bárbara do Tugúrio,7,7,0,0,0,0,False,4806813.573347927,4548608.000764377,1.5286084054680735,1.4242031308158258,1.5354356538496745,0.0004470490777875211,0.0007359796211499305,4973353.598886558,-0.02302010614540787,-0.0023463696460818482,2.067373649932602,5629503.356166955,5642743.317808492,
3157336,Santa Cruz de Minas,7,7,0,0,0,0,False,7704441.524224636,7046948.57021445,1.490484682662327,1.9326047751335063,1.4719944210429088,0.0006925925159963352,0.0013524598314830776,7930959.425863961,-0.026670453666171712,-0.009111478578067782,1.7558975088103932,8961876.960099539,9044283.757812817,
3157377,Santa Cruz de Salinas,7,7,0,0,0,0,False,4280280.084302423,3981050.5026225536,1.505479758045999,1.5545212381699502,1.5242939271928597,0.0003912680440969816,0.000648151395695118,4429032.062788367,-0.03903920731260825,-0.01851519356345362,2.0524013749154633,4931610.6949717915,5024642.931434541,
3157401,Santa Cruz do Escalvado,7,7,0,0,0,0,False,8513435.936822629,9228169.817967704,1.223238431747393,1.2606157825578015,1.2379493292455197,0.0009069686387782442,0.0007643538788639452,8686987.710478645,0.04914550196537087,0.06277232149028011,1.3626819524909246,10621310.96048233,9993966.483421886,
3157500,Santa Efigênia de Minas,7,7,0,0,0,0,False,3486477.8726907475,3808966.218208472,1.2881556850559457,1.471232574936554,1.2614010266794908,0.00037435515104572003,0.0007001172297928805,3603501.5580132375,0.1494447030578006,0.17499483557457382,2.555013251677321,4809012.293816844,4092794.409147536,
3157609,Santa Fé de Minas,7,7,0,0,0,0,False,6698472.704846121,5625845.141662316,1.7596825896157904,1.2821944730947235,1.7595120280729246,0.0005529227583324179,0.0006287506125594529,6929448.518512412,-0.1721725312055872,-0.1550806627785145,1.7091868427072692,6643914.853420158,7863371.757200694,
3157658,Santa Helena de Minas,7,7,0,0,0,0,False,5673845.690170138,4815681.300007984,1.6815518638400868,2.9212620742264837,1.6507848065713984,0.0004732977393799162,0.0009052353658419126,5867751.50514339,-0.1023884065234886,-0.0837439055157388,1.8644501007749794,6102775.764888213,6660556.8046162035,
3157708,Santa Juliana,7,7,0,0,0,0,False,40419896.72387192,38195726.1215752,1.604017726595074,1.788691712581412,1.5319568309962275,0.0037539757515278236,0.002640982626656093,41669342.742036566,-0.09082993214571286,-0.07318241860928973,1.7647513536423132,43976684.05281849,47449125.84289835,
3157807,Santa Luzia,7,7,0,0,0,0,False,154559031.32352087,154108478.73870093,1.3546137092594692,1.0989987209952428,1.5790385695468185,0.015146183906768104,0.03427621385782358,158981976.63088703,0.08832966422353068,0.10951374998102428,2.1184085757493603,201307563.39327484,181437646.35338476,
3157906,Santa Margarida,6,7,1,0,0,0,False,10276081.467692815,8528896.423249941,1.7717382289809271,2.3692216193241395,1.7310610793035213,0.0008382422226576657,0.0023779034696491193,10598132.864744492,-0.05953319431550457,-0.03129028566725653,2.824290864824804,11685685.93066116,12063145.189692222,temporal_imputation
3158003,Santa Maria de Itabira,7,7,0,0,0,0,False,9750348.99076747,7520988.468502766,1.564165507859322,2.1090133130183095,1.5008239814368516,0.0007391823956537315,0.001717795551784108,10050517.209381593,-0.15246237264651918,-0.13721522642554485,1.524714622097434,9875421.676290466,11445985.115589494,
3158102,Santa Maria do Salto,7,7,0,0,0,0,False,4482798.312348583,4152891.204016967,1.612821277023896,1.0438603530330748,1.6234448074049281,0.0004081569971726971,0.0007807237552351484,4640228.490297263,-0.021440193887073297,0.00010419060747708082,2.1544384494550375,5262928.417479877,5262380.126897681,
3158201,Santa Maria do Suaçuí,6,7,1,0,0,0,False,7898251.988863306,6733804.139744507,1.6829841136115165,2.161606435630726,1.6377920986118928,0.0006618158632638154,0.0020779985093939655,8142756.418487279,-0.013821208460918307,0.019577448996409445,3.339865745732775,9453317.03414952,9271798.864769528,temporal_imputation
3158300,Santana da Vargem,7,7,0,0,0,0,False,10526107.164110955,10027210.477484578,1.4973939085376975,2.5329967245544456,1.4023025494372925,0.0009855004423303911,0.001208181383286154,10839589.166480854,-0.05085868511461919,-0.03364718895769686,1.7211496156922328,11940885.055132348,12356651.648017634,
3158409,Santana de Cataguases,7,7,0,0,0,0,False,6128108.252550788,4705000.493143356,2.059717924256712,0.992012722099839,2.11084277797651,0.00046241974052195885,0.0006479357650783512,6348525.687525186,-0.22493125905717143,-0.2083896791890406,1.6541579868130818,5694700.556109878,7193817.976344705,
3158508,Santana de Pirapama,7,7,0,0,0,0,False,8016418.466193039,7778070.87628861,1.4556876983266387,3.378558049545725,1.3242978603844442,0.0007644491263319398,0.0011213775259427219,8267001.396858792,-0.011960179023550996,0.006436885595361017,1.8397064618912014,9471089.51285918,9410515.10374297,
3158607,Santana do Deserto,7,7,0,0,0,0,False,4647153.132003023,4527724.120881337,1.4345889025087373,1.7241908974668232,1.4550406577242991,0.00044499655551240536,0.0006974889066575473,4805926.129099567,-0.0011223270358486496,0.019903207732989613,2.102553476883826,5563895.409330609,5455317.099843102,
3158706,Santana do Garambéu,7,7,0,0,0,0,False,4282909.947535526,4116131.564032312,1.5284298555549194,0.8081358533116301,1.6037252146286316,0.0004045441637185547,0.0004615440347543552,4434377.749748042,-0.05287831881549631,-0.032819799203507756,2.0058519611988554,4862721.047794256,5027730.141487293,
3158805,Santana do Jacaré,7,7,0,0,0,0,False,5394937.998506831,5086597.7712789,1.567176290252038,1.9635555935043354,1.5554931554772717,0.0004999241179596399,0.0008085656331715199,5578453.707834841,-0.029655977461992594,-0.008556027730322328,2.1099949731670264,6278959.053107707,6333145.622675488,
3158904,Santana do Manhuaçu,7,7,0,0,0,0,False,7687717.170022102,7846484.896667599,1.3221550309051884,1.105705038803956,1.426261844903387,0.0007711730349899344,0.0012957128465966123,7940981.2893178705,0.05665826033423946,0.07933786682310104,2.267960648886158,9740647.50725212,9024650.951904915,
3158953,Santana do Paraíso,6,7,1,0,0,0,False,39193278.99692659,30865903.37511892,1.7727206305642496,2.1889200111603637,1.6231055365558793,0.0030335816224671035,0.006469397442972247,40116432.93532099,-0.167925184146057,-0.13340833008782294,3.451685405823407,39871183.348422,46009192.94834978,temporal_imputation
3159001,Santana do Riacho,7,7,0,0,0,0,False,8473837.691857299,7620926.5970441615,1.4568072621477606,2.1794326229864596,1.3626567979422506,0.0007490045760202818,0.0008702090179680249,8705351.567583088,-0.10712777494080729,-0.09314073108274673,1.3987043858060557,9020966.1623392,9947481.898828473,
3159100,Santana dos Montes,7,7,0,0,0,0,False,5481212.353519737,4497714.920337312,1.867301275518995,2.144145319811216,1.8818100750534472,0.0004420471728823584,0.0006238075786810129,5664329.935928233,-0.1694311012324021,-0.15317745929224602,1.6253641940156078,5448814.885300456,6434423.534293816,
3159209,Santa Rita de Caldas,7,7,0,0,0,0,False,11287416.03858137,10194419.989908008,1.5889195776408946,3.5346318013873392,1.4748410725167267,0.0010019342300548188,0.0015356357059253378,11627738.86222606,-0.07454972034454548,-0.05753405407927238,1.7015666265273093,12488009.370840074,13250356.073757239,
3159308,Santa Rita de Jacutinga,7,7,0,0,0,0,False,5481384.23212126,5832124.73440315,1.3123797299746653,1.2706048597312019,1.3134012415989589,0.000573196455623035,0.0008371795466118771,5667253.268711595,0.07982930832280119,0.10300860543775209,2.31792971149509,7097447.082498464,6434625.303473216,
3159357,Santa Rita de Minas,6,7,1,0,0,0,False,6525321.990207218,5626490.087834386,1.598751754210333,3.981577716043662,1.4854208034289225,0.000552986145327164,0.0011237839560685695,6723688.30315231,-0.08198571976479055,-0.05938882653336859,2.259689323142196,7205184.338894213,7660109.2376347575,temporal_imputation
3159407,Santa Rita de Ibitipoca,7,7,0,0,0,0,False,6222159.159161392,5346303.962824683,1.6898057926982637,1.7204428818984003,1.7243661257319376,0.000525448720960545,0.0005893958236571689,6437636.36529061,-0.1538761340993084,-0.13685574010315646,1.7020393996151935,6304599.72819951,7304224.822109097,
3159506,Santa Rita do Itueto,7,7,0,0,0,0,False,7983931.299133145,6165352.701800929,1.8917946886045713,1.8101037585878166,1.911272324499536,0.0006059469708340958,0.0009346270859827204,8263378.894356938,-0.20969720017186888,-0.19346453154512672,1.6232668626742164,7559155.482630683,9372378.250285998,
3159605,Santa Rita do Sapucaí,7,7,0,0,0,0,False,53101213.03196728,52940770.14546464,1.305192870665879,1.6314303676301904,1.3306681927087278,0.005203157200381725,0.007454153034705694,54465450.654956944,0.0143892758007523,0.030902546199394993,1.6513270398642692,64262123.241954654,62335788.65322272,
3159704,Santa Rosa da Serra,7,7,0,0,0,0,False,6482062.115767562,5805242.891806074,1.6622700251622426,2.7443142691041285,1.6256798815556812,0.0005705544379023976,0.000629283904726753,6707857.423425408,-0.12031886079131093,-0.10193414953757755,1.838471125373338,6833676.047692516,7609326.247261036,
3159803,Santa Vitória,7,7,0,0,0,0,False,87964999.02611408,125420373.71996306,1.0073708389694178,1.4462600320053756,0.9805934719046637,0.012326641996376371,0.0034728998565051565,90861320.5020091,0.3497045647483364,0.37672519157210876,2.7020626823772376,142164177.84548298,103262567.37057523,projection_outlier_30pct
3159902,Santo Antônio do Amparo,4,7,3,0,0,0,False,15212571.171985403,16042573.083482912,1.2556845720542453,1.2241420291553358,1.266679075444884,0.0015767059946921664,0.0027984500408026365,15630741.633537212,0.004543687313618784,0.1246627249873004,12.01190376736816,20084357.390640117,17858115.98838835,temporal_imputation;projection_changed_10pp
3160009,Santo Antônio do Aventureiro,7,7,0,0,0,0,False,5589234.60655394,4355156.69583088,1.9092286307813005,1.3075411962022563,2.008553597444843,0.000428036178137171,0.0006668326724258584,5783003.267060175,-0.2014556052873091,-0.18502736314837306,1.6428242138936038,5347224.068004886,6561231.415894023,
3160108,Santo Antônio do Grama,7,7,0,0,0,0,False,6846817.009228342,7229043.98065454,1.2684246736730396,0.9970551286859276,1.4449562942071148,0.0007104893286680146,0.0007212103007031252,7025980.945118354,0.03255895943231618,0.049955785620383844,1.7396826188067662,8439034.224932611,8037513.90345096,
3160207,Santo Antônio do Itambé,7,7,0,0,0,0,False,4419260.573098965,4868369.397152483,1.2275683302131466,1.5093357716230453,1.2082717837290142,0.0004784760632176419,0.000615604601576583,4568862.051225263,0.10051043185492367,0.12385834652434669,2.3347914669423013,5830344.290165712,5187792.846132861,
3160306,Santo Antônio do Jacinto,7,7,0,0,0,0,False,6982298.173278204,5798510.395022719,1.7326732257675506,4.587053409902143,1.4707937740128356,0.0005698927505295352,0.001533818052939134,7182105.043412374,-0.05862540793867242,-0.042171268009056545,1.6454139929615876,7850896.785316285,8196555.942728305,
3160405,Santo Antônio do Monte,7,7,0,0,0,0,False,25059512.770720318,21907981.550818723,1.5157143546635945,1.2811298142959109,1.606037691290479,0.002153173662543288,0.004575527316568847,25797967.38723392,-0.056397120647360396,-0.038624182958186995,1.7772937689173403,28281265.085829545,29417491.66611241,
3160454,Santo Antônio do Retiro,7,7,0,0,0,0,False,5623822.747486978,5225423.88143251,1.5512926417192132,1.7194109509461606,1.5775720993942188,0.0005135683107558911,0.0010349484105867757,5822368.954586157,-0.009961629600131547,0.012097400283677059,2.2059029883808603,6681699.649373838,6601834.613448319,
3160504,Santo Antônio do Rio Abaixo,7,7,0,0,0,0,False,3059493.20510076,2907223.3120787605,1.4793507708809026,1.5280726427981357,1.5158329337959016,0.00028572950238156097,0.0004081880885840558,3164482.3921866296,-0.03793918890419876,-0.01780020893238699,2.0138979971811777,3527624.4716151785,3591554.8992133136,
3160603,Santo Hipólito,7,7,0,0,0,0,False,4388045.284254522,3846660.811867767,1.697082802391354,1.450290628851686,1.6716064905257186,0.00037805987418962063,0.0005403253121233667,4534736.355228955,-0.11162009041537715,-0.0938323285245928,1.7787761890784348,4667804.74648781,5151149.057092015,
3160702,Santos Dumont,6,6,0,0,1,1,False,34601880.5902821,32875104.12665362,1.4533623408308498,1.7644666338269657,1.4158672586020797,0.0032310511214682573,0.006842269035511566,35423115.55424608,0.028422009810395485,0.044131981877445624,1.570997206705014,42411937.99478849,40619326.6090058,legacy_snapshot_used
3160801,São Bento Abade,7,7,0,0,0,0,False,6193166.1087227,5739940.92505742,1.5028611425169067,2.1961617747950477,1.4630699358625456,0.0005641363900055923,0.0008646016216065249,6384328.420236299,-0.050786794481099636,-0.032858549600101844,1.7928244880997792,7031301.840374827,7270189.730227664,
3160900,São Brás do Suaçuí,7,7,0,0,0,0,False,6712632.30105629,6317568.313027493,1.683839600440895,2.6997946625940763,1.4192018405706446,0.0006209071187765574,0.0007586782467996185,6874806.845256396,-0.05913470345431081,-0.04563344247569272,1.350126097861809,7520402.537546431,7879993.780434715,
3160959,São Domingos das Dores,7,7,0,0,0,0,False,6258031.633931429,5435424.253503016,1.671608852738877,2.5459550436535547,1.6449106219007068,0.0005342076959597557,0.0009584898326058921,6473223.963538641,-0.09117049631922969,-0.07211692369720882,1.9053572622020871,6816540.57424896,7346335.705798081,
3161007,São Domingos do Prata,7,7,0,0,0,0,False,11672157.585311595,11733827.396071846,1.3362520248988894,1.5287469781372294,1.3184816544429387,0.0011532312117136418,0.0026750351141748676,12009801.614487905,0.10310338951335496,0.12402886614668307,2.092547663332811,15401450.454259293,13702006.165604506,
3161056,São Félix de Minas,7,7,0,0,0,0,False,4400718.714965699,3816396.0726778484,1.6633420993623709,2.288740247034015,1.577022988247076,0.0003750853765538474,0.0005950113050126606,4545239.970209867,-0.10819651659995136,-0.09063154802235235,1.7564968577599012,4697821.487496886,5166026.462959328,
3161106,São Francisco,7,7,0,0,0,0,False,35545481.07776928,25599816.93042513,2.12526159761483,2.7046768803261028,2.1139570690014615,0.0025160168887608555,0.007394408815362556,36603613.25614898,-0.16783338960626704,-0.15244083499182415,1.5392554614442888,35366121.70633662,41727024.10219995,
3161205,São Francisco de Paula,7,7,0,0,0,0,False,6933427.777942892,6622530.196699285,1.447929380408831,1.709061346299811,1.433333847520088,0.0006508795694324304,0.0010758955188488015,7162984.822984252,-0.012701326134537328,0.007616697759049984,2.0318023893587314,8201180.4582024235,8139186.732853807,
3161304,São Francisco de Sales,7,7,0,0,0,0,False,15682786.800491787,14587032.748692283,1.579218841852497,1.4978401519228928,1.6180383815710229,0.001433651687914941,0.0010576267851824133,16223443.547383044,-0.10647755763110746,-0.08758739911124555,1.8890158519861908,16797611.37232728,18410104.546961777,
3161403,São Francisco do Glória,6,7,1,0,0,0,False,6837760.63191418,5750704.135996118,1.6176246798416323,2.390143586432471,1.4358696066016654,0.0005651942264960899,0.0008499942949973087,7007826.493717568,-0.16237940384827884,-0.12467775866424444,3.7701645184034405,7026108.846729706,8026882.575276224,temporal_imputation
3161502,São Geraldo,6,7,1,0,0,0,False,8891022.888234794,8624702.088863352,1.3627516265757642,1.832357288816528,1.37520066087274,0.0008476582537713818,0.0018016454426123248,9186748.095386025,0.03797489339171081,0.06677213273578445,2.8797239344073633,11134133.048400942,10437217.758816931,temporal_imputation
3161601,São Geraldo da Piedade,7,7,0,0,0,0,False,4405882.971451018,3911355.913799361,1.6425548830165129,2.5674011155796577,1.6330785805439652,0.0003844182778267397,0.0006179815747423481,4558192.588354255,-0.08672641285722815,-0.06730923536440357,1.941717749282458,4823959.467298284,5172088.810360433,
3161650,São Geraldo do Baixio,7,7,0,0,0,0,False,4126260.2536372305,3387802.5883130208,1.8314824198094957,2.558509546977838,1.7922152033887997,0.0003329620891879459,0.0006318883423877238,4270267.173832409,-0.13308573591482734,-0.11481924627015345,1.826648964467388,4287672.39796938,4843838.255523074,
3161700,São Gonçalo do Abaeté,7,7,0,0,0,0,False,24712429.74009914,21567537.06890765,1.5557176084192792,2.063817567609293,1.4411420811851143,0.0021197138894323447,0.0013234303118955367,25398888.08642666,-0.15653638515438953,-0.14393448354797667,1.2601901606412862,24834502.666049354,29010049.10112059,
3161809,São Gonçalo do Pará,7,7,0,0,0,0,False,13355751.44937982,11852828.161056828,1.5638862413180683,2.57159679367684,1.4795884439239952,0.0011649269177919862,0.0020700858599013196,13744367.758376215,-0.07004564573390486,-0.053355105791940236,1.6690539941964622,14841863.783034235,15678385.711307913,
3161908,São Gonçalo do Rio Abaixo,7,7,0,0,0,0,False,230882606.388081,223577585.6552798,1.4223991105904195,1.71936434067889,1.3227812404136343,0.021973789226145027,0.0018653946753520731,236839277.00640267,-0.12223432403339725,-0.1097038543033115,1.2530469730085745,241300780.1046807,271034285.9182595,
3162005,São Gonçalo do Sapucaí,7,7,0,0,0,0,False,28913300.79653198,25704522.35508784,1.6441468487083666,1.6568563655996342,1.6244922951510135,0.002526307611445015,0.0038862895068266135,29774402.753240496,-0.0887373825223429,-0.07181896371550547,1.691841880683742,31503831.920003768,33941473.36398242,
3162104,São Gotardo,7,7,0,0,0,0,False,55504108.96544275,44280761.7894056,1.8531691047094951,1.7092692926027993,1.8980783938131507,0.004352028954430913,0.0065409275970847785,57046739.48169742,-0.18346105962551762,-0.16974078917374227,1.3720270451775347,54096834.5996134,65156560.61891477,
3162203,São João Batista do Glória,7,7,0,0,0,0,False,26848877.453253254,27746009.287151735,1.2777939495307968,1.7088161153518564,1.2705435752976983,0.002726950280617886,0.0013183972430862178,27793494.88319539,-0.007064929318048091,0.013758625689392826,2.0823555007440917,31951680.984206364,31518036.122728974,
3162252,São João da Lagoa,7,7,0,0,0,0,False,5262360.779067965,5089943.421910741,1.4294530128737482,1.2942371143677698,1.4410383822144406,0.0005002529372444217,0.0008010661461206285,5441924.895909148,-0.005500223380447365,0.01561818715201294,2.1118410532460308,6273994.085966115,6177512.538998135,
3162302,São João da Mata,7,7,0,0,0,0,False,3813326.071332106,3728793.8626678437,1.3993806693245865,1.8489616585489255,1.3966966286186402,0.0003664756024887839,0.0005278409183358534,3946910.389481532,-0.009920480864897134,0.011818377978786047,2.173885884368318,4529387.970685927,4476483.200210158,
3162401,São João da Ponte,7,7,0,0,0,0,False,14041994.203252371,12244703.717061667,1.5790737262256136,1.7804699592333781,1.6136155713929883,0.0012034414712311912,0.0033660287053973947,14504293.903550543,-0.006620776179684648,0.014477696350297069,2.109847252998172,16722619.536733046,16483969.629785493,
3162450,São João das Missões,7,7,0,0,0,0,False,8845457.875571309,8525474.98966679,1.4723119619147076,1.2764762429680638,1.4997494934075952,0.0008379059552264424,0.0017714141129968992,9152179.434707599,0.03544813854736059,0.05889447801852388,2.3446339471163284,10995273.03965598,10383728.754758539,
3162500,São João del Rei,7,7,0,0,0,0,False,85520315.18723187,79320026.6363663,1.491671825875913,1.606582111126272,1.4394095251678782,0.007795779445472163,0.015685087002438865,87528324.28018376,-0.004755653452534103,0.010007209115840843,1.4762862568374946,101397391.5131318,100392740.3665712,
3162559,São João do Manhuaçu,6,7,1,0,0,0,False,7908143.453772103,7388854.524162558,1.4384513404280241,3.0283568907974496,1.391467766533795,0.0007261959263972487,0.0017103396738229768,8137107.061459243,0.020594776802003348,0.04785371509114994,2.7258938289146593,9727656.188047841,9283410.506591236,temporal_imputation
3162575,São João do Manteninha,7,7,0,0,0,0,False,4396501.32084745,4448492.84844011,1.3500426337820344,1.177245959629129,1.325338095566336,0.0004372094990611064,0.0009471641889486179,4549161.952251581,0.09227825271929271,0.11664571947003076,2.4367466750738047,5763093.023711087,5161075.642188732,
3162609,São João do Oriente,6,6,1,1,0,0,False,4954836.899452013,5345329.414345461,1.306597684927192,1.618977148743916,1.3169440532709789,0.0005253529397899491,0.0011561540650574752,5119167.813941455,0.01888782487216696,0.19408141091703826,17.519358604487127,6945384.874505766,5816508.665997744,temporal_imputation;projection_changed_10pp
3162658,São João do Pacuí,7,7,0,0,0,0,False,3485555.721684128,3586070.13666862,1.3063673748905391,1.537082533075086,1.315251421942674,0.00035244834182450387,0.000678665233913236,3608076.72383967,0.08733865675933897,0.1119300650308613,2.4591408271522326,4549697.469392859,4091711.8913108837,
3162708,São João do Paraíso,7,7,0,0,0,0,False,14759529.765091814,12038052.713076213,1.731737247939453,1.8121055474272476,1.7451295982666715,0.0011831312706731222,0.0032693578661502415,15227039.698537268,-0.07235167861027963,-0.05373538001425868,1.861629859602096,16395253.649355788,17326288.337402742,
3162807,São João Evangelista,6,7,1,0,0,0,False,10467685.622648634,9722905.018961057,1.5320456585182731,2.4055998799367235,1.4211757693733396,0.0009555925068530345,0.0023826958586481792,10763135.906864967,0.012654726974181539,0.053873981435534235,4.121925446135269,12950077.56942886,12288070.29829972,temporal_imputation
3162906,São João Nepomuceno,6,6,1,1,0,0,False,17020390.817433763,15865351.63956022,1.5053386252690861,1.7410696747751588,1.4658258697780353,0.0015592882081833055,0.00423563339393777,17522702.554191962,-0.061454132760006754,0.07730986321908756,13.876399597909431,21525001.000450645,19980324.82143274,temporal_imputation;projection_changed_10pp
3162922,São Joaquim de Bicas,7,7,0,0,0,0,False,48528937.820326686,36281970.70228679,1.9525882919590969,2.9247278612690897,1.5966399266661593,0.003565886869135675,0.0049481962830602196,49510347.683761865,-0.2384619478913362,-0.2301123869796879,0.8349560911648318,43859243.26801786,56968371.13141176,
3162948,São José da Barra,7,7,0,0,0,0,False,25916723.93977839,27417058.053876948,1.2433049901011035,0.9770083269585789,1.2946500062875559,0.0026946200940096204,0.001332159661558197,26823739.550205763,0.016293710571755857,0.03774218060017102,2.144847002841516,31572035.950873766,30423776.29153929,
3162955,São José da Lapa,7,7,0,0,0,0,False,28171149.84144479,27702129.60812733,1.3446823227725937,1.4618741365971113,1.402808140093197,0.002722637671125448,0.004045098283965083,28905662.39720916,0.005191101280835452,0.021762551061615034,1.6571449780779581,33789951.708542824,33070258.51890436,
3163003,São José da Safira,7,7,0,0,0,0,False,4183437.2861553053,3884136.1920592883,1.5323892719305343,1.455020954795747,1.5198724563612,0.000381743052461202,0.0006703842829881028,4331275.03061031,-0.03252567028652911,-0.011475854020107465,2.104981626642165,4854601.2249610275,4910958.669753904,
3163102,São José da Varginha,7,7,0,0,0,0,False,12701086.41455318,10137569.68192905,1.79412593817199,2.827090690783218,1.8228170904553846,0.0009963468332622927,0.0008500110692195022,13143955.326899055,-0.23185085594937008,-0.21687688952810133,1.4973966421268747,11676264.586017776,14909871.040559418,
3163201,São José do Alegre,7,7,0,0,0,0,False,3694835.425911786,3859510.5161791616,1.275717726322885,1.5509302308080517,1.2773663219065505,0.0003793227766998581,0.0006959036308729086,3825766.672474245,0.09505053621684598,0.11992204958451003,2.487151336766405,4857534.687801491,4337386.418638361,
3163300,São José do Divino,7,7,0,0,0,0,False,3907214.998864566,3835539.0150930034,1.385113076675232,0.7788345792751181,1.4688018256708018,0.00037696679494633067,0.0006434952347666098,4044327.2963920683,0.017889715665653498,0.040597921535495435,2.2708205869841938,4772910.380458536,4586699.897896854,
3163409,São José do Goiabal,7,7,0,0,0,0,False,3614860.289551801,4440676.667241251,0.9950854723360497,0.8794599190364482,1.1105743579417353,0.0004364413043527071,0.0009069705148622752,3727866.6876082406,0.3173890595014208,0.3454296938699003,2.804063436847948,5709335.201060399,4243503.192380469,projection_outlier_30pct
3163508,São José do Jacuri,7,7,0,0,0,0,False,5785175.690556666,4996218.72683662,1.6930020041380562,0.8985962889357164,1.7531455799074955,0.0004910414293519496,0.0009609827669118298,5989828.457948026,-0.08431682557573443,-0.06405053514367615,2.0266290432058285,6356264.620518182,6791247.667943186,
3163607,São José do Mantimento,7,7,0,0,0,0,False,3961180.3559583784,3301881.648133715,1.7010084832337762,1.6716899683772688,1.721960631887795,0.00032451755471424743,0.0005278693460845036,4100500.9675855096,-0.14086211014693745,-0.12274424283889998,1.8117867308037465,4079283.2298519383,4650050.109734207,
3163706,São Lourenço,7,7,0,0,0,0,False,44612982.24071439,39644018.936355315,1.5770523680910253,1.670485397665384,1.6770641941414945,0.003896317753103897,0.008159365967768837,45510736.677002564,-0.03796837989833992,-0.025410826718036492,1.2557553180303427,51040609.78030476,52371410.62056302,
3163805,São Miguel do Anta,7,7,0,0,0,0,False,5361198.546854314,5698086.658793198,1.3030827601297237,1.7619304510427007,1.3054045281706528,0.0005600228433707209,0.0010982678114203922,5544529.070135924,0.12658866104595187,0.15225805871154854,2.566939766559667,7251780.691637453,6293538.705857585,
3163904,São Pedro da União,7,7,0,0,0,0,False,8319404.777973146,7727636.433181743,1.4423973966457209,2.119303709627597,1.4295984030777404,0.0007594922975008197,0.0008724873797523239,8600162.042556087,-0.08285290449487308,-0.06452166984647839,1.8331234648394688,9136061.266997531,9766192.302389527,
3164001,São Pedro dos Ferros,6,6,1,1,0,0,False,5706938.739594083,6542054.839850017,1.169678626733416,1.665481498752152,1.14459776318016,0.0006429702411152746,0.00119773557083412,5892303.809578036,0.06066316152897655,0.23209483107987214,17.14316695508956,8254302.15662748,6699404.906514362,temporal_imputation;projection_changed_10pp
3164100,São Pedro do Suaçuí,7,7,0,0,0,0,False,4670365.515373706,4569493.782761463,1.4503974930267467,2.2377091293762548,1.4137369423702744,0.00044910178700737456,0.0008441466096226273,4818922.188946535,0.03228767868588339,0.05315948763634827,2.087180895046488,5774016.648829995,5482566.236751921,
3164209,São Romão,7,7,0,0,0,0,False,10714705.428819655,10679489.600346133,1.7171050494947444,1.4354366391703008,1.7300027732989565,0.0010496081386379887,0.0016163912378561738,11073210.662920471,0.019481408031377788,0.040774945653116276,2.129353762173849,13090917.355296519,12578048.126515565,
3164308,São Roque de Minas,7,7,0,0,0,0,False,18408726.31975377,15720727.12842605,1.6201559225246114,2.6434680606374994,1.5640925256375569,0.0015450741333900638,0.0014387571503301074,19005666.13145611,-0.17313853281770666,-0.15755829687740758,1.5580235940299088,18205248.64749266,21610099.049006153,
3164407,São Sebastião da Bela Vista,7,7,0,0,0,0,False,14655538.54370178,16638223.29083098,1.2614085414929728,1.7830743630805066,1.1897724052258023,0.0016352480532371438,0.001041531611899446,15094548.949478006,0.09196316237327068,0.11334700301531529,2.138384064204461,19154258.431347266,17204212.504700817,
3164431,São Sebastião da Vargem Alegre,7,7,0,0,0,0,False,5309345.815152746,5321592.888200111,1.4838680747617634,1.7699535692383082,1.4630149658356324,0.0005230200519874884,0.0005922742845593165,5488643.274143769,-0.011729431454167681,0.007883535546464976,1.9612967000632655,6281803.979690497,6232668.515896097,
3164472,São Sebastião do Anta,7,7,0,0,0,0,False,5084725.302250776,5085689.88731177,1.4108036431248607,0.9468843119753754,1.4393299839625482,0.0004998348887514568,0.0010111162713574149,5263674.919078691,0.06586347425533944,0.09019797519128295,2.433450093594351,6507375.724978331,5968985.333912921,
3164506,São Sebastião do Maranhão,6,7,1,0,0,0,False,6039366.999267206,4708146.926600305,1.9820717093372306,2.407518901229924,1.9380754442222496,0.0004627289802223271,0.0014176893659411088,6235533.576823747,-0.10081561114593778,-0.07333735163520391,2.7478259510733865,6569708.433349285,7089644.160085981,temporal_imputation
3164605,São Sebastião do Oeste,7,7,0,0,0,0,False,20970748.39055741,20160453.321061496,1.4041873542554453,1.594738538003643,1.413076729041714,0.0019814220226153484,0.001333151842968203,21643987.884361874,-0.07469862228767844,-0.056992089842139305,1.7706532445539138,23214657.549476895,24617670.01041458,
3164704,São Sebastião do Paraíso,7,7,0,0,0,0,False,72796487.07460105,69642080.33856007,1.4025185645105682,1.5529609687467274,1.4369300491741945,0.0068446055991911985,0.01224869010694849,74596237.7975283,0.005751389169864919,0.02159359002315615,1.584220085329123,87301478.28786129,85456172.72900318,
3164803,São Sebastião do Rio Preto,7,7,0,0,0,0,False,4678841.722431973,3040573.266660425,2.283458060678818,1.5146150557660902,2.3771078185840797,0.0002988354843014633,0.00032124862132340597,4847012.566283944,-0.3630486856938807,-0.350065453123887,1.298323256999373,3569776.2226775214,5492516.500062233,projection_outlier_30pct
3164902,São Sebastião do Rio Verde,6,7,1,0,0,0,False,4263382.517424555,3903018.422662139,1.560135083193337,1.8043256804368166,1.545939808275455,0.000383598847415649,0.00046614989008593943,4410099.426497591,-0.09642981341150376,-0.07224590327529666,2.4183910136207105,4643230.002989618,5004806.790271091,temporal_imputation
3165008,São Tiago,6,7,1,0,0,0,False,10527740.315164981,9891525.945796702,1.4582358494973486,2.1125331268471674,1.4066847094707169,0.0009721650120732875,0.001879042247453348,10842643.34154547,-0.01706495159609805,0.016098276153302678,3.3163227749400725,12557520.466090728,12358568.812487707,temporal_imputation
3165107,São Tomás de Aquino,7,7,0,0,0,0,False,10351527.230686476,11071715.614122,1.185626060677616,1.3611957012842428,1.1764580150628738,0.0010881571359825193,0.0011631736515633991,10709040.706153575,0.04702222176064837,0.06908768510504888,2.2065463344400515,12991244.969131384,12151711.361126436,
3165206,São Tomé das Letras,7,7,0,0,0,0,False,7434547.323159439,6545748.575916387,1.5201519478291587,2.6158087331297764,1.4920452589776845,0.0006433332711459531,0.0012195556469526648,7665307.199937622,-0.06863157194207781,-0.05093662891605338,1.769494302602443,8282906.495786601,8727453.559109027,
3165305,São Vicente de Minas,7,7,0,0,0,0,False,9763675.583408058,9622025.252638217,1.3676796527976407,1.372388323976753,1.3672327329170175,0.0009456777798652467,0.0012908471229123744,10091262.555657018,-0.007938652659615953,0.01270681424020503,2.064546689982098,11607270.06566896,11461629.271624332,
3165404,Sapucaí-Mirim,7,7,0,0,0,0,False,10467320.440137316,8651097.26195711,1.7448150015892687,2.4071224145074632,1.4124565072803934,0.000850252440341784,0.0011470999230561033,10691214.9664076,-0.1619783786990131,-0.1519333783075528,1.0045000391460306,10420738.707624443,12287641.608660718,
3165503,Sardoá,7,7,0,0,0,0,False,6239092.239860626,5200936.455414251,1.8254633701545284,2.032550188656436,1.8061419868195465,0.0005111616225521565,0.0009023764824321686,6446581.580800258,-0.12946534475246796,-0.1117339206375353,1.7731424114932657,6505751.948545031,7324102.653131149,
3165537,Sarzedo,7,7,0,0,0,0,False,78616886.3857357,72645389.09760092,1.4539631116028435,1.5756835933717932,1.400298203465443,0.007139778630328365,0.005838114257657166,80547914.2986976,-0.10603623439873931,-0.0937415046845546,1.2294729714184716,83637481.4607393,92288769.58734299,
3165552,Setubinha,6,7,1,0,0,0,False,6370381.999028586,5967569.049218766,1.491918593650688,1.6747087996465202,1.4616214182542562,0.0005865082767383538,0.0016264375195320468,6578516.424439266,0.05796599567888491,0.0876963484330515,2.973035275416659,8134037.351472981,7478224.3805368785,temporal_imputation
3165560,Sem-Peixe,7,7,0,0,0,0,False,3632981.273675243,3732642.3548093713,1.3254972237678098,0.8896645574341463,1.483091892878601,0.00036685384235083697,0.00048505850241141685,3756136.5939366077,0.029422903462518038,0.05163749553468705,2.2214592072169013,4484997.835698718,4264775.5093768295,
3165578,Senador Amaral,7,7,0,0,0,0,False,11649514.563237097,7698773.891076041,2.666570356348664,1.9274945043292426,2.6479786670519445,0.0007566556114577953,0.0009824383837246146,12060245.043095859,-0.3386713013848313,-0.3250564541083393,1.3614847276492037,9230140.114337424,13675425.404866394,projection_outlier_30pct
3165602,Senador Cortes,7,7,0,0,0,0,False,4452670.961620186,3835708.110645122,1.6340547177127935,2.7038911387029336,1.619813906325612,0.0003769834140989637,0.00043343749166176605,4608771.506715281,-0.1492925815565317,-0.13235091164116541,1.6941669915366275,4535213.475589112,5227013.474038803,
3165701,Senador Firmino,7,7,0,0,0,0,False,6872679.693424559,6235317.6825817255,1.4831604282596744,2.122207349632561,1.4550616783764518,0.000612823311932344,0.0013036029479737811,7096843.895646361,-0.022437146285985563,-0.002120644893790656,2.0316501392194906,8050765.14589252,8067874.242208004,
3165800,Senador José Bento,7,7,0,0,0,0,False,4262206.188599468,3609467.8177032406,1.7580657876120973,6.500579081471498,1.7297037514782638,0.00035474792704423173,0.0003876870777078461,4407319.786818623,-0.16723799835821038,-0.15161003676261892,1.562796159559146,4244856.308386976,5003425.891778563,iss_2025_anomaly
3165909,Senador Modestino Gonçalves,6,7,1,0,0,0,False,4996235.690176571,4560236.449715346,1.561650537083725,2.0021287832676773,1.5317176503333318,0.0004481919521303434,0.0006796355868481941,5163252.057068196,-0.07452955728203092,-0.048958707147106977,2.5570850134923946,5577958.868460809,5865106.920571541,temporal_imputation
3166006,Senhora de Oliveira,7,7,0,0,0,0,False,5283706.84382205,5162604.100671324,1.4822880936899698,1.73382745160084,1.483285111287474,0.0005073942185827729,0.0008894147411711848,5463790.350544254,0.01765334346430011,0.039997160913048654,2.234381744874854,6450656.016984438,6202570.794829083,
3166105,Senhora do Porto,6,7,1,0,0,0,False,4323674.513803207,3559696.123033484,1.8172974226187733,6.724681328770998,1.650755777007822,0.0003498562348609753,0.0005840968432946554,4462394.369023883,-0.15117910477074661,-0.13018937091091615,2.098973385983047,4414796.804778601,5075583.87669053,temporal_imputation;iss_2025_anomaly
3166204,Senhora dos Remédios,7,7,0,0,0,0,False,5960134.973701572,5146246.498189888,1.7025160949942666,1.960265644784203,1.7203855860751363,0.0005057865506758194,0.0015854886905905556,6162188.7759391945,0.009527399074053831,0.03216241970912338,2.263502063506955,7221661.931388753,6996633.2754334435,
3166303,Sericita,7,7,0,0,0,0,False,4603901.759227719,4878239.369518618,1.2835778160433657,1.613250015773102,1.2528351476571642,0.0004794461098875961,0.0011548115645603348,4755980.485671508,0.1680117912104177,0.19369256315260622,2.5680771942188514,6451364.087006351,5404544.089617139,
3166402,Seritinga,7,7,0,0,0,0,False,4424658.001398226,4092236.005890111,1.6528239366947692,2.0038416338659553,1.6300159461981711,0.00040219564583596424,0.00042014970203976874,4577120.718017472,-0.09598510594518556,-0.0776799106883157,1.8305195256869855,4790649.444901386,5194128.915132475,
3166501,Serra Azul de Minas,7,7,0,0,0,0,False,3824147.231572842,3714162.213077527,1.4005633816161995,2.479194411131492,1.387892564064199,0.00036503756574111034,0.0006486429140457578,3954732.55380462,0.014351735442362247,0.03599174404818236,2.164000860582011,4650759.857468815,4489186.2161910385,
3166600,Serra da Saudade,7,7,0,0,0,0,False,4211986.965154441,4280426.6742117,1.4160510270111681,1.87454511690618,1.413755488024931,0.0004206915163764122,0.000252090315995413,4361251.752521766,-0.0293108647362484,-0.008697932634840803,2.06129321014076,4901466.59005603,4944473.285609027,
3166709,Serra dos Aimorés,6,6,1,1,0,0,False,5341814.618698753,5476055.480206759,1.3741219473496156,1.698667112478913,1.3270983235484832,0.0005382010390713695,0.0012408653378946856,5507406.054502366,0.0019394947799536567,0.14485720679566,14.291771201570636,7179152.039802566,6270783.812329128,temporal_imputation;projection_changed_10pp
3166808,Serra do Salitre,7,7,0,0,0,0,False,57249978.53850908,57996206.726662524,1.562693002661965,1.458957549359509,1.3637312368193524,0.005700018715169991,0.002076940534926319,58468930.08425341,-0.01961407437936868,-0.006781338883992539,1.283273549537614,66750298.96895991,67206045.94154269,
3166907,Serrania,7,7,0,0,0,0,False,7166008.97921605,7254676.739210993,1.3604800237474182,1.663979032944851,1.3320427149319445,0.0007130085831458432,0.0012509208213564555,7408558.186410847,0.05469909732604029,0.07770905598931226,2.300995866327197,9065920.29515203,8412215.008093927,
3166956,Serranópolis de Minas,7,7,0,0,0,0,False,7876656.204694095,6320461.552567765,1.7529555429425243,2.2876347005284967,1.7728733533467473,0.0006211914739173124,0.0007375897137220117,8147564.703675507,-0.20466595467340518,-0.18892396603606204,1.5741988637343134,7499571.935755519,9246447.462025447,
3167004,Serranos,7,7,0,0,0,0,False,5530988.290105368,4022679.4590093135,2.207392753379123,1.5495355811736153,2.2228947101994327,0.0003953594466884625,0.0004174090422373583,5730957.07094153,-0.2883784577244645,-0.2739396220501337,1.4438835674330797,4714205.309784962,6492855.76372613,
3167103,Serro,7,7,0,0,0,0,False,15489866.26673502,12688991.18264627,1.767089026157498,2.316031050595808,1.7977344619935816,0.0012471072040727057,0.003054198452216993,15926610.32575945,-0.09021420912915645,-0.07400513929397079,1.6209069835185663,16837951.75747855,18183634.134470653,
3167202,Sete Lagoas,7,7,0,0,0,0,False,408301907.34481287,379950447.5123488,1.4311638074226067,1.9457487421300907,1.3509053538871316,0.03734252262160372,0.04055644600403095,418416654.955668,-0.08183288501280998,-0.068348804896996,1.348408011581398,446547611.131508,479307721.04267776,
3167301,Silveirânia,7,7,0,0,0,0,False,3485507.525014265,3229303.1700668125,1.5273576088168468,3.7464406030303263,1.4837957013489793,0.00031738435227482464,0.0004688015312481341,3607079.027476676,-0.057769434433187515,-0.03807480448229013,1.9694629950897387,3935866.3369397763,4091655.3129908256,
3167400,Silvianópolis,7,7,0,0,0,0,False,8962704.900443988,6830338.020412179,1.7796952184920267,2.6777828472129497,1.7341904167970248,0.0006713034652555634,0.0011626886585857765,9259365.21839166,-0.20596336984315536,-0.19035412260738857,1.5609247235766788,8518580.317991616,10521365.643736623,
3167509,Simão Pereira,7,7,0,0,0,0,False,7963563.541270575,7459389.1717045605,1.5590706250005864,1.6767152175861797,1.5391452587626104,0.0007331282558330721,0.0005571920192215335,8162080.162951743,-0.09470991109500762,-0.081397414791719,1.3312496303288623,8587527.271187866,9348468.433975458,
3167608,Simonésia,7,7,0,0,0,0,False,12218806.321452163,10517261.887998743,1.738075018701858,2.4272207013968714,1.6835565537719868,0.0010336639752402431,0.002936228025960756,12607455.80747712,-0.015610587912480413,0.004933443983390142,2.0544031895870556,14414483.883452952,14343719.944592867,
3167707,Sobrália,7,7,0,0,0,0,False,4607489.8763214,4309123.055603583,1.5486505198427383,2.384421890264937,1.5255343569063489,0.00042351187171037907,0.0009043965942090006,4765343.279026965,0.007151020115027656,0.02938825034810361,2.2237230233075955,5567710.08007673,5408756.198833552,
3167806,Soledade de Minas,7,7,0,0,0,0,False,4762280.184150674,5015620.416167187,1.2159156971733305,2.5181570831637257,1.148347797573995,0.0004929482780672691,0.0010269166389603628,4901582.566430886,0.13298478484764178,0.1539982344098835,2.1013449562241715,6451387.134051501,5590465.341873358,
3167905,Tabuleiro,7,7,0,0,0,0,False,4628516.60390557,4283679.841686681,1.544537026662602,1.2948762757570884,1.6230732199619955,0.00042101124617492067,0.0006903538154344289,4788540.001977144,-0.04595300727903863,-0.024835986712865656,2.1117020566172973,5298494.749817659,5433439.58310891,
3168002,Taiobeiras,7,7,0,0,0,0,False,24461433.360031318,19874443.57001015,1.767831541718656,2.0472577279327395,1.7225531019433757,0.0019533122370668345,0.005028377722172541,25116486.539247084,-0.08729685324295962,-0.071929461753518,1.536739148944162,26649919.659462053,28715403.15223779,
3168051,Taparuba,7,7,0,0,0,0,False,4702214.858266526,4368161.038532955,1.5984811770701035,0.4434040649916169,1.7238217369314224,0.00042931427891244525,0.0005712541506278313,4869937.353388711,-0.06905636384117603,-0.048416023495460134,2.0640340345715895,5252700.105852717,5519954.345119909,
3168101,Tapira,7,7,0,0,0,0,False,36872847.16472285,36495659.85337363,1.4687263283660097,1.8429276679482423,1.2848760428280745,0.00358688879717839,0.0008732885619887052,37740939.100126125,-0.07402356181107805,-0.06011027747583266,1.3913284335245393,40683339.07117202,43285226.017700106,
3168200,Tapiraí,7,7,0,0,0,0,False,5832727.848915443,4618361.886093365,1.8477093742815056,0.9333263507872461,1.8594106809717381,0.0004539046718732678,0.00040214483783999227,6044296.105433013,-0.23761913332695297,-0.22229381405986093,1.5325319267092046,5325008.222195842,6847069.392612128,
3168309,Taquaraçu de Minas,7,7,0,0,0,0,False,5245999.294869343,5330979.130227268,1.3769286219545662,1.2261651262929407,1.3649082191908324,0.0005239425563759576,0.0007490150635067386,5410072.199055532,0.03063722757128888,0.05048348514999701,1.9846257578708129,6469198.442827065,6158305.708064832,
3168408,Tarumirim,7,7,0,0,0,0,False,10901532.14696539,8385997.553701318,1.9873832256679118,3.0923233572254385,1.844478794698127,0.0008241977484277793,0.002152202614239581,11191606.887137033,-0.13287745867728507,-0.11861361635123256,1.4263842326052503,11279423.23761075,12797364.97733961,
3168507,Teixeiras,7,7,0,0,0,0,False,8235240.636818154,8211490.260307419,1.3367652190183563,1.4052475554629305,1.3320526335948881,0.0008070467157237456,0.00192527862446428,8496768.884880576,0.0985323823540442,0.12113462749810501,2.2602245144060813,10838447.459866157,9667391.58173444,
3168606,Teófilo Otoni,7,7,0,0,0,0,False,109424569.13225964,85918900.17328681,1.906206561956582,1.8682499561131491,2.070429347393313,0.008444333976577295,0.021900701992957346,112195568.05148199,-0.11606164662856029,-0.10167119720955686,1.4390449419003428,115393988.8697562,128454067.72143166,
3168705,Timóteo,7,7,0,0,0,0,False,142229374.8844163,139636232.51995414,1.4506042560953587,1.64701798698141,1.3952981850341795,0.013723813738901922,0.014773453307920825,145835565.6730881,-0.032657600955880606,-0.017975519494416038,1.4682081461464567,163962537.86061847,166963798.8822888,
3168804,Tiradentes,7,7,0,0,0,0,False,14126288.943488043,12018105.26883002,1.6005473214412131,2.2818371514506177,1.2821417680112912,0.001181170783738882,0.001551485138338191,14378701.23008743,-0.13853974822264514,-0.12989683093363866,0.8642917289006485,14428854.430149619,16582923.661376934,
3168903,Tiros,7,7,0,0,0,0,False,19192002.65465208,16799618.816679858,1.6730622399743915,1.4857534230574334,1.6944757603078868,0.0016511104271716853,0.0013143009896845357,19853054.585842095,-0.15840242277072508,-0.1412618924356665,1.714053033505858,19347018.50284678,22529591.190172464,
3169000,Tocantins,7,7,0,0,0,0,False,11400589.5273715,11084578.290895695,1.3586793553562475,1.4048097072043741,1.4281188256463158,0.0010894213134602427,0.002618543619154347,11754731.896999573,0.07291102344148256,0.0948724182040283,2.196139476254573,14652908.610236874,13383211.017656963,
3169059,Tocos do Moji,7,7,0,0,0,0,False,5542803.033513487,4816716.177238683,1.6673531434432787,1.6553099570755492,1.7027684900107958,0.0004733994498178194,0.0007374400850058319,5737825.669304322,-0.10988796686848472,-0.09111714651866476,1.8770820349819959,5913850.92308367,6506725.152126678,
3169109,Toledo,7,7,0,0,0,0,False,5607420.930517748,5259585.49786264,1.4389483112254646,1.727618347151806,1.4347140198383526,0.0005169258036676246,0.001148283864138521,5800315.247907525,0.017517888367291887,0.04002738488331537,2.2509496516023484,6846063.916290794,6582580.43566697,
3169208,Tombos,7,7,0,0,0,0,False,6437583.265399753,6738298.4763515955,1.2617098061526884,1.7509877583482756,1.2131369087199457,0.0006622575784072456,0.001437755542982421,6626981.921648645,0.13385712922363652,0.1556037123737626,2.1746583150126093,8733027.022626828,7557112.294739896,
3169307,Três Corações,7,7,0,0,0,0,False,85961802.88960478,82860840.7192631,1.3923865385254792,1.8277439116439052,1.3595000229529093,0.008143779904098205,0.012423830820172538,88307968.73852672,-0.011540198041587619,0.005219349987445105,1.6759548029032723,101437694.91707066,100911005.0640565,
3169356,Três Marias,7,7,0,0,0,0,False,69647645.6322152,76936209.38027827,1.2036787080791285,1.6432616545134078,1.1892187344493006,0.00756149165769862,0.004977394249990953,71541526.69625154,0.06556078601212845,0.08332423824610063,1.7763452233972188,88572298.81597151,81759731.47187203,
3169406,Três Pontas,7,7,0,0,0,0,False,61728555.26677496,53125648.170415364,1.5612577637983545,2.2363390888229397,1.4736332395243774,0.005221327495677234,0.009191640095607403,63481063.0528305,-0.09879982756656765,-0.08333623761824015,1.54635899483275,66424637.34706492,72463470.32904883,
3169505,Tumiritinga,7,7,0,0,0,0,False,5392809.037893707,5654292.17858527,1.2133208364750248,1.9288833223075719,1.154861619801958,0.0005557186074405532,0.0009914742230438419,5538061.429387934,0.10060285159809129,0.11910652265144162,1.8503671053350323,7084667.706592964,6330646.424799334,
3169604,Tupaciguara,6,7,1,0,0,0,False,49602099.98656015,44337414.22262368,1.5106670518170042,2.2282909206831976,1.4375926010119813,0.004357596903574981,0.004196593424711454,51110892.63852242,-0.14312507389526458,-0.11551767052833159,2.7607403366932988,51501780.14502066,58228161.74946585,temporal_imputation
3169703,Turmalina,7,7,0,0,0,0,False,18153933.79151176,16348849.260352328,1.5512982117828402,2.3447437182669852,1.4329076906336131,0.0016068076175171607,0.003037086464718565,18599368.53910038,-0.04421050851851118,-0.029724691472142413,1.4485817046368767,20677533.977832362,21310996.782145455,
3169802,Turvolândia,7,7,0,0,0,0,False,7104930.574972716,6677273.624162687,1.3820616694019494,3.202515022486481,1.337578017992812,0.000656259896503554,0.0008689403848082301,7347280.24771609,-0.05718775859859802,-0.03788428709444588,1.9303471504152139,8024540.297980501,8340514.7534143105,
3169901,Ubá,7,7,0,0,0,0,False,89886129.03576237,88932861.31178716,1.3442036112624132,1.7557874381798044,1.2263113455027541,0.008740553951397632,0.018329514130886924,91916172.49382079,0.07000493763614242,0.08538854426154112,1.53836066253987,114527802.46400854,105517791.82627092,
3170008,Ubaí,7,7,0,0,0,0,False,7046296.503008502,6290147.2899446795,1.63831411736532,2.1430350200023236,1.5983184239869537,0.000618212108989145,0.0017355446858419907,7280365.044167599,0.017405538291947464,0.03941596862000373,2.2010430328056265,8597720.346591884,8271683.913040875,
3170057,Ubaporanga,7,7,0,0,0,0,False,9419258.217886554,7707625.8230109,1.7793961669456824,4.023812341890444,1.619568308654455,0.0007575256024544808,0.001964704676127021,9675685.436977701,-0.07937315825250868,-0.06380362275472623,1.556953549778245,10351819.129467338,11057315.944681624,
3170107,Uberaba,6,7,1,0,0,0,False,713577519.6674716,649852484.4475088,1.4791999453824565,1.5326650522703371,1.5537699101457847,0.06386919994454744,0.062112335331792536,732644413.2592487,-0.140415653531767,-0.09804441927953779,4.23712342522292,755543243.1751181,837672341.4379307,temporal_imputation
3170206,Uberlândia,7,7,0,0,0,0,False,1504759911.0064955,1586708586.6194806,1.291320868154798,1.55879143392829,1.2063834058149434,0.15594586525077087,0.13462586783315275,1537483015.761353,0.020082380939437653,0.033930035335372796,1.3847654395935143,1826380999.4596782,1766445443.155407,
3170305,Umburatiba,7,7,0,0,0,0,False,4542401.50352899,4670135.470973411,1.1913334940831408,1.2133050723563035,1.2524647535221773,0.0004589931150564326,0.00048582375554709627,4698313.474897871,0.006515689237535812,0.026631806058742862,2.011611682120705,5474358.695652854,5332348.621331937,
3170404,Unaí,7,7,0,0,0,0,False,189286926.9600814,164715727.1909625,1.5891868996925682,1.6118089874929236,1.655091777906855,0.016188691996638624,0.015165521267445348,194662839.28786138,-0.15528439041609185,-0.1411063206625208,1.4178069753571054,190850386.42711875,222204902.67705092,
3170438,União de Minas,6,7,1,0,0,0,False,11680288.895247221,11028176.436063658,1.5739746001164887,2.052233315701771,1.5374073686221952,0.001083877991814603,0.000745588362418604,10996858.296343733,-0.02028079758236415,-0.0751439411992676,-5.4863143616903445,12681211.528794352,13711551.552398512,temporal_imputation
3170479,Uruana de Minas,6,7,1,0,0,0,False,7780353.778237968,6359426.972581036,1.9286552380085646,1.0835759085732783,1.9785386600805686,0.000625021097195381,0.0005972903302706011,8055073.634191698,-0.2119409931952672,-0.19178178787708672,2.0159205318180495,7381778.234805973,9133397.545468027,temporal_imputation
3170503,Urucânia,7,7,0,0,0,0,False,15466543.899405375,14193621.414504377,1.498269530824897,1.6793920015441741,1.4875558698357467,0.0013949861941836045,0.0016299608946204209,15999331.19529597,-0.09253708421886502,-0.07406073069469454,1.8476353524170472,16811590.3091655,18156255.886823498,
3170529,Urucuia,7,7,0,0,0,0,False,11392927.96847209,9163850.878776206,1.7859734388425639,3.043192362089219,1.6793629523870925,0.0009006472053979664,0.00236981335200367,11742908.270682532,-0.09417185027615013,-0.07687893805773485,1.729291221841528,12346021.46802886,13374217.074034238,
3170578,Vargem Alegre,6,7,1,0,0,0,False,3705131.934961027,4004845.4617753145,1.271502183759172,1.5192247295012882,1.2446486701146429,0.0003936066748480699,0.0009982700462981254,3831328.7279993985,0.19591582019235776,0.23076600662126312,3.485018642890536,5353184.184495803,4349473.543871698,temporal_imputation
3170602,Vargem Bonita,7,7,0,0,0,0,False,6402292.481324347,5447367.77396055,1.6904267767622199,1.9581434304148835,1.677869556102312,0.0005353815363533837,0.00047416768262919677,6625354.398499559,-0.18074333271872378,-0.1643243885157797,1.641894420294407,6280674.040338153,7515684.260766234,
3170651,Vargem Grande do Rio Pardo,7,7,0,0,0,0,False,5015364.05754295,4624684.442663872,1.4349229996233002,1.680083651132701,1.4166441549565125,0.0004545260692510215,0.000781646686242811,5184696.369793133,-0.04100022176692957,-0.021422905770654862,1.957731599627471,5761433.128093803,5887561.809967646,
3170701,Varginha,7,7,0,0,0,0,False,373076824.75554866,1469840318.2094612,1.3979978816750744,1.3514132333995375,1.415421591320102,0.14445974650707083,0.024791237745551253,383179096.0698842,2.6538113097567937,2.6914385816178057,3.7627271861012,1616690681.6974924,437956814.3834492,projection_outlier_30pct
3170750,Varjão de Minas,7,7,0,0,0,0,False,16492997.701342886,11559222.397823649,2.306776132161303,3.5123787223126266,2.2604523453278023,0.0011360705763212688,0.0012342415516807005,17037632.92350449,-0.31132153716533584,-0.2983006515790894,1.3020885586246422,13585752.17076804,19361215.31442366,
3170800,Várzea da Palma,7,7,0,0,0,0,False,40450435.73300432,32391283.87921806,1.808210456257518,1.724731215891364,1.8845111867470723,0.003183500003545005,0.005468754948482408,41666002.91593898,-0.16561621846738958,-0.15033352850781062,1.528268995957896,40346391.789030775,47484975.74368705,
3170909,Varzelândia,7,7,0,0,0,0,False,10748449.043052653,8747348.373414421,1.8461581057426917,1.4622518007354082,1.9333330223880167,0.0008597122510367888,0.002582910038814594,11118267.807701062,-0.05832191307024388,-0.03720838886898261,2.1113524201261273,12148177.132523345,12617659.92980823,
3171006,Vazante,7,7,0,0,0,0,False,41301131.99053562,39451170.02831791,1.396969765099137,1.1576067264490946,1.6192344620050392,0.003877364058594288,0.003496519023102342,42400351.34554691,-0.07581848840965683,-0.06036430929438558,1.5454179115271243,45556932.70127465,48483612.48077317,
3171030,Verdelândia,7,7,0,0,0,0,False,8813637.868440485,8267178.370690687,1.4305985311111808,2.2026606023254147,1.3618175722121575,0.0008125198887002663,0.0012534198552692638,9095970.327938577,-0.03836015480201068,-0.020300969677769915,1.8059185124240766,10136333.63694238,10346375.083793301,
3171071,Veredinha,7,7,0,0,0,0,False,6890213.775329214,6396037.331142028,1.5362979839770987,2.292480706753954,1.4375681230747521,0.0006286192588812004,0.0008700270232747247,7096047.926391333,-0.061459158553718585,-0.04441177502863157,1.7047383525087014,7729234.83276472,8088457.591653879,
3171105,Veríssimo,7,7,0,0,0,0,False,11534771.228228275,10363853.773078272,1.4724738155795336,2.2609920463446587,1.4028298834920143,0.0010185866249192673,0.0007146817251440739,11901811.551737316,-0.1346236641150181,-0.11862981591888706,1.5993848196131046,11934393.586544236,13540727.61037025,
3171154,Vermelho Novo,7,7,0,0,0,0,False,4418403.6954239635,4345178.835606947,1.3077325721449837,1.9312188735762805,1.2793529351400241,0.00042705552796668976,0.0007793532492392503,4566912.729082228,0.031804537593946094,0.05347006914231384,2.166553154836775,5464124.810001079,5186786.9529978335,
3171204,Vespasiano,7,7,0,0,0,0,False,129962815.99519005,124496099.8496341,1.4042404558936616,1.3861552229696472,1.4720539011220792,0.012235801945687406,0.020288842103246076,132559585.33386773,-0.0018563693861013727,0.01101514128169261,1.2871510667793982,154244536.20767537,152564021.9513777,
3171303,Viçosa,7,7,0,0,0,0,False,76800517.61824767,63120415.84003117,1.7384002423183391,1.9409255410107487,1.7659696605601318,0.006203639374091777,0.014150777081672346,78330083.08330539,-0.09545403010619836,-0.08404854066504244,1.1405489441155923,82579000.54679808,90156524.89571445,
3171402,Vieiras,7,7,0,0,0,0,False,5422871.718931899,4683886.25569077,1.6925924444695915,2.6827525368777154,1.6602072021628151,0.00046034457810308717,0.0006693824237374913,5612667.387843345,-0.12280266993825137,-0.10512398806334147,1.7678681874909896,5696724.459389038,6365937.161574364,
3171501,Mathias Lobato,7,7,0,0,0,0,False,6184376.608821468,4095373.5196580887,2.2781662089864336,7.0696735009835505,1.8837667254026256,0.0004025040088859972,0.0005478959916664571,6358004.867916932,-0.3296916966047407,-0.31973714036759204,0.9954556237148637,4938621.076967317,7259871.690828436,iss_2025_anomaly;projection_outlier_30pct
3171600,Virgem da Lapa,7,7,0,0,0,0,False,7678823.698309608,6735067.813085749,1.660544368681358,1.8954963861942755,1.5874597785749194,0.0006619400603812042,0.0019052061113069923,7923736.0961678615,0.006113739158531725,0.02715309258618229,2.1039353427650562,9258974.561516883,9014210.859458633,
3171709,Virgínia,6,7,1,0,0,0,False,10312773.467609785,8676812.94876989,1.6958953896483686,2.6979624232801824,1.2497661949720362,0.0008527798452252987,0.0013516432490529298,10506019.182698835,-0.14849053675611307,-0.11785135652102825,3.0639180235084815,10679483.890622143,12106218.118190322,temporal_imputation
3171808,Virginópolis,7,7,0,0,0,0,False,8216154.426901175,8344234.2786992425,1.4115201557728025,2.8277382018037804,1.221411703762903,0.0008200931446518708,0.0016374358364891232,8446497.525931519,0.08527424789774027,0.10445485689538637,1.9180608997646107,10652451.832500042,9644986.181186253,
3171907,Virgolândia,7,7,0,0,0,0,False,3766594.6829646523,3925400.396172694,1.3186293311914141,1.213363610501981,1.3389874396234052,0.0003857986062463235,0.0008049424744549087,3894566.493228518,0.11722199415968562,0.1422243424859001,2.500234832621448,5050487.687418214,4421624.9816796025,
3172004,Visconde do Rio Branco,7,7,0,0,0,0,False,31495086.30837147,37437094.47834088,1.1336682803662728,1.6314564286442204,1.0491481686103703,0.0036794154516665597,0.006871884741775457,32372922.640272997,0.25492520559113474,0.27813839891674547,2.321319332561073,47255645.68490561,36972244.73105257,
3172103,Volta Grande,7,7,0,0,0,0,False,8414285.268178962,8230240.037680142,1.4576831384996753,2.1679721633380584,1.3948857104426458,0.0008088894928286948,0.0008447439358748836,8686138.8668821,-0.04297403850113817,-0.02459947591532432,1.8374562585813852,9634589.881496707,9877573.000627501,
3172202,Wenceslau Braz,7,7,0,0,0,0,False,3677271.025192374,3257841.6589124384,1.537893924274439,0.8366513980693119,1.659957690728787,0.000320189189516843,0.0004962001428680905,3803568.0858966084,-0.09339689685376441,-0.07407931227826309,1.9317584575501325,3996984.3117599706,4316767.477779012,
