codigo_ibge,municipio,ano,request_status,data_status,new_iss,legacy_iss,adjusted_iss,iss_source,new_cota_raw,legacy_cota_raw,adjusted_cota,cota_source,cota_target_pr,total_real_2025,api_attempts,api_error
3100104,Abadia dos Dourados,2019,ok,ok,226285.18,226285.18,226285.18,new_observed,5088195.31,5088195.31,5223362.110860197,new_observed,12828054857.945,9494149.036054676,1,
3100104,Abadia dos Dourados,2020,ok,ok,262024.7,262024.7,262024.7,new_observed,5238910.67,5238910.67,4983388.363801984,new_observed,12945081975.46,8947934.785426103,1,
3100104,Abadia dos Dourados,2021,ok,ok,281157.06,281157.06,281157.06,new_observed,6343373.13,6343373.13,6236113.819527145,new_observed,16790773533.8425,8853204.968894575,1,
3100104,Abadia dos Dourados,2022,ok,ok,412935.08,412935.08,412935.08,new_observed,7163432.37,7163432.37,6063347.628489662,new_observed,17457373501.01,8232029.924833242,1,
3100104,Abadia dos Dourados,2023,ok,ok,423022.71,423022.71,423022.71,new_observed,8325442.29,8325442.29,7217667.5540487375,new_observed,17975926235.1,9431704.017812427,1,
3100104,Abadia dos Dourados,2024,ok,ok,591318.8,591318.8,591318.8,new_observed,9449048.63,9449048.63,9391018.275068862,new_observed,20140666841.11,10708311.124715282,1,
3100104,Abadia dos Dourados,2025,ok,partial,,,644693.2963317147,imputed_temporal,9675468.69,9675468.69,9691915.691492377,new_observed,21654451288.89,10336608.987824092,1,
3100203,Abaeté,2019,ok,ok,1564779.78,1564779.78,1564779.78,new_observed,9931879.29,9931879.29,10195717.501461845,new_observed,12828054857.945,20488649.626110084,1,
3100203,Abaeté,2020,ok,ok,1799867.37,1799867.37,1799867.37,new_observed,8911464.2,8911464.2,8476816.994231733,new_observed,12945081975.46,17530573.928700797,1,
3100203,Abaeté,2021,ok,ok,2270436.5,2270436.5,2270436.5,new_observed,12197447.01,12197447.01,11991201.889460828,new_observed,16790773533.8425,19373325.152216632,1,
3100203,Abaeté,2022,ok,partial,,,2901038.3640543246,imputed_temporal,12725485.89,12725485.89,10771239.359451111,new_observed,17457373501.01,17378889.16013298,1,
3100203,Abaeté,2023,ok,ok,3139262.95,3139262.95,3139262.95,new_observed,12951086.17,12951086.17,11227828.04598581,new_observed,17975926235.1,17734804.734685387,1,
3100203,Abaeté,2024,ok,ok,4306875.85,4306875.85,4306875.85,new_observed,14551866.6,14551866.6,14462497.816244613,new_observed,20140666841.11,20134392.50976192,1,
3100203,Abaeté,2025,ok,ok,4726156.62,4726156.62,4726156.62,new_observed,15898929.77,15898929.77,15925955.822177157,new_observed,21654451288.89,20652112.442177158,1,
3100302,Abre Campo,2019,ok,ok,1877473.77,1877473.77,1877473.77,new_observed,4430038.8,4430038.8,4547721.816433296,new_observed,12828054857.945,11193708.735188555,1,
3100302,Abre Campo,2020,ok,ok,1097350.11,1097350.11,1097350.11,new_observed,4134834.06,4134834.06,3933161.918345158,new_observed,12945081975.46,8581343.932198912,1,
3100302,Abre Campo,2021,ok,ok,1442095.41,1442095.41,1442095.41,new_observed,5482471.54,5482471.54,5389769.107868682,new_observed,16790773533.8425,9280555.92815837,1,
3100302,Abre Campo,2022,ok,ok,1785194.63,1785194.63,1785194.63,new_observed,7076818.04,7076818.04,5990034.618011877,new_observed,17457373501.01,9883126.281403378,1,
3100302,Abre Campo,2023,ok,ok,2054598.81,2054598.81,2054598.81,new_observed,7331729.12,7331729.12,6356176.830155928,new_observed,17975926235.1,10382301.029978193,1,
3100302,Abre Campo,2024,ok,ok,2795070.83,2795070.83,2795070.83,new_observed,7679179.24,7679179.24,7632018.354885894,new_observed,20140666841.11,11185408.214252448,1,
3100302,Abre Campo,2025,ok,ok,2580358.63,2580358.63,2580358.63,new_observed,8244660.98,8244660.98,8258675.799931396,new_observed,21654451288.89,10839034.429931395,1,
3100401,Acaiaca,2019,ok,ok,127519.09,127519.09,127519.09,new_observed,2224934.18,2224934.18,2284039.072189193,new_observed,12828054857.945,4201316.411676316,1,
3100401,Acaiaca,2020,ok,ok,198422.72,198422.72,198422.72,new_observed,2453653.68,2453653.68,2333979.326605299,new_observed,12945081975.46,4319920.678864429,1,
3100401,Acaiaca,2021,ok,ok,238215.42,238215.42,238215.42,new_observed,3037909.2,3037909.2,2986541.56965675,new_observed,16790773533.8425,4380581.248201554,1,
3100401,Acaiaca,2022,ok,ok,213137.45,213137.45,213137.45,new_observed,3154841.2,3154841.2,2670353.8080979306,new_observed,17457373501.01,3665217.7480672295,1,
3100401,Acaiaca,2023,ok,ok,299458.82,299458.82,299458.82,new_observed,3123436.21,3123436.21,2707835.0200248584,new_observed,17975926235.1,3712217.667972216,1,
3100401,Acaiaca,2024,ok,ok,236678.39,236678.39,236678.39,new_observed,3995914.61,3995914.61,3971374.113684147,new_observed,20140666841.11,4514086.741383264,1,
3100401,Acaiaca,2025,ok,ok,381849.44,381849.44,381849.44,new_observed,4821761.06,4821761.06,4829957.408300075,new_observed,21654451288.89,5211806.848300075,1,
3100500,Açucena,2019,ok,ok,540062.24,540062.24,540062.24,new_observed,3637824.98,3637824.98,3734463.008746564,new_observed,12828054857.945,7446900.249497204,1,
3100500,Açucena,2020,ok,ok,449405.97,449405.97,449405.97,new_observed,3784811.18,3784811.18,3600211.032725942,new_observed,12945081975.46,6908075.380450602,1,
3100500,Açucena,2021,ok,ok,365545.48,365545.48,365545.48,new_observed,4556717.03,4556717.03,4479668.066200875,new_observed,16790773533.8425,6581845.290078407,1,
3100500,Açucena,2022,ok,ok,1127105.74,1127105.74,1127105.74,new_observed,4902296.35,4902296.35,4149453.1409844276,new_observed,17457373501.01,6707055.970775916,1,
3100500,Açucena,2023,ok,ok,1433243.46,1433243.46,1433243.46,new_observed,5147105.03,5147105.03,4462236.560925348,new_observed,17975926235.1,7277408.2810196495,1,
3100500,Açucena,2024,ok,ok,1717298.07,1717298.07,1717298.07,new_observed,6219810.8,6219810.8,6181612.475230817,new_observed,20140666841.11,8473365.608528353,1,
3100500,Açucena,2025,ok,ok,2225581.88,2225581.88,2225581.88,new_observed,6110970.85,6110970.85,6121358.682353145,new_observed,21654451288.89,8346940.562353145,1,
3100609,Água Boa,2019,ok,partial,,,259094.354561907,imputed_temporal,3933742.3,3933742.3,4038241.3079398973,new_observed,12828054857.945,7486639.604396289,1,
3100609,Água Boa,2020,ok,ok,272558.61,272558.61,272558.61,new_observed,4607872.74,4607872.74,4383128.638915381,new_observed,12945081975.46,7941945.730092712,1,
3100609,Água Boa,2021,ok,ok,242349.05,242349.05,242349.05,new_observed,5466857.16,5466857.16,5374418.749485878,new_observed,16790773533.8425,7629941.659743209,1,
3100609,Água Boa,2022,ok,ok,386643.18,386643.18,386643.18,new_observed,5506321.29,5506321.29,4660718.271766645,new_observed,17457373501.01,6415722.163877352,1,
3100609,Água Boa,2023,ok,ok,883455.22,883455.22,883455.22,new_observed,5455543.79,5455543.79,4729634.77869175,new_observed,17975926235.1,6928824.708692057,1,
3100609,Água Boa,2024,ok,ok,2179841.57,2179841.57,2179841.57,new_observed,6151952.07,6151952.07,6114170.492603096,new_observed,20140666841.11,8897201.22358048,1,
3100609,Água Boa,2025,ok,partial,2179841.57,2179841.57,2179841.57,new_observed,,,6573603.983971418,imputed_temporal,21654451288.89,8753445.553971417,1,
3100708,Água Comprida,2019,ok,absent_dca,,,297516.29646752466,imputed_temporal,,,5531050.82888582,imputed_temporal,12828054857.945,10154287.424722262,1,
3100708,Água Comprida,2020,ok,ok,312977.21,312977.21,312977.21,new_observed,5877924.48,5877924.48,5591234.95360894,new_observed,12945081975.46,10071753.121573938,1,
3100708,Água Comprida,2021,ok,ok,363791.03,363791.03,363791.03,new_observed,8046593.29,8046593.29,7910534.440827288,new_observed,16790773533.8425,11240026.803657116,1,
3100708,Água Comprida,2022,ok,ok,495737.99,495737.99,495737.99,new_observed,9544296.67,9544296.67,8078583.783662675,new_observed,17457373501.01,10898856.119022224,1,
3100708,Água Comprida,2023,ok,ok,974422.02,974422.02,974422.02,new_observed,10056903.08,10056903.08,8718741.963044561,new_observed,17975926235.1,11965287.235155085,2,
3100708,Água Comprida,2024,ok,ok,1359689.6,1359689.6,1359689.6,new_observed,10463576.63,10463576.63,10399315.656280356,new_observed,20140666841.11,12614189.027527278,1,
3100708,Água Comprida,2025,ok,ok,1142776.49,1142776.49,1142776.49,new_observed,13902615.95,13902615.95,13926248.535934975,new_observed,21654451288.89,15069025.025934976,1,
3100807,Aguanil,2019,ok,ok,109782.78,109782.78,109782.78,new_observed,2932755.95,2932755.95,3010663.9734373335,new_observed,12828054857.945,5436312.6556637585,1,
3100807,Aguanil,2020,ok,ok,160198.11,160198.11,160198.11,new_observed,3300443.8,3300443.8,3139468.1574714463,new_observed,12945081975.46,5628765.211791421,1,
3100807,Aguanil,2021,ok,ok,136254.37,136254.37,136254.37,new_observed,4179040.49,4179040.49,4108377.612031234,new_observed,16790773533.8425,5766002.004381048,1,
3100807,Aguanil,2022,ok,ok,207611.5,207611.5,207611.5,new_observed,4625036.82,4625036.82,3914772.2189250416,new_observed,17457373501.01,5239979.115079494,1,
3100807,Aguanil,2023,ok,ok,313180.53,313180.53,313180.53,new_observed,4758407.58,4758407.58,4125258.791398765,new_observed,17975926235.1,5478830.384922716,1,
3100807,Aguanil,2024,ok,ok,366825.35,366825.35,366825.35,new_observed,4840203.35,4840203.35,4810477.741704619,new_observed,20140666841.11,5553826.91207519,1,
3100807,Aguanil,2025,ok,ok,419032.92,419032.92,419032.92,new_observed,5071443.47,5071443.47,5080064.244971429,new_observed,21654451288.89,5499097.164971429,1,
3100906,Águas Formosas,2019,ok,ok,938493.61,938493.61,938493.61,new_observed,4507041.59,4507041.59,4626770.168788412,new_observed,12828054857.945,9695571.276583279,1,
3100906,Águas Formosas,2020,ok,ok,671822.16,671822.16,671822.16,new_observed,4974618.2,4974618.2,4731986.478448118,new_observed,12945081975.46,9218135.292992307,1,
3100906,Águas Formosas,2021,ok,ok,1116893.43,1116893.43,1116893.43,new_observed,6242651.7,6242651.7,6137095.475710196,new_observed,16790773533.8425,9853979.03685095,3,
3100906,Águas Formosas,2022,ok,ok,1536948.47,1536948.47,1536948.47,new_observed,6241657.2,6241657.2,5283129.012281779,new_observed,17457373501.01,8669028.893724456,1,
3100906,Águas Formosas,2023,ok,ok,1503968.73,1503968.73,1503968.73,new_observed,6352572.45,6352572.45,5507305.7334361635,new_observed,17975926235.1,8654750.19160582,1,
3100906,Águas Formosas,2024,ok,ok,2006800.18,2006800.18,2006800.18,new_observed,8802816.89,8802816.89,8748755.300466143,new_observed,20140666841.11,11537762.503694406,1,
3100906,Águas Formosas,2025,ok,ok,2549958.64,2549958.64,2549958.64,new_observed,9913715.73,9913715.73,9930567.719565615,new_observed,21654451288.89,12480526.359565616,1,
3101003,Águas Vermelhas,2019,ok,ok,303947.72,303947.72,303947.72,new_observed,3929866.99,3929866.99,4034263.051173288,new_observed,12828054857.945,7557850.520053684,1,
3101003,Águas Vermelhas,2020,ok,ok,378537.63,378537.63,378537.63,new_observed,4347455.91,4347455.91,4135413.363334971,new_observed,12945081975.46,7700163.670941635,3,
3101003,Águas Vermelhas,2021,ok,ok,300154.28,300154.28,300154.28,new_observed,5891538.74,5891538.74,5791919.441256886,new_observed,16790773533.8425,8275607.740861111,1,
3101003,Águas Vermelhas,2022,ok,ok,683860.92,683860.92,683860.92,new_observed,6252825.24,6252825.24,5292581.981940915,new_observed,17457373501.01,7596681.46486897,1,
3101003,Águas Vermelhas,2023,ok,ok,1188657.5,1188657.5,1188657.5,new_observed,6116454.46,6116454.46,5302605.358850994,new_observed,17975926235.1,8012845.419814151,1,
3101003,Águas Vermelhas,2024,ok,ok,1251136.01,1251136.01,1251136.01,new_observed,6799923.83,6799923.83,6758162.801052939,new_observed,20140666841.11,8591781.955927933,1,
3101003,Águas Vermelhas,2025,ok,ok,1100431.42,1100431.42,1100431.42,new_observed,7452373.38,7452373.38,7465041.417077036,new_observed,21654451288.89,8565472.837077036,1,
3101102,Aimorés,2019,ok,ok,2196211.14,2196211.14,2196211.14,new_observed,13308328.82,13308328.82,13661861.678272882,new_observed,12828054857.945,27627275.441072714,1,
3101102,Aimorés,2020,ok,ok,2994367.17,2994367.17,2994367.17,new_observed,13034257.47,13034257.47,12398525.399326399,new_observed,12945081975.46,26258103.45040201,1,
3101102,Aimorés,2021,ok,ok,4558123.52,4558123.52,4558123.52,new_observed,16583615.03,16583615.03,16303204.737745116,new_observed,16790773533.8425,28338489.899104808,1,
3101102,Aimorés,2022,ok,ok,6533397.92,6533397.92,6533397.92,new_observed,16979004.23,16979004.23,14371547.006325189,new_observed,17457373501.01,26572362.56609203,1,
3101102,Aimorés,2023,ok,ok,7322925.55,7322925.55,7322925.55,new_observed,15091635.53,15091635.53,13083558.12318172,new_observed,17975926235.1,25189859.475835446,1,
3101102,Aimorés,2024,ok,ok,7379717.02,7379717.02,7379717.02,new_observed,15017306.28,15017306.28,14925079.046586128,new_observed,20140666841.11,23926931.545004178,1,
3101102,Aimorés,2025,ok,ok,9786007.54,9786007.54,9786007.54,new_observed,16575692.59,16575692.59,16603869.048371125,new_observed,21654451288.89,26389876.588371124,1,
3101201,Aiuruoca,2019,ok,ok,432887.19,432887.19,432887.19,new_observed,3687278.83,3687278.83,3785230.5895071705,new_observed,12828054857.945,7348629.500745511,1,
3101201,Aiuruoca,2020,ok,ok,472669.96,472669.96,472669.96,new_observed,3925116.06,3925116.06,3733672.6911543785,new_observed,12945081975.46,7175427.229443939,1,
3101201,Aiuruoca,2021,ok,ok,684209.57,684209.57,684209.57,new_observed,4774310.46,4774310.46,4693582.235847286,new_observed,16790773533.8425,7305311.382218026,1,
3101201,Aiuruoca,2022,ok,ok,621997.86,621997.86,621997.86,new_observed,4913398.56,4913398.56,4158850.390123878,new_observed,17457373501.01,6076956.123227156,1,
3101201,Aiuruoca,2023,ok,ok,692045.85,692045.85,692045.85,new_observed,4801328.64,4801328.64,4162468.8195698187,new_observed,17975926235.1,5992435.752689342,1,
3101201,Aiuruoca,2024,ok,ok,689255.91,689255.91,689255.91,new_observed,5586730.91,5586730.91,5552420.579901502,new_observed,20140666841.11,6695607.78112925,1,
3101201,Aiuruoca,2025,ok,ok,1080099.45,1080099.45,1080099.45,new_observed,6329360.28,6329360.28,6340119.345147774,new_observed,21654451288.89,7420218.795147774,1,
3101300,Alagoa,2019,ok,partial,,,322544.15356311423,imputed_temporal,2196831.43,2196831.43,2255189.778752582,new_observed,12828054857.945,4490820.932530023,1,
3101300,Alagoa,2020,ok,ok,339305.68,339305.68,339305.68,new_observed,2518502.37,2518502.37,2395665.0905952016,new_observed,12945081975.46,4665474.348286001,1,
3101300,Alagoa,2021,ok,ok,218780.64,218780.64,218780.64,new_observed,3536749.21,3536749.21,3476946.7557212277,new_observed,16790773533.8425,5020357.86885275,1,
3101300,Alagoa,2022,ok,ok,178621.1,178621.1,178621.1,new_observed,3975259.47,3975259.47,3364780.8529607956,new_observed,17457373501.01,4504032.980871589,1,
3101300,Alagoa,2023,ok,ok,264054.32,264054.32,264054.32,new_observed,3897766.0,3897766.0,3379133.2894428517,new_observed,17975926235.1,4497167.929356521,1,
3101300,Alagoa,2024,ok,ok,342066.46,342066.46,342066.46,new_observed,5541149.79,5541149.79,5507119.391635936,new_observed,20140666841.11,6274572.923612503,1,
3101300,Alagoa,2025,ok,ok,281889.85,281889.85,281889.85,new_observed,4998496.89,4998496.89,5006993.665550981,new_observed,21654451288.89,5288883.51555098,1,
3101409,Albertina,2019,ok,ok,77308.3,77308.3,77308.3,new_observed,3354966.46,3354966.46,3444090.413732716,new_observed,12828054857.945,6134834.498302453,1,
3101409,Albertina,2020,ok,ok,304707.81,304707.81,304707.81,new_observed,3558229.84,3558229.84,3384680.9570412077,new_observed,12945081975.46,6293576.823031028,2,
3101409,Albertina,2021,ok,ok,129732.4,129732.4,129732.4,new_observed,3691936.01,3691936.01,3629509.5213437183,new_observed,16790773533.8425,5106637.405829554,1,
3101409,Albertina,2022,ok,ok,150066.28,150066.28,150066.28,new_observed,4302438.4,4302438.4,3641715.077623167,new_observed,17457373501.01,4819749.076651747,5,
3101409,Albertina,2023,ok,ok,209265.22,209265.22,209265.22,new_observed,5340231.84,5340231.84,4629666.117434103,new_observed,17975926235.1,5973199.614168337,1,
3101409,Albertina,2024,ok,ok,255106.95,255106.95,255106.95,new_observed,8011233.63,8011233.63,7962033.467191103,new_observed,20140666841.11,8814739.021638181,1,
3101409,Albertina,2025,ok,ok,208654.26,208654.26,208654.26,new_observed,6204530.29,6204530.29,6215077.160876095,new_observed,21654451288.89,6423731.420876095,1,
3101508,Além Paraíba,2019,ok,ok,3729972.79,3729972.79,3729972.79,new_observed,19626966.95,19626966.95,20148353.054815292,new_observed,12828054857.945,41599826.96171306,1,
3101508,Além Paraíba,2020,ok,ok,3798763.88,3798763.88,3798763.88,new_observed,13517099.64,13517099.64,12857817.455079451,new_observed,12945081975.46,28413778.232825734,1,
3101508,Além Paraíba,2021,ok,ok,4634088.6,4634088.6,4634088.6,new_observed,16771728.69,16771728.69,16488137.607170664,new_observed,16790773533.8425,28692899.446433038,1,
3101508,Além Paraíba,2022,ok,ok,5818581.44,5818581.44,5818581.44,new_observed,11593754.66,11593754.66,9813307.530814586,new_observed,17457373501.01,19869759.178475767,1,
3101508,Além Paraíba,2023,ok,ok,6407276.02,6407276.02,6407276.02,new_observed,13289490.46,13289490.46,11521204.6113387,new_observed,17975926235.1,22131000.859897032,1,
3101508,Além Paraíba,2024,ok,ok,8614639.98,8614639.98,8614639.98,new_observed,14844526.63,14844526.63,14753360.504937561,new_observed,20140666841.11,25067458.419148084,3,
3101508,Além Paraíba,2025,ok,ok,9516507.68,9516507.68,9516507.68,new_observed,16213362.96,16213362.96,16240923.506506154,new_observed,21654451288.89,25757431.186506152,3,
3101607,Alfenas,2019,ok,ok,13207240.29,13207240.29,13207240.29,new_observed,43084383.36,43084383.36,44228910.62575968,new_observed,12828054857.945,100062875.21875145,1,
3101607,Alfenas,2020,ok,ok,14177500.57,14177500.57,14177500.57,new_observed,46885923.19,46885923.19,44599112.06143158,new_observed,12945081975.46,100264610.30565578,1,
3101607,Alfenas,2021,ok,ok,22386677.68,22386677.68,22386677.68,new_observed,53293327.19,53293327.19,52392196.92222972,new_observed,16790773533.8425,101581277.87452619,1,
3101607,Alfenas,2022,ok,ok,21343408.38,21343408.38,21343408.38,new_observed,51435738.64,51435738.64,43536777.87321081,new_observed,17457373501.01,82469474.97598395,2,
3101607,Alfenas,2023,ok,ok,26159146.22,26159146.22,26159146.22,new_observed,59781922.92,59781922.92,51827402.11851574,new_observed,17975926235.1,96266962.26133138,1,
3101607,Alfenas,2024,ok,ok,27248612.88,27248612.88,27248612.88,new_observed,72722108.99,72722108.99,72275493.67863074,new_observed,20140666841.11,106762082.80932876,1,
3101607,Alfenas,2025,ok,ok,29590692.56,29590692.56,29590692.56,new_observed,69355744.02,69355744.02,69473639.49999683,new_observed,21654451288.89,99064332.05999683,3,
3101631,Alfredo Vasconcelos,2019,ok,ok,453001.27,453001.27,453001.27,new_observed,3500746.91,3500746.91,3593743.4896548647,new_observed,12828054857.945,7050070.547404564,1,
3101631,Alfredo Vasconcelos,2020,ok,ok,442104.1,442104.1,442104.1,new_observed,3861907.95,3861907.95,3673547.4896166483,new_observed,12945081975.46,7020721.0710556265,1,
3101631,Alfredo Vasconcelos,2021,ok,ok,425661.57,425661.57,425661.57,new_observed,5032387.95,5032387.95,4947295.925538102,new_observed,16790773533.8425,7298744.348126364,1,
3101631,Alfredo Vasconcelos,2022,ok,ok,612340.59,612340.59,612340.59,new_observed,5559491.69,5559491.69,4705723.319918701,new_observed,17457373501.01,6759813.185924989,1,
3101631,Alfredo Vasconcelos,2023,ok,ok,894743.03,894743.03,894743.03,new_observed,4873395.08,4873395.08,4224946.17363767,new_observed,17975926235.1,6319768.445411795,1,
3101631,Alfredo Vasconcelos,2024,ok,ok,1504502.82,1504502.82,1504502.82,new_observed,4755379.83,4755379.83,4726175.156580166,new_observed,20140666841.11,6683809.3914667405,1,
3101631,Alfredo Vasconcelos,2025,ok,ok,1185333.48,1185333.48,1185333.48,new_observed,5465810.54,5465810.54,5475101.686195464,new_observed,21654451288.89,6660435.166195463,1,
3101706,Almenara,2019,ok,ok,4582267.42,4582267.42,4582267.42,new_observed,8726622.22,8726622.22,8958443.03974619,new_observed,12828054857.945,23590063.04398879,1,
3101706,Almenara,2020,ok,ok,4698610.18,4698610.18,4698610.18,new_observed,8484163.46,8484163.46,8070357.394194313,new_observed,12945081975.46,21782057.53128929,1,
3101706,Almenara,2021,ok,ok,4254580.5,4254580.5,4254580.5,new_observed,11578903.13,11578903.13,11383116.891305922,new_observed,16790773533.8425,21242594.148062173,1,
3101706,Almenara,2022,ok,ok,5306994.13,5306994.13,5306994.13,new_observed,12867308.08,12867308.08,10891281.986363454,new_observed,17457373501.01,20589696.238216404,1,
3101706,Almenara,2023,ok,ok,7340520.47,7340520.47,7340520.47,new_observed,13038757.02,13038757.02,11303833.503406484,new_observed,17975926235.1,23014678.28213136,1,
3101706,Almenara,2024,ok,ok,12081403.05,12081403.05,12081403.05,new_observed,20103391.66,20103391.66,19979928.759232868,new_observed,20140666841.11,34393019.74118399,1,
3101706,Almenara,2025,ok,ok,11456985.87,11456985.87,11456985.87,new_observed,21867291.37,21867291.37,21904462.837896783,new_observed,21654451288.89,33361448.707896784,1,
3101805,Alpercata,2019,ok,ok,205806.99,205806.99,205806.99,new_observed,2979125.12,2979125.12,3058264.9303451837,new_observed,12828054857.945,5686530.45273813,1,
3101805,Alpercata,2020,ok,ok,200016.88,200016.88,200016.88,new_observed,3214936.81,3214936.81,3058131.680132784,new_observed,12945081975.46,5557941.859428492,1,
3101805,Alpercata,2021,ok,ok,264786.4,264786.4,264786.4,new_observed,4000259.62,4000259.62,3932619.7256156686,new_observed,16790773533.8425,5701849.3560705455,1,
3101805,Alpercata,2022,ok,ok,531799.91,531799.91,531799.91,new_observed,4762590.25,4762590.25,4031201.637184646,new_observed,17457373501.01,5800050.271777654,1,
3101805,Alpercata,2023,ok,ok,1332389.57,1332389.57,1332389.57,new_observed,4802834.45,4802834.45,4163774.268049429,new_observed,17975926235.1,6784490.5057593,1,
3101805,Alpercata,2024,ok,ok,1484638.85,1484638.85,1484638.85,new_observed,5202920.13,5202920.13,5170966.934112778,new_observed,20140666841.11,7139640.439284863,1,
3101805,Alpercata,2025,ok,ok,1578670.99,1578670.99,1578670.99,new_observed,4603540.68,4603540.68,4611366.082867815,new_observed,21654451288.89,6190037.072867815,1,
3101904,Alpinópolis,2019,ok,ok,1253337.04,1253337.04,1253337.04,new_observed,9469035.21,9469035.21,9720578.069224143,new_observed,12828054857.945,19118298.85407882,1,
3101904,Alpinópolis,2020,ok,ok,1372689.05,1372689.05,1372689.05,new_observed,10022573.37,10022573.37,9533732.994040463,new_observed,12945081975.46,18604817.581643894,1,
3101904,Alpinópolis,2021,ok,ok,1652415.88,1652415.88,1652415.88,new_observed,13107435.01,13107435.01,12885803.015093157,new_observed,16790773533.8425,19749038.230900448,1,
3101904,Alpinópolis,2022,ok,ok,1980008.21,1980008.21,1980008.21,new_observed,14302054.83,14302054.83,12105695.392502131,new_observed,17457373501.01,17904396.516867097,1,
3101904,Alpinópolis,2023,ok,partial,,,2350472.409650057,imputed_temporal,13743973.08,13743973.08,11915214.244219486,new_observed,17975926235.1,17609630.737584397,3,
3101904,Alpinópolis,2024,ok,ok,2511760.41,2511760.41,2511760.41,new_observed,15085398.67,15085398.67,14992753.254215127,new_observed,20140666841.11,18777544.47617192,1,
3101904,Alpinópolis,2025,ok,ok,3123737.43,3123737.43,3123737.43,new_observed,15714761.93,15714761.93,15741474.921504192,new_observed,21654451288.89,18865212.35150419,1,
3102001,Alterosa,2019,ok,ok,566465.9,566465.9,566465.9,new_observed,5869118.72,5869118.72,6025030.581262869,new_observed,12828054857.945,11483431.243100075,1,
3102001,Alterosa,2020,ok,ok,597167.32,597167.32,597167.32,new_observed,6174902.92,6174902.92,5873728.585476127,new_observed,12945081975.46,11038435.65057834,3,
3102001,Alterosa,2021,ok,ok,696717.8,696717.8,696717.8,new_observed,7975763.09,7975763.09,7840901.899905031,new_observed,16790773533.8425,11597691.510286814,1,
3102001,Alterosa,2022,ok,ok,915868.81,915868.81,915868.81,new_observed,8901267.73,8901267.73,7534304.477735589,new_observed,17457373501.01,10741050.461475065,1,
3102001,Alterosa,2023,ok,ok,1033676.31,1033676.31,1033676.31,new_observed,8050318.33,8050318.33,6979151.303468445,new_observed,17975926235.1,9891072.113155173,1,
3102001,Alterosa,2024,ok,ok,1415526.61,1415526.61,1415526.61,new_observed,8325342.06,8325342.06,8274212.832753663,new_observed,20140666841.11,10394434.077925155,1,
3102001,Alterosa,2025,ok,ok,1500768.5,1500768.5,1500768.5,new_observed,10261984.19,10261984.19,10279428.189323993,new_observed,21654451288.89,11780196.689323993,1,
3102050,Alto Caparaó,2019,ok,ok,141437.81,141437.81,141437.81,new_observed,3021254.02,3021254.02,3101512.9754034653,new_observed,12828054857.945,5649734.089185648,1,
3102050,Alto Caparaó,2020,ok,ok,139735.87,139735.87,139735.87,new_observed,3156704.01,3156704.01,3002739.123131691,new_observed,12945081975.46,5360619.070673096,1,
3102050,Alto Caparaó,2021,ok,ok,166540.72,166540.72,166540.72,new_observed,3684591.86,3684591.86,3622289.5526663153,new_observed,16790773533.8425,5146830.876960775,1,
3102050,Alto Caparaó,2022,ok,ok,243244.53,243244.53,243244.53,new_observed,4222434.44,4222434.44,3573997.2859165943,new_observed,17457373501.01,4852111.971232725,1,
3102050,Alto Caparaó,2023,ok,ok,281003.65,281003.65,281003.65,new_observed,4146246.55,4146246.55,3594551.2745871805,new_observed,17975926235.1,4784003.236654233,1,
3102050,Alto Caparaó,2024,ok,ok,376316.27,376316.27,376316.27,new_observed,4399208.77,4399208.77,4372191.4843095895,new_observed,20140666841.11,5093847.064958922,1,
3102050,Alto Caparaó,2025,ok,ok,363755.57,363755.57,363755.57,new_observed,4960316.46,4960316.46,4968748.333931296,new_observed,21654451288.89,5332503.903931296,1,
3102100,Alto Rio Doce,2019,ok,ok,188228.46,188228.46,188228.46,new_observed,4131009.66,4131009.66,4240749.032419015,new_observed,12828054857.945,7715980.529763897,1,
3102100,Alto Rio Doce,2020,ok,ok,209409.27,209409.27,209409.27,new_observed,4296359.54,4296359.54,4086809.1645368035,new_observed,12945081975.46,7328742.638299867,1,
3102100,Alto Rio Doce,2021,ok,ok,275877.26,275877.26,275877.26,new_observed,5055015.53,5055015.53,4969540.898590863,new_observed,16790773533.8425,7125492.090783833,1,
3102100,Alto Rio Doce,2022,ok,ok,718183.54,718183.54,718183.54,new_observed,5274253.64,5274253.64,4464289.135202231,new_observed,17457373501.01,6587462.602731968,1,
3102100,Alto Rio Doce,2023,ok,ok,620215.14,620215.14,620215.14,new_observed,5168842.86,5168842.86,4481081.977759823,new_observed,17975926235.1,6297065.168053954,1,
3102100,Alto Rio Doce,2024,ok,ok,595180.07,595180.07,595180.07,new_observed,5533237.89,5533237.89,5499256.081751529,new_observed,20140666841.11,6537659.262745111,1,
3102100,Alto Rio Doce,2025,ok,ok,759066.69,759066.69,759066.69,new_observed,5986343.35,5986343.35,5996519.332287358,new_observed,21654451288.89,6755586.022287358,1,
3102209,Alvarenga,2019,ok,ok,152425.06,152425.06,152425.06,new_observed,1900411.71,1900411.71,1950895.7334126073,new_observed,12828054857.945,3664318.0773888263,1,
3102209,Alvarenga,2020,ok,ok,590302.91,590302.91,590302.91,new_observed,2176998.08,2176998.08,2070817.30979224,new_observed,12945081975.46,4539495.725741882,1,
3102209,Alvarenga,2021,ok,ok,433157.23,433157.23,433157.23,new_observed,2981843.98,2981843.98,2931424.3495166777,new_observed,16790773533.8425,4570522.064933629,1,
3102209,Alvarenga,2022,ok,ok,187358.96,187358.96,187358.96,new_observed,3301387.91,3301387.91,2794395.4128267905,new_observed,17457373501.01,3790120.4024703354,1,
3102209,Alvarenga,2023,ok,ok,179022.43,179022.43,179022.43,new_observed,3787344.93,3787344.93,3283404.732753482,new_observed,17975926235.1,4274036.3833333105,1,
3102209,Alvarenga,2024,ok,ok,180590.77,180590.77,180590.77,new_observed,4315516.79,4315516.79,4289013.489949252,new_observed,20140666841.11,4794660.074084827,1,
3102209,Alvarenga,2025,ok,ok,215384.1,215384.1,215384.1,new_observed,3921658.79,3921658.79,3928325.08494015,new_observed,21654451288.89,4143709.18494015,1,
3102308,Alvinópolis,2019,ok,ok,600688.65,600688.65,600688.65,new_observed,6831267.92,6831267.92,7012739.065329384,new_observed,12828054857.945,13263797.370115114,1,
3102308,Alvinópolis,2020,ok,ok,745281.87,745281.87,745281.87,new_observed,7378420.71,7378420.71,7018546.072947178,new_observed,12945081975.46,13243995.329589311,1,
3102308,Alvinópolis,2021,ok,ok,859030.34,859030.34,859030.34,new_observed,9070366.57,9070366.57,8916996.865255194,new_observed,16790773533.8425,13279971.667510824,1,
3102308,Alvinópolis,2022,ok,ok,1448967.4,1448967.4,1448967.4,new_observed,9767053.54,9767053.54,8267131.992074708,new_observed,17457373501.01,12350174.405352049,1,
3102308,Alvinópolis,2023,ok,ok,1363184.48,1363184.48,1363184.48,new_observed,9177570.59,9177570.59,7956412.5442319205,new_observed,17975926235.1,11504154.423250189,2,
3102308,Alvinópolis,2024,ok,ok,1382952.01,1382952.01,1382952.01,new_observed,9539007.13,9539007.13,9480424.30424471,new_observed,20140666841.11,11653424.7003468,2,
3102308,Alvinópolis,2025,ok,ok,1445321.15,1445321.15,1445321.15,new_observed,12603083.52,12603083.52,12624507.074775826,new_observed,21654451288.89,14069828.224775827,1,
3102407,Alvorada de Minas,2019,ok,ok,5487039.2,5487039.2,5487039.2,new_observed,12183861.43,12183861.43,12507523.056820896,new_observed,12828054857.945,31349378.55360825,1,
3102407,Alvorada de Minas,2020,ok,ok,5710132.65,5710132.65,5710132.65,new_observed,10165599.56,10165599.56,9669783.233462648,new_observed,12945081975.46,26235967.054768823,1,
3102407,Alvorada de Minas,2021,ok,ok,5913836.25,5913836.25,5913836.25,new_observed,15367153.35,15367153.35,15107312.057603626,new_observed,16790773533.8425,28555592.991133876,1,
3102407,Alvorada de Minas,2022,ok,ok,5544289.43,5544289.43,5544289.43,new_observed,43220108.07,43220108.07,36582817.598276764,new_observed,17457373501.01,53547941.20534966,1,
3102407,Alvorada de Minas,2023,ok,ok,3293205.26,3293205.26,3293205.26,new_observed,68641270.82,68641270.82,59507934.35458266,new_observed,17975926235.1,77522022.27239507,1,
3102407,Alvorada de Minas,2024,ok,ok,4658443.8,4658443.8,4658443.8,new_observed,77605731.96,77605731.96,77129124.38322961,new_observed,20140666841.11,87735639.42528413,1,
3102407,Alvorada de Minas,2025,ok,ok,8099864.63,8099864.63,8099864.63,new_observed,58492607.16,58492607.16,58592036.76161174,new_observed,21654451288.89,66691901.39161174,1,
3102506,Amparo do Serra,2019,ok,ok,57777.1,57777.1,57777.1,new_observed,2562142.92,2562142.92,2630205.688966902,new_observed,12828054857.945,4682891.9089135155,5,
3102506,Amparo do Serra,2020,ok,ok,184808.98,184808.98,184808.98,new_observed,2679871.85,2679871.85,2549163.945521235,new_observed,12945081975.46,4663772.165342692,1,
3102506,Amparo do Serra,2021,ok,ok,78711.55,78711.55,78711.55,new_observed,3216898.79,3216898.79,3162504.64685169,new_observed,16790773533.8425,4402939.799444229,1,
3102506,Amparo do Serra,2022,ok,ok,152348.02,152348.02,152348.02,new_observed,3607463.77,3607463.77,3053467.3554392583,new_observed,17457373501.01,4074925.276117386,1,
3102506,Amparo do Serra,2023,ok,ok,179811.56,179811.56,179811.56,new_observed,3383432.9,3383432.9,2933236.8194976733,new_observed,17975926235.1,3842761.5691614673,1,
3102506,Amparo do Serra,2024,ok,ok,380952.96,380952.96,380952.96,new_observed,4079869.29,4079869.29,4054813.1946996036,new_observed,20140666841.11,4758361.0635265615,1,
3102506,Amparo do Serra,2025,ok,ok,281303.44,281303.44,281303.44,new_observed,3951734.74,3951734.74,3958452.160028803,new_observed,21654451288.89,4239755.600028804,1,
3102605,Andradas,2019,ok,partial,,,4297469.058759756,imputed_temporal,20650994.11,20650994.11,21199583.273420196,new_observed,12828054857.945,44419904.97766546,1,
3102605,Andradas,2020,ok,ok,4520793.96,4520793.96,4520793.96,new_observed,21946005.23,21946005.23,20875612.123220168,new_observed,12945081975.46,43322686.44104467,1,
3102605,Andradas,2021,ok,partial,,,5584422.51924672,imputed_temporal,27497105.84,27497105.84,27032160.68354228,new_observed,16790773533.8425,44307088.32225887,1,
3102605,Andradas,2022,ok,ok,7688687.32,7688687.32,7688687.32,new_observed,25086930.62,25086930.62,21234343.178542733,new_observed,17457373501.01,36764184.53270312,1,
3102605,Andradas,2023,ok,ok,8545204.69,8545204.69,8545204.69,new_observed,24274286.75,24274286.75,21044375.27404327,new_observed,17975926235.1,36525516.75146255,1,
3102605,Andradas,2024,ok,ok,10427543.08,10427543.08,10427543.08,new_observed,27492675.18,27492675.18,27323831.758701835,new_observed,20140666841.11,40496876.04400783,1,
3102605,Andradas,2025,ok,ok,10657093.61,10657093.61,10657093.61,new_observed,35167876.52,35167876.52,35227657.20206722,new_observed,21654451288.89,45884750.81206722,1,
3102704,Cachoeira de Pajeú,2019,ok,ok,188692.06,188692.06,188692.06,new_observed,3188933.46,3188933.46,3273646.7832282,new_observed,12828054857.945,6031942.846294007,1,
3102704,Cachoeira de Pajeú,2020,ok,ok,351592.73,351592.73,351592.73,new_observed,3448163.97,3448163.97,3279983.4330023527,new_observed,12945081975.46,6194956.675404296,1,
3102704,Cachoeira de Pajeú,2021,ok,ok,277845.26,277845.26,277845.26,new_observed,4279419.58,4279419.58,4207059.404432835,new_observed,16790773533.8425,6092393.732613437,1,
3102704,Cachoeira de Pajeú,2022,ok,ok,365107.02,365107.02,365107.02,new_observed,4374967.92,4374967.92,3703106.2753581004,new_observed,17457373501.01,5171122.864060775,1,
3102704,Cachoeira de Pajeú,2023,ok,ok,663967.11,663967.11,663967.11,new_observed,4499690.12,4499690.12,3900966.008905897,new_observed,17975926235.1,5634974.923825172,1,
3102704,Cachoeira de Pajeú,2024,ok,ok,657796.94,657796.94,657796.94,new_observed,5159556.44,5159556.44,5127869.557730198,new_observed,20140666841.11,6206434.07006063,1,
3102704,Cachoeira de Pajeú,2025,ok,ok,702859.16,702859.16,702859.16,new_observed,6059273.92,6059273.92,6069573.87449295,new_observed,21654451288.89,6772433.03449295,1,
3102803,Andrelândia,2019,ok,ok,1163852.08,1163852.08,1163852.08,new_observed,5945160.8,5945160.8,6103092.702565952,new_observed,12828054857.945,12660169.203642325,1,
3102803,Andrelândia,2020,ok,ok,789065.11,789065.11,789065.11,new_observed,6940817.9,6940817.9,6602286.875437127,new_observed,12945081975.46,12608603.886360753,1,
3102803,Andrelândia,2021,ok,ok,854845.82,854845.82,854845.82,new_observed,8676834.97,8676834.97,8530119.442331055,new_observed,16790773533.8425,12748744.471305542,1,
3102803,Andrelândia,2022,ok,ok,1237454.0,1237454.0,1237454.0,new_observed,8300707.47,8300707.47,7025971.95777126,new_observed,17457373501.01,10503675.152544554,1,
3102803,Andrelândia,2023,ok,ok,1634934.11,1634934.11,1634934.11,new_observed,8466954.65,8466954.65,7340350.425863931,new_observed,17975926235.1,11079133.467329046,1,
3102803,Andrelândia,2024,ok,ok,1735597.62,1735597.62,1735597.62,new_observed,10076493.03,10076493.03,10014609.290177185,new_observed,20140666841.11,12604750.814136252,1,
3102803,Andrelândia,2025,ok,ok,2037296.6,2037296.6,2037296.6,new_observed,10514860.62,10514860.62,10532734.475401755,new_observed,21654451288.89,12570031.075401755,1,
3102852,Angelândia,2019,ok,ok,195816.27,195816.27,195816.27,new_observed,3676956.39,3676956.39,3774633.9361354616,new_observed,12828054857.945,6917153.346879073,1,
3102852,Angelândia,2020,ok,ok,143613.17,143613.17,143613.17,new_observed,3840694.01,3840694.01,3653368.2370190104,new_observed,12945081975.46,6477114.690154766,2,
3102852,Angelândia,2021,ok,ok,489574.91,489574.91,489574.91,new_observed,4722938.04,4722938.04,4643078.465733332,new_observed,16790773533.8425,6972309.914629902,1,
3102852,Angelândia,2022,ok,ok,516928.33,516928.33,516928.33,new_observed,5268189.61,5268189.61,4459156.355269307,new_observed,17457373501.01,6325121.969110952,1,
3102852,Angelândia,2023,ok,ok,542983.97,542983.97,542983.97,new_observed,5336691.66,5336691.66,4626596.990121529,new_observed,17975926235.1,6381355.064398124,1,
3102852,Angelândia,2024,ok,ok,569609.25,569609.25,569609.25,new_observed,5716654.82,5716654.82,5681546.575645096,new_observed,20140666841.11,6705776.509718025,1,
3102852,Angelândia,2025,ok,ok,579314.71,579314.71,579314.71,new_observed,6399354.9,6399354.9,6410232.946631409,new_observed,21654451288.89,6989547.656631409,1,
3102902,Antônio Carlos,2019,ok,ok,855961.45,855961.45,855961.45,new_observed,4077678.39,4077678.39,4186001.0288401083,new_observed,12828054857.945,8783897.498942135,1,
3102902,Antônio Carlos,2020,ok,ok,434962.6,434962.6,434962.6,new_observed,4186464.17,4186464.17,3982273.824541454,new_observed,12945081975.46,7535182.258831882,1,
3102902,Antônio Carlos,2021,ok,ok,1009786.53,1009786.53,1009786.53,new_observed,5633056.01,5633056.01,5537807.36371903,new_observed,16790773533.8425,8894396.422323152,1,
3102902,Antônio Carlos,2022,ok,ok,664052.98,664052.98,664052.98,new_observed,6342791.68,6342791.68,5368732.320555426,new_observed,17457373501.01,7668298.522417051,1,
3102902,Antônio Carlos,2023,ok,ok,711879.42,711879.42,711879.42,new_observed,5667932.42,5667932.42,4913763.197363409,new_observed,17975926235.1,6944319.720250976,1,
3102902,Antônio Carlos,2024,ok,ok,726785.25,726785.25,726785.25,new_observed,5820836.45,5820836.45,5785088.384939019,new_observed,20140666841.11,6985455.2459376445,1,
3102902,Antônio Carlos,2025,ok,ok,920855.77,920855.77,920855.77,new_observed,8360338.95,8360338.95,8374550.406994279,new_observed,21654451288.89,9295406.176994279,1,
3103009,Antônio Dias,2019,ok,ok,11821951.32,11821951.32,11821951.32,new_observed,7533245.13,7533245.13,7733364.147113312,new_observed,12828054857.945,34068457.935473725,4,
3103009,Antônio Dias,2020,ok,ok,5339538.32,5339538.32,5339538.32,new_observed,10060723.53,10060723.53,9570022.420487428,new_observed,12945081975.46,25433607.527665827,1,
3103009,Antônio Dias,2021,ok,ok,8024362.83,8024362.83,8024362.83,new_observed,14258499.84,14258499.84,14017404.632470293,new_observed,16790773533.8425,29942024.634108663,1,
3103009,Antônio Dias,2022,ok,ok,9369051.71,9369051.71,9369051.71,new_observed,17729742.78,17729742.78,15006995.011086384,new_observed,17457373501.01,30984494.514741987,2,
3103009,Antônio Dias,2023,ok,ok,12477348.52,12477348.52,12477348.52,new_observed,22261882.03,22261882.03,19299739.04365286,new_observed,17975926235.1,39225786.42648277,1,
3103009,Antônio Dias,2024,ok,ok,11478192.29,11478192.29,11478192.29,new_observed,24890421.62,24890421.62,24737559.66981292,new_observed,20140666841.11,38849573.67045419,1,
3103009,Antônio Dias,2025,ok,ok,12566229.44,12566229.44,12566229.44,new_observed,22475666.15,22475666.15,22513871.773578033,new_observed,21654451288.89,35080101.21357803,5,
3103108,Antônio Prado de Minas,2019,ok,ok,44465.98,44465.98,44465.98,new_observed,1792825.65,1792825.65,1840451.6731470171,new_observed,12828054857.945,3283825.2027212316,1,
3103108,Antônio Prado de Minas,2020,ok,ok,8707.51,8707.51,8707.51,new_observed,1984545.64,1984545.64,1887751.533241921,new_observed,12945081975.46,3235091.619240473,1,
3103108,Antônio Prado de Minas,2021,ok,ok,21223.4,21223.4,21223.4,new_observed,2503454.48,2503454.48,2461123.878311907,new_observed,16790773533.8425,3372075.469182801,1,
3103108,Antônio Prado de Minas,2022,ok,ok,88636.16,88636.16,88636.16,new_observed,2710549.62,2710549.62,2294291.864771323,new_observed,17457373501.01,3028949.737312508,1,
3103108,Antônio Prado de Minas,2023,ok,ok,83364.31,83364.31,83364.31,new_observed,2594534.51,2594534.51,2249308.432920113,new_observed,17975926235.1,2879462.2110467516,1,
3103108,Antônio Prado de Minas,2024,ok,ok,89930.49,89930.49,89930.49,new_observed,3087372.34,3087372.34,3068411.562073007,new_observed,20140666841.11,3388035.194317075,1,
3103108,Antônio Prado de Minas,2025,ok,ok,59834.55,59834.55,59834.55,new_observed,3064223.47,3064223.47,3069432.2396832877,new_observed,21654451288.89,3129266.7896832875,1,
3103207,Araçaí,2019,ok,ok,105390.03,105390.03,105390.03,new_observed,2250907.13,2250907.13,2310701.987952398,new_observed,12828054857.945,4209215.106770957,1,
3103207,Araçaí,2020,ok,ok,383807.65,383807.65,383807.65,new_observed,2456479.74,2456479.74,2336667.5485290005,new_observed,12945081975.46,4640746.947040731,1,
3103207,Araçaí,2021,ok,ok,136779.49,136779.49,136779.49,new_observed,3105137.56,3105137.56,3052633.173645391,new_observed,16790773533.8425,4332568.733692,1,
3103207,Araçaí,2022,ok,ok,97800.94,97800.94,97800.94,new_observed,3654378.68,3654378.68,3093177.5660752393,new_observed,17457373501.01,4056066.069672408,1,
3103207,Araçaí,2023,ok,ok,99557.54,99557.54,99557.54,new_observed,3015626.15,3015626.15,2614370.055046758,new_observed,17975926235.1,3350084.9946364546,1,
3103207,Araçaí,2024,ok,ok,168211.81,168211.81,168211.81,new_observed,5202285.6,5202285.6,5170336.301013149,new_observed,20140666841.11,5726798.614100645,1,
3103207,Araçaí,2025,ok,ok,220191.83,220191.83,220191.83,new_observed,5054359.01,5054359.01,5062950.743676571,new_observed,21654451288.89,5283142.573676571,1,
3103306,Aracitaba,2019,ok,partial,,,39863.9933782417,imputed_temporal,1708220.03,1708220.03,1753598.523267864,new_observed,12828054857.945,3124495.8645622986,1,
3103306,Aracitaba,2020,ok,ok,41935.59,41935.59,41935.59,new_observed,1914672.59,1914672.59,1821286.4670770587,new_observed,12945081975.46,3178394.00914764,1,
3103306,Aracitaba,2021,ok,ok,39215.17,39215.17,39215.17,new_observed,2233106.03,2233106.03,2195346.716763672,new_observed,16790773533.8425,3035478.3106136476,1,
3103306,Aracitaba,2022,ok,ok,92901.95,92901.95,92901.95,new_observed,2358502.37,2358502.37,1996308.335626368,new_observed,17457373501.01,2655603.895734892,1,
3103306,Aracitaba,2023,ok,ok,156935.16,156935.16,156935.16,new_observed,2349775.49,2349775.49,2037116.794845019,new_observed,17975926235.1,2708348.057919519,1,
3103306,Aracitaba,2024,ok,ok,324025.72,324025.72,324025.72,new_observed,2814706.18,2814706.18,2797419.9530952424,new_observed,20140666841.11,3348455.494443377,1,
3103306,Aracitaba,2025,ok,ok,202170.11,202170.11,202170.11,new_observed,3130839.85,3130839.85,3136161.8586111763,new_observed,21654451288.89,3338331.968611176,1,
3103405,Araçuaí,2019,ok,ok,3020433.37,3020433.37,3020433.37,new_observed,8205635.9,8205635.9,8423616.831558736,new_observed,12828054857.945,19937348.674273588,1,
3103405,Araçuaí,2020,ok,ok,2385351.97,2385351.97,2385351.97,new_observed,8591330.05,8591330.05,8172297.047537236,new_observed,12945081975.46,18009859.9952523,1,
3103405,Araçuaí,2021,ok,ok,2766521.44,2766521.44,2766521.44,new_observed,10710213.77,10710213.77,10529116.09208568,new_observed,16790773533.8425,18061088.213080756,1,
3103405,Araçuaí,2022,ok,ok,4427909.19,4427909.19,4427909.19,new_observed,10825512.48,10825512.48,9163043.91979529,new_observed,17457373501.01,17275517.10492455,1,
3103405,Araçuaí,2023,ok,ok,9454300.22,9454300.22,9454300.22,new_observed,10614815.85,10614815.85,9202419.437195722,new_observed,17975926235.1,23029942.54039174,1,
3103405,Araçuaí,2024,ok,ok,10790693.91,10790693.91,10790693.91,new_observed,16675667.18,16675667.18,16573255.29462811,new_observed,20140666841.11,29354015.9464152,1,
3103405,Araçuaí,2025,ok,ok,6831747.46,6831747.46,6831747.46,new_observed,28042635.89,28042635.89,28090304.61687105,new_observed,21654451288.89,34922052.07687105,1,
3103504,Araguari,2019,ok,ok,19787326.15,19787326.15,19787326.15,new_observed,120238490.3,120238490.3,123432599.62244873,new_observed,12828054857.945,249511802.80911118,1,
3103504,Araguari,2020,ok,partial,,,21535820.979234762,imputed_temporal,99312924.17,99312924.17,94469041.72617374,new_observed,12945081975.46,197887932.49543196,1,
3103504,Araguari,2021,ok,ok,27568950.39,27568950.39,27568950.39,new_observed,141296863.33,141296863.33,138907692.17103443,new_observed,16790773533.8425,226145554.84506276,1,
3103504,Araguari,2022,ok,ok,30866660.32,30866660.32,30866660.32,new_observed,174519211.01,174519211.01,147718382.68968964,new_observed,17457373501.01,227000191.98609746,1,
3103504,Araguari,2023,ok,ok,37005881.29,37005881.29,37005881.29,new_observed,160282674.71,160282674.71,138955627.87337697,new_observed,17975926235.1,217207714.95809117,1,
3103504,Araguari,2024,ok,ok,38916678.56,38916678.56,38916678.56,new_observed,159070415.87,159070415.87,158093501.362155,new_observed,20140666841.11,211337914.70651358,1,
3103504,Araguari,2025,ok,ok,51260115.74,51260115.74,51260115.74,new_observed,169230123.76,169230123.76,169517792.31510708,new_observed,21654451288.89,220777908.0551071,1,
3103603,Arantina,2019,ok,ok,231187.01,231187.01,231187.01,new_observed,2123222.56,2123222.56,2179625.5051435106,new_observed,12828054857.945,4200017.376380605,2,
3103603,Arantina,2020,ok,ok,135451.74,135451.74,135451.74,new_observed,2329800.81,2329800.81,2216167.248854892,new_observed,12945081975.46,4011530.283030078,1,
3103603,Arantina,2021,ok,ok,128593.57,128593.57,128593.57,new_observed,2867112.84,2867112.84,2818633.184150673,new_observed,16790773533.8425,4003578.0354427868,1,
3103603,Arantina,2022,ok,ok,163779.91,163779.91,163779.91,new_observed,3009658.37,3009658.37,2547466.632996713,new_observed,17457373501.01,3446276.7732934034,1,
3103603,Arantina,2023,ok,ok,203259.87,203259.87,203259.87,new_observed,2837922.58,2837922.58,2460311.5381835504,new_observed,17975926235.1,3287925.0806043213,1,
3103603,Arantina,2024,ok,ok,211234.29,211234.29,211234.29,new_observed,4082856.69,4082856.69,4057782.2478914633,new_observed,20140666841.11,4579484.437413802,1,
3103603,Arantina,2025,ok,ok,309122.03,309122.03,309122.03,new_observed,4298866.45,4298866.45,4306173.947464361,new_observed,21654451288.89,4615295.977464361,1,
3103702,Araponga,2019,ok,ok,111932.09,111932.09,111932.09,new_observed,4147085.03,4147085.03,4257251.441123931,new_observed,12828054857.945,7611809.975287149,1,
3103702,Araponga,2020,ok,ok,359522.0,359522.0,359522.0,new_observed,4642865.69,4642865.69,4416414.844928339,new_observed,12945081975.46,8147074.578862132,3,
3103702,Araponga,2021,ok,ok,224800.63,224800.63,224800.63,new_observed,5846006.99,5846006.99,5747157.581977411,new_observed,16790773533.8425,8112440.175287788,1,
3103702,Araponga,2022,ok,ok,344893.16,344893.16,344893.16,new_observed,6221881.74,6221881.74,5266390.459825355,new_observed,17457373501.01,7132525.980463481,1,
3103702,Araponga,2023,ok,ok,400614.76,400614.76,400614.76,new_observed,6545852.68,6545852.68,5674868.296038476,new_observed,17975926235.1,7499604.87462889,1,
3103702,Araponga,2024,ok,ok,522606.56,522606.56,522606.56,new_observed,6614524.74,6614524.74,6573902.320390016,new_observed,20140666841.11,7612608.592461998,1,
3103702,Araponga,2025,ok,ok,690123.65,690123.65,690123.65,new_observed,6869059.75,6869059.75,6880736.231995775,new_observed,21654451288.89,7570859.881995776,2,
3103751,Araporã,2019,ok,ok,2758783.13,2758783.13,2758783.13,new_observed,42985126.58,42985126.58,44127017.11100425,new_observed,12828054857.945,81682492.72009668,1,
3103751,Araporã,2020,ok,ok,2883777.55,2883777.55,2883777.55,new_observed,35979208.65,35979208.65,34224360.9443361,new_observed,12945081975.46,63301249.91437929,1,
3103751,Araporã,2021,ok,ok,4047591.66,4047591.66,4047591.66,new_observed,54934974.74,54934974.74,54006086.05716508,new_observed,16790773533.8425,78861400.35129249,5,
3103751,Araporã,2022,ok,ok,2784597.04,2784597.04,2784597.04,new_observed,67134150.13,67134150.13,56824392.12885379,new_observed,17457373501.01,75769234.4072333,1,
3103751,Araporã,2023,ok,ok,4056017.99,4056017.99,4056017.99,new_observed,50828876.55,50828876.55,44065638.83390797,new_observed,17975926235.1,59401599.63627974,1,
3103751,Araporã,2024,ok,ok,3583414.04,3583414.04,3583414.04,new_observed,40140482.66,40140482.66,39893964.037112236,new_observed,20140666841.11,46639307.79289794,1,
3103751,Araporã,2025,ok,ok,3469370.95,3469370.95,3469370.95,new_observed,41867570.18,41867570.18,41938739.44438348,new_observed,21654451288.89,45408110.39438348,1,
3103801,Arapuá,2019,ok,ok,168991.62,168991.62,168991.62,new_observed,3560581.98,3560581.98,3655168.0652650855,new_observed,12828054857.945,6662292.080896814,1,
3103801,Arapuá,2020,ok,ok,225979.37,225979.37,225979.37,new_observed,4178735.31,4178735.31,3974921.9314828436,new_observed,12945081975.46,7166145.05444392,1,
3103801,Arapuá,2021,ok,ok,397438.41,397438.41,397438.41,new_observed,5079347.97,5079347.97,4993461.904377071,new_observed,16790773533.8425,7323118.27025382,1,
3103801,Arapuá,2022,ok,ok,314242.42,314242.42,314242.42,new_observed,5603648.74,5603648.74,4743099.193741405,new_observed,17457373501.01,6428407.989331392,1,
3103801,Arapuá,2023,ok,ok,354521.54,354521.54,354521.54,new_observed,5894495.96,5894495.96,5110180.4271786455,new_observed,17975926235.1,6745653.824301854,1,
3103801,Arapuá,2024,ok,ok,529454.07,529454.07,529454.07,new_observed,6366797.33,6366797.33,6327696.302658316,new_observed,20140666841.11,7355842.531381965,1,
3103801,Arapuá,2025,ok,ok,419676.0,419676.0,419676.0,new_observed,8119531.92,8119531.92,8133334.037280754,new_observed,21654451288.89,8553010.037280753,1,
3103900,Araújos,2019,ok,ok,403999.3,403999.3,403999.3,new_observed,4320214.28,4320214.28,4434979.8319650525,new_observed,12828054857.945,8430268.347510433,1,
3103900,Araújos,2020,ok,ok,404257.75,404257.75,404257.75,new_observed,4604627.57,4604627.57,4380041.7486369945,new_observed,12945081975.46,8161340.086479546,1,
3103900,Araújos,2021,ok,ok,405252.66,405252.66,405252.66,new_observed,5967926.41,5967926.41,5867015.481607342,new_observed,16790773533.8425,8520387.82858542,1,
3103900,Araújos,2022,ok,ok,619768.96,619768.96,619768.96,new_observed,6931849.07,6931849.07,5867328.460536967,new_observed,17457373501.01,8245776.550360438,2,
3103900,Araújos,2023,ok,ok,882089.63,882089.63,882089.63,new_observed,6549897.84,6549897.84,5678375.211234801,new_observed,17975926235.1,8098268.672522223,1,
3103900,Araújos,2024,ok,ok,1015866.19,1015866.19,1015866.19,new_observed,5865410.27,5865410.27,5829388.459433357,new_observed,20140666841.11,7343081.681453896,1,
3103900,Araújos,2025,ok,ok,1063290.63,1063290.63,1063290.63,new_observed,6352319.71,6352319.71,6363117.803105134,new_observed,21654451288.89,7426408.4331051335,2,
3104007,Araxá,2019,ok,ok,30758436.81,30758436.81,30758436.81,new_observed,164217798.02,164217798.02,168580208.0790332,new_observed,12828054857.945,347279503.0965997,1,
3104007,Araxá,2020,ok,ok,31659560.67,31659560.67,31659560.67,new_observed,160706402.78,160706402.78,152868118.59350273,new_observed,12945081975.46,314778191.93119276,1,
3104007,Araxá,2021,ok,ok,38805649.61,38805649.61,38805649.61,new_observed,258384226.88,258384226.88,254015239.99490866,new_observed,16790773533.8425,397774375.6193846,1,
3104007,Araxá,2022,ok,ok,52269395.9,52269395.9,52269395.9,new_observed,250732960.73,250732960.73,212228024.82135212,new_observed,17457373501.01,336203773.1251482,1,
3104007,Araxá,2023,ok,ok,58117221.88,58117221.88,58117221.88,new_observed,238492656.31,238492656.31,206759070.25326145,new_observed,17975926235.1,326964541.47491467,1,
3104007,Araxá,2024,ok,ok,56869965.35,56869965.35,56869965.35,new_observed,257776772.89,257776772.89,256193663.4988262,new_observed,20140666841.11,335831450.52457523,1,
3104007,Araxá,2025,ok,ok,63300015.52,63300015.52,63300015.52,new_observed,270609999.76,270609999.76,271070000.53231454,new_observed,21654451288.89,334370016.0523145,1,
3104106,Arceburgo,2019,ok,ok,401703.34,401703.34,401703.34,new_observed,8487864.2,8487864.2,8713342.464915464,new_observed,12828054857.945,15879854.00219774,1,
3104106,Arceburgo,2020,ok,ok,398510.13,398510.13,398510.13,new_observed,8713121.9,8713121.9,8288148.629350124,new_observed,12945081975.46,14818214.530768853,1,
3104106,Arceburgo,2021,ok,ok,590631.51,590631.51,590631.51,new_observed,11187383.08,11187383.08,10998217.005332012,new_observed,16790773533.8425,15742548.246996885,1,
3104106,Arceburgo,2022,ok,ok,705973.73,705973.73,705973.73,new_observed,11119303.24,11119303.24,9411717.379096499,new_observed,17457373501.01,12860639.309509933,2,
3104106,Arceburgo,2023,ok,ok,818204.83,818204.83,818204.83,new_observed,10315492.17,10315492.17,8942923.456316793,new_observed,17975926235.1,12049182.690943507,1,
3104106,Arceburgo,2024,ok,ok,1221147.65,1221147.65,1221147.65,new_observed,11181379.94,11181379.94,11112710.651487922,new_observed,20140666841.11,13230848.754881775,3,
3104106,Arceburgo,2025,ok,ok,1609163.97,1609163.97,1609163.97,new_observed,13035790.83,13035790.83,13057949.929275151,new_observed,21654451288.89,14667113.899275152,1,
3104205,Arcos,2019,ok,ok,8970019.2,8970019.2,8970019.2,new_observed,37287018.06,37287018.06,38277539.57848051,new_observed,12828054857.945,82312733.41028321,1,
3104205,Arcos,2020,ok,ok,8931433.94,8931433.94,8931433.94,new_observed,41052544.99,41052544.99,39050250.69030685,new_observed,12945081975.46,81849985.83422813,2,
3104205,Arcos,2021,ok,ok,11270712.26,11270712.26,11270712.26,new_observed,54781361.07,54781361.07,53855069.82168229,new_observed,16790773533.8425,88468303.40286972,3,
3104205,Arcos,2022,ok,ok,15642902.69,15642902.69,15642902.69,new_observed,58959217.11,58959217.11,49904879.50143454,new_observed,17457373501.01,83318058.95363376,1,
3104205,Arcos,2023,ok,ok,18952884.77,18952884.77,18952884.77,new_observed,54147780.17,54147780.17,46942932.572627634,new_observed,17975926235.1,81342107.02295397,1,
3104205,Arcos,2024,ok,ok,20079546.84,20079546.84,20079546.84,new_observed,60733046.71,60733046.71,60360060.98470262,new_observed,20140666841.11,86289647.49029529,1,
3104205,Arcos,2025,ok,ok,22491635.45,22491635.45,22491635.45,new_observed,74023140.99,74023140.99,74148970.42000903,new_observed,21654451288.89,96640605.87000903,1,
3104304,Areado,2019,ok,ok,770821.15,770821.15,770821.15,new_observed,5139818.17,5139818.17,5276356.3208993245,new_observed,12828054857.945,10535141.283818405,1,
3104304,Areado,2020,ok,ok,773946.74,773946.74,773946.74,new_observed,5653642.19,5653642.19,5377891.794201172,new_observed,12945081975.46,10494168.78040959,1,
3104304,Areado,2021,ok,ok,1182965.82,1182965.82,1182965.82,new_observed,7184847.51,7184847.51,7063359.813472961,new_observed,16790773533.8425,11201991.205049077,1,
3104304,Areado,2022,ok,ok,1434384.39,1434384.39,1434384.39,new_observed,7816055.39,7816055.39,6615747.6563292155,new_observed,17457373501.01,10232556.373329751,1,
3104304,Areado,2023,ok,ok,1515793.8,1515793.8,1515793.8,new_observed,7960410.65,7960410.65,6901206.646332903,new_observed,17975926235.1,10389984.960015997,1,
3104304,Areado,2024,ok,ok,2272866.17,2272866.17,2272866.17,new_observed,7243136.01,7243136.01,7198653.039286912,new_observed,20140666841.11,10160343.590287134,1,
3104304,Areado,2025,ok,ok,3108624.46,3108624.46,3108624.46,new_observed,8089484.42,8089484.42,8103235.460553292,new_observed,21654451288.89,11211859.920553293,1,
3104403,Argirita,2019,ok,ok,721806.63,721806.63,721806.63,new_observed,1871762.6,1871762.6,1921485.5660415231,new_observed,12828054857.945,4605033.815151226,1,
3104403,Argirita,2020,ok,ok,56366.61,56366.61,56366.61,new_observed,2380605.99,2380605.99,2264494.4601361766,new_observed,12945081975.46,3959061.612310938,1,
3104403,Argirita,2021,ok,partial,,,597712.3127590319,imputed_temporal,3081333.54,3081333.54,3029231.6528708595,new_observed,16790773533.8425,4926920.935461636,1,
3104403,Argirita,2022,ok,ok,1554072.03,1554072.03,1554072.03,new_observed,3018548.15,3018548.15,2554991.2139094234,new_observed,17457373501.01,5223047.403806634,1,
3104403,Argirita,2023,ok,ok,1912387.43,1912387.43,1912387.43,new_observed,3071349.9,3071349.9,2662679.2605346176,new_observed,17975926235.1,5647483.852330637,1,
3104403,Argirita,2024,ok,ok,2133800.98,2133800.98,2133800.98,new_observed,4718749.35,4718749.35,4689769.638884725,new_observed,20140666841.11,7319820.661133062,1,
3104403,Argirita,2025,ok,ok,1921675.89,1921675.89,1921675.89,new_observed,4203727.35,4203727.35,4210873.123730884,new_observed,21654451288.89,6132549.013730884,1,
3104452,Aricanduva,2019,ok,ok,105722.41,105722.41,105722.41,new_observed,2359400.01,2359400.01,2422076.9576939,new_observed,12828054857.945,4403827.00920494,1,
3104452,Aricanduva,2020,ok,ok,68554.95,68554.95,68554.95,new_observed,2974917.31,2974917.31,2829818.8764358335,new_observed,12945081975.46,4944216.912430518,1,
3104452,Aricanduva,2021,ok,ok,67512.76,67512.76,67512.76,new_observed,3661464.73,3661464.73,3599553.476442623,new_observed,16790773533.8425,4981423.915909853,1,
3104452,Aricanduva,2022,ok,ok,253067.74,253067.74,253067.74,new_observed,3514356.53,3514356.53,2974658.5479165567,new_observed,17457373501.01,4102776.32822743,1,
3104452,Aricanduva,2023,ok,ok,234053.26,234053.26,234053.26,new_observed,3608850.86,3608850.86,3128660.8990022657,new_observed,17975926235.1,4150950.1822693045,1,
3104452,Aricanduva,2024,ok,ok,237269.81,237269.81,237269.81,new_observed,4063403.28,4063403.28,4038448.3089970876,new_observed,20140666841.11,4586673.3967694,1,
3104452,Aricanduva,2025,ok,ok,283530.12,283530.12,283530.12,new_observed,5017431.05,5017431.05,5025960.011088215,new_observed,21654451288.89,5309490.131088215,2,
3104502,Arinos,2019,ok,ok,4307863.77,4307863.77,4307863.77,new_observed,6837850.3,6837850.3,7019496.304821293,new_observed,12828054857.945,19734055.984829366,1,
3104502,Arinos,2020,ok,ok,4128114.24,4128114.24,4128114.24,new_observed,7950742.28,7950742.28,7562953.265958332,new_observed,12945081975.46,19943312.06006209,1,
3104502,Arinos,2021,ok,ok,1718269.93,1718269.93,1718269.93,new_observed,10677293.58,10677293.58,10496752.54550042,new_observed,16790773533.8425,16593156.809695994,1,
3104502,Arinos,2022,ok,ok,2342284.37,2342284.37,2342284.37,new_observed,11032494.82,11032494.82,9338240.084923351,new_observed,17457373501.01,14847163.284676889,2,
3104502,Arinos,2023,ok,ok,13341293.65,13341293.65,13341293.65,new_observed,11346092.19,11346092.19,9836392.904119065,new_observed,17975926235.1,28610645.35290361,2,
3104502,Arinos,2024,ok,ok,18485055.31,18485055.31,18485055.31,new_observed,14062100.98,14062100.98,13975740.041147796,new_observed,20140666841.11,34821534.61276543,2,
3104502,Arinos,2025,ok,ok,30951379.13,30951379.13,30951379.13,new_observed,16239104.14,16239104.14,16266708.443066113,new_observed,21654451288.89,47218087.573066115,1,
3104601,Astolfo Dutra,2019,ok,ok,596035.13,596035.13,596035.13,new_observed,6786375.57,6786375.57,6966654.159823372,new_observed,12828054857.945,13175402.993764052,1,
3104601,Astolfo Dutra,2020,ok,ok,743354.45,743354.45,743354.45,new_observed,6976461.67,6976461.67,6636192.158395508,new_observed,12945081975.46,12588465.578356996,1,
3104601,Astolfo Dutra,2021,ok,ok,753230.28,753230.28,753230.28,new_observed,9052960.3,9052960.3,8899884.91571843,new_observed,16790773533.8425,13113005.274110487,1,
3104601,Astolfo Dutra,2022,ok,ok,966423.96,966423.96,966423.96,new_observed,9262344.01,9262344.01,7839930.453240103,new_observed,17457373501.01,11193793.773617739,1,
3104601,Astolfo Dutra,2023,ok,ok,1169910.83,1169910.83,1169910.83,new_observed,8437223.11,8437223.11,7314574.933810174,new_observed,17975926235.1,10473289.15348509,1,
3104601,Astolfo Dutra,2024,ok,ok,1456396.55,1456396.55,1456396.55,new_observed,9237802.85,9237802.85,9181069.83917948,new_observed,20140666841.11,11411085.281674856,1,
3104601,Astolfo Dutra,2025,ok,ok,1356150.04,1356150.04,1356150.04,new_observed,9834163.51,9834163.51,9850880.271441482,new_observed,21654451288.89,11207030.311441481,1,
3104700,Ataléia,2019,ok,ok,427702.68,427702.68,427702.68,new_observed,4148193.95,4148193.95,4258389.819342352,new_observed,12828054857.945,8163915.609751631,3,
3104700,Ataléia,2020,ok,ok,403921.06,403921.06,403921.06,new_observed,3770115.6,3770115.6,3586232.214039324,new_observed,12945081975.46,6806638.6470772205,1,
3104700,Ataléia,2021,ok,ok,549612.08,549612.08,549612.08,new_observed,4931405.5,4931405.5,4848020.975275999,new_observed,16790773533.8425,7332264.174464724,2,
3104700,Ataléia,2022,ok,ok,676827.71,676827.71,676827.71,new_observed,7014837.77,7014837.77,5937572.627208207,new_observed,17457373501.01,8407591.817964869,2,
3104700,Ataléia,2023,ok,ok,1110289.59,1110289.59,1110289.59,new_observed,7335766.34,7335766.34,6359676.861840436,new_observed,17975926235.1,9220961.740623448,5,
3104700,Ataléia,2024,ok,ok,1142382.61,1142382.61,1142382.61,new_observed,8188231.97,8188231.97,8137944.790191337,new_observed,20140666841.11,9955247.192429975,1,
3104700,Ataléia,2025,ok,ok,1309425.81,1309425.81,1309425.81,new_observed,8696045.06,8696045.06,8710827.172439413,new_observed,21654451288.89,10020252.982439414,1,
3104809,Augusto de Lima,2019,ok,ok,1817306.73,1817306.73,1817306.73,new_observed,2734001.73,2734001.73,2806629.8908459614,new_observed,12828054857.945,8055630.221282298,1,
3104809,Augusto de Lima,2020,ok,ok,1825785.44,1825785.44,1825785.44,new_observed,3156046.21,3156046.21,3002113.4066283577,new_observed,12945081975.46,8235714.424166318,1,
3104809,Augusto de Lima,2021,ok,ok,1763824.41,1763824.41,1763824.41,new_observed,4309036.79,4309036.79,4236175.820697763,new_observed,16790773533.8425,8150533.073996774,1,
3104809,Augusto de Lima,2022,ok,ok,3789344.95,3789344.95,3789344.95,new_observed,4750747.61,4750747.61,4021177.665511545,new_observed,17457373501.01,9927987.827831015,1,
3104809,Augusto de Lima,2023,ok,ok,3105111.45,3105111.45,3105111.45,new_observed,4520635.68,4520635.68,3919124.5743667325,new_observed,17975926235.1,8670750.003413554,1,
3104809,Augusto de Lima,2024,ok,ok,2808626.9,2808626.9,2808626.9,new_observed,6025979.65,6025979.65,5988971.719192333,new_observed,20140666841.11,9437411.545635184,1,
3104809,Augusto de Lima,2025,ok,ok,2819366.53,2819366.53,2819366.53,new_observed,5589180.47,5589180.47,5598681.328560605,new_observed,21654451288.89,8418047.858560605,1,
3104908,Baependi,2019,ok,ok,731481.65,731481.65,731481.65,new_observed,6797067.02,6797067.02,6977629.62586541,new_observed,12828054857.945,13430493.292905008,1,
3104908,Baependi,2020,ok,ok,695640.87,695640.87,695640.87,new_observed,5725855.35,5725855.35,5446582.833985091,new_observed,12945081975.46,10477767.236298574,1,
3104908,Baependi,2021,ok,ok,794145.97,794145.97,794145.97,new_observed,7641660.73,7641660.73,7512448.835323501,new_observed,16790773533.8425,11283862.181652872,1,
3104908,Baependi,2022,ok,ok,1267349.03,1267349.03,1267349.03,new_observed,8246227.72,8246227.72,6979858.635846619,new_observed,17457373501.01,10483060.014129069,1,
3104908,Baependi,2023,ok,ok,1599351.34,1599351.34,1599351.34,new_observed,8705686.5,8705686.5,7547316.862942318,new_observed,17975926235.1,11290690.272474833,1,
3104908,Baependi,2024,ok,ok,1921327.5,1921327.5,1921327.5,new_observed,9560181.53,9560181.53,9501468.663856985,new_observed,20140666841.11,12253528.839682162,1,
3104908,Baependi,2025,ok,ok,2452843.58,2452843.58,2452843.58,new_observed,10037338.36,10037338.36,10054400.491486926,new_observed,21654451288.89,12507244.071486926,1,
3105004,Baldim,2019,ok,ok,378379.68,378379.68,378379.68,new_observed,3273468.3,3273468.3,3360427.2728520604,new_observed,12828054857.945,6513594.097538731,1,
3105004,Baldim,2020,ok,ok,866168.68,866168.68,866168.68,new_observed,3613765.56,3613765.56,3437507.9812560272,new_observed,12945081975.46,7341465.321048928,1,
3105004,Baldim,2021,ok,ok,709387.08,709387.08,709387.08,new_observed,4386942.4,4386942.4,4312764.134388793,new_observed,16790773533.8425,6822201.333603723,1,
3105004,Baldim,2022,ok,ok,506346.02,506346.02,506346.02,new_observed,4946102.84,4946102.84,4186532.2901317463,new_observed,17457373501.01,5965137.166103541,1,
3105004,Baldim,2023,ok,ok,532022.43,532022.43,532022.43,new_observed,5049819.71,5049819.71,4377895.924933833,new_observed,17975926235.1,6060826.322623595,1,
3105004,Baldim,2024,ok,ok,748559.99,748559.99,748559.99,new_observed,5221499.79,5221499.79,5189432.489052416,new_observed,20140666841.11,6369838.0893909065,1,
3105004,Baldim,2025,ok,ok,1049992.14,1049992.14,1049992.14,new_observed,5158424.37,5158424.37,5167193.000857065,new_observed,21654451288.89,6217185.140857065,1,
3105103,Bambuí,2019,ok,ok,2624416.07,2624416.07,2624416.07,new_observed,13754635.65,13754635.65,14120024.552064007,new_observed,12828054857.945,29171468.59354829,3,
3105103,Bambuí,2020,ok,ok,2345328.65,2345328.65,2345328.65,new_observed,14928410.41,14928410.41,14200293.040548142,new_observed,12945081975.46,28224496.730872758,1,
3105103,Bambuí,2021,ok,ok,3030890.16,3030890.16,3030890.16,new_observed,19635749.54,19635749.54,19303731.08339723,new_observed,16790773533.8425,30339843.690027665,1,
3105103,Bambuí,2022,ok,ok,4320019.1,4320019.1,4320019.1,new_observed,21855830.97,21855830.97,18499441.89263288,new_observed,17457373501.01,29005911.912039965,1,
3105103,Bambuí,2023,ok,ok,5735492.98,5735492.98,5735492.98,new_observed,19958992.67,19958992.67,17303269.75886774,new_observed,17975926235.1,28439157.14160404,1,
3105103,Bambuí,2024,ok,ok,6684093.89,6684093.89,6684093.89,new_observed,19591564.39,19591564.39,19471244.823477883,new_observed,20140666841.11,28057508.217763662,1,
3105103,Bambuí,2025,ok,ok,7192868.63,7192868.63,7192868.63,new_observed,22057385.23,22057385.23,22094879.832010414,new_observed,21654451288.89,29287748.462010413,3,
3105202,Bandeira,2019,ok,ok,628542.15,628542.15,628542.15,new_observed,2277874.13,2277874.13,2338385.360437478,new_observed,12828054857.945,5168857.8103956245,1,
3105202,Bandeira,2020,ok,ok,571446.39,571446.39,571446.39,new_observed,2692380.52,2692380.52,2561062.5184214367,new_observed,12945081975.46,5343618.3359418735,5,
3105202,Bandeira,2021,ok,ok,234750.68,234750.68,234750.68,new_observed,3697368.47,3697368.47,3634850.124550522,new_observed,16790773533.8425,5256551.354663153,1,
3105202,Bandeira,2022,ok,ok,301660.77,301660.77,301660.77,new_observed,3183656.06,3183656.06,2694743.584398179,new_observed,17457373501.01,3808742.0550637026,1,
3105202,Bandeira,2023,ok,ok,234943.45,234943.45,234943.45,new_observed,3695051.77,3695051.77,3203392.0051182476,new_observed,17975926235.1,4244297.46605664,1,
3105202,Bandeira,2024,ok,ok,385923.18,385923.18,385923.18,new_observed,5620591.32,5620591.32,5586073.0396953635,new_observed,20140666841.11,6406314.781318913,1,
3105202,Bandeira,2025,ok,ok,380034.56,380034.56,380034.56,new_observed,5416282.21,5416282.21,5425489.164664953,new_observed,21654451288.89,5805523.724664953,1,
3105301,Bandeira do Sul,2019,ok,ok,138122.18,138122.18,138122.18,new_observed,2934038.87,2934038.87,3011980.9739278797,new_observed,12828054857.945,5487978.80415054,1,
3105301,Bandeira do Sul,2020,ok,ok,150560.79,150560.79,150560.79,new_observed,3101971.28,3101971.28,2950675.923932092,new_observed,12945081975.46,5290272.383300157,1,
3105301,Bandeira do Sul,2021,ok,ok,193299.03,193299.03,193299.03,new_observed,3812599.26,3812599.26,3748132.4913965706,new_observed,16790773533.8425,5354127.789808478,1,
3105301,Bandeira do Sul,2022,ok,ok,226075.34,226075.34,226075.34,new_observed,4147144.3,4147144.3,3510269.41522021,new_observed,17457373501.01,4749283.380440865,1,
3105301,Bandeira do Sul,2023,ok,ok,293776.67,293776.67,293776.67,new_observed,3814133.07,3814133.07,3306628.4705654117,new_observed,17975926235.1,4444357.04844673,1,
3105301,Bandeira do Sul,2024,ok,absent_dca,,,285821.43176663894,imputed_temporal,,,3696052.107058422,imputed_temporal,20140666841.11,4271458.716767051,1,
3105301,Bandeira do Sul,2025,ok,ok,283883.03,283883.03,283883.03,new_observed,3956904.68,3956904.68,3963630.88823469,new_observed,21654451288.89,4247513.91823469,1,
3105400,Barão de Cocais,2019,ok,ok,23208933.52,23208933.52,23208933.52,new_observed,16162670.32,16162670.32,16592028.138914477,new_observed,12828054857.945,69339581.37103334,1,
3105400,Barão de Cocais,2020,ok,ok,30533725.32,30533725.32,30533725.32,new_observed,17847035.72,17847035.72,16976565.49952327,new_observed,12945081975.46,81045854.48635529,2,
3105400,Barão de Cocais,2021,ok,ok,39846505.29,39846505.29,39846505.29,new_observed,28210446.84,28210446.84,27733439.888938054,new_observed,16790773533.8425,91802092.85688101,1,
3105400,Barão de Cocais,2022,ok,ok,43009457.64,43009457.64,43009457.64,new_observed,40742199.53,40742199.53,34485440.23871034,new_observed,17457373501.01,98504087.46412091,1,
3105400,Barão de Cocais,2023,ok,ok,58248628.34,58248628.34,58248628.34,new_observed,51009600.38,51009600.38,44222315.73810094,new_observed,17975926235.1,126490615.58193958,1,
3105400,Barão de Cocais,2024,ok,ok,68457049.86,68457049.86,68457049.86,new_observed,64116766.62,64116766.62,63723000.12882302,new_observed,20140666841.11,141792957.81303513,1,
3105400,Barão de Cocais,2025,ok,ok,76853114.22,76853114.22,76853114.22,new_observed,68301812.29,68301812.29,68417916.22714847,new_observed,21654451288.89,145271030.44714847,1,
3105509,Barão de Monte Alto,2019,ok,ok,59552.52,59552.52,59552.52,new_observed,2293427.75,2293427.75,2354352.158967214,new_observed,12828054857.945,4205404.415691456,1,
3105509,Barão de Monte Alto,2020,ok,ok,100851.25,100851.25,100851.25,new_observed,2434038.6,2434038.6,2315320.951308542,new_observed,12945081975.46,4121648.95780349,3,
3105509,Barão de Monte Alto,2021,ok,ok,101764.56,101764.56,101764.56,new_observed,2977888.57,2977888.57,2927535.821054393,new_observed,16790773533.8425,4115068.6662529544,1,
3105509,Barão de Monte Alto,2022,ok,ok,193144.04,193144.04,193144.04,new_observed,3147191.38,3147191.38,2663878.7671455476,new_observed,17457373501.01,3631573.589819108,1,
3105509,Barão de Monte Alto,2023,ok,ok,171425.66,171425.66,171425.66,new_observed,3124178.21,3124178.21,2708478.290272679,new_observed,17975926235.1,3554966.9885856076,1,
3105509,Barão de Monte Alto,2024,ok,ok,194233.72,194233.72,194233.72,new_observed,4983136.35,4983136.35,4952532.933467392,new_observed,20140666841.11,5521069.685102605,1,
3105509,Barão de Monte Alto,2025,ok,ok,250600.94,250600.94,250600.94,new_observed,5543064.42,5543064.42,5552486.887449283,new_observed,21654451288.89,5803087.827449284,1,
3105608,Barbacena,2019,ok,ok,16538338.12,16538338.12,16538338.12,new_observed,38983726.71,38983726.71,40019320.92444436,new_observed,12828054857.945,98532403.18853061,1,
3105608,Barbacena,2020,ok,ok,16200899.92,16200899.92,16200899.92,new_observed,44088200.15,44088200.15,41937844.992589444,new_observed,12945081975.46,99176497.95291935,1,
3105608,Barbacena,2021,ok,ok,18835143.74,18835143.74,18835143.74,new_observed,54550520.68,54550520.68,53628132.68324156,new_observed,16790773533.8425,98435718.07148351,1,
3105608,Barbacena,2022,ok,ok,17253079.1,17253079.1,17253079.1,new_observed,54887793.7,54887793.7,46458702.556847736,new_observed,17457373501.01,80984311.02707773,1,
3105608,Barbacena,2023,ok,ok,27158831.07,27158831.07,27158831.07,new_observed,52474076.23,52474076.23,45491929.94693752,new_observed,17975926235.1,89680441.28221048,1,
3105608,Barbacena,2024,ok,ok,31068901.34,31068901.34,31068901.34,new_observed,60679782.42,60679782.42,60307123.811831,new_observed,20140666841.11,98021425.1740107,1,
3105608,Barbacena,2025,ok,ok,37742551.1,37742551.1,37742551.1,new_observed,67633665.94,67633665.94,67748634.11779998,new_observed,21654451288.89,105491185.21779999,1,
3105707,Barra Longa,2019,ok,ok,2249310.79,2249310.79,2249310.79,new_observed,3772815.22,3772815.22,3873039.2350887726,new_observed,12828054857.945,10666103.783738809,1,
3105707,Barra Longa,2020,ok,ok,2811320.26,2811320.26,2811320.26,new_observed,3153748.58,3153748.58,2999927.8410923984,new_observed,12945081975.46,9913169.544138119,1,
3105707,Barra Longa,2021,ok,ok,3071150.63,3071150.63,3071150.63,new_observed,3947561.35,3947561.35,3880812.5241351253,new_observed,16790773533.8425,9443700.573057445,1,
3105707,Barra Longa,2022,ok,ok,3799450.64,3799450.64,3799450.64,new_observed,4322183.25,4322183.25,3658427.7208420467,new_observed,17457373501.01,9479740.246937988,1,
3105707,Barra Longa,2023,ok,ok,2726690.66,2726690.66,2726690.66,new_observed,3725896.33,3725896.33,3230132.419882556,new_observed,17975926235.1,7353130.441667087,1,
3105707,Barra Longa,2024,ok,absent_dca,,,2814805.745818683,imputed_temporal,,,3556114.9636871396,imputed_temporal,20140666841.11,6834251.397767947,1,
3105707,Barra Longa,2025,ok,ok,2988002.8,2988002.8,2988002.8,new_observed,3748519.13,3748519.13,3754891.1106968145,new_observed,21654451288.89,6742893.910696814,1,
3105905,Barroso,2019,ok,ok,1556126.76,1556126.76,1556126.76,new_observed,7667027.1,7667027.1,7870700.006025975,new_observed,12828054857.945,16423025.83578632,1,
3105905,Barroso,2020,ok,ok,1873102.49,1873102.49,1873102.49,new_observed,9213401.51,9213401.51,8764027.632479105,new_observed,12945081975.46,18145443.54892919,1,
3105905,Barroso,2021,ok,ok,2420264.94,2420264.94,2420264.94,new_observed,14461165.82,14461165.82,14216643.758519623,new_observed,16790773533.8425,22599944.89709868,1,
3105905,Barroso,2022,ok,ok,3199003.6,3199003.6,3199003.6,new_observed,16295750.65,16295750.65,13793220.338330127,new_observed,17457373501.01,21598886.62155439,1,
3105905,Barroso,2023,ok,ok,3840299.98,3840299.98,3840299.98,new_observed,13890458.79,13890458.79,12042208.717230093,new_observed,17975926235.1,19605443.47641552,1,
3105905,Barroso,2024,ok,ok,4756036.58,4756036.58,4756036.58,new_observed,14953756.16,14953756.16,14861919.213075692,new_observed,20140666841.11,21044688.501636863,2,
3105905,Barroso,2025,ok,ok,4648605.32,4648605.32,4648605.32,new_observed,16361087.69,16361087.69,16388899.348770851,new_observed,21654451288.89,21037504.66877085,1,
3106002,Bela Vista de Minas,2019,ok,ok,2950069.77,2950069.77,2950069.77,new_observed,6919700.29,6919700.29,7103520.621989316,new_observed,12828054857.945,17514947.378168326,1,
3106002,Bela Vista de Minas,2020,ok,ok,2716181.87,2716181.87,2716181.87,new_observed,8253284.84,8253284.84,7850739.633779502,new_observed,12945081975.46,18025677.548833944,1,
3106002,Bela Vista de Minas,2021,ok,ok,2325483.51,2325483.51,2325483.51,new_observed,12691151.05,12691151.05,12476557.949005822,new_observed,16790773533.8425,20107420.639260244,1,
3106002,Bela Vista de Minas,2022,ok,ok,3583465.3,3583465.3,3583465.3,new_observed,12548141.84,12548141.84,10621129.946888283,new_observed,17457373501.01,18055520.181236546,3,
3106002,Bela Vista de Minas,2023,ok,ok,5038673.17,5038673.17,5038673.17,new_observed,6313624.18,6313624.18,5473539.879938747,new_observed,17975926235.1,12976325.257643642,1,
3106002,Bela Vista de Minas,2024,ok,ok,6061004.65,6061004.65,6061004.65,new_observed,10880175.44,10880175.44,10813355.9677738,new_observed,20140666841.11,18101563.00743011,1,
3106002,Bela Vista de Minas,2025,ok,ok,6501815.37,6501815.37,6501815.37,new_observed,18173353.6,18173353.6,18204245.868205015,new_observed,21654451288.89,24706061.238205016,1,
3106101,Belmiro Braga,2019,ok,ok,212232.59,212232.59,212232.59,new_observed,3286571.62,3286571.62,3373878.6796956537,new_observed,12828054857.945,6247574.024004709,1,
3106101,Belmiro Braga,2020,ok,partial,,,198473.9633280873,imputed_temporal,3577072.36,3577072.36,3402604.4531317996,new_observed,12945081975.46,6142931.821718772,1,
3106101,Belmiro Braga,2021,ok,ok,215148.37,215148.37,215148.37,new_observed,4481800.51,4481800.51,4406018.300357305,new_observed,16790773533.8425,6277495.056499117,1,
3106101,Belmiro Braga,2022,ok,ok,333436.9,333436.9,333436.9,new_observed,4702351.66,4702351.66,3980213.857450772,new_observed,17457373501.01,5483099.444387238,1,
3106101,Belmiro Braga,2023,ok,ok,560318.9,560318.9,560318.9,new_observed,4940841.96,4940841.96,4283418.641578809,new_observed,17975926235.1,5979132.415181794,1,
3106101,Belmiro Braga,2024,ok,ok,696718.67,696718.67,696718.67,new_observed,4866179.09,4866179.09,4836293.954383845,new_observed,20140666841.11,5935405.726466204,1,
3106101,Belmiro Braga,2025,ok,ok,575497.63,575497.63,575497.63,new_observed,4964107.03,4964107.03,4972545.347392843,new_observed,21654451288.89,5548042.977392843,1,
3106200,Belo Horizonte,2019,ok,ok,1581592919.36,1581592919.36,1581592919.36,new_observed,985624552.21,985624552.21,1011807453.8980823,new_observed,12828054857.945,4518114354.880679,1,
3106200,Belo Horizonte,2020,ok,ok,1536941798.37,1536941798.37,1536941798.37,new_observed,1050453020.0,1050453020.0,999218289.1312121,new_observed,12945081975.46,4326331366.535462,1,
3106200,Belo Horizonte,2021,ok,ok,1913019256.92,1913019256.92,1913019256.92,new_observed,1234766449.9,1234766449.9,1213887936.9547448,new_observed,16790773533.8425,4247659920.511485,1,
3106200,Belo Horizonte,2022,ok,ok,2209334242.86,2209334242.86,2209334242.86,new_observed,1182273185.0,1182273185.0,1000712080.778208,new_observed,17457373501.01,4080303251.995202,1,
3106200,Belo Horizonte,2023,ok,ok,2578354633.33,2578354633.33,2578354633.33,new_observed,1057750995.72,1057750995.72,917007742.7887605,new_observed,17975926235.1,4314691765.699275,1,
3106200,Belo Horizonte,2024,ok,ok,3093170916.77,3093170916.77,3093170916.77,new_observed,1111601204.95,1111601204.95,1104774421.1127014,new_observed,20140666841.11,4503244523.25568,1,
3106200,Belo Horizonte,2025,ok,ok,3275619313.92,3275619313.92,3275619313.92,new_observed,1253994731.9,1253994731.9,1256126355.0686336,new_observed,21654451288.89,4531745668.988634,1,
3106309,Belo Oriente,2019,ok,ok,8706961.98,8706961.98,8706961.98,new_observed,34418225.76,34418225.76,35332538.43548243,new_observed,12828054857.945,76723787.44936803,1,
3106309,Belo Oriente,2020,ok,ok,9959058.54,9959058.54,9959058.54,new_observed,44563474.59,44563474.59,42389938.42633919,new_observed,12945081975.46,89300004.6401979,1,
3106309,Belo Oriente,2021,ok,ok,10017219.78,10017219.78,10017219.78,new_observed,65254550.93,65254550.93,64151169.81170093,new_observed,16790773533.8425,100751981.52816328,2,
3106309,Belo Oriente,2022,ok,ok,14105962.95,14105962.95,14105962.95,new_observed,45210811.66,45210811.66,38267809.82937566,new_observed,17457373501.01,66572520.71949528,1,
3106309,Belo Oriente,2023,ok,ok,18141352.94,18141352.94,18141352.94,new_observed,55524178.73,55524178.73,48136188.96452935,new_observed,17975926235.1,81813309.6185004,1,
3106309,Belo Oriente,2024,ok,ok,17681599.05,17681599.05,17681599.05,new_observed,58824783.99,58824783.99,58463517.66284308,new_observed,20140666841.11,81682835.81861076,1,
3106309,Belo Oriente,2025,ok,ok,20803065.33,20803065.33,20803065.33,new_observed,44454537.45,44454537.45,44530104.21241832,new_observed,21654451288.89,65333169.542418316,1,
3106408,Belo Vale,2019,ok,ok,1525558.53,1525558.53,1525558.53,new_observed,16659148.29,16659148.29,17101694.938118923,new_observed,12828054857.945,32451626.88882433,1,
3106408,Belo Vale,2020,ok,ok,2356545.15,2356545.15,2356545.15,new_observed,18453905.84,18453905.84,17553836.173685603,new_observed,12945081975.46,33964302.04262557,1,
3106408,Belo Vale,2021,ok,ok,2719926.16,2719926.16,2719926.16,new_observed,26153555.92,26153555.92,25711328.68270796,new_observed,16790773533.8425,38621645.67013249,1,
3106408,Belo Vale,2022,ok,ok,3661032.73,3661032.73,3661032.73,new_observed,30878411.44,30878411.44,26136429.173303142,new_observed,17457373501.01,37875677.933348745,1,
3106408,Belo Vale,2023,ok,ok,8740123.91,8740123.91,8740123.91,new_observed,31304032.86,31304032.86,27138750.641018193,new_observed,17975926235.1,44289051.58604238,1,
3106408,Belo Vale,2024,ok,ok,8763536.04,8763536.04,8763536.04,new_observed,32118532.48,32118532.48,31921279.834504645,new_observed,20140666841.11,43643654.10220788,1,
3106408,Belo Vale,2025,ok,ok,4207789.94,4207789.94,4207789.94,new_observed,26674550.93,26674550.93,26719894.09558821,new_observed,21654451288.89,30927684.035588212,1,
3106507,Berilo,2019,ok,ok,304789.16,304789.16,304789.16,new_observed,2778062.6,2778062.6,2851861.2282667607,new_observed,12828054857.945,5499385.12372861,1,
3106507,Berilo,2020,ok,ok,383042.04,383042.04,383042.04,new_observed,2965732.8,2965732.8,2821082.331160626,new_observed,12945081975.46,5465784.213523667,1,
3106507,Berilo,2021,ok,ok,593371.87,593371.87,593371.87,new_observed,3715328.77,3715328.77,3652506.736062646,new_observed,16790773533.8425,5767695.44604908,1,
3106507,Berilo,2022,ok,ok,567594.93,567594.93,567594.93,new_observed,4262265.64,4262265.64,3607711.628369428,new_observed,17457373501.01,5307249.556723778,1,
3106507,Berilo,2023,ok,ok,555076.87,555076.87,555076.87,new_observed,3973807.05,3973807.05,3445056.3960170248,new_observed,17975926235.1,4937783.327561053,1,
3106507,Berilo,2024,ok,ok,1795399.55,1795399.55,1795399.55,new_observed,5544565.12,5544565.12,5510513.746739958,new_observed,20140666841.11,7837242.125100859,1,
3106507,Berilo,2025,ok,ok,1422511.58,1422511.58,1422511.58,new_observed,5944865.66,5944865.66,5954971.135767086,new_observed,21654451288.89,7377482.7157670865,1,
3106606,Bertópolis,2019,ok,ok,215969.72,215969.72,215969.72,new_observed,2029133.86,2029133.86,2083037.359308344,new_observed,12828054857.945,4005234.5924304584,3,
3106606,Bertópolis,2020,ok,ok,224552.79,224552.79,224552.79,new_observed,2307575.37,2307575.37,2195025.831095925,new_observed,12945081975.46,4127459.8294619364,2,
3106606,Bertópolis,2021,ok,ok,156606.64,156606.64,156606.64,new_observed,2892659.09,2892659.09,2843747.475773952,new_observed,16790773533.8425,4075747.4190086885,5,
3106606,Bertópolis,2022,ok,ok,135552.53,135552.53,135552.53,new_observed,3042328.65,3042328.65,2575119.7543676477,new_observed,17457373501.01,3445546.83075818,1,
3106606,Bertópolis,2023,ok,ok,170505.79,170505.79,170505.79,new_observed,3142313.13,3142313.13,2724200.19658347,new_observed,17975926235.1,3573238.691863671,1,
3106606,Bertópolis,2024,ok,ok,269471.4,269471.4,269471.4,new_observed,3621080.13,3621080.13,3598841.640877313,new_observed,20140666841.11,4149639.4339320557,1,
3106606,Bertópolis,2025,ok,ok,523207.7,523207.7,523207.7,new_observed,3843921.99,3843921.99,3850456.1427869815,new_observed,21654451288.89,4373663.842786982,1,
3106655,Berizal,2019,ok,ok,151517.27,151517.27,151517.27,new_observed,2131181.43,2131181.43,2187795.80079265,new_observed,12828054857.945,4075454.015775478,1,
3106655,Berizal,2020,ok,ok,94556.46,94556.46,94556.46,new_observed,2387367.33,2387367.33,2270926.0229556486,new_observed,12945081975.46,4035179.448425224,1,
3106655,Berizal,2021,ok,ok,135991.24,135991.24,135991.24,new_observed,3185918.07,3185918.07,3132047.776008448,new_observed,16790773533.8425,4439376.510489083,1,
3106655,Berizal,2022,ok,ok,241085.25,241085.25,241085.25,new_observed,3372603.31,3372603.31,2854674.2993156626,new_observed,17457373501.01,3935032.8571431423,1,
3106655,Berizal,2023,ok,ok,302513.31,302513.31,302513.31,new_observed,3125167.61,3125167.61,2709336.0417325087,new_observed,17975926235.1,3717841.0130616515,1,
3106655,Berizal,2024,ok,ok,496604.45,496604.45,496604.45,new_observed,3923541.61,3923541.61,3899445.5849787593,new_observed,20140666841.11,4715756.554838969,2,
3106655,Berizal,2025,ok,ok,462314.98,462314.98,462314.98,new_observed,4069994.21,4069994.21,4076912.6552960947,new_observed,21654451288.89,4539227.635296095,1,
3106705,Betim,2019,ok,ok,92476125.76,92476125.76,92476125.76,new_observed,732183669.7,732183669.7,751633969.5108044,new_observed,12828054857.945,1470573528.8190267,1,
3106705,Betim,2020,ok,ok,92820560.6,92820560.6,92820560.6,new_observed,808892154.91,808892154.91,769439298.7901825,new_observed,12945081975.46,1470893692.4638913,1,
3106705,Betim,2021,ok,ok,128187937.15,128187937.15,128187937.15,new_observed,976444222.11,976444222.11,959933647.7149034,new_observed,16790773533.8425,1478128437.4950433,1,
3106705,Betim,2022,ok,ok,163142559.26,163142559.26,163142559.26,new_observed,874360629.21,874360629.21,740085502.8334948,new_observed,17457373501.01,1148096951.721368,1,
3106705,Betim,2023,ok,ok,184385838.78,184385838.78,184385838.78,new_observed,800653321.39,800653321.39,694119218.9607933,new_observed,17975926235.1,1084430777.3800273,1,
3106705,Betim,2024,ok,ok,209303560.81,209303560.81,209303560.81,new_observed,1023741245.03,1023741245.03,1017454044.0499858,new_observed,20140666841.11,1315974606.8142703,1,
3106705,Betim,2025,ok,ok,247580604.33,247580604.33,247580604.33,new_observed,1204952350.74,1204952350.74,1207000608.426095,new_observed,21654451288.89,1454581212.756095,1,
3106804,Bias Fortes,2019,ok,ok,71213.55,71213.55,71213.55,new_observed,1964971.75,1964971.75,2017170.7968223917,new_observed,12828054857.945,3638296.4208617317,1,
3106804,Bias Fortes,2020,ok,ok,58577.11,58577.11,58577.11,new_observed,2176136.13,2176136.13,2069997.4004884264,new_observed,12945081975.46,3631047.864887411,1,
3106804,Bias Fortes,2021,ok,ok,207237.18,207237.18,207237.18,new_observed,2730472.63,2730472.63,2684303.406535322,new_observed,16790773533.8425,3927932.713199147,1,
3106804,Bias Fortes,2022,ok,ok,133361.66,133361.66,133361.66,new_observed,2776658.12,2776658.12,2350248.1153498436,new_observed,17457373501.01,3156926.7298178687,1,
3106804,Bias Fortes,2023,ok,ok,186219.52,186219.52,186219.52,new_observed,2771652.59,2771652.59,2402859.364476857,new_observed,17975926235.1,3195971.158790834,1,
3106804,Bias Fortes,2024,ok,ok,356376.08,356376.08,356376.08,new_observed,3395207.69,3395207.69,3374356.37310762,new_observed,20140666841.11,4002053.1795830056,1,
3106804,Bias Fortes,2025,ok,ok,197014.76,197014.76,197014.76,new_observed,3598297.85,3598297.85,3604414.4746313356,new_observed,21654451288.89,3801429.2346313354,1,
3106903,Bicas,2019,ok,ok,931411.34,931411.34,931411.34,new_observed,5128788.71,5128788.71,5265033.865695213,new_observed,12828054857.945,10795189.328175923,1,
3106903,Bicas,2020,ok,ok,937104.74,937104.74,937104.74,new_observed,5500860.54,5500860.54,5232561.9069839,new_observed,12945081975.46,10524581.026039572,1,
3106903,Bicas,2021,ok,ok,1209461.98,1209461.98,1209461.98,new_observed,6570054.49,6570054.49,6458962.25249095,new_observed,16790773533.8425,10416957.154864516,1,
3106903,Bicas,2022,ok,ok,1227879.96,1227879.96,1227879.96,new_observed,6273836.84,6273836.84,5310366.840993165,new_observed,17457373501.01,8310792.740898281,1,
3106903,Bicas,2023,ok,ok,1523304.08,1523304.08,1523304.08,new_observed,6325860.7,6325860.7,5484148.221249881,new_observed,17975926235.1,8650032.096616587,1,
3106903,Bicas,2024,ok,ok,1566792.36,1566792.36,1566792.36,new_observed,6956133.19,6956133.19,6913412.817423827,new_observed,20140666841.11,9096935.392822253,1,
3106903,Bicas,2025,ok,ok,1762623.61,1762623.61,1762623.61,new_observed,7309205.98,7309205.98,7321630.651663235,new_observed,21654451288.89,9084254.261663236,1,
3107000,Biquinhas,2019,ok,ok,84185.94,84185.94,84185.94,new_observed,2105401.28,2105401.28,2161330.8067194773,new_observed,12828054857.945,3912045.9579222105,1,
3107000,Biquinhas,2020,ok,ok,146687.03,146687.03,146687.03,new_observed,2329364.54,2329364.54,2215752.2574609886,new_observed,12945081975.46,4029988.1861748905,1,
3107000,Biquinhas,2021,ok,ok,116955.86,116955.86,116955.86,new_observed,3072459.14,3072459.14,3020507.3090011473,new_observed,16790773533.8425,4261999.39069281,1,
3107000,Biquinhas,2022,ok,ok,140823.1,140823.1,140823.1,new_observed,2965179.21,2965179.21,2509818.11544629,new_observed,17457373501.01,3369241.0890195537,1,
3107000,Biquinhas,2023,ok,ok,189219.43,189219.43,189219.43,new_observed,2957307.37,2957307.37,2563811.111565366,new_observed,17975926235.1,3398353.8558312585,1,
3107000,Biquinhas,2024,ok,ok,369799.71,369799.71,369799.71,new_observed,5246616.49,5246616.49,5214394.93743696,new_observed,20140666841.11,5990310.006167791,1,
3107000,Biquinhas,2025,ok,ok,314034.13,314034.13,314034.13,new_observed,4627268.61,4627268.61,4635134.347172295,new_observed,21654451288.89,4949168.477172295,1,
3107109,Boa Esperança,2019,ok,ok,3580265.61,3580265.61,3580265.61,new_observed,22348771.49,22348771.49,22942461.73996387,new_observed,12828054857.945,46206793.369090416,1,
3107109,Boa Esperança,2020,ok,ok,4150847.54,4150847.54,4150847.54,new_observed,18338518.09,18338518.09,17444076.338693935,new_observed,12945081975.46,36837894.02521088,1,
3107109,Boa Esperança,2021,ok,ok,4688350.93,4688350.93,4688350.93,new_observed,24889408.23,24889408.23,24468556.30940248,new_observed,16790773533.8425,39607387.94214502,1,
3107109,Boa Esperança,2022,ok,ok,6290451.41,6290451.41,6290451.41,new_observed,25072610.25,25072610.25,21222221.980631765,new_observed,17457373501.01,34971473.73862292,1,
3107109,Boa Esperança,2023,ok,ok,6887509.69,6887509.69,6887509.69,new_observed,23854515.68,23854515.68,20680458.508238945,new_observed,17975926235.1,34030029.674370915,3,
3107109,Boa Esperança,2024,ok,ok,8601890.67,8601890.67,8601890.67,new_observed,24672981.98,24672981.98,24521455.41287416,new_observed,20140666841.11,35532269.916320056,1,
3107109,Boa Esperança,2025,ok,ok,10233657.6,10233657.6,10233657.6,new_observed,30958346.11,30958346.11,31010971.153911203,new_observed,21654451288.89,41244628.753911205,1,
3107208,Bocaina de Minas,2019,ok,ok,295603.78,295603.78,295603.78,new_observed,2594553.45,2594553.45,2663477.1976415366,new_observed,12828054857.945,5155187.907041348,1,
3107208,Bocaina de Minas,2020,ok,ok,296200.55,296200.55,296200.55,new_observed,2878308.23,2878308.23,2737921.8017507223,new_observed,12945081975.46,5175784.7483589575,1,
3107208,Bocaina de Minas,2021,ok,ok,473141.94,473141.94,473141.94,new_observed,3663200.98,3663200.98,3601260.3684064504,new_observed,16790773533.8425,5534758.249096539,1,
3107208,Bocaina de Minas,2022,ok,ok,535658.44,535658.44,535658.44,new_observed,3739788.73,3739788.73,3165471.2372328667,new_observed,17457373501.01,4704521.348138425,1,
3107208,Bocaina de Minas,2023,ok,ok,540204.0,540204.0,540204.0,new_observed,3668606.5,3668606.5,3180465.515378919,new_observed,17975926235.1,4592811.958661504,1,
3107208,Bocaina de Minas,2024,ok,ok,436504.73,436504.73,436504.73,new_observed,5274687.15,5274687.15,5242293.204381665,new_observed,20140666841.11,6091793.398524349,1,
3107208,Bocaina de Minas,2025,ok,ok,671605.96,671605.96,671605.96,new_observed,5851818.61,5851818.61,5861765.918238543,new_observed,21654451288.89,6533371.878238543,1,
3107307,Bocaiúva,2019,ok,ok,7120754.88,7120754.88,7120754.88,new_observed,13324041.39,13324041.39,13677991.649274768,new_observed,12828054857.945,36234711.85800184,3,
3107307,Bocaiúva,2020,ok,ok,7184650.01,7184650.01,7184650.01,new_observed,14696736.54,14696736.54,13979918.817607827,new_observed,12945081975.46,36103769.01258393,2,
3107307,Bocaiúva,2021,ok,ok,8087681.63,8087681.63,8087681.63,new_observed,19034785.68,19034785.68,18712928.846861858,new_observed,16790773533.8425,36406542.282676525,1,
3107307,Bocaiúva,2022,ok,ok,8589480.96,8589480.96,8589480.96,new_observed,20093619.12,20093619.12,17007852.03881621,new_observed,17457373501.01,32536876.58908858,1,
3107307,Bocaiúva,2023,ok,ok,9568585.73,9568585.73,9568585.73,new_observed,21567073.28,21567073.28,18697380.826940726,new_observed,17975926235.1,34891642.13302143,1,
3107307,Bocaiúva,2024,ok,ok,10596529.19,10596529.19,10596529.19,new_observed,24355268.3,24355268.3,24205692.938581616,new_observed,20140666841.11,37333243.66646194,1,
3107307,Bocaiúva,2025,ok,ok,17960785.86,17960785.86,17960785.86,new_observed,29484542.67,29484542.67,29534662.445365176,new_observed,21654451288.89,47495448.305365175,1,
3107406,Bom Despacho,2019,ok,ok,7365414.12,7365414.12,7365414.12,new_observed,17506083.67,17506083.67,17971128.97213579,new_observed,12828054857.945,44140272.45003401,1,
3107406,Bom Despacho,2020,ok,ok,8337152.31,8337152.31,8337152.31,new_observed,22269250.79,22269250.79,21183091.724195044,new_observed,12945081975.46,50357372.289835125,1,
3107406,Bom Despacho,2021,ok,ok,10407880.8,10407880.8,10407880.8,new_observed,28865960.78,28865960.78,28377869.82492808,new_observed,16790773533.8425,52687421.852232836,1,
3107406,Bom Despacho,2022,ok,ok,12760634.76,12760634.76,12760634.76,new_observed,31155732.33,31155732.33,26371162.03233789,new_observed,17457373501.01,49740589.88881664,1,
3107406,Bom Despacho,2023,ok,ok,14744936.91,14744936.91,14744936.91,new_observed,30691812.34,30691812.34,26607991.549884453,new_observed,17975926235.1,51046249.49117217,1,
3107406,Bom Despacho,2024,ok,ok,17141677.64,17141677.64,17141677.64,new_observed,34979211.32,34979211.32,34764390.11126304,new_observed,20140666841.11,55680981.17316287,1,
3107406,Bom Despacho,2025,ok,ok,19652022.34,19652022.34,19652022.34,new_observed,36988482.25,36988482.25,37051357.718078904,new_observed,21654451288.89,56703380.0580789,1,
3107505,Bom Jardim de Minas,2019,ok,ok,1266471.84,1266471.84,1266471.84,new_observed,3471786.78,3471786.78,3564014.04010518,new_observed,12828054857.945,8415471.757079044,1,
3107505,Bom Jardim de Minas,2020,ok,ok,781709.77,781709.77,781709.77,new_observed,3796959.44,3796959.44,3611766.7742412756,new_observed,12945081975.46,7494651.254533542,2,
3107505,Bom Jardim de Minas,2021,ok,ok,814017.19,814017.19,814017.19,new_observed,5941072.41,5941072.41,5840615.552566815,new_observed,16790773533.8425,9039800.363021826,1,
3107505,Bom Jardim de Minas,2022,ok,ok,1115273.66,1115273.66,1115273.66,new_observed,5050350.29,5050350.29,4274770.5111528225,new_observed,17457373501.01,6851307.59578141,1,
3107505,Bom Jardim de Minas,2023,ok,ok,1336515.73,1336515.73,1336515.73,new_observed,4622030.62,4622030.62,4007028.008573677,new_observed,17975926235.1,6596095.536760566,1,
3107505,Bom Jardim de Minas,2024,ok,ok,1532303.26,1532303.26,1532303.26,new_observed,4609676.66,4609676.66,4581366.807529954,new_observed,20140666841.11,6558291.981591716,1,
3107505,Bom Jardim de Minas,2025,ok,ok,1948693.24,1948693.24,1948693.24,new_observed,5519596.29,5519596.29,5528978.864770023,new_observed,21654451288.89,7477672.104770023,1,
3107604,Bom Jesus da Penha,2019,ok,ok,477651.9,477651.9,477651.9,new_observed,4054183.08,4054183.08,4161881.571044194,new_observed,12828054857.945,8082802.405530513,1,
3107604,Bom Jesus da Penha,2020,ok,ok,600578.99,600578.99,600578.99,new_observed,4278674.65,4278674.65,4069986.8362719244,new_observed,12945081975.46,7967326.484337785,1,
3107604,Bom Jesus da Penha,2021,ok,ok,606062.05,606062.05,606062.05,new_observed,5938827.28,5938827.28,5838408.385191872,new_observed,16790773533.8425,8754311.234470952,1,
3107604,Bom Jesus da Penha,2022,ok,ok,536188.7,536188.7,536188.7,new_observed,7355682.83,7355682.83,6226074.281092519,new_observed,17457373501.01,8595540.640462225,1,
3107604,Bom Jesus da Penha,2023,ok,ok,779131.5,779131.5,779131.5,new_observed,7098697.81,7098697.81,6154152.42512405,new_observed,17975926235.1,8558478.304102303,1,
3107604,Bom Jesus da Penha,2024,ok,ok,1442501.92,1442501.92,1442501.92,new_observed,6712744.02,6712744.02,6671518.396839831,new_observed,20140666841.11,8704119.423294708,5,
3107604,Bom Jesus da Penha,2025,ok,ok,995784.16,995784.16,995784.16,new_observed,7217013.8,7217013.8,7229281.757299245,new_observed,21654451288.89,8225065.9172992455,1,
3107703,Bom Jesus do Amparo,2019,ok,ok,971364.34,971364.34,971364.34,new_observed,3254170.76,3254170.76,3340617.097902464,new_observed,12828054857.945,7512154.865656528,1,
3107703,Bom Jesus do Amparo,2020,ok,ok,2298056.04,2298056.04,2298056.04,new_observed,3655652.62,3655652.62,3477352.044372659,new_observed,12945081975.46,9852031.531093946,1,
3107703,Bom Jesus do Amparo,2021,ok,ok,604669.84,604669.84,604669.84,new_observed,4385052.13,4385052.13,4310905.826730067,new_observed,16790773533.8425,6677426.751491623,1,
3107703,Bom Jesus do Amparo,2022,ok,ok,962452.66,962452.66,962452.66,new_observed,5280304.27,5280304.27,4469410.57296648,new_observed,17457373501.01,6904463.979431431,1,
3107703,Bom Jesus do Amparo,2023,ok,ok,731352.63,731352.63,731352.63,new_observed,4936535.92,4936535.92,4279685.558805324,new_observed,17975926235.1,6185649.121408386,1,
3107703,Bom Jesus do Amparo,2024,ok,ok,971685.75,971685.75,971685.75,new_observed,3655475.68,3655475.68,3633025.95416421,new_observed,20140666841.11,4939593.32338696,1,
3107703,Bom Jesus do Amparo,2025,ok,ok,1009170.49,1009170.49,1009170.49,new_observed,4173674.54,4173674.54,4180769.2279771334,new_observed,21654451288.89,5189939.717977134,1,
3107802,Bom Jesus do Galho,2019,ok,ok,295102.11,295102.11,295102.11,new_observed,3614449.29,3614449.29,3710466.348629912,new_observed,12828054857.945,6978334.906945776,1,
3107802,Bom Jesus do Galho,2020,ok,ok,610427.66,610427.66,610427.66,new_observed,4084279.66,4084279.66,3885073.255535606,new_observed,12945081975.46,7668690.440725691,2,
3107802,Bom Jesus do Galho,2021,ok,ok,467401.65,467401.65,467401.65,new_observed,5140030.42,5140030.42,5053118.282347032,new_observed,16790773533.8425,7499196.427367513,1,
3107802,Bom Jesus do Galho,2022,ok,ok,631996.13,631996.13,631996.13,new_observed,5485303.37,5485303.37,4642928.063273648,new_observed,17457373501.01,6704978.11241818,3,
3107802,Bom Jesus do Galho,2023,ok,ok,894020.87,894020.87,894020.87,new_observed,5596232.16,5596232.16,4851603.299763679,new_observed,17975926235.1,7092425.5131479325,1,
3107802,Bom Jesus do Galho,2024,ok,ok,1134840.3,1134840.3,1134840.3,new_observed,7049948.87,7049948.87,7006652.338127618,new_observed,20140666841.11,8733589.69277724,1,
3107802,Bom Jesus do Galho,2025,ok,ok,964967.95,964967.95,964967.95,new_observed,7747357.36,7747357.36,7760526.83035275,new_observed,21654451288.89,8725494.780352749,3,
3107901,Bom Repouso,2019,ok,ok,374528.08,374528.08,374528.08,new_observed,5725934.18,5725934.18,5878042.375124817,new_observed,12828054857.945,10892968.40530337,1,
3107901,Bom Repouso,2020,ok,ok,391504.73,391504.73,391504.73,new_observed,6098907.81,6098907.81,5801440.056288465,new_observed,12945081975.46,10564290.24815226,1,
3107901,Bom Repouso,2021,ok,ok,584959.8,584959.8,584959.8,new_observed,7714467.98,7714467.98,7584024.996552214,new_observed,16790773533.8425,11096929.70087313,1,
3107901,Bom Repouso,2022,ok,ok,1176305.86,1176305.86,1176305.86,new_observed,8592257.76,8592257.76,7272749.014934568,new_observed,17457373501.01,10739628.842305435,1,
3107901,Bom Repouso,2023,ok,ok,1186312.26,1186312.26,1186312.26,new_observed,8676326.26,8676326.26,7521863.266094783,new_observed,17975926235.1,10749412.84869758,1,
3107901,Bom Repouso,2024,ok,ok,1141343.0,1141343.0,1141343.0,new_observed,9953140.96,9953140.96,9892014.774157897,new_observed,20140666841.11,11835768.208134145,1,
3107901,Bom Repouso,2025,ok,ok,1039106.1,1039106.1,1039106.1,new_observed,12102796.29,12102796.29,12123369.423459603,new_observed,21654451288.89,13162475.523459602,1,
3108008,Bom Sucesso,2019,ok,ok,1379685.93,1379685.93,1379685.93,new_observed,6999684.19,6999684.19,7185629.276882683,new_observed,12828054857.945,14922136.199771145,1,
3108008,Bom Sucesso,2020,ok,ok,1486339.6,1486339.6,1486339.6,new_observed,6672375.12,6672375.12,6346937.10704746,new_observed,12945081975.46,13362465.124920806,1,
3108008,Bom Sucesso,2021,ok,ok,1283369.66,1283369.66,1283369.66,new_observed,8571671.25,8571671.25,8426733.92264543,new_observed,16790773533.8425,13190419.559880976,1,
3108008,Bom Sucesso,2022,ok,ok,2436749.64,2436749.64,2436749.64,new_observed,10429160.12,10429160.12,8827559.19432809,new_observed,17457373501.01,14318109.875777408,1,
3108008,Bom Sucesso,2023,ok,ok,2920686.29,2920686.29,2920686.29,new_observed,9957559.26,9957559.26,8632616.728932913,new_observed,17975926235.1,14261451.614573514,1,
3108008,Bom Sucesso,2024,ok,ok,2939405.76,2939405.76,2939405.76,new_observed,8619782.33,8619782.33,8566844.828286765,new_observed,20140666841.11,12343052.5589082,1,
3108008,Bom Sucesso,2025,ok,ok,2765398.55,2765398.55,2765398.55,new_observed,9024045.26,9024045.26,9039384.928869156,new_observed,21654451288.89,11804783.478869155,1,
3108107,Bonfim,2019,ok,ok,582428.56,582428.56,582428.56,new_observed,3364347.82,3364347.82,3453720.987519071,new_observed,12828054857.945,7031612.009132822,1,
3108107,Bonfim,2020,ok,ok,567420.4,567420.4,567420.4,new_observed,3923566.43,3923566.43,3732198.6427125107,new_observed,12945081975.46,7334543.59616856,1,
3108107,Bonfim,2021,ok,ok,576237.13,576237.13,576237.13,new_observed,4734427.93,4734427.93,4654374.074606627,new_observed,16790773533.8425,7105377.996861602,1,
3108107,Bonfim,2022,ok,ok,772883.32,772883.32,772883.32,new_observed,5128949.81,5128949.81,4341299.5420107525,new_observed,17457373501.01,6500659.13675347,1,
3108107,Bonfim,2023,ok,ok,959062.0,959062.0,959062.0,new_observed,5002821.48,5002821.48,4337151.230783931,new_observed,17975926235.1,6537670.535215077,1,
3108107,Bonfim,2024,ok,ok,1104931.9,1104931.9,1104931.9,new_observed,3779197.53,3779197.53,3755987.9792178706,new_observed,20140666841.11,5214434.458337434,1,
3108107,Bonfim,2025,ok,ok,1094510.02,1094510.02,1094510.02,new_observed,4779766.22,4779766.22,4787891.182694035,new_observed,21654451288.89,5882401.202694034,1,
3108206,Bonfinópolis de Minas,2019,ok,ok,338346.69,338346.69,338346.69,new_observed,8953261.5,8953261.5,9191102.942886706,new_observed,12828054857.945,16601811.129674427,1,
3108206,Bonfinópolis de Minas,2020,ok,ok,534228.13,534228.13,534228.13,new_observed,10056084.76,10056084.76,9565609.90156957,new_observed,12945081975.46,17228899.03056497,1,
3108206,Bonfinópolis de Minas,2021,ok,ok,402329.33,402329.33,402329.33,new_observed,13271733.68,13271733.68,13047323.579234546,new_observed,16790773533.8425,18270306.109262392,1,
3108206,Bonfinópolis de Minas,2022,ok,ok,724446.27,724446.27,724446.27,new_observed,15185325.14,15185325.14,12853322.320883928,new_observed,17457373501.01,17258758.208022073,1,
3108206,Bonfinópolis de Minas,2023,ok,ok,803396.67,803396.67,803396.67,new_observed,16655067.57,16655067.57,14438961.513776626,new_observed,17975926235.1,18815238.670162264,1,
3108206,Bonfinópolis de Minas,2024,ok,ok,1728425.78,1728425.78,1728425.78,new_observed,20419467.66,20419467.66,20294063.611167762,new_observed,20140666841.11,23624093.873802513,1,
3108206,Bonfinópolis de Minas,2025,ok,ok,3308351.65,3308351.65,3308351.65,new_observed,21639756.8,21639756.8,21676541.48958844,new_observed,21654451288.89,24984893.139588438,1,
3108255,Bonito de Minas,2019,ok,ok,124291.13,124291.13,124291.13,new_observed,3698193.24,3698193.24,3796434.9384330763,new_observed,12828054857.945,6830526.020588157,1,
3108255,Bonito de Minas,2020,ok,ok,132937.43,132937.43,132937.43,new_observed,3921111.28,3921111.28,3729863.240047325,new_observed,12945081975.46,6589393.068623455,1,
3108255,Bonito de Minas,2021,ok,ok,164956.45,164956.45,164956.45,new_observed,4858112.53,4858112.53,4775967.307026599,new_observed,16790773533.8425,6711860.158221762,1,
3108255,Bonito de Minas,2022,ok,ok,827702.91,827702.91,827702.91,new_observed,5648254.96,5648254.96,4780855.258750907,new_observed,17457373501.01,7129061.648251098,2,
3108255,Bonito de Minas,2023,ok,ok,539772.94,539772.94,539772.94,new_observed,5908824.27,5908824.27,5122602.227076961,new_observed,17975926235.1,6989662.5524749085,1,
3108255,Bonito de Minas,2024,ok,ok,688064.95,688064.95,688064.95,new_observed,6587655.3,6587655.3,6547197.896276911,new_observed,20140666841.11,7761453.559861053,1,
3108255,Bonito de Minas,2025,ok,ok,1741099.06,1741099.06,1741099.06,new_observed,6954200.9,6954200.9,6966022.110552705,new_observed,21654451288.89,8707121.170552704,1,
3108305,Borda da Mata,2019,ok,ok,920549.65,920549.65,920549.65,new_observed,6460733.81,6460733.81,6632361.797351573,new_observed,12828054857.945,13158368.442953028,4,
3108305,Borda da Mata,2020,ok,ok,831321.38,831321.38,831321.38,new_observed,6832314.99,6832314.99,6499076.07968354,new_observed,12945081975.46,12504624.063478254,6,
3108305,Borda da Mata,2021,ok,partial,,,944578.2719944178,imputed_temporal,8571103.03,8571103.03,8426175.310607022,new_observed,16790773533.8425,12729439.011102282,1,
3108305,Borda da Mata,2022,ok,ok,1186515.34,1186515.34,1186515.34,new_observed,8672095.07,8672095.07,7340325.748998646,new_observed,17457373501.01,10838503.222986124,1,
3108305,Borda da Mata,2023,ok,ok,1846546.54,1846546.54,1846546.54,new_observed,8494851.74,8494851.74,7364535.557936402,new_observed,17975926235.1,11370203.087577054,1,
3108305,Borda da Mata,2024,ok,ok,2461750.51,2461750.51,2461750.51,new_observed,8904462.76,8904462.76,8849776.922867851,new_observed,20140666841.11,12134167.994529007,1,
3108305,Borda da Mata,2025,ok,ok,3322028.53,3322028.53,3322028.53,new_observed,9245118.03,9245118.03,9260833.492982559,new_observed,21654451288.89,12582862.022982558,1,
3108404,Botelhos,2019,ok,ok,1058260.77,1058260.77,1058260.77,new_observed,6484950.8,6484950.8,6657222.1064196,new_observed,12828054857.945,13441593.630602302,1,
3108404,Botelhos,2020,ok,ok,1543816.3,1543816.3,1543816.3,new_observed,6842431.73,6842431.73,6508699.386430172,new_observed,12945081975.46,13736455.89858887,1,
3108404,Botelhos,2021,ok,ok,2241314.8,2241314.8,2241314.8,new_observed,8750272.12,8750272.12,8602314.852658696,new_observed,16790773533.8425,14730226.454656096,1,
3108404,Botelhos,2022,ok,ok,2462607.39,2462607.39,2462607.39,new_observed,9803439.98,9803439.98,8297930.584605177,new_observed,17457373501.01,13677764.637750402,1,
3108404,Botelhos,2023,ok,ok,2953834.55,2953834.55,2953834.55,new_observed,9628215.84,9628215.84,8347095.403594,new_observed,17975926235.1,13949921.115091735,1,
3108404,Botelhos,2024,ok,ok,2686885.96,2686885.96,2686885.96,new_observed,10164973.09,10164973.09,10102545.95903939,new_observed,20140666841.11,13719554.355611004,1,
3108404,Botelhos,2025,ok,ok,3086070.95,3086070.95,3086070.95,new_observed,10328606.96,10328606.96,10346164.209114028,new_observed,21654451288.89,13432235.15911403,1,
3108503,Botumirim,2019,ok,ok,141293.86,141293.86,141293.86,new_observed,2362294.04,2362294.04,2425047.866970905,new_observed,12828054857.945,4470973.905810663,1,
3108503,Botumirim,2020,ok,ok,139488.09,139488.09,139488.09,new_observed,3297898.99,3297898.99,3137047.467877576,new_observed,12945081975.46,5589307.483969208,1,
3108503,Botumirim,2021,ok,ok,382282.91,382282.91,382282.91,new_observed,4008656.62,4008656.62,3940874.741782843,new_observed,16790773533.8425,5872673.011690961,2,
3108503,Botumirim,2022,ok,ok,1322262.92,1322262.92,1322262.92,new_observed,4188870.95,4188870.95,3545588.124360521,new_observed,17457373501.01,6187545.737352753,1,
3108503,Botumirim,2023,ok,ok,2545082.9,2545082.9,2545082.9,new_observed,4457905.64,4457905.64,3864741.3285761746,new_observed,17975926235.1,7912317.191365698,1,
3108503,Botumirim,2024,ok,ok,3296652.71,3296652.71,3296652.71,new_observed,4777999.83,4777999.83,4748656.238189548,new_observed,20140666841.11,8630410.961260315,3,
3108503,Botumirim,2025,ok,ok,3726135.22,3726135.22,3726135.22,new_observed,6888709.09,6888709.09,6900418.973243266,new_observed,21654451288.89,10626554.193243267,4,
3108552,Brasilândia de Minas,2019,ok,ok,1057062.93,1057062.93,1057062.93,new_observed,6984704.35,6984704.35,7170251.500693751,new_observed,12828054857.945,14333285.293984659,1,
3108552,Brasilândia de Minas,2020,ok,ok,1258127.12,1258127.12,1258127.12,new_observed,7380406.57,7380406.57,7020435.074733908,new_observed,12945081975.46,14122059.356347648,1,
3108552,Brasilândia de Minas,2021,ok,ok,1270115.19,1270115.19,1270115.19,new_observed,9350445.99,9350445.99,9192340.457037117,new_observed,16790773533.8425,14212431.251270708,1,
3108552,Brasilândia de Minas,2022,ok,ok,1639521.2,1639521.2,1639521.2,new_observed,10797455.44,10797455.44,9139295.585455049,new_observed,17457373501.01,13700998.910353921,1,
3108552,Brasilândia de Minas,2023,ok,ok,2197557.85,2197557.85,2197557.85,new_observed,11324393.71,11324393.71,9817581.601414308,new_observed,17975926235.1,14831544.680157196,1,
3108552,Brasilândia de Minas,2024,ok,ok,2252296.02,2252296.02,2252296.02,new_observed,12509515.64,12509515.64,12432689.74344349,new_observed,20140666841.11,15752963.983725488,1,
3108552,Brasilândia de Minas,2025,ok,ok,2745882.13,2745882.13,2745882.13,new_observed,15164846.88,15164846.88,15190625.089537779,new_observed,21654451288.89,17936507.21953778,1,
3108602,Brasília de Minas,2019,ok,ok,1129019.67,1129019.67,1129019.67,new_observed,7380696.59,7380696.59,7576763.188353528,new_observed,12828054857.945,15166853.104669826,1,
3108602,Brasília de Minas,2020,ok,ok,1512209.77,1512209.77,1512209.77,new_observed,7907922.53,7907922.53,7522222.003806288,new_observed,12945081975.46,15411466.237666702,1,
3108602,Brasília de Minas,2021,ok,ok,1786529.21,1786529.21,1786529.21,new_observed,9481740.77,9481740.77,9321415.189866176,new_observed,16790773533.8425,15089277.455693992,1,
3108602,Brasília de Minas,2022,ok,ok,2691245.56,2691245.56,2691245.56,new_observed,9252205.67,9252205.67,7831349.053064782,new_observed,17457373501.01,13375313.83984928,1,
3108602,Brasília de Minas,2023,ok,ok,2805955.37,2805955.37,2805955.37,new_observed,9295500.28,9295500.28,8058650.631714,new_observed,17975926235.1,13411320.775620084,1,
3108602,Brasília de Minas,2024,ok,ok,2329201.38,2329201.38,2329201.38,new_observed,16043406.27,16043406.27,15944877.349617824,new_observed,20140666841.11,19603076.8228631,1,
3108602,Brasília de Minas,2025,ok,ok,2062376.37,2062376.37,2062376.37,new_observed,17481160.31,17481160.31,17510875.942277763,new_observed,21654451288.89,19573252.312277764,1,
3108701,Brás Pires,2019,ok,ok,230446.87,230446.87,230446.87,new_observed,1993806.82,1993806.82,2046771.864180398,new_observed,12828054857.945,3967275.843019161,1,
3108701,Brás Pires,2020,ok,ok,151526.95,151526.95,151526.95,new_observed,2342488.8,2342488.8,2228236.395612463,new_observed,12945081975.46,4059540.585704312,1,
3108701,Brás Pires,2021,ok,partial,,,147297.78604397003,imputed_temporal,3087430.7,3087430.7,3035225.716747702,new_observed,16790773533.8425,4323210.345153439,1,
3108701,Brás Pires,2022,ok,ok,147587.42,147587.42,147587.42,new_observed,3370476.59,3370476.59,2852874.1786469077,new_observed,17457373501.01,3813899.235126906,1,
3108701,Brás Pires,2023,ok,ok,189315.42,189315.42,189315.42,new_observed,3709825.91,3709825.91,3216200.3133381074,new_observed,17975926235.1,4203784.647046855,1,
3108701,Brás Pires,2024,ok,ok,227619.19,227619.19,227619.19,new_observed,5354129.59,5354129.59,5321247.75685242,new_observed,20140666841.11,5952413.068172695,1,
3108701,Brás Pires,2025,ok,ok,252267.94,252267.94,252267.94,new_observed,6173667.14,6173667.14,6184161.547652827,new_observed,21654451288.89,6436429.487652827,1,
3108800,Braúnas,2019,ok,ok,417732.64,417732.64,417732.64,new_observed,3727079.75,3727079.75,3826088.8122834847,new_observed,12828054857.945,7393409.371274305,1,
3108800,Braúnas,2020,ok,ok,862478.8,862478.8,862478.8,new_observed,4442721.32,4442721.32,4226032.304097866,new_observed,12945081975.46,8680282.174266363,1,
3108800,Braúnas,2021,ok,ok,468321.12,468321.12,468321.12,new_observed,6157190.22,6157190.22,6053079.053289015,new_observed,16790773533.8425,8858814.292908628,1,
3108800,Braúnas,2022,ok,ok,419712.51,419712.51,419712.51,new_observed,5537224.94,5537224.94,4686876.063626858,new_observed,17457373501.01,6491006.005158074,1,
3108800,Braúnas,2023,ok,ok,608007.1,608007.1,608007.1,new_observed,5766688.64,5766688.64,4999379.0169230085,new_observed,17975926235.1,6921783.810195164,1,
3108800,Braúnas,2024,ok,ok,409270.48,409270.48,409270.48,new_observed,7618933.52,7618933.52,7572142.6277446,new_observed,20140666841.11,8561868.24086185,1,
3108800,Braúnas,2025,ok,ok,673861.79,673861.79,673861.79,new_observed,6850512.04,6850512.04,6862156.993371807,new_observed,21654451288.89,7536018.783371807,1,
3108909,Brazópolis,2019,ok,ok,503537.28,503537.28,503537.28,new_observed,4544383.89,4544383.89,4665104.458859594,new_observed,12828054857.945,9004592.841266258,1,
3108909,Brazópolis,2020,ok,partial,,,526181.7563896887,imputed_temporal,5039062.48,5039062.48,4793287.557106441,new_observed,12945081975.46,9074264.301263344,1,
3108909,Brazópolis,2021,ok,ok,647427.21,647427.21,647427.21,new_observed,6158324.33,6158324.33,6054193.986763513,new_observed,16790773533.8425,9103630.518905276,1,
3108909,Brazópolis,2022,ok,ok,820027.48,820027.48,820027.48,new_observed,6322800.69,6322800.69,5351811.336933765,new_observed,17457373501.01,7845050.026251065,1,
3108909,Brazópolis,2023,ok,ok,871531.49,871531.49,871531.49,new_observed,6051216.37,6051216.37,5246047.781598109,new_observed,17975926235.1,7551568.641213783,1,
3108909,Brazópolis,2024,ok,ok,923301.46,923301.46,923301.46,new_observed,6972517.34,6972517.34,6929696.345861066,new_observed,20140666841.11,8424113.825698141,1,
3108909,Brazópolis,2025,ok,ok,1087553.09,1087553.09,1087553.09,new_observed,7462720.19,7462720.19,7475405.815268881,new_observed,21654451288.89,8562958.905268881,1,
3109006,Brumadinho,2019,ok,ok,44615380.25,44615380.25,44615380.25,new_observed,53760528.73,53760528.73,55188665.47363196,new_observed,12828054857.945,173874460.84640297,1,
3109006,Brumadinho,2020,ok,ok,70072044.36,70072044.36,70072044.36,new_observed,59122895.65,59122895.65,56239239.18070718,new_observed,12945081975.46,215469232.64924014,1,
3109006,Brumadinho,2021,ok,ok,82480756.5,82480756.5,82480756.5,new_observed,88344864.77,88344864.77,86851052.39528197,new_observed,16790773533.8425,230024075.9691095,1,
3109006,Brumadinho,2022,ok,ok,115448069.81,115448069.81,115448069.81,new_observed,85235880.83,85235880.83,72146249.06032413,new_observed,17457373501.01,238451920.05667716,1,
3109006,Brumadinho,2023,ok,ok,130901010.24,130901010.24,130901010.24,new_observed,106191211.31,106191211.31,92061518.61960961,new_observed,17975926235.1,275225994.85042876,1,
3109006,Brumadinho,2024,ok,ok,136897254.9,136897254.9,136897254.9,new_observed,96334997.87,96334997.87,95743366.44364268,new_observed,20140666841.11,249559610.62631407,1,
3109006,Brumadinho,2025,ok,ok,138954139.83,138954139.83,138954139.83,new_observed,78913633.84,78913633.84,79047776.45315081,new_observed,21654451288.89,218001916.28315082,1,
3109105,Bueno Brandão,2019,ok,ok,702629.74,702629.74,702629.74,new_observed,5071971.19,5071971.19,5206707.00064391,new_observed,12828054857.945,10295000.891892793,1,
3109105,Bueno Brandão,2020,ok,ok,572726.01,572726.01,572726.01,new_observed,5090996.49,5090996.49,4842688.540902864,new_observed,12945081975.46,9237933.342546703,1,
3109105,Bueno Brandão,2021,ok,ok,706539.47,706539.47,706539.47,new_observed,6722375.91,6722375.91,6608708.088468912,new_observed,16790773533.8425,9937194.146214426,1,
3109105,Bueno Brandão,2022,ok,ok,1088489.2,1088489.2,1088489.2,new_observed,7203685.24,7203685.24,6097418.8852905985,new_observed,17457373501.01,9134037.696913457,1,
3109105,Bueno Brandão,2023,ok,ok,1338394.2,1338394.2,1338394.2,new_observed,6914071.15,6914071.15,5994091.997452239,new_observed,17975926235.1,9051255.46764649,1,
3109105,Bueno Brandão,2024,ok,ok,1916526.09,1916526.09,1916526.09,new_observed,7163011.29,7163011.29,7119020.396968215,new_observed,20140666841.11,9692664.376755316,1,
3109105,Bueno Brandão,2025,ok,ok,1817124.47,1817124.47,1817124.47,new_observed,7374845.76,7374845.76,7387382.0105018625,new_observed,21654451288.89,9204506.480501862,1,
3109204,Buenópolis,2019,ok,ok,1394446.92,1394446.92,1394446.92,new_observed,5327482.11,5327482.11,5469005.512616524,new_observed,12828054857.945,11957221.599720765,1,
3109204,Buenópolis,2020,ok,ok,2040523.85,2040523.85,2040523.85,new_observed,4279812.67,4279812.67,4071069.3505545687,new_observed,12945081975.46,10425515.918088293,1,
3109204,Buenópolis,2021,ok,ok,1662383.61,1662383.61,1662383.61,new_observed,6065424.65,6065424.65,5962865.135944729,new_observed,16790773533.8425,10358306.61860613,3,
3109204,Buenópolis,2022,ok,ok,2814274.4,2814274.4,2814274.4,new_observed,6950551.67,6950551.67,5883158.911569282,new_observed,17457373501.01,11055343.707621608,1,
3109204,Buenópolis,2023,ok,ok,4129956.91,4129956.91,4129956.91,new_observed,6968485.69,6968485.69,6041266.195067929,new_observed,17975926235.1,12555405.66505077,1,
3109204,Buenópolis,2024,ok,ok,2384783.95,2384783.95,2384783.95,new_observed,7351963.81,7351963.81,7306812.484608293,new_observed,20140666841.11,10396426.12110962,1,
3109204,Buenópolis,2025,ok,ok,3234158.63,3234158.63,3234158.63,new_observed,7602981.44,7602981.44,7615905.490616735,new_observed,21654451288.89,10850064.120616734,2,
3109253,Bugre,2019,ok,ok,237330.95,237330.95,237330.95,new_observed,1817263.7,1817263.7,1865538.9146258251,new_observed,12828054857.945,3663532.4879959975,1,
3109253,Bugre,2020,ok,ok,60056.7,60056.7,60056.7,new_observed,2031452.49,2031452.49,1932370.5514304114,new_observed,12945081975.46,3398799.8454373227,1,
3109253,Bugre,2021,ok,ok,144008.15,144008.15,144008.15,new_observed,2358856.18,2358856.18,2318970.573054562,new_observed,16790773533.8425,3345764.795157682,1,
3109253,Bugre,2022,ok,ok,309022.5,309022.5,309022.5,new_observed,2463483.44,2463483.44,2085167.514989404,new_observed,17457373501.01,3043264.8999855164,2,
3109253,Bugre,2023,ok,ok,515550.63,515550.63,515550.63,new_observed,2914046.13,2914046.13,2526306.1673930944,new_observed,17975926235.1,3754882.3451953353,1,
3109253,Bugre,2024,ok,ok,665131.85,665131.85,665131.85,new_observed,3556070.96,3556070.96,3534231.7179715545,new_observed,20140666841.11,4504765.895347573,1,
3109253,Bugre,2025,ok,ok,573783.41,573783.41,573783.41,new_observed,3867628.15,3867628.15,3874202.6000853744,new_observed,21654451288.89,4447986.010085374,1,
3109303,Buritis,2019,ok,ok,2116368.16,2116368.16,2116368.16,new_observed,24109638.53,24109638.53,24750105.829592686,new_observed,12828054857.945,46805654.47937776,1,
3109303,Buritis,2020,ok,ok,2336604.33,2336604.33,2336604.33,new_observed,25066270.24,25066270.24,23843689.51989249,new_observed,12945081975.46,44659888.39825206,4,
3109303,Buritis,2021,ok,ok,2310268.59,2310268.59,2310268.59,new_observed,32765223.73,32765223.73,32211200.62072586,new_observed,16790773533.8425,46894727.624412276,3,
3109303,Buritis,2022,ok,partial,,,3978695.9248175854,imputed_temporal,39105036.33,39105036.33,33099695.37599021,new_observed,17457373501.01,47130497.61598646,1,
3109303,Buritis,2023,ok,ok,5611148.76,5611148.76,5611148.76,new_observed,47616971.76,47616971.76,41281106.77159075,new_observed,17975926235.1,57884020.89567681,1,
3109303,Buritis,2024,ok,ok,5510715.08,5510715.08,5510715.08,new_observed,62432871.53,62432871.53,62049446.50636815,new_observed,20140666841.11,72473532.44659667,1,
3109303,Buritis,2025,ok,ok,5492612.89,5492612.89,5492612.89,new_observed,62601021.58,62601021.58,62707434.93612142,new_observed,21654451288.89,68200047.82612142,1,
3109402,Buritizeiro,2019,ok,ok,3733500.42,3733500.42,3733500.42,new_observed,14013163.93,14013163.93,14385420.579548229,new_observed,12828054857.945,31566031.18714104,1,
3109402,Buritizeiro,2020,ok,ok,4460787.76,4460787.76,4460787.76,new_observed,15405584.2,15405584.2,14654193.18551803,new_observed,12945081975.46,32607461.194139946,1,
3109402,Buritizeiro,2021,ok,ok,4780244.57,4780244.57,4780244.57,new_observed,19536569.87,19536569.87,19206228.430151425,new_observed,16790773533.8425,32583755.666544214,1,
3109402,Buritizeiro,2022,ok,ok,8328706.95,8328706.95,8328706.95,new_observed,17541983.75,17541983.75,14848070.041815262,new_observed,17457373501.01,29460097.76684139,1,
3109402,Buritizeiro,2023,ok,ok,8472650.49,8472650.49,8472650.49,new_observed,17312483.53,17312483.53,15008902.386432152,new_observed,17975926235.1,28985739.371113367,1,
3109402,Buritizeiro,2024,ok,ok,9000586.91,9000586.91,9000586.91,new_observed,25089113.85,25089113.85,24935031.65203133,new_observed,20140666841.11,36403615.610163875,1,
3109402,Buritizeiro,2025,ok,ok,10384354.05,10384354.05,10384354.05,new_observed,30413964.62,30413964.62,30465664.28825599,new_observed,21654451288.89,40850018.33825599,1,
3109451,Cabeceira Grande,2019,ok,ok,278823.27,278823.27,278823.27,new_observed,11420117.01,11420117.01,11723489.932548216,new_observed,12828054857.945,20909931.27454544,1,
3109451,Cabeceira Grande,2020,ok,ok,215848.99,215848.99,215848.99,new_observed,9864412.0,9864412.0,9383285.776954975,new_observed,12945081975.46,16374769.888755508,1,
3109451,Cabeceira Grande,2021,ok,ok,389525.52,389525.52,389525.52,new_observed,12746194.67,12746194.67,12530670.843253741,new_observed,16790773533.8425,17551080.622039568,1,
3109451,Cabeceira Grande,2022,ok,ok,615182.7,615182.7,615182.7,new_observed,14541023.79,14541023.79,12307966.00832685,new_observed,17457373501.01,16426668.148776121,1,
3109451,Cabeceira Grande,2023,ok,ok,821443.33,821443.33,821443.33,new_observed,27424891.87,27424891.87,23775764.13701788,new_observed,17975926235.1,30362908.647825085,1,
3109451,Cabeceira Grande,2024,ok,ok,1224804.85,1224804.85,1224804.85,new_observed,19160281.76,19160281.76,19042610.87114635,new_observed,20140666841.11,21741380.96158045,1,
3109451,Cabeceira Grande,2025,ok,ok,1555002.18,1555002.18,1555002.18,new_observed,18089770.16,18089770.16,18120520.34754655,new_observed,21654451288.89,19675522.52754655,1,
3109501,Cabo Verde,2019,ok,ok,581750.64,581750.64,581750.64,new_observed,6766895.81,6766895.81,6946656.924239141,new_observed,12828054857.945,13115678.79611631,1,
3109501,Cabo Verde,2020,ok,ok,594341.99,594341.99,594341.99,new_observed,6770758.22,6770758.22,6440521.675790405,new_observed,12945081975.46,12000485.098161267,1,
3109501,Cabo Verde,2021,ok,ok,773888.12,773888.12,773888.12,new_observed,8548926.52,8548926.52,8404373.780467505,new_observed,16790773533.8425,12467954.050872628,1,
3109501,Cabo Verde,2022,ok,ok,885975.69,885975.69,885975.69,new_observed,9594336.3,9594336.3,8120938.852604438,new_observed,17457373501.01,11448726.589396663,1,
3109501,Cabo Verde,2023,ok,ok,1030010.66,1030010.66,1030010.66,new_observed,9307132.98,9307132.98,8068735.496689503,new_observed,17975926235.1,11231535.073066844,1,
3109501,Cabo Verde,2024,ok,ok,907343.79,907343.79,907343.79,new_observed,10403454.82,10403454.82,10339563.078158613,new_observed,20140666841.11,12064847.843670793,1,
3109501,Cabo Verde,2025,ok,ok,1277433.23,1277433.23,1277433.23,new_observed,11051705.75,11051705.75,11070492.170253877,new_observed,21654451288.89,12347925.400253877,1,
3109600,Cachoeira da Prata,2019,ok,ok,165757.6,165757.6,165757.6,new_observed,2220945.34,2220945.34,2279944.2695228453,new_observed,12828054857.945,4260800.159663602,5,
3109600,Cachoeira da Prata,2020,ok,ok,168085.29,168085.29,168085.29,new_observed,2225166.7,2225166.7,2116636.5564885004,new_observed,12945081975.46,3897413.1944528893,1,
3109600,Cachoeira da Prata,2021,ok,ok,199870.39,199870.39,199870.39,new_observed,2797725.83,2797725.83,2750419.43050748,new_observed,16790773533.8425,4007738.9725576346,1,
3109600,Cachoeira da Prata,2022,ok,ok,323577.77,323577.77,323577.77,new_observed,3168589.45,3168589.45,2681990.746192368,new_observed,17457373501.01,3820390.6592895323,1,
3109600,Cachoeira da Prata,2023,ok,ok,404386.43,404386.43,404386.43,new_observed,3041944.83,3041944.83,2637186.7987204916,new_observed,17975926235.1,3754532.306691446,1,
3109600,Cachoeira da Prata,2024,ok,ok,390542.93,390542.93,390542.93,new_observed,4335023.91,4335023.91,4308400.808989218,new_observed,20140666841.11,5040678.463994099,1,
3109600,Cachoeira da Prata,2025,ok,ok,372254.4,372254.4,372254.4,new_observed,3705913.58,3705913.58,3712213.1369655323,new_observed,21654451288.89,4084467.536965532,1,
3109709,Cachoeira de Minas,2019,ok,ok,404009.87,404009.87,404009.87,new_observed,6061788.89,6061788.89,6222818.9923903085,new_observed,12828054857.945,11544985.849172506,1,
3109709,Cachoeira de Minas,2020,ok,ok,467957.0,467957.0,467957.0,new_observed,7001559.73,7001559.73,6660066.087163605,new_observed,12945081975.46,12159401.93024984,1,
3109709,Cachoeira de Minas,2021,ok,ok,608353.9,608353.9,608353.9,new_observed,8931562.69,8931562.69,8780540.00286785,new_observed,16790773533.8425,12754081.223538844,1,
3109709,Cachoeira de Minas,2022,ok,ok,750779.37,750779.37,750779.37,new_observed,9714902.31,9714902.31,8222989.600493324,new_observed,17457373501.01,11406595.114633106,1,
3109709,Cachoeira de Minas,2023,ok,ok,1032150.0,1032150.0,1032150.0,new_observed,10689365.68,10689365.68,9267049.743959984,new_observed,17975926235.1,12713380.630336788,1,
3109709,Cachoeira de Minas,2024,ok,ok,1411761.42,1411761.42,1411761.42,new_observed,10761810.78,10761810.78,10695718.232091801,new_observed,20140666841.11,12988006.523498822,1,
3109709,Cachoeira de Minas,2025,ok,ok,1588089.21,1588089.21,1588089.21,new_observed,10766045.37,10766045.37,10784346.205849987,new_observed,21654451288.89,12372435.415849987,1,
3109808,Cachoeira Dourada,2019,ok,ok,898322.81,898322.81,898322.81,new_observed,10272608.73,10272608.73,10545498.344868703,new_observed,12828054857.945,19936949.638648838,1,
3109808,Cachoeira Dourada,2020,ok,ok,754604.97,754604.97,754604.97,new_observed,10521508.09,10521508.09,10008332.702751437,new_observed,12945081975.46,18360053.483677607,3,
3109808,Cachoeira Dourada,2021,ok,ok,1285878.76,1285878.76,1285878.76,new_observed,18430946.93,18430946.93,18119300.331485372,new_observed,16790773533.8425,26360424.65178187,2,
3109808,Cachoeira Dourada,2022,ok,ok,1892187.24,1892187.24,1892187.24,new_observed,29802460.41,29802460.41,25225711.40713241,new_observed,17457373501.01,34469673.91790247,1,
3109808,Cachoeira Dourada,2023,ok,ok,1825464.13,1825464.13,1825464.13,new_observed,22481788.66,22481788.66,19490385.125024132,new_observed,17975926235.1,26312384.62939122,1,
3109808,Cachoeira Dourada,2024,ok,ok,1663190.43,1663190.43,1663190.43,new_observed,62065551.24,62065551.24,61684382.075940564,new_observed,20140666841.11,67954579.20202436,1,
3109808,Cachoeira Dourada,2025,ok,ok,1691164.17,1691164.17,1691164.17,new_observed,18377601.7,18377601.7,18408841.16263178,new_observed,21654451288.89,20100005.33263178,1,
3109907,Caetanópolis,2019,ok,ok,575114.46,575114.46,575114.46,new_observed,4207938.41,4207938.41,4319721.377917646,new_observed,12828054857.945,8527579.579352247,1,
3109907,Caetanópolis,2020,ok,ok,875275.5,875275.5,875275.5,new_observed,4761491.91,4761491.91,4529255.196983782,new_observed,12945081975.46,9219367.02300285,1,
3109907,Caetanópolis,2021,ok,ok,926001.25,926001.25,926001.25,new_observed,6530532.95,6530532.95,6420108.977315097,new_observed,16790773533.8425,9979118.678466218,1,
3109907,Caetanópolis,2022,ok,ok,1079054.21,1079054.21,1079054.21,new_observed,6966016.48,6966016.48,5896248.798399406,new_observed,17457373501.01,8866336.706495386,1,
3109907,Caetanópolis,2023,ok,ok,1220609.45,1220609.45,1220609.45,new_observed,6075368.4,6075368.4,5266986.167478796,new_observed,17975926235.1,8008318.559806856,1,
3109907,Caetanópolis,2024,ok,ok,1413684.41,1413684.41,1413684.41,new_observed,7401421.27,7401421.27,7355966.206732641,new_observed,20140666841.11,9407431.000658384,1,
3109907,Caetanópolis,2025,ok,ok,2303340.47,2303340.47,2303340.47,new_observed,7264486.68,7264486.68,7276835.334839925,new_observed,21654451288.89,9580175.804839926,1,
3110004,Caeté,2019,ok,ok,5440825.74,5440825.74,5440825.74,new_observed,13819678.39,13819678.39,14186795.138294224,new_observed,12828054857.945,34194425.417996146,1,
3110004,Caeté,2020,ok,ok,6869876.21,6869876.21,6869876.21,new_observed,14797236.71,14797236.71,14075517.198509047,new_observed,12945081975.46,35729886.66379464,1,
3110004,Caeté,2021,ok,ok,6928149.26,6928149.26,6928149.26,new_observed,18837017.12,18837017.12,18518504.33094441,new_observed,16790773533.8425,34567297.29015551,1,
3110004,Caeté,2022,ok,ok,9111082.28,9111082.28,9111082.28,new_observed,16356188.85,16356188.85,13844377.07405571,new_observed,17457373501.01,29178779.995685145,1,
3110004,Caeté,2023,ok,ok,9458407.78,9458407.78,9458407.78,new_observed,25174641.21,25174641.21,21824929.501281217,new_observed,17975926235.1,38616298.754413076,1,
3110004,Caeté,2024,ok,ok,12442808.04,12442808.04,12442808.04,new_observed,24687802.65,24687802.65,24536185.06326212,new_observed,20140666841.11,39668322.182528555,1,
3110004,Caeté,2025,ok,ok,11456987.03,11456987.03,11456987.03,new_observed,21640489.56,21640489.56,21677275.495182335,new_observed,21654451288.89,33134262.525182337,1,
3110103,Caiana,2019,ok,ok,78580.29,78580.29,78580.29,new_observed,2702543.25,2702543.25,2774335.7231723443,new_observed,12828054857.945,4970231.717900735,1,
3110103,Caiana,2020,ok,ok,64638.65,64638.65,64638.65,new_observed,2916829.01,2916829.01,2774563.7716006446,new_observed,12945081975.46,4843278.842313395,1,
3110103,Caiana,2021,ok,partial,,,81144.2861311365,imputed_temporal,3008677.82,3008677.82,2957804.4594401466,new_observed,16790773533.8425,4128175.2180998274,1,
3110103,Caiana,2022,ok,ok,113517.05,113517.05,113517.05,new_observed,3297483.38,3297483.38,2791090.4995543463,new_observed,17457373501.01,3692058.754087989,1,
3110103,Caiana,2023,ok,ok,127533.67,127533.67,127533.67,new_observed,3525760.7,3525760.7,3056626.6297102836,new_observed,17975926235.1,3930542.4581132764,1,
3110103,Caiana,2024,ok,ok,145589.96,145589.96,145589.96,new_observed,3856699.15,3856699.15,3833013.631033936,new_observed,20140666841.11,4267950.959210318,2,
3110103,Caiana,2025,ok,ok,237040.68,237040.68,237040.68,new_observed,3916672.92,3916672.92,3923330.7396286214,new_observed,21654451288.89,4160371.4196286215,1,
3110202,Cajuri,2019,ok,ok,201710.31,201710.31,201710.31,new_observed,3053608.51,3053608.51,3134726.9553876976,new_observed,12828054857.945,5812602.34954353,1,
3110202,Cajuri,2020,ok,ok,176873.07,176873.07,176873.07,new_observed,3268377.47,3268377.47,3108965.8286749464,new_observed,12945081975.46,5605177.671069616,1,
3110202,Cajuri,2021,ok,ok,211145.52,211145.52,211145.52,new_observed,4001399.24,4001399.24,3933740.0759222587,new_observed,16790773533.8425,5630504.306425408,1,
3110202,Cajuri,2022,ok,ok,333672.19,333672.19,333672.19,new_observed,4276646.3,4276646.3,3619883.8575751204,new_observed,17457373501.01,5025381.558850115,1,
3110202,Cajuri,2023,ok,ok,335738.59,335738.59,335738.59,new_observed,4317091.78,4317091.78,3742664.015073788,new_observed,17975926235.1,5034399.368015757,1,
3110202,Cajuri,2024,ok,ok,525593.11,525593.11,525593.11,new_observed,6218716.51,6218716.51,6180524.90569968,new_observed,20140666841.11,7193826.216359766,1,
3110202,Cajuri,2025,ok,ok,468068.44,468068.44,468068.44,new_observed,5670840.14,5670840.14,5680479.809067608,new_observed,21654451288.89,6148548.249067608,1,
3110301,Caldas,2019,ok,ok,1274464.81,1274464.81,1274464.81,new_observed,6686477.87,6686477.87,6864102.699167654,new_observed,12828054857.945,14178674.095408026,6,
3110301,Caldas,2020,ok,ok,1042524.5,1042524.5,1042524.5,new_observed,7342830.09,7342830.09,6984691.347653972,new_observed,12945081975.46,13693297.942352122,1,
3110301,Caldas,2021,ok,ok,1376896.48,1376896.48,1376896.48,new_observed,8981944.76,8981944.76,8830070.168687275,new_observed,16790773533.8425,13865369.342766326,1,
3110301,Caldas,2022,ok,ok,1788201.26,1788201.26,1788201.26,new_observed,9153488.8,9153488.8,7747792.08362746,new_observed,17457373501.01,12121240.857019199,1,
3110301,Caldas,2023,ok,ok,2370578.05,2370578.05,2370578.05,new_observed,8550836.83,8550836.83,7413071.329794295,new_observed,17975926235.1,12076982.834712815,1,
3110301,Caldas,2024,ok,ok,2579269.53,2579269.53,2579269.53,new_observed,7665544.2,7665544.2,7618467.053073904,new_observed,20140666841.11,10939375.747206269,1,
3110301,Caldas,2025,ok,ok,2664012.71,2664012.71,2664012.71,new_observed,9595983.7,9595983.7,9612295.587650241,new_observed,21654451288.89,12276308.29765024,1,
3110400,Camacho,2019,ok,ok,56388.58,56388.58,56388.58,new_observed,2192488.63,2192488.63,2250731.6132158814,new_observed,12828054857.945,4019368.922318896,1,
3110400,Camacho,2020,ok,ok,74703.23,74703.23,74703.23,new_observed,2304182.53,2304182.53,2191798.4732650183,new_observed,12945081975.46,3866332.2001895565,1,
3110400,Camacho,2021,ok,ok,96107.91,96107.91,96107.91,new_observed,3072851.35,3072851.35,3020892.8871708424,new_observed,16790773533.8425,4234202.852032356,1,
3110400,Camacho,2022,ok,ok,121370.11,121370.11,121370.11,new_observed,3338663.39,3338663.39,2825946.5159272184,new_observed,17457373501.01,3746346.438951188,1,
3110400,Camacho,2023,ok,ok,119343.11,119343.11,119343.11,new_observed,3409760.45,3409760.45,2956061.252938386,new_observed,17975926235.1,3796293.61797394,1,
3110400,Camacho,2024,ok,ok,209877.26,209877.26,209877.26,new_observed,4288834.81,4288834.81,4262495.374569946,new_observed,20140666841.11,4797629.781130904,1,
3110400,Camacho,2025,ok,ok,262338.35,262338.35,262338.35,new_observed,4937309.92,4937309.92,4945702.685893242,new_observed,21654451288.89,5208041.035893242,1,
3110509,Camanducaia,2019,ok,ok,5110419.41,5110419.41,5110419.41,new_observed,10604851.19,10604851.19,10886566.753499223,new_observed,12828054857.945,27869284.498225402,1,
3110509,Camanducaia,2020,ok,ok,4654113.3,4654113.3,4654113.3,new_observed,11742650.57,11742650.57,11169915.254678458,new_observed,12945081975.46,26993560.62673055,1,
3110509,Camanducaia,2021,ok,ok,6488242.56,6488242.56,6488242.56,new_observed,15556291.22,15556291.22,15293251.81878916,new_observed,16790773533.8425,29588463.918233905,1,
3110509,Camanducaia,2022,ok,ok,8325853.8,8325853.8,8325853.8,new_observed,17412144.21,17412144.21,14738169.895310048,new_observed,17457373501.01,29316776.58202996,1,
3110509,Camanducaia,2023,ok,ok,9824369.88,9824369.88,9824369.88,new_observed,18142967.31,18142967.31,15728882.854048815,new_observed,17975926235.1,31543055.42444473,1,
3110509,Camanducaia,2024,ok,ok,10818227.3,10818227.3,10818227.3,new_observed,19550688.18,19550688.18,19430619.650494143,new_observed,20140666841.11,32448720.362165473,1,
3110509,Camanducaia,2025,ok,ok,14130988.89,14130988.89,14130988.89,new_observed,22249915.67,22249915.67,22287737.547983855,new_observed,21654451288.89,36418726.437983856,1,
3110608,Cambuí,2019,ok,ok,3429637.7,3429637.7,3429637.7,new_observed,18575281.23,18575281.23,19068729.532584433,new_observed,12828054857.945,39195720.41520683,1,
3110608,Cambuí,2020,ok,ok,3503262.03,3503262.03,3503262.03,new_observed,19319390.62,19319390.62,18377107.85235687,new_observed,12945081975.46,37324824.64334702,1,
3110608,Cambuí,2021,ok,ok,4042884.45,4042884.45,4042884.45,new_observed,25580105.84,25580105.84,25147574.99907482,new_observed,16790773533.8425,39652966.00616591,3,
3110608,Cambuí,2022,ok,ok,4959749.33,4959749.33,4959749.33,new_observed,31010424.03,31010424.03,26248168.655602086,new_observed,17457373501.01,39668514.53418574,1,
3110608,Cambuí,2023,ok,ok,5885283.33,5885283.33,5885283.33,new_observed,31555855.45,31555855.45,27357065.97777846,new_observed,17975926235.1,41034512.41871966,1,
3110608,Cambuí,2024,ok,ok,6975322.38,6975322.38,6975322.38,new_observed,33991697.43,33991697.43,33782940.9356888,new_observed,20140666841.11,43722443.0717247,1,
3110608,Cambuí,2025,ok,ok,7816541.95,7816541.95,7816541.95,new_observed,38843773.97,38843773.97,38909803.18563008,new_observed,21654451288.89,46726345.135630086,1,
3110707,Cambuquira,2019,ok,ok,432825.13,432825.13,432825.13,new_observed,4617857.88,4617857.88,4740530.269410825,new_observed,12828054857.945,9012804.784790348,1,
3110707,Cambuquira,2020,ok,ok,398318.22,398318.22,398318.22,new_observed,5040404.21,5040404.21,4794563.845650098,new_observed,12945081975.46,8858324.312435875,1,
3110707,Cambuquira,2021,ok,ok,492207.68,492207.68,492207.68,new_observed,6583078.28,6583078.28,6471765.824839156,new_observed,16790773533.8425,9460015.699204052,1,
3110707,Cambuquira,2022,ok,ok,604080.66,604080.66,604080.66,new_observed,8000527.26,8000527.26,6771890.27312446,new_observed,17457373501.01,9375627.374417244,1,
3110707,Cambuquira,2023,ok,ok,741075.64,741075.64,741075.64,new_observed,7192112.88,7192112.88,6235137.782575635,new_observed,17975926235.1,8611470.677775912,3,
3110707,Cambuquira,2024,ok,ok,926633.42,926633.42,926633.42,new_observed,6822648.71,6822648.71,6780748.118552648,new_observed,20140666841.11,8267907.490104381,1,
3110707,Cambuquira,2025,ok,ok,962686.26,962686.26,962686.26,new_observed,7847298.13,7847298.13,7860637.486282412,new_observed,21654451288.89,8823323.746282412,1,
3110806,Campanário,2019,ok,ok,281967.66,281967.66,281967.66,new_observed,1792086.51,1792086.51,1839692.8980538063,new_observed,12828054857.945,3696268.853190727,1,
3110806,Campanário,2020,ok,ok,362089.13,362089.13,362089.13,new_observed,2066697.53,2066697.53,1965896.5520212436,new_observed,12945081975.46,3971215.1952115847,1,
3110806,Campanário,2021,ok,ok,187883.75,187883.75,187883.75,new_observed,2631984.54,2631984.54,2587480.639448967,new_observed,16790773533.8425,3770116.396473208,2,
3110806,Campanário,2022,ok,ok,318202.19,318202.19,318202.19,new_observed,2709550.58,2709550.58,2293446.2468465785,new_observed,17457373501.01,3319677.205734403,1,
3110806,Campanário,2023,ok,ok,174268.39,174268.39,174268.39,new_observed,3073802.49,3073802.49,2664805.5114471545,new_observed,17975926235.1,3504566.184175677,1,
3110806,Campanário,2024,ok,ok,390497.7,390497.7,390497.7,new_observed,3818934.46,3818934.46,3795480.868971909,new_observed,20140666841.11,4490407.460783168,1,
3110806,Campanário,2025,ok,ok,224261.48,224261.48,224261.48,new_observed,3382564.35,3382564.35,3388314.2565621505,new_observed,21654451288.89,3612575.7365621505,1,
3110905,Campanha,2019,ok,ok,1857004.52,1857004.52,1857004.52,new_observed,6907086.67,6907086.67,7090571.923919629,new_observed,12828054857.945,15588095.841089973,1,
3110905,Campanha,2020,ok,ok,1702415.02,1702415.02,1702415.02,new_observed,7301127.38,7301127.38,6945022.6430618,new_observed,12945081975.46,14751308.872905089,1,
3110905,Campanha,2021,ok,ok,1986034.09,1986034.09,1986034.09,new_observed,9545832.72,9545832.72,9384423.417022988,new_observed,16790773533.8425,15445881.069022594,1,
3110905,Campanha,2022,ok,ok,2334727.4,2334727.4,2334727.4,new_observed,10029372.44,10029372.44,8489166.709242426,new_observed,17457373501.01,13758296.884369578,1,
3110905,Campanha,2023,ok,ok,2900198.92,2900198.92,2900198.92,new_observed,9827412.51,9827412.51,8519787.170812238,new_observed,17975926235.1,14096884.571133137,1,
3110905,Campanha,2024,ok,ok,3331320.49,3331320.49,3331320.49,new_observed,9368034.94,9368034.94,9310502.12226748,new_observed,20140666841.11,13561210.035044542,1,
3110905,Campanha,2025,ok,ok,3781134.57,3781134.57,3781134.57,new_observed,10941224.07,10941224.07,10959822.686188353,new_observed,21654451288.89,14740957.256188354,1,
3111002,Campestre,2019,ok,ok,1444384.35,1444384.35,1444384.35,new_observed,8316167.36,8316167.36,8537084.535734199,new_observed,12828054857.945,17389300.287164982,1,
3111002,Campestre,2020,ok,ok,1900448.3,1900448.3,1900448.3,new_observed,8930969.83,8930969.83,8495371.257836046,new_observed,12945081975.46,17733801.76415516,1,
3111002,Campestre,2021,ok,ok,2594069.02,2594069.02,2594069.02,new_observed,11564233.44,11564233.44,11368695.249276929,new_observed,16790773533.8425,18967327.93424031,1,
3111002,Campestre,2022,ok,ok,2275937.93,2275937.93,2275937.93,new_observed,12334051.19,12334051.19,10439917.09138682,new_observed,17457373501.01,16163176.279917093,1,
3111002,Campestre,2023,ok,ok,2195878.57,2195878.57,2195878.57,new_observed,12695823.77,12695823.77,11006530.59678463,new_observed,17975926235.1,16297116.003912384,1,
3111002,Campestre,2024,ok,ok,2564193.48,2564193.48,2564193.48,new_observed,13662775.4,13662775.4,13578866.877898717,new_observed,20140666841.11,17317078.30716031,1,
3111002,Campestre,2025,ok,ok,2154088.67,2154088.67,2154088.67,new_observed,14530787.48,14530787.48,14555487.87344099,new_observed,21654451288.89,16709576.54344099,1,
3111101,Campina Verde,2019,ok,partial,,,1376364.3877848499,imputed_temporal,13491601.01,13491601.01,13850002.454107285,new_observed,12828054857.945,26526743.541185558,1,
3111101,Campina Verde,2020,ok,ok,1447889.38,1447889.38,1447889.38,new_observed,14096264.85,14096264.85,13408734.49681495,new_observed,12945081975.46,25343304.70534758,1,
3111101,Campina Verde,2021,ok,ok,2109679.82,2109679.82,2109679.82,new_observed,17972560.07,17972560.07,17668664.27811866,new_observed,16790773533.8425,26867340.25372829,1,
3111101,Campina Verde,2022,ok,ok,2964695.32,2964695.32,2964695.32,new_observed,16979181.63,16979181.63,14371697.163095538,new_observed,17457373501.01,22036360.69228653,1,
3111101,Campina Verde,2023,ok,ok,3986040.7,3986040.7,3986040.7,new_observed,17902246.32,17902246.32,15520191.949880468,new_observed,17975926235.1,24078585.376234543,1,
3111101,Campina Verde,2024,ok,ok,5460509.51,5460509.51,5460509.51,new_observed,21339813.49,21339813.49,21208757.232435893,new_observed,20140666841.11,28608812.10465992,1,
3111101,Campina Verde,2025,ok,ok,4638897.56,4638897.56,4638897.56,new_observed,24058801.08,24058801.08,24099697.82102057,new_observed,21654451288.89,28738595.38102057,1,
3111150,Campo Azul,2019,ok,ok,28179.38,28179.38,28179.38,new_observed,2023500.68,2023500.68,2077254.535107821,new_observed,12828054857.945,3667999.470190032,1,
3111150,Campo Azul,2020,ok,ok,55171.75,55171.75,55171.75,new_observed,2218460.27,2218460.27,2110257.2254920714,new_observed,12945081975.46,3693916.3836090537,1,
3111150,Campo Azul,2021,ok,ok,27223.98,27223.98,27223.98,new_observed,2690571.51,2690571.51,2645076.9696306693,new_observed,16790773533.8425,3630112.739363145,1,
3111150,Campo Azul,2022,ok,ok,97740.8,97740.8,97740.8,new_observed,2756827.0,2756827.0,2333462.4505718993,new_observed,17457373501.01,3090312.5778965787,1,
3111150,Campo Azul,2023,ok,ok,87422.8,87422.8,87422.8,new_observed,2829633.93,2829633.93,2453125.7673754673,new_observed,17975926235.1,3136065.106984941,1,
3111150,Campo Azul,2024,ok,ok,237432.32,237432.32,237432.32,new_observed,3808923.2,3808923.2,3785531.0920898253,new_observed,20140666841.11,4315536.886406617,1,
3111150,Campo Azul,2025,ok,ok,176994.8,176994.8,176994.8,new_observed,4165313.65,4165313.65,4172394.125583428,new_observed,21654451288.89,4349388.925583428,1,
3111200,Campo Belo,2019,ok,ok,6354850.94,6354850.94,6354850.94,new_observed,14424550.19,14424550.19,14807735.225998482,new_observed,12828054857.945,36868578.15281185,1,
3111200,Campo Belo,2020,ok,ok,6808929.97,6808929.97,6808929.97,new_observed,13192144.53,13192144.53,12548711.685590927,new_observed,12945081975.46,33021406.136570014,1,
3111200,Campo Belo,2021,ok,ok,7137813.07,7137813.07,7137813.07,new_observed,18034661.98,18034661.98,17729716.114615314,new_observed,16790773533.8425,33780601.88244631,1,
3111200,Campo Belo,2022,ok,ok,9357211.5,9357211.5,9357211.5,new_observed,19098732.33,19098732.33,16165749.517680492,new_observed,17457373501.01,32442342.054103594,1,
3111200,Campo Belo,2023,ok,ok,11163736.84,11163736.84,11163736.84,new_observed,18489206.74,18489206.74,16029052.023781097,new_observed,17975926235.1,33566906.53838199,1,
3111200,Campo Belo,2024,ok,ok,13331838.99,13331838.99,13331838.99,new_observed,25746557.06,25746557.06,25588437.24255054,new_observed,20140666841.11,41750786.797102585,1,
3111200,Campo Belo,2025,ok,ok,14641300.38,14641300.38,14641300.38,new_observed,28256228.86,28256228.86,28304260.666325793,new_observed,21654451288.89,42945561.046325795,1,
3111309,Campo do Meio,2019,ok,ok,315773.77,315773.77,315773.77,new_observed,5789657.3,5789657.3,5943458.285936975,new_observed,12828054857.945,10904573.969398392,2,
3111309,Campo do Meio,2020,ok,ok,349391.94,349391.94,349391.94,new_observed,5511852.1,5511852.1,5243017.365313756,new_observed,12945081975.46,9539861.42724996,1,
3111309,Campo do Meio,2021,ok,ok,452254.1,452254.1,452254.1,new_observed,7857955.29,7857955.29,7725086.097401845,new_observed,16790773533.8425,11108279.862265289,1,
3111309,Campo do Meio,2022,ok,ok,610588.76,610588.76,610588.76,new_observed,9128922.62,9128922.62,7726998.519655547,new_observed,17457373501.01,10597941.917677635,6,
3111309,Campo do Meio,2023,ok,ok,802140.83,802140.83,802140.83,new_observed,9292654.09,9292654.09,8056183.152810166,new_observed,17975926235.1,10934756.810241757,1,
3111309,Campo do Meio,2024,ok,ok,798155.73,798155.73,798155.73,new_observed,8811675.47,8811675.47,8757559.476413235,new_observed,20140666841.11,10250662.8137219,1,
3111309,Campo do Meio,2025,ok,ok,893327.24,893327.24,893327.24,new_observed,9986089.06,9986089.06,10003064.074537806,new_observed,21654451288.89,10896391.314537806,1,
3111408,Campo Florido,2019,ok,ok,2486513.2,2486513.2,2486513.2,new_observed,22437689.25,22437689.25,23033741.580903497,new_observed,12828054857.945,44460327.3195943,1,
3111408,Campo Florido,2020,ok,ok,2115626.88,2115626.88,2115626.88,new_observed,19359723.32,19359723.32,18415473.36773236,new_observed,12945081975.46,35023160.97039598,1,
3111408,Campo Florido,2021,ok,ok,1867094.93,1867094.93,1867094.93,new_observed,26153657.14,26153657.14,25711428.19119152,new_observed,16790773533.8425,37463276.03142704,1,
3111408,Campo Florido,2022,ok,ok,3194150.14,3194150.14,3194150.14,new_observed,26595113.19,26595113.19,22510914.9023767,new_observed,17457373501.01,32673815.23836818,2,
3111408,Campo Florido,2023,ok,ok,3884157.2,3884157.2,3884157.2,new_observed,29231465.59,29231465.59,25341957.027274657,new_observed,17975926235.1,36076852.93558355,1,
3111408,Campo Florido,2024,ok,ok,4502179.92,4502179.92,4502179.92,new_observed,33081553.21,33081553.21,32878386.272287913,new_observed,20140666841.11,40099100.019848935,1,
3111408,Campo Florido,2025,ok,ok,4816180.52,4816180.52,4816180.52,new_observed,37576351.21,37576351.21,37640225.97661133,new_observed,21654451288.89,42456406.49661133,1,
3111507,Campos Altos,2019,ok,ok,1691224.57,1691224.57,1691224.57,new_observed,12474574.86,12474574.86,12805959.225809112,new_observed,12828054857.945,25256391.14137295,1,
3111507,Campos Altos,2020,ok,ok,1591479.32,1591479.32,1591479.32,new_observed,12944982.72,12944982.72,12313604.930481808,new_observed,12945081975.46,23720112.32400129,1,
3111507,Campos Altos,2021,ok,ok,2311099.46,2311099.46,2311099.46,new_observed,16390531.26,16390531.26,16113385.797293885,new_observed,16790773533.8425,25028228.447830576,1,
3111507,Campos Altos,2022,ok,ok,2054442.35,2054442.35,2054442.35,new_observed,15661522.73,15661522.73,13256390.484144745,new_observed,17457373501.01,19461663.385938346,1,
3111507,Campos Altos,2023,ok,ok,2712148.48,2712148.48,2712148.48,new_observed,15166336.11,15166336.11,13148319.121306976,new_observed,17975926235.1,19578235.84388614,1,
3111507,Campos Altos,2024,ok,ok,2913868.67,2913868.67,2913868.67,new_observed,18980336.93,18980336.93,18863771.15370972,new_observed,20140666841.11,23361437.410954647,1,
3111507,Campos Altos,2025,ok,ok,3693614.31,3693614.31,3693614.31,new_observed,23571303.74,23571303.74,23611371.80080513,new_observed,21654451288.89,27304986.110805128,1,
3111606,Campos Gerais,2019,ok,ok,930193.55,930193.55,930193.55,new_observed,12332250.75,12332250.75,12659854.30680672,new_observed,12828054857.945,23676016.60680547,1,
3111606,Campos Gerais,2020,ok,ok,980473.38,980473.38,980473.38,new_observed,12979832.07,12979832.07,12346754.540432319,new_observed,12945081975.46,22734370.93552793,1,
3111606,Campos Gerais,2021,ok,ok,1282331.73,1282331.73,1282331.73,new_observed,18401512.96,18401512.96,18090364.056837983,new_observed,16790773533.8425,26316298.61199829,1,
3111606,Campos Gerais,2022,ok,absent_dca,,,2855831.374896823,imputed_temporal,,,18181337.97101373,imputed_temporal,17457373501.01,26740433.576548934,1,
3111606,Campos Gerais,2023,ok,ok,4638434.05,4638434.05,4638434.05,new_observed,20864309.13,20864309.13,18088125.747520357,new_observed,17975926235.1,28053772.361627545,1,
3111606,Campos Gerais,2024,ok,ok,4945552.58,4945552.58,4945552.58,new_observed,21577295.01,21577295.01,21444780.284241393,new_observed,20140666841.11,28309592.520261183,1,
3111606,Campos Gerais,2025,ok,ok,6725795.25,6725795.25,6725795.25,new_observed,27362991.9,27362991.9,27409505.32307379,new_observed,21654451288.89,34135300.57307379,1,
3111705,Canaã,2019,ok,ok,157981.7,157981.7,157981.7,new_observed,3319788.14,3319788.14,3407977.589319198,new_observed,12828054857.945,6212466.081260121,1,
3111705,Canaã,2020,ok,ok,112533.02,112533.02,112533.02,new_observed,3738730.21,3738730.21,3556377.613117222,new_observed,12945081975.46,6258644.015137681,1,
3111705,Canaã,2021,ok,ok,109278.1,109278.1,109278.1,new_observed,4486392.6,4486392.6,4410532.743276339,new_observed,16790773533.8425,6139811.058315395,1,
3111705,Canaã,2022,ok,ok,161883.15,161883.15,161883.15,new_observed,4673225.76,4673225.76,3955560.8074084185,new_observed,17457373501.01,5233700.163641337,1,
3111705,Canaã,2023,ok,ok,260510.19,260510.19,260510.19,new_observed,4358765.56,4358765.56,3778792.7250309573,new_observed,17975926235.1,4986134.526629977,1,
3111705,Canaã,2024,ok,ok,499032.93,499032.93,499032.93,new_observed,4630204.99,4630204.99,4601769.064914319,new_observed,20140666841.11,5471762.207221809,2,
3111705,Canaã,2025,ok,ok,307452.82,307452.82,307452.82,new_observed,4893479.0,4893479.0,4901797.259197003,new_observed,21654451288.89,5209250.0791970035,1,
3111804,Canápolis,2019,ok,ok,1519662.01,1519662.01,1519662.01,new_observed,11819573.07,11819573.07,12133557.455832321,new_observed,12828054857.945,23786071.5587915,1,
3111804,Canápolis,2020,ok,ok,1840650.45,1840650.45,1840650.45,new_observed,10419520.37,10419520.37,9911319.325522253,new_observed,12945081975.46,20047202.74125611,1,
3111804,Canápolis,2021,ok,partial,,,2130580.3717935598,imputed_temporal,14161711.14,14161711.14,13922252.52060894,new_observed,16790773533.8425,21806523.398358952,1,
3111804,Canápolis,2022,ok,ok,2735241.3,2735241.3,2735241.3,new_observed,16178324.99,16178324.99,13693827.678455705,new_observed,17457373501.01,20883058.006486766,1,
3111804,Canápolis,2023,ok,ok,3469448.04,3469448.04,3469448.04,new_observed,17941222.15,17941222.15,15553981.696272802,new_observed,17975926235.1,23482611.187683668,1,
3111804,Canápolis,2024,ok,ok,3489212.93,3489212.93,3489212.93,new_observed,20870714.05,20870714.05,20742538.718131926,new_observed,20140666841.11,25994026.628602795,1,
3111804,Canápolis,2025,ok,ok,3531004.7,3531004.7,3531004.7,new_observed,22373690.0,22373690.0,22411722.277774855,new_observed,21654451288.89,25942726.977774855,1,
3111903,Cana Verde,2019,ok,partial,,,100482.36220864102,imputed_temporal,2971573.51,2971573.51,3050512.713469296,new_observed,12828054857.945,5489532.673157393,1,
3111903,Cana Verde,2020,ok,ok,105704.09,105704.09,105704.09,new_observed,3186116.74,3186116.74,3030717.2784510776,new_observed,12945081975.46,5350292.44087317,1,
3111903,Cana Verde,2021,ok,ok,106973.33,106973.33,106973.33,new_observed,3730717.95,3730717.95,3667635.702324353,new_observed,16790773533.8425,5127512.429410159,1,
3111903,Cana Verde,2022,ok,ok,188535.64,188535.64,188535.64,new_observed,4078959.44,4078959.44,3452555.6702128146,new_observed,17457373501.01,4628206.329756151,1,
3111903,Cana Verde,2023,ok,ok,224690.86,224690.86,224690.86,new_observed,4112214.54,4112214.54,3565047.5286215036,new_observed,17975926235.1,4678070.90081926,1,
3111903,Cana Verde,2024,ok,ok,348153.35,348153.35,348153.35,new_observed,4306789.32,4306789.32,4280339.618803654,new_observed,20140666841.11,4965104.100951701,1,
3111903,Cana Verde,2025,ok,ok,314484.57,314484.57,314484.57,new_observed,4244441.01,4244441.01,4251655.991502439,new_observed,21654451288.89,4566140.561502439,1,
3112000,Candeias,2019,ok,ok,640118.02,640118.02,640118.02,new_observed,6993057.62,6993057.62,7178826.673493041,new_observed,12828054857.945,13621840.508686263,4,
3112000,Candeias,2020,ok,ok,615034.79,615034.79,615034.79,new_observed,7029034.6,7029034.6,6686200.899547219,new_observed,12945081975.46,12454878.197092995,4,
3112000,Candeias,2021,ok,ok,730244.45,730244.45,730244.45,new_observed,9118172.04,9118172.04,8963993.99848484,new_observed,16790773533.8425,13168868.010593079,1,
3112000,Candeias,2022,ok,ok,1104220.72,1104220.72,1104220.72,new_observed,9820466.83,9820466.83,8312342.629730431,new_observed,17457373501.01,11969432.894344224,1,
3112000,Candeias,2023,ok,ok,1227733.67,1227733.67,1227733.67,new_observed,9045454.65,9045454.65,7841875.814494929,new_observed,17975926235.1,11195568.627797326,1,
3112000,Candeias,2024,ok,ok,1734823.94,1734823.94,1734823.94,new_observed,9043951.29,9043951.29,8988408.7984869,new_observed,20140666841.11,11503089.062503757,1,
3112000,Candeias,2025,ok,ok,1777576.1,1777576.1,1777576.1,new_observed,10842038.0,10842038.0,10860468.013147652,new_observed,21654451288.89,12638044.113147652,1,
3112059,Cantagalo,2019,ok,ok,195369.94,195369.94,195369.94,new_observed,2303056.43,2303056.43,2364236.622755535,new_observed,12828054857.945,4459240.182611682,1,
3112059,Cantagalo,2020,ok,ok,118936.5,118936.5,118936.5,new_observed,2298661.86,2298661.86,2186547.068083416,new_observed,12945081975.46,3932829.7629108606,1,
3112059,Cantagalo,2021,ok,ok,133068.7,133068.7,133068.7,new_observed,2769952.5,2769952.5,2723115.716304042,new_observed,16790773533.8425,3879904.109239178,1,
3112059,Cantagalo,2022,ok,ok,169779.56,169779.56,169779.56,new_observed,2789405.99,2789405.99,2361038.30130267,new_observed,17457373501.01,3216933.1244967687,1,
3112059,Cantagalo,2023,ok,ok,350848.68,350848.68,350848.68,new_observed,2547556.81,2547556.81,2208581.5370696546,new_observed,17975926235.1,3159372.70422148,1,
3112059,Cantagalo,2024,ok,ok,350848.68,350848.68,350848.68,new_observed,2547556.81,2547556.81,2531911.2533222437,new_observed,20140666841.11,3092411.1289504934,1,
3112059,Cantagalo,2025,ok,ok,255025.95,255025.95,255025.95,new_observed,2978496.43,2978496.43,2983559.475191793,new_observed,21654451288.89,3238585.425191793,1,
3112109,Caparaó,2019,ok,ok,71435.41,71435.41,71435.41,new_observed,2528842.68,2528842.68,2596020.835339782,new_observed,12828054857.945,4647131.417639557,1,
3112109,Caparaó,2020,ok,ok,87546.11,87546.11,87546.11,new_observed,3037453.04,3037453.04,2889304.492594252,new_observed,12945081975.46,5078087.22287029,1,
3112109,Caparaó,2021,ok,ok,70834.24,70834.24,70834.24,new_observed,3718207.76,3718207.76,3655337.045577369,new_observed,16790773533.8425,5061713.52245824,1,
3112109,Caparaó,2022,ok,ok,179008.37,179008.37,179008.37,new_observed,3626902.7,3626902.7,3069921.058640183,new_observed,17457373501.01,4129727.7287134733,1,
3112109,Caparaó,2023,ok,ok,237363.31,237363.31,237363.31,new_observed,3449390.33,3449390.33,2990418.02211453,new_observed,17975926235.1,3984388.465786705,1,
3112109,Caparaó,2024,ok,ok,315263.16,315263.16,315263.16,new_observed,4094239.12,4094239.12,4069094.7738748007,new_observed,20140666841.11,4703214.135625786,1,
3112109,Caparaó,2025,ok,ok,316469.8,316469.8,316469.8,new_observed,5461775.73,5461775.73,5471060.017558616,new_observed,21654451288.89,5787529.8175586155,1,
3112208,Capela Nova,2019,ok,ok,66714.63,66714.63,66714.63,new_observed,2044342.7,2044342.7,2098650.2188324286,new_observed,12828054857.945,3772408.652341254,1,
3112208,Capela Nova,2020,ok,ok,159752.43,159752.43,159752.43,new_observed,2183444.22,2183444.22,2076949.04615709,new_observed,12945081975.46,3815497.2162694614,1,
3112208,Capela Nova,2021,ok,ok,72076.21,72076.21,72076.21,new_observed,2653423.46,2653423.46,2608557.0514064226,new_observed,16790773533.8425,3641431.536046463,1,
3112208,Capela Nova,2022,ok,ok,110852.88,110852.88,110852.88,new_observed,2827993.98,2827993.98,2393700.3528960575,new_observed,17457373501.01,3183548.0459355083,1,
3112208,Capela Nova,2023,ok,ok,143354.28,143354.28,143354.28,new_observed,3008644.73,3008644.73,2608317.575567595,new_observed,17975926235.1,3396676.68744185,1,
3112208,Capela Nova,2024,ok,ok,182308.44,182308.44,182308.44,new_observed,3434041.4,3434041.4,3412951.589893876,new_observed,20140666841.11,3856728.407870479,1,
3112208,Capela Nova,2025,ok,ok,168767.56,168767.56,168767.56,new_observed,3657324.55,3657324.55,3663541.5121192746,new_observed,21654451288.89,3832309.0721192746,1,
3112307,Capelinha,2019,ok,ok,2436080.0,2436080.0,2436080.0,new_observed,9397201.55,9397201.55,9646836.16368231,new_observed,12828054857.945,21050354.40377031,1,
3112307,Capelinha,2020,ok,ok,2443756.7,2443756.7,2443756.7,new_observed,10442609.16,10442609.16,9933281.98430152,new_observed,12945081975.46,21113482.129385054,3,
3112307,Capelinha,2021,ok,ok,3119389.66,3119389.66,3119389.66,new_observed,13940290.47,13940290.47,13704575.82528959,new_observed,16790773533.8425,22854046.975209244,4,
3112307,Capelinha,2022,ok,ok,4814073.73,4814073.73,4814073.73,new_observed,15265899.61,15265899.61,12921523.009653928,new_observed,17457373501.01,22543790.885505486,1,
3112307,Capelinha,2023,ok,ok,7072087.06,7072087.06,7072087.06,new_observed,15043114.56,15043114.56,13041493.303240487,new_observed,17975926235.1,24828298.251687694,1,
3112307,Capelinha,2024,ok,ok,10007934.02,10007934.02,10007934.02,new_observed,19314604.09,19314604.09,19195985.446516823,new_observed,20140666841.11,31327799.62816813,1,
3112307,Capelinha,2025,ok,ok,16978894.5,16978894.5,16978894.5,new_observed,21652949.7,21652949.7,21689756.815752268,new_observed,21654451288.89,38668651.31575227,1,
3112406,Capetinga,2019,ok,ok,133230.65,133230.65,133230.65,new_observed,4393086.83,4393086.83,4509788.2253936,new_observed,12828054857.945,8088874.532143124,1,
3112406,Capetinga,2020,ok,ok,122057.4,122057.4,122057.4,new_observed,5165881.02,5165881.02,4913920.657451012,new_observed,12945081975.46,8590668.206832675,1,
3112406,Capetinga,2021,ok,ok,178826.06,178826.06,178826.06,new_observed,6543574.81,6543574.81,6432930.314119912,new_observed,16790773533.8425,8981556.15540807,1,
3112406,Capetinga,2022,ok,ok,235088.22,235088.22,235088.22,new_observed,6753866.19,6753866.19,5716678.322779086,new_observed,17457373501.01,7565315.2419599835,1,
3112406,Capetinga,2023,ok,ok,245154.81,245154.81,245154.81,new_observed,6612468.32,6612468.32,5732620.1279138485,new_observed,17975926235.1,7378993.513817018,2,
3112406,Capetinga,2024,ok,ok,329514.88,329514.88,329514.88,new_observed,5990333.89,5990333.89,5953544.873940852,new_observed,20140666841.11,6740000.678639831,2,
3112406,Capetinga,2025,ok,ok,329514.88,329514.88,329514.88,new_observed,5990333.89,5990333.89,6000516.655671134,new_observed,21654451288.89,6330031.535671134,1,
3112505,Capim Branco,2019,ok,ok,479627.1,479627.1,479627.1,new_observed,3283472.0,3283472.0,3370696.71896505,new_observed,12828054857.945,6707874.147311156,1,
3112505,Capim Branco,2020,ok,ok,305882.51,305882.51,305882.51,new_observed,3320511.02,3320511.02,3158556.6201197044,new_observed,12945081975.46,5909844.4731291225,3,
3112505,Capim Branco,2021,ok,ok,417336.76,417336.76,417336.76,new_observed,4358587.83,4358587.83,4284889.008300515,new_observed,16790773533.8425,6387607.528721078,1,
3112505,Capim Branco,2022,ok,ok,700433.17,700433.17,700433.17,new_observed,4536534.94,4536534.94,3839861.528560714,new_observed,17457373501.01,5771187.501916506,1,
3112505,Capim Branco,2023,ok,ok,923075.8,923075.8,923075.8,new_observed,4522821.63,4522821.63,3921019.6641217507,new_observed,17975926235.1,5979574.236453126,1,
3112505,Capim Branco,2024,ok,ok,935270.38,935270.38,935270.38,new_observed,5234837.67,5234837.67,5202688.455841812,new_observed,20140666841.11,6584347.171469956,1,
3112505,Capim Branco,2025,ok,ok,1201761.0,1201761.0,1201761.0,new_observed,5847045.4,5847045.4,5856984.594420545,new_observed,21654451288.89,7058745.594420545,1,
3112604,Capinópolis,2019,ok,ok,1448189.7,1448189.7,1448189.7,new_observed,15643884.35,15643884.35,16059460.732545821,new_observed,12828054857.945,30501101.00822694,1,
3112604,Capinópolis,2020,ok,ok,1601167.61,1601167.61,1601167.61,new_observed,16260957.64,16260957.64,15467846.694063399,new_observed,12945081975.46,29117330.70141877,1,
3112604,Capinópolis,2021,ok,ok,2076440.45,2076440.45,2076440.45,new_observed,20456328.69,20456328.69,20110435.16219873,new_observed,16790773533.8425,30139142.755474225,1,
3112604,Capinópolis,2022,ok,ok,3444128.74,3444128.74,3444128.74,new_observed,16701008.5,16701008.5,14136242.942133158,new_observed,17457373501.01,22346483.668369975,1,
3112604,Capinópolis,2023,ok,ok,3696472.2,3696472.2,3696472.2,new_observed,19756625.43,19756625.43,17127829.294412795,new_observed,17975926235.1,25705615.76054716,1,
3112604,Capinópolis,2024,ok,ok,4692769.83,4692769.83,4692769.83,new_observed,24636516.18,24636516.18,24485213.56381353,new_observed,20140666841.11,31299977.332269732,1,
3112604,Capinópolis,2025,ok,ok,7256005.25,7256005.25,7256005.25,new_observed,28094893.78,28094893.78,28142651.33828815,new_observed,21654451288.89,35398656.58828815,1,
3112653,Capitão Andrade,2019,ok,ok,70374.36,70374.36,70374.36,new_observed,2513403.26,2513403.26,2580171.2705081874,new_observed,12828054857.945,4617670.447243961,1,
3112653,Capitão Andrade,2020,ok,ok,861708.68,861708.68,861708.68,new_observed,2624557.94,2624557.94,2496547.9127591434,new_observed,12945081975.46,5728712.042165771,1,
3112653,Capitão Andrade,2021,ok,ok,533081.84,533081.84,533081.84,new_observed,3090616.94,3090616.94,3038358.081010236,new_observed,16790773533.8425,4851523.013125141,1,
3112653,Capitão Andrade,2022,ok,ok,174118.46,174118.46,174118.46,new_observed,3535211.19,3535211.19,2992310.568166447,new_observed,17457373501.01,4024861.1260526227,1,
3112653,Capitão Andrade,2023,ok,ok,259207.06,259207.06,259207.06,new_observed,3469969.0,3469969.0,3008258.51557911,new_observed,17975926235.1,4033374.8826671075,1,
3112653,Capitão Andrade,2024,ok,ok,365703.57,365703.57,365703.57,new_observed,3448202.32,3448202.32,3427025.5420682323,new_observed,20140666841.11,4068558.598890189,1,
3112653,Capitão Andrade,2025,ok,ok,461231.44,461231.44,461231.44,new_observed,4071442.22,4071442.22,4078363.1267192457,new_observed,21654451288.89,4539594.566719246,1,
3112703,Capitão Enéas,2019,ok,ok,842856.8,842856.8,842856.8,new_observed,7776325.82,7776325.82,7982902.22273167,new_observed,12828054857.945,15375870.592331946,1,
3112703,Capitão Enéas,2020,ok,ok,1144809.02,1144809.02,1144809.02,new_observed,7824871.04,7824871.04,7443221.262061933,new_observed,12945081975.46,14649968.260737078,1,
3112703,Capitão Enéas,2021,ok,ok,835320.6,835320.6,835320.6,new_observed,10251928.06,10251928.06,10078579.478386147,new_observed,16790773533.8425,14825683.355821716,1,
3112703,Capitão Enéas,2022,ok,ok,532184.09,532184.09,532184.09,new_observed,10255744.72,10255744.72,8680775.110941317,new_observed,17457373501.01,11710630.812795954,1,
3112703,Capitão Enéas,2023,ok,ok,1006646.91,1006646.91,1006646.91,new_observed,12666884.65,12666884.65,10981442.086145673,new_observed,17975926235.1,14798153.470878461,1,
3112703,Capitão Enéas,2024,ok,ok,3613284.17,3613284.17,3613284.17,new_observed,14328303.57,14328303.57,14240307.775472248,new_observed,20140666841.11,19152009.77567758,1,
3112703,Capitão Enéas,2025,ok,ok,6141352.16,6141352.16,6141352.16,new_observed,14704494.77,14704494.77,14729490.442579335,new_observed,21654451288.89,20870842.602579333,1,
3112802,Capitólio,2019,ok,ok,2514174.79,2514174.79,2514174.79,new_observed,6758042.71,6758042.71,6937568.6435647,new_observed,12828054857.945,16466434.618496208,1,
3112802,Capitólio,2020,ok,ok,2283248.08,2283248.08,2283248.08,new_observed,7641300.03,7641300.03,7268603.733192068,new_observed,12945081975.46,16294111.839220291,1,
3112802,Capitólio,2021,ok,ok,3044354.85,3044354.85,3044354.85,new_observed,9536084.28,9536084.28,9374839.81218736,new_observed,16790773533.8425,16870508.825762272,1,
3112802,Capitólio,2022,ok,ok,3306543.63,3306543.63,3306543.63,new_observed,9314576.17,9314576.17,7884141.3464416955,new_observed,17457373501.01,14224526.283370614,1,
3112802,Capitólio,2023,ok,ok,4305653.7,4305653.7,4305653.7,new_observed,9637498.65,9637498.65,8355143.052501239,new_observed,17975926235.1,15628547.090979261,3,
3112802,Capitólio,2024,ok,ok,5074180.34,5074180.34,5074180.34,new_observed,8377827.66,8377827.66,8326376.097869378,new_observed,20140666841.11,14375123.4307044,1,
3112802,Capitólio,2025,ok,ok,5735243.04,5735243.04,5735243.04,new_observed,9609269.25,9609269.25,9625603.721306672,new_observed,21654451288.89,15360846.761306673,6,
3112901,Caputira,2019,ok,ok,108744.11,108744.11,108744.11,new_observed,3080538.79,3080538.79,3162372.632413971,new_observed,12828054857.945,5698803.648980707,1,
3112901,Caputira,2020,ok,ok,305300.65,305300.65,305300.65,new_observed,3207853.91,3207853.91,3051394.2410609373,new_observed,12945081975.46,5726047.999357346,1,
3112901,Caputira,2021,ok,ok,248486.73,248486.73,248486.73,new_observed,3966529.76,3966529.76,3899460.199640138,new_observed,16790773533.8425,5634662.889885198,1,
3112901,Caputira,2022,ok,ok,265597.04,265597.04,265597.04,new_observed,4466472.39,4466472.39,3780558.4494714863,new_observed,17457373501.01,5143085.095126331,1,
3112901,Caputira,2023,ok,ok,342953.61,342953.61,342953.61,new_observed,5139827.04,5139827.04,4455926.972743494,new_observed,17975926235.1,5923760.774105782,1,
3112901,Caputira,2024,ok,ok,384117.92,384117.92,384117.92,new_observed,6063276.02,6063276.02,6026039.037393204,new_observed,20140666841.11,6876341.135530246,1,
3112901,Caputira,2025,ok,ok,384117.92,384117.92,384117.92,new_observed,6063276.02,6063276.02,6073582.777527179,new_observed,21654451288.89,6457700.697527179,1,
3113008,Caraí,2019,ok,ok,1003741.59,1003741.59,1003741.59,new_observed,5323173.53,5323173.53,5464582.476126674,new_observed,12828054857.945,11268845.38019568,1,
3113008,Caraí,2020,ok,ok,1386121.84,1386121.84,1386121.84,new_observed,5723351.04,5723351.04,5444200.669046717,new_observed,12945081975.46,11651566.73668688,1,
3113008,Caraí,2021,ok,ok,818171.65,818171.65,818171.65,new_observed,7545385.88,7545385.88,7417801.884836149,new_observed,16790773533.8425,11187928.68520234,1,
3113008,Caraí,2022,ok,ok,1008697.24,1008697.24,1008697.24,new_observed,7447123.19,7447123.19,6303472.190546677,new_observed,17457373501.01,9294529.018753873,1,
3113008,Caraí,2023,ok,ok,1009384.84,1009384.84,1009384.84,new_observed,7449217.51,7449217.51,6458032.33655935,new_observed,17975926235.1,9217814.903219992,1,
3113008,Caraí,2024,ok,ok,3229250.51,3229250.51,3229250.51,new_observed,9700635.51,9700635.51,9641060.060264705,new_observed,20140666841.11,13806314.976310844,1,
3113008,Caraí,2025,ok,ok,1256133.69,1256133.69,1256133.69,new_observed,10335210.12,10335210.12,10352778.593602043,new_observed,21654451288.89,11608912.283602042,1,
3113107,Caranaíba,2019,ok,ok,109831.27,109831.27,109831.27,new_observed,2833606.66,2833606.66,2908880.8041303577,new_observed,12828054857.945,5259074.725220889,1,
3113107,Caranaíba,2020,ok,ok,199970.24,199970.24,199970.24,new_observed,2912889.86,2912889.86,2770816.749460015,new_observed,12945081975.46,5067743.554177423,1,
3113107,Caranaíba,2021,ok,ok,142948.88,142948.88,142948.88,new_observed,3486939.95,3486939.95,3427979.7143284697,new_observed,16790773533.8425,4850828.415646623,1,
3113107,Caranaíba,2022,ok,ok,166581.11,166581.11,166581.11,new_observed,4084230.69,4084230.69,3457017.4169755154,new_observed,17457373501.01,4605971.18012482,1,
3113107,Caranaíba,2023,ok,ok,152853.63,152853.63,152853.63,new_observed,4373123.02,4373123.02,3791239.796260437,new_observed,17975926235.1,4868607.485650967,1,
3113107,Caranaíba,2024,ok,ok,230521.93,230521.93,230521.93,new_observed,4017653.22,4017653.22,3992979.218259061,new_observed,20140666841.11,4530658.901922352,1,
3113107,Caranaíba,2025,ok,ok,271195.98,271195.98,271195.98,new_observed,3584582.88,3584582.88,3590676.1910183947,new_observed,21654451288.89,3861872.1710183946,1,
3113206,Carandaí,2019,ok,ok,2644419.33,2644419.33,2644419.33,new_observed,12179553.54,12179553.54,12503100.728660746,new_observed,12828054857.945,26389379.952120304,1,
3113206,Carandaí,2020,ok,ok,2767123.27,2767123.27,2767123.27,new_observed,12426685.0,12426685.0,11820586.631539695,new_observed,12945081975.46,24884575.395685054,1,
3113206,Carandaí,2021,ok,ok,3330287.71,3330287.71,3330287.71,new_observed,15492118.27,15492118.27,15230163.961251315,new_observed,16790773533.8425,25212928.233047735,1,
3113206,Carandaí,2022,ok,ok,3554007.17,3554007.17,3554007.17,new_observed,17525410.54,17525410.54,14834041.971421128,new_observed,17457373501.01,23373125.850891743,1,
3113206,Carandaí,2023,ok,ok,4369788.75,4369788.75,4369788.75,new_observed,17790964.29,17790964.29,15423716.991637776,new_observed,17975926235.1,24433196.632561143,1,
3113206,Carandaí,2024,ok,ok,5540284.21,5540284.21,5540284.21,new_observed,21460406.75,21460406.75,21328609.88140148,new_observed,20140666841.11,28822957.524279587,1,
3113206,Carandaí,2025,ok,ok,7488322.71,7488322.71,7488322.71,new_observed,25024490.4,25024490.4,25067028.683585178,new_observed,21654451288.89,32555351.39358518,1,
3113305,Carangola,2019,ok,partial,2172519.42,2172519.42,2172519.42,new_observed,,,7547173.082313191,imputed_temporal,12828054857.945,16933244.350758474,1,
3113305,Carangola,2020,ok,ok,2339643.99,2339643.99,2339643.99,new_observed,8020485.58,8020485.58,7629294.9105417,new_observed,12945081975.46,17005603.577249926,1,
3113305,Carangola,2021,ok,ok,2947219.78,2947219.78,2947219.78,new_observed,9864475.96,9864475.96,9697678.757949607,new_observed,16790773533.8425,17177109.96469515,1,
3113305,Carangola,2022,ok,ok,3355895.24,3355895.24,3355895.24,new_observed,9665940.63,9665940.63,8181546.941306906,new_observed,17457373501.01,14665290.810737524,1,
3113305,Carangola,2023,ok,ok,3800772.02,3800772.02,3800772.02,new_observed,9703401.99,9703401.99,8412277.362277525,new_observed,17975926235.1,15075845.630147342,1,
3113305,Carangola,2024,ok,ok,4186685.02,4186685.02,4186685.02,new_observed,14921107.57,14921107.57,14829471.131014626,new_observed,20140666841.11,20399122.462995782,1,
3113305,Carangola,2025,ok,ok,4532037.74,4532037.74,4532037.74,new_observed,16944392.67,16944392.67,16973195.86914827,new_observed,21654451288.89,21505233.60914827,1,
3113404,Caratinga,2019,ok,ok,12710226.12,12710226.12,12710226.12,new_observed,24730136.7,24730136.7,25387087.398414593,new_observed,12828054857.945,66371556.380126044,1,
3113404,Caratinga,2020,ok,ok,13776175.16,13776175.16,13776175.16,new_observed,26642049.09,26642049.09,25342611.429361753,new_observed,12945081975.46,66731131.94881538,1,
3113404,Caratinga,2021,ok,ok,23290454.08,23290454.08,23290454.08,new_observed,34181048.98,34181048.98,33603085.856958285,new_observed,16790773533.8425,77285443.52055931,2,
3113404,Caratinga,2022,ok,ok,21797619.79,21797619.79,21797619.79,new_observed,34980950.35,34980950.35,29608943.226051163,new_observed,17457373501.01,65343096.3608519,1,
3113404,Caratinga,2023,ok,ok,34591905.11,34591905.11,34591905.11,new_observed,35323223.79,35323223.79,30623152.184925597,new_observed,17975926235.1,80501773.6165223,1,
3113404,Caratinga,2024,ok,ok,26864211.85,26864211.85,26864211.85,new_observed,42492863.82,42492863.82,42231898.2915037,new_observed,20140666841.11,74121184.18148209,1,
3113404,Caratinga,2025,ok,ok,27333868.47,27333868.47,27333868.47,new_observed,47303733.9,47303733.9,47384143.91495384,new_observed,21654451288.89,74718012.38495384,1,
3113503,Carbonita,2019,ok,ok,678653.42,678653.42,678653.42,new_observed,5542679.05,5542679.05,5689919.1124856,new_observed,12828054857.945,11095062.403717233,1,
3113503,Carbonita,2020,ok,ok,699971.43,699971.43,699971.43,new_observed,6212839.72,6212839.72,5909815.058330585,new_observed,12945081975.46,11275363.393460559,4,
3113503,Carbonita,2021,ok,ok,896037.03,896037.03,896037.03,new_observed,7870338.18,7870338.18,7737259.60664876,new_observed,16790773533.8425,11727661.178180937,1,
3113503,Carbonita,2022,ok,ok,1341866.93,1341866.93,1341866.93,new_observed,8435129.26,8435129.26,7139750.660426038,new_observed,17457373501.01,10781019.445592137,1,
3113503,Carbonita,2023,ok,partial,,,1609506.7244869694,imputed_temporal,9310311.09,9310311.09,8071490.7306616055,new_observed,17975926235.1,11950268.815866537,1,
3113503,Carbonita,2024,ok,ok,1737359.12,1737359.12,1737359.12,new_observed,11284091.26,11284091.26,11214791.180538649,new_observed,20140666841.11,13894106.571359754,1,
3113503,Carbonita,2025,ok,ok,2308500.18,2308500.18,2308500.18,new_observed,13723242.2,13723242.2,13746569.874573216,new_observed,21654451288.89,16055070.054573216,1,
3113602,Careaçu,2019,ok,ok,1022029.85,1022029.85,1022029.85,new_observed,4822062.27,4822062.27,4950159.304581906,new_observed,12828054857.945,10404499.75546217,1,
3113602,Careaçu,2020,ok,ok,1032731.31,1032731.31,1032731.31,new_observed,5858960.14,5858960.14,5573195.579159521,new_observed,12945081975.46,11268779.461697606,1,
3113602,Careaçu,2021,ok,ok,999361.66,999361.66,999361.66,new_observed,7064769.99,7064769.99,6945312.669384097,new_observed,16790773533.8425,10792221.399006149,1,
3113602,Careaçu,2022,ok,ok,1271975.38,1271975.38,1271975.38,new_observed,7046609.64,7046609.64,5964465.306955413,new_observed,17457373501.01,9198269.897360653,1,
3113602,Careaçu,2023,ok,ok,1384935.0,1384935.0,1384935.0,new_observed,6995284.34,6995284.34,6064499.044430136,new_observed,17975926235.1,9195616.440293936,1,
3113602,Careaçu,2024,ok,ok,1458779.59,1458779.59,1458779.59,new_observed,7251565.26,7251565.26,7207030.5219198,new_observed,20140666841.11,9296038.605819251,1,
3113602,Careaçu,2025,ok,ok,1454566.65,1454566.65,1454566.65,new_observed,7335016.57,7335016.57,7347485.116210902,new_observed,21654451288.89,8802051.766210902,1,
3113701,Carlos Chagas,2019,ok,ok,1717811.82,1717811.82,1717811.82,new_observed,9795921.78,9795921.78,10056148.309802633,new_observed,12828054857.945,20512104.04100619,1,
3113701,Carlos Chagas,2020,ok,ok,1582108.68,1582108.68,1582108.68,new_observed,8904544.0,8904544.0,8470234.319640111,new_observed,12945081975.46,17147879.205592696,1,
3113701,Carlos Chagas,2021,ok,ok,1562276.0,1562276.0,1562276.0,new_observed,12080065.76,12080065.76,11875805.424476532,new_observed,16790773533.8425,18254587.14832754,1,
3113701,Carlos Chagas,2022,ok,ok,1938085.17,1938085.17,1938085.17,new_observed,14342772.12,14342772.12,12140159.748554956,new_observed,17457373501.01,17894915.75263602,1,
3113701,Carlos Chagas,2023,ok,ok,2691285.2,2691285.2,2691285.2,new_observed,14543652.24,14543652.24,12608488.922696771,new_observed,17975926235.1,18886113.17535555,1,
3113701,Carlos Chagas,2024,ok,ok,3880167.1,3880167.1,3880167.1,new_observed,15184064.41,15184064.41,15090813.048777025,new_observed,20140666841.11,20350660.99713933,1,
3113701,Carlos Chagas,2025,ok,ok,3934762.67,3934762.67,3934762.67,new_observed,15988246.38,15988246.38,16015424.258457107,new_observed,21654451288.89,19950186.928457107,1,
3113800,Carmésia,2019,ok,ok,58721.8,58721.8,58721.8,new_observed,2435885.67,2435885.67,2500594.4426031294,new_observed,12828054857.945,4458734.39890716,1,
3113800,Carmésia,2020,ok,ok,75077.04,75077.04,75077.04,new_observed,2200746.97,2200746.97,2093407.8728947814,new_observed,12945081975.46,3699129.3817571867,1,
3113800,Carmésia,2021,ok,ok,71796.87,71796.87,71796.87,new_observed,2992410.8,2992410.8,2941812.4964662576,new_observed,16790773533.8425,4093753.644844982,1,
3113800,Carmésia,2022,ok,ok,232794.16,232794.16,232794.16,new_observed,3032475.07,3032475.07,2566779.383740943,new_observed,17457373501.01,3558549.5918261884,1,
3113800,Carmésia,2023,ok,ok,228294.85,228294.85,228294.85,new_observed,3140888.65,3140888.65,2722965.25641822,new_observed,17975926235.1,3643049.363522361,1,
3113800,Carmésia,2024,ok,ok,329906.16,329906.16,329906.16,new_observed,4968010.56,4968010.56,4937500.036942352,new_observed,20140666841.11,5650482.843139505,1,
3113800,Carmésia,2025,ok,ok,286471.76,286471.76,286471.76,new_observed,4997213.27,4997213.27,5005707.863568822,new_observed,21654451288.89,5292179.623568822,1,
3113909,Carmo da Cachoeira,2019,ok,ok,1636919.13,1636919.13,1636919.13,new_observed,7861602.06,7861602.06,8070443.807485149,new_observed,12828054857.945,16911764.295301776,2,
3113909,Carmo da Cachoeira,2020,ok,ok,1275698.28,1275698.28,1275698.28,new_observed,8373580.1,8373580.1,7965167.620180829,new_observed,12945081975.46,15763613.738315001,2,
3113909,Carmo da Cachoeira,2021,ok,ok,1542632.34,1542632.34,1542632.34,new_observed,10812720.09,10812720.09,10629889.145418722,new_observed,16790773533.8425,16535422.524359442,3,
3113909,Carmo da Cachoeira,2022,ok,ok,1700274.65,1700274.65,1700274.65,new_observed,10579322.88,10579322.88,8954661.534059325,new_observed,17457373501.01,13543533.76195033,1,
3113909,Carmo da Cachoeira,2023,ok,ok,2039091.43,2039091.43,2039091.43,new_observed,10694856.31,10694856.31,9271809.79641388,new_observed,17975926235.1,13962229.701183816,1,
3113909,Carmo da Cachoeira,2024,ok,ok,2372714.26,2372714.26,2372714.26,new_observed,11194948.31,11194948.31,11126195.69274682,new_observed,20140666841.11,14480629.789545694,1,
3113909,Carmo da Cachoeira,2025,ok,ok,2561378.97,2561378.97,2561378.97,new_observed,11724607.39,11724607.39,11744537.652958754,new_observed,21654451288.89,14305916.622958755,1,
3114006,Carmo da Mata,2019,ok,ok,443462.27,443462.27,443462.27,new_observed,4447750.7,4447750.7,4565904.229201438,new_observed,12828054857.945,8727110.137825247,1,
3114006,Carmo da Mata,2020,ok,ok,435491.26,435491.26,435491.26,new_observed,4872258.52,4872258.52,4634619.283173055,new_observed,12945081975.46,8648893.412853716,1,
3114006,Carmo da Mata,2021,ok,ok,431820.25,431820.25,431820.25,new_observed,6301782.16,6301782.16,6195226.106086813,new_observed,16790773533.8425,9002326.405229801,1,
3114006,Carmo da Mata,2022,ok,ok,867670.83,867670.83,867670.83,new_observed,6418383.1,6418383.1,5432715.203832255,new_observed,17457373501.01,8008446.929056931,1,
3114006,Carmo da Mata,2023,ok,ok,1016852.49,1016852.49,1016852.49,new_observed,6520092.62,6520092.62,5652535.842965602,new_observed,17975926235.1,8232724.343291316,2,
3114006,Carmo da Mata,2024,ok,ok,1497257.97,1497257.97,1497257.97,new_observed,7268209.67,7268209.67,7223572.711997165,new_observed,20140666841.11,9355060.594178982,1,
3114006,Carmo da Mata,2025,ok,ok,1863756.77,1863756.77,1863756.77,new_observed,11182024.99,11182024.99,11201032.935515696,new_observed,21654451288.89,13064789.705515696,1,
3114105,Carmo de Minas,2019,ok,ok,370915.86,370915.86,370915.86,new_observed,5382355.27,5382355.27,5525336.366167655,new_observed,12828054857.945,10272205.594532847,1,
3114105,Carmo de Minas,2020,ok,partial,,,398236.965682293,imputed_temporal,5720189.02,5720189.02,5441192.873215353,new_observed,12945081975.46,9961243.613606837,1,
3114105,Carmo de Minas,2021,ok,ok,503269.83,503269.83,503269.83,new_observed,7630162.88,7630162.88,7501145.4010448605,new_observed,16790773533.8425,10873374.76169524,1,
3114105,Carmo de Minas,2022,ok,ok,690193.83,690193.83,690193.83,new_observed,8770177.59,8770177.59,7423345.785249548,new_observed,17457373501.01,10313153.998280384,1,
3114105,Carmo de Minas,2023,ok,ok,906616.34,906616.34,906616.34,new_observed,8565838.93,8565838.93,7426077.265892447,new_observed,17975926235.1,10285916.199441742,1,
3114105,Carmo de Minas,2024,ok,ok,1749320.44,1749320.44,1749320.44,new_observed,8588414.91,8588414.91,8535670.048052646,new_observed,20140666841.11,11032975.267472146,1,
3114105,Carmo de Minas,2025,ok,ok,2275992.76,2275992.76,2275992.76,new_observed,8847982.23,8847982.23,8863022.615288181,new_observed,21654451288.89,11139015.375288181,1,
3114204,Carmo do Cajuru,2019,ok,ok,1547649.05,1547649.05,1547649.05,new_observed,8593144.44,8593144.44,8821419.451574663,new_observed,12828054857.945,18064560.230185267,1,
3114204,Carmo do Cajuru,2020,ok,ok,2082153.76,2082153.76,2082153.76,new_observed,9624069.29,9624069.29,9154665.527482646,new_observed,12945081975.46,19168428.674163338,1,
3114204,Carmo do Cajuru,2021,ok,ok,2327366.29,2327366.29,2327366.29,new_observed,11133162.59,11133162.59,10944913.322880885,new_observed,16790773533.8425,18029358.29879769,1,
3114204,Carmo do Cajuru,2022,ok,ok,2904773.75,2904773.75,2904773.75,new_observed,11055385.26,11055385.26,9357615.251452506,new_observed,17457373501.01,15586773.73326779,1,
3114204,Carmo do Cajuru,2023,ok,ok,3591110.91,3591110.91,3591110.91,new_observed,11690952.28,11690952.28,10135366.267404407,new_observed,17975926235.1,16944028.022401974,1,
3114204,Carmo do Cajuru,2024,ok,ok,4290212.27,4290212.27,4290212.27,new_observed,13007979.01,13007979.01,12928091.852208208,new_observed,20140666841.11,18470520.099052176,1,
3114204,Carmo do Cajuru,2025,ok,ok,4406545.16,4406545.16,4406545.16,new_observed,15865637.31,15865637.31,15892606.769452108,new_observed,21654451288.89,20299151.929452106,1,
3114303,Carmo do Paranaíba,2019,ok,ok,2285643.23,2285643.23,2285643.23,new_observed,20068541.27,20068541.27,20601657.700508393,new_observed,12828054857.945,39873304.54059178,1,
3114303,Carmo do Paranaíba,2020,ok,ok,2605254.92,2605254.92,2605254.92,new_observed,20398124.28,20398124.28,19403227.42329537,new_observed,12945081975.46,37543366.430568494,1,
3114303,Carmo do Paranaíba,2021,ok,ok,3145325.11,3145325.11,3145325.11,new_observed,25872339.34,25872339.34,25434867.15902361,new_observed,16790773533.8425,38823965.56554364,1,
3114303,Carmo do Paranaíba,2022,ok,ok,3900839.5,3900839.5,3900839.5,new_observed,29332384.83,29332384.83,24827825.09984479,new_observed,17457373501.01,36517125.22932355,1,
3114303,Carmo do Paranaíba,2023,ok,ok,4469080.51,4469080.51,4469080.51,new_observed,29767364.56,29767364.56,25806549.834873967,new_observed,17975926235.1,37372380.57000372,1,
3114303,Carmo do Paranaíba,2024,ok,ok,5361006.99,5361006.99,5361006.99,new_observed,29278096.49,29278096.49,29098288.08837652,new_observed,20140666841.11,36965376.95157727,1,
3114303,Carmo do Paranaíba,2025,ok,ok,6083444.17,6083444.17,6083444.17,new_observed,31060774.15,31060774.15,31113573.307866886,new_observed,21654451288.89,37197017.47786689,3,
3114402,Carmo do Rio Claro,2019,ok,ok,1368085.78,1368085.78,1368085.78,new_observed,13206659.26,13206659.26,13557491.288541945,new_observed,12828054857.945,26002720.098145988,1,
3114402,Carmo do Rio Claro,2020,ok,ok,1278878.69,1278878.69,1278878.69,new_observed,13974724.8,13974724.8,13293122.433724377,new_observed,12945081975.46,24857778.436562765,1,
3114402,Carmo do Rio Claro,2021,ok,ok,1581251.93,1581251.93,1581251.93,new_observed,18201930.37,18201930.37,17894156.184129097,new_observed,16790773533.8425,26455825.310082436,1,
3114402,Carmo do Rio Claro,2022,ok,ok,2185845.83,2185845.83,2185845.83,new_observed,20837266.17,20837266.17,17637297.58170068,new_observed,17457373501.01,25197280.155090284,1,
3114402,Carmo do Rio Claro,2023,ok,ok,2483449.98,2483449.98,2483449.98,new_observed,19552100.25,19552100.25,16950518.02322123,new_observed,17975926235.1,23989381.556332465,1,
3114402,Carmo do Rio Claro,2024,ok,ok,778372.73,778372.73,778372.73,new_observed,6424879.25,6424879.25,6385421.518553526,new_observed,20140666841.11,7684787.346897707,1,
3114402,Carmo do Rio Claro,2025,ok,ok,2985975.99,2985975.99,2985975.99,new_observed,24280177.89,24280177.89,24321450.94196127,new_observed,21654451288.89,27307426.93196127,1,
3114501,Carmópolis de Minas,2019,ok,partial,,,2335931.1932392074,imputed_temporal,8971444.53,8971444.53,9209769.001120748,new_observed,12828054857.945,20114439.067405496,1,
3114501,Carmópolis de Minas,2020,ok,ok,2457321.62,2457321.62,2457321.62,new_observed,9313826.0,9313826.0,8859554.024591982,new_observed,12945081975.46,19304993.52689467,1,
3114501,Carmópolis de Minas,2021,ok,ok,2725590.87,2725590.87,2725590.87,new_observed,11701606.78,11701606.78,11503745.760487927,new_observed,16790773533.8425,19329445.728094295,1,
3114501,Carmópolis de Minas,2022,ok,ok,3239701.9,3239701.9,3239701.9,new_observed,12276044.16,12276044.16,10390818.172095114,new_observed,17457373501.01,17325810.83550242,1,
3114501,Carmópolis de Minas,2023,ok,ok,3908950.08,3908950.08,3908950.08,new_observed,11328890.59,11328890.59,9821480.131214874,new_observed,17975926235.1,16948907.66593996,1,
3114501,Carmópolis de Minas,2024,ok,ok,4446907.42,4446907.42,4446907.42,new_observed,11528177.42,11528177.42,11457378.31063064,new_observed,20140666841.11,17060938.589752812,1,
3114501,Carmópolis de Minas,2025,ok,ok,4893326.02,4893326.02,4893326.02,new_observed,12706815.95,12706815.95,12728415.836019889,new_observed,21654451288.89,17621741.856019888,1,
3114550,Carneirinho,2019,ok,ok,1040036.39,1040036.39,1040036.39,new_observed,23058614.34,23058614.34,23671161.41076228,new_observed,12828054857.945,43050821.87123187,1,
3114550,Carneirinho,2020,ok,ok,774452.74,774452.74,774452.74,new_observed,27512368.86,27512368.86,26170482.276528694,new_observed,12945081975.46,45964258.370662525,1,
3114550,Carneirinho,2021,ok,ok,872728.17,872728.17,872728.17,new_observed,35573185.64,35573185.64,34971683.05062461,new_observed,16790773533.8425,48691841.323090516,1,
3114550,Carneirinho,2022,ok,ok,1307307.02,1307307.02,1307307.02,new_observed,36876295.25,36876295.25,31213220.953682587,new_observed,17457373501.01,41336978.55712732,1,
3114550,Carneirinho,2023,ok,ok,1893864.47,1893864.47,1893864.47,new_observed,28383426.98,28383426.98,24606757.557172082,new_observed,17975926235.1,32712492.538045004,1,
3114550,Carneirinho,2024,ok,ok,2587237.29,2587237.29,2587237.29,new_observed,174717077.36,174717077.36,173644070.49880746,new_observed,20140666841.11,189047881.2252482,1,
3114550,Carneirinho,2025,ok,ok,2897808.77,2897808.77,2897808.77,new_observed,43911711.93,43911711.93,43986355.96170381,new_observed,21654451288.89,46884164.73170381,1,
3114600,Carrancas,2019,ok,ok,464976.89,464976.89,464976.89,new_observed,3472266.38,3472266.38,3564506.3805747847,new_observed,12828054857.945,7019998.2984747365,1,
3114600,Carrancas,2020,ok,ok,217352.32,217352.32,217352.32,new_observed,3814458.86,3814458.86,3628412.678608506,new_observed,12945081975.46,6560332.6161469035,1,
3114600,Carrancas,2021,ok,ok,774927.43,774927.43,774927.43,new_observed,4675060.64,4675060.64,4596010.618759142,new_observed,16790773533.8425,7296001.086937993,1,
3114600,Carrancas,2022,ok,ok,980591.29,980591.29,980591.29,new_observed,5149880.62,5149880.62,4359016.017943068,new_observed,17457373501.01,6787197.088883194,1,
3114600,Carrancas,2023,ok,ok,1094435.42,1094435.42,1094435.42,new_observed,5805378.35,5805378.35,5032920.714146467,new_observed,17975926235.1,7563637.2463518325,1,
3114600,Carrancas,2024,ok,ok,1186346.65,1186346.65,1186346.65,new_observed,6435712.71,6435712.71,6396188.445979343,new_observed,20140666841.11,8133981.482613832,1,
3114600,Carrancas,2025,ok,ok,1030961.61,1030961.61,1030961.61,new_observed,7704802.46,7704802.46,7717899.592719685,new_observed,21654451288.89,8748861.202719685,1,
3114709,Carvalhópolis,2019,ok,ok,82584.76,82584.76,82584.76,new_observed,2912239.07,2912239.07,2989602.066986053,new_observed,12828054857.945,5352236.21736546,3,
3114709,Carvalhópolis,2020,ok,ok,215896.03,215896.03,215896.03,new_observed,3127718.08,3127718.08,2975166.951095404,new_observed,12945081975.46,5443503.3244708795,1,
3114709,Carvalhópolis,2021,ok,ok,141954.71,141954.71,141954.71,new_observed,3930410.29,3930410.29,3863951.4692840865,new_observed,16790773533.8425,5441711.591698717,5,
3114709,Carvalhópolis,2022,ok,ok,225608.67,225608.67,225608.67,new_observed,4297143.23,4297143.23,3637233.0842429535,new_observed,17457373501.01,4910074.2427656,1,
3114709,Carvalhópolis,2023,ok,ok,262958.21,262958.21,262958.21,new_observed,3933780.1,3933780.1,3410355.3905641926,new_observed,17975926235.1,4534355.594564818,1,
3114709,Carvalhópolis,2024,ok,ok,305217.67,305217.67,305217.67,new_observed,5116626.41,5116626.41,5085203.178069577,new_observed,20140666841.11,5782443.840575523,1,
3114709,Carvalhópolis,2025,ok,ok,399443.4,399443.4,399443.4,new_observed,5181418.62,5181418.62,5190226.338003765,new_observed,21654451288.89,5589669.738003765,1,
3114808,Carvalhos,2019,ok,ok,89725.83,89725.83,89725.83,new_observed,2199828.1,2199828.1,2258266.0546388454,new_observed,12828054857.945,4090573.8845879324,1,
3114808,Carvalhos,2020,ok,ok,106611.23,106611.23,106611.23,new_observed,2351480.5,2351480.5,2236789.5349907298,new_observed,12945081975.46,3997511.1523545515,1,
3114808,Carvalhos,2021,ok,ok,95108.28,95108.28,95108.28,new_observed,2892428.13,2892428.13,2843520.4210479823,new_observed,16790773533.8425,3991898.24986096,1,
3114808,Carvalhos,2022,ok,ok,178137.88,178137.88,178137.88,new_observed,3111777.04,3111777.04,2633902.989702209,new_observed,17457373501.01,3574396.861782648,1,
3114808,Carvalhos,2023,ok,ok,283603.95,283603.95,283603.95,new_observed,3358363.75,3358363.75,2911503.3446551515,new_observed,17975926235.1,3944055.480188035,1,
3114808,Carvalhos,2024,ok,ok,332920.71,332920.71,332920.71,new_observed,3347735.58,3347735.58,3327175.8081615726,new_observed,20140666841.11,3926280.1855136575,1,
3114808,Carvalhos,2025,ok,ok,336197.72,336197.72,336197.72,new_observed,3804535.67,3804535.67,3811002.871315732,new_observed,21654451288.89,4147200.5913157323,3,
3114907,Casa Grande,2019,ok,ok,67419.77,67419.77,67419.77,new_observed,2290763.89,2290763.89,2351617.5341061577,new_observed,12828054857.945,4214346.2619091105,1,
3114907,Casa Grande,2020,ok,ok,50185.47,50185.47,50185.47,new_observed,2552691.96,2552691.96,2428187.119639297,new_observed,12945081975.46,4227754.046505192,1,
3114907,Casa Grande,2021,ok,ok,51559.22,51559.22,51559.22,new_observed,3218714.65,3218714.65,3164289.802699889,new_observed,16790773533.8425,4368480.46878283,1,
3114907,Casa Grande,2022,ok,ok,97536.41,97536.41,97536.41,new_observed,3650463.78,3650463.78,3089863.8753185314,new_observed,17457373501.01,4051517.7783650714,1,
3114907,Casa Grande,2023,ok,ok,81777.54,81777.54,81777.54,new_observed,3587792.41,3587792.41,3110404.4645680115,new_observed,17975926235.1,3940444.4883385203,1,
3114907,Casa Grande,2024,ok,ok,156730.25,156730.25,156730.25,new_observed,5991803.29,5991803.29,5955005.249772719,new_observed,20140666841.11,6556216.720730404,1,
3114907,Casa Grande,2025,ok,ok,283764.71,283764.71,283764.71,new_observed,6017016.18,6017016.18,6027244.301992105,new_observed,21654451288.89,6311009.011992105,1,
3115003,Cascalho Rico,2019,ok,ok,95237.73,95237.73,95237.73,new_observed,5241788.18,5241788.18,5381035.142019113,new_observed,12828054857.945,9540535.01705537,1,
3115003,Cascalho Rico,2020,ok,ok,100826.05,100826.05,100826.05,new_observed,5776576.09,5776576.09,5494829.723737733,new_observed,12945081975.46,9545399.44444467,1,
3115003,Cascalho Rico,2021,ok,ok,320043.68,320043.68,320043.68,new_observed,7101856.89,7101856.89,6981772.471586117,new_observed,16790773533.8425,9918948.625911204,1,
3115003,Cascalho Rico,2022,ok,ok,504000.0,504000.0,504000.0,new_observed,8550000.0,8550000.0,7236980.758092453,new_observed,17457373501.01,9839592.883219963,1,
3115003,Cascalho Rico,2023,ok,ok,359254.46,359254.46,359254.46,new_observed,4705976.52,4705976.52,4079804.153986777,new_observed,17975926235.1,5479594.842607651,1,
3115003,Cascalho Rico,2024,ok,ok,396980.07,396980.07,396980.07,new_observed,10588846.17,10588846.17,10523815.866355946,new_observed,20140666841.11,11715020.213863004,1,
3115003,Cascalho Rico,2025,ok,ok,541782.17,541782.17,541782.17,new_observed,12909000.63,12909000.63,12930944.202908892,new_observed,21654451288.89,13472726.372908892,1,
3115102,Cássia,2019,ok,ok,4392704.77,4392704.77,4392704.77,new_observed,7587890.91,7587890.91,7789461.5803642385,new_observed,12828054857.945,21223263.95441129,1,
3115102,Cássia,2020,ok,ok,6421626.17,6421626.17,6421626.17,new_observed,8032085.01,8032085.01,7640328.590657634,new_observed,12945081975.46,23987711.286701933,1,
3115102,Cássia,2021,ok,ok,4896749.91,4896749.91,4896749.91,new_observed,11186571.94,11186571.94,10997419.580797793,new_observed,16790773533.8425,21590991.52291074,1,
3115102,Cássia,2022,ok,ok,2305904.24,2305904.24,2305904.24,new_observed,12047794.39,12047794.39,10197620.605600491,new_observed,17457373501.01,15893282.509108286,1,
3115102,Cássia,2023,ok,ok,3187767.58,3187767.58,3187767.58,new_observed,11276023.89,11276023.89,9775647.819610486,new_observed,17975926235.1,16002100.97304604,1,
3115102,Cássia,2024,ok,ok,4977730.42,4977730.42,4977730.42,new_observed,10009419.93,10009419.93,9947948.112684067,new_observed,20140666841.11,16011161.341630239,1,
3115102,Cássia,2025,ok,ok,5591323.83,5591323.83,5591323.83,new_observed,11343069.33,11343069.33,11362351.029334262,new_observed,21654451288.89,16953674.85933426,1,
3115201,Conceição da Barra de Minas,2019,ok,ok,75501.57,75501.57,75501.57,new_observed,2641999.72,2641999.72,2712183.8674764335,new_observed,12828054857.945,4856589.719747334,1,
3115201,Conceição da Barra de Minas,2020,ok,ok,186165.9,186165.9,186165.9,new_observed,2949553.66,2949553.66,2805692.311538031,new_observed,12945081975.46,5103688.086802402,1,
3115201,Conceição da Barra de Minas,2021,ok,ok,167042.3,167042.3,167042.3,new_observed,3483146.28,3483146.28,3424250.19102456,new_observed,16790773533.8425,4878491.183505823,1,
3115201,Conceição da Barra de Minas,2022,ok,ok,182395.19,182395.19,182395.19,new_observed,3988977.92,3988977.92,3376392.5674263923,new_observed,17457373501.01,4523589.941010526,1,
3115201,Conceição da Barra de Minas,2023,ok,ok,156931.96,156931.96,156931.96,new_observed,3907752.26,3907752.26,3387790.78802102,new_observed,17975926235.1,4375622.441057468,1,
3115201,Conceição da Barra de Minas,2024,ok,ok,228912.46,228912.46,228912.46,new_observed,4588641.17,4588641.17,4560460.504816277,new_observed,20140666841.11,5137684.233048096,1,
3115201,Conceição da Barra de Minas,2025,ok,ok,227114.0,227114.0,227114.0,new_observed,4829293.3,4829293.3,4837502.452099714,new_observed,21654451288.89,5064616.452099714,2,
3115300,Cataguases,2019,ok,ok,7561192.52,7561192.52,7561192.52,new_observed,21719180.57,21719180.57,22296145.874217432,new_observed,12828054857.945,52016214.152067356,1,
3115300,Cataguases,2020,ok,ok,10695278.31,10695278.31,10695278.31,new_observed,22000418.48,22000418.48,20927371.4247176,new_observed,12945081975.46,53943779.856210545,1,
3115300,Cataguases,2021,ok,ok,12779687.54,12779687.54,12779687.54,new_observed,27608320.76,27608320.76,27141495.0842367,new_observed,16790773533.8425,54229817.80353482,1,
3115300,Cataguases,2022,ok,ok,15629958.43,15629958.43,15629958.43,new_observed,27226960.71,27226960.71,23045729.913404588,new_observed,17457373501.01,49160828.53966087,1,
3115300,Cataguases,2023,ok,ok,28657968.96,28657968.96,28657968.96,new_observed,24619955.15,24619955.15,21344049.39443645,new_observed,17975926235.1,61722726.75824577,1,
3115300,Cataguases,2024,ok,ok,24421639.53,24421639.53,24421639.53,new_observed,32533085.34,32533085.34,32333286.76098842,new_observed,20140666841.11,60882477.12071921,1,
3115300,Cataguases,2025,ok,ok,24946770.17,24946770.17,24946770.17,new_observed,35353440.14,35353440.14,35413536.25537933,new_observed,21654451288.89,60360306.42537933,1,
3115359,Catas Altas,2019,ok,ok,1296628.84,1296628.84,1296628.84,new_observed,17233038.14,17233038.14,17690830.04706529,new_observed,12828054857.945,33079161.800451886,1,
3115359,Catas Altas,2020,ok,ok,1724944.65,1724944.65,1724944.65,new_observed,18635333.6,18635333.6,17726414.987298906,new_observed,12945081975.46,33181275.79380096,1,
3115359,Catas Altas,2021,ok,ok,2384603.55,2384603.55,2384603.55,new_observed,28843342.55,28843342.55,28355634.043777324,new_observed,16790773533.8425,41758218.92951223,1,
3115359,Catas Altas,2022,ok,ok,4336029.42,4336029.42,4336029.42,new_observed,40942528.04,40942528.04,34655004.39919774,new_observed,17457373501.01,49561665.48737272,1,
3115359,Catas Altas,2023,ok,ok,7448389.77,7448389.77,7448389.77,new_observed,23055298.63,23055298.63,19987584.451883253,new_observed,17975926235.1,33867095.688814834,1,
3115359,Catas Altas,2024,ok,ok,9200677.12,9200677.12,9200677.12,new_observed,25271808.76,25271808.76,25116604.56013605,new_observed,20140666841.11,36813035.506803274,1,
3115359,Catas Altas,2025,ok,ok,7528084.41,7528084.41,7528084.41,new_observed,21663007.85,21663007.85,21699832.063260756,new_observed,21654451288.89,29227916.473260757,2,
3115409,Catas Altas da Noruega,2019,ok,partial,,,66449.50530953491,imputed_temporal,1980997.5,1980997.5,2033622.267382809,new_observed,12828054857.945,3658657.768511379,5,
3115409,Catas Altas da Noruega,2020,ok,partial,,,70018.59544939356,imputed_temporal,2253512.81,2253512.81,2143600.1150660412,new_observed,12945081975.46,3776121.274066904,1,
3115409,Catas Altas da Noruega,2021,ok,ok,86733.29,86733.29,86733.29,new_observed,2856411.3,2856411.3,2808112.5951648843,new_observed,16790773533.8425,3932422.703993123,1,
3115409,Catas Altas da Noruega,2022,ok,ok,125806.9,125806.9,125806.9,new_observed,2780541.95,2780541.95,2353535.507510979,new_observed,17457373501.01,3151502.460784067,2,
3115409,Catas Altas da Noruega,2023,ok,ok,88085.0,88085.0,88085.0,new_observed,2694725.87,2694725.87,2336168.434236394,new_observed,17975926235.1,2992509.8473717063,1,
3115409,Catas Altas da Noruega,2024,ok,ok,128114.85,128114.85,128114.85,new_observed,1987988.73,1987988.73,1975779.702814476,new_observed,20140666841.11,2256902.0937389773,2,
3115409,Catas Altas da Noruega,2025,ok,ok,113418.25,113418.25,113418.25,new_observed,3169341.34,3169341.34,3174728.7959898794,new_observed,21654451288.89,3288147.0459898794,3,
3115458,Catuji,2019,ok,ok,675712.28,675712.28,675712.28,new_observed,2896614.82,2896614.82,2973562.7621857408,new_observed,12828054857.945,6357615.3235042365,1,
3115458,Catuji,2020,ok,ok,731103.84,731103.84,731103.84,new_observed,3138552.14,3138552.14,2985472.591320557,new_observed,12945081975.46,6339955.1432854375,1,
3115458,Catuji,2021,ok,ok,498357.41,498357.41,498357.41,new_observed,3969182.41,3969182.41,3902067.9963098844,new_observed,16790773533.8425,5977635.239126221,1,
3115458,Catuji,2022,ok,ok,547278.67,547278.67,547278.67,new_observed,3864914.32,3864914.32,3271381.352691927,new_observed,17457373501.01,4853914.65977176,1,
3115458,Catuji,2023,ok,ok,903345.75,903345.75,903345.75,new_observed,3875113.63,3875113.63,3359495.0203544106,new_observed,17975926235.1,5262070.70717477,1,
3115458,Catuji,2024,ok,ok,1419073.97,1419073.97,1419073.97,new_observed,3816235.87,3816235.87,3792798.8520833035,new_observed,20140666841.11,5590910.755829277,1,
3115458,Catuji,2025,ok,ok,1169097.2,1169097.2,1169097.2,new_observed,4056153.18,4056153.18,4063048.0973980296,new_observed,21654451288.89,5232145.29739803,1,
3115474,Catuti,2019,ok,ok,424047.95,424047.95,424047.95,new_observed,2478649.88,2478649.88,2544494.6745332726,new_observed,12828054857.945,5171671.595053106,1,
3115474,Catuti,2020,ok,ok,330360.48,330360.48,330360.48,new_observed,2628609.94,2628609.94,2500402.280760827,new_observed,12945081975.46,4828881.971392602,1,
3115474,Catuti,2021,ok,ok,96000.99,96000.99,96000.99,new_observed,3389059.64,3389059.64,3331754.450365383,new_observed,16790773533.8425,4656338.835343913,1,
3115474,Catuti,2022,ok,ok,139034.12,139034.12,139034.12,new_observed,3563616.7,3563616.7,3016353.8581423303,new_observed,17457373501.01,4010826.8013803903,1,
3115474,Catuti,2023,ok,ok,140540.04,140540.04,140540.04,new_observed,3139214.69,3139214.69,2721514.031803608,new_observed,17975926235.1,3532933.0146047026,1,
3115474,Catuti,2024,ok,ok,83742.8,83742.8,83742.8,new_observed,4136937.24,4136937.24,4111530.6677867034,new_observed,20140666841.11,4500378.339108861,1,
3115474,Catuti,2025,ok,ok,155186.36,155186.36,155186.36,new_observed,4839821.92,4839821.92,4848048.969344219,new_observed,21654451288.89,5003235.3293442195,1,
3115508,Caxambu,2019,ok,ok,1991167.11,1991167.11,1991167.11,new_observed,5985784.16,5985784.16,6144795.213281846,new_observed,12828054857.945,14174135.448822957,1,
3115508,Caxambu,2020,ok,ok,1742250.46,1742250.46,1742250.46,new_observed,6089209.2,6089209.2,5792214.485694979,new_observed,12945081975.46,12852734.409497924,1,
3115508,Caxambu,2021,ok,ok,2163414.1,2163414.1,2163414.1,new_observed,7607890.1,7607890.1,7479249.228722849,new_observed,16790773533.8425,13098807.226717647,1,
3115508,Caxambu,2022,ok,ok,2596113.86,2596113.86,2596113.86,new_observed,7642333.45,7642333.45,6468704.108137581,new_observed,17457373501.01,11522327.87476278,1,
3115508,Caxambu,2023,ok,ok,3280849.81,3280849.81,3280849.81,new_observed,7136436.0,7136436.0,6186869.210614077,new_observed,17975926235.1,11686996.912622832,1,
3115508,Caxambu,2024,ok,ok,3678887.65,3678887.65,3678887.65,new_observed,10423786.05,10423786.05,10359769.446012244,new_observed,20140666841.11,15059630.50804453,1,
3115508,Caxambu,2025,ok,ok,4334758.23,4334758.23,4334758.23,new_observed,11320370.49,11320370.49,11339613.604345016,new_observed,21654451288.89,15674371.834345017,1,
3115607,Cedro do Abaeté,2019,ok,ok,16324.85,16324.85,16324.85,new_observed,1914096.52,1914096.52,1964944.077411478,new_observed,12828054857.945,3451684.3886202476,1,
3115607,Cedro do Abaeté,2020,ok,ok,42138.64,42138.64,42138.64,new_observed,2103144.12,2103144.12,2000565.4982864144,new_observed,12945081975.46,3484565.1225146027,1,
3115607,Cedro do Abaeté,2021,ok,ok,33435.78,33435.78,33435.78,new_observed,2582902.65,2582902.65,2539228.6690469813,new_observed,16790773533.8425,3494764.3123364663,1,
3115607,Cedro do Abaeté,2022,ok,ok,38002.8,38002.8,38002.8,new_observed,2712779.46,2712779.46,2296179.2693530335,new_observed,17457373501.01,2966988.550350747,1,
3115607,Cedro do Abaeté,2023,ok,ok,59631.36,59631.36,59631.36,new_observed,2678359.43,2678359.43,2321979.695806824,new_observed,17975926235.1,2939871.8947700085,1,
3115607,Cedro do Abaeté,2024,ok,ok,107516.59,107516.59,107516.59,new_observed,4463410.02,4463410.02,4435998.448972472,new_observed,20140666841.11,4873946.078083571,1,
3115607,Cedro do Abaeté,2025,ok,ok,76303.85,76303.85,76303.85,new_observed,4370963.31,4370963.31,4378393.3624745635,new_observed,21654451288.89,4454697.212474563,1,
3115706,Central de Minas,2019,ok,ok,287069.19,287069.19,287069.19,new_observed,2716532.96,2716532.96,2788697.066773347,new_observed,12828054857.945,5358472.151188492,1,
3115706,Central de Minas,2020,ok,ok,293881.68,293881.68,293881.68,new_observed,2844080.0,2844080.0,2705363.0173316062,new_observed,12945081975.46,5116288.389651856,1,
3115706,Central de Minas,2021,ok,ok,275255.05,275255.05,275255.05,new_observed,3400974.55,3400974.55,3343467.892628147,new_observed,16790773533.8425,4915753.315911391,1,
3115706,Central de Minas,2022,ok,ok,291158.14,291158.14,291158.14,new_observed,3679408.69,3679408.69,3114363.729905048,new_observed,17457373501.01,4328773.033021334,1,
3115706,Central de Minas,2023,ok,ok,432949.66,432949.66,432949.66,new_observed,3615306.13,3615306.13,3134257.23745597,new_observed,17975926235.1,4403376.980926794,1,
3115706,Central de Minas,2024,ok,ok,493585.6,493585.6,493585.6,new_observed,4776980.14,4776980.14,4747642.810510226,new_observed,20140666841.11,5622401.2546734465,1,
3115706,Central de Minas,2025,ok,ok,639766.77,639766.77,639766.77,new_observed,4759928.0,4759928.0,4768019.24037583,new_observed,21654451288.89,5407786.010375829,1,
3115805,Centralina,2019,ok,ok,838191.42,838191.42,838191.42,new_observed,6782596.36,6782596.36,6962774.555932347,new_observed,12828054857.945,13590518.73410378,1,
3115805,Centralina,2020,ok,ok,916509.72,916509.72,916509.72,new_observed,7123290.17,7123290.17,6775859.254184049,new_observed,12945081975.46,13122096.408656128,1,
3115805,Centralina,2021,ok,ok,820984.79,820984.79,820984.79,new_observed,10278915.18,10278915.18,10105110.276517086,new_observed,16790773533.8425,14842249.297534462,1,
3115805,Centralina,2022,ok,ok,1501147.78,1501147.78,1501147.78,new_observed,11512217.1,11512217.1,9744291.653296243,new_observed,17457373501.01,14294124.901533738,1,
3115805,Centralina,2023,ok,ok,2108822.48,2108822.48,2108822.48,new_observed,10583054.94,10583054.94,9174884.601014176,new_observed,17975926235.1,13928661.120131109,1,
3115805,Centralina,2024,ok,ok,2312933.7,2312933.7,2312933.7,new_observed,12441799.44,12441799.44,12365389.41548251,new_observed,20140666841.11,15745816.788960967,2,
3115805,Centralina,2025,ok,ok,2460165.77,2460165.77,2460165.77,new_observed,13401713.8,13401713.8,13424494.919337075,new_observed,21654451288.89,15884660.689337075,3,
3115904,Chácara,2019,ok,ok,53399.9,53399.9,53399.9,new_observed,2222405.75,2222405.75,2281443.4749966073,new_observed,12828054857.945,4067667.0975092943,5,
3115904,Chácara,2020,ok,ok,52691.45,52691.45,52691.45,new_observed,2512250.23,2512250.23,2389717.892086306,new_observed,12945081975.46,4166405.8190420433,1,
3115904,Chácara,2021,ok,ok,61848.39,61848.39,61848.39,new_observed,3079381.14,3079381.14,3027312.2657606066,new_observed,16790773533.8425,4196384.187928324,1,
3115904,Chácara,2022,ok,ok,125355.06,125355.06,125355.06,new_observed,3343864.51,3343864.51,2830348.902519093,new_observed,17457373501.01,3757007.6174268364,1,
3115904,Chácara,2023,ok,ok,100978.89,100978.89,100978.89,new_observed,3356505.84,3356505.84,2909892.646237189,new_observed,17975926235.1,3716633.993012785,1,
3115904,Chácara,2024,ok,ok,189482.42,189482.42,189482.42,new_observed,4528679.24,4528679.24,4500866.824808051,new_observed,20140666841.11,5031458.927831436,1,
3115904,Chácara,2025,ok,ok,183528.55,183528.55,183528.55,new_observed,3809240.94,3809240.94,3815716.139644825,new_observed,21654451288.89,3999244.6896448247,1,
3116001,Chalé,2019,ok,ok,103885.6,103885.6,103885.6,new_observed,2912023.21,2912023.21,2989380.4727121387,new_observed,12828054857.945,5388959.603267282,1,
3116001,Chalé,2020,ok,ok,149586.52,149586.52,149586.52,new_observed,2951635.83,2951635.83,2807672.9259067536,new_observed,12945081975.46,5044667.47302818,1,
3116001,Chalé,2021,ok,ok,294674.87,294674.87,294674.87,new_observed,3748990.0,3748990.0,3685598.7924943445,new_observed,16790773533.8425,5406891.813726764,1,
3116001,Chalé,2022,ok,ok,323205.88,323205.88,323205.88,new_observed,4120144.64,4120144.64,3487416.0795599716,new_observed,17457373501.01,4843697.4442457585,4,
3116001,Chalé,2023,ok,ok,371712.98,371712.98,371712.98,new_observed,4465697.11,4465697.11,3871496.0736405775,new_observed,17975926235.1,5237837.223679484,4,
3116001,Chalé,2024,ok,ok,509362.42,509362.42,509362.42,new_observed,5765440.49,5765440.49,5730032.633498254,new_observed,20140666841.11,6693160.425301301,1,
3116001,Chalé,2025,ok,ok,272636.73,272636.73,272636.73,new_observed,6035093.81,6035093.81,6045352.661543005,new_observed,21654451288.89,6317989.391543005,1,
3116100,Chapada do Norte,2019,ok,ok,399976.76,399976.76,399976.76,new_observed,3152462.29,3152462.29,3236206.764535847,new_observed,12828054857.945,6334807.825506213,1,
3116100,Chapada do Norte,2020,ok,partial,,,375990.53535652696,imputed_temporal,3585944.3,3585944.3,3411043.6736769266,new_observed,12945081975.46,6460146.173511775,1,
3116100,Chapada do Norte,2021,ok,ok,410286.76,410286.76,410286.76,new_observed,4324029.89,4324029.89,4250915.404227126,new_observed,16790773533.8425,6331880.157227991,1,
3116100,Chapada do Norte,2022,ok,ok,605762.35,605762.35,605762.35,new_observed,4380764.02,4380764.02,3708012.2711676885,new_observed,17457373501.01,5483256.888073709,1,
3116100,Chapada do Norte,2023,ok,ok,728310.62,728310.62,728310.62,new_observed,4482590.26,4482590.26,3886141.438582585,new_observed,17975926235.1,5696101.335990313,1,
3116100,Chapada do Norte,2024,ok,ok,1166218.41,1166218.41,1166218.41,new_observed,5060062.36,5060062.36,5028986.510332741,new_observed,20140666841.11,6645756.526693153,1,
3116100,Chapada do Norte,2025,ok,ok,1103556.99,1103556.99,1103556.99,new_observed,5258443.17,5258443.17,5267381.8194272835,new_observed,21654451288.89,6370938.809427284,1,
3116159,Chapada Gaúcha,2019,ok,ok,493850.02,493850.02,493850.02,new_observed,9807401.54,9807401.54,10067933.027128227,new_observed,12828054857.945,18400299.502701063,1,
3116159,Chapada Gaúcha,2020,ok,ok,462953.57,462953.57,462953.57,new_observed,8765860.91,8765860.91,8338315.350126149,new_observed,12945081975.46,15013723.29850501,1,
3116159,Chapada Gaúcha,2021,ok,ok,538459.82,538459.82,538459.82,new_observed,11986108.73,11986108.73,11783437.10225792,new_observed,16790773533.8425,16738337.42295754,1,
3116159,Chapada Gaúcha,2022,ok,ok,988603.17,988603.17,988603.17,new_observed,13616189.46,13616189.46,11525158.025796639,new_observed,17457373501.01,15906293.976477567,1,
3116159,Chapada Gaúcha,2023,ok,ok,1082320.2,1082320.2,1082320.2,new_observed,16247118.46,16247118.46,14085293.690208053,new_observed,17975926235.1,18722973.962446485,1,
3116159,Chapada Gaúcha,2024,ok,ok,1457745.62,1457745.62,1457745.62,new_observed,18936096.93,18936096.93,18819802.849094376,new_observed,20140666841.11,21752250.622338228,1,
3116159,Chapada Gaúcha,2025,ok,ok,2349318.28,2349318.28,2349318.28,new_observed,17919260.87,17919260.87,17949721.214580085,new_observed,21654451288.89,20299039.494580086,1,
3116209,Chiador,2019,ok,partial,,,170741.55033652298,imputed_temporal,2960036.06,2960036.06,3038668.7736214087,new_observed,12828054857.945,5591301.29111521,1,
3116209,Chiador,2020,ok,ok,179614.41,179614.41,179614.41,new_observed,3500690.98,3500690.98,3329948.4938533157,new_observed,12945081975.46,5986819.266101483,1,
3116209,Chiador,2021,ok,ok,85399.93,85399.93,85399.93,new_observed,4766646.08,4766646.08,4686047.4518992845,new_observed,16790773533.8425,6481639.700284275,1,
3116209,Chiador,2022,ok,ok,168630.69,168630.69,168630.69,new_observed,6729465.66,6729465.66,5696024.970019173,new_observed,17457373501.01,7454588.236062262,1,
3116209,Chiador,2023,ok,ok,619288.43,619288.43,619288.43,new_observed,6660434.71,6660434.71,5774204.1596960025,new_observed,17975926235.1,7892157.339477925,1,
3116209,Chiador,2024,ok,ok,721497.28,721497.28,721497.28,new_observed,8292139.22,8292139.22,8241213.904561653,new_observed,20140666841.11,9614532.0643352,1,
3116209,Chiador,2025,ok,ok,301412.37,301412.37,301412.37,new_observed,8371156.62,8371156.62,8385386.465585088,new_observed,21654451288.89,8686798.835585088,1,
3116308,Cipotânea,2019,ok,ok,92010.81,92010.81,92010.81,new_observed,2367492.25,2367492.25,2430384.1662880583,new_observed,12828054857.945,4394411.703091039,1,
3116308,Cipotânea,2020,ok,ok,207743.92,207743.92,207743.92,new_observed,2154230.56,2154230.56,2049160.25140979,new_observed,12945081975.46,3849960.164642105,1,
3116308,Cipotânea,2021,ok,ok,159510.91,159510.91,159510.91,new_observed,2771569.63,2771569.63,2724705.502453193,new_observed,16790773533.8425,3917983.393065678,1,
3116308,Cipotânea,2022,ok,ok,168452.9,168452.9,168452.9,new_observed,2992775.01,2992775.01,2533176.0421836195,new_observed,17457373501.01,3434051.8008420463,1,
3116308,Cipotânea,2023,ok,ok,210751.81,210751.81,210751.81,new_observed,2985820.7,2985820.7,2588530.48738112,new_observed,17975926235.1,3455447.240863617,1,
3116308,Cipotânea,2024,ok,ok,319488.61,319488.61,319488.61,new_observed,3986562.55,3986562.55,3962079.4883934376,new_observed,20140666841.11,4592948.820948947,1,
3116308,Cipotânea,2025,ok,ok,400541.6,400541.6,400541.6,new_observed,4095376.74,4095376.74,4102338.332199068,new_observed,21654451288.89,4502879.932199067,1,
3116407,Claraval,2019,ok,ok,92778.13,92778.13,92778.13,new_observed,5715127.62,5715127.62,5866948.741210686,new_observed,12828054857.945,10382788.483275006,1,
3116407,Claraval,2020,ok,ok,181510.82,181510.82,181510.82,new_observed,6377772.71,6377772.71,6066703.616839461,new_observed,12945081975.46,10658572.475829702,1,
3116407,Claraval,2021,ok,ok,123357.99,123357.99,123357.99,new_observed,8257584.83,8257584.83,8117958.3510139035,new_observed,16790773533.8425,11195186.471333237,4,
3116407,Claraval,2022,ok,ok,149075.51,149075.51,149075.51,new_observed,8406629.25,8406629.25,7115627.382768093,new_observed,17457373501.01,9234194.104882784,1,
3116407,Claraval,2023,ok,ok,221796.45,221796.45,221796.45,new_observed,8278295.81,8278295.81,7176794.335890424,new_observed,17975926235.1,9132855.282692246,1,
3116407,Claraval,2024,ok,ok,232156.13,232156.13,232156.13,new_observed,8287861.99,8287861.99,8236962.942727343,new_observed,20140666841.11,9085043.041626498,1,
3116407,Claraval,2025,ok,ok,232816.78,232816.78,232816.78,new_observed,9432354.7,9432354.7,9448388.44025569,new_observed,21654451288.89,9681205.22025569,1,
3116506,Claro dos Poções,2019,ok,ok,395085.26,395085.26,395085.26,new_observed,2797470.16,2797470.16,2871784.345873707,new_observed,12828054857.945,5691404.46420092,1,
3116506,Claro dos Poções,2020,ok,ok,332727.16,332727.16,332727.16,new_observed,3148068.87,3148068.87,2994525.1529179555,new_observed,12945081975.46,5675823.114122616,1,
3116506,Claro dos Poções,2021,ok,ok,468764.52,468764.52,468764.52,new_observed,3815776.77,3815776.77,3751256.2732735937,new_observed,16790773533.8425,5732569.621006591,1,
3116506,Claro dos Poções,2022,ok,ok,463112.2,463112.2,463112.2,new_observed,3744978.84,3744978.84,3169864.3046249584,new_observed,17457373501.01,4617891.5665748175,1,
3116506,Claro dos Poções,2023,ok,ok,576060.12,576060.12,576060.12,new_observed,3885604.17,3885604.17,3368589.699957607,new_observed,17975926235.1,4869294.300649053,1,
3116506,Claro dos Poções,2024,ok,ok,546070.47,546070.47,546070.47,new_observed,4428286.74,4428286.74,4401090.874964109,new_observed,20140666841.11,5306947.908856817,1,
3116506,Claro dos Poções,2025,ok,ok,873458.87,873458.87,873458.87,new_observed,4156695.76,4156695.76,4163761.586324128,new_observed,21654451288.89,5037220.4563241275,1,
3116605,Cláudio,2019,ok,ok,2285108.34,2285108.34,2285108.34,new_observed,11076175.97,11076175.97,11370412.17368643,new_observed,12828054857.945,23790080.34873698,1,
3116605,Cláudio,2020,ok,ok,2764009.59,2764009.59,2764009.59,new_observed,14730695.66,14730695.66,14012221.617581502,new_observed,12945081975.46,28617884.037880655,1,
3116605,Cláudio,2021,ok,ok,3231972.65,3231972.65,3231972.65,new_observed,19865212.56,19865212.56,19529314.14161667,new_observed,16790773533.8425,30919435.611458823,1,
3116605,Cláudio,2022,ok,ok,4101277.04,4101277.04,4101277.04,new_observed,20513629.49,20513629.49,17363361.62546993,new_observed,17457373501.01,27283791.609073974,1,
3116605,Cláudio,2023,ok,ok,4599669.6,4599669.6,4599669.6,new_observed,22277154.13,22277154.13,19312979.053830404,new_observed,17975926235.1,29517886.02740179,1,
3116605,Cláudio,2024,ok,ok,5732644.05,5732644.05,5732644.05,new_observed,25714046.77,25714046.77,25556126.611134328,new_observed,20140666841.11,33564273.41910597,1,
3116605,Cláudio,2025,ok,ok,6742245.9,6742245.9,6742245.9,new_observed,28939561.82,28939561.82,28988755.200878203,new_observed,21654451288.89,35731001.1008782,1,
3116704,Coimbra,2019,ok,ok,357806.71,357806.71,357806.71,new_observed,4995146.31,4995146.31,5127841.284429219,new_observed,12828054857.945,9556867.965710979,1,
3116704,Coimbra,2020,ok,ok,456400.86,456400.86,456400.86,new_observed,5324419.63,5324419.63,5064726.715055988,new_observed,12945081975.46,9418264.85020622,1,
3116704,Coimbra,2021,ok,ok,415667.31,415667.31,415667.31,new_observed,6298821.77,6298821.77,6192315.7729546055,new_observed,16790773533.8425,8976430.433198376,1,
3116704,Coimbra,2022,ok,ok,674829.02,674829.02,674829.02,new_observed,7448265.63,7448265.63,6304439.186604837,new_observed,17457373501.01,8871376.886449575,1,
3116704,Coimbra,2023,ok,ok,801719.85,801719.85,801719.85,new_observed,7065237.12,7065237.12,6125143.979910376,new_observed,17975926235.1,8550553.308358599,1,
3116704,Coimbra,2024,ok,ok,984377.08,984377.08,984377.08,new_observed,7240290.25,7240290.25,7195824.756227642,new_observed,20140666841.11,8775114.05060308,1,
3116704,Coimbra,2025,ok,ok,1042493.55,1042493.55,1042493.55,new_observed,7445131.72,7445131.72,7457787.447224495,new_observed,21654451288.89,8500280.997224495,1,
3116803,Coluna,2019,ok,ok,537435.79,537435.79,537435.79,new_observed,3379116.52,3379116.52,3468882.014819861,new_observed,12828054857.945,6979640.3867369015,1,
3116803,Coluna,2020,ok,ok,249521.14,249521.14,249521.14,new_observed,3653113.64,3653113.64,3474936.9004267273,new_observed,12945081975.46,6353400.056665647,1,
3116803,Coluna,2021,ok,ok,307730.19,307730.19,307730.19,new_observed,4311387.23,4311387.23,4238486.517398963,new_observed,16790773533.8425,6175681.368416015,1,
3116803,Coluna,2022,ok,ok,401003.58,401003.58,401003.58,new_observed,4091310.5,4091310.5,3463009.9840797205,new_observed,17457373501.01,4911563.735129767,1,
3116803,Coluna,2023,ok,ok,509153.76,509153.76,509153.76,new_observed,3941839.16,3941839.16,3417342.120380097,new_observed,17975926235.1,4846884.992205028,1,
3116803,Coluna,2024,ok,ok,845885.89,845885.89,845885.89,new_observed,4023885.37,4023885.37,3999173.094154371,new_observed,20140666841.11,5197420.066038399,1,
3116803,Coluna,2025,ok,ok,839697.45,839697.45,839697.45,new_observed,4591255.83,4591255.83,4599060.3502674205,new_observed,21654451288.89,5438757.800267421,1,
3116902,Comendador Gomes,2019,ok,ok,731263.85,731263.85,731263.85,new_observed,6284451.72,6284451.72,6451396.812002131,new_observed,12828054857.945,12513332.911439016,1,
3116902,Comendador Gomes,2020,ok,ok,775554.05,775554.05,775554.05,new_observed,6861187.23,6861187.23,6526540.106828882,new_observed,12945081975.46,12456342.621182825,1,
3116902,Comendador Gomes,2021,ok,ok,761752.42,761752.42,761752.42,new_observed,8654407.06,8654407.06,8508070.763082998,new_observed,16790773533.8425,12592332.923132831,3,
3116902,Comendador Gomes,2022,ok,ok,1333817.89,1333817.89,1333817.89,new_observed,8161244.67,8161244.67,6907926.390511648,new_observed,17457373501.01,10476115.482274488,2,
3116902,Comendador Gomes,2023,ok,ok,2046827.75,2046827.75,2046827.75,new_observed,7708336.67,7708336.67,6682673.369265898,new_observed,17975926235.1,10775737.261262849,1,
3116902,Comendador Gomes,2024,ok,ok,1966215.31,1966215.31,1966215.31,new_observed,9414941.84,9414941.84,9357120.948392285,new_observed,20140666841.11,12146835.62704654,1,
3116902,Comendador Gomes,2025,ok,partial,,,2143692.758460892,imputed_temporal,9635223.61,9635223.61,9651602.200244093,new_observed,21654451288.89,11795294.958704986,1,
3117009,Comercinho,2019,ok,partial,,,96009.2639634277,imputed_temporal,2857633.9,2857633.9,2933546.3225309364,new_observed,12828054857.945,5277965.84183147,1,
3117009,Comercinho,2020,ok,ok,100998.54,100998.54,100998.54,new_observed,3065967.1,3065967.1,2916427.8095888426,new_observed,12945081975.46,5147303.723756188,1,
3117009,Comercinho,2021,ok,ok,127831.03,127831.03,127831.03,new_observed,3734588.71,3734588.71,3671441.0121230017,new_observed,16790773533.8425,5161015.207633355,1,
3117009,Comercinho,2022,ok,ok,256093.36,256093.36,256093.36,new_observed,4150665.78,4150665.78,3513250.103290386,new_observed,17457373501.01,4791228.175710291,1,
3117009,Comercinho,2023,ok,ok,283051.71,283051.71,283051.71,new_observed,3891356.61,3891356.61,3373576.726243824,new_observed,17975926235.1,4513759.349210031,1,
3117009,Comercinho,2024,ok,ok,347716.51,347716.51,347716.51,new_observed,5052049.86,5052049.86,5021023.218272831,new_observed,20140666841.11,5759185.942693511,2,
3117009,Comercinho,2025,ok,ok,281082.97,281082.97,281082.97,new_observed,4822389.57,4822389.57,4830586.986682934,new_observed,21654451288.89,5111669.9566829335,3,
3117108,Conceição da Aparecida,2019,ok,ok,665669.77,665669.77,665669.77,new_observed,6815154.57,6815154.57,6996197.667694035,new_observed,12828054857.945,13348187.041381806,5,
3117108,Conceição da Aparecida,2020,ok,ok,625226.58,625226.58,625226.58,new_observed,6777844.82,6777844.82,6447262.634398681,new_observed,12945081975.46,12064668.97674579,1,
3117108,Conceição da Aparecida,2021,ok,ok,707074.79,707074.79,707074.79,new_observed,9469602.53,9469602.53,9309482.193862716,new_observed,16790773533.8425,13606712.640918046,1,
3117108,Conceição da Aparecida,2022,ok,ok,1123192.01,1123192.01,1123192.01,new_observed,9937979.48,9937979.48,8411808.920593876,new_observed,17457373501.01,12119979.396678757,1,
3117108,Conceição da Aparecida,2023,ok,ok,975075.25,975075.25,975075.25,new_observed,9267126.75,9267126.75,8034052.454254911,new_observed,17975926235.1,11120909.63365143,1,
3117108,Conceição da Aparecida,2024,ok,ok,1223566.6,1223566.6,1223566.6,new_observed,9241426.91,9241426.91,9184671.642389797,new_observed,20140666841.11,11165186.320749525,1,
3117108,Conceição da Aparecida,2025,ok,ok,1344216.08,1344216.08,1344216.08,new_observed,10126164.82,10126164.82,10143377.944577493,new_observed,21654451288.89,11487594.024577493,1,
3117207,Conceição das Pedras,2019,ok,ok,63418.98,63418.98,63418.98,new_observed,2354667.45,2354667.45,2417218.678267639,new_observed,12828054857.945,4321663.838968403,1,
3117207,Conceição das Pedras,2020,ok,ok,55268.44,55268.44,55268.44,new_observed,2551036.81,2551036.81,2426612.697823407,new_observed,12945081975.46,4233739.1348025445,1,
3117207,Conceição das Pedras,2021,ok,ok,54395.96,54395.96,54395.96,new_observed,2957240.2,2957240.2,2907236.5917849164,new_observed,16790773533.8425,4023147.1897028945,1,
3117207,Conceição das Pedras,2022,ok,ok,88983.35,88983.35,88983.35,new_observed,3285289.92,3285289.92,2780769.583133929,new_observed,17457373501.01,3647754.9059846117,2,
3117207,Conceição das Pedras,2023,ok,ok,121601.48,121601.48,121601.48,new_observed,3203434.08,3203434.08,2777188.456224344,new_observed,17975926235.1,3578279.9385187826,1,
3117207,Conceição das Pedras,2024,ok,ok,145633.15,145633.15,145633.15,new_observed,3759016.09,3759016.09,3735930.4814444464,new_observed,20140666841.11,4163853.6850950886,1,
3117207,Conceição das Pedras,2025,ok,ok,125751.21,125751.21,125751.21,new_observed,4139572.73,4139572.73,4146609.4494654336,new_observed,21654451288.89,4272360.659465434,1,
3117306,Conceição das Alagoas,2019,ok,ok,3391550.47,3391550.47,3391550.47,new_observed,37751678.99,37751678.99,38754544.124942996,new_observed,12828054857.945,73425174.51416332,1,
3117306,Conceição das Alagoas,2020,ok,ok,3413501.23,3413501.23,3413501.23,new_observed,30135978.3,30135978.3,28666127.951368388,new_observed,12945081975.46,54723322.33211759,1,
3117306,Conceição das Alagoas,2021,ok,ok,3707646.81,3707646.81,3707646.81,new_observed,37798173.06,37798173.06,37159048.43395908,new_observed,16790773533.8425,55514223.067304686,1,
3117306,Conceição das Alagoas,2022,ok,ok,4908741.77,4908741.77,4908741.77,new_observed,40600815.07,40600815.07,34365768.119819894,new_observed,17457373501.01,49921993.10143388,1,
3117306,Conceição das Alagoas,2023,ok,ok,5869818.85,5869818.85,5869818.85,new_observed,43745708.96,43745708.96,37924950.19378137,new_observed,17975926235.1,54060468.99884716,1,
3117306,Conceição das Alagoas,2024,ok,ok,8722851.92,8722851.92,8722851.92,new_observed,50872627.09,50872627.09,50560198.112024456,new_observed,20140666841.11,63594460.83527497,1,
3117306,Conceição das Alagoas,2025,ok,ok,8600434.77,8600434.77,8600434.77,new_observed,55735202.06,55735202.06,55829944.44208286,new_observed,21654451288.89,64430379.21208286,1,
3117405,Conceição de Ipanema,2019,ok,ok,51443.7,51443.7,51443.7,new_observed,2211655.92,2211655.92,2270408.078102578,new_observed,12828054857.945,4045033.677299674,1,
3117405,Conceição de Ipanema,2020,ok,ok,87242.13,87242.13,87242.13,new_observed,2673412.56,2673412.56,2543019.700533675,new_observed,12945081975.46,4486855.666453816,4,
3117405,Conceição de Ipanema,2021,ok,ok,122839.1,122839.1,122839.1,new_observed,3349239.31,3349239.31,3292607.4373926288,new_observed,16790773533.8425,4639618.149189476,3,
3117405,Conceição de Ipanema,2022,ok,ok,183871.96,183871.96,183871.96,new_observed,3370800.23,3370800.23,2853148.1174132884,new_observed,17457373501.01,3860368.8697549184,2,
3117405,Conceição de Ipanema,2023,ok,ok,335755.65,335755.65,335755.65,new_observed,3498478.66,3498478.66,3032974.7097212668,new_observed,17975926235.1,4158376.6087481207,2,
3117405,Conceição de Ipanema,2024,ok,ok,439194.83,439194.83,439194.83,new_observed,5552384.09,5552384.09,5518284.697344349,new_observed,20140666841.11,6390742.350030786,2,
3117405,Conceição de Ipanema,2025,ok,ok,439194.83,439194.83,439194.83,new_observed,5552384.09,5552384.09,5561822.399640634,new_observed,21654451288.89,6001017.229640634,2,
3117504,Conceição do Mato Dentro,2019,ok,ok,23805518.33,23805518.33,23805518.33,new_observed,56999474.01,56999474.01,58513652.62997237,new_observed,12828054857.945,143413038.66200823,1,
3117504,Conceição do Mato Dentro,2020,ok,ok,23326233.11,23326233.11,23326233.11,new_observed,45542252.19,45542252.19,43320977.187988855,new_observed,12945081975.46,113690739.7231235,1,
3117504,Conceição do Mato Dentro,2021,ok,ok,30151473.48,30151473.48,30151473.48,new_observed,69527587.18,69527587.18,68351953.82107002,new_observed,16790773533.8425,133809235.20831946,1,
3117504,Conceição do Mato Dentro,2022,ok,ok,44692218.58,44692218.58,44692218.58,new_observed,209036605.27,209036605.27,176934957.90362078,new_observed,17457373501.01,281711227.1176536,1,
3117504,Conceição do Mato Dentro,2023,ok,ok,61624452.64,61624452.64,61624452.64,new_observed,250836862.26,250836862.26,217460768.93332162,new_observed,17975926235.1,344504110.8406824,1,
3117504,Conceição do Mato Dentro,2024,ok,ok,90972660.04,90972660.04,90972660.04,new_observed,229024893.04,229024893.04,227618360.345377,new_observed,20140666841.11,341760826.36476094,1,
3117504,Conceição do Mato Dentro,2025,ok,ok,87667266.43,87667266.43,87667266.43,new_observed,170055937.45,170055937.45,170345009.77782616,new_observed,21654451288.89,258012276.20782617,1,
3117603,Conceição do Pará,2019,ok,ok,1289464.44,1289464.44,1289464.44,new_observed,8985914.85,8985914.85,9224623.722021786,new_observed,12828054857.945,18317207.455952004,1,
3117603,Conceição do Pará,2020,ok,ok,2375534.39,2375534.39,2375534.39,new_observed,8169878.15,8169878.15,7771401.016538058,new_observed,12945081975.46,17309240.50885407,1,
3117603,Conceição do Pará,2021,ok,ok,1951582.36,1951582.36,1951582.36,new_observed,9859802.64,9859802.64,9693084.45853858,new_observed,16790773533.8425,15818373.065151367,1,
3117603,Conceição do Pará,2022,ok,ok,2922494.72,2922494.72,2922494.72,new_observed,12452957.39,12452957.39,10540562.925470786,new_observed,17457373501.01,17112948.64753006,1,
3117603,Conceição do Pará,2023,ok,ok,2269132.52,2269132.52,2269132.52,new_observed,12574149.12,12574149.12,10901045.849804873,new_observed,17975926235.1,16257330.156447576,1,
3117603,Conceição do Pará,2024,ok,ok,2273540.46,2273540.46,2273540.46,new_observed,13001267.51,13001267.51,12921421.57019135,new_observed,20140666841.11,16300028.713105932,1,
3117603,Conceição do Pará,2025,ok,ok,3316066.46,3316066.46,3316066.46,new_observed,13548498.94,13548498.94,13571529.574424557,new_observed,21654451288.89,16887596.03442456,1,
3117702,Conceição do Rio Verde,2019,ok,partial,,,418178.7288282318,imputed_temporal,5615332.63,5615332.63,5764502.71902376,new_observed,12828054857.945,10771210.68124975,1,
3117702,Conceição do Rio Verde,2020,ok,ok,439910.06,439910.06,439910.06,new_observed,6221965.51,6221965.51,5918495.747611456,new_observed,12945081975.46,10846543.411119562,1,
3117702,Conceição do Rio Verde,2021,ok,ok,514449.14,514449.14,514449.14,new_observed,7750127.03,7750127.03,7619081.092093011,new_observed,16790773533.8425,11048767.436016802,1,
3117702,Conceição do Rio Verde,2022,ok,ok,676633.51,676633.51,676633.51,new_observed,8682130.46,8682130.46,7348820.009154197,new_observed,17457373501.01,10201187.394650169,1,
3117702,Conceição do Rio Verde,2023,ok,ok,868148.93,868148.93,868148.93,new_observed,8416112.28,8416112.28,7296273.089004517,new_observed,17975926235.1,10078200.96072801,1,
3117702,Conceição do Rio Verde,2024,ok,ok,1023520.93,1023520.93,1023520.93,new_observed,17449359.92,17449359.92,17342196.480681475,new_observed,20140666841.11,19701380.00582603,1,
3117702,Conceição do Rio Verde,2025,ok,ok,1029726.63,1029726.63,1029726.63,new_observed,19703590.65,19703590.65,19737084.116333123,new_observed,21654451288.89,20766810.746333122,1,
3117801,Conceição dos Ouros,2019,ok,ok,824364.77,824364.77,824364.77,new_observed,4705521.85,4705521.85,4830523.013692016,new_observed,12828054857.945,9851710.493370757,1,
3117801,Conceição dos Ouros,2020,ok,ok,795489.7,795489.7,795489.7,new_observed,6024283.42,6024283.42,5730455.391687986,new_observed,12945081975.46,11132341.797191218,1,
3117801,Conceição dos Ouros,2021,ok,ok,756417.96,756417.96,756417.96,new_observed,8189887.96,8189887.96,8051406.159002816,new_observed,16790773533.8425,11964743.17193991,1,
3117801,Conceição dos Ouros,2022,ok,ok,870642.38,870642.38,870642.38,new_observed,6262206.19,6262206.19,5300522.30412134,new_observed,17457373501.01,7844193.133225392,1,
3117801,Conceição dos Ouros,2023,ok,ok,1162999.99,1162999.99,1162999.99,new_observed,6242016.2,6242016.2,5411459.983657708,new_observed,17975926235.1,8115544.3298439225,1,
3117801,Conceição dos Ouros,2024,ok,ok,1653671.97,1653671.97,1653671.97,new_observed,7152533.04,7152533.04,7108606.498056919,new_observed,20140666841.11,9399522.706129396,1,
3117801,Conceição dos Ouros,2025,ok,ok,2100667.16,2100667.16,2100667.16,new_observed,8332962.88,8332962.88,8347127.801340185,new_observed,21654451288.89,10447794.961340185,2,
3117836,Cônego Marinho,2019,ok,partial,,,21763.323824931165,imputed_temporal,2918329.78,2918329.78,2995854.5753714344,new_observed,12828054857.945,5257168.499122135,1,
3117836,Cônego Marinho,2020,ok,ok,22894.29,22894.29,22894.29,new_observed,3117948.26,3117948.26,2965873.64369407,new_observed,12945081975.46,5098416.508705449,1,
3117836,Cônego Marinho,2021,ok,ok,31420.37,31420.37,31420.37,new_observed,3742037.63,3742037.63,3678763.979257453,new_observed,16790773533.8425,5039996.514422025,1,
3117836,Cônego Marinho,2022,ok,ok,146070.73,146070.73,146070.73,new_observed,4124808.24,4124808.24,3491363.49283055,new_observed,17457373501.01,4623557.790752585,1,
3117836,Cônego Marinho,2023,ok,ok,161518.94,161518.94,161518.94,new_observed,3957998.36,3957998.36,3431351.193949614,new_observed,17975926235.1,4435055.800821649,1,
3117836,Cônego Marinho,2024,ok,ok,284633.26,284633.26,284633.26,new_observed,4457276.78,4457276.78,4429902.875631627,new_observed,20140666841.11,5057404.831093431,1,
3117836,Cônego Marinho,2025,ok,ok,317757.82,317757.82,317757.82,new_observed,5074113.08,5074113.08,5082738.392951041,new_observed,21654451288.89,5400496.212951042,1,
3117876,Confins,2019,ok,partial,,,8270336.0184112275,imputed_temporal,10095253.0,10095253.0,10363431.19850636,new_observed,12828054857.945,32462974.87128581,1,
3117876,Confins,2020,ok,ok,8700117.35,8700117.35,8700117.35,new_observed,10814059.18,10814059.18,10286614.923914712,new_observed,12945081975.46,32388687.050737735,1,
3117876,Confins,2021,ok,ok,10904242.4,10904242.4,10904242.4,new_observed,13950461.86,13950461.86,13714575.228516055,new_observed,16790773533.8425,33442746.601458017,2,
3117876,Confins,2022,ok,ok,18499214.62,18499214.62,18499214.62,new_observed,12327452.34,12327452.34,10434331.623494945,new_observed,17457373501.01,36777551.13991053,2,
3117876,Confins,2023,ok,ok,19071332.44,19071332.44,19071332.44,new_observed,9826731.96,9826731.96,8519197.174091008,new_observed,17975926235.1,34057879.59226913,1,
3117876,Confins,2024,ok,ok,24128686.91,24128686.91,24128686.91,new_observed,9787540.02,9787540.02,9727430.855204292,new_observed,20140666841.11,36318333.049508534,1,
3117876,Confins,2025,ok,partial,76110.4,76110.4,76110.4,new_observed,,,10458373.429549765,imputed_temporal,21654451288.89,10534483.829549765,1,
3117900,Congonhal,2019,ok,ok,415039.34,415039.34,415039.34,new_observed,4915267.88,4915267.88,5045840.901323445,new_observed,12828054857.945,9513718.615537656,5,
3117900,Congonhal,2020,ok,ok,502109.14,502109.14,502109.14,new_observed,5304202.88,5304202.88,5045496.0155747365,new_observed,12945081975.46,9463431.867727218,1,
3117900,Congonhal,2021,ok,ok,613253.36,613253.36,613253.36,new_observed,6706738.85,6706738.85,6593335.43357942,new_observed,16790773533.8425,9789589.675721189,1,
3117900,Congonhal,2022,ok,ok,718475.32,718475.32,718475.32,new_observed,7087515.05,7087515.05,5999088.893513528,new_observed,17457373501.01,8538723.850819755,1,
3117900,Congonhal,2023,ok,ok,1028066.5,1028066.5,1028066.5,new_observed,6352208.83,6352208.83,5506990.496337089,new_observed,17975926235.1,8066905.109215218,1,
3117900,Congonhal,2024,ok,ok,1624394.91,1624394.91,1624394.91,new_observed,6085950.42,6085950.42,6048574.184910614,new_observed,20140666841.11,8230992.371900151,1,
3117900,Congonhal,2025,ok,ok,1561825.91,1561825.91,1561825.91,new_observed,6903717.16,6903717.16,6915452.554953097,new_observed,21654451288.89,8477278.464953097,1,
3118007,Congonhas,2019,ok,ok,34352207.35,34352207.35,34352207.35,new_observed,123553473.02,123553473.02,126835644.13683161,new_observed,12828054857.945,280814776.2854338,1,
3118007,Congonhas,2020,ok,ok,29948831.57,29948831.57,29948831.57,new_observed,158836299.94,158836299.94,151089228.03418553,new_observed,12945081975.46,308825393.0271387,1,
3118007,Congonhas,2021,ok,ok,47161594.51,47161594.51,47161594.51,new_observed,230657773.09,230657773.09,226757609.3774426,new_observed,16790773533.8425,372097907.50755197,1,
3118007,Congonhas,2022,ok,ok,72813436.67,72813436.67,72813436.67,new_observed,305063301.62,305063301.62,258214882.3186075,new_observed,17457373501.01,420771475.01749015,1,
3118007,Congonhas,2023,ok,ok,76967602.56,76967602.56,76967602.56,new_observed,358673742.07,358673742.07,310948985.10525674,new_observed,17975926235.1,478846061.28763115,1,
3118007,Congonhas,2024,ok,ok,118290651.22,118290651.22,118290651.22,new_observed,329789467.38,329789467.38,327764099.4732404,new_observed,20140666841.11,478494466.09150666,1,
3118007,Congonhas,2025,ok,ok,138724487.04,138724487.04,138724487.04,new_observed,259512433.14,259512433.14,259953569.53472114,new_observed,21654451288.89,398678056.5747211,1,
3118106,Congonhas do Norte,2019,ok,ok,203292.2,203292.2,203292.2,new_observed,1725987.53,1725987.53,1771838.0130379037,new_observed,12828054857.945,3440989.7755486397,1,
3118106,Congonhas do Norte,2020,ok,ok,260619.45,260619.45,260619.45,new_observed,1905283.33,1905283.33,1812355.1582657348,new_observed,12945081975.46,3536202.2744423165,1,
3118106,Congonhas do Norte,2021,ok,ok,156858.28,156858.28,156858.28,new_observed,2265022.45,2265022.45,2226723.4659715234,new_observed,16790773533.8425,3237910.18468954,1,
3118106,Congonhas do Norte,2022,ok,ok,198468.87,198468.87,198468.87,new_observed,2553016.96,2553016.96,2160951.416912712,new_observed,17457373501.01,2999068.9538094127,1,
3118106,Congonhas do Norte,2023,ok,ok,163515.63,163515.63,163515.63,new_observed,2507457.71,2507457.71,2173817.981821161,new_observed,17975926235.1,2885215.6095515112,1,
3118106,Congonhas do Norte,2024,ok,ok,445223.77,445223.77,445223.77,new_observed,3159876.24,3159876.24,3140470.186869583,new_observed,20140666841.11,3846466.633957663,1,
3118106,Congonhas do Norte,2025,ok,ok,396890.55,396890.55,396890.55,new_observed,3465380.7,3465380.7,3471271.383270306,new_observed,21654451288.89,3868161.933270306,1,
3118205,Conquista,2019,ok,ok,682742.12,682742.12,682742.12,new_observed,15001568.05,15001568.05,15400081.439849624,new_observed,12828054857.945,28018826.842953727,1,
3118205,Conquista,2020,ok,ok,785053.63,785053.63,785053.63,new_observed,14075514.77,14075514.77,13388996.479938252,new_observed,12945081975.46,24178930.140758306,1,
3118205,Conquista,2021,ok,ok,928956.29,928956.29,928956.29,new_observed,17887531.09,17887531.09,17585073.04260855,new_observed,16790773533.8425,25149867.101059057,1,
3118205,Conquista,2022,ok,ok,1496678.5,1496678.5,1496678.5,new_observed,23219280.43,23219280.43,19653507.0980892,new_observed,17457373501.01,26884089.005412087,1,
3118205,Conquista,2023,ok,ok,1819013.37,1819013.37,1819013.37,new_observed,20804033.44,20804033.44,18035870.278458554,new_observed,17975926235.1,24508961.809575364,1,
3118205,Conquista,2024,ok,ok,1784042.21,1784042.21,1784042.21,new_observed,19532413.22,19532413.22,19412456.924270965,new_observed,20140666841.11,22738032.765034217,1,
3118205,Conquista,2025,ok,ok,5152220.14,5152220.14,5152220.14,new_observed,22712704.9,22712704.9,22751313.457720026,new_observed,21654451288.89,27903533.597720027,1,
3118304,Conselheiro Lafaiete,2019,ok,ok,1604131.94,1604131.94,1604131.94,new_observed,3561015.32,3561015.32,3655612.91684786,new_observed,12828054857.945,9163308.907401493,1,
3118304,Conselheiro Lafaiete,2020,ok,ok,17653952.46,17653952.46,17653952.46,new_observed,34038043.18,34038043.18,32377873.759355675,new_observed,12945081975.46,85347238.19864006,1,
3118304,Conselheiro Lafaiete,2021,ok,ok,23922896.59,23922896.59,23922896.59,new_observed,41324306.29,41324306.29,40625558.71397108,new_observed,16790773533.8425,87684049.93365078,1,
3118304,Conselheiro Lafaiete,2022,ok,ok,31650956.25,31650956.25,31650956.25,new_observed,46236273.27,46236273.27,39135791.810630925,new_observed,17457373501.01,89977330.29054894,1,
3118304,Conselheiro Lafaiete,2023,ok,ok,38884959.79,38884959.79,38884959.79,new_observed,47246912.19,47246912.19,40960286.94503782,new_observed,17975926235.1,98561348.30873667,1,
3118304,Conselheiro Lafaiete,2024,ok,ok,44344152.9,44344152.9,44344152.9,new_observed,64551878.93,64551878.93,64155440.241570905,new_observed,20140666841.11,116390319.37387773,1,
3118304,Conselheiro Lafaiete,2025,ok,ok,50503061.56,50503061.56,50503061.56,new_observed,72137788.52,72137788.52,72260413.10320716,new_observed,21654451288.89,122763474.66320716,1,
3118403,Conselheiro Pena,2019,ok,ok,1100273.36,1100273.36,1100273.36,new_observed,6544291.82,6544291.82,6718139.507699111,new_observed,12828054857.945,13620913.983889464,1,
3118403,Conselheiro Pena,2020,ok,ok,1383649.38,1383649.38,1383649.38,new_observed,6662903.91,6662903.91,6337927.845260385,new_observed,12945081975.46,13171921.564968599,1,
3118403,Conselheiro Pena,2021,ok,ok,2458549.61,2458549.61,2458549.61,new_observed,8487266.47,8487266.47,8343756.332614848,new_observed,16790773533.8425,14674091.41257236,1,
3118403,Conselheiro Pena,2022,ok,ok,2558248.91,2558248.91,2558248.91,new_observed,8902235.88,8902235.88,7535123.9494222505,new_observed,17457373501.01,12829728.281062156,1,
3118403,Conselheiro Pena,2023,ok,ok,2997127.08,2997127.08,2997127.08,new_observed,8818296.85,8818296.85,7644943.396300353,new_observed,17975926235.1,13136621.875832763,1,
3118403,Conselheiro Pena,2024,ok,ok,2947016.49,2947016.49,2947016.49,new_observed,10111987.66,10111987.66,10049885.93357793,new_observed,20140666841.11,13942113.331038611,1,
3118403,Conselheiro Pena,2025,ok,ok,2555979.25,2555979.25,2555979.25,new_observed,10886647.75,10886647.75,10905153.593750628,new_observed,21654451288.89,13461132.843750628,1,
3118502,Consolação,2019,ok,partial,,,495632.52561294916,imputed_temporal,1758469.98,1758469.98,1805183.3522516824,new_observed,12828054857.945,4008385.806105956,1,
3118502,Consolação,2020,ok,partial,,,522253.5990418372,imputed_temporal,1918246.43,1918246.43,1824685.996825118,new_observed,12945081975.46,4003547.8986530723,4,
3118502,Consolação,2021,ok,ok,646924.9,646924.9,646924.9,new_observed,2382745.81,2382745.81,2342456.2562602083,new_observed,16790773533.8425,4060841.508009082,1,
3118502,Consolação,2022,ok,ok,665618.99,665618.99,665618.99,new_observed,2421943.79,2421943.79,2050007.0883522232,new_observed,17457373501.01,3451843.618924797,1,
3118502,Consolação,2023,ok,partial,,,991916.8235368156,imputed_temporal,2529940.72,2529940.72,2193309.425775949,new_observed,17975926235.1,3931858.2713187677,1,
3118502,Consolação,2024,ok,ok,1271913.87,1271913.87,1271913.87,new_observed,3273553.1,3273553.1,3253448.912190467,new_observed,20140666841.11,4854473.68281424,1,
3118502,Consolação,2025,ok,ok,624036.69,624036.69,624036.69,new_observed,3336135.64,3336135.64,3341806.6239706846,new_observed,21654451288.89,3965843.3139706845,1,
3118601,Contagem,2019,ok,ok,157919960.75,157919960.75,157919960.75,new_observed,483078359.01,483078359.01,495911230.4651989,new_observed,12828054857.945,1139077529.7016387,1,
3118601,Contagem,2020,ok,ok,164901658.19,164901658.19,164901658.19,new_observed,519117029.15,519117029.15,493797647.15811914,new_observed,12945081975.46,1123648100.877751,1,
3118601,Contagem,2021,ok,ok,217252862.93,217252862.93,217252862.93,new_observed,652180534.89,652180534.89,641152895.0140971,new_observed,16790773533.8425,1166077375.336865,1,
3118601,Contagem,2022,ok,ok,238452140.21,238452140.21,238452140.21,new_observed,638860097.76,638860097.76,540750670.7137057,new_observed,17457373501.01,990447938.3874881,1,
3118601,Contagem,2023,ok,ok,299208297.0,299208297.0,299208297.0,new_observed,589008497.72,589008497.72,510635636.5185535,new_observed,17975926235.1,999675162.5317866,1,
3118601,Contagem,2024,ok,ok,354527359.75,354527359.75,354527359.75,new_observed,608489303.65,608489303.65,604752329.5222024,new_observed,20140666841.11,1029044129.7561654,1,
3118601,Contagem,2025,ok,ok,385618616.34,385618616.34,385618616.34,new_observed,727331275.84,727331275.84,728567641.6391634,new_observed,21654451288.89,1114186257.9791634,1,
3118700,Coqueiral,2019,ok,ok,354814.02,354814.02,354814.02,new_observed,5166638.7,5166638.7,5303889.332440738,new_observed,12828054857.945,9858357.818679025,1,
3118700,Coqueiral,2020,ok,ok,317202.12,317202.12,317202.12,new_observed,5405111.09,5405111.09,5141482.5347581385,new_observed,12945081975.46,9311746.036179448,1,
3118700,Coqueiral,2021,ok,ok,395839.26,395839.26,395839.26,new_observed,7686186.68,7686186.68,7556221.901550581,new_observed,16790773533.8425,10802255.835267825,2,
3118700,Coqueiral,2022,ok,ok,549510.0,549510.0,549510.0,new_observed,9555605.55,9555605.55,8088155.964593152,new_observed,17457373501.01,10979373.183945976,2,
3118700,Coqueiral,2023,ok,ok,646981.44,646981.44,646981.44,new_observed,8336312.47,8336312.47,7227091.3591463845,new_observed,17975926235.1,9719792.517397977,1,
3118700,Coqueiral,2024,ok,ok,969993.93,969993.93,969993.93,new_observed,9314219.13,9314219.13,9257016.81649891,new_observed,20140666841.11,10970778.899345225,1,
3118700,Coqueiral,2025,ok,ok,1798379.56,1798379.56,1798379.56,new_observed,10127311.25,10127311.25,10144526.323355017,new_observed,21654451288.89,11942905.883355018,1,
3118809,Coração de Jesus,2019,ok,ok,1280134.68,1280134.68,1280134.68,new_observed,5516920.4,5516920.4,5663476.189555248,new_observed,12828054857.945,12096870.297365803,1,
3118809,Coração de Jesus,2020,ok,ok,875982.18,875982.18,875982.18,new_observed,6121215.45,6121215.45,5822659.664829697,new_observed,12945081975.46,11426938.09799175,3,
3118809,Coração de Jesus,2021,ok,ok,4389669.31,4389669.31,4389669.31,new_observed,7696097.54,7696097.54,7565965.180046544,new_observed,16790773533.8425,16240798.430837508,1,
3118809,Coração de Jesus,2022,ok,ok,3616548.48,3616548.48,3616548.48,new_observed,8011160.49,8011160.49,6780890.563288948,new_observed,17457373501.01,13216228.073827416,1,
3118809,Coração de Jesus,2023,ok,ok,2923215.35,2923215.35,2923215.35,new_observed,7875871.93,7875871.93,6827916.560935551,new_observed,17975926235.1,12036843.118131554,1,
3118809,Coração de Jesus,2024,ok,ok,3298950.99,3298950.99,3298950.99,new_observed,12555942.68,12555942.68,12478831.656578856,new_observed,20140666841.11,16925235.46010738,1,
3118809,Coração de Jesus,2025,ok,ok,3184670.31,3184670.31,3184670.31,new_observed,13724393.54,13724393.54,13747723.17169708,new_observed,21654451288.89,16932393.48169708,1,
3118908,Cordisburgo,2019,ok,ok,729816.37,729816.37,729816.37,new_observed,3557235.1,3557235.1,3651732.2761264024,new_observed,12828054857.945,7633351.964780361,1,
3118908,Cordisburgo,2020,ok,ok,1553048.8,1553048.8,1553048.8,new_observed,4021114.4,4021114.4,3824988.814034616,new_observed,12945081975.46,9174173.560522282,1,
3118908,Cordisburgo,2021,ok,ok,1295592.88,1295592.88,1295592.88,new_observed,5205789.65,5205789.65,5117765.5976728555,new_observed,16790773533.8425,8712048.062970035,1,
3118908,Cordisburgo,2022,ok,ok,1515576.38,1515576.38,1515576.38,new_observed,6127598.39,6127598.39,5186586.156929624,new_observed,17457373501.01,8519146.715565128,1,
3118908,Cordisburgo,2023,ok,ok,1746596.93,1746596.93,1746596.93,new_observed,5765033.92,5765033.92,4997944.4722539075,new_observed,17975926235.1,8325493.645679167,1,
3118908,Cordisburgo,2024,ok,ok,2543911.43,2543911.43,2543911.43,new_observed,6301823.84,6301823.84,6263121.840627528,new_observed,20140666841.11,9447532.340210801,1,
3118908,Cordisburgo,2025,ok,ok,2394375.02,2394375.02,2394375.02,new_observed,6365884.64,6365884.64,6376705.79167016,new_observed,21654451288.89,8771080.81167016,1,
3119005,Cordislândia,2019,ok,ok,35419.81,35419.81,35419.81,new_observed,2278859.88,2278859.88,2339397.2966716597,new_observed,12828054857.945,4137307.6716225417,1,
3119005,Cordislândia,2020,ok,ok,82805.68,82805.68,82805.68,new_observed,2513812.95,2513812.95,2391204.3920773207,new_observed,12945081975.46,4220312.206907427,1,
3119005,Cordislândia,2021,ok,partial,,,177303.16636248544,imputed_temporal,3195779.49,3195779.49,3141742.450479247,new_observed,16790773533.8425,4508665.005672272,1,
3119005,Cordislândia,2022,ok,ok,347972.05,347972.05,347972.05,new_observed,3350665.37,3350665.37,2836105.357835875,new_observed,17457373501.01,4047294.0549569,1,
3119005,Cordislândia,2023,ok,ok,217202.67,217202.67,217202.67,new_observed,3421692.38,3421692.38,2966405.5326797296,new_observed,17975926235.1,3929860.94694068,1,
3119005,Cordislândia,2024,ok,ok,125670.56,125670.56,125670.56,new_observed,3999211.97,3999211.97,3974651.2232887237,new_observed,20140666841.11,4398521.211687309,2,
3119005,Cordislândia,2025,ok,ok,130173.38,130173.38,130173.38,new_observed,4131517.26,4131517.26,4138540.2862448404,new_observed,21654451288.89,4268713.66624484,1,
3119104,Corinto,2019,ok,ok,1740712.43,1740712.43,1740712.43,new_observed,6686255.98,6686255.98,6863874.914708104,new_observed,12828054857.945,14990554.486236095,1,
3119104,Corinto,2020,ok,ok,4704135.51,4704135.51,4704135.51,new_observed,7207774.6,7207774.6,6856223.045801141,new_observed,12945081975.46,19720341.02848611,1,
3119104,Corinto,2021,ok,ok,4237920.78,4237920.78,4237920.78,new_observed,9469660.46,9469660.46,9309539.144331524,new_observed,16790773533.8425,18403169.32272332,1,
3119104,Corinto,2022,ok,ok,7134563.62,7134563.62,7134563.62,new_observed,15230806.55,15230806.55,12891819.173400994,new_observed,17457373501.01,25455618.579672705,1,
3119104,Corinto,2023,ok,ok,10019970.6,10019970.6,10019970.6,new_observed,18709654.86,18709654.86,16220167.545053305,new_observed,17975926235.1,32390950.00816195,1,
3119104,Corinto,2024,ok,ok,9815925.15,9815925.15,9815925.15,new_observed,15399790.62,15399790.62,15305214.398568926,new_observed,20140666841.11,26948096.029066414,1,
3119104,Corinto,2025,ok,ok,8567296.34,8567296.34,8567296.34,new_observed,12625576.0,12625576.0,12647037.788980698,new_observed,21654451288.89,21214334.128980696,1,
3119203,Coroaci,2019,ok,ok,316556.14,316556.14,316556.14,new_observed,3727154.72,3727154.72,3826165.7738452163,new_observed,12828054857.945,7217277.956857987,1,
3119203,Coroaci,2020,ok,ok,442386.84,442386.84,442386.84,new_observed,3228589.11,3228589.11,3071118.103693836,new_observed,12945081975.46,5993543.830017705,1,
3119203,Coroaci,2021,ok,ok,312772.37,312772.37,312772.37,new_observed,4408257.92,4408257.92,4333719.232901563,new_observed,16790773533.8425,6311897.0052261595,1,
3119203,Coroaci,2022,ok,ok,954856.76,954856.76,954856.76,new_observed,4571850.86,4571850.86,3869754.000314437,new_observed,17457373501.01,6132582.832203626,1,
3119203,Coroaci,2023,ok,ok,638821.89,638821.89,638821.89,new_observed,4858765.28,4858765.28,4212262.999686775,new_observed,17975926235.1,5988202.0162617145,1,
3119203,Coroaci,2024,ok,ok,323081.45,323081.45,323081.45,new_observed,5160008.32,5160008.32,5128318.6625559125,new_observed,20140666841.11,5847857.874520223,1,
3119203,Coroaci,2025,ok,ok,983394.51,983394.51,983394.51,new_observed,5821896.59,5821896.59,5831793.034810282,new_observed,21654451288.89,6815187.544810282,2,
3119302,Coromandel,2019,ok,ok,2252695.78,2252695.78,2252695.78,new_observed,24614992.48,24614992.48,25268884.397273798,new_observed,12828054857.945,47946953.25493656,1,
3119302,Coromandel,2020,ok,ok,3014620.27,3014620.27,3014620.27,new_observed,26863261.15,26863261.15,25553034.10597835,new_observed,12945081975.46,48732388.70220968,1,
3119302,Coromandel,2021,ok,ok,3516390.13,3516390.13,3516390.13,new_observed,19780048.27,19780048.27,19445589.884046596,new_observed,16790773533.8425,31192061.725500137,2,
3119302,Coromandel,2022,ok,ok,6568450.04,6568450.04,6568450.04,new_observed,37994581.81,37994581.81,32159772.803595264,new_observed,17457373501.01,49227605.361662306,2,
3119302,Coromandel,2023,ok,ok,7084499.2,7084499.2,7084499.2,new_observed,40817125.99,40817125.99,35386041.44327597,new_observed,17975926235.1,52425835.22965549,1,
3119302,Coromandel,2024,ok,ok,8762193.17,8762193.17,8762193.17,new_observed,49866434.78,49866434.78,49560185.2280349,new_observed,20140666841.11,62563923.53042466,1,
3119302,Coromandel,2025,ok,ok,10436647.04,10436647.04,10436647.04,new_observed,58171877.03,58171877.03,58270761.433327734,new_observed,21654451288.89,68707408.47332773,6,
3119401,Coronel Fabriciano,2019,ok,ok,12900001.79,12900001.79,12900001.79,new_observed,22975852.42,22975852.42,23586200.93837231,new_observed,12828054857.945,63564746.11555884,1,
3119401,Coronel Fabriciano,2020,ok,ok,12876038.2,12876038.2,12876038.2,new_observed,24266908.13,24266908.13,23083315.44818911,new_observed,12945081975.46,61341585.01081908,1,
3119401,Coronel Fabriciano,2021,ok,ok,17445303.19,17445303.19,17445303.19,new_observed,30590999.29,30590999.29,30073739.872450806,new_observed,16790773533.8425,64550919.53890493,1,
3119401,Coronel Fabriciano,2022,ok,ok,21567564.19,21567564.19,21567564.19,new_observed,34342079.1,34342079.1,29068183.115741402,new_observed,17457373501.01,64363309.300987534,1,
3119401,Coronel Fabriciano,2023,ok,ok,30303033.84,30303033.84,30303033.84,new_observed,34007035.02,34007035.02,29482094.130671486,new_observed,17975926235.1,73799043.306281,1,
3119401,Coronel Fabriciano,2024,ok,ok,33017676.0,33017676.0,33017676.0,new_observed,52029397.15,52029397.15,51709863.98833527,new_observed,20140666841.11,90889423.20860173,1,
3119401,Coronel Fabriciano,2025,ok,ok,37476636.21,37476636.21,37476636.21,new_observed,57312184.55,57312184.55,57409607.591201045,new_observed,21654451288.89,94886243.80120105,1,
3119500,Coronel Murta,2019,ok,ok,178098.87,178098.87,178098.87,new_observed,3741073.69,3741073.69,3840454.498253517,new_observed,12828054857.945,7000956.676870771,1,
3119500,Coronel Murta,2020,ok,ok,266130.4,266130.4,266130.4,new_observed,3701033.37,3701033.37,3520519.396468511,new_observed,12945081975.46,6459490.419900007,1,
3119500,Coronel Murta,2021,ok,ok,217385.75,217385.75,217385.75,new_observed,4703309.04,4703309.04,4623781.370062799,new_observed,16790773533.8425,6576348.53527811,1,
3119500,Coronel Murta,2022,ok,ok,304222.44,304222.44,304222.44,new_observed,4976486.27,4976486.27,4212249.751918278,new_observed,17457373501.01,5740906.614501262,1,
3119500,Coronel Murta,2023,ok,partial,,,321630.14831854624,imputed_temporal,4902594.32,4902594.32,4250260.192978605,new_observed,17975926235.1,5643562.951884515,1,
3119500,Coronel Murta,2024,ok,ok,302194.81,302194.81,302194.81,new_observed,6280717.08,6280717.08,6242144.705611185,new_observed,20140666841.11,7020282.235705773,1,
3119500,Coronel Murta,2025,ok,ok,423380.73,423380.73,423380.73,new_observed,6202017.31,6202017.31,6212559.909146514,new_observed,21654451288.89,6635940.639146514,1,
3119609,Coronel Pacheco,2019,ok,ok,157274.65,157274.65,157274.65,new_observed,1912687.54,1912687.54,1963497.6681644712,new_observed,12828054857.945,3694721.398568616,1,
3119609,Coronel Pacheco,2020,ok,ok,224228.83,224228.83,224228.83,new_observed,2342544.23,2342544.23,2228289.1220730585,new_observed,12945081975.46,4183649.681790806,1,
3119609,Coronel Pacheco,2021,ok,ok,239130.83,239130.83,239130.83,new_observed,2823768.83,2823768.83,2776022.0726465443,new_observed,16790773533.8425,4095850.418545751,1,
3119609,Coronel Pacheco,2022,ok,ok,423111.14,423111.14,423111.14,new_observed,3036856.67,3036856.67,2570488.103611078,new_observed,17457373501.01,3805176.467058779,1,
3119609,Coronel Pacheco,2023,ok,ok,433583.92,433583.92,433583.92,new_observed,3072668.99,3072668.99,2663822.8337842105,new_observed,17975926235.1,3823453.472773771,1,
3119609,Coronel Pacheco,2024,ok,ok,368327.34,368327.34,368327.34,new_observed,4677647.67,4677647.67,4648920.380601668,new_observed,20140666841.11,5382131.376444288,1,
3119609,Coronel Pacheco,2025,ok,ok,451294.61,451294.61,451294.61,new_observed,4264794.31,4264794.31,4272043.889387688,new_observed,21654451288.89,4723338.499387688,1,
3119708,Coronel Xavier Chaves,2019,ok,partial,,,185468.15842803623,imputed_temporal,2629742.24,2629742.24,2699600.7701883256,new_observed,12828054857.945,5026247.190990367,1,
3119708,Coronel Xavier Chaves,2020,ok,ok,195106.31,195106.31,195106.31,new_observed,2975150.22,2975150.22,2830040.4264978454,new_observed,12945081975.46,5160473.614809523,1,
3119708,Coronel Xavier Chaves,2021,ok,ok,260860.46,260860.46,260860.46,new_observed,3571115.96,3571115.96,3510732.4026026423,new_observed,16790773533.8425,5123415.197722097,1,
3119708,Coronel Xavier Chaves,2022,ok,ok,364284.26,364284.26,364284.26,new_observed,3959422.01,3959422.01,3351375.5438055834,new_observed,17457373501.01,4722990.652543778,1,
3119708,Coronel Xavier Chaves,2023,ok,ok,962580.2,962580.2,962580.2,new_observed,4353612.69,4353612.69,3774325.490580975,new_observed,17975926235.1,5847258.675576403,1,
3119708,Coronel Xavier Chaves,2024,ok,ok,1430503.06,1430503.06,1430503.06,new_observed,4461322.8,4461322.8,4433924.0474182395,new_observed,20140666841.11,6290922.612830661,1,
3119708,Coronel Xavier Chaves,2025,ok,ok,4259465.91,4259465.91,4259465.91,new_observed,5073926.33,5073926.33,5082551.3255010415,new_observed,21654451288.89,9342017.235501042,1,
3119807,Córrego Danta,2019,ok,ok,919543.29,919543.29,919543.29,new_observed,2874973.94,2874973.94,2951346.996919121,new_observed,12828054857.945,6743704.19308837,1,
3119807,Córrego Danta,2020,ok,ok,676481.83,676481.83,676481.83,new_observed,3316715.25,3316715.25,3154945.98477179,new_observed,12945081975.46,6535875.402879392,1,
3119807,Córrego Danta,2021,ok,ok,522304.64,522304.64,522304.64,new_observed,4460864.09,4460864.09,4385435.891689597,new_observed,16790773533.8425,6666783.330686428,1,
3119807,Córrego Danta,2022,ok,ok,928667.5,928667.5,928667.5,new_observed,4685396.53,4685396.53,3965862.5183208357,new_observed,17457373501.01,6221457.492273098,1,
3119807,Córrego Danta,2023,ok,ok,892918.52,892918.52,892918.52,new_observed,4641042.95,4641042.95,4023510.577617809,new_observed,17975926235.1,6068863.214031212,1,
3119807,Córrego Danta,2024,ok,ok,1260410.17,1260410.17,1260410.17,new_observed,5430424.44,5430424.44,5397074.049921636,new_observed,20140666841.11,7141655.485953573,1,
3119807,Córrego Danta,2025,ok,ok,1096777.73,1096777.73,1096777.73,new_observed,6150965.81,6150965.81,6161421.628430914,new_observed,21654451288.89,7258199.358430915,1,
3119906,Córrego do Bom Jesus,2019,ok,ok,60683.57,60683.57,60683.57,new_observed,1880807.29,1880807.29,1930770.526262611,new_observed,12828054857.945,3469428.5665218555,1,
3119906,Córrego do Bom Jesus,2020,ok,ok,68740.43,68740.43,68740.43,new_observed,2245379.34,2245379.34,2135863.3464306383,new_observed,12945081975.46,3760743.068136406,2,
3119906,Córrego do Bom Jesus,2021,ok,partial,,,88637.52132068369,imputed_temporal,2744854.79,2744854.79,2698442.3803734654,new_observed,16790773533.8425,3786031.007533493,2,
3119906,Córrego do Bom Jesus,2022,ok,ok,127193.19,127193.19,127193.19,new_observed,2935170.67,2935170.67,2484417.971989162,new_observed,17457373501.01,3319629.8255078886,1,
3119906,Córrego do Bom Jesus,2023,ok,ok,139484.93,139484.93,139484.93,new_observed,3019637.79,3019637.79,2617847.910379598,new_observed,17975926235.1,3403664.6337334793,1,
3119906,Córrego do Bom Jesus,2024,ok,ok,206443.58,206443.58,206443.58,new_observed,3212090.42,3212090.42,3192363.6988831554,new_observed,20140666841.11,3645988.4615724315,1,
3119906,Córrego do Bom Jesus,2025,ok,ok,515866.02,515866.02,515866.02,new_observed,3369316.31,3369316.31,3375043.6966677005,new_observed,21654451288.89,3890909.7166677006,1,
3119955,Córrego Fundo,2019,ok,ok,495370.56,495370.56,495370.56,new_observed,5939002.55,5939002.55,6096770.8599951705,new_observed,12828054857.945,11484554.828557404,1,
3119955,Córrego Fundo,2020,ok,ok,495657.58,495657.58,495657.58,new_observed,7421615.57,7421615.57,7059634.149507198,new_observed,12945081975.46,12888261.964921143,1,
3119955,Córrego Fundo,2021,ok,ok,584017.22,584017.22,584017.22,new_observed,9530426.24,9530426.24,9369277.443284834,new_observed,16790773533.8425,13520775.70485432,1,
3119955,Córrego Fundo,2022,ok,ok,788847.17,788847.17,788847.17,new_observed,8930049.8,8930049.8,7558666.499579809,new_observed,17457373501.01,10610559.393254323,1,
3119955,Córrego Fundo,2023,ok,ok,1182797.87,1182797.87,1182797.87,new_observed,9532615.41,9532615.41,8264215.467882608,new_observed,17975926235.1,11661437.720421463,1,
3119955,Córrego Fundo,2024,ok,ok,1320468.82,1320468.82,1320468.82,new_observed,13344078.56,13344078.56,13262127.281581633,new_observed,20140666841.11,15643127.94563883,1,
3119955,Córrego Fundo,2025,ok,ok,1244709.67,1244709.67,1244709.67,new_observed,15612292.57,15612292.57,15638831.377310038,new_observed,21654451288.89,16883541.04731004,1,
3120003,Córrego Novo,2019,ok,ok,112331.99,112331.99,112331.99,new_observed,2169948.81,2169948.81,2227593.0278038355,new_observed,12828054857.945,4076520.1244273367,1,
3120003,Córrego Novo,2020,ok,ok,211135.33,211135.33,211135.33,new_observed,2256634.17,2256634.17,2146569.234045739,new_observed,12945081975.46,4021911.415893624,4,
3120003,Córrego Novo,2021,ok,ok,170435.87,170435.87,170435.87,new_observed,2533918.72,2533918.72,2491073.002251491,new_observed,16790773533.8425,3615452.54265747,1,
3120003,Córrego Novo,2022,ok,ok,482040.2,482040.2,482040.2,new_observed,2609396.28,2609396.28,2208672.5928184823,new_observed,17457373501.01,3420176.237917661,1,
3120003,Córrego Novo,2023,ok,ok,522020.93,522020.93,522020.93,new_observed,2783926.42,2783926.42,2413500.0513579985,new_observed,17975926235.1,3623620.91348221,1,
3120003,Córrego Novo,2024,ok,ok,636929.17,636929.17,636929.17,new_observed,3020434.18,3020434.18,3001884.4958598367,new_observed,20140666841.11,3903449.5194727816,1,
3120003,Córrego Novo,2025,ok,ok,191797.06,191797.06,191797.06,new_observed,3458105.45,3458105.45,3463983.7663192637,new_observed,21654451288.89,3655780.826319264,1,
3120102,Couto de Magalhães de Minas,2019,ok,ok,281291.35,281291.35,281291.35,new_observed,2587142.88,2587142.88,2655869.767462549,new_observed,12828054857.945,5117000.03757357,1,
3120102,Couto de Magalhães de Minas,2020,ok,ok,389474.42,389474.42,389474.42,new_observed,2868332.36,2868332.36,2728432.494219391,new_observed,12945081975.46,5318709.393544423,1,
3120102,Couto de Magalhães de Minas,2021,ok,ok,316337.33,316337.33,316337.33,new_observed,3870877.71,3870877.71,3805425.518304736,new_observed,16790773533.8425,5599093.8544300785,5,
3120102,Couto de Magalhães de Minas,2022,ok,ok,919316.76,919316.76,919316.76,new_observed,5459539.14,5459539.14,4621120.43324358,new_observed,17457373501.01,7042472.7925561415,1,
3120102,Couto de Magalhães de Minas,2023,ok,ok,534077.43,534077.43,534077.43,new_observed,5095074.7,5095074.7,4417129.332794235,new_observed,17975926235.1,6111792.927583142,1,
3120102,Couto de Magalhães de Minas,2024,ok,ok,438926.09,438926.09,438926.09,new_observed,4418777.09,4418777.09,4391639.627496085,new_observed,20140666841.11,5181872.764096652,1,
3120102,Couto de Magalhães de Minas,2025,ok,ok,729202.07,729202.07,729202.07,new_observed,4496620.57,4496620.57,4504264.222994493,new_observed,21654451288.89,5233466.292994494,1,
3120151,Crisólita,2019,ok,absent_dca,,,163455.0262942231,imputed_temporal,,,3164566.678958674,imputed_temporal,12828054857.945,5797941.110406883,1,
3120151,Crisólita,2020,ok,ok,171949.23,171949.23,171949.23,new_observed,3363028.93,3363028.93,3199000.7641973095,new_observed,12945081975.46,5750365.194528117,4,
3120151,Crisólita,2021,ok,ok,126787.75,126787.75,126787.75,new_observed,4180993.51,4180993.51,4110297.608657983,new_observed,16790773533.8425,5755750.504208435,1,
3120151,Crisólita,2022,ok,ok,265243.64,265243.64,265243.64,new_observed,4549442.39,4549442.39,3850786.787892414,new_observed,17457373501.01,5231903.420386116,1,
3120151,Crisólita,2023,ok,ok,603410.06,603410.06,603410.06,new_observed,4621698.54,4621698.54,4006740.1147948406,new_observed,17975926235.1,5690791.070398742,1,
3120151,Crisólita,2024,ok,ok,397765.87,397765.87,397765.87,new_observed,5752134.44,5752134.44,5716808.301228204,new_observed,20140666841.11,6559261.837009046,1,
3120151,Crisólita,2025,ok,ok,1344243.0,1344243.0,1344243.0,new_observed,5332743.4,5332743.4,5341808.349871515,new_observed,21654451288.89,6686051.349871515,1,
3120201,Cristais,2019,ok,ok,403667.53,403667.53,403667.53,new_observed,6097148.99,6097148.99,6259118.4257499585,new_observed,12828054857.945,11607628.802934375,1,
3120201,Cristais,2020,ok,ok,403543.39,403543.39,403543.39,new_observed,6711609.94,6711609.94,6384258.290354421,new_observed,12945081975.46,11579032.200791785,1,
3120201,Cristais,2021,ok,ok,450666.62,450666.62,450666.62,new_observed,8950975.98,8950975.98,8799625.035952052,new_observed,16790773533.8425,12565800.864508573,1,
3120201,Cristais,2022,ok,ok,558308.67,558308.67,558308.67,new_observed,10913861.55,10913861.55,9237825.267115213,new_observed,17457373501.01,12451906.648901295,1,
3120201,Cristais,2023,ok,ok,689492.89,689492.89,689492.89,new_observed,11249348.64,11249348.64,9752521.950771974,new_observed,17975926235.1,12889672.257906595,1,
3120201,Cristais,2024,ok,ok,885935.36,885935.36,885935.36,new_observed,11974075.07,11974075.07,11900537.526328346,new_observed,20140666841.11,13716380.124700967,1,
3120201,Cristais,2025,ok,ok,904194.35,904194.35,904194.35,new_observed,13357172.09,13357172.09,13379877.494392991,new_observed,21654451288.89,14284071.84439299,1,
3120300,Cristália,2019,ok,ok,261760.46,261760.46,261760.46,new_observed,2486465.44,2486465.44,2552517.853183456,new_observed,12828054857.945,4902918.722668897,1,
3120300,Cristália,2020,ok,ok,100734.34,100734.34,100734.34,new_observed,2573589.69,2573589.69,2448065.5850439905,new_observed,12945081975.46,4347893.146447831,1,
3120300,Cristália,2021,ok,ok,127051.64,127051.64,127051.64,new_observed,3185745.86,3185745.86,3131878.477886006,new_observed,16790773533.8425,4427002.781729076,1,
3120300,Cristália,2022,ok,ok,362973.37,362973.37,362973.37,new_observed,3419497.99,3419497.99,2894367.386662669,new_observed,17457373501.01,4140419.402796497,1,
3120300,Cristália,2023,ok,ok,533261.72,533261.72,533261.72,new_observed,3662965.7,3662965.7,3175575.274389827,new_observed,17975926235.1,4578205.839070612,1,
3120300,Cristália,2024,ok,ok,1044941.05,1044941.05,1044941.05,new_observed,3494116.94,3494116.94,3472658.182178038,new_observed,20140666841.11,4846145.521949686,1,
3120300,Cristália,2025,ok,ok,1898890.94,1898890.94,1898890.94,new_observed,3689346.74,3689346.74,3695618.1355553796,new_observed,21654451288.89,5594509.0755553795,1,
3120409,Cristiano Otoni,2019,ok,ok,476267.89,476267.89,476267.89,new_observed,3338458.38,3338458.38,3427143.800180838,new_observed,12828054857.945,6800361.630340541,1,
3120409,Cristiano Otoni,2020,ok,ok,501944.98,501944.98,501944.98,new_observed,3540733.35,3540733.35,3368037.839766338,new_observed,12945081975.46,6601644.802952708,1,
3120409,Cristiano Otoni,2021,ok,ok,539764.19,539764.19,539764.19,new_observed,4538148.93,4538148.93,4461413.931903659,new_observed,16790773533.8425,6793711.020705152,1,
3120409,Cristiano Otoni,2022,ok,ok,832254.26,832254.26,832254.26,new_observed,4694126.92,4694126.92,3973252.186676467,new_observed,17457373501.01,6108299.25956789,1,
3120409,Cristiano Otoni,2023,ok,ok,852508.94,852508.94,852508.94,new_observed,4423034.4,4423034.4,3834510.0196858644,new_observed,17975926235.1,5785678.260200472,1,
3120409,Cristiano Otoni,2024,ok,ok,1208076.06,1208076.06,1208076.06,new_observed,5875395.78,5875395.78,5839312.644456403,new_observed,20140666841.11,7559916.109485085,1,
3120409,Cristiano Otoni,2025,ok,ok,1773058.97,1773058.97,1773058.97,new_observed,6483832.11,6483832.11,6494853.75657922,new_observed,21654451288.89,8267912.72657922,1,
3120508,Cristina,2019,ok,ok,232116.96,232116.96,232116.96,new_observed,5239457.42,5239457.42,5378642.46588705,new_observed,12828054857.945,9774831.902270129,1,
3120508,Cristina,2020,ok,ok,257974.22,257974.22,257974.22,new_observed,4409230.29,4409230.29,4194174.763531375,new_observed,12945081975.46,7594738.159813249,1,
3120508,Cristina,2021,ok,ok,334006.34,334006.34,334006.34,new_observed,5701940.62,5701940.62,5605527.212381588,new_observed,16790773533.8425,8068393.800239881,1,
3120508,Cristina,2022,ok,ok,376094.47,376094.47,376094.47,new_observed,6097221.28,6097221.28,5160874.04458384,new_observed,17457373501.01,7038063.74066451,1,
3120508,Cristina,2023,ok,ok,526786.6,526786.6,526786.6,new_observed,6153737.86,6153737.86,5334927.868227804,new_observed,17975926235.1,7235727.923874491,1,
3120508,Cristina,2024,ok,ok,601588.44,601588.44,601588.44,new_observed,6980210.59,6980210.59,6937342.3485618355,new_observed,20140666841.11,8087206.014435086,1,
3120508,Cristina,2025,ok,ok,568706.75,568706.75,568706.75,new_observed,8227271.77,8227271.77,8241257.030602334,new_observed,21654451288.89,8809963.780602334,1,
3120607,Crucilândia,2019,ok,ok,125010.49,125010.49,125010.49,new_observed,2927577.93,2927577.93,3005348.4004631354,new_observed,12828054857.945,5453581.168865814,1,
3120607,Crucilândia,2020,ok,ok,243155.96,243155.96,243155.96,new_observed,3073558.43,3073558.43,2923648.880527199,new_observed,12945081975.46,5402122.358438307,1,
3120607,Crucilândia,2021,ok,ok,288242.33,288242.33,288242.33,new_observed,3513650.27,3513650.27,3454238.392836318,new_observed,16790773533.8425,5083868.622905941,1,
3120607,Crucilândia,2022,ok,ok,365238.54,365238.54,365238.54,new_observed,3467769.44,3467769.44,2935225.814126437,new_observed,17457373501.01,4195233.987144837,1,
3120607,Crucilândia,2023,ok,ok,380230.88,380230.88,380230.88,new_observed,3312476.77,3312476.77,2871722.0387301687,new_observed,17975926235.1,4014225.986052683,3,
3120607,Crucilândia,2024,ok,ok,578049.63,578049.63,578049.63,new_observed,3779076.72,3779076.72,3755867.911159992,new_observed,20140666841.11,4649105.421966738,5,
3120607,Crucilândia,2025,ok,ok,432249.78,432249.78,432249.78,new_observed,4453397.12,4453397.12,4460967.298915931,new_observed,21654451288.89,4893217.078915931,1,
3120706,Cruzeiro da Fortaleza,2019,ok,ok,101592.06,101592.06,101592.06,new_observed,4590018.84,4590018.84,4711951.691372962,new_observed,12828054857.945,8385955.884475423,1,
3120706,Cruzeiro da Fortaleza,2020,ok,ok,156351.44,156351.44,156351.44,new_observed,5226872.35,5226872.35,4971937.200079865,new_observed,12945081975.46,8748137.039757907,1,
3120706,Cruzeiro da Fortaleza,2021,ok,ok,236990.5,236990.5,236990.5,new_observed,6945582.77,6945582.77,6828140.771322816,new_observed,16790773533.8425,9597430.64748995,1,
3120706,Cruzeiro da Fortaleza,2022,ok,ok,240544.11,240544.11,240544.11,new_observed,7483009.77,7483009.77,6333847.686328401,new_observed,17457373501.01,8356736.795014785,1,
3120706,Cruzeiro da Fortaleza,2023,ok,ok,300680.12,300680.12,300680.12,new_observed,7535531.99,7535531.99,6532861.901168654,new_observed,17975926235.1,8435356.428490259,1,
3120706,Cruzeiro da Fortaleza,2024,ok,ok,419234.35,419234.35,419234.35,new_observed,9367175.8,9367175.8,9309648.258586936,new_observed,20140666841.11,10436423.9641609,1,
3120706,Cruzeiro da Fortaleza,2025,ok,ok,446964.15,446964.15,446964.15,new_observed,9395330.1,9395330.1,9411300.903392272,new_observed,21654451288.89,9858265.053392272,1,
3120805,Cruzília,2019,ok,ok,1015408.28,1015408.28,1015408.28,new_observed,5530419.58,5530419.58,5677333.972333575,new_observed,12828054857.945,11659817.417931551,1,
3120805,Cruzília,2020,ok,ok,971852.01,971852.01,971852.01,new_observed,5204637.51,5204637.51,4950786.840795918,new_observed,12945081975.46,10103186.450704554,1,
3120805,Cruzília,2021,ok,ok,1206883.36,1206883.36,1206883.36,new_observed,7161874.86,7161874.86,7040775.605166085,new_observed,16790773533.8425,11203802.432323338,1,
3120805,Cruzília,2022,ok,ok,1353814.49,1353814.49,1353814.49,new_observed,7909164.96,7909164.96,6694558.436034978,new_observed,17457373501.01,10230320.348196914,1,
3120805,Cruzília,2023,ok,ok,1813466.44,1813466.44,1813466.44,new_observed,7801816.72,7801816.72,6763715.060545923,new_observed,17975926235.1,10587713.20712306,1,
3120805,Cruzília,2024,ok,ok,1952061.13,1952061.13,1952061.13,new_observed,9826891.83,9826891.83,9766540.99013298,new_observed,20140666841.11,12570847.538552629,1,
3120805,Cruzília,2025,ok,ok,2174741.85,2174741.85,2174741.85,new_observed,11043278.62,11043278.62,11062050.715261038,new_observed,21654451288.89,13236792.565261038,1,
3120839,Cuparaque,2019,ok,ok,254766.1,254766.1,254766.1,new_observed,2326681.7,2326681.7,2388489.4929105607,new_observed,12828054857.945,4604970.046697601,1,
3120839,Cuparaque,2020,ok,ok,137601.73,137601.73,137601.73,new_observed,2583338.49,2583338.49,2457338.89767351,new_observed,12945081975.46,4426602.676671829,1,
3120839,Cuparaque,2021,ok,ok,150446.91,150446.91,150446.91,new_observed,3140118.6,3140118.6,3087022.7235732907,new_observed,16790773533.8425,4397850.384987514,1,
3120839,Cuparaque,2022,ok,ok,217194.41,217194.41,217194.41,new_observed,3412681.28,3412681.28,2888597.5154224937,new_observed,17457373501.01,3947785.0521979313,1,
3120839,Cuparaque,2023,ok,ok,265654.68,265654.68,265654.68,new_observed,3334654.79,3334654.79,2890949.074338753,new_observed,17975926235.1,3896526.528829948,1,
3120839,Cuparaque,2024,ok,ok,541151.58,541151.58,541151.58,new_observed,3678012.31,3678012.31,3655424.177781826,new_observed,20140666841.11,4501775.339263985,1,
3120839,Cuparaque,2025,ok,ok,479681.41,479681.41,479681.41,new_observed,3682486.81,3682486.81,3688746.5445927368,new_observed,21654451288.89,4168427.954592737,1,
3120870,Curral de Dentro,2019,ok,ok,477929.98,477929.98,477929.98,new_observed,2881797.68,2881797.68,2958352.0080868946,new_observed,12828054857.945,5986547.6761263255,1,
3120870,Curral de Dentro,2020,ok,ok,222598.77,222598.77,222598.77,new_observed,3032787.18,3032787.18,2884866.2049623826,new_observed,12945081975.46,5300896.9180789795,2,
3120870,Curral de Dentro,2021,ok,ok,213324.91,213324.91,213324.91,new_observed,3886812.28,3886812.28,3821090.6526344935,new_observed,16790773533.8425,5480439.368862441,1,
3120870,Curral de Dentro,2022,ok,ok,256728.62,256728.62,256728.62,new_observed,4081287.28,4081287.28,3454526.024983331,new_observed,17457373501.01,4717391.236817085,1,
3120870,Curral de Dentro,2023,ok,ok,420660.07,420660.07,420660.07,new_observed,4235352.06,4235352.06,3671800.4976328383,new_observed,17975926235.1,5051752.583153181,1,
3120870,Curral de Dentro,2024,ok,ok,494419.84,494419.84,494419.84,new_observed,4350598.6,4350598.6,4323879.848641332,new_observed,20140666841.11,5168714.67774336,1,
3120870,Curral de Dentro,2025,ok,ok,645870.72,645870.72,645870.72,new_observed,5582300.4,5582300.4,5591789.563362659,new_observed,21654451288.89,6237660.283362659,1,
3120904,Curvelo,2019,ok,ok,12331957.32,12331957.32,12331957.32,new_observed,25097591.31,25097591.31,25764303.360145222,new_observed,12828054857.945,66369722.169046536,5,
3120904,Curvelo,2020,ok,ok,13159547.58,13159547.58,13159547.58,new_observed,27232214.06,27232214.06,25903991.729480814,new_observed,12945081975.46,66636887.88234552,1,
3120904,Curvelo,2021,ok,ok,14874021.42,14874021.42,14874021.42,new_observed,35100357.99,35100357.99,34506850.38478716,new_observed,16790773533.8425,67080068.89874845,6,
3120904,Curvelo,2022,ok,ok,22296147.75,22296147.75,22296147.75,new_observed,37912815.66,37912815.66,32090563.440529376,new_observed,17457373501.01,69131175.11791146,1,
3120904,Curvelo,2023,ok,ok,27943684.12,27943684.12,27943684.12,new_observed,37419094.7,37419094.7,32440148.68044531,new_observed,17975926235.1,74538087.36556332,1,
3120904,Curvelo,2024,ok,ok,27956403.2,27956403.2,27956403.2,new_observed,38559132.17,38559132.17,38322325.24760173,new_observed,20140666841.11,71098905.9806459,1,
3120904,Curvelo,2025,ok,ok,29602916.45,29602916.45,29602916.45,new_observed,44221032.33,44221032.33,44296202.16497426,new_observed,21654451288.89,73899118.61497426,1,
3121001,Datas,2019,ok,ok,77556.57,77556.57,77556.57,new_observed,2343654.4,2343654.4,2405913.0689916047,new_observed,12828054857.945,4326597.598095467,1,
3121001,Datas,2020,ok,ok,72189.87,72189.87,72189.87,new_observed,2493000.18,2493000.18,2371406.742838822,new_observed,12945081975.46,4168431.135473168,1,
3121001,Datas,2021,ok,ok,79075.13,79075.13,79075.13,new_observed,3202500.95,3202500.95,3148350.258144725,new_observed,16790773533.8425,4384206.059750655,1,
3121001,Datas,2022,ok,ok,165667.97,165667.97,165667.97,new_observed,3606492.39,3606492.39,3052645.149782089,new_observed,17457373501.01,4090811.211005348,1,
3121001,Datas,2023,ok,ok,166303.07,166303.07,166303.07,new_observed,3927431.43,3927431.43,3404851.468024798,new_observed,17975926235.1,4408249.967021923,1,
3121001,Datas,2024,ok,ok,226218.2,226218.2,226218.2,new_observed,4305270.86,4305270.86,4278830.4842687035,new_observed,20140666841.11,4832682.224648852,1,
3121001,Datas,2025,ok,ok,210026.06,210026.06,210026.06,new_observed,4636848.63,4636848.63,4644730.6519237915,new_observed,21654451288.89,4854756.711923791,1,
3121100,Delfim Moreira,2019,ok,ok,310507.77,310507.77,310507.77,new_observed,3873415.49,3873415.49,3976311.9293636135,new_observed,12828054857.945,7468319.130434775,1,
3121100,Delfim Moreira,2020,ok,ok,373430.5,373430.5,373430.5,new_observed,4284819.19,4284819.19,4075831.6828565896,new_observed,12945081975.46,7589813.685065061,1,
3121100,Delfim Moreira,2021,ok,ok,483742.28,483742.28,483742.28,new_observed,5346339.92,5346339.92,5255939.320568022,new_observed,16790773533.8425,7796910.486818434,1,
3121100,Delfim Moreira,2022,ok,ok,444304.09,444304.09,444304.09,new_observed,5494490.47,5494490.47,4650704.30490203,new_observed,17457373501.01,6476286.391748867,2,
3121100,Delfim Moreira,2023,ok,ok,466198.44,466198.44,466198.44,new_observed,4933517.2,4933517.2,4277068.506564758,new_observed,17975926235.1,5855111.039897841,1,
3121100,Delfim Moreira,2024,ok,ok,591160.82,591160.82,591160.82,new_observed,5266934.17,5266934.17,5234587.838506513,new_observed,20140666841.11,6249431.240454287,1,
3121100,Delfim Moreira,2025,ok,ok,1133139.35,1133139.35,1133139.35,new_observed,4751898.55,4751898.55,4759976.141385754,new_observed,21654451288.89,5893115.491385754,1,
3121209,Delfinópolis,2019,ok,ok,598933.97,598933.97,598933.97,new_observed,7238717.2,7238717.2,7431012.146762901,new_observed,12828054857.945,13989438.419601247,1,
3121209,Delfinópolis,2020,ok,ok,662617.49,662617.49,662617.49,new_observed,7786975.61,7786975.61,7407174.141429644,new_observed,12945081975.46,13765926.223867666,1,
3121209,Delfinópolis,2021,ok,ok,881637.74,881637.74,881637.74,new_observed,9410611.77,9410611.77,9251488.901316104,new_observed,16790773533.8425,13765063.44291257,1,
3121209,Delfinópolis,2022,ok,ok,866545.95,866545.95,866545.95,new_observed,9319055.89,9319055.89,7887933.118072297,new_observed,17457373501.01,11127854.806311289,1,
3121209,Delfinópolis,2023,ok,ok,1834137.17,1834137.17,1834137.17,new_observed,9428578.78,9428578.78,8174021.844213447,new_observed,17975926235.1,12354118.583946371,1,
3121209,Delfinópolis,2024,ok,ok,1754948.34,1754948.34,1754948.34,new_observed,13837685.61,13837685.61,13752702.89493339,new_observed,20140666841.11,16635458.509208508,1,
3121209,Delfinópolis,2025,ok,ok,2019979.93,2019979.93,2019979.93,new_observed,17389371.28,17389371.28,17418930.88321481,new_observed,21654451288.89,19438910.81321481,1,
3121258,Delta,2019,ok,ok,1619469.57,1619469.57,1619469.57,new_observed,12672321.13,12672321.13,13008958.582428135,new_observed,12828054857.945,25485039.605278477,1,
3121258,Delta,2020,ok,ok,1649740.51,1649740.51,1649740.51,new_observed,12812027.57,12812027.57,12187134.52677524,new_observed,12945081975.46,23603757.026794404,2,
3121258,Delta,2021,ok,ok,2180416.28,2180416.28,2180416.28,new_observed,13781277.7,13781277.7,13548251.782519886,new_observed,16790773533.8425,21366170.720726218,1,
3121258,Delta,2022,ok,ok,2493377.89,2493377.89,2493377.89,new_observed,16070947.2,16070947.2,13602939.842189446,new_observed,17457373501.01,20460096.511430573,1,
3121258,Delta,2023,ok,ok,3007707.17,3007707.17,3007707.17,new_observed,16228050.13,16228050.13,14068762.572465973,new_observed,17975926235.1,21079274.609245084,6,
3121258,Delta,2024,ok,ok,4062834.23,4062834.23,4062834.23,new_observed,14142808.09,14142808.09,14055951.49677854,new_observed,20140666841.11,19436490.00282398,1,
3121258,Delta,2025,ok,ok,3662674.38,3662674.38,3662674.38,new_observed,16413254.32,16413254.32,16441154.655058168,new_observed,21654451288.89,20103829.035058167,1,
3121308,Descoberto,2019,ok,ok,126489.17,126489.17,126489.17,new_observed,2568651.36,2568651.36,2636887.0242588064,new_observed,12828054857.945,4814239.166446585,1,
3121308,Descoberto,2020,ok,ok,135682.2,135682.2,135682.2,new_observed,3093368.91,3093368.91,2942493.1253963965,new_observed,12945081975.46,5250932.907424981,1,
3121308,Descoberto,2021,ok,ok,299073.59,299073.59,299073.59,new_observed,3967274.8,3967274.8,3900192.6418510694,new_observed,16790773533.8425,5704376.165538854,1,
3121308,Descoberto,2022,ok,ok,213302.53,213302.53,213302.53,new_observed,4067267.91,4067267.91,3442659.60265227,new_observed,17457373501.01,4647108.694096732,1,
3121308,Descoberto,2023,ok,ok,472716.08,472716.08,472716.08,new_observed,4052817.96,4052817.96,3513554.196092805,new_observed,17975926235.1,4920670.787561575,1,
3121308,Descoberto,2024,ok,ok,399298.68,399298.68,399298.68,new_observed,4799226.64,4799226.64,4769752.685931231,new_observed,20140666841.11,5544975.072447578,1,
3121308,Descoberto,2025,ok,ok,315539.0,315539.0,315539.0,new_observed,5240689.7,5240689.7,5249598.1709049875,new_observed,21654451288.89,5565137.1709049875,1,
3121407,Desterro de Entre Rios,2019,ok,ok,737966.16,737966.16,737966.16,new_observed,3641166.28,3641166.28,3737893.0696537616,new_observed,12828054857.945,7797655.9440833405,1,
3121407,Desterro de Entre Rios,2020,ok,ok,631377.01,631377.01,631377.01,new_observed,4262391.5,4262391.5,4054497.8796266597,new_observed,12945081975.46,7993441.58697278,1,
3121407,Desterro de Entre Rios,2021,ok,ok,847687.27,847687.27,847687.27,new_observed,6413180.07,6413180.07,6304740.402625986,new_observed,16790773533.8425,9716016.010607453,1,
3121407,Desterro de Entre Rios,2022,ok,ok,1182293.56,1182293.56,1182293.56,new_observed,9729103.66,9729103.66,8235010.056246417,new_observed,17457373501.01,11970373.850195942,1,
3121407,Desterro de Entre Rios,2023,ok,ok,3426196.07,3426196.07,3426196.07,new_observed,8845249.58,8845249.58,7668309.8239372,new_observed,17975926235.1,13695110.284452656,1,
3121407,Desterro de Entre Rios,2024,ok,ok,4205655.38,4205655.38,4205655.38,new_observed,9581274.76,9581274.76,9522432.351966424,new_observed,20140666841.11,14726474.71987609,1,
3121407,Desterro de Entre Rios,2025,ok,ok,1895092.21,1895092.21,1895092.21,new_observed,10955453.38,10955453.38,10974076.184110437,new_observed,21654451288.89,12869168.394110437,1,
3121506,Desterro do Melo,2019,ok,ok,43074.05,43074.05,43074.05,new_observed,2412082.57,2412082.57,2476159.0184328617,new_observed,12828054857.945,4388903.158626913,1,
3121506,Desterro do Melo,2020,ok,ok,60477.31,60477.31,60477.31,new_observed,2591613.4,2591613.4,2465210.2077230676,new_observed,12945081975.46,4308466.639721605,1,
3121506,Desterro do Melo,2021,ok,ok,64065.27,64065.27,64065.27,new_observed,3294917.87,3294917.87,3239204.511892547,new_observed,16790773533.8425,4487234.762409049,1,
3121506,Desterro do Melo,2022,ok,ok,64719.57,64719.57,64719.57,new_observed,3633510.93,3633510.93,3075514.4660501303,new_observed,17457373501.01,3991564.562469996,1,
3121506,Desterro do Melo,2023,ok,ok,99235.87,99235.87,99235.87,new_observed,3292266.44,3292266.44,2854200.8743263464,new_observed,17975926235.1,3645736.215599064,1,
3121506,Desterro do Melo,2024,ok,ok,108071.36,108071.36,108071.36,new_observed,5449539.28,5449539.28,5416071.4981086515,new_observed,20140666841.11,5925890.898809713,1,
3121506,Desterro do Melo,2025,ok,ok,178574.56,178574.56,178574.56,new_observed,5255127.44,5255127.44,5264060.45313017,new_observed,21654451288.89,5442635.013130169,1,
3121605,Diamantina,2019,ok,partial,,,5331782.286429634,imputed_temporal,11615584.28,11615584.28,11924149.748028308,new_observed,12828054857.945,30062567.67588241,1,
3121605,Diamantina,2020,ok,partial,,,5622618.298063475,imputed_temporal,11825475.32,11825475.32,11248700.3154256,new_observed,12945081975.46,28780089.739629455,1,
3121605,Diamantina,2021,ok,partial,,,6972641.976629244,imputed_temporal,15946273.51,15946273.51,15676639.94655642,new_observed,16790773533.8425,30767285.719876334,1,
3121605,Diamantina,2022,ok,ok,9626835.27,9626835.27,9626835.27,new_observed,16932231.1,16932231.1,14331956.80260522,new_observed,17457373501.01,30454120.393169127,1,
3121605,Diamantina,2023,ok,ok,10761145.23,10761145.23,10761145.23,new_observed,17342340.71,17342340.71,15034786.80095752,new_observed,17975926235.1,31842619.890558936,1,
3121605,Diamantina,2024,ok,ok,13237797.02,13237797.02,13237797.02,new_observed,23373542.72,23373542.72,23229996.524700146,new_observed,20140666841.11,39119945.19638466,1,
3121605,Diamantina,2025,ok,ok,14221552.59,14221552.59,14221552.59,new_observed,26059108.33,26059108.33,26103405.32555914,new_observed,21654451288.89,40324957.91555914,1,
3121704,Diogo de Vasconcelos,2019,ok,ok,154250.2,154250.2,154250.2,new_observed,1729466.61,1729466.61,1775409.5140408105,new_observed,12828054857.945,3361772.961839209,3,
3121704,Diogo de Vasconcelos,2020,ok,ok,205243.02,205243.02,205243.02,new_observed,2403169.31,2403169.31,2285957.278156843,new_observed,12945081975.46,4249636.307800028,1,
3121704,Diogo de Vasconcelos,2021,ok,ok,386083.64,386083.64,386083.64,new_observed,2900320.37,2900320.37,2851279.21213947,new_observed,16790773533.8425,4397705.330725083,1,
3121704,Diogo de Vasconcelos,2022,ok,ok,437711.41,437711.41,437711.41,new_observed,2776238.43,2776238.43,2349892.876934129,new_observed,17457373501.01,3543335.419646437,1,
3121704,Diogo de Vasconcelos,2023,ok,ok,821259.75,821259.75,821259.75,new_observed,2984181.9,2984181.9,2587109.744413292,new_observed,17975926235.1,4207307.343147407,1,
3121704,Diogo de Vasconcelos,2024,ok,ok,537295.74,537295.74,537295.74,new_observed,3645056.07,3645056.07,3622670.335121418,new_observed,20140666841.11,4462503.185943913,1,
3121704,Diogo de Vasconcelos,2025,ok,ok,643809.2,643809.2,643809.2,new_observed,4857307.65,4857307.65,4865564.422744359,new_observed,21654451288.89,5509373.622744359,1,
3121803,Dionísio,2019,ok,ok,382356.93,382356.93,382356.93,new_observed,3100546.82,3100546.82,3182912.1713757627,new_observed,12828054857.945,6211263.6645076005,1,
3121803,Dionísio,2020,ok,ok,206494.27,206494.27,206494.27,new_observed,3099812.19,3099812.19,2948622.1412547096,new_observed,12945081975.46,5382183.546832402,2,
3121803,Dionísio,2021,ok,partial,,,658196.667542372,imputed_temporal,4028729.56,4028729.56,3960608.2709269086,new_observed,16790773533.8425,6274286.827644928,1,
3121803,Dionísio,2022,ok,ok,1464333.23,1464333.23,1464333.23,new_observed,4199610.54,4199610.54,3554678.440872778,new_observed,17457373501.01,6379686.639304768,1,
3121803,Dionísio,2023,ok,ok,1577765.06,1577765.06,1577765.06,new_observed,4297479.0,4297479.0,3725660.89128531,new_observed,17975926235.1,6546573.951343892,1,
3121803,Dionísio,2024,ok,ok,1339929.95,1339929.95,1339929.95,new_observed,4782266.14,4782266.14,4752896.3470879095,new_observed,20140666841.11,6535932.330016435,2,
3121803,Dionísio,2025,ok,ok,798925.24,798925.24,798925.24,new_observed,5389160.4,5389160.4,5398321.251218823,new_observed,21654451288.89,6197246.491218823,1,
3121902,Divinésia,2019,ok,ok,247309.36,247309.36,247309.36,new_observed,2709265.36,2709265.36,2781236.4045612887,new_observed,12828054857.945,5276206.572025408,1,
3121902,Divinésia,2020,ok,ok,285127.64,285127.64,285127.64,new_observed,3007164.32,3007164.32,2860493.0727571473,new_observed,12945081975.46,5365985.224628838,1,
3121902,Divinésia,2021,ok,ok,150039.99,150039.99,150039.99,new_observed,4128730.37,4128730.37,4058918.1796181714,new_observed,16790773533.8425,5717541.908252951,1,
3121902,Divinésia,2022,ok,ok,397439.49,397439.49,397439.49,new_observed,4043207.83,4043207.83,3422294.4171554083,new_observed,17457373501.01,4855279.6787860785,1,
3121902,Divinésia,2023,ok,ok,456562.64,456562.64,456562.64,new_observed,4008630.57,4008630.57,3475246.334481155,new_observed,17975926235.1,4853443.500565949,1,
3121902,Divinésia,2024,ok,ok,605328.0,605328.0,605328.0,new_observed,4160177.81,4160177.81,4134628.5082296105,new_observed,20140666841.11,5084673.922152803,2,
3121902,Divinésia,2025,ok,ok,929610.97,929610.97,929610.97,new_observed,4749566.33,4749566.33,4757639.956923975,new_observed,21654451288.89,5687250.926923974,1,
3122009,Divino,2019,ok,ok,857182.84,857182.84,857182.84,new_observed,5165101.81,5165101.81,5302311.6152924225,new_observed,12828054857.945,10730815.266407464,1,
3122009,Divino,2020,ok,ok,1023579.85,1023579.85,1023579.85,new_observed,5686461.74,5686461.74,5409110.605491806,new_observed,12945081975.46,10973262.542045342,1,
3122009,Divino,2021,ok,ok,1164667.81,1164667.81,1164667.81,new_observed,6893694.63,6893694.63,6777130.001454458,new_observed,16790773533.8425,10788313.87340248,1,
3122009,Divino,2022,ok,ok,1782524.58,1782524.58,1782524.58,new_observed,7187144.29,7187144.29,6083418.120744332,new_observed,17457373501.01,9998432.5289981,2,
3122009,Divino,2023,ok,ok,2380210.31,2380210.31,2380210.31,new_observed,7479879.11,7479879.11,6484614.135791931,new_observed,17975926235.1,10942781.012336591,3,
3122009,Divino,2024,ok,ok,2514605.0,2514605.0,2514605.0,new_observed,10110646.48,10110646.48,10048552.990296192,new_observed,20140666841.11,13476824.460780527,1,
3122009,Divino,2025,ok,ok,2979474.36,2979474.36,2979474.36,new_observed,11150546.74,11150546.74,11169501.176704772,new_observed,21654451288.89,14148975.536704771,1,
3122108,Divino das Laranjeiras,2019,ok,ok,93152.78,93152.78,93152.78,new_observed,1888247.22,1888247.22,1938408.0963836072,new_observed,12828054857.945,3539300.9321084563,1,
3122108,Divino das Laranjeiras,2020,ok,ok,100456.32,100456.32,100456.32,new_observed,2308775.2,2308775.2,2196167.1406614385,new_observed,12945081975.46,3917715.6694277697,1,
3122108,Divino das Laranjeiras,2021,ok,ok,119608.34,119608.34,119608.34,new_observed,2740565.9,2740565.9,2694226.0106831905,new_observed,16790773533.8425,3822374.843029709,1,
3122108,Divino das Laranjeiras,2022,ok,ok,118141.09,118141.09,118141.09,new_observed,3038103.91,3038103.91,2571543.8055854323,new_observed,17457373501.01,3418869.673463483,1,
3122108,Divino das Laranjeiras,2023,ok,ok,132289.18,132289.18,132289.18,new_observed,3214882.92,3214882.92,2787113.925421187,new_observed,17975926235.1,3603724.9315776546,1,
3122108,Divino das Laranjeiras,2024,ok,ok,361075.99,361075.99,361075.99,new_observed,4257941.59,4257941.59,4231791.882085567,new_observed,20140666841.11,4926888.138433455,1,
3122108,Divino das Laranjeiras,2025,ok,ok,174897.1,174897.1,174897.1,new_observed,3761290.92,3761290.92,3767684.611030021,new_observed,21654451288.89,3942581.7110300213,1,
3122207,Divinolândia de Minas,2019,ok,ok,392470.74,392470.74,392470.74,new_observed,2929893.58,2929893.58,3007725.565201337,new_observed,12828054857.945,5923680.699036288,1,
3122207,Divinolândia de Minas,2020,ok,ok,138251.97,138251.97,138251.97,new_observed,3236885.63,3236885.63,3079009.9697385854,new_observed,12945081975.46,5488195.052373686,1,
3122207,Divinolândia de Minas,2021,ok,ok,212336.84,212336.84,212336.84,new_observed,3989518.61,3989518.61,3922060.334023221,new_observed,16790773533.8425,5616256.602042871,1,
3122207,Divinolândia de Minas,2022,ok,ok,400448.09,400448.09,400448.09,new_observed,4128273.34,4128273.34,3494296.4591492466,new_observed,17457373501.01,4950626.018247876,1,
3122207,Divinolândia de Minas,2023,ok,ok,588963.44,588963.44,588963.44,new_observed,4018951.87,4018951.87,3484194.292983622,new_observed,17975926235.1,5027925.073226124,1,
3122207,Divinolândia de Minas,2024,ok,ok,883609.26,883609.26,883609.26,new_observed,4245442.52,4245442.52,4219369.573831307,new_observed,20140666841.11,5474097.358621346,1,
3122207,Divinolândia de Minas,2025,ok,ok,734047.64,734047.64,734047.64,new_observed,4561562.08,4561562.08,4569316.124867601,new_observed,21654451288.89,5303363.764867601,1,
3122306,Divinópolis,2019,ok,ok,51225777.36,51225777.36,51225777.36,new_observed,83275161.59,83275161.59,85487348.13109337,new_observed,12828054857.945,238175925.76572198,2,
3122306,Divinópolis,2020,ok,ok,48847478.09,48847478.09,48847478.09,new_observed,88792032.95,88792032.95,84461295.80624293,new_observed,12945081975.46,227405964.15186822,1,
3122306,Divinópolis,2021,ok,ok,59427080.07,59427080.07,59427080.07,new_observed,114928229.04,114928229.04,112984921.85184209,new_observed,16790773533.8425,234208278.33110726,1,
3122306,Divinópolis,2022,ok,ok,76521797.69,76521797.69,76521797.69,new_observed,115759407.53,115759407.53,97982292.96640849,new_observed,17457373501.01,221812876.45245183,1,
3122306,Divinópolis,2023,ok,ok,82240699.82,82240699.82,82240699.82,new_observed,118682794.14,118682794.14,102890984.3645224,new_observed,17975926235.1,228527422.15757528,1,
3122306,Divinópolis,2024,ok,ok,99683486.8,99683486.8,99683486.8,new_observed,118085939.42,118085939.42,117360726.83561735,new_observed,20140666841.11,232828940.75316808,1,
3122306,Divinópolis,2025,ok,ok,107118484.97,107118484.97,107118484.97,new_observed,128258484.76,128258484.76,128476507.01378891,new_observed,21654451288.89,235594991.9837889,2,
3122355,Divisa Alegre,2019,ok,ok,201766.51,201766.51,201766.51,new_observed,4553047.8,4553047.8,4673998.523742867,new_observed,12828054857.945,8494355.216855166,1,
3122355,Divisa Alegre,2020,ok,ok,396078.32,396078.32,396078.32,new_observed,5455151.57,5455151.57,5189082.343470103,new_observed,12945081975.46,9527496.26673524,1,
3122355,Divisa Alegre,2021,ok,ok,211946.51,211946.51,211946.51,new_observed,6865258.14,6865258.14,6749174.340541311,new_observed,16790773533.8425,9456140.590485837,1,
3122355,Divisa Alegre,2022,ok,ok,327293.6,327293.6,327293.6,new_observed,6789442.89,6789442.89,5746791.526678083,new_observed,17457373501.01,7720794.903417597,1,
3122355,Divisa Alegre,2023,ok,ok,613408.44,613408.44,613408.44,new_observed,6442771.97,6442771.97,5585503.398643301,new_observed,17975926235.1,7651965.944712467,1,
3122355,Divisa Alegre,2024,ok,ok,672413.28,672413.28,672413.28,new_observed,7813162.5,7813162.5,7765178.770551284,new_observed,20140666841.11,9051223.189646123,1,
3122355,Divisa Alegre,2025,ok,ok,641256.04,641256.04,641256.04,new_observed,8899057.2,8899057.2,8914184.40589964,new_observed,21654451288.89,9555440.44589964,1,
3122405,Divisa Nova,2019,ok,ok,270036.84,270036.84,270036.84,new_observed,3455318.13,3455318.13,3547107.904002669,new_observed,12828054857.945,6650070.941753322,1,
3122405,Divisa Nova,2020,ok,ok,333778.98,333778.98,333778.98,new_observed,3751214.01,3751214.01,3568252.529025271,new_observed,12945081975.46,6656315.346141439,1,
3122405,Divisa Nova,2021,ok,ok,357534.68,357534.68,357534.68,new_observed,4789410.8,4789410.8,4708427.246068774,new_observed,16790773533.8425,6881714.7737392895,1,
3122405,Divisa Nova,2022,ok,ok,276752.57,276752.57,276752.57,new_observed,5446691.54,5446691.54,4610245.832777187,new_observed,17457373501.01,6211884.024385975,1,
3122405,Divisa Nova,2023,ok,ok,366942.66,366942.66,366942.66,new_observed,5358217.59,5358217.59,4645258.702150732,new_observed,17975926235.1,6187084.948059667,2,
3122405,Divisa Nova,2024,ok,ok,429538.71,429538.71,429538.71,new_observed,5791999.31,5791999.31,5756428.345251963,new_observed,20140666841.11,6635846.829928838,3,
3122405,Divisa Nova,2025,ok,ok,347288.37,347288.37,347288.37,new_observed,6871972.31,6871972.31,6883653.742957864,new_observed,21654451288.89,7230942.112957864,5,
3122454,Divisópolis,2019,ok,ok,149867.58,149867.58,149867.58,new_observed,2631880.19,2631880.19,2701795.5143647064,new_observed,12828054857.945,4968048.934822326,1,
3122454,Divisópolis,2020,ok,ok,164963.18,164963.18,164963.18,new_observed,3398612.9,3398612.9,3232849.1638372056,new_observed,12945081975.46,5796188.573895478,1,
3122454,Divisópolis,2021,ok,ok,291120.34,291120.34,291120.34,new_observed,4042271.98,4042271.98,3973921.703824689,new_observed,16790773533.8425,5793727.483929994,1,
3122454,Divisópolis,2022,ok,ok,489115.13,489115.13,489115.13,new_observed,4423514.91,4423514.91,3744197.9282812946,new_observed,17457373501.01,5380981.860361999,1,
3122454,Divisópolis,2023,ok,ok,751361.67,751361.67,751361.67,new_observed,4652402.08,4652402.08,4033358.2735344213,new_observed,17975926235.1,5906280.814428391,1,
3122454,Divisópolis,2024,ok,ok,2276941.14,2276941.14,2276941.14,new_observed,4994383.91,4994383.91,4963711.417740885,new_observed,20140666841.11,7767235.242726966,1,
3122454,Divisópolis,2025,ok,ok,5267889.91,5267889.91,5267889.91,new_observed,5490908.48,5490908.48,5500242.289333538,new_observed,21654451288.89,10768132.199333537,1,
3122470,Dom Bosco,2019,ok,ok,132063.75,132063.75,132063.75,new_observed,2713304.97,2713304.97,2785383.325921635,new_observed,12828054857.945,5082655.053668591,1,
3122470,Dom Bosco,2020,ok,ok,131374.21,131374.21,131374.21,new_observed,3144607.01,3144607.01,2991232.1414642762,new_observed,12945081975.46,5326725.970596404,1,
3122470,Dom Bosco,2021,ok,ok,211357.37,211357.37,211357.37,new_observed,3894130.0,3894130.0,3828284.638213493,new_observed,16790773533.8425,5487539.088181306,1,
3122470,Dom Bosco,2022,ok,ok,443042.32,443042.32,443042.32,new_observed,4101724.11,4101724.11,3471824.3811782324,new_observed,17457373501.01,4976203.369501785,2,
3122470,Dom Bosco,2023,ok,ok,370425.75,370425.75,370425.75,new_observed,4197110.19,4197110.19,3638647.051282405,new_observed,17975926235.1,4948818.331960667,1,
3122470,Dom Bosco,2024,ok,ok,564434.4,564434.4,564434.4,new_observed,6018442.63,6018442.63,5981480.987021176,new_observed,20140666841.11,7021972.713719472,1,
3122470,Dom Bosco,2025,ok,ok,692981.53,692981.53,692981.53,new_observed,6516975.2,6516975.2,6528053.185395268,new_observed,21654451288.89,7221034.715395268,1,
3122504,Dom Cavati,2019,ok,ok,193045.34,193045.34,193045.34,new_observed,2053012.62,2053012.62,2107550.453370043,new_observed,12828054857.945,4008002.384045659,1,
3122504,Dom Cavati,2020,ok,ok,307367.48,307367.48,307367.48,new_observed,2261660.74,2261660.74,2151350.638430295,new_observed,12945081975.46,4194226.2910203435,1,
3122504,Dom Cavati,2021,ok,ok,266499.42,266499.42,266499.42,new_observed,2990334.76,2990334.76,2939771.559969449,new_observed,16790773533.8425,4355469.443606664,1,
3122504,Dom Cavati,2022,ok,ok,348002.74,348002.74,348002.74,new_observed,3202811.67,3202811.67,2710957.4769104044,new_observed,17457373501.01,3888257.0724515845,1,
3122504,Dom Cavati,2023,ok,ok,909307.17,909307.17,909307.17,new_observed,3093978.2,3093978.2,2682296.6623523515,new_observed,17975926235.1,4433492.672170974,1,
3122504,Dom Cavati,2024,ok,ok,1057875.48,1057875.48,1057875.48,new_observed,3007383.37,3007383.37,2988913.8360597235,new_observed,20140666841.11,4341095.549735515,1,
3122504,Dom Cavati,2025,ok,ok,1240383.73,1240383.73,1240383.73,new_observed,3751628.39,3751628.39,3758005.65602257,new_observed,21654451288.89,4998389.38602257,1,
3122603,Dom Joaquim,2019,ok,ok,117365.8,117365.8,117365.8,new_observed,2389521.86,2389521.86,2452998.9880825127,new_observed,12828054857.945,4477982.715690674,1,
3122603,Dom Joaquim,2020,ok,ok,127135.39,127135.39,127135.39,new_observed,2640193.74,2640193.74,2511421.0932134185,new_observed,12945081975.46,4501005.173907917,1,
3122603,Dom Joaquim,2021,ok,ok,182355.82,182355.82,182355.82,new_observed,3359134.22,3359134.22,3302335.0355851664,new_observed,16790773533.8425,4733681.163175226,2,
3122603,Dom Joaquim,2022,ok,ok,331900.1,331900.1,331900.1,new_observed,3367764.48,3367764.48,2850578.5660289163,new_observed,17457373501.01,4045261.887587228,1,
3122603,Dom Joaquim,2023,ok,ok,547557.32,547557.32,547557.32,new_observed,3467713.55,3467713.55,3006303.1734221727,new_observed,17975926235.1,4386902.116981423,1,
3122603,Dom Joaquim,2024,ok,ok,690175.01,690175.01,690175.01,new_observed,3846283.95,3846283.95,3822662.394907586,new_observed,20140666841.11,4841037.386695317,1,
3122603,Dom Joaquim,2025,ok,ok,945096.35,945096.35,945096.35,new_observed,3845367.95,3845367.95,3851904.5607254067,new_observed,21654451288.89,4797000.910725406,1,
3122702,Dom Silvério,2019,ok,ok,255721.3,255721.3,255721.3,new_observed,2909588.8,2909588.8,2986881.393140388,new_observed,12828054857.945,5649127.657310782,1,
3122702,Dom Silvério,2020,ok,ok,369471.76,369471.76,369471.76,new_observed,3119164.13,3119164.13,2967030.2109256117,new_observed,12945081975.46,5691601.725956096,1,
3122702,Dom Silvério,2021,ok,ok,374980.65,374980.65,374980.65,new_observed,3882256.85,3882256.85,3816612.2498360616,new_observed,16790773533.8425,5693952.541543625,1,
3122702,Dom Silvério,2022,ok,ok,591117.21,591117.21,591117.21,new_observed,3906755.14,3906755.14,3306796.6988021974,new_observed,17457373501.01,4954654.604503299,1,
3122702,Dom Silvério,2023,ok,ok,739474.83,739474.83,739474.83,new_observed,3927382.77,3927382.77,3404809.282674045,new_observed,17975926235.1,5115723.8110253895,1,
3122702,Dom Silvério,2024,ok,ok,818642.48,818642.48,818642.48,new_observed,4977492.72,4977492.72,4946923.963237366,new_observed,20140666841.11,6184872.221816643,1,
3122702,Dom Silvério,2025,ok,ok,754831.13,754831.13,754831.13,new_observed,5123614.44,5123614.44,5132323.898636164,new_observed,21654451288.89,5887155.028636164,5,
3122801,Dom Viçoso,2019,ok,ok,33716.04,33716.04,33716.04,new_observed,1724369.15,1724369.15,1770176.641125477,new_observed,12828054857.945,3142666.863666001,1,
3122801,Dom Viçoso,2020,ok,ok,36803.73,36803.73,36803.73,new_observed,1857797.65,1857797.65,1767185.541895997,new_observed,12945081975.46,3077351.2328185756,1,
3122801,Dom Viçoso,2021,ok,ok,50428.78,50428.78,50428.78,new_observed,2342976.01,2342976.01,2303358.918881943,new_observed,16790773533.8425,3197437.291877067,1,
3122801,Dom Viçoso,2022,ok,ok,190112.66,190112.66,190112.66,new_observed,2470778.41,2470778.41,2091342.2000795633,new_observed,17457373501.01,2899966.7750315256,1,
3122801,Dom Viçoso,2023,ok,ok,78921.04,78921.04,78921.04,new_observed,2543639.17,2543639.17,2205185.1741940854,new_observed,17975926235.1,2819511.459440999,1,
3122801,Dom Viçoso,2024,ok,ok,123098.82,123098.82,123098.82,new_observed,3395717.86,3395717.86,3374863.4099513274,new_observed,20140666841.11,3752354.541740745,1,
3122801,Dom Viçoso,2025,ok,ok,79030.76,79030.76,79030.76,new_observed,3509497.66,3509497.66,3515463.336196252,new_observed,21654451288.89,3594494.096196252,1,
3122900,Dona Euzébia,2019,ok,ok,140311.6,140311.6,140311.6,new_observed,2933608.65,2933608.65,3011539.3252272257,new_observed,12828054857.945,5491023.698675139,1,
3122900,Dona Euzébia,2020,ok,ok,172503.81,172503.81,172503.81,new_observed,3183344.51,3183344.51,3028080.261026273,new_observed,12945081975.46,5459744.96087803,1,
3122900,Dona Euzébia,2021,ok,ok,192298.28,192298.28,192298.28,new_observed,3905771.04,3905771.04,3839728.8413101607,new_observed,16790773533.8425,5477194.857318978,1,
3122900,Dona Euzébia,2022,ok,ok,233610.78,233610.78,233610.78,new_observed,3999731.14,3999731.14,3385494.420786338,new_observed,17457373501.01,4600259.694490807,1,
3122900,Dona Euzébia,2023,ok,ok,351317.29,351317.29,351317.29,new_observed,3877640.8,3877640.8,3361685.927729323,new_observed,17975926235.1,4583348.644766468,1,
3122900,Dona Euzébia,2024,ok,ok,448566.38,448566.38,448566.38,new_observed,4267468.93,4267468.93,4241260.710912285,new_observed,20140666841.11,5030898.799844493,1,
3122900,Dona Euzébia,2025,ok,ok,367374.93,367374.93,367374.93,new_observed,4821205.51,4821205.51,4829400.913939447,new_observed,21654451288.89,5196775.843939447,1,
3123007,Dores de Campos,2019,ok,ok,439778.99,439778.99,439778.99,new_observed,5908507.39,5908507.39,6065465.602707666,new_observed,12828054857.945,11333166.78727783,1,
3123007,Dores de Campos,2020,ok,ok,490357.43,490357.43,490357.43,new_observed,6568561.74,6568561.74,6248187.114446621,new_observed,12945081975.46,11495006.474989288,1,
3123007,Dores de Campos,2021,ok,ok,718096.08,718096.08,718096.08,new_observed,8326123.4,8326123.4,8185338.010823957,new_observed,16790773533.8425,12094621.873201473,1,
3123007,Dores de Campos,2022,ok,ok,766751.13,766751.13,766751.13,new_observed,8492526.6,8492526.6,7188333.519507406,new_observed,17457373501.01,10111741.23135194,1,
3123007,Dores de Campos,2023,ok,ok,798226.04,798226.04,798226.04,new_observed,6817356.02,6817356.02,5910245.682569356,new_observed,17975926235.1,8280969.063338392,1,
3123007,Dores de Campos,2024,ok,ok,913683.97,913683.97,913683.97,new_observed,6631999.13,6631999.13,6591269.393231049,new_observed,20140666841.11,8050757.551622951,1,
3123007,Dores de Campos,2025,ok,ok,1296018.3,1296018.3,1296018.3,new_observed,8695991.13,8695991.13,8710773.150765635,new_observed,21654451288.89,10006791.450765636,1,
3123106,Dores de Guanhães,2019,ok,ok,914925.27,914925.27,914925.27,new_observed,4203641.48,4203641.48,4315310.300907512,new_observed,12828054857.945,9111899.055770345,1,
3123106,Dores de Guanhães,2020,ok,ok,298275.99,298275.99,298275.99,new_observed,4665702.11,4665702.11,4438137.442786435,new_observed,12945081975.46,8079653.2127958825,1,
3123106,Dores de Guanhães,2021,ok,ok,235489.01,235489.01,235489.01,new_observed,6818192.82,6818192.82,6702904.842206997,new_observed,16790773533.8425,9425267.733073471,1,
3123106,Dores de Guanhães,2022,ok,ok,727795.28,727795.28,727795.28,new_observed,7608476.1,7608476.1,6440046.214515357,new_observed,17457373501.01,9111073.178130707,1,
3123106,Dores de Guanhães,2023,ok,ok,448405.45,448405.45,448405.45,new_observed,7266252.3,7266252.3,6299412.288069803,new_observed,17975926235.1,8329537.9700282235,1,
3123106,Dores de Guanhães,2024,ok,ok,906706.04,906706.04,906706.04,new_observed,7587850.74,7587850.74,7541250.739423359,new_observed,20140666841.11,9062341.70234018,2,
3123106,Dores de Guanhães,2025,ok,ok,1614640.26,1614640.26,1614640.26,new_observed,7078011.93,7078011.93,7090043.602728794,new_observed,21654451288.89,8704683.862728795,4,
3123205,Dores do Indaiá,2019,ok,ok,835187.89,835187.89,835187.89,new_observed,6298166.2,6298166.2,6465475.614178095,new_observed,12828054857.945,12718912.559166972,1,
3123205,Dores do Indaiá,2020,ok,ok,949687.66,949687.66,949687.66,new_observed,6616868.65,6616868.65,6294137.906194943,new_observed,12945081975.46,12356944.62474491,1,
3123205,Dores do Indaiá,2021,ok,ok,2846249.85,2846249.85,2846249.85,new_observed,8257462.4,8257462.4,8117837.991167609,new_observed,16790773533.8425,14893859.523277069,1,
3123205,Dores do Indaiá,2022,ok,ok,3850785.82,3850785.82,3850785.82,new_observed,8709745.06,8709745.06,7372193.848784889,new_observed,17457373501.01,14265576.201317206,1,
3123205,Dores do Indaiá,2023,ok,ok,2038888.03,2038888.03,2038888.03,new_observed,9394482.29,9394482.29,8144462.197889846,new_observed,17975926235.1,12570375.44253045,1,
3123205,Dores do Indaiá,2024,ok,ok,2134040.74,2134040.74,2134040.74,new_observed,11794168.29,11794168.29,11721735.625211574,new_observed,20140666841.11,14863449.618799677,1,
3123205,Dores do Indaiá,2025,ok,ok,2673381.96,2673381.96,2673381.96,new_observed,11750103.62,11750103.62,11770077.223136503,new_observed,21654451288.89,14443459.183136504,1,
3123304,Dores do Turvo,2019,ok,ok,285687.7,285687.7,285687.7,new_observed,2015953.6,2015953.6,2069506.9685703977,new_observed,12828054857.945,4103122.275423308,1,
3123304,Dores do Turvo,2020,ok,ok,355921.62,355921.62,355921.62,new_observed,2574236.01,2574236.01,2448680.381472137,new_observed,12945081975.46,4784255.406200278,1,
3123304,Dores do Turvo,2021,ok,partial,,,293205.2932097987,imputed_temporal,3431942.69,3431942.69,3373912.3961850503,new_observed,16790773533.8425,4981493.810738645,1,
3123304,Dores do Turvo,2022,ok,ok,200919.03,200919.03,200919.03,new_observed,3528622.91,3528622.91,2986734.0470449356,new_observed,17457373501.01,4051839.102981395,1,
3123304,Dores do Turvo,2023,ok,ok,268071.04,268071.04,268071.04,new_observed,3767906.35,3767906.35,3266552.6300932663,new_observed,17975926235.1,4363156.091738797,2,
3123304,Dores do Turvo,2024,ok,ok,470763.53,470763.53,470763.53,new_observed,4666100.32,4666100.32,4637443.947457455,new_observed,20140666841.11,5479706.259852391,1,
3123304,Dores do Turvo,2025,ok,ok,305747.9,305747.9,305747.9,new_observed,5747181.95,5747181.95,5756951.389924529,new_observed,21654451288.89,6062699.289924529,1,
3123403,Doresópolis,2019,ok,ok,76785.71,76785.71,76785.71,new_observed,3166268.86,3166268.86,3250380.103062614,new_observed,12828054857.945,5796450.010601769,1,
3123403,Doresópolis,2020,ok,ok,98121.98,98121.98,98121.98,new_observed,2980936.11,2980936.11,2835544.115855511,new_observed,12945081975.46,5004420.545844293,5,
3123403,Doresópolis,2021,ok,ok,228016.9,228016.9,228016.9,new_observed,3660592.77,3660592.77,3598696.2603062494,new_observed,16790773533.8425,5198291.829756752,1,
3123403,Doresópolis,2022,ok,ok,263244.22,263244.22,263244.22,new_observed,3897395.91,3897395.91,3298874.76109219,new_observed,17457373501.01,4527824.273286851,1,
3123403,Doresópolis,2023,ok,ok,147369.28,147369.28,147369.28,new_observed,3514816.7,3514816.7,3047138.8270254475,new_observed,17975926235.1,3943315.8401582465,1,
3123403,Doresópolis,2024,ok,ok,347784.1,347784.1,347784.1,new_observed,6014704.25,6014704.25,5977765.56589532,new_observed,20140666841.11,6785580.705986991,1,
3123403,Doresópolis,2025,ok,ok,202995.87,202995.87,202995.87,new_observed,5936196.55,5936196.55,5946287.289440644,new_observed,21654451288.89,6149283.159440644,1,
3123502,Douradoquara,2019,ok,ok,157449.8,157449.8,157449.8,new_observed,2812180.07,2812180.07,2886885.0214309436,new_observed,12828054857.945,5303713.610748934,1,
3123502,Douradoquara,2020,ok,ok,117054.07,117054.07,117054.07,new_observed,3075777.11,3075777.11,2925759.346765593,new_observed,12945081975.46,5190610.479340112,1,
3123502,Douradoquara,2021,ok,partial,,,112950.07858586944,imputed_temporal,3772575.43,3772575.43,3708785.4193801084,new_observed,16790773533.8425,5191530.063094144,1,
3123502,Douradoquara,2022,ok,ok,111699.64,111699.64,111699.64,new_observed,3801578.13,3801578.13,3217771.6698473785,new_observed,17457373501.01,4232104.849377284,1,
3123502,Douradoquara,2023,ok,ok,129820.21,129820.21,129820.21,new_observed,3818229.25,3818229.25,3310179.617093333,new_observed,17975926235.1,4246351.974654955,1,
3123502,Douradoquara,2024,ok,ok,236470.84,236470.84,236470.84,new_observed,2896538.72,2896538.72,2878749.9270140347,new_observed,20140666841.11,3341777.8767133383,1,
3123502,Douradoquara,2025,ok,ok,286371.08,286371.08,286371.08,new_observed,2924908.06,2924908.06,2929880.0121368105,new_observed,21654451288.89,3216251.0921368105,1,
3123528,Durandé,2019,ok,ok,183785.77,183785.77,183785.77,new_observed,3809708.72,3809708.72,3910912.8028856465,new_observed,12828054857.945,7133613.68797143,1,
3123528,Durandé,2020,ok,ok,317673.68,317673.68,317673.68,new_observed,3815753.38,3815753.38,3629644.0597697934,new_observed,12945081975.46,6733567.267858741,1,
3123528,Durandé,2021,ok,ok,321075.88,321075.88,321075.88,new_observed,4640475.79,4640475.79,4562010.559703611,new_observed,16790773533.8425,6633292.666617276,1,
3123528,Durandé,2022,ok,ok,354738.72,354738.72,354738.72,new_observed,5254998.69,5254998.69,4447991.158284333,new_observed,17457373501.01,6104769.951920088,1,
3123528,Durandé,2023,ok,ok,564322.2,564322.2,564322.2,new_observed,5543280.1,5543280.1,4805696.98607256,new_observed,17975926235.1,6628776.953742423,1,
3123528,Durandé,2024,ok,ok,619852.05,619852.05,619852.05,new_observed,4578587.84,4578587.84,4550468.916302747,new_observed,20140666841.11,5546337.005598104,1,
3123528,Durandé,2025,ok,ok,4445.48,4445.48,4445.48,new_observed,5097724.35,5097724.35,5106389.798949137,new_observed,21654451288.89,5110835.278949138,1,
3123601,Elói Mendes,2019,ok,ok,2182121.49,2182121.49,2182121.49,new_observed,11875741.75,11875741.75,12191218.244590256,new_observed,12828054857.945,25040635.16457532,1,
3123601,Elói Mendes,2020,ok,ok,2708229.32,2708229.32,2708229.32,new_observed,12332561.4,12332561.4,11731053.81020622,new_observed,12945081975.46,24631380.260402296,1,
3123601,Elói Mendes,2021,ok,ok,2878993.91,2878993.91,2878993.91,new_observed,15342587.45,15342587.45,15083161.539363638,new_observed,16790773533.8425,24400189.406873435,1,
3123601,Elói Mendes,2022,ok,ok,3713131.66,3713131.66,3713131.66,new_observed,16161179.89,16161179.89,13679315.542924058,new_observed,17457373501.01,22107612.08013154,1,
3123601,Elói Mendes,2023,ok,ok,4190009.39,4190009.39,4190009.39,new_observed,16169151.19,16169151.19,14017700.66447383,new_observed,17975926235.1,22475682.9738242,1,
3123601,Elói Mendes,2024,ok,ok,6935841.53,6935841.53,6935841.53,new_observed,16504845.28,16504845.28,16403482.479660388,new_observed,20140666841.11,25036696.422541585,1,
3123601,Elói Mendes,2025,ok,ok,7562577.57,7562577.57,7562577.57,new_observed,18466578.59,18466578.59,18497969.301433206,new_observed,21654451288.89,26060546.871433206,1,
3123700,Engenheiro Caldas,2019,ok,ok,446539.59,446539.59,446539.59,new_observed,3818970.76,3818970.76,3920420.8869621735,new_observed,12828054857.945,7607937.0627112575,1,
3123700,Engenheiro Caldas,2020,ok,ok,444180.15,444180.15,444180.15,new_observed,4070748.1,4070748.1,3872201.6830092343,new_observed,12945081975.46,7363138.551908451,1,
3123700,Engenheiro Caldas,2021,ok,ok,463261.51,463261.51,463261.51,new_observed,5144772.44,5144772.44,5057780.120118268,new_observed,16790773533.8425,7499905.113163445,1,
3123700,Engenheiro Caldas,2022,ok,ok,977657.37,977657.37,977657.37,new_observed,5412617.97,5412617.97,4581404.923952682,new_observed,17457373501.01,7066147.235642046,1,
3123700,Engenheiro Caldas,2023,ok,ok,3722311.73,3722311.73,3722311.73,new_observed,5081348.32,5081348.32,4405229.3707129955,new_observed,17975926235.1,10032674.981633235,1,
3123700,Engenheiro Caldas,2024,ok,ok,3783436.02,3783436.02,3783436.02,new_observed,6667846.39,6667846.39,6626896.500991118,new_observed,20140666841.11,11167432.907563427,1,
3123700,Engenheiro Caldas,2025,ok,ok,4086709.09,4086709.09,4086709.09,new_observed,7395292.14,7395292.14,7407863.146610651,new_observed,21654451288.89,11494572.236610651,1,
3123809,Engenheiro Navarro,2019,ok,ok,726983.75,726983.75,726983.75,new_observed,2692233.15,2692233.15,2763751.737610048,new_observed,12828054857.945,6081414.300040614,1,
3123809,Engenheiro Navarro,2020,ok,ok,900148.52,900148.52,900148.52,new_observed,3087088.3,3087088.3,2936518.845481526,new_observed,12945081975.46,6544813.337315707,3,
3123809,Engenheiro Navarro,2021,ok,ok,1248955.56,1248955.56,1248955.56,new_observed,4067654.6,4067654.6,3998875.1322473697,new_observed,16790773533.8425,7128769.329884407,2,
3123809,Engenheiro Navarro,2022,ok,ok,1631258.92,1631258.92,1631258.92,new_observed,4299982.03,4299982.03,3639635.93114074,new_observed,17457373501.01,6699856.39885061,1,
3123809,Engenheiro Navarro,2023,ok,ok,1820477.81,1820477.81,1820477.81,new_observed,4267922.51,4267922.51,3700037.1572596948,new_observed,17975926235.1,6814549.654248984,3,
3123809,Engenheiro Navarro,2024,ok,ok,1543769.98,1543769.98,1543769.98,new_observed,5178519.11,5178519.11,5146715.770453531,new_observed,20140666841.11,7177057.081178196,1,
3123809,Engenheiro Navarro,2025,ok,ok,1985333.04,1985333.04,1985333.04,new_observed,4655420.97,4655420.97,4663334.562415463,new_observed,21654451288.89,6648667.602415463,1,
3123858,Entre Folhas,2019,ok,ok,94563.75,94563.75,94563.75,new_observed,2204906.62,2204906.62,2263479.484417202,new_observed,12828054857.945,4108084.9284621445,1,
3123858,Entre Folhas,2020,ok,ok,222119.74,222119.74,222119.74,new_observed,2444733.3,2444733.3,2325494.028669747,new_observed,12945081975.46,4345869.730988847,1,
3123858,Entre Folhas,2021,ok,ok,115887.2,115887.2,115887.2,new_observed,3080368.18,3080368.18,3028282.6160235163,new_observed,16790773533.8425,4271109.848404422,1,
3123858,Entre Folhas,2022,ok,ok,111763.11,111763.11,111763.11,new_observed,3192326.65,3192326.65,2702082.636210028,new_observed,17457373501.01,3576691.0478291465,1,
3123858,Entre Folhas,2023,ok,ok,175893.6,175893.6,175893.6,new_observed,3289815.25,3289815.25,2852075.837131259,new_observed,17975926235.1,3737739.7223364217,1,
3123858,Entre Folhas,2024,ok,ok,250977.45,250977.45,250977.45,new_observed,3599547.66,3599547.66,3577441.4103149083,new_observed,20140666841.11,4106843.9147750502,1,
3123858,Entre Folhas,2025,ok,ok,518007.54,518007.54,518007.54,new_observed,7632171.02,7632171.02,7645144.688995048,new_observed,21654451288.89,8163152.228995048,1,
3123908,Entre Rios de Minas,2019,ok,ok,778234.02,778234.02,778234.02,new_observed,4584414.22,4584414.22,4706198.185862622,new_observed,12828054857.945,9554749.86939547,5,
3123908,Entre Rios de Minas,2020,ok,ok,819844.22,819844.22,819844.22,new_observed,4874152.24,4874152.24,4636420.638990467,new_observed,12945081975.46,9307618.205928558,1,
3123908,Entre Rios de Minas,2021,ok,ok,872240.05,872240.05,872240.05,new_observed,6704462.94,6704462.94,6591098.006659683,new_observed,16790773533.8425,10138363.55572096,1,
3123908,Entre Rios de Minas,2022,ok,ok,1368403.4,1368403.4,1368403.4,new_observed,6523518.94,6523518.94,5521705.385243471,new_observed,17457373501.01,8758045.974603273,1,
3123908,Entre Rios de Minas,2023,ok,ok,1706429.41,1706429.41,1706429.41,new_observed,6373539.41,6373539.41,5525482.8514351435,new_observed,17975926235.1,8927106.527742075,1,
3123908,Entre Rios de Minas,2024,ok,ok,2055883.92,2055883.92,2055883.92,new_observed,7114830.26,7114830.26,7071135.26578103,new_observed,20140666841.11,9790789.506265454,1,
3123908,Entre Rios de Minas,2025,ok,ok,2398274.12,2398274.12,2398274.12,new_observed,7397508.0,7397508.0,7410082.77327601,new_observed,21654451288.89,9808356.89327601,1,
3124005,Ervália,2019,ok,ok,550678.88,550678.88,550678.88,new_observed,7462505.32,7462505.32,7660745.149458632,new_observed,12828054857.945,14305601.697319249,1,
3124005,Ervália,2020,ok,ok,718712.98,718712.98,718712.98,new_observed,8383755.71,8383755.71,7974846.925605709,new_observed,12945081975.46,14829986.912826959,1,
3124005,Ervália,2021,ok,ok,775538.69,775538.69,775538.69,new_observed,10215988.67,10215988.67,10043247.783079684,new_observed,16790773533.8425,14696478.929816676,1,
3124005,Ervália,2022,ok,ok,1348280.6,1348280.6,1348280.6,new_observed,11022579.0,11022579.0,9329847.03246245,new_observed,17457373501.01,13573012.508609194,1,
3124005,Ervália,2023,ok,ok,1119979.42,1119979.42,1119979.42,new_observed,11946995.84,11946995.84,10357340.936264329,new_observed,17975926235.1,14167658.258213112,1,
3124005,Ervália,2024,ok,ok,1409856.92,1409856.92,1409856.92,new_observed,10550198.94,10550198.94,10485405.984322052,new_observed,20140666841.11,12760356.130218748,1,
3124005,Ervália,2025,ok,ok,1900558.77,1900558.77,1900558.77,new_observed,10794724.59,10794724.59,10813074.176684625,new_observed,21654451288.89,12713632.946684625,1,
3124104,Esmeraldas,2019,ok,ok,2593006.94,2593006.94,2593006.94,new_observed,15718563.53,15718563.53,16136123.748707067,new_observed,12828054857.945,32629113.148763582,1,
3124104,Esmeraldas,2020,ok,ok,2865225.8,2865225.8,2865225.8,new_observed,16659267.21,16659267.21,15846729.137639971,new_observed,12945081975.46,31919955.674277294,1,
3124104,Esmeraldas,2021,ok,ok,3256869.05,3256869.05,3256869.05,new_observed,21462427.66,21462427.66,21099522.129345026,new_observed,16790773533.8425,33086260.70625477,1,
3124104,Esmeraldas,2022,ok,ok,4604363.16,4604363.16,4604363.16,new_observed,18430237.73,18430237.73,15599915.300477138,new_observed,17457373501.01,25681742.50303838,1,
3124104,Esmeraldas,2023,ok,ok,6010557.66,6010557.66,6010557.66,new_observed,19873756.62,19873756.62,17229375.129478592,new_observed,17975926235.1,28687482.398752272,1,
3124104,Esmeraldas,2024,ok,ok,7570065.78,7570065.78,7570065.78,new_observed,42931786.87,42931786.87,42668125.740985975,new_observed,20140666841.11,53891807.20948956,1,
3124104,Esmeraldas,2025,ok,ok,7085997.97,7085997.97,7085997.97,new_observed,48819911.44,48819911.44,48902898.75379713,new_observed,21654451288.89,55988896.72379713,1,
3124203,Espera Feliz,2019,ok,ok,1241118.99,1241118.99,1241118.99,new_observed,7637075.76,7637075.76,7839953.015198398,new_observed,12828054857.945,15820666.260199126,2,
3124203,Espera Feliz,2020,ok,ok,1206607.99,1206607.99,1206607.99,new_observed,7986763.42,7986763.42,7597217.513095587,new_observed,12945081975.46,15018084.46842734,2,
3124203,Espera Feliz,2021,ok,ok,1472926.05,1472926.05,1472926.05,new_observed,9795638.13,9795638.13,9630004.898289824,new_observed,16790773533.8425,15082467.072141195,1,
3124203,Espera Feliz,2022,ok,ok,1989899.69,1989899.69,1989899.69,new_observed,9418437.18,9418437.18,7972052.472861116,new_observed,17457373501.01,12662678.886288902,1,
3124203,Espera Feliz,2023,ok,ok,2469213.58,2469213.58,2469213.58,new_observed,8829970.01,8829970.01,7655063.337710123,new_observed,17975926235.1,12497455.070455017,4,
3124203,Espera Feliz,2024,ok,ok,3033199.87,3033199.87,3033199.87,new_observed,12123044.83,12123044.83,12048592.403953904,new_observed,20140666841.11,16178628.589008197,1,
3124203,Espera Feliz,2025,ok,ok,3261535.74,3261535.74,3261535.74,new_observed,12751403.25,12751403.25,12773078.92846087,new_observed,21654451288.89,16034614.66846087,1,
3124302,Espinosa,2019,ok,ok,1512407.53,1512407.53,1512407.53,new_observed,6477482.82,6477482.82,6649555.741156458,new_observed,12828054857.945,14219433.219673974,1,
3124302,Espinosa,2020,ok,ok,1773106.14,1773106.14,1773106.14,new_observed,7481891.44,7481891.44,7116970.127938003,new_observed,12945081975.46,15165216.106987694,1,
3124302,Espinosa,2021,ok,ok,1684921.25,1684921.25,1684921.25,new_observed,8817634.67,8817634.67,8668538.37764525,new_observed,16790773533.8425,14064368.646799093,1,
3124302,Espinosa,2022,ok,ok,1943393.13,1943393.13,1943393.13,new_observed,9121123.52,9121123.52,7720397.123558421,new_observed,17457373501.01,12283684.041513568,1,
3124302,Espinosa,2023,ok,ok,2802270.6,2802270.6,2802270.6,new_observed,9556337.18,9556337.18,8284780.843713663,new_observed,17975926235.1,13685908.476017267,1,
3124302,Espinosa,2024,ok,ok,5482127.41,5482127.41,5482127.41,new_observed,15199615.82,15199615.82,15106268.95140085,new_observed,20140666841.11,22085705.194974642,3,
3124302,Espinosa,2025,ok,ok,3883285.91,3883285.91,3883285.91,new_observed,16458580.5,16458580.5,16486557.883496232,new_observed,21654451288.89,20369843.793496232,1,
3124401,Espírito Santo do Dourado,2019,ok,ok,695706.94,695706.94,695706.94,new_observed,3354625.58,3354625.58,3443740.4783297153,new_observed,12828054857.945,7211573.266850947,1,
3124401,Espírito Santo do Dourado,2020,ok,ok,991642.3,991642.3,991642.3,new_observed,3969145.89,3969145.89,3775555.0129390676,new_observed,12945081975.46,8132166.170059248,1,
3124401,Espírito Santo do Dourado,2021,ok,ok,1225637.7,1225637.7,1225637.7,new_observed,5180723.54,5180723.54,5093123.327421793,new_observed,16790773533.8425,8583544.793413097,1,
3124401,Espírito Santo do Dourado,2022,ok,ok,706261.36,706261.36,706261.36,new_observed,5622987.7,5622987.7,4759468.279285443,new_observed,17457373501.01,6947511.709558902,1,
3124401,Espírito Santo do Dourado,2023,ok,ok,550778.05,550778.05,550778.05,new_observed,5591813.98,5591813.98,4847772.998222553,new_observed,17975926235.1,6663996.818646771,1,
3124401,Espírito Santo do Dourado,2024,ok,ok,754876.2,754876.2,754876.2,new_observed,5279060.62,5279060.62,5246639.815167968,new_observed,20140666841.11,6437981.429307399,3,
3124401,Espírito Santo do Dourado,2025,ok,ok,429133.95,429133.95,429133.95,new_observed,6159749.7,6159749.7,6170220.449867992,new_observed,21654451288.89,6599354.399867992,1,
3124500,Estiva,2019,ok,ok,1207204.28,1207204.28,1207204.28,new_observed,5469603.31,5469603.31,5614902.131358932,new_observed,12828054857.945,11885190.279725833,1,
3124500,Estiva,2020,ok,ok,1144752.78,1144752.78,1144752.78,new_observed,6080513.57,6080513.57,5783942.975816777,new_observed,12945081975.46,11819377.619456733,1,
3124500,Estiva,2021,ok,ok,1308252.69,1308252.69,1308252.69,new_observed,7268625.44,7268625.44,7145721.152832543,new_observed,16790773533.8425,11484065.12722702,1,
3124500,Estiva,2022,ok,ok,1556382.48,1556382.48,1556382.48,new_observed,7771599.93,7771599.93,6578119.199181597,new_observed,17457373501.01,10339798.965052553,1,
3124500,Estiva,2023,ok,ok,1822951.15,1822951.15,1822951.15,new_observed,9268375.64,9268375.64,8035135.168243861,new_observed,17975926235.1,12168868.141823327,1,
3124500,Estiva,2024,ok,ok,2178385.98,2178385.98,2178385.98,new_observed,13071948.85,13071948.85,12991668.828051671,new_observed,20140666841.11,16273310.091813307,1,
3124500,Estiva,2025,ok,ok,2266676.39,2266676.39,2266676.39,new_observed,16054892.62,16054892.62,16082183.788142996,new_observed,21654451288.89,18348860.178142995,1,
3124609,Estrela Dalva,2019,ok,ok,55262.5,55262.5,55262.5,new_observed,1830732.69,1830732.69,1879365.7054133732,new_observed,12828054857.945,3370428.861030075,1,
3124609,Estrela Dalva,2020,ok,ok,30020.94,30020.94,30020.94,new_observed,1930740.09,1930740.09,1836570.2918221345,new_observed,12945081975.46,3184141.346017577,1,
3124609,Estrela Dalva,2021,ok,ok,51255.77,51255.77,51255.77,new_observed,2439710.94,2439710.94,2398458.1699335664,new_observed,16790773533.8425,3327745.620259335,1,
3124609,Estrela Dalva,2022,ok,ok,113708.83,113708.83,113708.83,new_observed,2676848.27,2676848.27,2265766.0143067916,new_observed,17457373501.01,3024560.385241356,1,
3124609,Estrela Dalva,2023,ok,ok,106552.33,106552.33,106552.33,new_observed,2477068.83,2477068.83,2147472.6147475904,new_observed,17975926235.1,2782378.9988785856,1,
3124609,Estrela Dalva,2024,ok,ok,181980.53,181980.53,181980.53,new_observed,3037428.48,3037428.48,3018774.4271239536,new_observed,20140666841.11,3433532.61436742,1,
3124609,Estrela Dalva,2025,ok,ok,189662.95,189662.95,189662.95,new_observed,3257300.06,3257300.06,3262837.034038613,new_observed,21654451288.89,3452499.9840386133,1,
3124708,Estrela do Indaiá,2019,ok,ok,79415.23,79415.23,79415.23,new_observed,2694717.2,2694717.2,2766301.7758575943,new_observed,12828054857.945,4957689.906530206,1,
3124708,Estrela do Indaiá,2020,ok,ok,88467.91,88467.91,88467.91,new_observed,3004720.43,3004720.43,2858168.380897416,new_observed,12945081975.46,5026545.869050985,1,
3124708,Estrela do Indaiá,2021,ok,ok,96305.52,96305.52,96305.52,new_observed,3591631.51,3591631.51,3530901.0577090466,new_observed,16790773533.8425,4927277.673520716,1,
3124708,Estrela do Indaiá,2022,ok,ok,120055.62,120055.62,120055.62,new_observed,4048554.62,4048554.62,3426820.1032779296,new_observed,17457373501.01,4508448.504790141,1,
3124708,Estrela do Indaiá,2023,ok,ok,164809.99,164809.99,164809.99,new_observed,3737130.8,3737130.8,3239872.0429297695,new_observed,17975926235.1,4202755.523339542,1,
3124708,Estrela do Indaiá,2024,ok,ok,293528.59,293528.59,293528.59,new_observed,5225568.92,5225568.92,5193476.628911354,new_observed,20140666841.11,5886052.392859507,1,
3124708,Estrela do Indaiá,2025,ok,ok,227594.56,227594.56,227594.56,new_observed,6132656.96,6132656.96,6143081.655836968,new_observed,21654451288.89,6370676.215836967,2,
3124807,Estrela do Sul,2019,ok,ok,357270.71,357270.71,357270.71,new_observed,7605172.19,7605172.19,7807201.933805814,new_observed,12828054857.945,14223804.944420261,1,
3124807,Estrela do Sul,2020,ok,ok,392728.83,392728.83,392728.83,new_observed,10289563.5,10289563.5,9787700.963891719,new_observed,12945081975.46,17366377.209066793,1,
3124807,Estrela do Sul,2021,ok,ok,443360.78,443360.78,443360.78,new_observed,14045185.58,14045185.58,13807697.27686843,new_observed,16790773533.8425,19358952.59431455,1,
3124807,Estrela do Sul,2022,ok,ok,759726.46,759726.46,759726.46,new_observed,12918464.38,12918464.38,10934582.238849444,new_observed,17457373501.01,14864684.494543476,1,
3124807,Estrela do Sul,2023,ok,ok,895090.86,895090.86,895090.86,new_observed,14202698.77,14202698.77,12312902.368596792,new_observed,17975926235.1,16304008.996091021,2,
3124807,Estrela do Sul,2024,ok,ok,976162.36,976162.36,976162.36,new_observed,15958819.15,15958819.15,15860809.712667221,new_observed,20140666841.11,18061455.34822257,1,
3124807,Estrela do Sul,2025,ok,ok,1053946.6,1053946.6,1053946.6,new_observed,19386259.09,19386259.09,19419213.135163143,new_observed,21654451288.89,20473159.735163145,1,
3124906,Eugenópolis,2019,ok,ok,253553.8,253553.8,253553.8,new_observed,4071640.77,4071640.77,4179803.0207790197,new_observed,12828054857.945,7723610.013638467,5,
3124906,Eugenópolis,2020,ok,ok,178593.85,178593.85,178593.85,new_observed,4487030.64,4487030.64,4268180.484054516,new_observed,12945081975.46,7585569.765936827,1,
3124906,Eugenópolis,2021,ok,ok,267320.61,267320.61,267320.61,new_observed,5787499.7,5787499.7,5689639.584496459,new_observed,16790773533.8425,8092066.536484,1,
3124906,Eugenópolis,2022,ok,ok,370953.17,370953.17,370953.17,new_observed,6167046.83,6167046.83,5219976.519645036,new_observed,17457373501.01,7106654.015036045,1,
3124906,Eugenópolis,2023,ok,ok,384794.73,384794.73,384794.73,new_observed,6053550.91,6053550.91,5248071.690121488,new_observed,17975926235.1,6953236.816369612,1,
3124906,Eugenópolis,2024,ok,ok,424798.55,424798.55,424798.55,new_observed,7166020.28,7166020.28,7122010.907567323,new_observed,20140666841.11,8095657.666420483,1,
3124906,Eugenópolis,2025,ok,ok,410300.8,410300.8,410300.8,new_observed,7210528.57,7210528.57,7222785.50327644,new_observed,21654451288.89,7633086.30327644,1,
3125002,Ewbank da Câmara,2019,ok,ok,333703.44,333703.44,333703.44,new_observed,1863341.46,1863341.46,1912840.7202904562,new_observed,12828054857.945,3913835.875148762,1,
3125002,Ewbank da Câmara,2020,ok,partial,,,369618.96600396035,imputed_temporal,2343206.23,2343206.23,2228918.833725851,new_observed,12945081975.46,4432738.944794137,2,
3125002,Ewbank da Câmara,2021,ok,ok,480861.7,480861.7,480861.7,new_observed,2910916.93,2910916.93,2861696.5962190735,new_observed,16790773533.8425,4540605.1495980695,1,
3125002,Ewbank da Câmara,2022,ok,ok,646304.95,646304.95,646304.95,new_observed,3073029.41,3073029.41,2601105.8139441176,new_observed,17457373501.01,4127797.3476929823,1,
3125002,Ewbank da Câmara,2023,ok,ok,1378933.2,1378933.2,1378933.2,new_observed,3198347.53,3198347.53,2772778.7173037888,new_observed,17975926235.1,5124892.72801441,1,
3125002,Ewbank da Câmara,2024,ok,ok,1108132.14,1108132.14,1108132.14,new_observed,2859115.07,2859115.07,2841556.1104901186,new_observed,20140666841.11,4236932.72565521,1,
3125002,Ewbank da Câmara,2025,ok,ok,1362424.63,1362424.63,1362424.63,new_observed,3209597.07,3209597.07,3215052.955341738,new_observed,21654451288.89,4577477.585341739,1,
3125101,Extrema,2019,ok,ok,16199256.87,16199256.87,16199256.87,new_observed,193865672.14,193865672.14,199015671.5215638,new_observed,12828054857.945,374938504.4349945,1,
3125101,Extrema,2020,ok,ok,18466463.94,18466463.94,18466463.94,new_observed,238402937.21,238402937.21,226775087.04085788,new_observed,12945081975.46,418347492.9737786,1,
3125101,Extrema,2021,ok,ok,31668096.11,31668096.11,31668096.11,new_observed,337163247.02,337163247.02,331462195.4420749,new_observed,16790773533.8425,493284222.9442852,1,
3125101,Extrema,2022,ok,ok,45759015.84,45759015.84,45759015.84,new_observed,356991146.68,356991146.68,302168194.07397896,new_observed,17457373501.01,442251725.65753555,1,
3125101,Extrema,2023,ok,ok,62681057.61,62681057.61,62681057.61,new_observed,321812815.68,321812815.68,278992735.43707466,new_observed,17975926235.1,421763737.9997256,1,
3125101,Extrema,2024,ok,ok,75278688.78,75278688.78,75278688.78,new_observed,355339909.39,355339909.39,353157626.0860881,new_observed,20140666841.11,459594714.36511296,1,
3125101,Extrema,2025,ok,ok,86491322.27,86491322.27,86491322.27,new_observed,472361251.55,472361251.55,473164202.441383,new_observed,21654451288.89,559655524.711383,1,
3125200,Fama,2019,ok,ok,45397.86,45397.86,45397.86,new_observed,2156423.67,2156423.67,2213708.595403759,new_observed,12828054857.945,3935721.3836367377,1,
3125200,Fama,2020,ok,ok,60344.03,60344.03,60344.03,new_observed,2248575.72,2248575.72,2138903.826389479,new_observed,12945081975.46,3751606.6240353733,1,
3125200,Fama,2021,ok,ok,75700.47,75700.47,75700.47,new_observed,2861081.48,2861081.48,2812703.8076697807,new_observed,16790773533.8425,3923672.2818398154,1,
3125200,Fama,2022,ok,ok,103429.07,103429.07,103429.07,new_observed,3162661.63,3162661.63,2676973.25855758,new_observed,17457373501.01,3534180.980357454,1,
3125200,Fama,2023,ok,ok,158152.22,158152.22,158152.22,new_observed,3254077.09,3254077.09,2821092.95971906,new_observed,17975926235.1,3677594.2696982133,1,
3125200,Fama,2024,ok,ok,239304.12,239304.12,239304.12,new_observed,3598449.05,3598449.05,3576349.547314604,new_observed,20140666841.11,4093150.3621343873,1,
3125200,Fama,2025,ok,ok,315837.89,315837.89,315837.89,new_observed,4318224.53,4318224.53,4325564.933608844,new_observed,21654451288.89,4641402.823608844,1,
3125309,Faria Lemos,2019,ok,ok,58424.01,58424.01,58424.01,new_observed,2212902.26,2212902.26,2271687.526853387,new_observed,12828054857.945,4059423.4857398556,1,
3125309,Faria Lemos,2020,ok,partial,,,123242.34964129895,imputed_temporal,2433937.64,2433937.64,2315224.915525361,new_observed,12945081975.46,4159681.1918740617,1,
3125309,Faria Lemos,2021,ok,ok,229193.28,229193.28,229193.28,new_observed,2712140.07,2712140.07,2666280.829521425,new_observed,16790773533.8425,3933276.0978596224,1,
3125309,Faria Lemos,2022,ok,ok,119422.65,119422.65,119422.65,new_observed,3083508.59,3083508.59,2609975.711490385,new_observed,17457373501.01,3469349.6253840276,1,
3125309,Faria Lemos,2023,ok,ok,45366.96,45366.96,45366.96,new_observed,2938552.62,2938552.62,2547551.8491929765,new_observed,17975926235.1,3200711.179930486,1,
3125309,Faria Lemos,2024,ok,ok,94162.24,94162.24,94162.24,new_observed,3598104.81,3598104.81,3576007.4214289617,new_observed,20140666841.11,3937085.9067891324,1,
3125309,Faria Lemos,2025,ok,ok,372159.28,372159.28,372159.28,new_observed,3558555.92,3558555.92,3564604.9886706932,new_observed,21654451288.89,3936764.268670693,1,
3125408,Felício dos Santos,2019,ok,ok,143511.41,143511.41,143511.41,new_observed,2855768.97,2855768.97,2931631.851071427,new_observed,12828054857.945,5357386.7939667925,1,
3125408,Felício dos Santos,2020,ok,ok,139843.44,139843.44,139843.44,new_observed,3072398.33,3072398.33,2922545.3631731137,new_observed,12945081975.46,5224003.327309086,1,
3125408,Felício dos Santos,2021,ok,ok,136831.21,136831.21,136831.21,new_observed,3815199.22,3815199.22,3750688.488995,new_observed,16790773533.8425,5280892.777363763,1,
3125408,Felício dos Santos,2022,ok,ok,154695.3,154695.3,154695.3,new_observed,3987458.13,3987458.13,3375106.1708198027,new_observed,17457373501.01,4486745.35137542,1,
3125408,Felício dos Santos,2023,ok,ok,152692.62,152692.62,152692.62,new_observed,4065013.47,4065013.47,3524126.9841521024,new_observed,17975926235.1,4538683.421892428,1,
3125408,Felício dos Santos,2024,ok,ok,376357.82,376357.82,376357.82,new_observed,4458570.13,4458570.13,4431188.28265636,new_observed,20140666841.11,5157179.027968414,1,
3125408,Felício dos Santos,2025,ok,ok,379549.46,379549.46,379549.46,new_observed,4598308.29,4598308.29,4606124.798505289,new_observed,21654451288.89,4985674.2585052885,1,
3125507,São Gonçalo do Rio Preto,2019,ok,ok,295248.05,295248.05,295248.05,new_observed,2941637.83,2941637.83,3019781.79864621,new_observed,12828054857.945,5775307.237736664,1,
3125507,São Gonçalo do Rio Preto,2020,ok,ok,108045.72,108045.72,108045.72,new_observed,3194956.38,3194956.38,3039125.774394414,new_observed,12945081975.46,5368630.639353649,1,
3125507,São Gonçalo do Rio Preto,2021,ok,ok,108220.39,108220.39,108220.39,new_observed,3914084.17,3914084.17,3847901.405624775,new_observed,16790773533.8425,5374083.38336837,1,
3125507,São Gonçalo do Rio Preto,2022,ok,ok,92619.21,92619.21,92619.21,new_observed,3978135.29,3978135.29,3367215.0347156185,new_observed,17457373501.01,4397809.718857064,1,
3125507,São Gonçalo do Rio Preto,2023,ok,ok,178719.44,178719.44,178719.44,new_observed,3659812.88,3659812.88,3172841.9653564934,new_observed,17975926235.1,4137183.1706858817,1,
3125507,São Gonçalo do Rio Preto,2024,ok,ok,214272.11,214272.11,214272.11,new_observed,5063521.6,5063521.6,5032424.505768038,new_observed,20140666841.11,5628267.139861868,1,
3125507,São Gonçalo do Rio Preto,2025,ok,ok,537502.52,537502.52,537502.52,new_observed,5789350.84,5789350.84,5799191.961392268,new_observed,21654451288.89,6336694.481392268,1,
3125606,Felisburgo,2019,ok,ok,408615.09,408615.09,408615.09,new_observed,2778310.13,2778310.13,2852115.33384733,new_observed,12828054857.945,5680709.036404034,1,
3125606,Felisburgo,2020,ok,ok,163940.71,163940.71,163940.71,new_observed,2995296.15,2995296.15,2849203.7601494133,new_observed,12945081975.46,5139999.441420928,1,
3125606,Felisburgo,2021,ok,ok,332620.51,332620.51,332620.51,new_observed,3912881.66,3912881.66,3846719.2287174053,new_observed,16790773533.8425,5677307.576357181,1,
3125606,Felisburgo,2022,ok,ok,359779.14,359779.14,359779.14,new_observed,3807304.48,3807304.48,3222618.62712973,new_observed,17457373501.01,4553600.722681422,1,
3125606,Felisburgo,2023,ok,ok,301560.43,301560.43,301560.43,new_observed,3792856.02,3792856.02,3288182.5228209505,new_observed,17975926235.1,4431195.593720411,1,
3125606,Felisburgo,2024,ok,ok,298894.85,298894.85,298894.85,new_observed,4470189.42,4470189.42,4442736.213988505,new_observed,20140666841.11,5086470.261419558,1,
3125606,Felisburgo,2025,ok,ok,335304.76,335304.76,335304.76,new_observed,5102369.65,5102369.65,5111042.99533726,new_observed,21654451288.89,5446347.75533726,1,
3125705,Felixlândia,2019,ok,ok,2765763.36,2765763.36,2765763.36,new_observed,6667131.3,6667131.3,6844242.191746781,new_observed,12828054857.945,16742152.30380446,1,
3125705,Felixlândia,2020,ok,ok,2267783.03,2267783.03,2267783.03,new_observed,5887154.2,5887154.2,5600014.503814394,new_observed,12945081975.46,13421352.785986263,1,
3125705,Felixlândia,2021,ok,ok,2458870.29,2458870.29,2458870.29,new_observed,7623075.06,7623075.06,7494177.428115239,new_observed,16790773533.8425,13520440.249071844,1,
3125705,Felixlândia,2022,ok,ok,2709768.53,2709768.53,2709768.53,new_observed,8363436.2,8363436.2,7079067.467945481,new_observed,17457373501.01,12442630.20802633,2,
3125705,Felixlândia,2023,ok,ok,3355548.46,3355548.46,3355548.46,new_observed,9098170.08,9098170.08,7887576.983928983,new_observed,17975926235.1,13878566.956342429,2,
3125705,Felixlândia,2024,ok,ok,4056305.65,4056305.65,4056305.65,new_observed,10153666.22,10153666.22,10091308.529012127,new_observed,20140666841.11,15176511.588620154,4,
3125705,Felixlândia,2025,ok,ok,5199282.91,5199282.91,5199282.91,new_observed,10928573.4,10928573.4,10947150.51174293,new_observed,21654451288.89,16146433.421742931,1,
3125804,Fernandes Tourinho,2019,ok,ok,108166.11,108166.11,108166.11,new_observed,1989455.66,1989455.66,2042305.1165621171,new_observed,12828054857.945,3746461.6025646217,1,
3125804,Fernandes Tourinho,2020,ok,ok,107917.48,107917.48,107917.48,new_observed,2250714.12,2250714.12,2140937.9281996465,new_observed,12945081975.46,3836230.1099387486,5,
3125804,Fernandes Tourinho,2021,ok,ok,80691.85,80691.85,80691.85,new_observed,2641311.04,2641311.04,2596649.4388157823,new_observed,16790773533.8425,3636959.6476386217,1,
3125804,Fernandes Tourinho,2022,ok,ok,155307.16,155307.16,155307.16,new_observed,2872730.3,2872730.3,2431566.5385133517,new_observed,17457373501.01,3288185.932650897,1,
3125804,Fernandes Tourinho,2023,ok,ok,113277.09,113277.09,113277.09,new_observed,2882469.14,2882469.14,2498930.7790066693,new_observed,17975926235.1,3224521.6861357493,1,
3125804,Fernandes Tourinho,2024,ok,ok,247190.55,247190.55,247190.55,new_observed,3559120.99,3559120.99,3537263.0165277473,new_observed,20140666841.11,4059681.207182431,1,
3125804,Fernandes Tourinho,2025,ok,ok,326336.46,326336.46,326336.46,new_observed,3690546.47,3690546.47,3696819.9049357683,new_observed,21654451288.89,4023156.3649357683,1,
3125903,Ferros,2019,ok,ok,652799.79,652799.79,652799.79,new_observed,2902615.3,2902615.3,2979722.643630813,new_observed,12828054857.945,6328429.625077493,1,
3125903,Ferros,2020,ok,ok,367516.89,367516.89,367516.89,new_observed,3070764.49,3070764.49,2920991.2119845967,new_observed,12945081975.46,5609730.955406481,1,
3125903,Ferros,2021,ok,ok,405392.0,405392.0,405392.0,new_observed,4033711.03,4033711.03,3965505.5098677557,new_observed,16790773533.8425,5937523.891242301,1,
3125903,Ferros,2022,ok,ok,611792.89,611792.89,611792.89,new_observed,4950599.69,4950599.69,4190338.5611167797,new_observed,17457373501.01,6104009.288654931,1,
3125903,Ferros,2023,ok,ok,728989.87,728989.87,728989.87,new_observed,4965683.86,4965683.86,4304955.104071173,new_observed,17975926235.1,6213925.364936231,1,
3125903,Ferros,2024,ok,ok,853722.46,853722.46,853722.46,new_observed,5204252.48,5204252.48,5172291.101623047,new_observed,20140666841.11,6464260.580898896,1,
3125903,Ferros,2025,ok,ok,1085395.12,1085395.12,1085395.12,new_observed,5292836.37,5292836.37,5301833.483262975,new_observed,21654451288.89,6387228.603262975,1,
3125952,Fervedouro,2019,ok,ok,223132.7,223132.7,223132.7,new_observed,4040501.05,4040501.05,4147836.0808954174,new_observed,12828054857.945,7614920.1632483965,1,
3125952,Fervedouro,2020,ok,ok,293616.91,293616.91,293616.91,new_observed,4465761.19,4465761.19,4247948.428898198,new_observed,12945081975.46,7747269.849280024,1,
3125952,Fervedouro,2021,ok,ok,290387.95,290387.95,290387.95,new_observed,5465612.83,5465612.83,5373195.459707707,new_observed,16790773533.8425,7693537.0205467185,2,
3125952,Fervedouro,2022,ok,ok,752623.05,752623.05,752623.05,new_observed,5677973.34,5677973.34,4806009.801934729,new_observed,17457373501.01,7065601.370104376,1,
3125952,Fervedouro,2023,ok,ok,1039023.89,1039023.89,1039023.89,new_observed,5538327.46,5538327.46,4801403.339225977,new_observed,17975926235.1,7209450.855876282,1,
3125952,Fervedouro,2024,ok,ok,1916801.19,1916801.19,1916801.19,new_observed,5442955.03,5442955.03,5409527.684599077,new_observed,20140666841.11,7859142.443419332,1,
3125952,Fervedouro,2025,ok,ok,1892726.77,1892726.77,1892726.77,new_observed,5564208.46,5564208.46,5573666.869486675,new_observed,21654451288.89,7466393.639486674,1,
3126000,Florestal,2019,ok,ok,258651.75,258651.75,258651.75,new_observed,4277959.78,4277959.78,4391602.85037011,new_observed,12828054857.945,8101480.311498075,1,
3126000,Florestal,2020,ok,ok,584225.55,584225.55,584225.55,new_observed,4553721.73,4553721.73,4331618.786940347,new_observed,12945081975.46,8385737.025325133,1,
3126000,Florestal,2021,ok,ok,522539.39,522539.39,522539.39,new_observed,5492490.88,5492490.88,5399619.032089762,new_observed,16790773533.8425,8044791.038795976,1,
3126000,Florestal,2022,ok,ok,805309.63,805309.63,805309.63,new_observed,5953550.29,5953550.29,5039266.536966753,new_observed,17457373501.01,7429065.108811143,1,
3126000,Florestal,2023,ok,ok,1174001.39,1174001.39,1174001.39,new_observed,5898225.91,5898225.91,5113414.073891393,new_observed,17975926235.1,7761215.236202666,1,
3126000,Florestal,2024,ok,ok,1377504.57,1377504.57,1377504.57,new_observed,5301875.25,5301875.25,5269314.331477335,new_observed,20140666841.11,7130214.523052112,1,
3126000,Florestal,2025,ok,ok,1805404.77,1805404.77,1805404.77,new_observed,5850176.59,5850176.59,5860121.107024362,new_observed,21654451288.89,7665525.877024362,1,
3126109,Formiga,2019,ok,ok,10514898.46,10514898.46,10514898.46,new_observed,24140836.08,24140836.08,24782132.135717645,new_observed,12828054857.945,61493019.84514837,1,
3126109,Formiga,2020,ok,ok,11026985.37,11026985.37,11026985.37,new_observed,25755103.73,25755103.73,24498925.887697008,new_observed,12945081975.46,60602193.432655856,1,
3126109,Formiga,2021,ok,ok,13554215.78,13554215.78,13554215.78,new_observed,32673180.55,32673180.55,32120713.787454672,new_observed,16790773533.8425,62045834.963029526,1,
3126109,Formiga,2022,ok,ok,21176640.56,21176640.56,21176640.56,new_observed,33793318.58,33793318.58,28603695.475502707,new_observed,17457373501.01,63275992.47255235,3,
3126109,Formiga,2023,ok,ok,22604658.53,22604658.53,22604658.53,new_observed,33917635.3,33917635.3,29404589.844903972,new_observed,17975926235.1,64200460.94121547,3,
3126109,Formiga,2024,ok,ok,25806097.38,25806097.38,25806097.38,new_observed,38201054.76,38201054.76,37966446.93298253,new_observed,20140666841.11,68410457.449254,1,
3126109,Formiga,2025,ok,ok,28512671.05,28512671.05,28512671.05,new_observed,44045667.46,44045667.46,44120539.198171824,new_observed,21654451288.89,72633210.24817182,1,
3126208,Formoso,2019,ok,ok,705000.47,705000.47,705000.47,new_observed,7687588.53,7687588.53,7891807.645938309,new_observed,12828054857.945,14977001.837159181,3,
3126208,Formoso,2020,ok,ok,896480.67,896480.67,896480.67,new_observed,8877601.13,8877601.13,8444605.55952128,new_observed,12945081975.46,15934575.483406298,1,
3126208,Formoso,2021,ok,ok,511112.91,511112.91,511112.91,new_observed,11465169.52,11465169.52,11271306.388828715,new_observed,16790773533.8425,16005499.082394749,1,
3126208,Formoso,2022,ok,ok,548501.33,548501.33,548501.33,new_observed,12973559.94,12973559.94,10981216.801139073,new_observed,17457373501.01,14655472.7383981,1,
3126208,Formoso,2023,ok,ok,750598.31,750598.31,750598.31,new_observed,14338307.34,14338307.34,12430467.002600154,new_observed,17975926235.1,16270769.04986629,1,
3126208,Formoso,2024,ok,ok,912146.11,912146.11,912146.11,new_observed,16972063.89,16972063.89,16867831.71488729,new_observed,20140666841.11,19073042.00485718,1,
3126208,Formoso,2025,ok,ok,963151.7,963151.7,963151.7,new_observed,18683004.49,18683004.49,18714763.096489698,new_observed,21654451288.89,19677914.796489697,1,
3126307,Fortaleza de Minas,2019,ok,ok,182451.22,182451.22,182451.22,new_observed,2165219.07,2165219.07,2222737.6432902594,new_observed,12828054857.945,4190220.0838271584,4,
3126307,Fortaleza de Minas,2020,ok,ok,119112.44,119112.44,119112.44,new_observed,2552971.02,2552971.02,2428452.5687840525,new_observed,12945081975.46,4345786.553501768,1,
3126307,Fortaleza de Minas,2021,ok,ok,202511.67,202511.67,202511.67,new_observed,3333851.93,3333851.93,3277480.2406949447,new_observed,16790773533.8425,4727298.0124638835,1,
3126307,Fortaleza de Minas,2022,ok,ok,286275.5,286275.5,286275.5,new_observed,3363311.42,3363311.42,2846809.3602353917,new_observed,17457373501.01,3982477.2153151734,1,
3126307,Fortaleza de Minas,2023,ok,ok,306993.09,306993.09,306993.09,new_observed,3569122.83,3569122.83,3094219.0395635553,new_observed,17975926235.1,4198472.258295474,1,
3126307,Fortaleza de Minas,2024,ok,ok,306993.09,306993.09,306993.09,new_observed,3569122.83,3569122.83,3547203.4312617867,new_observed,20140666841.11,4134496.2782857954,1,
3126307,Fortaleza de Minas,2025,ok,ok,374586.42,374586.42,374586.42,new_observed,3724265.29,3724265.29,3730596.0424157404,new_observed,21654451288.89,4105182.4624157404,1,
3126406,Fortuna de Minas,2019,ok,ok,64487.65,64487.65,64487.65,new_observed,2342620.96,2342620.96,2404852.175882954,new_observed,12828054857.945,4301981.22489823,1,
3126406,Fortuna de Minas,2020,ok,ok,103521.93,103521.93,103521.93,new_observed,2637157.32,2637157.32,2508532.7713753944,new_observed,12945081975.46,4455796.872349994,1,
3126406,Fortuna de Minas,2021,ok,ok,67832.72,67832.72,67832.72,new_observed,3363159.34,3363159.34,3306292.095329696,new_observed,16790773533.8425,4583485.807623004,1,
3126406,Fortuna de Minas,2022,ok,ok,123251.41,123251.41,123251.41,new_observed,3628830.4,3628830.4,3071552.722711221,new_observed,17457373501.01,4060928.839623349,1,
3126406,Fortuna de Minas,2023,ok,ok,212008.18,212008.18,212008.18,new_observed,3703056.05,3703056.05,3210331.2439042656,new_observed,17975926235.1,4224551.889851327,1,
3126406,Fortuna de Minas,2024,ok,ok,531565.41,531565.41,531565.41,new_observed,5764697.48,5764697.48,5729294.186617325,new_observed,20140666841.11,6716185.995780475,1,
3126406,Fortuna de Minas,2025,ok,ok,556780.13,556780.13,556780.13,new_observed,5133301.6,5133301.6,5142027.525511317,new_observed,21654451288.89,5698807.655511317,1,
3126505,Francisco Badaró,2019,ok,ok,91813.74,91813.74,91813.74,new_observed,2530735.97,2530735.97,2597964.420176518,new_observed,12828054857.945,4686019.7300236495,1,
3126505,Francisco Badaró,2020,ok,ok,120944.08,120944.08,120944.08,new_observed,2759643.52,2759643.52,2625044.837004168,new_observed,12945081975.46,4684269.751874722,1,
3126505,Francisco Badaró,2021,ok,ok,170678.88,170678.88,170678.88,new_observed,3508654.01,3508654.01,3449326.613977748,new_observed,16790773533.8425,4917495.562043406,1,
3126505,Francisco Badaró,2022,ok,ok,194534.14,194534.14,194534.14,new_observed,3559495.87,3559495.87,3012865.8619531645,new_observed,17457373501.01,4076939.501479268,1,
3126505,Francisco Badaró,2023,ok,ok,250010.25,250010.25,250010.25,new_observed,3496684.77,3496684.77,3031419.5128683513,new_observed,17975926235.1,4050612.3411701866,1,
3126505,Francisco Badaró,2024,ok,ok,405121.5,405121.5,405121.5,new_observed,4737656.89,4737656.89,4708561.060183251,new_observed,20140666841.11,5485579.522678569,3,
3126505,Francisco Badaró,2025,ok,ok,508564.34,508564.34,508564.34,new_observed,4641169.71,4641169.71,4649059.077181317,new_observed,21654451288.89,5157623.417181317,6,
3126604,Francisco Dumont,2019,ok,ok,389151.2,389151.2,389151.2,new_observed,2807303.04,2807303.04,2881878.434190579,new_observed,12828054857.945,5698651.892653921,1,
3126604,Francisco Dumont,2020,ok,ok,487568.66,487568.66,487568.66,new_observed,3261681.08,3261681.08,3102596.0479881763,new_observed,12945081975.46,6124314.574519323,1,
3126604,Francisco Dumont,2021,ok,ok,559021.15,559021.15,559021.15,new_observed,4410261.64,4410261.64,4335689.072248291,new_observed,16790773533.8425,6649082.670022718,1,
3126604,Francisco Dumont,2022,ok,ok,980608.28,980608.28,980608.28,new_observed,5187702.98,5187702.98,4391030.016954254,new_observed,17457373501.01,6827911.812426136,1,
3126604,Francisco Dumont,2023,ok,ok,1276177.63,1276177.63,1276177.63,new_observed,5421680.72,5421680.72,4700277.493744491,new_observed,17975926235.1,7377364.328995528,1,
3126604,Francisco Dumont,2024,ok,ok,1083137.59,1083137.59,1083137.59,new_observed,6219913.48,6219913.48,6181714.524632216,new_observed,20140666841.11,7793194.733207388,1,
3126604,Francisco Dumont,2025,ok,ok,1159764.18,1159764.18,1159764.18,new_observed,6931610.75,6931610.75,6943393.5603219075,new_observed,21654451288.89,8103157.740321907,1,
3126703,Francisco Sá,2019,ok,ok,2099095.56,2099095.56,2099095.56,new_observed,7619006.6,7619006.6,7821403.85189612,new_observed,12828054857.945,17283081.803587273,1,
3126703,Francisco Sá,2020,ok,ok,2041185.78,2041185.78,2041185.78,new_observed,6290623.11,6290623.11,5983804.646059722,new_observed,12945081975.46,13689501.687023282,1,
3126703,Francisco Sá,2021,ok,ok,2806883.01,2806883.01,2806883.01,new_observed,8553547.9,8553547.9,8408917.018125556,new_observed,16790773533.8425,15235790.927618068,1,
3126703,Francisco Sá,2022,ok,ok,2407928.61,2407928.61,2407928.61,new_observed,9071755.64,9071755.64,7678610.644303706,new_observed,17457373501.01,12821042.057133632,1,
3126703,Francisco Sá,2023,ok,ok,2268822.9,2268822.9,2268822.9,new_observed,10076644.09,10076644.09,8735856.25468193,new_observed,17975926235.1,13584227.734805632,1,
3126703,Francisco Sá,2024,ok,ok,3132003.81,3132003.81,3132003.81,new_observed,11400275.5,11400275.5,11330261.887044579,new_observed,20140666841.11,15514046.408934986,1,
3126703,Francisco Sá,2025,ok,ok,4844514.04,4844514.04,4844514.04,new_observed,12245378.66,12245378.66,12266194.164400723,new_observed,21654451288.89,17110708.204400722,1,
3126752,Franciscópolis,2019,ok,ok,114791.03,114791.03,114791.03,new_observed,3394390.96,3394390.96,3484562.2169936653,new_observed,12828054857.945,6270643.646548947,1,
3126752,Franciscópolis,2020,ok,ok,98107.48,98107.48,98107.48,new_observed,3182375.22,3182375.22,3027158.2471170058,new_observed,12945081975.46,5331262.4903368205,1,
3126752,Franciscópolis,2021,ok,ok,89018.7,89018.7,89018.7,new_observed,4150334.92,4150334.92,4080157.4209584747,new_observed,16790773533.8425,5663501.093105432,1,
3126752,Franciscópolis,2022,ok,ok,244922.05,244922.05,244922.05,new_observed,4740996.79,4740996.79,4012924.274082817,new_observed,17457373501.01,5412166.196704709,1,
3126752,Franciscópolis,2023,ok,ok,290973.27,290973.27,290973.27,new_observed,4695116.79,4695116.79,4070389.4084229437,new_observed,17975926235.1,5383686.614122964,1,
3126752,Franciscópolis,2024,ok,ok,315867.63,315867.63,315867.63,new_observed,4995349.05,4995349.05,4964670.63043339,new_observed,20140666841.11,5664569.947242888,1,
3126752,Franciscópolis,2025,ok,ok,404165.86,404165.86,404165.86,new_observed,4917062.19,4917062.19,4925420.53746286,new_observed,21654451288.89,5329586.397462861,1,
3126802,Frei Gaspar,2019,ok,ok,283987.25,283987.25,283987.25,new_observed,2688349.46,2688349.46,2759764.878230563,new_observed,12828054857.945,5302698.466870543,1,
3126802,Frei Gaspar,2020,ok,ok,110327.67,110327.67,110327.67,new_observed,2782078.23,2782078.23,2646385.31784105,new_observed,12945081975.46,4702563.504018839,1,
3126802,Frei Gaspar,2021,ok,ok,148362.25,148362.25,148362.25,new_observed,3540932.1,3540932.1,3481058.9177523716,new_observed,16790773533.8425,4930286.021637291,1,
3126802,Frei Gaspar,2022,ok,ok,279157.89,279157.89,279157.89,new_observed,3825759.6,3825759.6,3238239.603542395,new_observed,17457373501.01,4470978.604194863,1,
3126802,Frei Gaspar,2023,ok,ok,275753.29,275753.29,275753.29,new_observed,4400877.51,4400877.51,3815301.302541345,new_observed,17975926235.1,5050017.040883946,1,
3126802,Frei Gaspar,2024,ok,ok,490946.95,490946.95,490946.95,new_observed,6234956.53,6234956.53,6196665.1892964095,new_observed,20140666841.11,7173974.484178063,1,
3126802,Frei Gaspar,2025,ok,ok,419816.57,419816.57,419816.57,new_observed,5307095.9,5307095.9,5316117.2525550155,new_observed,21654451288.89,5735933.822555016,1,
3126901,Frei Inocêncio,2019,ok,ok,714627.9,714627.9,714627.9,new_observed,3493259.8,3493259.8,3586057.4862074372,new_observed,12828054857.945,7492475.353829876,1,
3126901,Frei Inocêncio,2020,ok,ok,691860.1,691860.1,691860.1,new_observed,3717272.11,3717272.11,3535966.1091643786,new_observed,12945081975.46,7212075.149006076,1,
3126901,Frei Inocêncio,2021,ok,ok,418475.44,418475.44,418475.44,new_observed,4597895.66,4597895.66,4520150.411847187,new_observed,16790773533.8425,6708738.632980834,1,
3126901,Frei Inocêncio,2022,ok,ok,507189.98,507189.98,507189.98,new_observed,5068466.09,5068466.09,4290104.276768899,new_observed,17457373501.01,6097860.71077216,1,
3126901,Frei Inocêncio,2023,ok,ok,812928.8,812928.8,812928.8,new_observed,4951659.28,4951659.28,4292796.620173357,new_observed,17975926235.1,6302531.485392107,1,
3126901,Frei Inocêncio,2024,ok,ok,1136110.2,1136110.2,1136110.2,new_observed,5408333.02,5408333.02,5375118.302092848,new_observed,20140666841.11,6984763.195250355,1,
3126901,Frei Inocêncio,2025,ok,ok,2369586.02,2369586.02,2369586.02,new_observed,6058665.31,6058665.31,6068964.229937426,new_observed,21654451288.89,8438550.249937426,1,
3126950,Frei Lagonegro,2019,ok,ok,50441.16,50441.16,50441.16,new_observed,1765283.17,1765283.17,1812177.5331610022,new_observed,12828054857.945,3244976.881324118,1,
3126950,Frei Lagonegro,2020,ok,ok,46180.24,46180.24,46180.24,new_observed,2378134.58,2378134.58,2262143.5905352286,new_observed,12945081975.46,3937674.850015191,1,
3126950,Frei Lagonegro,2021,ok,ok,73415.08,73415.08,73415.08,new_observed,2710092.51,2710092.51,2664267.891459824,new_observed,16790773533.8425,3718929.124508739,1,
3126950,Frei Lagonegro,2022,ok,ok,36660.94,36660.94,36660.94,new_observed,2229430.04,2229430.04,1887057.5790635422,new_observed,17457373501.01,2445246.6219746163,1,
3126950,Frei Lagonegro,2023,ok,ok,56082.31,56082.31,56082.31,new_observed,2721089.7,2721089.7,2359024.3202978484,new_observed,17975926235.1,2981218.9895465644,1,
3126950,Frei Lagonegro,2024,ok,ok,182294.51,182294.51,182294.51,new_observed,4578575.96,4578575.96,4550457.109262538,new_observed,20140666841.11,5076945.051438636,1,
3126950,Frei Lagonegro,2025,ok,ok,368595.83,368595.83,368595.83,new_observed,4941107.29,4941107.29,4949506.510913879,new_observed,21654451288.89,5318102.340913879,1,
3127008,Fronteira,2019,ok,ok,3774488.35,3774488.35,3774488.35,new_observed,40784789.6,40784789.6,41868228.658078976,new_observed,12828054857.945,79516844.77120891,2,
3127008,Fronteira,2020,ok,ok,2480181.71,2480181.71,2480181.71,new_observed,30107305.13,30107305.13,28638853.284795135,new_observed,12945081975.46,53084684.14820938,1,
3127008,Fronteira,2021,ok,ok,2647292.33,2647292.33,2647292.33,new_observed,41846189.26,41846189.26,41138617.22947936,new_observed,16790773533.8425,59479748.38628718,1,
3127008,Fronteira,2022,ok,ok,3396107.54,3396107.54,3396107.54,new_observed,51653874.08,51653874.08,43721414.362326376,new_observed,17457373501.01,59891278.33710528,1,
3127008,Fronteira,2023,ok,ok,4758103.54,4758103.54,4758103.54,new_observed,36428325.91,36428325.91,31581210.560396533,new_observed,17975926235.1,44857420.332550146,1,
3127008,Fronteira,2024,ok,ok,4479017.18,4479017.18,4479017.18,new_observed,29198927.6,29198927.6,29019605.40592673,new_observed,20140666841.11,35934838.725834474,6,
3127008,Fronteira,2025,ok,ok,5848918.68,5848918.68,5848918.68,new_observed,37022000.34,37022000.34,37084932.78434475,new_observed,21654451288.89,42933851.46434475,1,
3127057,Fronteira dos Vales,2019,ok,ok,377697.6,377697.6,377697.6,new_observed,1952579.75,1952579.75,2004449.6060397644,new_observed,12828054857.945,4150077.866120559,1,
3127057,Fronteira dos Vales,2020,ok,ok,96869.57,96869.57,96869.57,new_observed,2154580.49,2154580.49,2049493.1139455326,new_observed,12945081975.46,3661391.9796615993,1,
3127057,Fronteira dos Vales,2021,ok,ok,94018.58,94018.58,94018.58,new_observed,2715492.92,2715492.92,2669576.986596107,new_observed,16790773533.8425,3754129.367103863,1,
3127057,Fronteira dos Vales,2022,ok,ok,147694.04,147694.04,147694.04,new_observed,2697076.15,2697076.15,2282887.5088491314,new_observed,17457373501.01,3089522.330247347,1,
3127057,Fronteira dos Vales,2023,ok,ok,163221.11,163221.11,163221.11,new_observed,2888309.6,2888309.6,2503994.1134427693,new_observed,17975926235.1,3292423.0233075144,1,
3127057,Fronteira dos Vales,2024,ok,ok,321744.12,321744.12,321744.12,new_observed,3552080.68,3552080.68,3530265.943863496,new_observed,20140666841.11,4132150.808892631,1,
3127057,Fronteira dos Vales,2025,ok,ok,506882.08,506882.08,506882.08,new_observed,3387527.24,3387527.24,3393285.5828107554,new_observed,21654451288.89,3900167.6628107554,1,
3127073,Fruta de Leite,2019,ok,ok,316766.89,316766.89,316766.89,new_observed,1695126.97,1695126.97,1740157.6489789365,new_observed,12828054857.945,3583488.4510299335,1,
3127073,Fruta de Leite,2020,ok,ok,399129.47,399129.47,399129.47,new_observed,1989336.37,1989336.37,1892308.600472105,new_observed,12945081975.46,3908870.12519955,1,
3127073,Fruta de Leite,2021,ok,ok,155220.86,155220.86,155220.86,new_observed,2715546.43,2715546.43,2669629.591802146,new_observed,16790773533.8425,3837339.358540419,1,
3127073,Fruta de Leite,2022,ok,ok,412668.5,412668.5,412668.5,new_observed,2861061.92,2861061.92,2421690.065818836,new_observed,17457373501.01,3602764.978270919,1,
3127073,Fruta de Leite,2023,ok,ok,432296.68,432296.68,432296.68,new_observed,3067578.13,3067578.13,2659409.3583477954,new_observed,17975926235.1,3816416.482812402,1,
3127073,Fruta de Leite,2024,ok,ok,737992.54,737992.54,737992.54,new_observed,3300865.54,3300865.54,3280593.6156648863,new_observed,20140666841.11,4310841.290243274,1,
3127073,Fruta de Leite,2025,ok,ok,526183.46,526183.46,526183.46,new_observed,3738090.04,3738090.04,3744444.2926399843,new_observed,21654451288.89,4270627.752639985,1,
3127107,Frutal,2019,ok,ok,10144214.29,10144214.29,10144214.29,new_observed,55935267.33,55935267.33,57421175.53116456,new_observed,12828054857.945,117709614.29322419,1,
3127107,Frutal,2020,ok,ok,10224139.51,10224139.51,10224139.51,new_observed,48741628.77,48741628.77,46364307.57182085,new_observed,12945081975.46,96531908.5337497,1,
3127107,Frutal,2021,ok,ok,13336394.59,13336394.59,13336394.59,new_observed,65773764.68,65773764.68,64661604.240719534,new_observed,16790773533.8425,105954207.45532377,1,
3127107,Frutal,2022,ok,ok,15487150.61,15487150.61,15487150.61,new_observed,67501041.92,67501041.92,57134940.52938386,new_observed,17457373501.01,92310242.52225618,1,
3127107,Frutal,2023,ok,ok,18071229.07,18071229.07,18071229.07,new_observed,69112639.19,69112639.19,59916582.9370418,new_observed,17975926235.1,96268522.13970657,1,
3127107,Frutal,2024,ok,ok,21143245.48,21143245.48,21143245.48,new_observed,113645215.48,113645215.48,112947275.14243078,new_observed,20140666841.11,143842369.0666781,1,
3127107,Frutal,2025,ok,ok,23979772.45,23979772.45,23979772.45,new_observed,109679871.77,109679871.77,109866312.86887404,new_observed,21654451288.89,133846085.31887405,1,
3127206,Funilândia,2019,ok,ok,110936.85,110936.85,110936.85,new_observed,2516716.38,2516716.38,2583572.4028198193,new_observed,12828054857.945,4694262.043014109,1,
3127206,Funilândia,2020,ok,ok,199369.84,199369.84,199369.84,new_observed,2545566.06,2545566.06,2421408.7778468006,new_observed,12945081975.46,4470678.643282075,1,
3127206,Funilândia,2021,ok,ok,271565.85,271565.85,271565.85,new_observed,3897562.24,3897562.24,3831658.8428924996,new_observed,16790773533.8425,5573911.213928621,1,
3127206,Funilândia,2022,ok,ok,411875.33,411875.33,411875.33,new_observed,3948927.15,3948927.15,3342492.3742291075,new_observed,17457373501.01,4772192.425992643,1,
3127206,Funilândia,2023,ok,ok,518165.79,518165.79,518165.79,new_observed,3790214.3,3790214.3,3285892.307350502,new_observed,17975926235.1,4695747.216660603,1,
3127206,Funilândia,2024,ok,ok,627372.33,627372.33,627372.33,new_observed,3460827.74,3460827.74,3439573.424357036,new_observed,20140666841.11,4362717.882344661,2,
3127206,Funilândia,2025,ok,ok,690856.41,690856.41,690856.41,new_observed,3821076.04,3821076.04,3827571.357730429,new_observed,21654451288.89,4518427.767730429,1,
3127305,Galiléia,2019,ok,ok,448838.02,448838.02,448838.02,new_observed,3009935.88,3009935.88,3089894.17147799,new_observed,12828054857.945,6165032.16289311,1,
3127305,Galiléia,2020,ok,ok,264972.08,264972.08,264972.08,new_observed,3087337.04,3087337.04,2936755.4534520935,new_observed,12945081975.46,5461695.546483277,2,
3127305,Galiléia,2021,ok,ok,274326.57,274326.57,274326.57,new_observed,4043356.09,4043356.09,3974987.482742993,new_observed,16790773533.8425,5772362.232834998,1,
3127305,Galiléia,2022,ok,ok,317035.79,317035.79,317035.79,new_observed,4540448.91,4540448.91,3843174.4321370586,new_observed,17457373501.01,5288060.540861745,3,
3127305,Galiléia,2023,ok,ok,418532.66,418532.66,418532.66,new_observed,4825792.68,4825792.68,4183677.699722773,new_observed,17975926235.1,5680990.125310277,1,
3127305,Galiléia,2024,ok,ok,440403.28,440403.28,440403.28,new_observed,4839791.78,4839791.78,4810068.699319209,new_observed,20140666841.11,5632317.069974507,1,
3127305,Galiléia,2025,ok,ok,537825.71,537825.71,537825.71,new_observed,5022524.95,5022524.95,5031062.570036281,new_observed,21654451288.89,5568888.280036281,1,
3127339,Gameleiras,2019,ok,ok,61120.37,61120.37,61120.37,new_observed,2843900.89,2843900.89,2919448.4981095577,new_observed,12828054857.945,5192623.216830287,1,
3127339,Gameleiras,2020,ok,ok,312810.52,312810.52,312810.52,new_observed,3283210.85,3283210.85,3123075.726312856,new_observed,12945081975.46,5861137.280934358,1,
3127339,Gameleiras,2021,ok,ok,352445.83,352445.83,352445.83,new_observed,4404658.88,4404658.88,4330181.048623093,new_observed,16790773533.8425,6360983.963323172,1,
3127339,Gameleiras,2022,ok,ok,161371.26,161371.26,161371.26,new_observed,4513571.77,4513571.77,3820424.8011414376,new_observed,17457373501.01,5061277.557715464,5,
3127339,Gameleiras,2023,ok,ok,168950.91,168950.91,168950.91,new_observed,4786718.54,4786718.54,4149802.724357308,new_observed,17975926235.1,5331089.809616973,1,
3127339,Gameleiras,2024,ok,ok,229671.54,229671.54,229671.54,new_observed,6742240.51,6742240.51,6700833.737197052,new_observed,20140666841.11,7434532.234446229,1,
3127339,Gameleiras,2025,ok,ok,311197.99,311197.99,311197.99,new_observed,6598046.22,6598046.22,6609262.015276074,new_observed,21654451288.89,6920460.005276075,1,
3127354,Glaucilândia,2019,ok,ok,251562.21,251562.21,251562.21,new_observed,1611670.58,1611670.58,1654484.2581445798,new_observed,12828054857.945,3320634.946147842,1,
3127354,Glaucilândia,2020,ok,ok,150724.44,150724.44,150724.44,new_observed,1779944.49,1779944.49,1693129.5871245419,new_observed,12945081975.46,3145354.8820418543,1,
3127354,Glaucilândia,2021,ok,ok,101601.55,101601.55,101601.55,new_observed,2294550.77,2294550.77,2255752.49526645,new_observed,16790773533.8425,3202281.895717503,1,
3127354,Glaucilândia,2022,ok,ok,139742.49,139742.49,139742.49,new_observed,2457017.51,2457017.51,2079694.554639325,new_observed,17457373501.01,2821135.671517842,1,
3127354,Glaucilândia,2023,ok,ok,182681.54,182681.54,182681.54,new_observed,2431904.15,2431904.15,2108317.500332042,new_observed,17975926235.1,2828019.996462234,1,
3127354,Glaucilândia,2024,ok,ok,155276.43,155276.43,155276.43,new_observed,3458955.37,3458955.37,3437712.553323749,new_observed,20140666841.11,3854292.1974852,1,
3127354,Glaucilândia,2025,ok,ok,238753.11,238753.11,238753.11,new_observed,3360864.86,3360864.86,3366577.880334119,new_observed,21654451288.89,3605330.9903341187,1,
3127370,Goiabeira,2019,ok,ok,75094.26,75094.26,75094.26,new_observed,1801442.43,1801442.43,1849297.3560320984,new_observed,12828054857.945,3352595.1004177663,1,
3127370,Goiabeira,2020,ok,ok,94627.01,94627.01,94627.01,new_observed,2255823.48,2255823.48,2145798.084589844,new_observed,12945081975.46,3821849.1840738696,1,
3127370,Goiabeira,2021,ok,ok,119581.02,119581.02,119581.02,new_observed,2441838.41,2441838.41,2400549.666806876,new_observed,16790773533.8425,3423401.2873071055,1,
3127370,Goiabeira,2022,ok,ok,140629.75,140629.75,140629.75,new_observed,2434906.58,2434906.58,2060979.1891476845,new_observed,17457373501.01,2798474.292372383,1,
3127370,Goiabeira,2023,ok,ok,209023.0,209023.0,209023.0,new_observed,2684108.99,2684108.99,2326964.2253028606,new_observed,17975926235.1,3130434.5648655663,1,
3127370,Goiabeira,2024,ok,ok,437049.48,437049.48,437049.48,new_observed,2663657.26,2663657.26,2647298.684415792,new_observed,20140666841.11,3308660.0375374462,1,
3127370,Goiabeira,2025,ok,ok,277307.68,277307.68,277307.68,new_observed,4469828.66,4469828.66,4477426.770334197,new_observed,21654451288.89,4754734.450334197,1,
3127388,Goianá,2019,ok,ok,307225.99,307225.99,307225.99,new_observed,2242333.57,2242333.57,2301900.673197209,new_observed,12828054857.945,4545512.04366628,5,
3127388,Goianá,2020,ok,ok,208223.5,208223.5,208223.5,new_observed,2715017.22,2715017.22,2582595.1374105057,new_observed,12945081975.46,4760742.931348989,1,
3127388,Goianá,2021,ok,partial,,,286160.1393831195,imputed_temporal,3361533.24,3361533.24,3304693.490853164,new_observed,16790773533.8425,4877895.025300457,1,
3127388,Goianá,2022,ok,ok,434065.26,434065.26,434065.26,new_observed,3392199.66,3392199.66,2871261.247605586,new_observed,17457373501.01,4201414.290683319,1,
3127388,Goianá,2023,ok,ok,535071.57,535071.57,535071.57,new_observed,3313257.96,3313257.96,2872399.2843971425,new_observed,17975926235.1,4206198.057682616,4,
3127388,Goianá,2024,ok,ok,673390.15,673390.15,673390.15,new_observed,5273688.23,5273688.23,5241300.419145536,new_observed,20140666841.11,6344841.528043951,1,
3127388,Goianá,2025,ok,ok,610340.37,610340.37,610340.37,new_observed,4879469.83,4879469.83,4887764.275483449,new_observed,21654451288.89,5498104.645483449,1,
3127404,Gonçalves,2019,ok,ok,276609.18,276609.18,276609.18,new_observed,2778624.19,2778624.19,2852437.736782869,new_observed,12828054857.945,5451295.502842487,1,
3127404,Gonçalves,2020,ok,ok,251439.93,251439.93,251439.93,new_observed,3034558.55,3034558.55,2886551.178271154,new_observed,12945081975.46,5352970.195583674,1,
3127404,Gonçalves,2021,ok,ok,480467.56,480467.56,480467.56,new_observed,3853686.13,3853686.13,3788524.6286013573,new_observed,16790773533.8425,5799093.447998558,2,
3127404,Gonçalves,2022,ok,ok,679085.89,679085.89,679085.89,new_observed,4232887.45,4232887.45,3582845.0323767285,new_observed,17457373501.01,5417358.146608676,1,
3127404,Gonçalves,2023,ok,ok,1099944.24,1099944.24,1099944.24,new_observed,4021175.57,4021175.57,3486122.1097627035,new_observed,17975926235.1,5661061.883444429,1,
3127404,Gonçalves,2024,ok,ok,1192849.95,1192849.95,1192849.95,new_observed,7746039.92,7746039.92,7698468.416934472,new_observed,20140666841.11,9537947.142640732,1,
3127404,Gonçalves,2025,ok,ok,1150957.89,1150957.89,1150957.89,new_observed,4439881.82,4439881.82,4447429.02471526,new_observed,21654451288.89,5598386.914715259,1,
3127503,Gonzaga,2019,ok,ok,387911.17,387911.17,387911.17,new_observed,3586306.8,3586306.8,3681576.2595088514,new_observed,12828054857.945,7089691.881694156,1,
3127503,Gonzaga,2020,ok,ok,130060.11,130060.11,130060.11,new_observed,3715049.79,3715049.79,3533852.1804631203,new_observed,12945081975.46,6250117.54762023,1,
3127503,Gonzaga,2021,ok,ok,184286.82,184286.82,184286.82,new_observed,4583641.82,4583641.82,4506137.58826206,new_observed,16790773533.8425,6371576.3001188785,1,
3127503,Gonzaga,2022,ok,ok,297007.52,297007.52,297007.52,new_observed,4617488.15,4617488.15,3908382.7944175345,new_observed,17457373501.01,5345489.144337016,1,
3127503,Gonzaga,2023,ok,ok,354945.04,354945.04,354945.04,new_observed,4392332.39,4392332.39,3807893.1873660665,new_observed,17975926235.1,5138627.097513928,1,
3127503,Gonzaga,2024,ok,ok,566754.22,566754.22,566754.22,new_observed,4610446.89,4610446.89,4582132.307242067,new_observed,20140666841.11,5523343.728520858,1,
3127503,Gonzaga,2025,ok,ok,643647.06,643647.06,643647.06,new_observed,4780774.41,4780774.41,4788901.086482066,new_observed,21654451288.89,5432548.146482065,1,
3127602,Gouveia,2019,ok,ok,318419.33,318419.33,318419.33,new_observed,4448581.97,4448581.97,4566757.581708045,new_observed,12828054857.945,8510752.199511351,1,
3127602,Gouveia,2020,ok,ok,309067.47,309067.47,309067.47,new_observed,4613770.31,4613770.31,4388738.561199607,new_observed,12945081975.46,8013794.431527035,1,
3127602,Gouveia,2021,ok,ok,398712.59,398712.59,398712.59,new_observed,6040863.24,6040863.24,5938719.031783887,new_observed,16790773533.8425,8608907.341914486,1,
3127602,Gouveia,2022,ok,ok,584569.37,584569.37,584569.37,new_observed,6070977.15,6070977.15,5138660.212557773,new_observed,17457373501.01,7274820.959953722,1,
3127602,Gouveia,2023,ok,ok,723624.6,723624.6,723624.6,new_observed,5870438.68,5870438.68,5089324.183961005,new_observed,17975926235.1,7175531.333732016,1,
3127602,Gouveia,2024,ok,ok,1194612.42,1194612.42,1194612.42,new_observed,7180041.04,7180041.04,7135945.560519824,new_observed,20140666841.11,8936404.974811042,1,
3127602,Gouveia,2025,ok,ok,1357244.67,1357244.67,1357244.67,new_observed,7587972.96,7587972.96,7600871.49820996,new_observed,21654451288.89,8958116.168209959,1,
3127701,Governador Valadares,2019,ok,ok,53724897.43,53724897.43,53724897.43,new_observed,77613649.45,77613649.45,79675439.15343836,new_observed,12828054857.945,232404522.60225216,1,
3127701,Governador Valadares,2020,ok,ok,63124886.97,63124886.97,63124886.97,new_observed,81177061.68,81177061.68,77217736.675733,new_observed,12945081975.46,239404719.65184096,1,
3127701,Governador Valadares,2021,ok,ok,69999602.98,69999602.98,69999602.98,new_observed,102371925.94,102371925.94,100640931.72555393,new_observed,16790773533.8425,231801878.0676562,1,
3127701,Governador Valadares,2022,ok,ok,86838369.62,86838369.62,86838369.62,new_observed,103067763.76,103067763.76,87239698.60944313,new_observed,17457373501.01,221271357.57112944,1,
3127701,Governador Valadares,2023,ok,ok,98550415.29,98550415.29,98550415.29,new_observed,98615665.83,98615665.83,85493967.38201445,new_observed,17975926235.1,227185252.05386788,1,
3127701,Governador Valadares,2024,ok,ok,124335159.19,124335159.19,124335159.19,new_observed,125565460.89,125565460.89,124794313.59804888,new_observed,20140666841.11,267247627.97416487,1,
3127701,Governador Valadares,2025,ok,ok,139964652.06,139964652.06,139964652.06,new_observed,139324099.95,139324099.95,139560932.26822868,new_observed,21654451288.89,279525584.3282287,1,
3127800,Grão Mogol,2019,ok,ok,2735108.58,2735108.58,2735108.58,new_observed,9218881.81,9218881.81,9463779.398604155,new_observed,12828054857.945,21252395.680220686,1,
3127800,Grão Mogol,2020,ok,ok,2922540.87,2922540.87,2922540.87,new_observed,10052612.16,10052612.16,9562306.673947988,new_observed,12945081975.46,21297388.83676427,1,
3127800,Grão Mogol,2021,ok,ok,1962863.06,1962863.06,1962863.06,new_observed,14010007.32,14010007.32,13773113.841709081,new_observed,16790773533.8425,21376099.209601816,1,
3127800,Grão Mogol,2022,ok,ok,3030658.56,3030658.56,3030658.56,new_observed,12889608.94,12889608.94,10910158.114399586,new_observed,17457373501.01,17720230.13909397,1,
3127800,Grão Mogol,2023,ok,ok,2596743.18,2596743.18,2596743.18,new_observed,14833151.26,14833151.26,12859467.502668753,new_observed,17975926235.1,19079219.201150484,1,
3127800,Grão Mogol,2024,ok,ok,3497771.3,3497771.3,3497771.3,new_observed,15312416.37,15312416.37,15218376.748488968,new_observed,20140666841.11,20077296.013175353,1,
3127800,Grão Mogol,2025,ok,ok,6185322.85,6185322.85,6185322.85,new_observed,15650972.98,15650972.98,15677577.53882879,new_observed,21654451288.89,21862900.38882879,1,
3127909,Grupiara,2019,ok,ok,18883.28,18883.28,18883.28,new_observed,2541878.76,2541878.76,2609403.2159674116,new_observed,12828054857.945,4578891.508082494,1,
3127909,Grupiara,2020,ok,ok,37423.85,37423.85,37423.85,new_observed,2787585.85,2787585.85,2651624.3095225487,new_observed,12945081975.46,4587136.85149471,2,
3127909,Grupiara,2021,ok,ok,42916.22,42916.22,42916.22,new_observed,3508617.35,3508617.35,3449290.5738571472,new_observed,16790773533.8425,4743890.980027313,4,
3127909,Grupiara,2022,ok,ok,54026.49,54026.49,54026.49,new_observed,3814719.21,3814719.21,3228894.6807363327,new_observed,17457373501.01,4172934.773669356,5,
3127909,Grupiara,2023,ok,ok,112829.31,112829.31,112829.31,new_observed,3826776.18,3826776.18,3317589.3014318845,new_observed,17975926235.1,4234524.876954788,1,
3127909,Grupiara,2024,ok,ok,138088.4,138088.4,138088.4,new_observed,2871412.72,2871412.72,2853778.235744479,new_observed,20140666841.11,3209452.7101496495,1,
3127909,Grupiara,2025,ok,ok,123428.37,123428.37,123428.37,new_observed,2547504.35,2547504.35,2551834.7663538447,new_observed,21654451288.89,2675263.136353845,1,
3128006,Guanhães,2019,ok,ok,4322785.6,4322785.6,4322785.6,new_observed,9771335.63,9771335.63,10030909.034079565,new_observed,12828054857.945,25006410.28686817,2,
3128006,Guanhães,2020,ok,ok,4847644.16,4847644.16,4847644.16,new_observed,10782375.62,10782375.62,10256476.695917819,new_observed,12945081975.46,25765499.640553933,1,
3128006,Guanhães,2021,ok,ok,6138097.94,6138097.94,6138097.94,new_observed,14741459.76,14741459.76,14492198.243009442,new_observed,16790773533.8425,28024650.816790603,1,
3128006,Guanhães,2022,ok,ok,8582514.51,8582514.51,8582514.51,new_observed,16573504.7,16573504.7,14028319.837199394,new_observed,17457373501.01,28740725.714088064,1,
3128006,Guanhães,2023,ok,ok,6745334.56,6745334.56,6745334.56,new_observed,15775212.85,15775212.85,13676179.352347381,new_observed,17975926235.1,25208412.873791445,1,
3128006,Guanhães,2024,ok,ok,10056373.18,10056373.18,10056373.18,new_observed,15542953.22,15542953.22,15447497.780267047,new_observed,20140666841.11,27358661.91186963,1,
3128006,Guanhães,2025,ok,ok,11906406.24,11906406.24,11906406.24,new_observed,17228551.24,17228551.24,17257837.470676206,new_observed,21654451288.89,29164243.71067621,1,
3128105,Guapé,2019,ok,ok,742545.38,742545.38,742545.38,new_observed,8145352.28,8145352.28,8361731.790315401,new_observed,12828054857.945,15861093.334515765,1,
3128105,Guapé,2020,ok,ok,858627.53,858627.53,858627.53,new_observed,8943901.62,8943901.62,8507672.31350744,new_observed,12945081975.46,15977586.352313833,1,
3128105,Guapé,2021,ok,ok,911599.48,911599.48,911599.48,new_observed,11618426.59,11618426.59,11421972.05401673,new_observed,16790773533.8425,16754196.473892141,1,
3128105,Guapé,2022,ok,ok,1307757.55,1307757.55,1307757.55,new_observed,10533302.75,10533302.75,8915708.692504365,new_observed,17457373501.01,12995090.522143895,1,
3128105,Guapé,2023,ok,ok,1497279.39,1497279.39,1497279.39,new_observed,10654722.76,10654722.76,9237016.375046737,new_observed,17975926235.1,13250465.206258811,1,
3128105,Guapé,2024,ok,ok,1914606.69,1914606.69,1914606.69,new_observed,11803225.22,11803225.22,11730736.933012659,new_observed,20140666841.11,14637712.974430006,1,
3128105,Guapé,2025,ok,ok,1696620.1,1696620.1,1696620.1,new_observed,13024732.45,13024732.45,13046872.751509566,new_observed,21654451288.89,14743492.851509565,1,
3128204,Guaraciaba,2019,ok,ok,259747.82,259747.82,259747.82,new_observed,3165405.74,3165405.74,3249494.0544676906,new_observed,12828054857.945,6113655.358143588,1,
3128204,Guaraciaba,2020,ok,ok,239602.96,239602.96,239602.96,new_observed,3829938.62,3829938.62,3643137.4297481254,new_observed,12945081975.46,6623407.417799059,1,
3128204,Guaraciaba,2021,ok,ok,258878.58,258878.58,258878.58,new_observed,4645869.71,4645869.71,4567313.274578501,new_observed,16790773533.8425,6556005.803290004,1,
3128204,Guaraciaba,2022,ok,ok,401435.28,401435.28,401435.28,new_observed,4716491.78,4716491.78,3992182.4862644705,new_observed,17457373501.01,5584745.842357298,1,
3128204,Guaraciaba,2023,ok,ok,457034.75,457034.75,457034.75,new_observed,4562216.76,4562216.76,3955172.9188899766,new_observed,17975926235.1,5446449.909623892,1,
3128204,Guaraciaba,2024,ok,ok,586485.19,586485.19,586485.19,new_observed,5784060.65,5784060.65,5748538.4397113295,new_observed,20140666841.11,6795743.671970127,1,
3128204,Guaraciaba,2025,ok,ok,618715.37,618715.37,618715.37,new_observed,5529246.57,5529246.57,5538645.548954116,new_observed,21654451288.89,6157360.918954116,1,
3128253,Guaraciama,2019,ok,ok,88830.98,88830.98,88830.98,new_observed,2233794.92,2233794.92,2293135.1958185714,new_observed,12828054857.945,4149762.482792372,1,
3128253,Guaraciama,2020,ok,partial,,,118038.81464439273,imputed_temporal,2369541.28,2369541.28,2253969.419619911,new_observed,12945081975.46,4046311.4596558954,1,
3128253,Guaraciama,2021,ok,ok,176678.84,176678.84,176678.84,new_observed,2931343.55,2931343.55,2881777.825031831,new_observed,16790773533.8425,4154675.2075422555,1,
3128253,Guaraciama,2022,ok,ok,393665.43,393665.43,393665.43,new_observed,2995106.57,2995106.57,2535149.5456755883,new_observed,17457373501.01,3722828.9142559553,1,
3128253,Guaraciama,2023,ok,ok,327906.77,327906.77,327906.77,new_observed,3031971.62,3031971.62,2628540.613722828,new_observed,17975926235.1,3649452.56303767,1,
3128253,Guaraciama,2024,ok,ok,300339.02,300339.02,300339.02,new_observed,3401109.54,3401109.54,3380221.9775062203,new_observed,20140666841.11,3948232.961720254,1,
3128253,Guaraciama,2025,ok,ok,316802.19,316802.19,316802.19,new_observed,3615190.58,3615190.58,3621335.920010861,new_observed,21654451288.89,3938138.110010861,1,
3128303,Guaranésia,2019,ok,ok,1094172.13,1094172.13,1094172.13,new_observed,8360196.29,8360196.29,8582283.084675848,new_observed,12828054857.945,16857918.145073168,2,
3128303,Guaranésia,2020,ok,ok,1204347.8,1204347.8,1204347.8,new_observed,8671488.78,8671488.78,8248546.120579578,new_observed,12945081975.46,16125303.633111553,1,
3128303,Guaranésia,2021,ok,ok,1338916.76,1338916.76,1338916.76,new_observed,12082222.32,12082222.32,11877925.519470634,new_observed,16790773533.8425,17954050.99844415,4,
3128303,Guaranésia,2022,ok,ok,1445146.32,1445146.32,1445146.32,new_observed,12522885.3,12522885.3,10599752.04115776,new_observed,17457373501.01,15310320.474528715,2,
3128303,Guaranésia,2023,ok,ok,1906986.44,1906986.44,1906986.44,new_observed,11571838.07,11571838.07,10032101.270927789,new_observed,17975926235.1,14737666.053813266,6,
3128303,Guaranésia,2024,ok,ok,2058936.35,2058936.35,2058936.35,new_observed,12657225.85,12657225.85,12579492.806465106,new_observed,20140666841.11,15703021.507461013,1,
3128303,Guaranésia,2025,ok,ok,2658338.79,2658338.79,2658338.79,new_observed,15445063.13,15445063.13,15471317.669649485,new_observed,21654451288.89,18129656.459649485,1,
3128402,Guarani,2019,ok,ok,755141.96,755141.96,755141.96,new_observed,4396756.27,4396756.27,4513555.14326847,new_observed,12828054857.945,9178905.1390819,1,
3128402,Guarani,2020,ok,ok,574528.57,574528.57,574528.57,new_observed,4549593.5,4549593.5,4327691.906975986,new_observed,12945081975.46,8362496.641964644,1,
3128402,Guarani,2021,ok,ok,826358.97,826358.97,826358.97,new_observed,6260645.23,6260645.23,6154784.755340367,new_observed,16790773533.8425,9483340.106654393,1,
3128402,Guarani,2022,ok,ok,826348.58,826348.58,826348.58,new_observed,6818281.23,6818281.23,5771201.177166426,new_observed,17457373501.01,8386172.975490172,1,
3128402,Guarani,2023,ok,ok,1064040.52,1064040.52,1064040.52,new_observed,6738739.92,6738739.92,5842090.159483524,new_observed,17975926235.1,8524960.20990479,1,
3128402,Guarani,2024,ok,ok,1814692.71,1814692.71,1814692.71,new_observed,7540561.23,7540561.23,7494251.653058296,new_observed,20140666841.11,9985945.348535037,1,
3128402,Guarani,2025,ok,ok,2113150.81,2113150.81,2113150.81,new_observed,7846676.82,7846676.82,7860015.12013859,new_observed,21654451288.89,9973165.93013859,1,
3128501,Guarará,2019,ok,ok,106434.75,106434.75,106434.75,new_observed,2832583.38,2832583.38,2907830.340919895,new_observed,12828054857.945,5251327.375877423,1,
3128501,Guarará,2020,ok,ok,58265.78,58265.78,58265.78,new_observed,2810407.86,2810407.86,2673333.200213096,new_observed,12945081975.46,4659722.549508244,1,
3128501,Guarará,2021,ok,ok,60486.98,60486.98,60486.98,new_observed,3317949.88,3317949.88,3261847.0764885354,new_observed,16790773533.8425,4513132.094851033,1,
3128501,Guarará,2022,ok,ok,104071.41,104071.41,104071.41,new_observed,3391061.6,3391061.6,2870297.9589130064,new_observed,17457373501.01,3780733.2932365793,1,
3128501,Guarará,2023,ok,ok,154995.77,154995.77,154995.77,new_observed,3374984.04,3374984.04,2925912.1560664047,new_observed,17975926235.1,3803087.2421980575,1,
3128501,Guarará,2024,ok,ok,135854.52,135854.52,135854.52,new_observed,4665131.81,4665131.81,4636481.385461456,new_observed,20140666841.11,5119408.138898029,1,
3128501,Guarará,2025,ok,ok,235795.58,235795.58,235795.58,new_observed,3819067.72,3819067.72,3825559.623855288,new_observed,21654451288.89,4061355.203855288,1,
3128600,Guarda-Mor,2019,ok,ok,609797.51,609797.51,609797.51,new_observed,18711791.27,18711791.27,19208865.932082828,new_observed,12828054857.945,34527251.833364524,1,
3128600,Guarda-Mor,2020,ok,ok,976797.7,976797.7,976797.7,new_observed,17077755.43,17077755.43,16244806.038984846,new_observed,12945081975.46,29377626.75361041,1,
3128600,Guarda-Mor,2021,ok,ok,1198525.58,1198525.58,1198525.58,new_observed,21877469.52,21877469.52,21507546.097947396,new_observed,16790773533.8425,30844430.17931844,1,
3128600,Guarda-Mor,2022,ok,ok,1548624.06,1548624.06,1548624.06,new_observed,24178029.59,24178029.59,20465021.62706666,new_observed,17457373501.01,27981636.72086988,1,
3128600,Guarda-Mor,2023,ok,ok,2402219.61,2402219.61,2402219.61,new_observed,27845109.25,27845109.25,24140067.827275444,new_observed,17975926235.1,32763924.51634737,1,
3128600,Guarda-Mor,2024,ok,ok,3464322.27,3464322.27,3464322.27,new_observed,37700416.02,37700416.02,37468882.81402769,new_observed,20140666841.11,43910107.63063439,1,
3128600,Guarda-Mor,2025,ok,ok,3839418.26,3839418.26,3839418.26,new_observed,41419558.07,41419558.07,41489965.77377305,new_observed,21654451288.89,45329384.03377305,1,
3128709,Guaxupé,2019,ok,ok,6433142.92,6433142.92,6433142.92,new_observed,28520313.03,28520313.03,29277948.937611517,new_observed,12828054857.945,62214380.16824127,1,
3128709,Guaxupé,2020,ok,ok,7170926.85,7170926.85,7170926.85,new_observed,30814181.06,30814181.06,29311252.091742862,new_observed,12945081975.46,62233451.21353512,1,
3128709,Guaxupé,2021,ok,ok,8876621.68,8876621.68,8876621.68,new_observed,35296996.24,35296996.24,34700163.702976376,new_observed,16790773533.8425,59195669.47768327,1,
3128709,Guaxupé,2022,ok,ok,10719147.16,10719147.16,10719147.16,new_observed,37809477.62,37809477.62,32003094.97186751,new_observed,17457373501.01,54304419.91429415,1,
3128709,Guaxupé,2023,ok,ok,12444020.32,12444020.32,12444020.32,new_observed,41230388.98,41230388.98,35744316.08747054,new_observed,17975926235.1,59483909.22801287,1,
3128709,Guaxupé,2024,ok,ok,14549167.32,14549167.32,14549167.32,new_observed,51499350.2,51499350.2,51183072.266860716,new_observed,20140666841.11,70512673.24746947,1,
3128709,Guaxupé,2025,ok,ok,18507802.99,18507802.99,18507802.99,new_observed,46607984.18,46607984.18,46687211.513571694,new_observed,21654451288.89,65195014.50357169,1,
3128808,Guidoval,2019,ok,ok,377638.75,377638.75,377638.75,new_observed,3089613.33,3089613.33,3171688.235593811,new_observed,12828054857.945,6183489.972907827,1,
3128808,Guidoval,2020,ok,partial,,,258662.54361870015,imputed_temporal,3573508.48,3573508.48,3399214.3975953143,new_observed,12945081975.46,6239822.093128582,1,
3128808,Guidoval,2021,ok,ok,148722.62,148722.62,148722.62,new_observed,4415240.75,4415240.75,4340583.991094087,new_observed,16790773533.8425,6098373.434358938,1,
3128808,Guidoval,2022,ok,ok,139042.25,139042.25,139042.25,new_observed,4379344.64,4379344.64,3706810.8646474057,new_observed,17457373501.01,4888479.912217085,1,
3128808,Guidoval,2023,ok,ok,189976.36,189976.36,189976.36,new_observed,4407547.37,4407547.37,3821083.677871707,new_observed,17975926235.1,4951271.38615812,1,
3128808,Guidoval,2024,ok,ok,306938.65,306938.65,306938.65,new_observed,5372002.83,5372002.83,5339011.23019743,new_observed,20140666841.11,6056556.441346776,1,
3128808,Guidoval,2025,ok,ok,270485.66,270485.66,270485.66,new_observed,4791335.88,4791335.88,4799480.509567173,new_observed,21654451288.89,5069966.169567173,1,
3128907,Guimarânia,2019,ok,ok,309744.89,309744.89,309744.89,new_observed,5690599.28,5690599.28,5841768.811197682,new_observed,12828054857.945,10716911.52828433,1,
3128907,Guimarânia,2020,ok,ok,477541.61,477541.61,477541.61,new_observed,6355280.34,6355280.34,6045308.288307866,new_observed,12945081975.46,11127061.833882947,2,
3128907,Guimarânia,2021,ok,ok,452602.45,452602.45,452602.45,new_observed,8725426.55,8725426.55,8577889.393324094,new_observed,16790773533.8425,12267219.935575154,2,
3128907,Guimarânia,2022,ok,ok,719377.65,719377.65,719377.65,new_observed,9743726.12,9743726.12,8247386.952346529,new_observed,17457373501.01,11397691.833108136,1,
3128907,Guimarânia,2023,ok,ok,816209.34,816209.34,816209.34,new_observed,9888514.95,9888514.95,8572759.383374557,new_observed,17975926235.1,11589787.17512402,1,
3128907,Guimarânia,2024,ok,ok,1091922.0,1091922.0,1091922.0,new_observed,10727330.6,10727330.6,10661449.808551298,new_observed,20140666841.11,12608145.882466767,2,
3128907,Guimarânia,2025,ok,ok,1095813.6,1095813.6,1095813.6,new_observed,12262084.28,12262084.28,12282928.181718295,new_observed,21654451288.89,13378741.781718295,1,
3129004,Guiricema,2019,ok,ok,215563.36,215563.36,215563.36,new_observed,3228454.65,3228454.65,3314217.8450379535,new_observed,12828054857.945,6149438.126298496,3,
3129004,Guiricema,2020,ok,ok,256647.51,256647.51,256647.51,new_observed,3564254.5,3564254.5,3390411.770645606,new_observed,12945081975.46,6221368.690103954,1,
3129004,Guiricema,2021,ok,ok,287445.0,287445.0,287445.0,new_observed,4744561.3,4744561.3,4664336.100708562,new_observed,16790773533.8425,6726609.014117273,1,
3129004,Guiricema,2022,ok,ok,443607.51,443607.51,443607.51,new_observed,5449301.37,5449301.37,4612454.87248384,new_observed,17457373501.01,6426781.953151831,1,
3129004,Guiricema,2023,ok,ok,512036.42,512036.42,512036.42,new_observed,5206350.79,5206350.79,4513599.141407178,new_observed,17975926235.1,6203668.186841023,1,
3129004,Guiricema,2024,ok,ok,592241.32,592241.32,592241.32,new_observed,5102604.68,5102604.68,5071267.561074229,new_observed,20140666841.11,6075392.435664931,1,
3129004,Guiricema,2025,ok,ok,738763.97,738763.97,738763.97,new_observed,5252438.9,5252438.9,5261367.342972091,new_observed,21654451288.89,6000131.312972091,1,
3129103,Gurinhatã,2019,ok,ok,339467.05,339467.05,339467.05,new_observed,5987373.07,5987373.07,6146426.332330137,new_observed,12828054857.945,11299453.912747318,1,
3129103,Gurinhatã,2020,ok,ok,470255.7,470255.7,470255.7,new_observed,7024974.75,7024974.75,6682339.064420953,new_observed,12945081975.46,12201317.745647594,1,
3129103,Gurinhatã,2021,ok,ok,611065.24,611065.24,611065.24,new_observed,9651767.05,9651767.05,9488566.51655958,new_observed,16790773533.8425,13719563.250325741,1,
3129103,Gurinhatã,2022,ok,ok,865350.4,865350.4,865350.4,new_observed,10389926.85,10389926.85,8794350.958062937,new_observed,17457373501.01,12278486.629418788,1,
3129103,Gurinhatã,2023,ok,ok,1459386.56,1459386.56,1459386.56,new_observed,11465508.63,11465508.63,9939919.916184632,new_observed,17975926235.1,14071357.55752185,1,
3129103,Gurinhatã,2024,ok,ok,1290670.43,1290670.43,1290670.43,new_observed,13356581.46,13356581.46,13274553.396314345,new_observed,20140666841.11,15624492.25671074,1,
3129103,Gurinhatã,2025,ok,ok,1732047.77,1732047.77,1732047.77,new_observed,13866723.87,13866723.87,13890295.444203945,new_observed,21654451288.89,15622343.214203944,1,
3129202,Heliodora,2019,ok,ok,209126.35,209126.35,209126.35,new_observed,3803654.66,3803654.66,3904697.9180995366,new_observed,12828054857.945,7166933.679355711,1,
3129202,Heliodora,2020,ok,ok,222408.22,222408.22,222408.22,new_observed,4187064.62,4187064.62,3982844.9882301535,new_observed,12945081975.46,7173568.793488594,1,
3129202,Heliodora,2021,ok,ok,719335.79,719335.79,719335.79,new_observed,5151085.34,5151085.34,5063986.276074174,new_observed,16790773533.8425,7856192.660784473,1,
3129202,Heliodora,2022,ok,ok,335433.15,335433.15,335433.15,new_observed,5269529.42,5269529.42,4460290.411314864,new_observed,17457373501.01,6095864.193238504,1,
3129202,Heliodora,2023,ok,ok,352332.19,352332.19,352332.19,new_observed,5160051.01,5160051.01,4473459.962223029,new_observed,17975926235.1,5956980.542112877,1,
3129202,Heliodora,2024,ok,ok,442616.76,442616.76,442616.76,new_observed,6880094.41,6880094.41,6837841.02172719,new_observed,20140666841.11,7809935.335864362,1,
3129202,Heliodora,2025,ok,ok,708123.73,708123.73,708123.73,new_observed,5328213.32,5328213.32,5337270.569341969,new_observed,21654451288.89,6045394.299341969,1,
3129301,Iapu,2019,ok,ok,351318.39,351318.39,351318.39,new_observed,3623546.03,3623546.03,3719804.7415479203,new_observed,12828054857.945,7092541.533810824,1,
3129301,Iapu,2020,ok,ok,446806.84,446806.84,446806.84,new_observed,3835993.46,3835993.46,3648896.951355064,new_observed,12945081975.46,6986692.940994861,1,
3129301,Iapu,2021,ok,ok,717746.88,717746.88,717746.88,new_observed,4754560.93,4754560.93,4674166.648203593,new_observed,16790773533.8425,7324494.642334915,1,
3129301,Iapu,2022,ok,ok,949192.05,949192.05,949192.05,new_observed,5174102.11,5174102.11,4379517.825786616,new_observed,17457373501.01,6773345.317480726,1,
3129301,Iapu,2023,ok,ok,924113.51,924113.51,924113.51,new_observed,5429084.5,5429084.5,4706696.134439113,new_observed,17975926235.1,6950697.92278843,5,
3129301,Iapu,2024,ok,ok,1433847.39,1433847.39,1433847.39,new_observed,5833600.91,5833600.91,5797774.453328042,new_observed,20140666841.11,7757547.761841081,1,
3129301,Iapu,2025,ok,ok,1570331.54,1570331.54,1570331.54,new_observed,6451362.72,6451362.72,6462329.172962983,new_observed,21654451288.89,8032660.712962983,1,
3129400,Ibertioga,2019,ok,ok,291157.73,291157.73,291157.73,new_observed,3010805.67,3010805.67,3090787.0672600125,new_observed,12828054857.945,5891883.680389175,1,
3129400,Ibertioga,2020,ok,ok,158385.05,158385.05,158385.05,new_observed,3010044.64,3010044.64,2863232.9082069523,new_observed,12945081975.46,5154454.016803593,1,
3129400,Ibertioga,2021,ok,ok,310239.7,310239.7,310239.7,new_observed,3751112.53,3751112.53,3687685.4328975016,new_observed,16790773533.8425,5430869.961692414,1,
3129400,Ibertioga,2022,ok,ok,435221.29,435221.29,435221.29,new_observed,4093652.39,4093652.39,3464992.2311987346,new_observed,17457373501.01,4957577.651398549,1,
3129400,Ibertioga,2023,ok,ok,465078.33,465078.33,465078.33,new_observed,4231320.68,4231320.68,3668305.528883972,new_observed,17975926235.1,5102268.486452067,1,
3129400,Ibertioga,2024,ok,ok,431559.68,431559.68,431559.68,new_observed,4454581.19,4454581.19,4427223.840318832,new_observed,20140666841.11,5212142.730899968,1,
3129400,Ibertioga,2025,ok,ok,229564.63,229564.63,229564.63,new_observed,4932696.07,4932696.07,4941080.9929659115,new_observed,21654451288.89,5170645.622965911,1,
3129509,Ibiá,2019,ok,ok,3764690.76,3764690.76,3764690.76,new_observed,31161941.15,31161941.15,31989751.333614837,new_observed,12828054857.945,62289903.14787593,1,
3129509,Ibiá,2020,ok,ok,3503250.52,3503250.52,3503250.52,new_observed,28796513.19,28796513.19,27391993.830105975,new_observed,12945081975.46,52702928.87557206,1,
3129509,Ibiá,2021,ok,ok,4248947.17,4248947.17,4248947.17,new_observed,35118558.11,35118558.11,34524742.76121261,new_observed,16790773533.8425,52671038.339025564,1,
3129509,Ibiá,2022,ok,ok,5955916.32,5955916.32,5955916.32,new_observed,39608639.66,39608639.66,33525960.593407903,new_observed,17457373501.01,50185578.188811615,1,
3129509,Ibiá,2023,ok,ok,6893683.64,6893683.64,6893683.64,new_observed,42211731.6,42211731.6,36595082.273945324,new_observed,17975926235.1,53682737.29537558,1,
3129509,Ibiá,2024,ok,ok,7783949.19,7783949.19,7783949.19,new_observed,60969118.5,60969118.5,60594682.96421911,new_observed,20140666841.11,73351526.99046554,1,
3129509,Ibiá,2025,ok,ok,8724541.67,8724541.67,8724541.67,new_observed,60954039.31,60954039.31,61057653.0167483,new_observed,21654451288.89,69782194.6867483,1,
3129608,Ibiaí,2019,ok,ok,105831.3,105831.3,105831.3,new_observed,3294584.15,3294584.15,3382104.060811013,new_observed,12828054857.945,6076536.035497791,1,
3129608,Ibiaí,2020,ok,ok,119469.0,119469.0,119469.0,new_observed,3528353.57,3528353.57,3356261.870393218,new_observed,12945081975.46,5929106.589258472,1,
3129608,Ibiaí,2021,ok,ok,2383978.94,2383978.94,2383978.94,new_observed,4320940.4,4320940.4,4247878.154030827,new_observed,16790773533.8425,9008861.418099036,1,
3129608,Ibiaí,2022,ok,ok,1447391.66,1447391.66,1447391.66,new_observed,4935667.13,4935667.13,4177699.1869192277,new_observed,17457373501.01,7150076.404330359,5,
3129608,Ibiaí,2023,ok,ok,396926.08,396926.08,396926.08,new_observed,5149265.61,5149265.61,4464109.656386313,new_observed,17975926235.1,6000485.388254724,1,
3129608,Ibiaí,2024,ok,ok,1374364.38,1374364.38,1374364.38,new_observed,5506441.69,5506441.69,5472624.44784254,new_observed,20140666841.11,7344941.979479462,1,
3129608,Ibiaí,2025,ok,ok,768770.31,768770.31,768770.31,new_observed,5158464.84,5158464.84,5167233.539650648,new_observed,21654451288.89,5936003.8496506475,1,
3129657,Ibiracatu,2019,ok,ok,146066.79,146066.79,146066.79,new_observed,2215288.61,2215288.61,2274137.269721699,new_observed,12828054857.945,4216378.935054982,1,
3129657,Ibiracatu,2020,ok,ok,122236.85,122236.85,122236.85,new_observed,2363837.89,2363837.89,2248544.20641233,new_observed,12945081975.46,4044218.067342265,1,
3129657,Ibiracatu,2021,ok,ok,233876.48,233876.48,233876.48,new_observed,2933369.35,2933369.35,2883769.3710305765,new_observed,16790773533.8425,4235079.107468376,1,
3129657,Ibiracatu,2022,ok,ok,163065.3,163065.3,163065.3,new_observed,2928549.74,2928549.74,2478813.81491189,new_observed,17457373501.01,3358103.5465356493,1,
3129657,Ibiracatu,2023,ok,ok,223550.61,223550.61,223550.61,new_observed,2406156.3,2406156.3,2085995.6326092028,new_observed,17975926235.1,2850914.750233339,1,
3129657,Ibiracatu,2024,ok,ok,199957.13,199957.13,199957.13,new_observed,4041219.29,4041219.29,4016400.5596773825,new_observed,20140666841.11,4522995.929171193,1,
3129657,Ibiracatu,2025,ok,ok,289261.11,289261.11,289261.11,new_observed,4703698.02,4703698.02,4711693.676937486,new_observed,21654451288.89,5000954.786937486,1,
3129707,Ibiraci,2019,ok,ok,1391830.84,1391830.84,1391830.84,new_observed,18592318.74,18592318.74,19086219.64032902,new_observed,12828054857.945,35676008.52887607,1,
3129707,Ibiraci,2020,ok,ok,1567303.09,1567303.09,1567303.09,new_observed,15522454.07,15522454.07,14765362.851680147,new_observed,12945081975.46,27861224.26217012,1,
3129707,Ibiraci,2021,ok,ok,1599447.62,1599447.62,1599447.62,new_observed,23527191.53,23527191.53,23129373.162838835,new_observed,16790773533.8425,33592177.32030443,1,
3129707,Ibiraci,2022,ok,ok,1697222.38,1697222.38,1697222.38,new_observed,33291095.79,33291095.79,28178598.789244752,new_observed,17457373501.01,37975280.722657755,1,
3129707,Ibiraci,2023,ok,ok,3062356.8,3062356.8,3062356.8,new_observed,28395989.53,28395989.53,24617648.547268793,new_observed,17975926235.1,34168328.858362325,1,
3129707,Ibiraci,2024,ok,ok,4099126.16,4099126.16,4099126.16,new_observed,44943743.0,44943743.0,44667725.65049209,new_observed,20140666841.11,52313463.05304276,1,
3129707,Ibiraci,2025,ok,ok,2740476.59,2740476.59,2740476.59,new_observed,28902272.97,28902272.97,28951402.964825157,new_observed,21654451288.89,31691879.554825157,1,
3129806,Ibirité,2019,ok,ok,9239885.72,9239885.72,9239885.72,new_observed,64723283.92,64723283.92,66442643.86898605,new_observed,12828054857.945,131850957.86814374,1,
3129806,Ibirité,2020,ok,ok,10803975.41,10803975.41,10803975.41,new_observed,67400853.85,67400853.85,64113448.75754641,new_observed,12945081975.46,127798558.0143087,1,
3129806,Ibirité,2021,ok,ok,13527315.25,13527315.25,13527315.25,new_observed,83848307.51,83848307.51,82430526.86498244,new_observed,16790773533.8425,130351255.96596363,1,
3129806,Ibirité,2022,ok,ok,13993661.76,13993661.76,13993661.76,new_observed,81574542.91,81574542.91,69047180.98126984,new_observed,17457373501.01,105553561.07808428,1,
3129806,Ibirité,2023,ok,ok,18172164.69,18172164.69,18172164.69,new_observed,81942816.51,81942816.51,71039590.1394923,new_observed,17975926235.1,110123409.97782561,1,
3129806,Ibirité,2024,ok,ok,20992977.31,20992977.31,20992977.31,new_observed,88190555.73,88190555.73,87648942.55273917,new_observed,20140666841.11,116542996.92825896,1,
3129806,Ibirité,2025,ok,ok,21228486.1,21228486.1,21228486.1,new_observed,90787714.28,90787714.28,90942041.24028419,new_observed,21654451288.89,112170527.3402842,1,
3129905,Ibitiúra de Minas,2019,ok,ok,116647.59,116647.59,116647.59,new_observed,2220847.05,2220847.05,2279843.3684703903,new_observed,12828054857.945,4175066.9555137437,1,
3129905,Ibitiúra de Minas,2020,ok,ok,196227.84,196227.84,196227.84,new_observed,2522946.52,2522946.52,2399892.481896949,new_observed,12945081975.46,4428615.06861307,1,
3129905,Ibitiúra de Minas,2021,ok,ok,160139.82,160139.82,160139.82,new_observed,3116691.74,3116691.74,3063991.98544704,new_observed,16790773533.8425,4379731.984137776,1,
3129905,Ibitiúra de Minas,2022,ok,ok,166223.29,166223.29,166223.29,new_observed,3240900.53,3240900.53,2743197.0496493136,new_observed,17457373501.01,3698176.3116232366,1,
3129905,Ibitiúra de Minas,2023,ok,ok,190339.49,190339.49,190339.49,new_observed,3144031.02,3144031.02,2725689.5059177396,new_observed,17975926235.1,3599559.914928577,1,
3129905,Ibitiúra de Minas,2024,ok,ok,320567.7,320567.7,320567.7,new_observed,3509433.53,3509433.53,3487880.70692461,new_observed,20140666841.11,4085421.0929852477,4,
3129905,Ibitiúra de Minas,2025,ok,ok,323724.04,323724.04,323724.04,new_observed,3663069.91,3663069.91,3669296.638462128,new_observed,21654451288.89,3993020.678462128,1,
3130002,Ibituruna,2019,ok,ok,159249.13,159249.13,159249.13,new_observed,1992832.29,1992832.29,2045771.4460030745,new_observed,12828054857.945,3841495.2122224183,1,
3130002,Ibituruna,2020,ok,ok,113568.04,113568.04,113568.04,new_observed,2235428.44,2235428.44,2126397.791014066,new_observed,12945081975.46,3821065.745195864,1,
3130002,Ibituruna,2021,ok,ok,165099.63,165099.63,165099.63,new_observed,2842717.55,2842717.55,2794650.391087327,new_observed,16790773533.8425,4020589.918348968,4,
3130002,Ibituruna,2022,ok,ok,244661.55,244661.55,244661.55,new_observed,3282143.85,3282143.85,2778106.6535370154,new_observed,17457373501.01,3842253.2535109525,5,
3130002,Ibituruna,2023,ok,ok,345610.41,345610.41,345610.41,new_observed,3237047.65,3237047.65,2806329.439383419,new_observed,17975926235.1,3890769.382605491,1,
3130002,Ibituruna,2024,ok,ok,302575.73,302575.73,302575.73,new_observed,4113588.93,4113588.93,4088325.7490178626,new_observed,20140666841.11,4710233.565717516,1,
3130002,Ibituruna,2025,ok,ok,421700.28,421700.28,421700.28,new_observed,4951539.76,4951539.76,4959956.714716256,new_observed,21654451288.89,5381656.994716256,1,
3130051,Icaraí de Minas,2019,ok,ok,153906.59,153906.59,153906.59,new_observed,2909022.93,2909022.93,2986300.4909270117,new_observed,12828054857.945,5470738.277025144,1,
3130051,Icaraí de Minas,2020,ok,ok,335585.64,335585.64,335585.64,new_observed,3117263.38,3117263.38,2965222.167988988,new_observed,12945081975.46,5630712.5188922435,1,
3130051,Icaraí de Minas,2021,ok,ok,169436.74,169436.74,169436.74,new_observed,3855741.17,3855741.17,3790544.920184565,new_observed,16790773533.8425,5379326.708792719,1,
3130051,Icaraí de Minas,2022,ok,ok,297429.61,297429.61,297429.61,new_observed,4346823.6,4346823.6,3679284.0645639957,new_observed,17457373501.01,5054817.314968459,1,
3130051,Icaraí de Minas,2023,ok,ok,379693.99,379693.99,379693.99,new_observed,4406032.63,4406032.63,3819770.487608656,new_observed,17975926235.1,5183838.7131706765,1,
3130051,Icaraí de Minas,2024,ok,ok,569353.34,569353.34,569353.34,new_observed,5256515.73,5256515.73,5224233.382278289,new_observed,20140666841.11,6214930.29975121,1,
3130051,Icaraí de Minas,2025,ok,ok,521250.04,521250.04,521250.04,new_observed,5718239.11,5718239.11,5727959.350971184,new_observed,21654451288.89,6249209.390971184,1,
3130101,Igarapé,2019,ok,ok,5993604.57,5993604.57,5993604.57,new_observed,19707350.83,19707350.83,20230872.31509029,new_observed,12828054857.945,45687193.80375132,2,
3130101,Igarapé,2020,ok,ok,6837909.49,6837909.49,6837909.49,new_observed,22421486.0,22421486.0,21327901.823443208,new_observed,12945081975.46,48046901.12023951,2,
3130101,Igarapé,2021,ok,ok,9970943.95,9970943.95,9970943.95,new_observed,32334242.61,32334242.61,31787506.907096356,new_observed,16790773533.8425,56725603.62386049,1,
3130101,Igarapé,2022,ok,ok,14763813.67,14763813.67,14763813.67,new_observed,36592299.61,36592299.61,30972838.382681165,new_observed,17457373501.01,58136048.91982273,1,
3130101,Igarapé,2023,ok,ok,21697820.07,21697820.07,21697820.07,new_observed,33689726.04,33689726.04,29207005.95519939,new_observed,17975926235.1,62837156.79550456,1,
3130101,Igarapé,2024,ok,ok,19931636.22,19931636.22,19931636.22,new_observed,37548680.3,37548680.3,37318078.9632594,new_observed,20140666841.11,61413249.96075119,1,
3130101,Igarapé,2025,ok,ok,22326497.72,22326497.72,22326497.72,new_observed,38484172.16,38484172.16,38549590.100693926,new_observed,21654451288.89,60876087.820693925,1,
3130200,Igaratinga,2019,ok,ok,810142.39,810142.39,810142.39,new_observed,7413275.68,7413275.68,7610207.73478787,new_observed,12828054857.945,14669584.058141662,1,
3130200,Igaratinga,2020,ok,ok,973849.75,973849.75,973849.75,new_observed,8487007.93,8487007.93,8073063.128189808,new_observed,12945081975.46,15432757.241199773,1,
3130200,Igaratinga,2021,ok,ok,899019.17,899019.17,899019.17,new_observed,11461594.27,11461594.27,11267791.592288082,new_observed,16790773533.8425,16527664.951698931,1,
3130200,Igaratinga,2022,ok,ok,1558388.73,1558388.73,1558388.73,new_observed,13214709.39,13214709.39,11185333.050200427,new_observed,17457373501.01,16198597.833111648,1,
3130200,Igaratinga,2023,ok,ok,1618568.39,1618568.39,1618568.39,new_observed,11096797.42,11096797.42,9620269.038245384,new_observed,17975926235.1,13873273.809603876,1,
3130200,Igaratinga,2024,ok,ok,2094115.36,2094115.36,2094115.36,new_observed,11370358.32,11370358.32,11300528.440311484,new_observed,20140666841.11,14368780.791494617,1,
3130200,Igaratinga,2025,ok,ok,3137656.99,3137656.99,3137656.99,new_observed,12459706.77,12459706.77,12480886.603495048,new_observed,21654451288.89,15618543.593495049,1,
3130309,Iguatama,2019,ok,ok,749161.78,749161.78,749161.78,new_observed,7022019.07,7022019.07,7208557.4781082375,new_observed,12828054857.945,13863607.788025605,1,
3130309,Iguatama,2020,ok,ok,610573.72,610573.72,610573.72,new_observed,7675326.08,7675326.08,7300970.198726045,new_observed,12945081975.46,13495977.947918484,1,
3130309,Iguatama,2021,ok,ok,821365.24,821365.24,821365.24,new_observed,11259051.49,11259051.49,11068673.583065214,new_observed,16790773533.8425,16151691.825389922,1,
3130309,Iguatama,2022,ok,ok,840472.55,840472.55,840472.55,new_observed,13881646.3,13881646.3,11749848.79108132,new_observed,17457373501.01,16003609.896026123,1,
3130309,Iguatama,2023,ok,ok,1300971.26,1300971.26,1300971.26,new_observed,14103522.9,14103522.9,12226922.73723194,new_observed,17975926235.1,16698896.010296281,2,
3130309,Iguatama,2024,ok,ok,1696546.16,1696546.16,1696546.16,new_observed,14227849.19,14227849.19,14140470.325657925,new_observed,20140666841.11,16988777.131080817,1,
3130309,Iguatama,2025,ok,ok,1946293.77,1946293.77,1946293.77,new_observed,15488168.1,15488168.1,15514495.91232791,new_observed,21654451288.89,17460789.68232791,1,
3130408,Ijaci,2019,ok,ok,1084593.71,1084593.71,1084593.71,new_observed,10161190.77,10161190.77,10431120.591013703,new_observed,12828054857.945,20062198.890158426,1,
3130408,Ijaci,2020,ok,ok,1170435.03,1170435.03,1170435.03,new_observed,8540371.93,8540371.93,8123824.355742086,new_observed,12945081975.46,15854695.49316586,1,
3130408,Ijaci,2021,ok,ok,1483920.93,1483920.93,1483920.93,new_observed,9202761.18,9202761.18,9047152.831195023,new_observed,16790773533.8425,14305643.615839943,1,
3130408,Ijaci,2022,ok,ok,2201336.8,2201336.8,2201336.8,new_observed,11860625.82,11860625.82,10039195.419681229,new_observed,17457373501.01,15558991.486923628,1,
3130408,Ijaci,2023,ok,ok,2851439.88,2851439.88,2851439.88,new_observed,13032906.85,13032906.85,11298761.750972938,new_observed,17975926235.1,17467075.481866714,1,
3130408,Ijaci,2024,ok,ok,3170232.47,3170232.47,3170232.47,new_observed,13894637.35,13894637.35,13809304.871712187,new_observed,20140666841.11,18214388.799079984,1,
3130408,Ijaci,2025,ok,ok,2903701.53,2903701.53,2903701.53,new_observed,14347491.37,14347491.37,14371880.184592325,new_observed,21654451288.89,17275581.714592326,1,
3130507,Ilicínea,2019,ok,ok,343827.01,343827.01,343827.01,new_observed,6350713.36,6350713.36,6519418.678045529,new_observed,12828054857.945,11956861.417920979,1,
3130507,Ilicínea,2020,ok,ok,317080.24,317080.24,317080.24,new_observed,6953855.42,6953855.42,6614688.5042400155,new_observed,12945081975.46,11824619.704240724,1,
3130507,Ilicínea,2021,ok,ok,360330.18,360330.18,360330.18,new_observed,9121474.97,9121474.97,8967241.079650624,new_observed,16790773533.8425,12670779.188120624,5,
3130507,Ilicínea,2022,ok,ok,632827.74,632827.74,632827.74,new_observed,9091215.08,9091215.08,7695081.707794145,new_observed,17457373501.01,10585640.385289907,1,
3130507,Ilicínea,2023,ok,ok,698296.3,698296.3,698296.3,new_observed,9245892.47,9245892.47,8015643.585578508,new_observed,17975926235.1,10756528.401170447,1,
3130507,Ilicínea,2024,ok,ok,1069431.25,1069431.25,1069431.25,new_observed,10619375.29,10619375.29,10554157.494922815,new_observed,20140666841.11,12468924.23390879,1,
3130507,Ilicínea,2025,ok,ok,1578574.97,1578574.97,1578574.97,new_observed,11060482.2,11060482.2,11079283.53904395,new_observed,21654451288.89,12657858.50904395,1,
3130556,Imbé de Minas,2019,ok,ok,120237.27,120237.27,120237.27,new_observed,2630910.08,2630910.08,2700799.6336037214,new_observed,12828054857.945,4914693.258028509,1,
3130556,Imbé de Minas,2020,ok,ok,222269.44,222269.44,222269.44,new_observed,2931711.21,2931711.21,2788720.1080948827,new_observed,12945081975.46,5136323.448362406,1,
3130556,Imbé de Minas,2021,ok,ok,138658.53,138658.53,138658.53,new_observed,3729398.76,3729398.76,3666338.8183446485,new_observed,16790773533.8425,5168792.590287365,1,
3130556,Imbé de Minas,2022,ok,ok,204156.57,204156.57,204156.57,new_observed,3549882.48,3549882.48,3004728.7954677795,new_observed,17457373501.01,4078827.5532293157,1,
3130556,Imbé de Minas,2023,ok,ok,294896.67,294896.67,294896.67,new_observed,3684787.02,3684787.02,3194493.0721312985,new_observed,17975926235.1,4307319.118198887,1,
3130556,Imbé de Minas,2024,ok,ok,350164.25,350164.25,350164.25,new_observed,3845506.83,3845506.83,3821890.047509695,new_observed,20140666841.11,4475470.534702524,1,
3130556,Imbé de Minas,2025,ok,ok,386208.13,386208.13,386208.13,new_observed,4296901.44,4296901.44,4304205.597210422,new_observed,21654451288.89,4690413.727210422,1,
3130606,Inconfidentes,2019,ok,ok,334260.06,334260.06,334260.06,new_observed,3793320.69,3793320.69,3894089.4284358867,new_observed,12828054857.945,7366454.758836192,1,
3130606,Inconfidentes,2020,ok,ok,381258.03,381258.03,381258.03,new_observed,3933438.75,3933438.75,3741589.450785161,new_observed,12945081975.46,7032996.2463594,1,
3130606,Inconfidentes,2021,ok,ok,412672.13,412672.13,412672.13,new_observed,4852224.05,4852224.05,4770178.394605484,new_observed,16790773533.8425,7040498.832358533,1,
3130606,Inconfidentes,2022,ok,ok,533099.23,533099.23,533099.23,new_observed,4917465.02,4917465.02,4162292.365886867,new_observed,17457373501.01,5968331.814094849,1,
3130606,Inconfidentes,2023,ok,ok,762978.19,762978.19,762978.19,new_observed,4946185.77,4946185.77,4288051.409749975,new_observed,17975926235.1,6235014.707271669,1,
3130606,Inconfidentes,2024,ok,ok,1497501.82,1497501.82,1497501.82,new_observed,4811894.29,4811894.29,4782342.538868858,new_observed,20140666841.11,6736551.441195648,3,
3130606,Inconfidentes,2025,ok,ok,1447561.75,1447561.75,1447561.75,new_observed,5496955.4,5496955.4,5506299.48828802,new_observed,21654451288.89,6953861.23828802,1,
3130655,Indaiabira,2019,ok,ok,151231.12,151231.12,151231.12,new_observed,2607052.61,2607052.61,2676308.3951062383,new_observed,12828054857.945,4926021.837555482,3,
3130655,Indaiabira,2020,ok,ok,114789.74,114789.74,114789.74,new_observed,2840090.53,2840090.53,2701568.1294955555,new_observed,12945081975.46,4804309.25880257,1,
3130655,Indaiabira,2021,ok,ok,327335.34,327335.34,327335.34,new_observed,3596171.13,3596171.13,3535363.91783681,new_observed,16790773533.8425,5247176.140898319,1,
3130655,Indaiabira,2022,ok,ok,350998.4,350998.4,350998.4,new_observed,3787263.64,3787263.64,3205655.4489477407,new_observed,17457373501.01,4520877.5210554665,1,
3130655,Indaiabira,2023,ok,ok,405475.92,405475.92,405475.92,new_observed,4230861.7,4230861.7,3667907.62028782,new_observed,17975926235.1,5028203.81082504,1,
3130655,Indaiabira,2024,ok,ok,794321.47,794321.47,794321.47,new_observed,5425968.63,5425968.63,5392645.604817926,new_observed,20140666841.11,6636919.576777858,1,
3130655,Indaiabira,2025,ok,ok,520453.63,520453.63,520453.63,new_observed,5746990.27,5746990.27,5756759.38409419,new_observed,21654451288.89,6277213.01409419,1,
3130705,Indianópolis,2019,ok,partial,,,13731814.467942914,imputed_temporal,20265506.18,20265506.18,20803854.940469094,new_observed,12828054857.945,60166608.02494297,1,
3130705,Indianópolis,2020,ok,partial,,,14469368.244928984,imputed_temporal,19218198.61,19218198.61,18280851.375217177,new_observed,12945081975.46,55867255.02930056,1,
3130705,Indianópolis,2021,ok,ok,17923465.96,17923465.96,17923465.96,new_observed,26134868.96,26134868.96,25692957.69819976,new_observed,16790773533.8425,59249514.98781365,5,
3130705,Indianópolis,2022,ok,ok,26426784.17,26426784.17,26426784.17,new_observed,30585285.94,30585285.94,25888318.810355045,new_observed,17457373501.01,66497945.29359726,1,
3130705,Indianópolis,2023,ok,ok,12611957.15,12611957.15,12611957.15,new_observed,26042474.44,26042474.44,22577289.73973004,new_observed,17975926235.1,43437771.955670424,1,
3130705,Indianópolis,2024,ok,ok,11960163.06,11960163.06,11960163.06,new_observed,39564217.99,39564217.99,39321238.43698518,new_observed,20140666841.11,55010885.528263845,1,
3130705,Indianópolis,2025,ok,ok,8819679.24,8819679.24,8819679.24,new_observed,44683331.0,44683331.0,44759286.68082412,new_observed,21654451288.89,53578965.920824125,1,
3130804,Ingaí,2019,ok,ok,180627.65,180627.65,180627.65,new_observed,2601162.12,2601162.12,2670261.425521574,new_observed,12828054857.945,4966700.47136016,1,
3130804,Ingaí,2020,ok,ok,156147.54,156147.54,156147.54,new_observed,2884870.23,2884870.23,2744163.7471670713,new_observed,12945081975.46,4947521.947145911,1,
3130804,Ingaí,2021,ok,ok,669874.75,669874.75,669874.75,new_observed,3959435.55,3959435.55,3892485.9447582364,new_observed,16790773533.8425,6197611.718059124,1,
3130804,Ingaí,2022,ok,ok,1126494.64,1126494.64,1126494.64,new_observed,4321493.28,4321493.28,3657843.709191326,new_observed,17457373501.01,6081392.4026882425,1,
3130804,Ingaí,2023,ok,ok,350192.56,350192.56,350192.56,new_observed,4320145.77,4320145.77,3745311.644324652,new_observed,17975926235.1,5055509.662608424,1,
3130804,Ingaí,2024,ok,ok,345581.06,345581.06,345581.06,new_observed,4853931.78,4853931.78,4824121.859971581,new_observed,20140666841.11,5545674.0113159185,1,
3130804,Ingaí,2025,ok,ok,270909.9,270909.9,270909.9,new_observed,5665692.87,5665692.87,5675323.789397689,new_observed,21654451288.89,5946233.689397689,1,
3130903,Inhapim,2019,ok,ok,1504974.45,1504974.45,1504974.45,new_observed,6462047.33,6462047.33,6633710.210724459,new_observed,12828054857.945,14178878.191981757,1,
3130903,Inhapim,2020,ok,ok,1821907.99,1821907.99,1821907.99,new_observed,6870695.06,6870695.06,6535584.202514332,new_observed,12945081975.46,14256702.79894455,1,
3130903,Inhapim,2021,ok,ok,2845540.06,2845540.06,2845540.06,new_observed,8896176.52,8896176.52,8745752.173232934,new_observed,16790773533.8425,15745867.84746508,1,
3130903,Inhapim,2022,ok,ok,2581267.2,2581267.2,2581267.2,new_observed,9317134.49,9317134.49,7886306.786513397,new_observed,17457373501.01,13305376.892275892,1,
3130903,Inhapim,2023,ok,ok,5553037.98,5553037.98,5553037.98,new_observed,9158178.43,9158178.43,7939600.684974539,new_observed,17975926235.1,16655376.662251772,1,
3130903,Inhapim,2024,ok,ok,4798285.5,4798285.5,4798285.5,new_observed,11040556.25,11040556.25,10972751.815615932,new_observed,20140666841.11,16917999.569148477,1,
3130903,Inhapim,2025,ok,ok,4778785.66,4778785.66,4778785.66,new_observed,11900428.93,11900428.93,11920658.066039057,new_observed,21654451288.89,16699443.726039058,1,
3131000,Inhaúma,2019,ok,ok,400093.01,400093.01,400093.01,new_observed,4608806.35,4608806.35,4731238.287486626,new_observed,12828054857.945,8939592.140837437,1,
3131000,Inhaúma,2020,ok,ok,1093289.99,1093289.99,1093289.99,new_observed,4786441.12,4786441.12,4552987.535752607,new_observed,12945081975.46,9631753.012837391,1,
3131000,Inhaúma,2021,ok,ok,843260.01,843260.01,843260.01,new_observed,5970324.96,5970324.96,5869373.474822511,new_observed,16790773533.8425,9118589.85467097,1,
3131000,Inhaúma,2022,ok,ok,945056.92,945056.92,945056.92,new_observed,6361961.48,6361961.48,5384958.223916419,new_observed,17457373501.01,8046108.614291778,1,
3131000,Inhaúma,2023,ok,ok,1211522.72,1211522.72,1211522.72,new_observed,6069965.8,6069965.8,5262302.431844193,new_observed,17975926235.1,7991320.232225885,1,
3131000,Inhaúma,2024,ok,ok,1369425.16,1369425.16,1369425.16,new_observed,5734139.42,5734139.42,5698923.79578247,new_observed,20140666841.11,7582400.713116866,1,
3131000,Inhaúma,2025,ok,ok,1938997.65,1938997.65,1938997.65,new_observed,6287947.27,6287947.27,6298635.938574843,new_observed,21654451288.89,8237633.5885748435,1,
3131109,Inimutaba,2019,ok,ok,165526.26,165526.26,165526.26,new_observed,3395765.8,3395765.8,3485973.5793190035,new_observed,12828054857.945,6361491.272612652,1,
3131109,Inimutaba,2020,ok,ok,290314.19,290314.19,290314.19,new_observed,3491914.3,3491914.3,3321599.8871028177,new_observed,12945081975.46,6161415.930331502,1,
3131109,Inimutaba,2021,ok,ok,317214.8,317214.8,317214.8,new_observed,4355963.69,4355963.69,4282309.23955871,new_observed,16790773533.8425,6248095.227940819,1,
3131109,Inimutaba,2022,ok,ok,591759.42,591759.42,591759.42,new_observed,4282674.92,4282674.92,3624986.6654041093,new_observed,17457373501.01,5359923.512135459,1,
3131109,Inimutaba,2023,ok,ok,788328.74,788328.74,788328.74,new_observed,4252457.49,4252457.49,3686629.896817714,new_observed,17975926235.1,5523909.999729945,1,
3131109,Inimutaba,2024,ok,ok,672292.18,672292.18,672292.18,new_observed,5409206.54,5409206.54,5375986.457460109,new_observed,20140666841.11,6488144.903526519,1,
3131109,Inimutaba,2025,ok,ok,978506.1,978506.1,978506.1,new_observed,6111699.57,6111699.57,6122088.64107959,new_observed,21654451288.89,7100594.741079589,1,
3131158,Ipaba,2019,ok,ok,485679.07,485679.07,485679.07,new_observed,3743797.91,3743797.91,3843251.0865648347,new_observed,12828054857.945,7541682.218962599,1,
3131158,Ipaba,2020,ok,ok,699910.78,699910.78,699910.78,new_observed,4213132.41,4213132.41,4007641.3494469854,new_observed,12945081975.46,8030419.900383187,1,
3131158,Ipaba,2021,ok,ok,841866.23,841866.23,841866.23,new_observed,5276345.95,5276345.95,5187128.869936283,new_observed,16790773533.8425,8189920.345933142,1,
3131158,Ipaba,2022,ok,ok,834317.2,834317.2,834317.2,new_observed,6152353.67,6152353.67,5207539.780908711,new_observed,17457373501.01,7679829.573098157,1,
3131158,Ipaba,2023,ok,ok,1090633.56,1090633.56,1090633.56,new_observed,6028562.87,6028562.87,5226408.532866298,new_observed,17975926235.1,7797786.486427483,1,
3131158,Ipaba,2024,ok,ok,1286807.23,1286807.23,1286807.23,new_observed,8399650.23,8399650.23,8348064.646812635,new_observed,20140666841.11,10335576.221059175,1,
3131158,Ipaba,2025,ok,ok,1354051.1,1354051.1,1354051.1,new_observed,9165919.52,9165919.52,9181500.356118074,new_observed,21654451288.89,10535551.456118073,1,
3131208,Ipanema,2019,ok,ok,934332.74,934332.74,934332.74,new_observed,5555277.2,5555277.2,5702851.929598105,new_observed,12828054857.945,11563027.30612778,1,
3131208,Ipanema,2020,ok,ok,1092046.08,1092046.08,1092046.08,new_observed,5434168.15,5434168.15,5169122.367504189,new_observed,12945081975.46,10680670.190771846,1,
3131208,Ipanema,2021,ok,ok,1239006.38,1239006.38,1239006.38,new_observed,6684933.12,6684933.12,6571898.413966815,new_observed,16790773533.8425,10610505.90220775,1,
3131208,Ipanema,2022,ok,ok,1713966.06,1713966.06,1713966.06,new_observed,7889124.13,7889124.13,6677595.266317293,new_observed,17457373501.01,10666548.553194242,2,
3131208,Ipanema,2023,ok,ok,2589872.1,2589872.1,2589872.1,new_observed,7782630.84,7782630.84,6747082.033885201,new_observed,17975926235.1,11525580.12108599,1,
3131208,Ipanema,2024,ok,ok,3203039.15,3203039.15,3203039.15,new_observed,9512887.18,9512887.18,9454464.767216282,new_observed,20140666841.11,13578031.776383322,1,
3131208,Ipanema,2025,ok,ok,3955134.05,3955134.05,3955134.05,new_observed,11070971.36,11070971.36,11089790.529211737,new_observed,21654451288.89,15044924.579211738,1,
3131307,Ipatinga,2019,ok,ok,68212519.03,68212519.03,68212519.03,new_observed,152024320.11,152024320.11,156062813.08251432,new_observed,12828054857.945,390723163.2693006,1,
3131307,Ipatinga,2020,ok,ok,66254549.58,66254549.58,66254549.58,new_observed,172261096.94,172261096.94,163859244.81254068,new_observed,12945081975.46,392541674.1077332,6,
3131307,Ipatinga,2021,ok,ok,77147437.63,77147437.63,77147437.63,new_observed,234482819.38,234482819.38,230517978.43355075,new_observed,16790773533.8425,417939508.82220644,1,
3131307,Ipatinga,2022,ok,ok,101948241.61,101948241.61,101948241.61,new_observed,179435197.81,179435197.81,151879423.84508574,new_observed,17457373501.01,322641402.7660822,1,
3131307,Ipatinga,2023,ok,ok,159375998.93,159375998.93,159375998.93,new_observed,199790123.67,199790123.67,173206256.5570127,new_observed,17975926235.1,410541101.25225836,1,
3131307,Ipatinga,2024,ok,ok,154584181.19,154584181.19,154584181.19,new_observed,191167076.08,191167076.08,189993043.25294378,new_observed,20140666841.11,369636899.4632888,1,
3131307,Ipatinga,2025,ok,ok,160325867.46,160325867.46,160325867.46,new_observed,195199200.48,195199200.48,195531012.98898196,new_observed,21654451288.89,355856880.448982,1,
3131406,Ipiaçu,2019,ok,ok,256785.24,256785.24,256785.24,new_observed,6789640.01,6789640.01,6970005.318961401,new_observed,12828054857.945,12590214.18399031,1,
3131406,Ipiaçu,2020,ok,ok,292997.1,292997.1,292997.1,new_observed,8987783.32,8987783.32,8549413.730175622,new_observed,12945081975.46,15083905.59370136,1,
3131406,Ipiaçu,2021,ok,ok,169831.47,169831.47,169831.47,new_observed,10842488.64,10842488.64,10659154.34269434,new_observed,16790773533.8425,14710333.938427655,1,
3131406,Ipiaçu,2022,ok,ok,250224.75,250224.75,250224.75,new_observed,10258727.98,10258727.98,8683300.23318885,new_observed,17457373501.01,11355440.814751979,1,
3131406,Ipiaçu,2023,ok,ok,317036.85,317036.85,317036.85,new_observed,10833934.61,10833934.61,9392382.48173391,new_observed,17975926235.1,11985352.914072298,1,
3131406,Ipiaçu,2024,ok,ok,421161.2,421161.2,421161.2,new_observed,14507598.2,14507598.2,14418501.28604493,new_observed,20140666841.11,15918889.704016402,1,
3131406,Ipiaçu,2025,ok,ok,1242530.0,1242530.0,1242530.0,new_observed,14320520.82,14320520.82,14344863.788267946,new_observed,21654451288.89,15587393.788267946,1,
3131505,Ipuiúna,2019,ok,ok,273462.89,273462.89,273462.89,new_observed,5492548.1,5492548.1,5638456.444710879,new_observed,12828054857.945,10299500.179949937,1,
3131505,Ipuiúna,2020,ok,ok,434516.09,434516.09,434516.09,new_observed,5525871.69,5525871.69,5256353.164694982,new_observed,12945081975.46,9707820.212444464,1,
3131505,Ipuiúna,2021,ok,ok,548837.19,548837.19,548837.19,new_observed,6713677.43,6713677.43,6600156.689989713,new_observed,16790773533.8425,9711351.470711604,1,
3131505,Ipuiúna,2022,ok,ok,616810.84,616810.84,616810.84,new_observed,6929108.83,6929108.83,5865009.037829066,new_observed,17457373501.01,8239068.243843171,2,
3131505,Ipuiúna,2023,ok,ok,757325.38,757325.38,757325.38,new_observed,6497967.36,6497967.36,5633354.547166014,new_observed,17975926235.1,7888685.375614965,1,
3131505,Ipuiúna,2024,ok,ok,1952563.84,1952563.84,1952563.84,new_observed,7711687.87,7711687.87,7664327.336496822,new_observed,20140666841.11,10316287.858847598,1,
3131505,Ipuiúna,2025,ok,ok,1337224.36,1337224.36,1337224.36,new_observed,9468989.79,9468989.79,9485085.805004254,new_observed,21654451288.89,10822310.165004253,1,
3131604,Iraí de Minas,2019,ok,partial,,,602496.4231716183,imputed_temporal,6053334.14,6053334.14,6214139.643796908,new_observed,12828054857.945,11875660.07306307,1,
3131604,Iraí de Minas,2020,ok,partial,,,634857.2967887371,imputed_temporal,6453620.2,6453620.2,6138851.726035908,new_observed,12945081975.46,11554992.114911804,1,
3131604,Iraí de Minas,2021,ok,ok,786409.12,786409.12,786409.12,new_observed,7926888.93,7926888.93,7792854.147022207,new_observed,16790773533.8425,11654261.053296361,1,
3131604,Iraí de Minas,2022,ok,ok,1267943.95,1267943.95,1267943.95,new_observed,8328312.31,8328312.31,7049337.536240292,new_observed,17457373501.01,10572131.139092764,1,
3131604,Iraí de Minas,2023,ok,ok,1768398.73,1768398.73,1768398.73,new_observed,8545703.69,8545703.69,7408621.200090928,new_observed,17975926235.1,11328156.587297468,1,
3131604,Iraí de Minas,2024,ok,ok,2281797.46,2281797.46,2281797.46,new_observed,11758623.59,11758623.59,11686409.21931056,new_observed,20140666841.11,14984056.524193432,1,
3131604,Iraí de Minas,2025,ok,ok,2479405.39,2479405.39,2479405.39,new_observed,16748739.02,16748739.02,16777209.634135943,new_observed,21654451288.89,19256615.024135944,3,
3131703,Itabira,2019,ok,ok,34723631.23,34723631.23,34723631.23,new_observed,122308807.35,122308807.35,125557914.19423506,new_observed,12828054857.945,279235847.52705294,1,
3131703,Itabira,2020,ok,ok,49166883.21,49166883.21,49166883.21,new_observed,157008398.32,157008398.32,149350480.3751645,new_observed,12945081975.46,338642620.04320794,1,
3131703,Itabira,2021,ok,ok,82456251.47,82456251.47,82456251.47,new_observed,238960983.68,238960983.68,234920422.00813252,new_observed,16790773533.8425,431131495.7729203,1,
3131703,Itabira,2022,ok,ok,96747747.27,96747747.27,96747747.27,new_observed,262506459.85,262506459.85,222193473.5449613,new_observed,17457373501.01,405407514.1855428,1,
3131703,Itabira,2023,ok,ok,105306530.78,105306530.78,105306530.78,new_observed,305059518.36,305059518.36,264468614.52218503,new_observed,17975926235.1,456452179.463919,1,
3131703,Itabira,2024,ok,ok,111615021.14,111615021.14,111615021.14,new_observed,303603027.78,303603027.78,301738481.18381613,new_observed,20140666841.11,443414991.30789566,2,
3131703,Itabira,2025,ok,ok,108299993.25,108299993.25,108299993.25,new_observed,241201807.27,241201807.27,241611818.05203414,new_observed,21654451288.89,349911811.30203414,1,
3131802,Itabirinha,2019,ok,ok,188817.94,188817.94,188817.94,new_observed,2917723.14,2917723.14,2995231.820111883,new_observed,12828054857.945,5547119.170705953,2,
3131802,Itabirinha,2020,ok,ok,232958.75,232958.75,232958.75,new_observed,3171073.47,3171073.47,3016407.727975094,new_observed,12945081975.46,5542960.86604028,1,
3131802,Itabirinha,2021,ok,ok,357633.76,357633.76,357633.76,new_observed,4207985.59,4207985.59,4136833.2829208937,new_observed,16790773533.8425,6105383.479136152,1,
3131802,Itabirinha,2022,ok,ok,531570.55,531570.55,531570.55,new_observed,4717295.11,4717295.11,3992862.449276447,new_observed,17457373501.01,5751025.629891429,1,
3131802,Itabirinha,2023,ok,ok,797011.15,797011.15,797011.15,new_observed,4494007.54,4494007.54,3896039.547120371,new_observed,17975926235.1,5793123.865274023,2,
3131802,Itabirinha,2024,ok,ok,1501141.44,1501141.44,1501141.44,new_observed,5080590.75,5080590.75,5049388.8273486225,new_observed,20140666841.11,7026923.215188015,1,
3131802,Itabirinha,2025,ok,ok,1132974.84,1132974.84,1132974.84,new_observed,5412431.78,5412431.78,5421632.189449422,new_observed,21654451288.89,6554607.029449422,2,
3131901,Itabirito,2019,ok,ok,29760538.05,29760538.05,29760538.05,new_observed,90341965.1,90341965.1,92741879.73810193,new_observed,12828054857.945,213418621.3680066,1,
3131901,Itabirito,2020,ok,ok,50976959.51,50976959.51,50976959.51,new_observed,120596582.74,120596582.74,114714612.44457509,new_observed,12945081975.46,282646449.8240406,1,
3131901,Itabirito,2021,ok,ok,61627499.23,61627499.23,61627499.23,new_observed,147498916.95,147498916.95,145004876.03465027,new_observed,16790773533.8425,280693990.6662615,1,
3131901,Itabirito,2022,ok,ok,63800280.27,63800280.27,63800280.27,new_observed,150655920.85,150655920.85,127519766.11510521,new_observed,17457373501.01,243187707.81857446,1,
3131901,Itabirito,2023,ok,ok,78443378.86,78443378.86,78443378.86,new_observed,271659450.48,271659450.48,235512725.11195388,new_observed,17975926235.1,387548892.17036915,1,
3131901,Itabirito,2024,ok,ok,91175397.1,91175397.1,91175397.1,new_observed,276595095.98,276595095.98,274896415.80377877,new_observed,20140666841.11,392694700.3575496,1,
3131901,Itabirito,2025,ok,ok,86334198.26,86334198.26,86334198.26,new_observed,236123529.99,236123529.99,236524908.38050058,new_observed,21654451288.89,322859106.6405006,1,
3132008,Itacambira,2019,ok,ok,892996.15,892996.15,892996.15,new_observed,3628388.46,3628388.46,3724775.809646816,new_observed,12828054857.945,8044890.404729468,1,
3132008,Itacambira,2020,ok,ok,651302.16,651302.16,651302.16,new_observed,3898323.68,3898323.68,3708187.081045558,new_observed,12945081975.46,7436673.709423423,1,
3132008,Itacambira,2021,ok,ok,632017.68,632017.68,632017.68,new_observed,4711407.48,4711407.48,4631742.874544031,new_observed,16790773533.8425,7150408.807304568,1,
3132008,Itacambira,2022,ok,ok,1007971.5,1007971.5,1007971.5,new_observed,4690100.63,4690100.63,3969844.2120265835,new_observed,17457373501.01,6327322.284431946,1,
3132008,Itacambira,2023,ok,ok,1116104.41,1116104.41,1116104.41,new_observed,4443817.96,4443817.96,3852528.140699063,new_observed,17975926235.1,6133303.402175842,1,
3132008,Itacambira,2024,ok,ok,1112219.09,1112219.09,1112219.09,new_observed,7008584.91,7008584.91,6965542.410610056,new_observed,20140666841.11,8665223.653468218,1,
3132008,Itacambira,2025,ok,ok,1207736.05,1207736.05,1207736.05,new_observed,6927553.29,6927553.29,6939329.203183091,new_observed,21654451288.89,8147065.253183091,1,
3132107,Itacarambi,2019,ok,ok,708024.95,708024.95,708024.95,new_observed,6245671.26,6245671.26,6411586.157523593,new_observed,12828054857.945,12403490.597812587,1,
3132107,Itacarambi,2020,ok,ok,581583.5,581583.5,581583.5,new_observed,6502387.63,6502387.63,6185240.576410126,new_observed,12945081975.46,11543247.367497457,1,
3132107,Itacarambi,2021,ok,ok,672519.07,672519.07,672519.07,new_observed,8485555.59,8485555.59,8342074.381672834,new_observed,16790773533.8425,12245623.208576048,1,
3132107,Itacarambi,2022,ok,ok,872148.2,872148.2,872148.2,new_observed,9185566.79,9185566.79,7774943.8726787185,new_observed,17457373501.01,10991354.749193797,1,
3132107,Itacarambi,2023,ok,ok,1630934.56,1630934.56,1630934.56,new_observed,8309603.93,8309603.93,7203936.629840824,new_observed,17975926235.1,10905806.572235296,2,
3132107,Itacarambi,2024,ok,ok,1652058.42,1652058.42,1652058.42,new_observed,8937122.59,8937122.59,8882236.17589962,new_observed,20140666841.11,11300410.230990099,2,
3132107,Itacarambi,2025,ok,ok,1488128.77,1488128.77,1488128.77,new_observed,9722309.55,9722309.55,9738836.174683668,new_observed,21654451288.89,11226964.944683667,1,
3132206,Itaguara,2019,ok,ok,2296831.95,2296831.95,2296831.95,new_observed,5625478.29,5625478.29,5774917.896273249,new_observed,12828054857.945,14062267.13989289,3,
3132206,Itaguara,2020,ok,ok,2129696.04,2129696.04,2129696.04,new_observed,5905945.03,5905945.03,5617888.83102986,new_observed,12945081975.46,13216286.940094853,1,
3132206,Itaguara,2021,ok,ok,2403858.27,2403858.27,2403858.27,new_observed,7867895.28,7867895.28,7734858.013342247,new_observed,16790773533.8425,13772656.536321597,1,
3132206,Itaguara,2022,ok,ok,2856100.69,2856100.69,2856100.69,new_observed,8044014.9,8044014.9,6808699.537907484,new_observed,17457373501.01,12284967.824115263,1,
3132206,Itaguara,2023,ok,absent_dca,,,3705931.3008527104,imputed_temporal,,,7111722.530034928,imputed_temporal,17975926235.1,13353362.79500259,1,
3132206,Itaguara,2024,ok,ok,4291583.43,4291583.43,4291583.43,new_observed,8131732.33,8131732.33,8081792.136887148,new_observed,20140666841.11,13273239.947396172,1,
3132206,Itaguara,2025,ok,ok,4974550.98,4974550.98,4974550.98,new_observed,8752687.05,8752687.05,8767565.4462396,new_observed,21654451288.89,13742116.4262396,1,
3132305,Itaipé,2019,ok,ok,612136.77,612136.77,612136.77,new_observed,3562198.78,3562198.78,3656827.815205156,new_observed,12828054857.945,7437212.692563012,1,
3132305,Itaipé,2020,ok,ok,306223.29,306223.29,306223.29,new_observed,3722577.34,3722577.34,3541012.5822032657,new_observed,12945081975.46,6562841.719022774,1,
3132305,Itaipé,2021,ok,ok,327998.74,327998.74,327998.74,new_observed,4811362.35,4811362.35,4730007.62002906,new_observed,16790773533.8425,6870907.756799974,1,
3132305,Itaipé,2022,ok,ok,551439.29,551439.29,551439.29,new_observed,5089360.16,5089360.16,4307789.654844716,new_observed,17457373501.01,6176586.150746698,1,
3132305,Itaipé,2023,ok,ok,569822.81,569822.81,569822.81,new_observed,5066729.99,5066729.99,4392556.140575768,new_observed,17975926235.1,6125583.928755203,1,
3132305,Itaipé,2024,ok,ok,619406.5,619406.5,619406.5,new_observed,5136686.37,5136686.37,5105139.941899857,new_observed,20140666841.11,6140869.005600338,1,
3132305,Itaipé,2025,ok,ok,736920.68,736920.68,736920.68,new_observed,5435238.94,5435238.94,5444478.118568165,new_observed,21654451288.89,6181398.798568165,1,
3132404,Itajubá,2019,ok,ok,22944795.06,22944795.06,22944795.06,new_observed,48945148.1,48945148.1,50245365.30536226,new_observed,12828054857.945,127508855.78354715,1,
3132404,Itajubá,2020,ok,ok,24387971.75,24387971.75,24387971.75,new_observed,44767524.95,44767524.95,42584036.44665409,new_observed,12945081975.46,114244799.1232794,1,
3132404,Itajubá,2021,ok,ok,30288341.46,30288341.46,30288341.46,new_observed,58334907.06,58334907.06,57348529.34273119,new_observed,16790773533.8425,119047864.41919446,1,
3132404,Itajubá,2022,ok,ok,34665973.03,34665973.03,34665973.03,new_observed,57735753.47,57735753.47,48869302.563316904,new_observed,17457373501.01,106182036.73566121,1,
3132404,Itajubá,2023,ok,ok,39063402.29,39063402.29,39063402.29,new_observed,58684534.94,58684534.94,50876031.44755898,new_observed,17975926235.1,111021660.24628408,1,
3132404,Itajubá,2024,ok,ok,45666216.84,45666216.84,45666216.84,new_observed,55358391.3,55358391.3,55018413.46505093,new_observed,20140666841.11,108007006.64338012,1,
3132404,Itajubá,2025,ok,ok,49751701.2,49751701.2,49751701.2,new_observed,64303302.2,64303302.2,64412609.20528661,new_observed,21654451288.89,114164310.40528661,1,
3132503,Itamarandiba,2019,ok,ok,2830054.55,2830054.55,2830054.55,new_observed,10725845.14,10725845.14,11010774.881444164,new_observed,12828054857.945,24112917.844266754,4,
3132503,Itamarandiba,2020,ok,ok,2733426.72,2733426.72,2733426.72,new_observed,11818363.3,11818363.3,11241935.176650839,new_observed,12945081975.46,23839996.07522258,1,
3132503,Itamarandiba,2021,ok,ok,3060290.23,3060290.23,3060290.23,new_observed,15236310.79,15236310.79,14978681.898242606,new_observed,16790773533.8425,24504538.883167505,1,
3132503,Itamarandiba,2022,ok,ok,4763542.97,4763542.97,4763542.97,new_observed,14973980.48,14973980.48,12674433.75506573,new_observed,17457373501.01,22165484.84535877,1,
3132503,Itamarandiba,2023,ok,ok,6683496.75,6683496.75,6683496.75,new_observed,14204480.27,14204480.27,12314446.824050285,new_observed,17975926235.1,23451150.94910238,1,
3132503,Itamarandiba,2024,ok,ok,7085198.11,7085198.11,7085198.11,new_observed,15930428.64,15930428.64,15832593.56004821,new_observed,20140666841.11,24584507.780968867,1,
3132503,Itamarandiba,2025,ok,ok,7342623.09,7342623.09,7342623.09,new_observed,17502219.43,17502219.43,17531970.859962523,new_observed,21654451288.89,24874593.949962523,1,
3132602,Itamarati de Minas,2019,ok,ok,295510.9,295510.9,295510.9,new_observed,2377449.84,2377449.84,2440606.277498935,new_observed,12828054857.945,4766749.64026595,1,
3132602,Itamarati de Minas,2020,ok,ok,280268.34,280268.34,280268.34,new_observed,2669236.08,2669236.08,2539046.923911841,new_observed,12945081975.46,4809354.156516026,1,
3132602,Itamarati de Minas,2021,ok,ok,239964.66,239964.66,239964.66,new_observed,3348991.33,3348991.33,3292363.6504557305,new_observed,16790773533.8425,4798392.935934343,1,
3132602,Itamarati de Minas,2022,ok,ok,388512.95,388512.95,388512.95,new_observed,3451670.65,3451670.65,2921599.307289177,new_observed,17457373501.01,4207497.477039041,1,
3132602,Itamarati de Minas,2023,ok,ok,349078.54,349078.54,349078.54,new_observed,3338854.51,3338854.51,2894589.9839414167,new_observed,17975926235.1,4003999.6901404066,1,
3132602,Itamarati de Minas,2024,ok,ok,466916.57,466916.57,466916.57,new_observed,4526786.62,4526786.62,4498985.828138043,new_observed,20140666841.11,5327051.921242108,1,
3132602,Itamarati de Minas,2025,ok,ok,425751.43,425751.43,425751.43,new_observed,4079323.58,4079323.58,4086257.883976147,new_observed,21654451288.89,4512009.313976147,1,
3132701,Itambacuri,2019,ok,ok,1129393.5,1129393.5,1129393.5,new_observed,6154686.85,6154686.85,6318184.766476563,new_observed,12828054857.945,12974861.352623297,1,
3132701,Itambacuri,2020,ok,ok,1426424.96,1426424.96,1426424.96,new_observed,6648492.26,6648492.26,6324219.108189442,new_observed,12945081975.46,13221505.498928398,1,
3132701,Itambacuri,2021,ok,ok,1339328.25,1339328.25,1339328.25,new_observed,8227689.29,8227689.29,8088568.310996468,new_observed,16790773533.8425,12807063.297343552,1,
3132701,Itambacuri,2022,ok,ok,995499.84,995499.84,995499.84,new_observed,8763111.34,8763111.34,7417364.695742897,new_observed,17457373501.01,10693627.15142416,1,
3132701,Itambacuri,2023,ok,ok,1268803.4,1268803.4,1268803.4,new_observed,8631368.55,8631368.55,7482887.582465207,new_observed,17975926235.1,10803128.532818036,1,
3132701,Itambacuri,2024,ok,ok,2903937.52,2903937.52,2903937.52,new_observed,10234894.12,10234894.12,10172037.576264948,new_observed,20140666841.11,14026936.631857622,1,
3132701,Itambacuri,2025,ok,ok,2795034.86,2795034.86,2795034.86,new_observed,11158116.59,11158116.59,11177083.894436374,new_observed,21654451288.89,13972118.754436374,2,
3132800,Itambé do Mato Dentro,2019,ok,ok,147941.57,147941.57,147941.57,new_observed,2102634.72,2102634.72,2158490.7536552763,new_observed,12828054857.945,4018170.5445565945,1,
3132800,Itambé do Mato Dentro,2020,ok,ok,109749.27,109749.27,109749.27,new_observed,2364876.12,2364876.12,2249531.797846285,new_observed,12945081975.46,4024600.709000703,1,
3132800,Itambé do Mato Dentro,2021,ok,ok,150165.43,150165.43,150165.43,new_observed,3005860.14,3005860.14,2955034.423242228,new_observed,16790773533.8425,4218172.188682971,1,
3132800,Itambé do Mato Dentro,2022,ok,ok,226599.64,226599.64,226599.64,new_observed,3047941.51,3047941.51,2579870.6502527785,new_observed,17457373501.01,3567316.0750427092,1,
3132800,Itambé do Mato Dentro,2023,ok,ok,269101.65,269101.65,269101.65,new_observed,2952684.21,2952684.21,2559803.104450926,new_observed,17975926235.1,3492013.3412691476,1,
3132800,Itambé do Mato Dentro,2024,ok,ok,238314.93,238314.93,238314.93,new_observed,3113588.79,3113588.79,3094467.0064566634,new_observed,20140666841.11,3575161.369329219,1,
3132800,Itambé do Mato Dentro,2025,ok,ok,292254.76,292254.76,292254.76,new_observed,3364447.16,3364447.16,3370166.269764547,new_observed,21654451288.89,3662421.029764547,1,
3132909,Itamogi,2019,ok,ok,487256.06,487256.06,487256.06,new_observed,6655272.11,6655272.11,6832067.964945827,new_observed,12828054857.945,12751422.142962672,1,
3132909,Itamogi,2020,ok,ok,547972.45,547972.45,547972.45,new_observed,6963844.62,6963844.62,6624190.491614749,new_observed,12945081975.46,12234698.295714863,1,
3132909,Itamogi,2021,ok,ok,534062.75,534062.75,534062.75,new_observed,9608382.08,9608382.08,9445915.137643017,new_observed,16790773533.8425,13557022.787236007,1,
3132909,Itamogi,2022,ok,ok,723594.59,723594.59,723594.59,new_observed,11461416.94,11461416.94,9701292.848567821,new_observed,17457373501.01,13251117.843390461,1,
3132909,Itamogi,2023,ok,ok,874987.45,874987.45,874987.45,new_observed,10520653.39,10520653.39,9120786.13668414,new_observed,17975926235.1,12338829.953920348,1,
3132909,Itamogi,2024,ok,ok,1167708.68,1167708.68,1167708.68,new_observed,10084529.65,10084529.65,10022596.55410661,new_observed,20140666841.11,12004129.807098987,2,
3132909,Itamogi,2025,ok,ok,1457904.22,1457904.22,1457904.22,new_observed,11302130.02,11302130.02,11321342.127987916,new_observed,21654451288.89,12779246.347987916,3,
3133006,Itamonte,2019,ok,ok,1065634.43,1065634.43,1065634.43,new_observed,12168952.78,12168952.78,12492218.361778818,new_observed,12828054857.945,23619927.702462424,1,
3133006,Itamonte,2020,ok,ok,1287994.76,1287994.76,1287994.76,new_observed,13126186.91,13126186.91,12485971.078484513,new_observed,12945081975.46,23496442.808283485,1,
3133006,Itamonte,2021,ok,ok,1490089.63,1490089.63,1490089.63,new_observed,18022587.34,18022587.34,17717845.643207334,new_observed,16790773533.8425,26092484.284664646,1,
3133006,Itamonte,2022,ok,ok,1706810.94,1706810.94,1706810.94,new_observed,17626957.85,17626957.85,14919994.711597275,new_observed,17457373501.01,21134401.91530109,2,
3133006,Itamonte,2023,ok,ok,2412118.51,2412118.51,2412118.51,new_observed,16513958.65,16513958.65,14316628.400652511,new_observed,17975926235.1,20650043.909326315,4,
3133006,Itamonte,2024,ok,ok,2550211.96,2550211.96,2550211.96,new_observed,16130686.76,16130686.76,16031621.815515123,new_observed,20140666841.11,19933213.619175058,1,
3133006,Itamonte,2025,ok,ok,2846016.19,2846016.19,2846016.19,new_observed,17731909.55,17731909.55,17762051.422417298,new_observed,21654451288.89,20608067.6124173,1,
3133105,Itanhandu,2019,ok,ok,1364499.47,1364499.47,1364499.47,new_observed,10535081.04,10535081.04,10814943.174651377,new_observed,12828054857.945,21218518.827508926,1,
3133105,Itanhandu,2020,ok,ok,1541130.3,1541130.3,1541130.3,new_observed,10435114.85,10435114.85,9926153.201315662,new_observed,12945081975.46,19561568.11440746,1,
3133105,Itanhandu,2021,ok,ok,1827624.99,1827624.99,1827624.99,new_observed,12220113.55,12220113.55,12013485.163743775,new_observed,16790773533.8425,18802070.29188761,1,
3133105,Itanhandu,2022,ok,ok,2393416.3,2393416.3,2393416.3,new_observed,11305109.94,11305109.94,9568989.836713418,new_observed,17457373501.01,15205464.264452882,1,
3133105,Itanhandu,2023,ok,ok,2924908.16,2924908.16,2924908.16,new_observed,10107570.67,10107570.67,8762667.775949914,new_observed,17975926235.1,14427198.735206248,1,
3133105,Itanhandu,2024,ok,ok,3641026.83,3641026.83,3641026.83,new_observed,10601877.84,10601877.84,10536767.503702387,new_observed,20140666841.11,15208886.621018378,2,
3133105,Itanhandu,2025,ok,ok,4197131.17,4197131.17,4197131.17,new_observed,14728374.48,14728374.48,14753410.744889494,new_observed,21654451288.89,18950541.914889492,1,
3133204,Itanhomi,2019,ok,ok,444835.25,444835.25,444835.25,new_observed,3693478.4,3693478.4,3791594.8497347566,new_observed,12828054857.945,7380532.46403054,1,
3133204,Itanhomi,2020,ok,ok,1213577.9,1213577.9,1213577.9,new_observed,3875965.46,3875965.46,3686919.359490129,new_observed,12945081975.46,8359557.076005393,1,
3133204,Itanhomi,2021,ok,ok,982556.4,982556.4,982556.4,new_observed,4597116.98,4597116.98,4519384.89845085,new_observed,16790773533.8425,7473958.799997806,1,
3133204,Itanhomi,2022,ok,ok,723959.03,723959.03,723959.03,new_observed,4870236.36,4870236.36,4122316.587682132,new_observed,17457373501.01,6160121.12263902,1,
3133204,Itanhomi,2023,ok,ok,1404641.98,1404641.98,1404641.98,new_observed,5108505.92,5108505.92,4428773.408559643,new_observed,17975926235.1,7200795.406761155,1,
3133204,Itanhomi,2024,ok,ok,1077571.21,1077571.21,1077571.21,new_observed,5411274.4,5411274.4,5378041.617911779,new_observed,20140666841.11,6925102.8233291255,1,
3133204,Itanhomi,2025,ok,ok,2072865.93,2072865.93,2072865.93,new_observed,5846969.72,5846969.72,5856908.785774675,new_observed,21654451288.89,7929774.715774675,1,
3133303,Itaobim,2019,ok,ok,1122871.6,1122871.6,1122871.6,new_observed,5512248.4,5512248.4,5658680.078892206,new_observed,12828054857.945,11814537.510178313,1,
3133303,Itaobim,2020,ok,ok,1137286.72,1137286.72,1137286.72,new_observed,6158465.33,6158465.33,5858092.721477907,new_observed,12945081975.46,11933130.581004275,1,
3133303,Itaobim,2021,ok,ok,1462577.18,1462577.18,1462577.18,new_observed,8586388.41,8586388.41,8441202.23201007,new_observed,16790773533.8425,13453513.09191017,1,
3133303,Itaobim,2022,ok,ok,2412223.05,2412223.05,2412223.05,new_observed,9069146.62,9069146.62,7676402.290205754,new_observed,17457373501.01,12823693.68961239,1,
3133303,Itaobim,2023,ok,ok,2789956.32,2789956.32,2789956.32,new_observed,8464539.12,8464539.12,7338256.303786143,new_observed,17975926235.1,12502313.324556062,1,
3133303,Itaobim,2024,ok,ok,3931046.87,3931046.87,3931046.87,new_observed,9395085.64,9395085.64,9337386.693191038,new_observed,20140666841.11,14233391.80632548,1,
3133303,Itaobim,2025,ok,ok,5109606.43,5109606.43,5109606.43,new_observed,9956367.71,9956367.71,9973292.202221682,new_observed,21654451288.89,15082898.632221682,1,
3133402,Itapagipe,2019,ok,ok,2141974.77,2141974.77,2141974.77,new_observed,16607101.13,16607101.13,17048265.156642657,new_observed,12828054857.945,33432438.50051695,2,
3133402,Itapagipe,2020,ok,partial,,,2358410.550480786,imputed_temporal,16483901.71,16483901.71,15679916.903730987,new_observed,12945081975.46,30770842.207316637,2,
3133402,Itapagipe,2021,ok,ok,3051625.19,3051625.19,3051625.19,new_observed,20561162.23,20561162.23,20213496.084857076,new_observed,16790773533.8425,31603855.52172164,1,
3133402,Itapagipe,2022,ok,ok,4007907.23,4007907.23,4007907.23,new_observed,19988926.49,19988926.49,16919237.003866024,new_observed,17457373501.01,26600580.19836852,1,
3133402,Itapagipe,2023,ok,ok,5553144.61,5553144.61,5553144.61,new_observed,19376378.16,19376378.16,16798177.33267965,new_observed,17975926235.1,27590576.987802632,1,
3133402,Itapagipe,2024,ok,ok,4735045.57,4735045.57,4735045.57,new_observed,19551685.64,19551685.64,19431610.984696712,new_observed,20140666841.11,25924197.438508864,1,
3133402,Itapagipe,2025,ok,ok,5448812.6,5448812.6,5448812.6,new_observed,22701063.57,22701063.57,22739652.339017488,new_observed,21654451288.89,28188464.93901749,2,
3133501,Itapecerica,2019,ok,ok,2080661.01,2080661.01,2080661.01,new_observed,9470164.4,9470164.4,9721737.2559107,new_observed,12828054857.945,20561647.779913917,1,
3133501,Itapecerica,2020,ok,ok,2142099.21,2142099.21,2142099.21,new_observed,10343823.46,10343823.46,9839314.45194617,new_observed,12945081975.46,20438601.646864478,1,
3133501,Itapecerica,2021,ok,ok,2779963.13,2779963.13,2779963.13,new_observed,12745869.66,12745869.66,12530351.328807572,new_observed,16790773533.8425,20797869.928630013,1,
3133501,Itapecerica,2022,ok,ok,3583434.0,3583434.0,3583434.0,new_observed,12803596.42,12803596.42,10837354.494259814,new_observed,17457373501.01,18330324.31842721,1,
3133501,Itapecerica,2023,ok,ok,4076282.35,4076282.35,4076282.35,new_observed,11948838.66,11948838.66,10358938.552542077,new_observed,17975926235.1,17818904.61194693,1,
3133501,Itapecerica,2024,ok,ok,3912450.65,3912450.65,3912450.65,new_observed,11739797.06,11739797.06,11667698.310497496,new_observed,20140666841.11,16713228.69421995,1,
3133501,Itapecerica,2025,ok,ok,4497808.81,4497808.81,4497808.81,new_observed,12017060.79,12017060.79,12037488.18458724,new_observed,21654451288.89,16535296.994587239,1,
3133600,Itapeva,2019,ok,ok,1786268.3,1786268.3,1786268.3,new_observed,9668013.0,9668013.0,9924841.660903899,new_observed,12828054857.945,20402609.088650912,1,
3133600,Itapeva,2020,ok,ok,1783282.41,1783282.41,1783282.41,new_observed,13304015.65,13304015.65,12655126.41047752,new_observed,12945081975.46,24629888.81133251,1,
3133600,Itapeva,2021,ok,ok,2335573.43,2335573.43,2335573.43,new_observed,20803082.64,20803082.64,20451325.89261216,new_observed,16790773533.8425,30954228.240285646,2,
3133600,Itapeva,2022,ok,ok,3951249.58,3951249.58,3951249.58,new_observed,21679250.48,21679250.48,18349978.78054112,new_observed,17457373501.01,28347184.254920844,1,
3133600,Itapeva,2023,ok,ok,5242918.03,5242918.03,5242918.03,new_observed,19249591.29,19249591.29,16688260.592402972,new_observed,17975926235.1,27071950.096125595,1,
3133600,Itapeva,2024,ok,ok,6721270.32,6721270.32,6721270.32,new_observed,21496572.36,21496572.36,21364553.384047948,new_observed,20140666841.11,30128389.389693502,1,
3133600,Itapeva,2025,ok,ok,6874116.82,6874116.82,6874116.82,new_observed,30455370.78,30455370.78,30507140.833184842,new_observed,21654451288.89,37381257.653184846,1,
3133709,Itatiaiuçu,2019,ok,ok,5886904.67,5886904.67,5886904.67,new_observed,22945789.32,22945789.32,23555339.21866466,new_observed,12828054857.945,51293053.75481102,1,
3133709,Itatiaiuçu,2020,ok,ok,9953916.78,9953916.78,9953916.78,new_observed,31330656.75,31330656.75,29802537.228263922,new_observed,12945081975.46,67818902.6181079,1,
3133709,Itatiaiuçu,2021,ok,ok,15324689.78,15324689.78,15324689.78,new_observed,56665627.44,56665627.44,55707475.36504456,new_observed,16790773533.8425,96491664.84531254,1,
3133709,Itatiaiuçu,2022,ok,ok,32277235.49,32277235.49,32277235.49,new_observed,92714654.1,92714654.1,78476510.84384766,new_observed,17457373501.01,140779548.26037058,1,
3133709,Itatiaiuçu,2023,ok,ok,57537667.73,57537667.73,57537667.73,new_observed,127502136.72,127502136.72,110536834.34707108,new_observed,17975926235.1,207471956.29575682,5,
3133709,Itatiaiuçu,2024,ok,ok,70139603.97,70139603.97,70139603.97,new_observed,119947576.91,119947576.91,119210931.27150491,new_observed,20140666841.11,203121215.77836144,1,
3133709,Itatiaiuçu,2025,ok,ok,71550384.22,71550384.22,71550384.22,new_observed,86278837.11,86278837.11,86425499.58271053,new_observed,21654451288.89,157975883.80271053,1,
3133758,Itaú de Minas,2019,ok,ok,2649346.71,2649346.71,2649346.71,new_observed,12694645.25,12694645.25,13031875.737816634,new_observed,12828054857.945,27319174.075134937,1,
3133758,Itaú de Minas,2020,ok,ok,2757983.33,2757983.33,2757983.33,new_observed,12715278.72,12715278.72,12095104.499223497,new_observed,12945081975.46,25337272.70694028,1,
3133758,Itaú de Minas,2021,ok,ok,3562121.26,3562121.26,3562121.26,new_observed,15470795.06,15470795.06,15209201.302767804,new_observed,16790773533.8425,25499379.91797516,1,
3133758,Itaú de Minas,2022,ok,ok,5159012.7,5159012.7,5159012.7,new_observed,17440506.17,17440506.17,14762176.323237743,new_observed,17457373501.01,25321906.340280384,1,
3133758,Itaú de Minas,2023,ok,ok,5145757.61,5145757.61,5145757.61,new_observed,18057037.68,18057037.68,15654386.931696754,new_observed,17975926235.1,25675796.30443571,1,
3133758,Itaú de Minas,2024,ok,ok,6838261.2,6838261.2,6838261.2,new_observed,19416025.35,19416025.35,19296783.838337626,new_observed,20140666841.11,28035738.66764413,1,
3133758,Itaú de Minas,2025,ok,ok,7085534.06,7085534.06,7085534.06,new_observed,20160716.38,20160716.38,20194986.898877494,new_observed,21654451288.89,27280520.958877493,1,
3133808,Itaúna,2019,ok,ok,15218804.81,15218804.81,15218804.81,new_observed,50736219.76,50736219.76,52084016.39414672,new_observed,12828054857.945,117252178.16036858,1,
3133808,Itaúna,2020,ok,ok,15839211.35,15839211.35,15839211.35,new_observed,54816688.81,54816688.81,52143063.0077738,new_observed,12945081975.46,115968170.68919182,1,
3133808,Itaúna,2021,ok,ok,20839490.44,20839490.44,20839490.44,new_observed,71209798.27,71209798.27,70005720.6121323,new_observed,16790773533.8425,123406144.80418333,1,
3133808,Itaúna,2022,ok,ok,26179584.6,26179584.6,26179584.6,new_observed,77242128.52,77242128.52,65380093.31150225,new_observed,17457373501.01,116381887.94438154,1,
3133808,Itaúna,2023,ok,ok,30367042.59,30367042.59,30367042.59,new_observed,81046785.15,81046785.15,70262783.7850419,new_observed,17975926235.1,124217931.225277,1,
3133808,Itaúna,2024,ok,ok,35254427.11,35254427.11,35254427.11,new_observed,87369656.03,87369656.03,86833084.32334845,new_observed,20140666841.11,130966430.71046673,1,
3133808,Itaúna,2025,ok,ok,37420115.83,37420115.83,37420115.83,new_observed,86630158.07,86630158.07,86777417.74131025,new_observed,21654451288.89,124197533.57131025,1,
3133907,Itaverava,2019,ok,ok,185052.62,185052.62,185052.62,new_observed,2357131.8,2357131.8,2419748.493188972,new_observed,12828054857.945,4537976.250201263,1,
3133907,Itaverava,2020,ok,ok,135949.93,135949.93,135949.93,new_observed,2447263.53,2447263.53,2327900.849387639,new_observed,12945081975.46,4202981.886616609,1,
3133907,Itaverava,2021,ok,ok,136277.31,136277.31,136277.31,new_observed,3082624.91,3082624.91,3030501.187255497,new_observed,16790773533.8425,4301821.981247004,1,
3133907,Itaverava,2022,ok,ok,244274.41,244274.41,244274.41,new_observed,3137762.84,3137762.84,2655898.1633377224,new_observed,17457373501.01,3686421.43734712,1,
3133907,Itaverava,2023,ok,ok,251105.22,251105.22,251105.22,new_observed,3008893.97,3008893.97,2608533.651951108,new_observed,17975926235.1,3529951.6805412313,1,
3133907,Itaverava,2024,ok,ok,615708.32,615708.32,615708.32,new_observed,3851477.3,3851477.3,3827823.850485662,new_observed,20140666841.11,4766691.869490253,1,
3133907,Itaverava,2025,ok,ok,449300.85,449300.85,449300.85,new_observed,4140378.62,4140378.62,4147416.709370547,new_observed,21654451288.89,4596717.559370547,1,
3134004,Itinga,2019,ok,ok,384542.19,384542.19,384542.19,new_observed,4585930.09,4585930.09,4707754.324619213,new_observed,12828054857.945,8871587.364316432,1,
3134004,Itinga,2020,ok,ok,309669.88,309669.88,309669.88,new_observed,4614318.69,4614318.69,4389260.19454728,new_observed,12945081975.46,8015711.890924156,1,
3134004,Itinga,2021,ok,ok,370227.21,370227.21,370227.21,new_observed,5907030.25,5907030.25,5807149.007233299,new_observed,16790773533.8425,8391484.538864063,1,
3134004,Itinga,2022,ok,ok,3055425.2,3055425.2,3055425.2,new_observed,6263176.26,6263176.26,5301343.400954556,new_observed,17457373501.01,10622323.37507206,1,
3134004,Itinga,2023,ok,ok,12107656.93,12107656.93,12107656.93,new_observed,5924923.39,5924923.39,5136559.214829108,new_observed,17975926235.1,21286341.557709973,1,
3134004,Itinga,2024,ok,ok,11470493.97,11470493.97,11470493.97,new_observed,7138669.54,7138669.54,7094828.139308391,new_observed,20140666841.11,19915501.127841666,1,
3134004,Itinga,2025,ok,ok,3713028.85,3713028.85,3713028.85,new_observed,9292740.16,9292740.16,9308536.574228259,new_observed,21654451288.89,13021565.424228258,1,
3134103,Itueta,2019,ok,ok,575567.04,575567.04,575567.04,new_observed,3394335.5,3394335.5,3484505.2837108374,new_observed,12828054857.945,7073289.275641745,1,
3134103,Itueta,2020,ok,ok,684896.47,684896.47,684896.47,new_observed,3370708.7,3370708.7,3206305.9615685553,new_observed,12945081975.46,6637842.467515788,1,
3134103,Itueta,2021,ok,ok,562071.89,562071.89,562071.89,new_observed,4190999.3,4190999.3,4120134.211994335,new_observed,16790773533.8425,6360412.371040239,1,
3134103,Itueta,2022,ok,ok,673008.8,673008.8,673008.8,new_observed,4553138.01,4553138.01,3853914.8733695154,new_observed,17457373501.01,5754191.536104922,1,
3134103,Itueta,2023,ok,ok,601779.55,601779.55,601779.55,new_observed,5360161.52,5360161.52,4646943.974836508,new_observed,17975926235.1,6479049.01871459,1,
3134103,Itueta,2024,ok,ok,864137.52,864137.52,864137.52,new_observed,7095761.04,7095761.04,7052183.157423503,new_observed,20140666841.11,8492041.9075593,1,
3134103,Itueta,2025,ok,ok,860900.5,860900.5,860900.5,new_observed,7749537.79,7749537.79,7762710.966791848,new_observed,21654451288.89,8623611.466791848,1,
3134202,Ituiutaba,2019,ok,partial,,,19323238.403892722,imputed_temporal,70552683.62,70552683.62,72426900.30312829,new_observed,12828054857.945,159843278.74284315,1,
3134202,Ituiutaba,2020,ok,ok,20327401.61,20327401.61,20327401.61,new_observed,66932552.43,66932552.43,63667988.242148854,new_observed,12945081975.46,143284286.96303752,1,
3134202,Ituiutaba,2021,ok,ok,23724831.06,23724831.06,23724831.06,new_observed,82165531.47,82165531.47,80776204.67658971,new_observed,16790773533.8425,141956519.21482366,1,
3134202,Ituiutaba,2022,ok,ok,29270802.98,29270802.98,29270802.98,new_observed,81035959.16,81035959.16,68591307.2695305,new_observed,17457373501.01,124392935.93922499,1,
3134202,Ituiutaba,2023,ok,ok,31544916.28,31544916.28,31544916.28,new_observed,71645831.03,71645831.03,62112710.892154805,new_observed,17975926235.1,115611415.7191749,1,
3134202,Ituiutaba,2024,ok,ok,33988503.73,33988503.73,33988503.73,new_observed,70989929.66,70989929.66,70553952.34884222,new_observed,20140666841.11,112145396.11470716,1,
3134202,Ituiutaba,2025,ok,ok,39703869.4,39703869.4,39703869.4,new_observed,77949980.74,77949980.74,78082485.27188759,new_observed,21654451288.89,117786354.67188758,1,
3134301,Itumirim,2019,ok,ok,139642.82,139642.82,139642.82,new_observed,2587705.94,2587705.94,2656447.785028887,new_observed,12828054857.945,4871232.853358905,1,
3134301,Itumirim,2020,ok,ok,64386.4,64386.4,64386.4,new_observed,2804210.93,2804210.93,2667438.5188950626,new_observed,12945081975.46,4660107.969029481,2,
3134301,Itumirim,2021,ok,ok,82745.11,82745.11,82745.11,new_observed,3709410.59,3709410.59,3646688.6258351533,new_observed,16790773533.8425,5066145.307075895,1,
3134301,Itumirim,2022,ok,ok,127992.41,127992.41,127992.41,new_observed,4173507.23,4173507.23,3532583.803189442,new_observed,17457373501.01,4652973.67108543,1,
3134301,Itumirim,2023,ok,ok,188812.83,188812.83,188812.83,new_observed,4240591.09,4240591.09,3676342.427722379,new_observed,17975926235.1,4771165.8389371475,5,
3134301,Itumirim,2024,ok,ok,364430.05,364430.05,364430.05,new_observed,5012387.9,5012387.9,4981604.838098291,new_observed,20140666841.11,5734829.873488722,1,
3134301,Itumirim,2025,ok,ok,296932.7,296932.7,296932.7,new_observed,5059296.86,5059296.86,5067896.987360528,new_observed,21654451288.89,5364829.687360528,1,
3134400,Iturama,2019,ok,partial,,,7487174.022887225,imputed_temporal,70892888.28,70892888.28,72776142.42586868,new_observed,12828054857.945,139831414.36887833,1,
3134400,Iturama,2020,ok,ok,7876257.08,7876257.08,7876257.08,new_observed,54615673.7,54615673.7,51951852.19636243,new_observed,12945081975.46,102058315.26110803,1,
3134400,Iturama,2021,ok,ok,8118231.57,8118231.57,8118231.57,new_observed,70907811.37,70907811.37,69708839.97121592,new_observed,16790773533.8425,105722016.04319349,1,
3134400,Iturama,2022,ok,ok,10359894.59,10359894.59,10359894.59,new_observed,79547276.84,79547276.84,67331241.1520156,new_observed,17457373501.01,98753526.22950968,1,
3134400,Iturama,2023,ok,ok,11580185.63,11580185.63,11580185.63,new_observed,63322425.3,63322425.3,54896808.91553988,new_observed,17975926235.1,82059514.89715615,1,
3134400,Iturama,2024,ok,ok,14145705.32,14145705.32,14145705.32,new_observed,65327832.09,65327832.09,64926627.96548863,new_observed,20140666841.11,84822936.73421675,1,
3134400,Iturama,2025,ok,ok,14646384.79,14646384.79,14646384.79,new_observed,67333144.07,67333144.07,67447601.40085264,new_observed,21654451288.89,82093986.19085264,1,
3134509,Itutinga,2019,ok,ok,614124.67,614124.67,614124.67,new_observed,5340932.35,5340932.35,5482813.055314403,new_observed,12828054857.945,10621831.53114525,1,
3134509,Itutinga,2020,ok,ok,506435.62,506435.62,506435.62,new_observed,4854685.67,4854685.67,4617903.530276121,new_observed,12945081975.46,8741399.767255293,1,
3134509,Itutinga,2021,ok,ok,506717.55,506717.55,506717.55,new_observed,6750188.22,6750188.22,6636050.12356436,new_observed,16790773533.8425,9702893.654137574,1,
3134509,Itutinga,2022,ok,ok,755517.95,755517.95,755517.95,new_observed,6834650.14,6834650.14,5785056.321809811,new_observed,17457373501.01,8313751.198747364,1,
3134509,Itutinga,2023,ok,ok,923481.52,923481.52,923481.52,new_observed,6956695.17,6956695.17,6031044.509458315,new_observed,17975926235.1,8584699.657654475,1,
3134509,Itutinga,2024,ok,ok,1005054.55,1005054.55,1005054.55,new_observed,9830930.74,9830930.74,9770555.095584923,new_observed,20140666841.11,11559275.125220146,1,
3134509,Itutinga,2025,ok,ok,1038336.84,1038336.84,1038336.84,new_observed,11937323.9,11937323.9,11957615.75254883,new_observed,21654451288.89,12995952.59254883,1,
3134608,Jaboticatubas,2019,ok,ok,1348749.16,1348749.16,1348749.16,new_observed,6059208.54,6059208.54,6220170.0959542245,new_observed,12828054857.945,13186256.58185499,1,
3134608,Jaboticatubas,2020,ok,ok,2175292.3,2175292.3,2175292.3,new_observed,6544587.04,6544587.04,6225381.754987105,new_observed,12945081975.46,14330364.965225797,1,
3134608,Jaboticatubas,2021,ok,ok,2420572.32,2420572.32,2420572.32,new_observed,8852070.58,8852070.58,8702392.015108792,new_observed,16790773533.8425,15109680.868070196,1,
3134608,Jaboticatubas,2022,ok,ok,2536170.07,2536170.07,2536170.07,new_observed,9664565.36,9664565.36,8180382.870835889,new_observed,17457373501.01,13621855.078126187,1,
3134608,Jaboticatubas,2023,ok,ok,3323300.64,3323300.64,3323300.64,new_observed,9229018.14,9229018.14,8001014.5364667745,new_observed,17975926235.1,13978787.94425302,1,
3134608,Jaboticatubas,2024,ok,ok,3280534.83,3280534.83,3280534.83,new_observed,10002882.49,10002882.49,9941450.821695719,new_observed,20140666841.11,14183565.930516565,1,
3134608,Jaboticatubas,2025,ok,ok,3698861.58,3698861.58,3698861.58,new_observed,11043809.1,11043809.1,11062582.097006021,new_observed,21654451288.89,14761443.677006021,1,
3134707,Jacinto,2019,ok,ok,736810.35,736810.35,736810.35,new_observed,3591135.1,3591135.1,3686532.822247373,new_observed,12828054857.945,7706164.6513094995,1,
3134707,Jacinto,2020,ok,ok,488920.31,488920.31,488920.31,new_observed,3735346.1,3735346.1,3553158.559489834,new_observed,12945081975.46,6895216.388455097,1,
3134707,Jacinto,2021,ok,ok,559426.55,559426.55,559426.55,new_observed,4646147.3,4646147.3,4567586.170843576,new_observed,16790773533.8425,6964647.524218192,1,
3134707,Jacinto,2022,ok,ok,675466.55,675466.55,675466.55,new_observed,4711532.21,4711532.21,3987984.554959393,new_observed,17457373501.01,5927732.123043043,1,
3134707,Jacinto,2023,ok,ok,1428461.54,1428461.54,1428461.54,new_observed,4886042.4,4886042.4,4235910.6543259015,new_observed,17975926235.1,6992127.692308693,1,
3134707,Jacinto,2024,ok,ok,2323882.39,2323882.39,2323882.39,new_observed,5377649.3,5377649.3,5344623.022985887,new_observed,20140666841.11,8226204.064868212,1,
3134707,Jacinto,2025,ok,ok,3047431.1,3047431.1,3047431.1,new_observed,5790313.29,5790313.29,5800156.047428423,new_observed,21654451288.89,8847587.147428423,1,
3134806,Jacuí,2019,ok,ok,334671.66,334671.66,334671.66,new_observed,4476397.08,4476397.08,4595311.594050666,new_observed,12828054857.945,8588811.947098097,1,
3134806,Jacuí,2020,ok,ok,412611.21,412611.21,412611.21,new_observed,5000610.35,5000610.35,4756710.888925648,new_observed,12945081975.46,8818134.332498549,2,
3134806,Jacuí,2021,ok,ok,393152.49,393152.49,393152.49,new_observed,6672336.15,6672336.15,6559514.444572102,new_observed,16790773533.8425,9444656.603975423,1,
3134806,Jacuí,2022,ok,ok,626649.06,626649.06,626649.06,new_observed,6809219.64,6809219.64,5763531.17102985,new_observed,17457373501.01,8122584.707112541,1,
3134806,Jacuí,2023,ok,ok,779230.05,779230.05,779230.05,new_observed,7053687.85,7053687.85,6115131.443825406,new_observed,17975926235.1,8510432.271744499,1,
3134806,Jacuí,2024,ok,ok,674579.85,674579.85,674579.85,new_observed,6918990.83,6918990.83,6876498.563386466,new_observed,20140666841.11,8100237.085723326,1,
3134806,Jacuí,2025,ok,ok,965055.57,965055.57,965055.57,new_observed,9018294.34,9018294.34,9033624.233075047,new_observed,21654451288.89,9998679.803075047,1,
3134905,Jacutinga,2019,ok,ok,3065301.81,3065301.81,3065301.81,new_observed,12310937.5,12310937.5,12637974.874959735,new_observed,12828054857.945,27357596.050565217,1,
3134905,Jacutinga,2020,ok,ok,3289748.3,3289748.3,3289748.3,new_observed,14321048.48,14321048.48,13622554.54389645,new_observed,12945081975.46,28850003.055598173,1,
3134905,Jacutinga,2021,ok,ok,3784553.53,3784553.53,3784553.53,new_observed,19990928.24,19990928.24,19652904.110756516,new_observed,16790773533.8425,31837961.054406334,1,
3134905,Jacutinga,2022,ok,ok,5384466.77,5384466.77,5384466.77,new_observed,24728073.06,24728073.06,20930595.19531279,new_observed,17457373501.01,33449184.86778282,1,
3134905,Jacutinga,2023,ok,ok,6383481.02,6383481.02,6383481.02,new_observed,24559980.12,24559980.12,21292054.579866175,new_observed,17975926235.1,34162811.381134614,1,
3134905,Jacutinga,2024,ok,ok,7845544.33,7845544.33,7845544.33,new_observed,25392207.9,25392207.9,25236264.28126954,new_observed,20140666841.11,35487711.59636639,1,
3134905,Jacutinga,2025,ok,ok,7331060.4,7331060.4,7331060.4,new_observed,30465027.55,30465027.55,30516814.018401068,new_observed,21654451288.89,37847874.41840107,1,
3135001,Jaguaraçu,2019,ok,ok,414498.16,414498.16,414498.16,new_observed,3145128.05,3145128.05,3228677.6920466954,new_observed,12828054857.945,6346989.5679114945,4,
3135001,Jaguaraçu,2020,ok,ok,277966.14,277966.14,277966.14,new_observed,3399095.69,3399095.69,3233308.4062674954,new_observed,12945081975.46,5989739.086621194,1,
3135001,Jaguaraçu,2021,ok,ok,231502.21,231502.21,231502.21,new_observed,3864640.25,3864640.25,3799293.5267432136,new_observed,16790773533.8425,5475522.117276675,1,
3135001,Jaguaraçu,2022,ok,ok,211354.64,211354.64,211354.64,new_observed,4208815.07,4208815.07,3562469.4357847413,new_observed,17457373501.01,4796923.500913863,1,
3135001,Jaguaraçu,2023,ok,ok,278657.92,278657.92,278657.92,new_observed,4280191.83,4280191.83,3710673.934236771,new_observed,17975926235.1,4924450.014029786,1,
3135001,Jaguaraçu,2024,ok,ok,227282.63,227282.63,227282.63,new_observed,6309318.66,6309318.66,6270570.63196562,new_observed,20140666841.11,6970415.229280758,1,
3135001,Jaguaraçu,2025,ok,ok,1436627.22,1436627.22,1436627.22,new_observed,5605938.51,5605938.51,5615467.854985162,new_observed,21654451288.89,7052095.074985161,1,
3135050,Jaíba,2019,ok,ok,1692146.72,1692146.72,1692146.72,new_observed,16589303.02,16589303.02,17029994.24372463,new_observed,12828054857.945,32616935.940375138,1,
3135050,Jaíba,2020,ok,ok,2372840.07,2372840.07,2372840.07,new_observed,16250572.92,16250572.92,15457968.477756774,new_observed,12945081975.46,30416844.224866733,1,
3135050,Jaíba,2021,ok,ok,6441999.57,6441999.57,6441999.57,new_observed,19203261.72,19203261.72,18878556.146371387,new_observed,16790773533.8425,34396003.147197016,1,
3135050,Jaíba,2022,ok,ok,19378764.5,19378764.5,19378764.5,new_observed,19412011.5,19412011.5,16430918.561563672,new_observed,17457373501.01,45517837.288843974,1,
3135050,Jaíba,2023,ok,ok,23339737.22,23339737.22,23339737.22,new_observed,18843619.12,18843619.12,16336306.659243736,new_observed,17975926235.1,48976295.273677684,1,
3135050,Jaíba,2024,ok,ok,19070062.15,19070062.15,19070062.15,new_observed,24128241.09,24128241.09,23980059.992712453,new_observed,20140666841.11,46180979.303183794,1,
3135050,Jaíba,2025,ok,ok,12581037.31,12581037.31,12581037.31,new_observed,31522713.34,31522713.34,31576297.732648868,new_observed,21654451288.89,44157335.04264887,1,
3135076,Jampruca,2019,ok,ok,311891.43,311891.43,311891.43,new_observed,2334570.59,2334570.59,2396587.949556232,new_observed,12828054857.945,4718600.217249812,1,
3135076,Jampruca,2020,ok,ok,453754.62,453754.62,453754.62,new_observed,2550053.33,2550053.33,2425677.1860163254,new_observed,12945081975.46,4911904.497496485,1,
3135076,Jampruca,2021,ok,ok,329694.36,329694.36,329694.36,new_observed,3227377.98,3227377.98,3172806.6455260846,new_observed,16790773533.8425,4757874.864936037,1,
3135076,Jampruca,2022,ok,ok,407970.79,407970.79,407970.79,new_observed,3254618.14,3254618.14,2754808.0531132924,new_observed,17457373501.01,4020221.3606283376,1,
3135076,Jampruca,2023,ok,ok,389203.7,389203.7,389203.7,new_observed,3246565.51,3246565.51,2814580.8627808876,new_observed,17975926235.1,3954766.7407962848,1,
3135076,Jampruca,2024,ok,ok,323081.45,323081.45,323081.45,new_observed,5160008.32,5160008.32,5128318.6625559125,new_observed,20140666841.11,5847857.874520223,1,
3135076,Jampruca,2025,ok,ok,325398.62,325398.62,325398.62,new_observed,3589848.09,3589848.09,3595950.351170527,new_observed,21654451288.89,3921348.971170527,1,
3135100,Janaúba,2019,ok,ok,11444502.61,11444502.61,11444502.61,new_observed,17511215.06,17511215.06,17976396.676394187,new_observed,12828054857.945,51255868.07576513,1,
3135100,Janaúba,2020,ok,ok,10943003.75,10943003.75,10943003.75,new_observed,18407721.95,18407721.95,17509904.853890624,new_observed,12945081975.46,48536648.60070466,1,
3135100,Janaúba,2021,ok,ok,14399052.28,14399052.28,14399052.28,new_observed,22722725.16,22722725.16,22338509.41503628,new_observed,16790773533.8425,49905116.69006523,1,
3135100,Janaúba,2022,ok,ok,21605709.88,21605709.88,21605709.88,new_observed,23013073.33,23013073.33,19478967.11974042,new_observed,17457373501.01,52222904.05429898,1,
3135100,Janaúba,2023,ok,ok,30602476.89,30602476.89,30602476.89,new_observed,22265552.21,22265552.21,19302920.873299953,new_observed,17975926235.1,61603457.845865786,1,
3135100,Janaúba,2024,ok,ok,53316543.92,53316543.92,53316543.92,new_observed,34826502.73,34826502.73,34612619.36527525,new_observed,20140666841.11,94323887.31354517,1,
3135100,Janaúba,2025,ok,ok,29885684.21,29885684.21,29885684.21,new_observed,37756795.39,37756795.39,37820976.887560785,new_observed,21654451288.89,67706661.0975608,1,
3135209,Januária,2019,ok,ok,2519660.78,2519660.78,2519660.78,new_observed,15522901.68,15522901.68,15935264.184251629,new_observed,12828054857.945,32151403.33094006,1,
3135209,Januária,2020,ok,ok,2582158.6,2582158.6,2582158.6,new_observed,16651950.33,16651950.33,15839769.130694227,new_observed,12945081975.46,31425210.169550776,1,
3135209,Januária,2021,ok,ok,2922878.88,2922878.88,2922878.88,new_observed,21202411.66,21202411.66,20843902.70767967,new_observed,16790773533.8425,32285321.990781523,1,
3135209,Januária,2022,ok,ok,4160106.86,4160106.86,4160106.86,new_observed,21382562.4,21382562.4,18098852.941229373,new_observed,17457373501.01,28293456.51312882,1,
3135209,Januária,2023,ok,ok,5812059.28,5812059.28,5812059.28,new_observed,20221830.26,20221830.26,17531134.451126315,new_observed,17975926235.1,28814948.191051755,1,
3135209,Januária,2024,ok,ok,7972562.56,7972562.56,7972562.56,new_observed,32483569.41,32483569.41,32284074.92795153,new_observed,20140666841.11,43184336.074214146,1,
3135209,Januária,2025,ok,ok,8604656.65,8604656.65,8604656.65,new_observed,35236040.78,35236040.78,35295937.33218388,new_observed,21654451288.89,43900593.98218388,4,
3135308,Japaraíba,2019,ok,ok,301916.89,301916.89,301916.89,new_observed,3260711.66,3260711.66,3347331.7554872045,new_observed,12828054857.945,6357569.33627303,4,
3135308,Japaraíba,2020,ok,ok,303186.14,303186.14,303186.14,new_observed,3593546.59,3593546.59,3418275.1700529186,new_observed,12945081975.46,6348288.057357263,1,
3135308,Japaraíba,2021,ok,ok,310882.58,310882.58,310882.58,new_observed,4703339.89,4703339.89,4623811.698423971,new_observed,16790773533.8425,6703397.896649721,1,
3135308,Japaraíba,2022,ok,ok,286872.0,286872.0,286872.0,new_observed,5164243.94,5164243.94,4371173.570043925,new_observed,17457373501.01,5920861.125097643,1,
3135308,Japaraíba,2023,ok,ok,326309.91,326309.91,326309.91,new_observed,4871212.49,4871212.49,4223053.99680453,new_observed,17975926235.1,5615756.215141013,1,
3135308,Japaraíba,2024,ok,ok,403117.92,403117.92,403117.92,new_observed,6288407.98,6288407.98,6249788.372744236,new_observed,20140666841.11,7136744.625084697,1,
3135308,Japaraíba,2025,ok,ok,654521.02,654521.02,654521.02,new_observed,6489241.45,6489241.45,6500272.291733058,new_observed,21654451288.89,7154793.311733058,1,
3135357,Japonvar,2019,ok,ok,250464.78,250464.78,250464.78,new_observed,2698826.34,2698826.34,2770520.0742672556,new_observed,12828054857.945,5263034.268324179,1,
3135357,Japonvar,2020,ok,ok,409494.39,409494.39,409494.39,new_observed,2882182.79,2882182.79,2741607.384200032,new_observed,12945081975.46,5375335.142309162,1,
3135357,Japonvar,2021,ok,ok,158798.09,158798.09,158798.09,new_observed,3687999.29,3687999.29,3625639.3668545396,new_observed,16790773533.8425,5140863.578763239,1,
3135357,Japonvar,2022,ok,ok,195337.48,195337.48,195337.48,new_observed,4217450.6,4217450.6,3569778.8117433293,new_observed,17457373501.01,4785855.000350426,1,
3135357,Japonvar,2023,ok,ok,188810.68,188810.68,188810.68,new_observed,4001331.46,4001331.46,3468918.436504646,new_observed,17975926235.1,4515118.034103616,1,
3135357,Japonvar,2024,ok,ok,311356.08,311356.08,311356.08,new_observed,5511303.35,5511303.35,5477456.250460448,new_observed,20140666841.11,6209808.686181936,1,
3135357,Japonvar,2025,ok,ok,511665.89,511665.89,511665.89,new_observed,5117153.27,5117153.27,5125851.745512136,new_observed,21654451288.89,5637517.635512136,2,
3135407,Jeceaba,2019,ok,ok,16869845.74,16869845.74,16869845.74,new_observed,25149859.95,25149859.95,25817960.50518948,new_observed,12828054857.945,74368922.03900456,1,
3135407,Jeceaba,2020,ok,ok,16352976.94,16352976.94,16352976.94,new_observed,27889964.58,27889964.58,26529661.16614878,new_observed,12945081975.46,73151731.71943219,1,
3135407,Jeceaba,2021,ok,ok,14934074.94,14934074.94,14934074.94,new_observed,38362035.14,38362035.14,37713376.239896506,new_observed,16790773533.8425,71517462.60074306,1,
3135407,Jeceaba,2022,ok,ok,11460370.01,11460370.01,11460370.01,new_observed,44475577.03,44475577.03,37645484.81534137,new_observed,17457373501.01,62418656.59706511,1,
3135407,Jeceaba,2023,ok,ok,16433005.86,16433005.86,16433005.86,new_observed,28941998.69,28941998.69,25091006.29344871,new_observed,17975926235.1,51257436.00760049,1,
3135407,Jeceaba,2024,ok,ok,12693883.21,12693883.21,12693883.21,new_observed,18931504.0,18931504.0,18815238.126098968,new_observed,20140666841.11,33800649.286432214,1,
3135407,Jeceaba,2025,ok,ok,11195443.99,11195443.99,11195443.99,new_observed,25134948.22,25134948.22,25177674.2670919,new_observed,21654451288.89,36373118.2570919,1,
3135456,Jenipapo de Minas,2019,ok,ok,2669361.92,2669361.92,2669361.92,new_observed,2467532.82,2467532.82,2533082.2922542286,new_observed,12828054857.945,9063482.105665838,1,
3135456,Jenipapo de Minas,2020,ok,ok,2526743.92,2526743.92,2526743.92,new_observed,2823183.17,2823183.17,2685485.408030368,new_observed,12945081975.46,8891328.012992814,1,
3135456,Jenipapo de Minas,2021,ok,ok,2530079.83,2530079.83,2530079.83,new_observed,3705869.72,3705869.72,3643207.6279673604,new_observed,16790773533.8425,8385930.277806181,1,
3135456,Jenipapo de Minas,2022,ok,ok,2463710.88,2463710.88,2463710.88,new_observed,3830758.55,3830758.55,3242470.8672804846,new_observed,17457373501.01,7253151.385527592,1,
3135456,Jenipapo de Minas,2023,ok,ok,2595574.82,2595574.82,2595574.82,new_observed,3730324.75,3730324.75,3233971.5988998786,new_observed,17975926235.1,7196019.532406388,1,
3135456,Jenipapo de Minas,2024,ok,ok,2516027.43,2516027.43,2516027.43,new_observed,3698127.17,3698127.17,3675415.504449434,new_observed,20140666841.11,6641720.947150779,1,
3135456,Jenipapo de Minas,2025,ok,ok,1873164.25,1873164.25,1873164.25,new_observed,3850888.06,3850888.06,3857434.054173415,new_observed,21654451288.89,5730598.3041734155,1,
3135506,Jequeri,2019,ok,ok,166992.46,166992.46,166992.46,new_observed,7434527.98,7434527.98,7632024.5975113725,new_observed,12828054857.945,13587123.409423066,1,
3135506,Jequeri,2020,ok,ok,260228.79,260228.79,260228.79,new_observed,8096879.84,8096879.84,7701963.121611857,new_observed,12945081975.46,13582376.279535573,1,
3135506,Jequeri,2021,ok,ok,338353.33,338353.33,338353.33,new_observed,9465613.89,9465613.89,9305560.997282386,new_observed,16790773533.8425,13100506.610841477,1,
3135506,Jequeri,2022,ok,ok,866900.05,866900.05,866900.05,new_observed,10949836.78,10949836.78,9268275.798960587,new_observed,17457373501.01,12882864.235176075,1,
3135506,Jequeri,2023,ok,ok,781911.83,781911.83,781911.83,new_observed,10834152.77,10834152.77,9392571.613590064,new_observed,17975926235.1,12559430.242265126,1,
3135506,Jequeri,2024,ok,ok,1161742.88,1161742.88,1161742.88,new_observed,11389975.9,11389975.9,11320025.540972782,new_observed,20140666841.11,13389515.765024465,1,
3135506,Jequeri,2025,ok,ok,913903.83,913903.83,913903.83,new_observed,12095481.89,12095481.89,12116042.5899588,new_observed,21654451288.89,13029946.4199588,1,
3135605,Jequitaí,2019,ok,ok,406738.62,406738.62,406738.62,new_observed,3772482.01,3772482.01,3872697.1734376526,new_observed,12828054857.945,7455455.19638773,1,
3135605,Jequitaí,2020,ok,ok,1022792.28,1022792.28,1022792.28,new_observed,4168531.63,4168531.63,3965215.9251424144,new_observed,12945081975.46,8508838.405270252,1,
3135605,Jequitaí,2021,ok,ok,1162428.1,1162428.1,1162428.1,new_observed,4990082.63,4990082.63,4905705.94095343,new_observed,16790773533.8425,8243087.549429127,1,
3135605,Jequitaí,2022,ok,ok,475383.7,475383.7,475383.7,new_observed,5615345.54,5615345.54,4752999.721990676,new_observed,17457373501.01,6645819.944195534,1,
3135605,Jequitaí,2023,ok,ok,562643.29,562643.29,562643.29,new_observed,5137802.98,5137802.98,4454172.232072599,new_observed,17975926235.1,6192780.68878072,1,
3135605,Jequitaí,2024,ok,ok,697675.49,697675.49,697675.49,new_observed,5622469.96,5622469.96,5587940.142222093,new_observed,20140666841.11,6742742.435367401,1,
3135605,Jequitaí,2025,ok,ok,922469.09,922469.09,922469.09,new_observed,6119912.08,6119912.08,6130315.111247159,new_observed,21654451288.89,7052784.201247158,1,
3135704,Jequitibá,2019,ok,ok,480012.67,480012.67,480012.67,new_observed,3398679.74,3398679.74,3488964.9275008254,new_observed,12828054857.945,6914587.829313842,4,
3135704,Jequitibá,2020,ok,ok,550745.85,550745.85,550745.85,new_observed,3777399.44,3777399.44,3593160.792475992,new_observed,12945081975.46,7068920.205665041,1,
3135704,Jequitibá,2021,ok,ok,433022.31,433022.31,433022.31,new_observed,5279646.24,5279646.24,5190373.355741494,new_observed,16790773533.8425,7638945.099918101,1,
3135704,Jequitibá,2022,ok,ok,559632.4,559632.4,559632.4,new_observed,6293103.75,6293103.75,5326674.94121982,new_observed,17457373501.01,7482109.778216842,1,
3135704,Jequitibá,2023,ok,ok,959045.72,959045.72,959045.72,new_observed,5714988.94,5714988.94,4954558.42550623,new_observed,17975926235.1,7299780.785691532,5,
3135704,Jequitibá,2024,ok,ok,807119.46,807119.46,807119.46,new_observed,6798222.79,6798222.79,6756472.207814175,new_observed,20140666841.11,8113660.377342007,1,
3135704,Jequitibá,2025,ok,ok,1043186.86,1043186.86,1043186.86,new_observed,6456454.32,6456454.32,6467429.428001357,new_observed,21654451288.89,7510616.288001358,1,
3135803,Jequitinhonha,2019,ok,ok,1683008.13,1683008.13,1683008.13,new_observed,6475114.75,6475114.75,6647124.7638923675,new_observed,12828054857.945,14512411.347684126,1,
3135803,Jequitinhonha,2020,ok,ok,1943216.97,1943216.97,1943216.97,new_observed,7070372.97,7070372.97,6725523.034436102,new_observed,12945081975.46,14787647.662448572,1,
3135803,Jequitinhonha,2021,ok,ok,1357131.0,1357131.0,1357131.0,new_observed,8705603.73,8705603.73,8558401.754931932,new_observed,16790773533.8425,13469479.092998728,1,
3135803,Jequitinhonha,2022,ok,ok,1820793.56,1820793.56,1820793.56,new_observed,8640077.36,8640077.36,7313224.982777804,new_observed,17457373501.01,11610289.01341215,1,
3135803,Jequitinhonha,2023,ok,ok,3063715.2,3063715.2,3063715.2,new_observed,8566588.65,8566588.65,7426727.228925057,new_observed,17975926235.1,12949451.50061527,1,
3135803,Jequitinhonha,2024,ok,ok,3745257.7,3745257.7,3745257.7,new_observed,11728908.49,11728908.49,11656876.611524044,new_observed,20140666841.11,16522267.776788544,1,
3135803,Jequitinhonha,2025,ok,ok,2751564.8,2751564.8,2751564.8,new_observed,12586066.26,12586066.26,12607460.887711972,new_observed,21654451288.89,15359025.687711973,1,
3135902,Jesuânia,2019,ok,ok,57380.39,57380.39,57380.39,new_observed,2694174.79,2694174.79,2765744.956854011,new_observed,12828054857.945,4918331.657068544,1,
3135902,Jesuânia,2020,ok,ok,76495.07,76495.07,76495.07,new_observed,3065449.56,3065449.56,2915935.5120529113,new_observed,12945081975.46,5104664.470164008,1,
3135902,Jesuânia,2021,ok,ok,87552.06,87552.06,87552.06,new_observed,4019903.33,4019903.33,3951931.282556634,new_observed,16790773533.8425,5487323.55324227,1,
3135902,Jesuânia,2022,ok,ok,159912.56,159912.56,159912.56,new_observed,4469475.44,4469475.44,3783100.322578573,new_observed,17457373501.01,5011980.097910145,1,
3135902,Jesuânia,2023,ok,ok,175722.12,175722.12,175722.12,new_observed,4526153.08,4526153.08,3923907.834832131,new_observed,17975926235.1,5060602.508449981,1,
3135902,Jesuânia,2024,ok,ok,337559.1,337559.1,337559.1,new_observed,5053602.95,5053602.95,5022566.770131217,new_observed,20140666841.11,5749945.634309722,1,
3135902,Jesuânia,2025,ok,ok,465958.66,465958.66,465958.66,new_observed,4997797.16,4997797.16,5006292.746103656,new_observed,21654451288.89,5472251.406103656,1,
3136009,Joaíma,2019,ok,ok,1200959.6,1200959.6,1200959.6,new_observed,4410249.38,4410249.38,4527406.694798568,new_observed,12828054857.945,9979721.701832449,1,
3136009,Joaíma,2020,ok,ok,1634408.52,1634408.52,1634408.52,new_observed,4825317.61,4825317.61,4589967.866224907,new_observed,12945081975.46,10617908.124001496,2,
3136009,Joaíma,2021,ok,ok,1473271.11,1473271.11,1473271.11,new_observed,6023785.14,6023785.14,5921929.703261245,new_observed,16790773533.8425,10045804.416631503,1,
3136009,Joaíma,2022,ok,ok,1158269.55,1158269.55,1158269.55,new_observed,6073036.35,6073036.35,5140403.1822393,new_observed,17457373501.01,8006269.144266131,1,
3136009,Joaíma,2023,ok,ok,995630.83,995630.83,995630.83,new_observed,6476220.47,6476220.47,5614501.275845761,new_observed,17975926235.1,8159578.177684223,1,
3136009,Joaíma,2024,ok,ok,1200898.11,1200898.11,1200898.11,new_observed,6731738.15,6731738.15,6690395.876354828,new_observed,20140666841.11,8465195.128857063,1,
3136009,Joaíma,2025,ok,ok,1040192.38,1040192.38,1040192.38,new_observed,7334822.32,7334822.32,7347290.536011906,new_observed,21654451288.89,8387482.916011906,1,
3136108,Joanésia,2019,ok,ok,302922.91,302922.91,302922.91,new_observed,3095458.92,3095458.92,3177689.112419749,new_observed,12828054857.945,6063777.619692657,1,
3136108,Joanésia,2020,ok,ok,325660.37,325660.37,325660.37,new_observed,3050998.65,3050998.65,2902189.4298467897,new_observed,12945081975.46,5506256.448228135,1,
3136108,Joanésia,2021,ok,ok,273845.65,273845.65,273845.65,new_observed,3535016.2,3535016.2,3475243.0489726425,new_observed,16790773533.8425,5092845.043902683,1,
3136108,Joanésia,2022,ok,ok,692262.58,692262.58,692262.58,new_observed,3807239.1,3807239.1,3222563.287503769,new_observed,17457373501.01,4976151.465648101,1,
3136108,Joanésia,2023,ok,ok,474429.78,474429.78,474429.78,new_observed,4065263.55,4065263.55,3524343.7887660842,new_observed,17975926235.1,4936104.910875974,1,
3136108,Joanésia,2024,ok,ok,439259.41,439259.41,439259.41,new_observed,4135206.4,4135206.4,4109810.4575615576,new_observed,20140666841.11,4879904.886359535,1,
3136108,Joanésia,2025,ok,ok,484977.92,484977.92,484977.92,new_observed,4616144.15,4616144.15,4623990.977079554,new_observed,21654451288.89,5108968.897079554,1,
3136207,João Monlevade,2019,ok,ok,17318795.62,17318795.62,17318795.62,new_observed,49110566.9,49110566.9,50415178.419777475,new_observed,12828054857.945,118003314.71294168,1,
3136207,João Monlevade,2020,ok,ok,19193786.45,19193786.45,19193786.45,new_observed,49986145.02,49986145.02,47548123.86293017,new_observed,12945081975.46,113852284.59052801,1,
3136207,João Monlevade,2021,ok,ok,22990837.18,22990837.18,22990837.18,new_observed,67399091.15,67399091.15,66259448.266774856,new_observed,16790773533.8425,121239562.57131593,1,
3136207,João Monlevade,2022,ok,ok,33078609.15,33078609.15,33078609.15,new_observed,75513148.53,75513148.53,63916631.91749561,new_observed,17457373501.01,123291054.91138284,1,
3136207,João Monlevade,2023,ok,ok,37725810.39,37725810.39,37725810.39,new_observed,89389218.09,89389218.09,77495181.23078354,new_observed,17975926235.1,142229334.26831868,1,
3136207,João Monlevade,2024,ok,ok,43440523.14,43440523.14,43440523.14,new_observed,103746195.59,103746195.59,103109049.05931872,new_observed,20140666841.11,157207515.88559276,1,
3136207,João Monlevade,2025,ok,ok,48118704.02,48118704.02,48118704.02,new_observed,95311777.69,95311777.69,95473794.95243284,new_observed,21654451288.89,143592498.97243285,2,
3136306,João Pinheiro,2019,ok,ok,10136744.19,10136744.19,10136744.19,new_observed,35212875.52,35212875.52,36148297.89338504,new_observed,12828054857.945,80635876.82393982,1,
3136306,João Pinheiro,2020,ok,ok,9835219.29,9835219.29,9835219.29,new_observed,39680552.93,39680552.93,37745176.08649943,new_observed,12945081975.46,81165442.97182895,2,
3136306,João Pinheiro,2021,ok,ok,12381423.39,12381423.39,12381423.39,new_observed,50266381.88,50266381.88,49416433.855515115,new_observed,16790773533.8425,83947576.66919734,3,
3136306,João Pinheiro,2022,ok,ok,13787726.23,13787726.23,13787726.23,new_observed,51808499.66,51808499.66,43852294.16901279,new_observed,17457373501.01,73266470.00302568,5,
3136306,João Pinheiro,2023,ok,ok,15403730.6,15403730.6,15403730.6,new_observed,54151201.88,54151201.88,46945898.99343582,new_observed,17975926235.1,76964676.17755722,1,
3136306,João Pinheiro,2024,ok,ok,16362522.0,16362522.0,16362522.0,new_observed,59379788.17,59379788.17,59015113.342070684,new_observed,20140666841.11,80859538.70503406,1,
3136306,João Pinheiro,2025,ok,ok,19373994.27,19373994.27,19373994.27,new_observed,61438686.45,61438686.45,61543123.992005296,new_observed,21654451288.89,80917118.2620053,1,
3136405,Joaquim Felício,2019,ok,ok,2267810.74,2267810.74,2267810.74,new_observed,2860362.04,2860362.04,2936346.9349762015,new_observed,12828054857.945,9066467.22921272,1,
3136405,Joaquim Felício,2020,ok,partial,,,2294608.649785676,imputed_temporal,3307468.53,3307468.53,3146150.263723289,new_observed,12945081975.46,9281167.250156872,1,
3136405,Joaquim Felício,2021,ok,ok,2729584.49,2729584.49,2729584.49,new_observed,5032812.93,5032812.93,4947713.719603926,new_observed,16790773533.8425,10429011.761727223,1,
3136405,Joaquim Felício,2022,ok,ok,3588826.87,3588826.87,3588826.87,new_observed,6446659.1,6446659.1,5456648.87259434,new_observed,17457373501.01,11497741.891313337,1,
3136405,Joaquim Felício,2023,ok,ok,3680640.2,3680640.2,3680640.2,new_observed,5563840.35,5563840.35,4823521.510483279,new_observed,17975926235.1,10497577.234650237,3,
3136405,Joaquim Felício,2024,ok,ok,3406056.29,3406056.29,3406056.29,new_observed,6204355.8,6204355.8,6166252.390514947,new_observed,20140666841.11,10268463.062499795,1,
3136405,Joaquim Felício,2025,ok,ok,3475689.32,3475689.32,3475689.32,new_observed,6163018.46,6163018.46,6173494.766322393,new_observed,21654451288.89,9649184.086322393,1,
3136504,Jordânia,2019,ok,ok,300444.91,300444.91,300444.91,new_observed,2533172.6,2533172.6,2600465.778722086,new_observed,12828054857.945,5053846.047101554,1,
3136504,Jordânia,2020,ok,ok,339740.22,339740.22,339740.22,new_observed,2738973.22,2738973.22,2605382.708942669,new_observed,12945081975.46,5023964.287026251,1,
3136504,Jordânia,2021,ok,ok,310587.41,310587.41,310587.41,new_observed,3695128.35,3695128.35,3632647.8824621085,new_observed,16790773533.8425,5356578.07233553,1,
3136504,Jordânia,2022,ok,ok,431633.84,431633.84,431633.84,new_observed,3537976.34,3537976.34,2994651.075458054,new_observed,17457373501.01,4355165.0267029805,1,
3136504,Jordânia,2023,ok,ok,590507.13,590507.13,590507.13,new_observed,3596998.78,3596998.78,3118385.8445025496,new_observed,17975926235.1,4578274.941185189,1,
3136504,Jordânia,2024,ok,ok,1760003.66,1760003.66,1760003.66,new_observed,5009254.54,5009254.54,4978490.721304676,new_observed,20140666841.11,7228557.181000472,1,
3136504,Jordânia,2025,ok,ok,941936.68,941936.68,941936.68,new_observed,6511167.97,6511167.97,6522236.083881696,new_observed,21654451288.89,7464172.763881695,1,
3136520,José Gonçalves de Minas,2019,ok,ok,95859.17,95859.17,95859.17,new_observed,1768945.18,1768945.18,1815936.8236595409,new_observed,12828054857.945,3330651.530563716,1,
3136520,José Gonçalves de Minas,2020,ok,ok,148547.63,148547.63,148547.63,new_observed,1981456.37,1981456.37,1884812.9391065412,new_observed,12945081975.46,3468626.311468133,1,
3136520,José Gonçalves de Minas,2021,ok,ok,128541.65,128541.65,128541.65,new_observed,2754610.84,2754610.84,2708033.4665325414,new_observed,16790773533.8425,3853266.402539132,1,
3136520,José Gonçalves de Minas,2022,ok,ok,222242.77,222242.77,222242.77,new_observed,3052454.38,3052454.38,2583690.481054389,new_observed,17457373501.01,3566633.4422808383,1,
3136520,José Gonçalves de Minas,2023,ok,ok,277960.28,277960.28,277960.28,new_observed,3432160.81,3432160.81,2975481.044216647,new_observed,17975926235.1,4016063.280789391,1,
3136520,José Gonçalves de Minas,2024,ok,ok,507437.69,507437.69,507437.69,new_observed,3929514.2,3929514.2,3905381.4949349663,new_observed,20140666841.11,4733745.255648977,1,
3136520,José Gonçalves de Minas,2025,ok,ok,1447875.63,1447875.63,1447875.63,new_observed,4112215.72,4112215.72,4119205.936210789,new_observed,21654451288.89,5567081.566210789,1,
3136553,José Raydan,2019,ok,ok,61987.81,61987.81,61987.81,new_observed,2768462.08,2768462.08,2842005.6725427103,new_observed,12828054857.945,5059216.762382436,1,
3136553,José Raydan,2020,ok,ok,201760.83,201760.83,201760.83,new_observed,2920810.44,2920810.44,2778351.0115791596,new_observed,12945081975.46,5083650.43655846,1,
3136553,José Raydan,2021,ok,ok,157688.8,157688.8,157688.8,new_observed,3494935.76,3494935.76,3435840.3241676562,new_observed,16790773533.8425,4881529.475456868,1,
3136553,José Raydan,2022,ok,ok,180930.56,180930.56,180930.56,new_observed,3744267.61,3744267.61,3169262.2978618494,new_observed,17457373501.01,4258444.09536486,1,
3136553,José Raydan,2023,ok,ok,270245.91,270245.91,270245.91,new_observed,3650403.23,3650403.23,3164684.3536484004,new_observed,17975926235.1,4240094.081681972,1,
3136553,José Raydan,2024,ok,ok,260432.68,260432.68,260432.68,new_observed,4133152.52,4133152.52,4107769.1912531634,new_observed,20140666841.11,4685883.109454073,1,
3136553,José Raydan,2025,ok,ok,131844.6,131844.6,131844.6,new_observed,4443354.8,4443354.8,4450907.908316323,new_observed,21654451288.89,4582752.508316322,1,
3136579,Josenópolis,2019,ok,ok,406181.85,406181.85,406181.85,new_observed,2149632.21,2149632.21,2206736.72174716,new_observed,12828054857.945,4552118.149159511,1,
3136579,Josenópolis,2020,ok,ok,330991.66,330991.66,330991.66,new_observed,2269883.16,2269883.16,2159172.018623879,new_observed,12945081975.46,4247867.981099073,5,
3136579,Josenópolis,2021,ok,ok,532199.07,532199.07,532199.07,new_observed,3081047.85,3081047.85,3028950.79356768,new_observed,16790773533.8425,4837544.771409453,1,
3136579,Josenópolis,2022,ok,ok,1103424.9,1103424.9,1103424.9,new_observed,4283515.83,4283515.83,3625698.4372742013,new_observed,17457373501.01,6011208.371066838,1,
3136579,Josenópolis,2023,ok,ok,1186384.25,1186384.25,1186384.25,new_observed,5263827.88,5263827.88,4563428.389288991,new_observed,17975926235.1,7097595.779640248,1,
3136579,Josenópolis,2024,ok,ok,941210.08,941210.08,941210.08,new_observed,5640308.87,5640308.87,5605669.496401247,new_observed,20140666841.11,7023007.024601513,1,
3136579,Josenópolis,2025,ok,ok,813456.58,813456.58,813456.58,new_observed,4991854.87,4991854.87,5000340.355006166,new_observed,21654451288.89,5813796.935006166,1,
3136603,Nova União,2019,ok,ok,752411.59,752411.59,752411.59,new_observed,2950723.29,2950723.29,3029108.611913474,new_observed,12828054857.945,6588007.344994819,1,
3136603,Nova União,2020,ok,ok,2132304.7,2132304.7,2132304.7,new_observed,3673551.25,3673551.25,3494377.687695949,new_observed,12945081975.46,9598326.471341096,1,
3136603,Nova União,2021,ok,ok,776026.31,776026.31,776026.31,new_observed,4543479.9,4543479.9,4466654.761192301,new_observed,16790773533.8425,7121773.970698728,1,
3136603,Nova União,2022,ok,ok,708401.16,708401.16,708401.16,new_observed,5117633.63,5117633.63,4331721.182137641,new_observed,17457373501.01,6406520.501476638,1,
3136603,Nova União,2023,ok,ok,716682.7,716682.7,716682.7,new_observed,4778306.8,4778306.8,4142510.2417772505,new_observed,17975926235.1,5998210.6339174,1,
3136603,Nova União,2024,ok,ok,738655.71,738655.71,738655.71,new_observed,3362196.35,3362196.35,3341547.768838165,new_observed,20140666841.11,4376939.78624172,1,
3136603,Nova União,2025,ok,ok,917987.6,917987.6,917987.6,new_observed,4582623.23,4582623.23,4590413.0760030905,new_observed,21654451288.89,5508400.67600309,1,
3136652,Juatuba,2019,ok,ok,4223931.4,4223931.4,4223931.4,new_observed,48921462.36,48921462.36,50221050.358834855,new_observed,12828054857.945,94851784.6192694,1,
3136652,Juatuba,2020,ok,partial,,,4443434.798361361,imputed_temporal,46004211.99,46004211.99,43760405.38916952,new_observed,12945081975.46,82228951.87829022,1,
3136652,Juatuba,2021,ok,partial,,,5066254.701443287,imputed_temporal,54953994.6,54953994.6,54024784.31270841,new_observed,16790773533.8425,80270574.8905725,1,
3136652,Juatuba,2022,ok,ok,6994766.06,6994766.06,6994766.06,new_observed,49170517.63,49170517.63,41619425.72558547,new_observed,17457373501.01,61793701.65942792,1,
3136652,Juatuba,2023,ok,ok,10263614.2,10263614.2,10263614.2,new_observed,38666223.9,38666223.9,33521336.15962087,new_observed,17975926235.1,54048348.76891427,1,
3136652,Juatuba,2024,ok,ok,12289414.19,12289414.19,12289414.19,new_observed,40588087.71,40588087.71,40338820.16698942,new_observed,20140666841.11,56455667.966430105,1,
3136652,Juatuba,2025,ok,ok,11169498.32,11169498.32,11169498.32,new_observed,48936993.74,48936993.74,49020180.07803302,new_observed,21654451288.89,60189678.39803302,1,
3136702,Juiz de Fora,2019,ok,ok,193274943.69,193274943.69,193274943.69,new_observed,215212657.04,215212657.04,220929734.42882368,new_observed,12828054857.945,721610176.8799868,1,
3136702,Juiz de Fora,2020,ok,ok,168998461.28,168998461.28,168998461.28,new_observed,207092290.87,207092290.87,196991584.23608965,new_observed,12945081975.46,624327392.2491469,1,
3136702,Juiz de Fora,2021,ok,ok,203646726.05,203646726.05,203646726.05,new_observed,266233241.25,266233241.25,261731536.35321927,new_observed,16790773533.8425,632180128.9656744,1,
3136702,Juiz de Fora,2022,ok,ok,214640384.07,214640384.07,214640384.07,new_observed,271807193.8,271807193.8,230065898.41423467,new_observed,17457373501.01,565268007.8917232,1,
3136702,Juiz de Fora,2023,ok,ok,245959216.19,245959216.19,245959216.19,new_observed,273226802.65,273226802.65,236871527.0241075,new_observed,17975926235.1,596008541.5480219,1,
3136702,Juiz de Fora,2024,ok,ok,286951937.92,286951937.92,286951937.92,new_observed,269906380.96,269906380.96,268248778.83532047,new_observed,20140666841.11,595578166.4124866,1,
3136702,Juiz de Fora,2025,ok,ok,311461486.37,311461486.37,311461486.37,new_observed,289088290.73,289088290.73,289579702.1232258,new_observed,21654451288.89,601041188.4932258,1,
3136801,Juramento,2019,ok,ok,464325.3,464325.3,464325.3,new_observed,2155387.08,2155387.08,2212644.468616044,new_observed,12828054857.945,4663705.48253258,1,
3136801,Juramento,2020,ok,ok,482669.37,482669.37,482669.37,new_observed,2619734.39,2619734.39,2491959.6262896173,new_observed,12945081975.46,5074297.475887361,1,
3136801,Juramento,2021,ok,ok,298587.46,298587.46,298587.46,new_observed,3004492.89,3004492.89,2953690.2919031107,new_observed,16790773533.8425,4417966.060582548,1,
3136801,Juramento,2022,ok,ok,350565.46,350565.46,350565.46,new_observed,3249542.28,3249542.28,2750511.6904055993,new_observed,17457373501.01,3941792.0820366605,1,
3136801,Juramento,2023,ok,ok,479725.76,479725.76,479725.76,new_observed,3367442.44,3367442.44,2919374.0335583673,new_observed,17975926235.1,4195864.780790354,1,
3136801,Juramento,2024,ok,ok,276785.57,276785.57,276785.57,new_observed,4080263.84,4080263.84,4055205.3216115832,new_observed,20140666841.11,4647038.6551728,1,
3136801,Juramento,2025,ok,ok,712912.42,712912.42,712912.42,new_observed,4258822.75,4258822.75,4266062.178535118,new_observed,21654451288.89,4978974.598535118,1,
3136900,Juruaia,2019,ok,ok,478443.71,478443.71,478443.71,new_observed,6033905.71,6033905.71,6194195.101782953,new_observed,12828054857.945,11624794.039254334,1,
3136900,Juruaia,2020,ok,ok,478757.32,478757.32,478757.32,new_observed,6218306.65,6218306.65,5915015.344623637,new_observed,12945081975.46,10906874.28044506,1,
3136900,Juruaia,2021,ok,ok,593435.43,593435.43,593435.43,new_observed,8155596.45,8155596.45,8017694.479897562,new_observed,16790773533.8425,11697549.406084077,1,
3136900,Juruaia,2022,ok,ok,630450.02,630450.02,630450.02,new_observed,9246573.83,9246573.83,7826582.0919288,new_observed,17457373501.01,10749768.741474433,1,
3136900,Juruaia,2023,ok,ok,816563.09,816563.09,816563.09,new_observed,8689372.1,8689372.1,7533173.2401242,new_observed,17975926235.1,10306953.818433762,1,
3136900,Juruaia,2024,ok,ok,935231.44,935231.44,935231.44,new_observed,8618526.55,8618526.55,8565596.760529762,new_observed,20140666841.11,10191784.103126941,1,
3136900,Juruaia,2025,ok,ok,1223425.71,1223425.71,1223425.71,new_observed,9235473.09,9235473.09,9251172.157875752,new_observed,21654451288.89,10474597.867875751,1,
3136959,Juvenília,2019,ok,partial,,,57677.733672627095,imputed_temporal,2835943.41,2835943.41,2911279.629385466,new_observed,12828054857.945,5172394.135275524,1,
3136959,Juvenília,2020,ok,ok,60675.05,60675.05,60675.05,new_observed,3115911.44,3115911.44,2963936.167427242,new_observed,12945081975.46,5159560.094813704,1,
3136959,Juvenília,2021,ok,ok,106887.49,106887.49,106887.49,new_observed,3906453.54,3906453.54,3840399.801002205,new_observed,16790773533.8425,5362082.3968100315,1,
3136959,Juvenília,2022,ok,ok,230599.73,230599.73,230599.73,new_observed,4247349.85,4247349.85,3595086.4488113285,new_observed,17457373501.01,4862845.636079456,1,
3136959,Juvenília,2023,ok,ok,204679.24,204679.24,204679.24,new_observed,4168604.48,4168604.48,3613934.281557335,new_observed,17975926235.1,4713714.500797024,1,
3136959,Juvenília,2024,ok,ok,353126.47,353126.47,353126.47,new_observed,4966426.51,4966426.51,4935925.715221603,new_observed,20140666841.11,5673703.054534196,1,
3136959,Juvenília,2025,ok,ok,223284.36,223284.36,223284.36,new_observed,4789175.79,4789175.79,4797316.747703351,new_observed,21654451288.89,5020601.107703351,1,
3137007,Ladainha,2019,ok,ok,430421.71,430421.71,430421.71,new_observed,3747151.27,3747151.27,3846693.5278433072,new_observed,12828054857.945,7451412.420867907,1,
3137007,Ladainha,2020,ok,ok,344585.19,344585.19,344585.19,new_observed,4016594.42,4016594.42,3820689.291260616,new_observed,12945081975.46,7105370.724551676,1,
3137007,Ladainha,2021,ok,ok,353230.6,353230.6,353230.6,new_observed,5798619.29,5798619.29,5700571.1547265835,new_observed,16790773533.8425,8223618.254691398,1,
3137007,Ladainha,2022,ok,ok,554617.13,554617.13,554617.13,new_observed,5297943.48,5297943.48,4484340.938271506,new_observed,17457373501.01,6405040.588116129,1,
3137007,Ladainha,2023,ok,ok,696319.02,696319.02,696319.02,new_observed,5546909.77,5546909.77,4808843.6959383385,new_observed,17975926235.1,6795598.762972655,5,
3137007,Ladainha,2024,ok,ok,841678.98,841678.98,841678.98,new_observed,7133108.6,7133108.6,7089301.351246284,new_observed,20140666841.11,8507767.697315192,1,
3137007,Ladainha,2025,ok,ok,579206.98,579206.98,579206.98,new_observed,7568896.39,7568896.39,7581762.500594791,new_observed,21654451288.89,8160969.4805947915,4,
3137106,Lagamar,2019,ok,ok,286713.81,286713.81,286713.81,new_observed,7612655.62,7612655.62,7814884.159494842,new_observed,12828054857.945,14114267.29975417,1,
3137106,Lagamar,2020,ok,ok,346298.54,346298.54,346298.54,new_observed,8678369.45,8678369.45,8255091.193204983,new_observed,12945081975.46,14672757.599945087,1,
3137106,Lagamar,2021,ok,ok,377483.97,377483.97,377483.97,new_observed,8150659.2,8150659.2,8012840.713246213,new_observed,16790773533.8425,11397602.700494722,1,
3137106,Lagamar,2022,ok,ok,577784.15,577784.15,577784.15,new_observed,7674485.34,7674485.34,6495918.448402645,new_observed,17457373501.01,8991412.835188182,1,
3137106,Lagamar,2023,ok,ok,956439.2,956439.2,956439.2,new_observed,8548872.86,8548872.86,7411368.68361018,new_observed,17975926235.1,10329261.429098707,1,
3137106,Lagamar,2024,ok,ok,669323.0,669323.0,669323.0,new_observed,9330027.42,9330027.42,9272728.021520782,new_observed,20140666841.11,10665095.233272664,1,
3137106,Lagamar,2025,ok,ok,1001893.64,1001893.64,1001893.64,new_observed,10480184.67,10480184.67,10497999.580928918,new_observed,21654451288.89,11499893.220928919,1,
3137205,Lagoa da Prata,2019,ok,ok,5604724.39,5604724.39,5604724.39,new_observed,28496530.11,28496530.11,29253534.229518555,new_observed,12828054857.945,60728609.54251007,1,
3137205,Lagoa da Prata,2020,ok,ok,6006328.61,6006328.61,6006328.61,new_observed,31016527.94,31016527.94,29503729.71748631,new_observed,12945081975.46,60575150.56988074,1,
3137205,Lagoa da Prata,2021,ok,ok,7275349.33,7275349.33,7275349.33,new_observed,38745466.7,38745466.7,38090324.40314587,new_observed,16790773533.8425,61625734.99487215,1,
3137205,Lagoa da Prata,2022,ok,ok,9466747.02,9466747.02,9466747.02,new_observed,37817972.63,37817972.63,32010285.40741252,new_observed,17457373501.01,52721628.67259482,1,
3137205,Lagoa da Prata,2023,ok,ok,11975617.4,11975617.4,11975617.4,new_observed,34832267.24,34832267.24,30197521.805427443,new_observed,17975926235.1,52058721.49525149,1,
3137205,Lagoa da Prata,2024,ok,ok,13169895.87,13169895.87,13169895.87,new_observed,34624405.81,34624405.81,34411763.60260837,new_observed,20140666841.11,51042076.58299612,1,
3137205,Lagoa da Prata,2025,ok,ok,14578123.89,14578123.89,14578123.89,new_observed,38754314.07,38754314.07,38820191.21577632,new_observed,21654451288.89,53398315.10577632,1,
3137304,Lagoa dos Patos,2019,ok,ok,131870.67,131870.67,131870.67,new_observed,2154519.63,2154519.63,2211753.9749956126,new_observed,12828054857.945,4082965.461173346,1,
3137304,Lagoa dos Patos,2020,ok,ok,97747.34,97747.34,97747.34,new_observed,2487691.32,2487691.32,2366356.816849331,new_observed,12945081975.46,4203414.112825629,1,
3137304,Lagoa dos Patos,2021,ok,ok,76141.04,76141.04,76141.04,new_observed,3103219.11,3103219.11,3050747.162478794,new_observed,16790773533.8425,4247634.122179007,1,
3137304,Lagoa dos Patos,2022,ok,ok,178834.13,178834.13,178834.13,new_observed,3188309.78,3188309.78,2698682.6349354363,new_observed,17457373501.01,3657623.544924292,1,
3137304,Lagoa dos Patos,2023,ok,ok,180274.14,180274.14,180274.14,new_observed,3351195.94,3351195.94,2905289.276036511,new_observed,17975926235.1,3808834.000925151,1,
3137304,Lagoa dos Patos,2024,ok,ok,133083.09,133083.09,133083.09,new_observed,3634913.56,3634913.56,3612590.114297635,new_observed,20140666841.11,4018080.5097539346,1,
3137304,Lagoa dos Patos,2025,ok,ok,189901.83,189901.83,189901.83,new_observed,4468973.48,4468973.48,4476570.136642683,new_observed,21654451288.89,4666471.966642683,1,
3137403,Lagoa Dourada,2019,ok,ok,643075.08,643075.08,643075.08,new_observed,7075203.53,7075203.53,7263154.77171145,new_observed,12828054857.945,13773905.083975572,1,
3137403,Lagoa Dourada,2020,ok,ok,824161.46,824161.46,824161.46,new_observed,6794637.53,6794637.53,6463236.297795904,new_observed,12945081975.46,12431272.63746025,1,
3137403,Lagoa Dourada,2021,ok,ok,853186.56,853186.56,853186.56,new_observed,9406931.14,9406931.14,9247870.506632838,new_observed,16790773533.8425,13721499.423066761,1,
3137403,Lagoa Dourada,2022,ok,ok,1092299.4,1092299.4,1092299.4,new_observed,10139619.71,10139619.71,8582483.360894151,new_observed,17457373501.01,12297656.663372412,1,
3137403,Lagoa Dourada,2023,ok,ok,1723805.36,1723805.36,1723805.36,new_observed,10215519.33,10215519.33,8856252.898955438,new_observed,17975926235.1,13060073.702922586,1,
3137403,Lagoa Dourada,2024,ok,ok,2458242.36,2458242.36,2458242.36,new_observed,13249686.03,13249686.03,13168314.45354246,new_observed,20140666841.11,16763011.598293252,1,
3137403,Lagoa Dourada,2025,ok,ok,2389603.1,2389603.1,2389603.1,new_observed,13980452.28,13980452.28,14004217.17727582,new_observed,21654451288.89,16393820.27727582,1,
3137502,Lagoa Formosa,2019,ok,ok,846278.39,846278.39,846278.39,new_observed,10393447.74,10393447.74,10669547.416866267,new_observed,12828054857.945,20062393.15102085,1,
3137502,Lagoa Formosa,2020,ok,ok,1013642.56,1013642.56,1013642.56,new_observed,12172596.82,12172596.82,11578891.332774153,new_observed,12945081975.46,21481086.55796504,1,
3137502,Lagoa Formosa,2021,ok,ok,1354164.34,1354164.34,1354164.34,new_observed,15780509.79,15780509.79,15513679.104763998,new_observed,16790773533.8425,22913651.76623674,1,
3137502,Lagoa Formosa,2022,ok,ok,1971414.19,1971414.19,1971414.19,new_observed,16546344.63,16546344.63,14005330.72562297,new_observed,17457373501.01,20308107.006265596,1,
3137502,Lagoa Formosa,2023,ok,ok,2412948.35,2412948.35,2412948.35,new_observed,16628240.86,16628240.86,14415704.338048983,new_observed,17975926235.1,20773368.07108519,1,
3137502,Lagoa Formosa,2024,ok,ok,2781488.88,2781488.88,2781488.88,new_observed,17708903.85,17708903.85,17600146.44847767,new_observed,20140666841.11,21863907.28809584,1,
3137502,Lagoa Formosa,2025,ok,ok,2584187.93,2584187.93,2584187.93,new_observed,20982941.02,20982941.02,21018609.210692104,new_observed,21654451288.89,23602797.140692104,1,
3137536,Lagoa Grande,2019,ok,ok,1866015.54,1866015.54,1866015.54,new_observed,7707895.04,7707895.04,7912653.593956331,new_observed,12828054857.945,17035990.987481836,1,
3137536,Lagoa Grande,2020,ok,ok,1689900.6,1689900.6,1689900.6,new_observed,8783821.66,8783821.66,8355400.083612388,new_observed,12945081975.46,17135866.007816285,1,
3137536,Lagoa Grande,2021,ok,ok,1867298.3,1867298.3,1867298.3,new_observed,10565132.37,10565132.37,10386487.855506392,new_observed,16790773533.8425,16645814.250331087,1,
3137536,Lagoa Grande,2022,ok,ok,2010240.96,2010240.96,2010240.96,new_observed,10123867.92,10123867.92,8569150.565439703,new_observed,17457373501.01,13447508.631731289,1,
3137536,Lagoa Grande,2023,ok,ok,2268876.39,2268876.39,2268876.39,new_observed,12183134.82,12183134.82,10562059.50794182,new_observed,17975926235.1,15838567.652758818,1,
3137536,Lagoa Grande,2024,ok,ok,2522302.53,2522302.53,2522302.53,new_observed,15257271.13,15257271.13,15163570.177277258,new_observed,20140666841.11,18972093.01162864,1,
3137536,Lagoa Grande,2025,ok,ok,3159918.15,3159918.15,3159918.15,new_observed,15932692.22,15932692.22,15959775.66382229,new_observed,21654451288.89,19119693.813822288,1,
3137601,Lagoa Santa,2019,ok,ok,21086085.97,21086085.97,21086085.97,new_observed,32421304.55,32421304.55,33282569.448209595,new_observed,12828054857.945,94718812.04056908,1,
3137601,Lagoa Santa,2020,ok,ok,19440038.3,19440038.3,19440038.3,new_observed,29732117.41,29732117.41,28281964.94753143,new_observed,12945081975.46,81407006.02504995,3,
3137601,Lagoa Santa,2021,ok,ok,23802721.43,23802721.43,23802721.43,new_observed,39455173.63,39455173.63,38788030.9865811,new_observed,16790773533.8425,85024663.01378137,6,
3137601,Lagoa Santa,2022,ok,ok,33389193.34,33389193.34,33389193.34,new_observed,40850187.16,40850187.16,34576844.2621515,new_observed,17457373501.01,86391913.47836226,1,
3137601,Lagoa Santa,2023,ok,ok,40248392.36,40248392.36,40248392.36,new_observed,37746680.12,37746680.12,32724145.923445046,new_observed,17975926235.1,90077644.6542199,1,
3137601,Lagoa Santa,2024,ok,ok,48601138.0,48601138.0,48601138.0,new_observed,36248770.46,36248770.46,36026152.3851038,new_observed,20140666841.11,90781882.86675002,1,
3137601,Lagoa Santa,2025,ok,ok,55101215.3,55101215.3,55101215.3,new_observed,43300133.23,43300133.23,43373737.65978746,new_observed,21654451288.89,98474952.95978746,1,
3137700,Lajinha,2019,ok,ok,2196217.17,2196217.17,2196217.17,new_observed,7471778.73,7471778.73,7670264.905576735,new_observed,12828054857.945,17188975.045080706,1,
3137700,Lajinha,2020,ok,ok,2110076.17,2110076.17,2110076.17,new_observed,6851742.06,6851742.06,6517555.614968452,new_observed,12945081975.46,14717522.838632522,1,
3137700,Lajinha,2021,ok,ok,2382298.89,2382298.89,2382298.89,new_observed,9442888.84,9442888.84,9283220.202337781,new_observed,16790773533.8425,15846699.255273642,1,
3137700,Lajinha,2022,ok,ok,3806055.1,3806055.1,3806055.1,new_observed,8599862.2,8599862.2,7279185.644870949,new_observed,17457373501.01,14090495.68144004,1,
3137700,Lajinha,2023,ok,ok,5376660.19,5376660.19,5376660.19,new_observed,9096771.74,9096771.74,7886364.705602383,new_observed,17975926235.1,16371940.344812976,1,
3137700,Lajinha,2024,ok,ok,5926231.93,5926231.93,5926231.93,new_observed,10015052.56,10015052.56,9953546.150469454,new_observed,20140666841.11,17034648.599654492,1,
3137700,Lajinha,2025,ok,ok,8036390.59,8036390.59,8036390.59,new_observed,11436848.76,11436848.76,11456289.87181076,new_observed,21654451288.89,19492680.46181076,1,
3137809,Lambari,2019,ok,ok,1206320.2,1206320.2,1206320.2,new_observed,7522967.73,7522967.73,7722813.730219399,new_observed,12828054857.945,15555966.06014743,1,
3137809,Lambari,2020,ok,ok,1168502.42,1168502.42,1168502.42,new_observed,7734746.29,7734746.29,7357492.251064965,new_observed,12945081975.46,14544144.25892385,1,
3137809,Lambari,2021,ok,ok,1520457.2,1520457.2,1520457.2,new_observed,9661356.55,9661356.55,9497993.868891975,new_observed,16790773533.8425,14967707.734700408,1,
3137809,Lambari,2022,ok,ok,5847486.31,5847486.31,5847486.31,new_observed,9934240.11,9934240.11,8408643.803782485,new_observed,17457373501.01,18121026.365191307,1,
3137809,Lambari,2023,ok,ok,1950665.07,1950665.07,1950665.07,new_observed,9939767.78,9939767.78,8617192.564851115,new_observed,17975926235.1,13045013.195114018,1,
3137809,Lambari,2024,ok,ok,1847486.31,1847486.31,1847486.31,new_observed,9934240.11,9934240.11,9873230.001773424,new_observed,20140666841.11,12573115.486598553,1,
3137809,Lambari,2025,ok,ok,2987989.7,2987989.7,2987989.7,new_observed,10896918.84,10896918.84,10915442.14322861,new_observed,21654451288.89,13903431.843228608,1,
3137908,Lamim,2019,ok,ok,205096.77,205096.77,205096.77,new_observed,1917393.23,1917393.23,1968328.3637950313,new_observed,12828054857.945,3786450.945837269,1,
3137908,Lamim,2020,ok,partial,,,147038.66826268673,imputed_temporal,2078490.86,2078490.86,1977114.674870526,new_observed,12945081975.46,3623505.977015337,1,
3137908,Lamim,2021,ok,ok,97019.34,97019.34,97019.34,new_observed,2658751.89,2658751.89,2613795.38364361,new_observed,16790773533.8425,3682430.7021676903,1,
3137908,Lamim,2022,ok,ok,120978.83,120978.83,120978.83,new_observed,2624169.36,2624169.36,2221176.9782802085,new_observed,17457373501.01,2977124.0031121387,2,
3137908,Lamim,2023,ok,ok,167991.72,167991.72,167991.72,new_observed,2528290.4,2528290.4,2191878.6956474,new_observed,17975926235.1,2913035.1462492277,1,
3137908,Lamim,2024,ok,ok,219572.71,219572.71,219572.71,new_observed,3535944.55,3535944.55,3514228.912237076,new_observed,20140666841.11,4005345.55667721,1,
3137908,Lamim,2025,ok,ok,228012.97,228012.97,228012.97,new_observed,3541921.01,3541921.01,3547941.801550652,new_observed,21654451288.89,3775954.771550652,1,
3138005,Laranjal,2019,ok,ok,166211.37,166211.37,166211.37,new_observed,2819230.1,2819230.1,2894122.3339433107,new_observed,12828054857.945,5331586.198987349,1,
3138005,Laranjal,2020,ok,ok,124440.92,124440.92,124440.92,new_observed,3178581.25,3178581.25,3023549.323976002,new_observed,12945081975.46,5370027.310649605,1,
3138005,Laranjal,2021,ok,ok,163756.59,163756.59,163756.59,new_observed,4182979.5,4182979.5,4112250.017799086,new_observed,16790773533.8425,5808621.990243183,1,
3138005,Laranjal,2022,ok,ok,386443.41,386443.41,386443.41,new_observed,4378338.27,4378338.27,3705959.04238711,new_observed,17457373501.01,5201869.802309513,1,
3138005,Laranjal,2023,ok,ok,2237928.4,2237928.4,2237928.4,new_observed,4243085.24,4243085.24,3678504.708704323,new_observed,17975926235.1,7303272.8711759085,1,
3138005,Laranjal,2024,ok,ok,3257488.55,3257488.55,3257488.55,new_observed,6722527.38,6722527.38,6681241.673346195,new_observed,20140666841.11,10661532.927194595,1,
3138005,Laranjal,2025,ok,ok,2139848.85,2139848.85,2139848.85,new_observed,5974286.3,5974286.3,5984441.786916467,new_observed,21654451288.89,8124290.636916468,1,
3138104,Lassance,2019,ok,ok,1580411.16,1580411.16,1580411.16,new_observed,6446991.62,6446991.62,6618254.549065494,new_observed,12828054857.945,14283374.681735078,5,
3138104,Lassance,2020,ok,ok,2414344.72,2414344.72,2414344.72,new_observed,7360106.52,7360106.52,7001125.138121722,new_observed,12945081975.46,16061463.461478647,1,
3138104,Lassance,2021,ok,ok,2063725.75,2063725.75,2063725.75,new_observed,9422883.69,9422883.69,9263553.316941002,new_observed,16790773533.8425,15387226.52061587,1,
3138104,Lassance,2022,ok,ok,3069562.74,3069562.74,3069562.74,new_observed,9206590.19,9206590.19,7792738.719610846,new_observed,17457373501.01,13807116.627391594,1,
3138104,Lassance,2023,ok,ok,4440219.18,4440219.18,4440219.18,new_observed,10117945.22,10117945.22,8771661.899062485,new_observed,17975926235.1,16308808.177001476,1,
3138104,Lassance,2024,ok,ok,4598635.06,4598635.06,4598635.06,new_observed,13335416.34,13335416.34,13253518.259709908,new_observed,20140666841.11,19150466.524619307,1,
3138104,Lassance,2025,ok,ok,4818638.2,4818638.2,4818638.2,new_observed,13621886.99,13621886.99,13645042.374284904,new_observed,21654451288.89,18463680.574284904,1,
3138203,Lavras,2019,ok,ok,19310524.5,19310524.5,19310524.5,new_observed,35661981.42,35661981.42,36609334.19386143,new_observed,12828054857.945,97421253.92317578,1,
3138203,Lavras,2020,ok,ok,19396339.06,19396339.06,19396339.06,new_observed,38163948.66,38163948.66,36302542.57971158,new_observed,12945081975.46,95014435.3688064,1,
3138203,Lavras,2021,ok,ok,24979506.35,24979506.35,24979506.35,new_observed,48710644.61,48710644.61,47887002.354297325,new_observed,16790773533.8425,98983477.72429706,1,
3138203,Lavras,2022,ok,ok,29972283.53,29972283.53,29972283.53,new_observed,47974637.14,47974637.14,40607196.00685936,new_observed,17457373501.01,89713870.40669815,1,
3138203,Lavras,2023,ok,ok,34985235.4,34985235.4,34985235.4,new_observed,44187668.61,44187668.61,38308103.1500916,new_observed,17975926235.1,90473642.01300332,1,
3138203,Lavras,2024,ok,ok,41000948.53,41000948.53,41000948.53,new_observed,50667585.73,50667585.73,50356415.992331296,new_observed,20140666841.11,98001407.43418051,1,
3138203,Lavras,2025,ok,ok,47275287.59,47275287.59,47275287.59,new_observed,56736754.68,56736754.68,56833199.56745636,new_observed,21654451288.89,104108487.15745637,1,
3138302,Leandro Ferreira,2019,ok,ok,44599.39,44599.39,44599.39,new_observed,2047087.45,2047087.45,2101467.8825187273,new_observed,12828054857.945,3738789.216847843,1,
3138302,Leandro Ferreira,2020,ok,ok,80847.9,80847.9,80847.9,new_observed,2310926.27,2310926.27,2198213.2945058066,new_observed,12945081975.46,3887756.9206441254,1,
3138302,Leandro Ferreira,2021,ok,ok,102683.85,102683.85,102683.85,new_observed,2956106.83,2956106.83,2906122.385797851,new_observed,16790773533.8425,4087228.9658672567,1,
3138302,Leandro Ferreira,2022,ok,ok,135122.31,135122.31,135122.31,new_observed,3367890.64,3367890.64,2850685.3517005467,new_observed,17457373501.01,3795272.5548399375,1,
3138302,Leandro Ferreira,2023,ok,ok,120053.2,120053.2,120053.2,new_observed,3366333.55,3366333.55,2918412.6913142893,new_observed,17975926235.1,3750696.594774595,1,
3138302,Leandro Ferreira,2024,ok,ok,190244.24,190244.24,190244.24,new_observed,3589484.62,3589484.62,3567440.1714343387,new_observed,20140666841.11,4030965.2422605595,1,
3138302,Leandro Ferreira,2025,ok,ok,217651.8,217651.8,217651.8,new_observed,3740230.57,3740230.57,3746588.4612544263,new_observed,21654451288.89,3964240.261254426,1,
3138351,Leme do Prado,2019,ok,ok,116684.51,116684.51,116684.51,new_observed,2924054.56,2924054.56,3001731.432906019,new_observed,12828054857.945,5432774.661951647,1,
3138351,Leme do Prado,2020,ok,ok,132844.66,132844.66,132844.66,new_observed,3115670.43,3115670.43,2963706.9124341314,new_observed,12945081975.46,5282280.192775917,1,
3138351,Leme do Prado,2021,ok,ok,123729.11,123729.11,123729.11,new_observed,4030515.66,4030515.66,3962364.169983261,new_observed,16790773533.8425,5550639.523569901,1,
3138351,Leme do Prado,2022,ok,ok,167988.67,167988.67,167988.67,new_observed,4278927.03,4278927.03,3621814.3370048758,new_observed,17457373501.01,4817234.386940898,1,
3138351,Leme do Prado,2023,ok,ok,336570.75,336570.75,336570.75,new_observed,4233247.79,4233247.79,3669976.219621543,new_observed,17975926235.1,4945700.433472337,1,
3138351,Leme do Prado,2024,ok,ok,378045.56,378045.56,378045.56,new_observed,6133300.57,6133300.57,6095633.538861388,new_observed,20140666841.11,6944482.979372442,1,
3138351,Leme do Prado,2025,ok,ok,653662.49,653662.49,653662.49,new_observed,6077665.97,6077665.97,6087997.188515757,new_observed,21654451288.89,6741659.678515757,1,
3138401,Leopoldina,2019,ok,ok,4839983.66,4839983.66,4839983.66,new_observed,17501681.77,17501681.77,17966610.13662045,new_observed,12828054857.945,39732699.92592432,1,
3138401,Leopoldina,2020,ok,ok,4498137.6,4498137.6,4498137.6,new_observed,18648137.43,18648137.43,17738594.324083455,new_observed,12945081975.46,37932728.01922711,2,
3138401,Leopoldina,2021,ok,ok,5292159.8,5292159.8,5292159.8,new_observed,21319161.88,21319161.88,20958678.812672067,new_observed,16790773533.8425,35659720.01768628,2,
3138401,Leopoldina,2022,ok,ok,7350750.83,7350750.83,7350750.83,new_observed,20602601.7,20602601.7,17438670.41749039,new_observed,17457373501.01,31509936.596981656,1,
3138401,Leopoldina,2023,ok,ok,12411162.39,12411162.39,12411162.39,new_observed,21419925.18,21419925.18,18569812.100858074,new_observed,17975926235.1,38243060.70304364,1,
3138401,Leopoldina,2024,ok,ok,14482329.81,14482329.81,14482329.81,new_observed,24700205.29,24700205.29,24548511.533731256,new_observed,20140666841.11,41869392.85109156,3,
3138401,Leopoldina,2025,ok,ok,14890948.66,14890948.66,14890948.66,new_observed,27677498.47,27677498.47,27724546.512138963,new_observed,21654451288.89,42615495.17213896,1,
3138500,Liberdade,2019,ok,ok,185587.21,185587.21,185587.21,new_observed,2443292.23,2443292.23,2508197.75625734,new_observed,12828054857.945,4693000.221064545,1,
3138500,Liberdade,2020,ok,ok,249292.37,249292.37,249292.37,new_observed,2671670.63,2671670.63,2541362.7313201576,new_observed,12945081975.46,4760463.961846741,1,
3138500,Liberdade,2021,ok,ok,218736.88,218736.88,218736.88,new_observed,3295111.43,3295111.43,3239394.7990104835,new_observed,16790773533.8425,4697602.590047422,1,
3138500,Liberdade,2022,ok,ok,283911.19,283911.19,283911.19,new_observed,3360298.06,3360298.06,2844258.760429871,new_observed,17457373501.01,3976229.852990507,1,
3138500,Liberdade,2023,ok,ok,333598.47,333598.47,333598.47,new_observed,3181595.88,3181595.88,2758256.0245182044,new_observed,17975926235.1,3816599.737807766,2,
3138500,Liberdade,2024,ok,ok,426693.33,426693.33,426693.33,new_observed,3603164.58,3603164.58,3581036.117374794,new_observed,20140666841.11,4299195.018504871,1,
3138500,Liberdade,2025,ok,ok,469998.59,469998.59,469998.59,new_observed,4594004.34,4594004.34,4601813.5323664695,new_observed,21654451288.89,5071812.122366469,1,
3138609,Lima Duarte,2019,ok,ok,978384.9,978384.9,978384.9,new_observed,5755221.53,5755221.53,5908107.737202576,new_observed,12828054857.945,11997361.286655743,1,
3138609,Lima Duarte,2020,ok,ok,959983.18,959983.18,959983.18,new_observed,6187495.1,6187495.1,5885706.595264735,new_observed,12945081975.46,11677781.125196721,2,
3138609,Lima Duarte,2021,ok,ok,1246498.33,1246498.33,1246498.33,new_observed,8287004.0,8287004.0,8146880.07591266,new_observed,16790773533.8425,12760173.071702475,1,
3138609,Lima Duarte,2022,ok,ok,1993451.92,1993451.92,1993451.92,new_observed,9045291.27,9045291.27,7656210.394424753,new_observed,17457373501.01,12265725.959237125,1,
3138609,Lima Duarte,2023,ok,ok,1981281.61,1981281.61,1981281.61,new_observed,8026328.42,8026328.42,6958353.466068319,new_observed,17975926235.1,11035127.606396668,1,
3138609,Lima Duarte,2024,ok,ok,3020923.51,3020923.51,3020923.51,new_observed,8337499.27,8337499.27,8286295.38050576,new_observed,20140666841.11,12129546.109717833,1,
3138609,Lima Duarte,2025,ok,ok,2964118.55,2964118.55,2964118.55,new_observed,9105794.71,9105794.71,9121273.341990143,new_observed,21654451288.89,12085391.891990144,1,
3138625,Limeira do Oeste,2019,ok,ok,1286271.27,1286271.27,1286271.27,new_observed,15935700.11,15935700.11,16359028.51469054,new_observed,12828054857.945,30740907.989161305,1,
3138625,Limeira do Oeste,2020,ok,ok,1349586.75,1349586.75,1349586.75,new_observed,16899921.12,16899921.12,16075645.408662675,new_observed,12945081975.46,29724988.11439826,1,
3138625,Limeira do Oeste,2021,ok,ok,1425263.06,1425263.06,1425263.06,new_observed,21135533.65,21135533.65,20778155.52966628,new_observed,16790773533.8425,30161615.102108777,1,
3138625,Limeira do Oeste,2022,ok,ok,2903616.83,2903616.83,2903616.83,new_observed,22444623.84,22444623.84,18997814.13481908,new_observed,17457373501.01,27839000.12004052,1,
3138625,Limeira do Oeste,2023,ok,ok,5643073.87,5643073.87,5643073.87,new_observed,21727434.69,21727434.69,18836404.713667892,new_observed,17975926235.1,30217583.560204502,1,
3138625,Limeira do Oeste,2024,ok,ok,4694447.49,4694447.49,4694447.49,new_observed,19225036.84,19225036.84,19106968.26451957,new_observed,20140666841.11,25532394.186993252,1,
3138625,Limeira do Oeste,2025,ok,ok,4378195.52,4378195.52,4378195.52,new_observed,25552980.58,25552980.58,25596417.2261408,new_observed,21654451288.89,29974612.7461408,1,
3138658,Lontra,2019,ok,ok,195265.49,195265.49,195265.49,new_observed,3906890.97,3906890.97,4010676.6782031893,new_observed,12828054857.945,7327417.656720496,1,
3138658,Lontra,2020,ok,ok,139319.87,139319.87,139319.87,new_observed,3821960.76,3821960.76,3635548.681400171,new_observed,12945081975.46,6439393.277638684,1,
3138658,Lontra,2021,ok,ok,114617.12,114617.12,114617.12,new_observed,5164321.41,5164321.41,5076998.539006157,new_observed,16790773533.8425,7052405.584872508,1,
3138658,Lontra,2022,ok,ok,110369.4,110369.4,110369.4,new_observed,3667685.9,3667685.9,3104441.202927134,new_observed,17457373501.01,4086359.1472428394,1,
3138658,Lontra,2023,ok,ok,102276.65,102276.65,102276.65,new_observed,4317949.6,4317949.6,3743407.694432258,new_observed,17975926235.1,4747130.851944807,1,
3138658,Lontra,2024,ok,ok,291315.85,291315.85,291315.85,new_observed,5767433.92,5767433.92,5732013.821054072,new_observed,20140666841.11,6461381.502079863,1,
3138658,Lontra,2025,ok,ok,324183.63,324183.63,324183.63,new_observed,5947832.98,5947832.98,5957943.4998138435,new_observed,21654451288.89,6282127.129813843,1,
3138674,Luisburgo,2019,ok,ok,91394.0,91394.0,91394.0,new_observed,3387801.88,3387801.88,3477798.0995177138,new_observed,12828054857.945,6218098.1488402495,1,
3138674,Luisburgo,2020,ok,ok,388520.44,388520.44,388520.44,new_observed,3672174.39,3672174.39,3493067.982580747,new_observed,12945081975.46,6621442.3243043665,1,
3138674,Luisburgo,2021,ok,ok,164874.13,164874.13,164874.13,new_observed,4539868.81,4539868.81,4463104.730665789,new_observed,16790773533.8425,6286748.886545919,1,
3138674,Luisburgo,2022,ok,ok,309934.76,309934.76,309934.76,new_observed,4275132.13,4275132.13,3618602.2179079293,new_observed,17457373501.01,4993579.715190355,1,
3138674,Luisburgo,2023,ok,ok,352218.48,352218.48,352218.48,new_observed,4387254.17,4387254.17,3803490.670064332,new_observed,17975926235.1,5129826.930944365,1,
3138674,Luisburgo,2024,ok,ok,542880.49,542880.49,542880.49,new_observed,4693818.61,4693818.61,4664992.008446074,new_observed,20140666841.11,5586619.50521483,1,
3138674,Luisburgo,2025,ok,ok,438961.7,438961.7,438961.7,new_observed,5496586.09,5496586.09,5505929.5505104605,new_observed,21654451288.89,5944891.250510461,1,
3138682,Luislândia,2019,ok,ok,122069.81,122069.81,122069.81,new_observed,2268695.87,2268695.87,2328963.2819584147,new_observed,12828054857.945,4270087.993838218,1,
3138682,Luislândia,2020,ok,ok,93329.17,93329.17,93329.17,new_observed,2309113.94,2309113.94,2196489.358977551,new_observed,12945081975.46,3906107.415857255,1,
3138682,Luislândia,2021,ok,ok,77396.75,77396.75,77396.75,new_observed,3100012.74,3100012.74,3047595.008591937,new_observed,16790773533.8425,4245057.950840925,1,
3138682,Luislândia,2022,ok,ok,184677.83,184677.83,184677.83,new_observed,3077561.62,3077561.62,2604942.01471156,new_observed,17457373501.01,3545897.403532238,1,
3138682,Luislândia,2023,ok,ok,247914.67,247914.67,247914.67,new_observed,3133408.08,3133408.08,2716480.0433215364,new_observed,17975926235.1,3659262.784093182,1,
3138682,Luislândia,2024,ok,ok,345765.3,345765.3,345765.3,new_observed,3685854.32,3685854.32,3663218.0268884385,new_observed,20140666841.11,4300540.087484613,1,
3138682,Luislândia,2025,ok,ok,389267.09,389267.09,389267.09,new_observed,3970161.14,3970161.14,3976909.882442012,new_observed,21654451288.89,4366176.972442012,1,
3138708,Luminárias,2019,ok,ok,218986.26,218986.26,218986.26,new_observed,3595262.98,3595262.98,3690770.358481055,new_observed,12828054857.945,6811415.500745396,2,
3138708,Luminárias,2020,ok,ok,255375.84,255375.84,255375.84,new_observed,4164287.23,4164287.23,3961178.5412464757,new_observed,12945081975.46,7192847.000546623,1,
3138708,Luminárias,2021,ok,ok,180582.1,180582.1,180582.1,new_observed,5213502.89,5213502.89,5125348.4154531695,new_observed,16790773533.8425,7207693.41528851,1,
3138708,Luminárias,2022,ok,ok,219105.33,219105.33,219105.33,new_observed,5569725.68,5569725.68,4714385.681171158,new_observed,17457373501.01,6270980.972559811,1,
3138708,Luminárias,2023,ok,ok,291767.39,291767.39,291767.39,new_observed,6254271.98,6254271.98,5422085.022253173,new_observed,17975926235.1,7053206.306164137,1,
3138708,Luminárias,2024,ok,ok,316542.55,316542.55,316542.55,new_observed,7076320.1,7076320.1,7032861.61194591,new_observed,20140666841.11,7883895.9008856425,2,
3138708,Luminárias,2025,ok,ok,383361.27,383361.27,383361.27,new_observed,7394396.91,7394396.91,7406966.394839499,new_observed,21654451288.89,7790327.664839499,1,
3138807,Luz,2019,ok,ok,3158731.94,3158731.94,3158731.94,new_observed,11147066.14,11147066.14,11443185.525621783,new_observed,12828054857.945,25438853.78844409,3,
3138807,Luz,2020,ok,ok,2932687.43,2932687.43,2932687.43,new_observed,12033110.08,12033110.08,11446207.910435772,new_observed,12945081975.46,24528367.209165044,1,
3138807,Luz,2021,ok,ok,2985763.1,2985763.1,2985763.1,new_observed,14614100.47,14614100.47,14366992.455467481,new_observed,16790773533.8425,23572367.106954437,1,
3138807,Luz,2022,ok,ok,4189990.76,4189990.76,4189990.76,new_observed,15426757.79,15426757.79,13057678.279062321,new_observed,17457373501.01,21923583.953037906,1,
3138807,Luz,2023,ok,ok,5075982.34,5075982.34,5075982.34,new_observed,16307632.53,16307632.53,14137755.820673726,new_observed,17975926235.1,23717528.802325286,3,
3138807,Luz,2024,ok,ok,5799020.08,5799020.08,5799020.08,new_observed,18102774.05,18102774.05,17991597.73537882,new_observed,20140666841.11,25520810.95844113,4,
3138807,Luz,2025,ok,ok,7067281.18,7067281.18,7067281.18,new_observed,20366091.28,20366091.28,20400710.90871341,new_observed,21654451288.89,27467992.08871341,1,
3138906,Machacalis,2019,ok,ok,225601.12,225601.12,225601.12,new_observed,2882766.48,2882766.48,2959346.5440480155,new_observed,12828054857.945,5548683.461628781,1,
3138906,Machacalis,2020,ok,ok,268587.65,268587.65,268587.65,new_observed,3161380.9,3161380.9,3007187.90278702,new_observed,12945081975.46,5588011.02248864,1,
3138906,Machacalis,2021,ok,ok,379162.79,379162.79,379162.79,new_observed,4040568.22,4040568.22,3972246.752491477,new_observed,16790773533.8425,5911051.0051526185,1,
3138906,Machacalis,2022,ok,ok,465561.88,465561.88,465561.88,new_observed,4223338.92,4223338.92,3574762.8653734457,new_observed,17457373501.01,5135673.6120179435,1,
3138906,Machacalis,2023,ok,ok,414817.12,414817.12,414817.12,new_observed,4415982.5,4415982.5,3828396.4382025674,new_observed,17975926235.1,5237842.784132002,1,
3138906,Machacalis,2024,ok,ok,624816.33,624816.33,624816.33,new_observed,4966778.74,4966778.74,4936275.782037486,new_observed,20140666841.11,5965527.319010776,1,
3138906,Machacalis,2025,ok,ok,1393669.58,1393669.58,1393669.58,new_observed,4526132.83,4526132.83,4533826.649885609,new_observed,21654451288.89,5927496.229885609,1,
3139003,Machado,2019,ok,ok,4266098.72,4266098.72,4266098.72,new_observed,23741505.54,23741505.54,24372193.46684502,new_observed,12828054857.945,49892442.51017748,1,
3139003,Machado,2020,ok,ok,4345497.38,4345497.38,4345497.38,new_observed,24601335.2,24601335.2,23401431.192884255,new_observed,12945081975.46,47332346.25112395,1,
3139003,Machado,2021,ok,ok,5303256.1,5303256.1,5303256.1,new_observed,31315864.52,31315864.52,30786348.44606907,new_observed,16790773533.8425,49024917.36171026,1,
3139003,Machado,2022,ok,ok,6080660.69,6080660.69,6080660.69,new_observed,32511503.87,32511503.87,27518728.412144832,new_observed,17457373501.01,42708323.43103134,1,
3139003,Machado,2023,ok,ok,6730400.49,6730400.49,6730400.49,new_observed,36399600.22,36399600.22,31556307.080982633,new_observed,17975926235.1,47261291.996764936,1,
3139003,Machado,2024,ok,ok,7843264.38,7843264.38,7843264.38,new_observed,40790772.5,40790772.5,40540260.1893135,new_observed,20140666841.11,51902258.00854764,2,
3139003,Machado,2025,ok,ok,8668449.24,8668449.24,8668449.24,new_observed,37012784.34,37012784.34,37075701.11837852,new_observed,21654451288.89,45744150.35837852,1,
3139102,Madre de Deus de Minas,2019,ok,ok,335518.7,335518.7,335518.7,new_observed,4816555.38,4816555.38,4944506.125247743,new_observed,12828054857.945,9198639.825561626,1,
3139102,Madre de Deus de Minas,2020,ok,ok,391250.93,391250.93,391250.93,new_observed,5240555.56,5240555.56,4984953.026038482,new_observed,12945081975.46,9171045.598630888,1,
3139102,Madre de Deus de Minas,2021,ok,ok,464107.84,464107.84,464107.84,new_observed,7547023.04,7547023.04,7419411.362300511,new_observed,16790773533.8425,10709146.921210457,1,
3139102,Madre de Deus de Minas,2022,ok,ok,627990.6,627990.6,627990.6,new_observed,9984020.42,9984020.42,8450779.3763675,new_observed,17457373501.01,11540062.330534708,2,
3139102,Madre de Deus de Minas,2023,ok,ok,849966.46,849966.46,849966.46,new_observed,8094781.65,8094781.65,7017698.380119828,new_observed,17975926235.1,9711882.502620762,1,
3139102,Madre de Deus de Minas,2024,ok,ok,839616.76,839616.76,839616.76,new_observed,8669264.01,8669264.01,8616022.62166649,new_observed,20140666841.11,10143308.88854469,4,
3139102,Madre de Deus de Minas,2025,ok,ok,1079103.53,1079103.53,1079103.53,new_observed,10857803.43,10857803.43,10876260.242268095,new_observed,21654451288.89,11955363.772268094,5,
3139201,Malacacheta,2019,ok,ok,812537.61,812537.61,812537.61,new_observed,4198091.68,4198091.68,4309613.071678539,new_observed,12828054857.945,8923598.053500643,1,
3139201,Malacacheta,2020,ok,ok,784626.89,784626.89,784626.89,new_observed,4562986.95,4562986.95,4340432.105670988,new_observed,12945081975.46,8742627.721959814,1,
3139201,Malacacheta,2021,ok,ok,910252.34,910252.34,910252.34,new_observed,5952419.96,5952419.96,5851771.228249538,new_observed,16790773533.8425,9185682.436841192,1,
3139201,Malacacheta,2022,ok,ok,1333960.54,1333960.54,1333960.54,new_observed,6697594.77,6697594.77,5669048.476724053,new_observed,17457373501.01,8901553.929073885,1,
3139201,Malacacheta,2023,ok,ok,1331131.32,1331131.32,1331131.32,new_observed,6692202.81,6692202.81,5801745.229183588,new_observed,17975926235.1,8804856.378492476,1,
3139201,Malacacheta,2024,ok,ok,1779121.19,1779121.19,1779121.19,new_observed,8597408.59,8597408.59,8544608.494297061,new_observed,20140666841.11,11074531.805083226,1,
3139201,Malacacheta,2025,ok,ok,1732842.87,1732842.87,1732842.87,new_observed,9229997.31,9229997.31,9245687.069782812,new_observed,21654451288.89,10978529.939782813,3,
3139250,Mamonas,2019,ok,ok,265293.81,265293.81,265293.81,new_observed,2674559.92,2674559.92,2745609.022102039,new_observed,12828054857.945,5245469.78829225,1,
3139250,Mamonas,2020,ok,ok,216156.16,216156.16,216156.16,new_observed,2918589.66,2918589.66,2776238.547766036,new_observed,12945081975.46,5104603.273690913,1,
3139250,Mamonas,2021,ok,ok,223864.87,223864.87,223864.87,new_observed,3702563.53,3702563.53,3639957.341924517,new_observed,16790773533.8425,5248701.586578405,1,
3139250,Mamonas,2022,ok,ok,83893.98,83893.98,83893.98,new_observed,4105132.19,4105132.19,3474709.0840299334,new_observed,17457373501.01,4523355.17646503,1,
3139250,Mamonas,2023,ok,ok,89391.08,89391.08,89391.08,new_observed,4167646.38,4167646.38,3613103.6653518947,new_observed,17975926235.1,4570376.937012574,1,
3139250,Mamonas,2024,ok,ok,103162.6,103162.6,103162.6,new_observed,4507179.05,4507179.05,4479498.676001364,new_observed,20140666841.11,4915939.2588702785,1,
3139250,Mamonas,2025,ok,ok,169548.4,169548.4,169548.4,new_observed,5070480.85,5070480.85,5079099.988646298,new_observed,21654451288.89,5248648.388646298,1,
3139300,Manga,2019,ok,ok,789476.9,789476.9,789476.9,new_observed,5973263.88,5973263.88,6131942.334768942,new_observed,12828054857.945,12058208.953471448,1,
3139300,Manga,2020,ok,ok,875189.58,875189.58,875189.58,new_observed,6266517.42,6266517.42,5960874.685498394,new_observed,12945081975.46,11661361.363279387,1,
3139300,Manga,2021,ok,ok,902332.04,902332.04,902332.04,new_observed,7504030.02,7504030.02,7377145.3059499515,new_observed,16790773533.8425,11247025.224818092,1,
3139300,Manga,2022,ok,ok,1213194.17,1213194.17,1213194.17,new_observed,7123933.47,7123933.47,6029914.554891321,new_observed,17457373501.01,9206745.66815373,1,
3139300,Manga,2023,ok,ok,1443318.31,1443318.31,1443318.31,new_observed,7509345.23,7509345.23,6510159.524356232,new_observed,17975926235.1,9817810.466528453,1,
3139300,Manga,2024,ok,ok,3314726.32,3314726.32,3314726.32,new_observed,9145122.84,9145122.84,9088959.013875837,new_observed,20140666841.11,13305754.018258708,1,
3139300,Manga,2025,ok,ok,2794678.87,2794678.87,2794678.87,new_observed,9987451.49,9987451.49,10004428.820486413,new_observed,21654451288.89,12799107.690486412,1,
3139409,Manhuaçu,2019,ok,ok,11528152.06,11528152.06,11528152.06,new_observed,28911948.14,28911948.14,29679987.74906126,new_observed,12828054857.945,71791108.66531892,1,
3139409,Manhuaçu,2020,ok,ok,11931348.12,11931348.12,11931348.12,new_observed,33960728.71,33960728.71,32304330.220551357,new_observed,12945081975.46,75459827.50373569,1,
3139409,Manhuaçu,2021,ok,ok,13125711.38,13125711.38,13125711.38,new_observed,43567920.6,43567920.6,42831236.02752995,new_observed,16790773533.8425,76013155.50481766,1,
3139409,Manhuaçu,2022,ok,ok,16546152.63,16546152.63,16546152.63,new_observed,38285811.63,38285811.63,32406278.60517687,new_observed,17457373501.01,62223639.232589364,1,
3139409,Manhuaçu,2023,ok,ok,20043608.38,20043608.38,20043608.38,new_observed,41291477.47,41291477.47,35797276.20620543,new_observed,17975926235.1,68930250.71151532,1,
3139409,Manhuaçu,2024,ok,ok,23637628.76,23637628.76,23637628.76,new_observed,44301906.34,44301906.34,44029830.7639601,new_observed,20140666841.11,72588633.71898752,1,
3139409,Manhuaçu,2025,ok,ok,28304239.99,28304239.99,28304239.99,new_observed,50098349.83,50098349.83,50183510.3179122,new_observed,21654451288.89,78487750.3079122,1,
3139508,Manhumirim,2019,ok,ok,1112776.04,1112776.04,1112776.04,new_observed,7913867.03,7913867.03,8124097.185036657,new_observed,12828054857.945,16092096.670681722,1,
3139508,Manhumirim,2020,ok,ok,1138400.37,1138400.37,1138400.37,new_observed,8943702.87,8943702.87,8507483.257327693,new_observed,12945081975.46,16454516.850304587,1,
3139508,Manhumirim,2021,ok,ok,1273798.1,1273798.1,1273798.1,new_observed,11129619.56,11129619.56,10941430.201536264,new_observed,16790773533.8425,16593436.40833735,1,
3139508,Manhumirim,2022,ok,ok,1765612.58,1765612.58,1765612.58,new_observed,8743771.2,8743771.2,7400994.611410871,new_observed,17457373501.01,11651712.580423146,1,
3139508,Manhumirim,2023,ok,ok,1707495.53,1707495.53,1707495.53,new_observed,12499321.25,12499321.25,10836174.498755297,new_observed,17975926235.1,15483965.312007574,1,
3139508,Manhumirim,2024,ok,ok,2078016.24,2078016.24,2078016.24,new_observed,11696503.04,11696503.04,11624670.176243814,new_observed,20140666841.11,14699226.071619743,1,
3139508,Manhumirim,2025,ok,ok,2634412.69,2634412.69,2634412.69,new_observed,10667150.54,10667150.54,10685283.2678783,new_observed,21654451288.89,13319695.957878299,1,
3139607,Mantena,2019,ok,ok,1128023.7,1128023.7,1128023.7,new_observed,6818881.09,6818881.09,7000023.18188668,new_observed,12828054857.945,14160345.495770784,1,
3139607,Mantena,2020,ok,ok,1164035.57,1164035.57,1164035.57,new_observed,7147101.18,7147101.18,6798508.907449538,new_observed,12945081975.46,13582977.707122833,1,
3139607,Mantena,2021,ok,ok,1381413.79,1381413.79,1381413.79,new_observed,9114900.48,9114900.48,8960777.756887622,new_observed,16790773533.8425,14049061.836571714,2,
3139607,Mantena,2022,ok,ok,1787485.84,1787485.84,1787485.84,new_observed,9691406.88,9691406.88,8203102.351977171,new_observed,17457373501.01,12699078.262168948,2,
3139607,Mantena,2023,ok,ok,1922690.73,1922690.73,1922690.73,new_observed,8770127.31,8770127.31,7603183.24544698,new_observed,17975926235.1,11758783.662536517,1,
3139607,Mantena,2024,ok,ok,2107752.98,2107752.98,2107752.98,new_observed,13035506.7,13035506.7,12955450.483747015,new_observed,20140666841.11,16158687.891590677,1,
3139607,Mantena,2025,ok,ok,2418772.96,2418772.96,2418772.96,new_observed,14337348.45,14337348.45,14361720.022986183,new_observed,21654451288.89,16780492.982986182,1,
3139706,Maravilhas,2019,ok,ok,263524.91,263524.91,263524.91,new_observed,4287709.37,4287709.37,4401611.436106263,new_observed,12828054857.945,8127406.670470456,1,
3139706,Maravilhas,2020,ok,ok,313330.52,313330.52,313330.52,new_observed,4746026.37,4746026.37,4514543.972278759,new_observed,12945081975.46,8235672.879081249,1,
3139706,Maravilhas,2021,ok,ok,339492.52,339492.52,339492.52,new_observed,6002526.35,6002526.35,5901030.375507932,new_observed,16790773533.8425,8477264.383864263,1,
3139706,Maravilhas,2022,ok,ok,600393.02,600393.02,600393.02,new_observed,6030562.03,6030562.03,5104451.6224085335,new_observed,17457373501.01,7251451.78595574,1,
3139706,Maravilhas,2023,ok,ok,676943.36,676943.36,676943.36,new_observed,6586855.39,6586855.39,5710415.227875424,new_observed,17975926235.1,7884585.498764968,1,
3139706,Maravilhas,2024,ok,ok,1731101.34,1731101.34,1731101.34,new_observed,7941867.42,7941867.42,7893093.262595896,new_observed,20140666841.11,10324122.432891443,1,
3139706,Maravilhas,2025,ok,ok,939414.17,939414.17,939414.17,new_observed,8559400.06,8559400.06,8573949.894232443,new_observed,21654451288.89,9513364.064232443,1,
3139805,Mar de Espanha,2019,ok,ok,565263.71,565263.71,565263.71,new_observed,4627298.03,4627298.03,4750221.194940734,new_observed,12828054857.945,9260416.902768118,1,
3139805,Mar de Espanha,2020,ok,ok,685708.77,685708.77,685708.77,new_observed,5079912.26,5079912.26,4832144.932453875,new_observed,12945081975.46,9412680.085349157,1,
3139805,Mar de Espanha,2021,ok,ok,768601.85,768601.85,768601.85,new_observed,6108267.31,6108267.31,6004983.374713903,new_observed,16790773533.8425,9201388.046804484,1,
3139805,Mar de Espanha,2022,ok,ok,905037.49,905037.49,905037.49,new_observed,6140613.27,6140613.27,5197602.348289727,new_observed,17457373501.01,7757090.916279095,1,
3139805,Mar de Espanha,2023,ok,ok,909050.14,909050.14,909050.14,new_observed,6394626.4,6394626.4,5543764.028366532,new_observed,17975926235.1,7965384.175346721,4,
3139805,Mar de Espanha,2024,ok,ok,1019197.4,1019197.4,1019197.4,new_observed,8199782.12,8199782.12,8149424.00613964,new_observed,20140666841.11,9835417.28388194,3,
3139805,Mar de Espanha,2025,ok,ok,1195886.96,1195886.96,1195886.96,new_observed,8781230.97,8781230.97,8796157.887082351,new_observed,21654451288.89,9992044.84708235,1,
3139904,Maria da Fé,2019,ok,ok,711884.0,711884.0,711884.0,new_observed,4801155.62,4801155.62,4928697.273975416,new_observed,12828054857.945,9826786.286686232,1,
3139904,Maria da Fé,2020,ok,ok,753105.42,753105.42,753105.42,new_observed,5189433.13,5189433.13,4936324.038289148,new_observed,12945081975.46,9705364.122869251,1,
3139904,Maria da Fé,2021,ok,ok,536957.45,536957.45,536957.45,new_observed,6589137.16,6589137.16,6477722.255987776,new_observed,16790773533.8425,9528896.12480872,1,
3139904,Maria da Fé,2022,ok,ok,703532.06,703532.06,703532.06,new_observed,6978579.72,6978579.72,5906882.707889381,new_observed,17457373501.01,8402525.744203594,1,
3139904,Maria da Fé,2023,ok,ok,890408.31,890408.31,890408.31,new_observed,6468262.25,6468262.25,5607601.968363807,new_observed,17975926235.1,8021174.466213048,1,
3139904,Maria da Fé,2024,ok,ok,1344631.09,1344631.09,1344631.09,new_observed,7454486.9,7454486.9,7408705.939654098,new_observed,20140666841.11,9389930.993928151,1,
3139904,Maria da Fé,2025,ok,ok,1742236.4,1742236.4,1742236.4,new_observed,7963030.52,7963030.52,7976566.605852011,new_observed,21654451288.89,9718803.00585201,1,
3140001,Mariana,2019,ok,ok,34087984.3,34087984.3,34087984.3,new_observed,85592388.53,85592388.53,87866131.70036253,new_observed,12828054857.945,212463392.77949524,1,
3140001,Mariana,2020,ok,ok,64258523.61,64258523.61,64258523.61,new_observed,87011151.31,87011151.31,82767274.77761474,new_observed,12945081975.46,250805273.0539442,1,
3140001,Mariana,2021,ok,ok,66025339.53,66025339.53,66025339.53,new_observed,90678432.84,90678432.84,89145162.45185597,new_observed,16790773533.8425,210787043.31394997,1,
3140001,Mariana,2022,ok,ok,102445067.77,102445067.77,102445067.77,new_observed,83569315.9,83569315.9,70735617.6766374,new_observed,17457373501.01,220130690.57825664,1,
3140001,Mariana,2023,ok,ok,112186107.61,112186107.61,112186107.61,new_observed,194887109.03,194887109.03,168955631.9713784,new_observed,17975926235.1,347042686.3474737,1,
3140001,Mariana,2024,ok,ok,115506626.58,115506626.58,115506626.58,new_observed,255639118.72,255639118.72,254069137.510833,new_observed,20140666841.11,396453479.4084497,1,
3140001,Mariana,2025,ok,ok,119181304.17,119181304.17,119181304.17,new_observed,203895148.77,203895148.77,204241743.22692537,new_observed,21654451288.89,323423047.3969254,1,
3140100,Marilac,2019,ok,ok,196095.78,196095.78,196095.78,new_observed,2381715.82,2381715.82,2444985.5823290567,new_observed,12828054857.945,4601182.192534237,1,
3140100,Marilac,2020,ok,ok,175501.04,175501.04,175501.04,new_observed,2581695.81,2581695.81,2455776.3376466082,new_observed,12945081975.46,4488588.046578608,1,
3140100,Marilac,2021,ok,ok,324825.46,324825.46,324825.46,new_observed,3186602.14,3186602.14,3132720.279153557,new_observed,16790773533.8425,4696806.636380818,1,
3140100,Marilac,2022,ok,ok,765482.23,765482.23,765482.23,new_observed,5540043.1,5540043.1,4689261.440199165,new_observed,17457373501.01,6933547.398496171,2,
3140100,Marilac,2023,ok,ok,442641.72,442641.72,442641.72,new_observed,3506244.76,3506244.76,3039707.460491616,new_observed,17975926235.1,4298628.215779103,1,
3140100,Marilac,2024,ok,ok,571817.96,571817.96,571817.96,new_observed,4369215.67,4369215.67,4342382.583831324,new_observed,20140666841.11,5271590.005111888,1,
3140100,Marilac,2025,ok,ok,691767.66,691767.66,691767.66,new_observed,7146437.6,7146437.6,7158585.587207468,new_observed,21654451288.89,7850353.247207468,1,
3140159,Mário Campos,2019,ok,ok,531068.14,531068.14,531068.14,new_observed,5279074.73,5279074.73,5419312.201103682,new_observed,12828054857.945,10366505.346941633,2,
3140159,Mário Campos,2020,ok,ok,746503.85,746503.85,746503.85,new_observed,5610902.03,5610902.03,5337236.240131373,new_observed,12945081975.46,10378002.440578213,1,
3140159,Mário Campos,2021,ok,ok,1040090.06,1040090.06,1040090.06,new_observed,7275614.93,7275614.93,7152592.458411951,new_observed,16790773533.8425,11129121.210601404,1,
3140159,Mário Campos,2022,ok,ok,1450098.88,1450098.88,1450098.88,new_observed,7330643.56,7330643.56,6204880.279316298,new_observed,17457373501.01,9730275.892814225,1,
3140159,Mário Campos,2023,ok,ok,1759005.98,1759005.98,1759005.98,new_observed,5719569.57,5719569.57,4958529.56161846,new_observed,17975926235.1,8292157.484225496,1,
3140159,Mário Campos,2024,ok,ok,2397194.53,2397194.53,2397194.53,new_observed,7742391.1,7742391.1,7694842.005785136,new_observed,20140666841.11,10825988.573065244,1,
3140159,Mário Campos,2025,ok,ok,4051648.51,4051648.51,4051648.51,new_observed,8473265.91,8473265.91,8487669.327708447,new_observed,21654451288.89,12539317.837708447,1,
3140209,Maripá de Minas,2019,ok,ok,80860.14,80860.14,80860.14,new_observed,2579950.12,2579950.12,2648485.9333588,new_observed,12828054857.945,4754953.304023622,1,
3140209,Maripá de Minas,2020,ok,ok,285142.17,285142.17,285142.17,new_observed,2753463.76,2753463.76,2619166.488237613,new_observed,12945081975.46,4954340.898335701,1,
3140209,Maripá de Minas,2021,ok,ok,461612.39,461612.39,461612.39,new_observed,3393659.67,3393659.67,3336276.6990279392,new_observed,16790773533.8425,5159136.573548739,1,
3140209,Maripá de Minas,2022,ok,ok,545208.59,545208.59,545208.59,new_observed,3629418.7,3629418.7,3072050.6777732074,new_observed,17457373501.01,4597913.321349405,1,
3140209,Maripá de Minas,2023,ok,ok,604535.55,604535.55,604535.55,new_observed,3567403.74,3567403.74,3092728.689900044,new_observed,17975926235.1,4563920.376468885,1,
3140209,Maripá de Minas,2024,ok,ok,616270.26,616270.26,616270.26,new_observed,5043152.29,5043152.29,5012180.29177879,new_observed,20140666841.11,6037784.459217623,1,
3140209,Maripá de Minas,2025,ok,ok,740212.57,740212.57,740212.57,new_observed,5614129.05,5614129.05,5623672.317806673,new_observed,21654451288.89,6363884.8878066735,1,
3140308,Marliéria,2019,ok,ok,163864.64,163864.64,163864.64,new_observed,4755659.37,4755659.37,4881992.425997358,new_observed,12828054857.945,8790682.486837927,5,
3140308,Marliéria,2020,ok,ok,296042.6,296042.6,296042.6,new_observed,5691673.75,5691673.75,5414068.405237229,new_observed,12945081975.46,9740643.924688904,1,
3140308,Marliéria,2021,ok,ok,1230532.72,1230532.72,1230532.72,new_observed,7009000.02,7009000.02,6890485.7068983475,new_observed,16790773533.8425,11031771.122994551,1,
3140308,Marliéria,2022,ok,ok,541825.9,541825.9,541825.9,new_observed,7318432.95,7318432.95,6194544.84661284,new_observed,17457373501.01,8562628.913372532,1,
3140308,Marliéria,2023,ok,ok,664332.03,664332.03,664332.03,new_observed,7140335.27,7140335.27,6190249.647782836,new_observed,17975926235.1,8461327.879624076,1,
3140308,Marliéria,2024,ok,ok,1092996.54,1092996.54,1092996.54,new_observed,7613084.36,7613084.36,7566329.389755814,new_observed,20140666841.11,9289082.85593031,1,
3140308,Marliéria,2025,ok,ok,616982.97,616982.97,616982.97,new_observed,8170504.73,8170504.73,8184393.4942338895,new_observed,21654451288.89,8801376.46423389,2,
3140407,Marmelópolis,2019,ok,ok,59691.92,59691.92,59691.92,new_observed,1689196.64,1689196.64,1734069.781053344,new_observed,12828054857.945,3125017.091203213,1,
3140407,Marmelópolis,2020,ok,ok,44573.87,44573.87,44573.87,new_observed,1875205.53,1875205.53,1783744.371029547,new_observed,12945081975.46,3118853.022392772,1,
3140407,Marmelópolis,2021,ok,ok,52792.71,52792.71,52792.71,new_observed,2347850.16,2347850.16,2308150.6524833767,new_observed,16790773533.8425,3207157.703644968,1,
3140407,Marmelópolis,2022,ok,ok,80673.89,80673.89,80673.89,new_observed,2508684.85,2508684.85,2123427.366967024,new_observed,17457373501.01,2801642.287933185,4,
3140407,Marmelópolis,2023,ok,ok,177643.86,177643.86,177643.86,new_observed,2618137.28,2618137.28,2269770.642768027,new_observed,17975926235.1,3021099.979359451,3,
3140407,Marmelópolis,2024,ok,ok,115287.14,115287.14,115287.14,new_observed,3392541.07,3392541.07,3371706.1298785657,new_observed,20140666841.11,3740587.8546122303,1,
3140407,Marmelópolis,2025,ok,ok,180027.07,180027.07,180027.07,new_observed,3556474.52,3556474.52,3562520.0505693355,new_observed,21654451288.89,3742547.1205693353,1,
3140506,Martinho Campos,2019,ok,ok,2139726.85,2139726.85,2139726.85,new_observed,8413606.2,8413606.2,8637111.817309236,new_observed,12828054857.945,18774960.46699209,1,
3140506,Martinho Campos,2020,ok,ok,2561671.47,2561671.47,2561671.47,new_observed,9246250.86,9246250.86,8795274.790306376,new_observed,12945081975.46,19373348.34506878,1,
3140506,Martinho Campos,2021,ok,ok,3473131.37,3473131.37,3473131.37,new_observed,12185491.65,12185491.65,11979448.681162104,new_observed,16790773533.8425,20991126.657162257,1,
3140506,Martinho Campos,2022,ok,ok,4118904.88,4118904.88,4118904.88,new_observed,13217229.92,13217229.92,11187466.503663607,new_observed,17457373501.01,19455992.417649586,1,
3140506,Martinho Campos,2023,ok,ok,4280771.34,4280771.34,4280771.34,new_observed,13150436.27,13150436.27,11400652.827967018,new_observed,17975926235.1,19357223.78722143,1,
3140506,Martinho Campos,2024,ok,ok,6002388.4,6002388.4,6002388.4,new_observed,15197539.2,15197539.2,15104205.084747814,new_observed,20140666841.11,22641588.649821155,1,
3140506,Martinho Campos,2025,ok,ok,5612148.96,5612148.96,5612148.96,new_observed,16909615.53,16909615.53,16938359.61266598,new_observed,21654451288.89,22550508.572665982,1,
3140530,Martins Soares,2019,ok,ok,321345.29,321345.29,321345.29,new_observed,4306298.15,4306298.15,4420694.023000734,new_observed,12828054857.945,8261383.82349381,1,
3140530,Martins Soares,2020,ok,ok,179035.17,179035.17,179035.17,new_observed,4040208.06,4040208.06,3843151.201038324,new_observed,12945081975.46,6861282.592069901,1,
3140530,Martins Soares,2021,ok,partial,,,261868.35343941525,imputed_temporal,5633343.85,5633343.85,5538090.336668126,new_observed,16790773533.8425,7878792.21898613,1,
3140530,Martins Soares,2022,ok,ok,416907.18,416907.18,416907.18,new_observed,6840994.75,6840994.75,5790426.59321187,new_observed,17457373501.01,7890167.8130146,1,
3140530,Martins Soares,2023,ok,ok,532915.23,532915.23,532915.23,new_observed,6316763.56,6316763.56,5476261.537284572,new_observed,17975926235.1,7417756.079764244,1,
3140530,Martins Soares,2024,ok,ok,845110.66,845110.66,845110.66,new_observed,7138813.94,7138813.94,7094971.652490726,new_observed,20140666841.11,8517531.627974298,1,
3140530,Martins Soares,2025,ok,ok,950282.18,950282.18,950282.18,new_observed,9773197.26,9773197.26,9789810.386978196,new_observed,21654451288.89,10740092.566978196,1,
3140555,Mata Verde,2019,ok,ok,194037.8,194037.8,194037.8,new_observed,3733782.28,3733782.28,3832969.393533991,new_observed,12828054857.945,7015684.579954003,1,
3140555,Mata Verde,2020,ok,ok,153641.97,153641.97,153641.97,new_observed,2944838.9,2944838.9,2801207.508951748,new_observed,12945081975.46,5040556.409345278,1,
3140555,Mata Verde,2021,ok,ok,597831.0,597831.0,597831.0,new_observed,3782546.64,3782546.64,3718588.0274253977,new_observed,16790773533.8425,5863519.115259824,2,
3140555,Mata Verde,2022,ok,ok,248480.23,248480.23,248480.23,new_observed,3775767.78,3775767.78,3195925.002442743,new_observed,17457373501.01,4378197.837094332,1,
3140555,Mata Verde,2023,ok,ok,339506.15,339506.15,339506.15,new_observed,4071649.65,4071649.65,3529880.1609084117,new_observed,17975926235.1,4776388.670900648,1,
3140555,Mata Verde,2024,ok,ok,804133.56,804133.56,804133.56,new_observed,5081177.17,5081177.17,5049971.64591084,new_observed,20140666841.11,6279850.0421582125,5,
3140555,Mata Verde,2025,ok,ok,697037.33,697037.33,697037.33,new_observed,5239483.44,5239483.44,5248389.860424473,new_observed,21654451288.89,5945427.190424473,1,
3140605,Materlândia,2019,ok,ok,77062.46,77062.46,77062.46,new_observed,2660942.36,2660942.36,2731629.71458478,new_observed,12828054857.945,4893186.784148612,1,
3140605,Materlândia,2020,ok,ok,111548.94,111548.94,111548.94,new_observed,2885550.3,2885550.3,2744810.647474797,new_observed,12945081975.46,4872546.547159003,1,
3140605,Materlândia,2021,ok,ok,104381.45,104381.45,104381.45,new_observed,3441853.56,3441853.56,3383655.6845119246,new_observed,16790773533.8425,4738226.822511675,1,
3140605,Materlândia,2022,ok,ok,145791.25,145791.25,145791.25,new_observed,3470182.67,3470182.67,2937268.44559718,new_observed,17457373501.01,3918890.0201859935,1,
3140605,Materlândia,2023,ok,ok,249609.55,249609.55,249609.55,new_observed,3280896.7,3280896.7,2844343.9801653554,new_observed,17975926235.1,3819190.797288336,1,
3140605,Materlândia,2024,ok,ok,343662.65,343662.65,343662.65,new_observed,4413493.07,4413493.07,4386388.058758437,new_observed,20140666841.11,5074047.7148950575,1,
3140605,Materlândia,2025,ok,ok,237403.93,237403.93,237403.93,new_observed,4325100.64,4325100.64,4332452.732075321,new_observed,21654451288.89,4569856.66207532,1,
3140704,Mateus Leme,2019,ok,ok,2823264.58,2823264.58,2823264.58,new_observed,14818488.2,14818488.2,15212138.113485452,new_observed,12828054857.945,31420529.065136068,1,
3140704,Mateus Leme,2020,ok,ok,3131492.93,3131492.93,3131492.93,new_observed,16279572.87,16279572.87,15485553.985982446,new_observed,12945081975.46,31758055.97675571,1,
3140704,Mateus Leme,2021,ok,ok,4023236.1,4023236.1,4023236.1,new_observed,20581335.97,20581335.97,20233328.709586427,new_observed,16790773533.8425,32950654.3567397,5,
3140704,Mateus Leme,2022,ok,ok,5099613.78,5099613.78,5099613.78,new_observed,16122209.77,16122209.77,13646330.044844462,new_observed,17457373501.01,23828047.273642093,1,
3140704,Mateus Leme,2023,ok,ok,7784174.01,7784174.01,7784174.01,new_observed,19463566.69,19463566.69,16873764.647100423,new_observed,17975926235.1,30437875.514654282,1,
3140704,Mateus Leme,2024,ok,ok,9403321.49,9403321.49,9403321.49,new_observed,25251294.81,25251294.81,25096216.5944384,new_observed,20140666841.11,37008546.66486823,1,
3140704,Mateus Leme,2025,ok,ok,11688728.91,11688728.91,11688728.91,new_observed,29937235.49,29937235.49,29988124.782555982,new_observed,21654451288.89,41676853.69255598,1,
3140803,Matias Barbosa,2019,ok,ok,4233569.89,4233569.89,4233569.89,new_observed,16276624.19,16276624.19,16709009.168666631,new_observed,12828054857.945,36485290.91337838,1,
3140803,Matias Barbosa,2020,ok,ok,4424123.91,4424123.91,4424123.91,new_observed,16866025.1,16866025.1,16043402.63105349,new_observed,12945081975.46,34914713.19430835,1,
3140803,Matias Barbosa,2021,ok,ok,4450640.16,4450640.16,4450640.16,new_observed,22146481.83,22146481.83,21772009.712121382,new_observed,16790773533.8425,35621427.80879648,1,
3140803,Matias Barbosa,2022,ok,ok,4981684.79,4981684.79,4981684.79,new_observed,22849856.1,22849856.1,19340815.078465667,new_observed,17457373501.01,30916430.88735022,1,
3140803,Matias Barbosa,2023,ok,ok,6413444.52,6413444.52,6413444.52,new_observed,20301207.82,20301207.82,17599950.1151325,new_observed,17975926235.1,29642247.34081563,1,
3140803,Matias Barbosa,2024,ok,ok,6788461.46,6788461.46,6788461.46,new_observed,18580982.3,18580982.3,18466869.118868217,new_observed,20140666841.11,27092046.21746265,1,
3140803,Matias Barbosa,2025,ok,ok,9402170.9,9402170.9,9402170.9,new_observed,21269944.73,21269944.73,21306100.788577158,new_observed,21654451288.89,30708271.68857716,1,
3140852,Matias Cardoso,2019,ok,ok,470371.97,470371.97,470371.97,new_observed,7527271.95,7527271.95,7727232.290886796,new_observed,12828054857.945,14281525.470829353,1,
3140852,Matias Cardoso,2020,ok,ok,434083.56,434083.56,434083.56,new_observed,7664344.88,7664344.88,7290524.595098185,new_observed,12945081975.46,13177091.903738484,1,
3140852,Matias Cardoso,2021,ok,ok,285153.58,285153.58,285153.58,new_observed,8818490.28,8818490.28,8669379.520241749,new_observed,16790773533.8425,12164035.898250561,1,
3140852,Matias Cardoso,2022,ok,ok,603666.45,603666.45,603666.45,new_observed,8372152.32,8372152.32,7086445.0577379055,new_observed,17457373501.01,9774932.767221086,2,
3140852,Matias Cardoso,2023,ok,ok,801962.95,801962.95,801962.95,new_observed,8116951.2,8116951.2,7036918.0727378465,new_observed,17975926235.1,9676351.622992387,1,
3140852,Matias Cardoso,2024,ok,ok,696628.99,696628.99,696628.99,new_observed,10019668.66,10019668.66,9958133.901168704,new_observed,20140666841.11,11429639.68664806,1,
3140852,Matias Cardoso,2025,ok,ok,938163.14,938163.14,938163.14,new_observed,11153785.06,11153785.06,11172745.001415249,new_observed,21654451288.89,12110908.14141525,1,
3140902,Matipó,2019,ok,partial,,,1424711.682733582,imputed_temporal,5255555.01,5255555.01,5395167.684861429,new_observed,12828054857.945,11881310.416630851,1,
3140902,Matipó,2020,ok,ok,1498749.12,1498749.12,1498749.12,new_observed,5845067.32,5845067.32,5559980.366706128,new_observed,12945081975.46,12041196.822206078,1,
3140902,Matipó,2021,ok,ok,3217752.25,3217752.25,3217752.25,new_observed,8185992.58,8185992.58,8047576.645500698,new_observed,16790773533.8425,15303072.03697425,1,
3140902,Matipó,2022,ok,ok,4403170.91,4403170.91,4403170.91,new_observed,8616267.58,8616267.58,7293071.6588346,new_observed,17457373501.01,14867142.644736283,1,
3140902,Matipó,2023,ok,ok,5325365.21,5325365.21,5325365.21,new_observed,11800447.46,11800447.46,10230292.13205907,new_observed,17975926235.1,19201976.62548202,1,
3140902,Matipó,2024,ok,ok,5620332.0,5620332.0,5620332.0,new_observed,12560241.78,12560241.78,12483104.354100823,new_observed,20140666841.11,19420024.333816197,1,
3140902,Matipó,2025,ok,ok,5626251.89,5626251.89,5626251.89,new_observed,9665255.91,9665255.91,9681685.55113359,new_observed,21654451288.89,15307937.441133589,1,
3141009,Mato Verde,2019,ok,ok,753584.93,753584.93,753584.93,new_observed,3404915.88,3404915.88,3495366.7292025015,new_observed,12828054857.945,7402347.004569697,6,
3141009,Mato Verde,2020,ok,ok,840932.94,840932.94,840932.94,new_observed,3651875.45,3651875.45,3473759.10182949,new_observed,12945081975.46,7360256.00651242,1,
3141009,Mato Verde,2021,ok,ok,661796.48,661796.48,661796.48,new_observed,4813863.47,4813863.47,4732466.448900806,new_observed,16790773533.8425,7327686.120226656,1,
3141009,Mato Verde,2022,ok,ok,868034.26,868034.26,868034.26,new_observed,5071578.35,5071578.35,4292738.588550675,new_observed,17457373501.01,6559879.8626942085,1,
3141009,Mato Verde,2023,ok,ok,985671.94,985671.94,985671.94,new_observed,5361257.6,5361257.6,4647894.211565929,new_observed,17975926235.1,6954100.568157457,1,
3141009,Mato Verde,2024,ok,ok,1081878.53,1081878.53,1081878.53,new_observed,5854717.64,5854717.64,5818761.49711466,new_observed,20140666841.11,7402495.008364334,1,
3141009,Mato Verde,2025,ok,ok,1168067.48,1168067.48,1168067.48,new_observed,6326284.19,6326284.19,6337038.026206579,new_observed,21654451288.89,7505105.5062065795,1,
3141108,Matozinhos,2019,ok,ok,4764423.73,4764423.73,4764423.73,new_observed,20728092.16,20728092.16,21278729.41633648,new_observed,12828054857.945,45371299.121467836,1,
3141108,Matozinhos,2020,ok,ok,4970202.77,4970202.77,4970202.77,new_observed,21344285.41,21344285.41,20303240.548643,new_observed,12945081975.46,43112929.309415706,1,
3141108,Matozinhos,2021,ok,ok,6665241.53,6665241.53,6665241.53,new_observed,27925371.13,27925371.13,27453184.48880483,new_observed,16790773533.8425,46347224.83446329,1,
3141108,Matozinhos,2022,ok,ok,8704341.78,8704341.78,8704341.78,new_observed,28395246.31,28395246.31,24034602.47564511,new_observed,17457373501.01,41614608.40284566,1,
3141108,Matozinhos,2023,ok,ok,10944156.53,10944156.53,10944156.53,new_observed,27898971.75,27898971.75,24186763.43876228,new_observed,17975926235.1,43365772.929950625,1,
3141108,Matozinhos,2024,ok,ok,10453318.77,10453318.77,10453318.77,new_observed,30014024.19,30014024.19,29829696.16451734,new_observed,20140666841.11,43212631.843268834,1,
3141108,Matozinhos,2025,ok,ok,12127185.86,12127185.86,12127185.86,new_observed,35799886.01,35799886.01,35860741.02359143,new_observed,21654451288.89,47987926.88359143,1,
3141207,Matutina,2019,ok,ok,120644.5,120644.5,120644.5,new_observed,3021562.98,3021562.98,3101830.1428586137,new_observed,12828054857.945,5614061.404582671,1,
3141207,Matutina,2020,ok,ok,90009.73,90009.73,90009.73,new_observed,2531681.53,2531681.53,2408201.4510574583,new_observed,12945081975.46,4261595.885095451,1,
3141207,Matutina,2021,ok,partial,,,312975.93828582624,imputed_temporal,3772477.18,3772477.18,3708688.830677188,new_observed,16790773533.8425,5463118.408605241,1,
3141207,Matutina,2022,ok,ok,710286.8,710286.8,710286.8,new_observed,3521286.22,3521286.22,2980524.0488743987,new_observed,17457373501.01,4691405.042433491,1,
3141207,Matutina,2023,ok,ok,651095.69,651095.69,651095.69,new_observed,3800001.96,3800001.96,3294377.631439158,new_observed,17975926235.1,4870310.834753147,1,
3141207,Matutina,2024,ok,ok,232117.11,232117.11,232117.11,new_observed,4784345.17,4784345.17,4754962.60894018,new_observed,20140666841.11,5349769.380914308,1,
3141207,Matutina,2025,ok,ok,226221.59,226221.59,226221.59,new_observed,5873856.02,5873856.02,5883840.788885335,new_observed,21654451288.89,6110062.378885335,1,
3141306,Medeiros,2019,ok,ok,158521.8,158521.8,158521.8,new_observed,5344049.78,5344049.78,5486013.29916378,new_observed,12828054857.945,9833674.476618044,1,
3141306,Medeiros,2020,ok,ok,235550.92,235550.92,235550.92,new_observed,6530763.06,6530763.06,6212232.024935793,new_observed,12945081975.46,10999008.200137833,1,
3141306,Medeiros,2021,ok,ok,293663.7,293663.7,293663.7,new_observed,8921700.04,8921700.04,8770844.119194968,new_observed,16790773533.8425,12313427.989861777,1,
3141306,Medeiros,2022,ok,ok,375431.59,375431.59,375431.59,new_observed,8739594.88,8739594.88,7397459.646793371,new_observed,17457373501.01,9880154.425605591,1,
3141306,Medeiros,2023,ok,ok,493146.09,493146.09,493146.09,new_observed,9304412.73,9304412.73,8066377.200339592,new_observed,17975926235.1,10565915.829347644,1,
3141306,Medeiros,2024,ok,ok,664098.12,664098.12,664098.12,new_observed,11875723.97,11875723.97,11802790.439437427,new_observed,20140666841.11,13373553.752760699,1,
3141306,Medeiros,2025,ok,ok,647808.12,647808.12,647808.12,new_observed,11885657.53,11885657.53,11905861.556636542,new_observed,21654451288.89,12553669.676636541,1,
3141405,Medina,2019,ok,ok,764283.01,764283.01,764283.01,new_observed,5490913.76,5490913.76,5636778.688824526,new_observed,12828054857.945,11151663.679142207,1,
3141405,Medina,2020,ok,ok,874479.56,874479.56,874479.56,new_observed,4640161.96,4640161.96,4413842.986488756,new_observed,12945081975.46,9021132.310213465,1,
3141405,Medina,2021,ok,ok,957367.7,957367.7,957367.7,new_observed,6085770.49,6085770.49,5982866.950656502,new_observed,16790773533.8425,9427768.3144182,1,
3141405,Medina,2022,ok,ok,1276526.93,1276526.93,1276526.93,new_observed,6364733.73,6364733.73,5387304.740864562,new_observed,17457373501.01,8470424.192059672,2,
3141405,Medina,2023,ok,ok,1499016.31,1499016.31,1499016.31,new_observed,6304368.66,6304368.66,5465515.889852348,new_observed,17975926235.1,8597051.321476314,1,
3141405,Medina,2024,ok,ok,2415294.56,2415294.56,2415294.56,new_observed,9979510.09,9979510.09,9918221.960873123,new_observed,20140666841.11,13230482.117977798,1,
3141405,Medina,2025,ok,ok,3339721.69,3339721.69,3339721.69,new_observed,10745861.84,10745861.84,10764128.36655101,new_observed,21654451288.89,14103850.05655101,1,
3141504,Mendes Pimentel,2019,ok,partial,,,121714.64924743601,imputed_temporal,2494148.99,2494148.99,2560405.5150167244,new_observed,12828054857.945,4672678.287792817,1,
3141504,Mendes Pimentel,2020,ok,partial,,,128252.10279929929,imputed_temporal,2497305.84,2497305.84,2375502.398843296,new_observed,12945081975.46,4271052.008090379,1,
3141504,Mendes Pimentel,2021,ok,ok,158868.18,158868.18,158868.18,new_observed,2880666.97,2880666.97,2831958.129045514,new_observed,16790773533.8425,4062804.6355292033,1,
3141504,Mendes Pimentel,2022,ok,partial,,,252156.0003139809,imputed_temporal,3516962.74,3516962.74,2976864.5235448084,new_observed,17457373501.01,4104421.436924165,3,
3141504,Mendes Pimentel,2023,ok,ok,335382.93,335382.93,335382.93,new_observed,3518787.19,3518787.19,3050581.0077347048,new_observed,17975926235.1,4179649.818546381,5,
3141504,Mendes Pimentel,2024,ok,ok,572371.26,572371.26,572371.26,new_observed,4343425.18,4343425.18,4316750.483458381,new_observed,20140666841.11,5244687.32741141,1,
3141504,Mendes Pimentel,2025,ok,ok,507059.25,507059.25,507059.25,new_observed,4320506.02,4320506.02,4327850.301836414,new_observed,21654451288.89,4834909.551836414,1,
3141603,Mercês,2019,ok,ok,363350.19,363350.19,363350.19,new_observed,3532231.82,3532231.82,3626064.7894356786,new_observed,12828054857.945,6950192.986792875,1,
3141603,Mercês,2020,ok,ok,391949.11,391949.11,391949.11,new_observed,3941747.72,3941747.72,3749493.1595943784,new_observed,12945081975.46,7064716.333145672,1,
3141603,Mercês,2021,ok,ok,539204.05,539204.05,539204.05,new_observed,5026156.45,5026156.45,4941169.793199678,new_observed,16790773533.8425,7444661.091566521,1,
3141603,Mercês,2022,ok,ok,651809.65,651809.65,651809.65,new_observed,5126687.74,5126687.74,4339384.856974091,new_observed,17457373501.01,6344328.126413138,1,
3141603,Mercês,2023,ok,ok,856018.46,856018.46,856018.46,new_observed,5151012.04,5151012.04,4465623.708217716,new_observed,17975926235.1,6569060.135247868,1,
3141603,Mercês,2024,ok,ok,1312727.17,1312727.17,1312727.17,new_observed,6623602.7,6623602.7,6582924.529037528,new_observed,20140666841.11,8469869.759942705,1,
3141603,Mercês,2025,ok,ok,1569700.0,1569700.0,1569700.0,new_observed,7819564.25,7819564.25,7832856.462399221,new_observed,21654451288.89,9402556.462399222,1,
3141702,Mesquita,2019,ok,ok,127380.52,127380.52,127380.52,new_observed,2264780.24,2264780.24,2324943.634099782,new_observed,12828054857.945,4272337.228647507,1,
3141702,Mesquita,2020,ok,ok,130594.86,130594.86,130594.86,new_observed,2582491.91,2582491.91,2456533.608714264,new_observed,12945081975.46,4413276.235445854,1,
3141702,Mesquita,2021,ok,ok,161878.24,161878.24,161878.24,new_observed,3258705.37,3258705.37,3203604.32456924,new_observed,16790773533.8425,4571745.982964918,1,
3141702,Mesquita,2022,ok,ok,262555.33,262555.33,262555.33,new_observed,3308465.17,3308465.17,2800385.821533225,new_observed,17457373501.01,3893317.2550314628,1,
3141702,Mesquita,2023,ok,ok,387864.39,387864.39,387864.39,new_observed,3356660.18,3356660.18,2910026.4499164997,new_observed,17975926235.1,4070931.9721416263,1,
3141702,Mesquita,2024,ok,ok,442927.73,442927.73,442927.73,new_observed,4546664.79,4546664.79,4518741.918412809,new_observed,20140666841.11,5322511.341152494,2,
3141702,Mesquita,2025,ok,ok,426981.21,426981.21,426981.21,new_observed,5030796.78,5030796.78,5039348.461039909,new_observed,21654451288.89,5466329.671039909,1,
3141801,Minas Novas,2019,ok,ok,969318.06,969318.06,969318.06,new_observed,6941758.02,6941758.02,7126164.310785449,new_observed,12828054857.945,14103612.957832068,4,
3141801,Minas Novas,2020,ok,ok,887163.35,887163.35,887163.35,new_observed,7275893.43,7275893.43,6921019.452184189,new_observed,12945081975.46,13319658.462891124,1,
3141801,Minas Novas,2021,ok,ok,1109260.03,1109260.03,1109260.03,new_observed,9231984.2,9231984.2,9075881.72276983,new_observed,16790773533.8425,13835721.921237646,1,
3141801,Minas Novas,2022,ok,ok,1986702.02,1986702.02,1986702.02,new_observed,10161749.97,10161749.97,8601215.087887319,new_observed,17457373501.01,13458345.535089971,1,
3141801,Minas Novas,2023,ok,ok,2758365.76,2758365.76,2758365.76,new_observed,9665724.09,9665724.09,8379612.844662485,new_observed,17975926235.1,13748773.203147596,1,
3141801,Minas Novas,2024,ok,ok,3067380.96,3067380.96,3067380.96,new_observed,11891962.54,11891962.54,11818929.281939179,new_observed,20140666841.11,15968929.958080051,1,
3141801,Minas Novas,2025,ok,ok,4591884.67,4591884.67,4591884.67,new_observed,12503668.79,12503668.79,12524923.353043737,new_observed,21654451288.89,17116808.023043737,1,
3141900,Minduri,2019,ok,ok,816928.28,816928.28,816928.28,new_observed,2558527.56,2558527.56,2626494.2877154592,new_observed,12828054857.945,5998987.697210096,1,
3141900,Minduri,2020,ok,ok,149038.06,149038.06,149038.06,new_observed,2960008.37,2960008.37,2815637.104156708,new_observed,12945081975.46,5057317.642324779,1,
3141900,Minduri,2021,ok,ok,152579.85,152579.85,152579.85,new_observed,3664628.91,3664628.91,3602664.153714965,new_observed,16790773533.8425,5101206.546061658,1,
3141900,Minduri,2022,ok,ok,386578.98,386578.98,386578.98,new_observed,3979585.84,3979585.84,3368442.824474525,new_observed,17457373501.01,4773023.855538958,1,
3141900,Minduri,2023,ok,ok,507930.25,507930.25,507930.25,new_observed,4462168.93,4462168.93,3868437.349620421,new_observed,17975926235.1,5402208.759459898,5,
3141900,Minduri,2024,ok,ok,543533.16,543533.16,543533.16,new_observed,5001720.86,5001720.86,4971003.308621256,new_observed,20140666841.11,5915585.876384339,2,
3141900,Minduri,2025,ok,ok,630225.76,630225.76,630225.76,new_observed,5437266.47,5437266.47,5446509.095097734,new_observed,21654451288.89,6076734.855097733,1,
3142007,Mirabela,2019,ok,ok,447515.99,447515.99,447515.99,new_observed,3276839.74,3276839.74,3363888.2744217976,new_observed,12828054857.945,6640070.116787893,1,
3142007,Mirabela,2020,ok,ok,451029.3,451029.3,451029.3,new_observed,3679042.8,3679042.8,3499601.393174637,new_observed,12945081975.46,6739218.699052647,1,
3142007,Mirabela,2021,ok,ok,660579.96,660579.96,660579.96,new_observed,4561050.13,4561050.13,4483927.898349736,new_observed,16790773533.8425,6988413.306117419,1,
3142007,Mirabela,2022,ok,ok,825534.36,825534.36,825534.36,new_observed,5159112.35,5159112.35,4366830.035764577,new_observed,17457373501.01,6600036.009938324,1,
3142007,Mirabela,2023,ok,ok,1420439.8,1420439.8,1420439.8,new_observed,5134921.76,5134921.76,4451674.384224317,new_observed,17975926235.1,7248565.382239994,1,
3142007,Mirabela,2024,ok,ok,1558376.18,1558376.18,1558376.18,new_observed,6665057.87,6665057.87,6624125.106398308,new_observed,20140666841.11,8777580.730265176,1,
3142007,Mirabela,2025,ok,ok,1661750.02,1661750.02,1661750.02,new_observed,7280166.36,7280166.36,7292541.668196846,new_observed,21654451288.89,8954291.688196845,1,
3142106,Miradouro,2019,ok,ok,592449.46,592449.46,592449.46,new_observed,3630692.8,3630692.8,3727141.3639373286,new_observed,12828054857.945,7525411.621778899,1,
3142106,Miradouro,2020,ok,ok,420284.36,420284.36,420284.36,new_observed,4064154.73,4064154.73,3865929.897631332,new_observed,12945081975.46,7311676.923656767,1,
3142106,Miradouro,2021,ok,ok,498528.93,498528.93,498528.93,new_observed,5578149.78,5578149.78,5483829.536360619,new_observed,16790773533.8425,8126568.110965959,1,
3142106,Miradouro,2022,ok,ok,585085.51,585085.51,585085.51,new_observed,6118244.01,6118244.01,5178668.324407533,new_observed,17457373501.01,7326331.505265678,1,
3142106,Miradouro,2023,ok,ok,2807622.04,2807622.04,2807622.04,new_observed,5867869.83,5867869.83,5087097.142483764,new_observed,17975926235.1,9745278.51014823,1,
3142106,Miradouro,2024,ok,ok,3226317.29,3226317.29,3226317.29,new_observed,7538029.14,7538029.14,7491735.113627159,new_observed,20140666841.11,11497531.983335707,1,
3142106,Miradouro,2025,ok,ok,2063004.48,2063004.48,2063004.48,new_observed,7304873.29,7304873.29,7317290.5966702625,new_observed,21654451288.89,9380295.076670263,1,
3142205,Miraí,2019,ok,ok,814328.37,814328.37,814328.37,new_observed,5139490.7,5139490.7,5276020.151730055,new_observed,12828054857.945,10610352.09449187,1,
3142205,Miraí,2020,ok,ok,902549.58,902549.58,902549.58,new_observed,6003056.95,6003056.95,5710264.220227796,new_observed,12945081975.46,11280527.560534133,2,
3142205,Miraí,2021,ok,ok,674860.83,674860.83,674860.83,new_observed,7515090.48,7515090.48,7388018.746001922,new_observed,16790773533.8425,10952794.021511946,2,
3142205,Miraí,2022,ok,ok,1168007.69,1168007.69,1168007.69,new_observed,7160399.22,7160399.22,6060780.277824585,new_observed,17457373501.01,9188542.494199464,1,
3142205,Miraí,2023,ok,ok,1754821.11,1754821.11,1754821.11,new_observed,7682080.04,7682080.04,6659910.419283373,new_observed,17975926235.1,10387184.198132893,4,
3142205,Miraí,2024,ok,ok,1681549.37,1681549.37,1681549.37,new_observed,9985056.28,9985056.28,9923734.089520827,new_observed,20140666841.11,12449287.680881467,1,
3142205,Miraí,2025,ok,ok,1743901.62,1743901.62,1743901.62,new_observed,11644151.87,11644151.87,11663945.369345546,new_observed,21654451288.89,13407846.989345547,1,
3142254,Miravânia,2019,ok,ok,67375.21,67375.21,67375.21,new_observed,2100171.03,2100171.03,2155961.6162666986,new_observed,12828054857.945,3873405.022252908,1,
3142254,Miravânia,2020,ok,ok,112109.91,112109.91,112109.91,new_observed,2296999.26,2296999.26,2184965.5596333668,new_observed,12945081975.46,3918486.7329749204,1,
3142254,Miravânia,2021,ok,ok,63263.64,63263.64,63263.64,new_observed,2769403.07,2769403.07,2722575.5765478513,new_observed,16790773533.8425,3784345.633378409,1,
3142254,Miravânia,2022,ok,ok,127356.44,127356.44,127356.44,new_observed,2849924.18,2849924.18,2412262.7430037907,new_observed,17457373501.01,3228120.5211690497,1,
3142254,Miravânia,2023,ok,ok,190830.57,190830.57,190830.57,new_observed,2989090.7,2989090.7,2591365.384564912,new_observed,17975926235.1,3434355.7788856835,1,
3142254,Miravânia,2024,ok,ok,156159.13,156159.13,156159.13,new_observed,4474221.84,4474221.84,4446743.869298112,new_observed,20140666841.11,4937653.078903798,1,
3142254,Miravânia,2025,ok,ok,185805.38,185805.38,185805.38,new_observed,4825007.57,4825007.57,4833209.436932456,new_observed,21654451288.89,5019014.816932456,1,
3142304,Moeda,2019,ok,partial,,,226426.51163516872,imputed_temporal,2824323.81,2824323.81,2899351.3572407104,new_observed,12828054857.945,5445600.303432607,1,
3142304,Moeda,2020,ok,ok,238193.13,238193.13,238193.13,new_observed,3371424.34,3371424.34,3206986.6969872923,new_observed,12945081975.46,5876990.8186417725,1,
3142304,Moeda,2021,ok,ok,214788.77,214788.77,214788.77,new_observed,4066542.04,4066542.04,3997781.3843865916,new_observed,16790773533.8425,5722448.508283923,1,
3142304,Moeda,2022,ok,ok,551116.63,551116.63,551116.63,new_observed,4192917.28,4192917.28,3549013.061477584,new_observed,17457373501.01,5211691.928101787,1,
3142304,Moeda,2023,ok,ok,570362.44,570362.44,570362.44,new_observed,4036491.11,4036491.11,3499399.779858803,new_observed,17975926235.1,5023733.6358461045,1,
3142304,Moeda,2024,ok,ok,1297757.54,1297757.54,1297757.54,new_observed,4042259.88,4042259.88,4017434.759001516,new_observed,20140666841.11,5701744.230572007,1,
3142304,Moeda,2025,ok,ok,1029573.9,1029573.9,1029573.9,new_observed,4082397.59,4082397.59,4089337.1193816205,new_observed,21654451288.89,5118911.019381621,1,
3142403,Moema,2019,ok,ok,602762.94,602762.94,602762.94,new_observed,3568064.5,3568064.5,3662849.3567801616,new_observed,12828054857.945,7431372.474981937,6,
3142403,Moema,2020,ok,ok,458539.27,458539.27,458539.27,new_observed,3866248.74,3866248.74,3677676.562192667,new_observed,12945081975.46,7055800.768163126,1,
3142403,Moema,2021,ok,ok,489522.36,489522.36,489522.36,new_observed,5026668.49,5026668.49,4941673.175178747,new_observed,16790773533.8425,7377856.189793845,1,
3142403,Moema,2022,ok,ok,637872.9,637872.9,637872.9,new_observed,5354955.02,5354955.02,4532597.244466735,new_observed,17457373501.01,6572206.135922882,1,
3142403,Moema,2023,ok,ok,790589.43,790589.43,790589.43,new_observed,5104197.55,5104197.55,4425038.305813546,new_observed,17975926235.1,6438195.421001137,1,
3142403,Moema,2024,ok,ok,1361360.06,1361360.06,1361360.06,new_observed,4685802.84,4685802.84,4657025.466468529,new_observed,20140666841.11,6456077.7903268505,1,
3142403,Moema,2025,ok,ok,1599159.32,1599159.32,1599159.32,new_observed,4614697.35,4614697.35,4622541.717713241,new_observed,21654451288.89,6221701.037713242,1,
3142502,Monjolos,2019,ok,ok,432468.46,432468.46,432468.46,new_observed,2531938.21,2531938.21,2599198.597420426,new_observed,12828054857.945,5281644.3587312605,1,
3142502,Monjolos,2020,ok,ok,524806.25,524806.25,524806.25,new_observed,2831308.63,2831308.63,2693214.557345017,new_observed,12945081975.46,5489489.573466787,1,
3142502,Monjolos,2021,ok,ok,280767.1,280767.1,280767.1,new_observed,3257204.62,3257204.62,3202128.9505650853,new_observed,16790773533.8425,4731243.060322713,1,
3142502,Monjolos,2022,ok,ok,223275.66,223275.66,223275.66,new_observed,4051642.21,4051642.21,3429433.5336193196,new_observed,17457373501.01,4642973.86974328,1,
3142502,Monjolos,2023,ok,ok,168562.7,168562.7,168562.7,new_observed,3847005.05,3847005.05,3335126.538922491,new_observed,17975926235.1,4324970.4843290895,1,
3142502,Monjolos,2024,ok,ok,288449.1,288449.1,288449.1,new_observed,4121522.76,4121522.76,4096210.8542214413,new_observed,20140666841.11,4703538.120661905,1,
3142502,Monjolos,2025,ok,ok,487695.5,487695.5,487695.5,new_observed,4673678.17,4673678.17,4681622.797211323,new_observed,21654451288.89,5169318.297211323,1,
3142601,Monsenhor Paulo,2019,ok,ok,523595.21,523595.21,523595.21,new_observed,5681677.2,5681677.2,5832609.718084555,new_observed,12828054857.945,11073516.077297281,1,
3142601,Monsenhor Paulo,2020,ok,ok,575938.96,575938.96,575938.96,new_observed,5642858.11,5642858.11,5367633.696254579,new_observed,12945081975.46,10138896.569960468,1,
3142601,Monsenhor Paulo,2021,ok,ok,548949.64,548949.64,548949.64,new_observed,7079728.53,7079728.53,6960018.277284218,new_observed,16790773533.8425,10200348.168034697,1,
3142601,Monsenhor Paulo,2022,ok,ok,714284.67,714284.67,714284.67,new_observed,7320531.72,7320531.72,6196321.309549174,new_observed,17457373501.01,8784100.04365719,1,
3142601,Monsenhor Paulo,2023,ok,ok,1066639.37,1066639.37,1066639.37,new_observed,7075281.38,7075281.38,6133851.761068561,new_observed,17975926235.1,8888320.136554733,1,
3142601,Monsenhor Paulo,2024,ok,ok,1305795.42,1305795.42,1305795.42,new_observed,7958489.89,7958489.89,7909613.647415503,new_observed,20140666841.11,9885607.618066408,1,
3142601,Monsenhor Paulo,2025,ok,ok,1574445.64,1574445.64,1574445.64,new_observed,8518868.95,8518868.95,8533349.886771448,new_observed,21654451288.89,10107795.526771449,1,
3142700,Montalvânia,2019,ok,ok,379676.63,379676.63,379676.63,new_observed,4036273.23,4036273.23,4143495.9497773894,new_observed,12828054857.945,7880083.296441012,1,
3142700,Montalvânia,2020,ok,ok,413745.77,413745.77,413745.77,new_observed,4279642.65,4279642.65,4070907.6230995725,new_observed,12945081975.46,7650186.097567115,1,
3142700,Montalvânia,2021,ok,ok,434336.53,434336.53,434336.53,new_observed,5334769.96,5334769.96,5244564.9955884395,new_observed,16790773533.8425,7714345.488099512,1,
3142700,Montalvânia,2022,ok,ok,576109.27,576109.27,576109.27,new_observed,5320006.11,5320006.11,4503015.421170091,new_observed,17457373501.01,6456096.549778704,1,
3142700,Montalvânia,2023,ok,ok,761648.35,761648.35,761648.35,new_observed,5421284.21,5421284.21,4699933.742954783,new_observed,17975926235.1,6741802.6368782865,1,
3142700,Montalvânia,2024,ok,ok,917497.29,917497.29,917497.29,new_observed,6828441.56,6828441.56,6786505.392363477,new_observed,20140666841.11,8264282.903692679,1,
3142700,Montalvânia,2025,ok,ok,1288680.37,1288680.37,1288680.37,new_observed,7466234.17,7466234.17,7478925.768564455,new_observed,21654451288.89,8767606.138564456,1,
3142809,Monte Alegre de Minas,2019,ok,ok,3772134.2,3772134.2,3772134.2,new_observed,21823411.75,21823411.75,22403145.932826083,new_observed,12828054857.945,45601485.26645394,1,
3142809,Monte Alegre de Minas,2020,ok,ok,4441676.47,4441676.47,4441676.47,new_observed,20233910.13,20233910.13,19247022.644128628,new_observed,12945081975.46,40409579.23553259,1,
3142809,Monte Alegre de Minas,2021,ok,ok,5549778.55,5549778.55,5549778.55,new_observed,27206652.77,27206652.77,26746618.848523177,new_observed,16790773533.8425,43872140.841066964,1,
3142809,Monte Alegre de Minas,2022,ok,ok,9511629.19,9511629.19,9511629.19,new_observed,28845789.11,28845789.11,24415955.64222957,new_observed,17457373501.01,43125494.39049523,1,
3142809,Monte Alegre de Minas,2023,ok,ok,12040512.61,12040512.61,12040512.61,new_observed,29190823.59,29190823.59,25306722.80973837,new_observed,17975926235.1,46101603.1522628,1,
3142809,Monte Alegre de Minas,2024,ok,ok,11516151.35,11516151.35,11516151.35,new_observed,36874392.28,36874392.28,36647932.01339869,new_observed,20140666841.11,51666857.75219011,1,
3142809,Monte Alegre de Minas,2025,ok,ok,13186658.62,13186658.62,13186658.62,new_observed,42361259.74,42361259.74,42433268.210543945,new_observed,21654451288.89,55619926.83054394,1,
3142908,Monte Azul,2019,ok,ok,1595457.4,1595457.4,1595457.4,new_observed,4256429.91,4256429.91,4369501.044059978,new_observed,12828054857.945,10391902.712081602,1,
3142908,Monte Azul,2020,ok,ok,1948844.4,1948844.4,1948844.4,new_observed,4924362.4,4924362.4,4684181.851740566,new_observed,12945081975.46,11315007.151710268,1,
3142908,Monte Azul,2021,ok,ok,1383320.92,1383320.92,1383320.92,new_observed,6502177.05,6502177.05,6392232.543715624,new_observed,16790773533.8425,10562483.872983828,1,
3142908,Monte Azul,2022,ok,ok,1635638.17,1635638.17,1635638.17,new_observed,6776252.56,6776252.56,5735626.829087102,new_observed,17457373501.01,9369645.642061884,1,
3142908,Monte Azul,2023,ok,ok,1711347.62,1711347.62,1711347.62,new_observed,6723774.2,6723774.2,5829115.762700219,new_observed,17975926235.1,9307983.483824085,1,
3142908,Monte Azul,2024,ok,ok,2012582.42,2012582.42,2012582.42,new_observed,10005549.82,10005549.82,9944101.770564381,new_observed,20140666841.11,12826244.332331829,1,
3142908,Monte Azul,2025,ok,ok,1854213.31,1854213.31,1854213.31,new_observed,10679986.02,10679986.02,10698140.56647598,new_observed,21654451288.89,12552353.87647598,1,
3143005,Monte Belo,2019,ok,ok,1312308.62,1312308.62,1312308.62,new_observed,9480865.29,9480865.29,9732722.41272428,new_observed,12828054857.945,19242194.060596008,5,
3143005,Monte Belo,2020,ok,ok,1417683.54,1417683.54,1417683.54,new_observed,9313628.95,9313628.95,8859366.58549654,new_observed,12945081975.46,17531197.86582543,1,
3143005,Monte Belo,2021,ok,ok,1730229.3,1730229.3,1730229.3,new_observed,10950359.85,10950359.85,10765201.571766943,new_observed,16790773533.8425,16974069.77971615,1,
3143005,Monte Belo,2022,ok,ok,1724865.59,1724865.59,1724865.59,new_observed,11830593.82,11830593.82,10013775.418964619,new_observed,17457373501.01,14921035.478577374,1,
3143005,Monte Belo,2023,ok,ok,2091374.88,2091374.88,2091374.88,new_observed,10851430.29,10851430.29,9407550.204657614,new_observed,17975926235.1,14194327.236610191,1,
3143005,Monte Belo,2024,ok,ok,3079426.38,3079426.38,3079426.38,new_observed,9319039.8,9319039.8,9261807.880852664,new_observed,20140666841.11,13238761.137235422,1,
3143005,Monte Belo,2025,ok,ok,4336372.95,4336372.95,4336372.95,new_observed,11898573.12,11898573.12,11918799.101410497,new_observed,21654451288.89,16255172.051410496,1,
3143104,Monte Carmelo,2019,ok,ok,5208517.48,5208517.48,5208517.48,new_observed,25881021.56,25881021.56,26568545.264206827,new_observed,12828054857.945,55360678.13554575,1,
3143104,Monte Carmelo,2020,ok,ok,6041854.8,6041854.8,6041854.8,new_observed,22917685.7,22917685.7,21799899.90985113,new_observed,12945081975.46,47494106.26491369,1,
3143104,Monte Carmelo,2021,ok,ok,7813713.92,7813713.92,7813713.92,new_observed,29870212.54,29870212.54,29365140.81631944,new_observed,16790773533.8425,50504578.921733305,1,
3143104,Monte Carmelo,2022,ok,ok,9571440.75,9571440.75,9571440.75,new_observed,32087511.39,32087511.39,27159848.246140637,new_observed,17457373501.01,46689294.43082393,1,
3143104,Monte Carmelo,2023,ok,ok,9697365.61,9697365.61,9697365.61,new_observed,31784869.57,31784869.57,27555607.715954755,new_observed,17975926235.1,45985245.58011391,1,
3143104,Monte Carmelo,2024,ok,ok,13222098.67,13222098.67,13222098.67,new_observed,39792978.7,39792978.7,39548594.236743376,new_observed,20140666841.11,56608486.93674429,1,
3143104,Monte Carmelo,2025,ok,ok,14318142.2,14318142.2,14318142.2,new_observed,48703835.98,48703835.98,48786625.98105446,new_observed,21654451288.89,63104768.18105446,1,
3143153,Monte Formoso,2019,ok,ok,466493.93,466493.93,466493.93,new_observed,2255208.99,2255208.99,2315118.125926911,new_observed,12828054857.945,4846008.926806716,1,
3143153,Monte Formoso,2020,ok,ok,248660.83,248660.83,248660.83,new_observed,2367458.69,2367458.69,2251988.4057362424,new_observed,12945081975.46,4265754.862473154,1,
3143153,Monte Formoso,2021,ok,ok,123990.62,123990.62,123990.62,new_observed,2857008.26,2857008.26,2808699.4612421924,new_observed,16790773533.8425,3983831.097314309,1,
3143153,Monte Formoso,2022,ok,ok,115046.8,115046.8,115046.8,new_observed,2960422.46,2960422.46,2505791.857174821,new_observed,17457373501.01,3331358.933071403,1,
3143153,Monte Formoso,2023,ok,ok,259383.1,259383.1,259383.1,new_observed,2945944.73,2945944.73,2553960.372685721,new_observed,17975926235.1,3472804.421829267,1,
3143153,Monte Formoso,2024,ok,ok,311914.45,311914.45,311914.45,new_observed,3003150.44,3003150.44,2984706.9021615447,new_observed,20140666841.11,3536370.975439324,1,
3143153,Monte Formoso,2025,ok,ok,227693.47,227693.47,227693.47,new_observed,3238452.62,3238452.62,3243957.5559137696,new_observed,21654451288.89,3471651.02591377,2,
3143203,Monte Santo de Minas,2019,ok,ok,1155729.68,1155729.68,1155729.68,new_observed,9619291.23,9619291.23,9874825.607689142,new_observed,12828054857.945,19216975.019172534,1,
3143203,Monte Santo de Minas,2020,ok,ok,1061243.03,1061243.03,1061243.03,new_observed,9845112.06,9845112.06,9364927.171039276,new_observed,12945081975.46,17785575.68029388,5,
3143203,Monte Santo de Minas,2021,ok,ok,1321245.76,1321245.76,1321245.76,new_observed,13193533.11,13193533.11,12970445.292985618,new_observed,16790773533.8425,19414149.355317038,1,
3143203,Monte Santo de Minas,2022,ok,ok,1448659.34,1448659.34,1448659.34,new_observed,14209570.49,14209570.49,12027413.82653665,new_observed,17457373501.01,17129492.730567235,1,
3143203,Monte Santo de Minas,2023,ok,ok,1798095.49,1798095.49,1798095.49,new_observed,13203259.71,13203259.71,11446447.635702241,new_observed,17975926235.1,16349126.361075979,1,
3143203,Monte Santo de Minas,2024,ok,ok,2830786.06,2830786.06,2830786.06,new_observed,13415950.04,13415950.04,13333557.370320233,new_observed,20140666841.11,17339909.209329363,1,
3143203,Monte Santo de Minas,2025,ok,ok,2874197.42,2874197.42,2874197.42,new_observed,15724276.86,15724276.86,15751006.025611404,new_observed,21654451288.89,18625203.445611402,1,
3143302,Montes Claros,2019,ok,ok,71735279.42,71735279.42,71735279.42,new_observed,127694221.77,127694221.77,131086390.97605658,new_observed,12828054857.945,353347485.3888703,1,
3143302,Montes Claros,2020,ok,ok,81161919.14,81161919.14,81161919.14,new_observed,133857029.75,133857029.75,127328295.22921528,new_observed,12945081975.46,355654896.7419264,1,
3143302,Montes Claros,2021,ok,ok,97726162.59,97726162.59,97726162.59,new_observed,168135338.35,168135338.35,165292358.74152452,new_observed,16790773533.8425,357290179.1267119,1,
3143302,Montes Claros,2022,ok,ok,121811333.41,121811333.41,121811333.41,new_observed,172296721.57,172296721.57,145837199.8461407,new_observed,17457373501.01,340209165.3926742,1,
3143302,Montes Claros,2023,ok,ok,150744670.7,150744670.7,150744670.7,new_observed,169673423.09,169673423.09,147096852.9914675,new_observed,17975926235.1,367656978.4394902,1,
3143302,Montes Claros,2024,ok,ok,175736564.32,175736564.32,175736564.32,new_observed,200776836.9,200776836.9,199543786.72071877,new_observed,20140666841.11,402572937.350812,1,
3143302,Montes Claros,2025,ok,ok,198256449.62,198256449.62,198256449.62,new_observed,225687236.17,225687236.17,226070874.25814086,new_observed,21654451288.89,424327323.87814087,1,
3143401,Monte Sião,2019,ok,ok,1605459.09,1605459.09,1605459.09,new_observed,9865347.65,9865347.65,10127418.46292722,new_observed,12828054857.945,20440531.68286578,1,
3143401,Monte Sião,2020,ok,ok,1579821.78,1579821.78,1579821.78,new_observed,10040065.16,10040065.16,9550371.640552845,new_observed,12945081975.46,18986539.985489532,1,
3143401,Monte Sião,2021,ok,ok,2019198.55,2019198.55,2019198.55,new_observed,11488393.39,11488393.39,11294137.569287732,new_observed,16790773533.8425,18085130.36554857,1,
3143401,Monte Sião,2022,ok,ok,2263874.27,2263874.27,2263874.27,new_observed,11647723.86,11647723.86,9858988.707648462,new_observed,17457373501.01,15409421.62327694,1,
3143401,Monte Sião,2023,ok,ok,3326315.24,3326315.24,3326315.24,new_observed,10542825.85,10542825.85,9140008.35210057,new_observed,17975926235.1,15388488.506620977,1,
3143401,Monte Sião,2024,ok,ok,4888039.61,4888039.61,4888039.61,new_observed,11604494.26,11604494.26,11533226.458650546,new_observed,20140666841.11,17615516.7675128,4,
3143401,Monte Sião,2025,ok,ok,4796125.41,4796125.41,4796125.41,new_observed,12953786.97,12953786.97,12975806.673691226,new_observed,21654451288.89,17771932.083691224,1,
3143450,Montezuma,2019,ok,ok,241130.0,241130.0,241130.0,new_observed,2762100.44,2762100.44,2835475.0369608514,new_observed,12828054857.945,5359933.439173498,1,
3143450,Montezuma,2020,ok,ok,126564.81,126564.81,126564.81,new_observed,3170550.56,3170550.56,3015910.3223552126,new_observed,12945081975.46,5360619.308168786,1,
3143450,Montezuma,2021,ok,ok,230363.42,230363.42,230363.42,new_observed,4225097.83,4225097.83,4153656.174174505,new_observed,16790773533.8425,5955349.220913913,1,
3143450,Montezuma,2022,ok,ok,294720.68,294720.68,294720.68,new_observed,4276504.2,4276504.2,3619763.5798013518,new_observed,17457373501.01,4975717.2466747435,1,
3143450,Montezuma,2023,ok,ok,416714.37,416714.37,416714.37,new_observed,4446008.19,4446008.19,3854426.94096171,new_observed,17975926235.1,5272316.9335614415,1,
3143450,Montezuma,2024,ok,ok,512786.74,512786.74,512786.74,new_observed,4946454.85,4946454.85,4916076.709106004,new_observed,20140666841.11,5823682.212837013,1,
3143450,Montezuma,2025,ok,ok,564735.99,564735.99,564735.99,new_observed,5039550.08,5039550.08,5048116.640478081,new_observed,21654451288.89,5612852.630478081,1,
3143500,Morada Nova de Minas,2019,ok,ok,993569.34,993569.34,993569.34,new_observed,6924437.17,6924437.17,7108383.336175438,new_observed,12828054857.945,14114885.254992358,1,
3143500,Morada Nova de Minas,2020,ok,ok,753272.06,753272.06,753272.06,new_observed,8038674.56,8038674.56,7646596.742351981,new_observed,12945081975.46,14328991.317816673,1,
3143500,Morada Nova de Minas,2021,ok,ok,863554.94,863554.94,863554.94,new_observed,11509302.99,11509302.99,11314693.611451497,new_observed,16790773533.8425,16543202.297579829,1,
3143500,Morada Nova de Minas,2022,ok,ok,1338170.91,1338170.91,1338170.91,new_observed,11747084.15,11747084.15,9943090.287396822,new_observed,17457373501.01,14339658.095081594,1,
3143500,Morada Nova de Minas,2023,ok,ok,1525704.86,1525704.86,1525704.86,new_observed,11332272.67,11332272.67,9824412.195149845,new_observed,17975926235.1,14010637.90471893,2,
3143500,Morada Nova de Minas,2024,ok,ok,2189216.24,2189216.24,2189216.24,new_observed,15297576.78,15297576.78,15203628.294296231,new_observed,20140666841.11,18657754.11273245,2,
3143500,Morada Nova de Minas,2025,ok,ok,2393400.76,2393400.76,2393400.76,new_observed,16472107.26,16472107.26,16500107.637177367,new_observed,21654451288.89,18893508.39717737,2,
3143609,Morro da Garça,2019,ok,ok,201822.21,201822.21,201822.21,new_observed,2978619.27,2978619.27,3057745.6425500424,new_observed,12828054857.945,5678683.653003534,2,
3143609,Morro da Garça,2020,ok,ok,248056.18,248056.18,248056.18,new_observed,3254902.65,3254902.65,3096148.2287153103,new_observed,12945081975.46,5704740.998343745,1,
3143609,Morro da Garça,2021,ok,ok,220467.68,220467.68,220467.68,new_observed,4166690.0,4166690.0,4096235.954936732,new_observed,16790773533.8425,5863905.732400666,1,
3143609,Morro da Garça,2022,ok,ok,338984.31,338984.31,338984.31,new_observed,4312179.51,4312179.51,3649960.2502117585,new_observed,17457373501.01,5070364.044657639,1,
3143609,Morro da Garça,2023,ok,ok,451182.27,451182.27,451182.27,new_observed,4236136.11,4236136.11,3672480.2227511727,new_observed,17975926235.1,5090268.3863505395,1,
3143609,Morro da Garça,2024,ok,ok,559105.91,559105.91,559105.91,new_observed,4754969.45,4754969.45,4725767.296886493,new_observed,20140666841.11,5669220.156405305,1,
3143609,Morro da Garça,2025,ok,ok,568624.73,568624.73,568624.73,new_observed,5872071.76,5872071.76,5882053.495882198,new_observed,21654451288.89,6450678.225882199,1,
3143708,Morro do Pilar,2019,ok,ok,119706.84,119706.84,119706.84,new_observed,2127681.5,2127681.5,2184202.895914031,new_observed,12828054857.945,4013775.7970264065,1,
3143708,Morro do Pilar,2020,ok,ok,132802.11,132802.11,132802.11,new_observed,2067972.78,2067972.78,1967109.6030563242,new_observed,12945081975.46,3582153.1755520334,1,
3143708,Morro do Pilar,2021,ok,ok,98207.63,98207.63,98207.63,new_observed,2697498.38,2697498.38,2651886.7140439027,new_observed,16790773533.8425,3735789.0076505207,1,
3143708,Morro do Pilar,2022,ok,ok,195694.75,195694.75,195694.75,new_observed,2816866.93,2816866.93,2384282.0784230363,new_observed,17457373501.01,3279419.2923532557,1,
3143708,Morro do Pilar,2023,ok,ok,420185.63,420185.63,420185.63,new_observed,2899973.41,2899973.41,2514105.9489538637,new_observed,17975926235.1,3622103.333369174,1,
3143708,Morro do Pilar,2024,ok,ok,804037.74,804037.74,804037.74,new_observed,4147195.55,4147195.55,4121725.977436762,new_observed,20140666841.11,5283994.120463328,1,
3143708,Morro do Pilar,2025,ok,ok,555752.81,555752.81,555752.81,new_observed,3911047.02,3911047.02,3917695.2763517755,new_observed,21654451288.89,4473448.086351776,1,
3143807,Munhoz,2019,ok,partial,,,143450.60810499883,imputed_temporal,3594492.72,3594492.72,3689979.636691819,new_observed,12828054857.945,6678442.8644511,1,
3143807,Munhoz,2020,ok,ok,150905.25,150905.25,150905.25,new_observed,3849151.39,3849151.39,3661413.117288032,new_observed,12945081975.46,6503277.380990482,1,
3143807,Munhoz,2021,ok,ok,186418.72,186418.72,186418.72,new_observed,4704525.2,4704525.2,4624976.9661640115,new_observed,16790773533.8425,6535906.360724367,1,
3143807,Munhoz,2022,ok,ok,237031.98,237031.98,237031.98,new_observed,4747064.21,4747064.21,4018059.9234151286,new_observed,17457373501.01,5408665.041121697,1,
3143807,Munhoz,2023,ok,ok,469443.46,469443.46,469443.46,new_observed,4821228.0,4821228.0,4179720.3913200493,new_observed,17975926235.1,5738949.736293604,1,
3143807,Munhoz,2024,ok,ok,604884.04,604884.04,604884.04,new_observed,5915578.34,5915578.34,5879248.427419884,new_observed,20140666841.11,6955696.578150353,4,
3143807,Munhoz,2025,ok,ok,517964.48,517964.48,517964.48,new_observed,6551489.95,6551489.95,6562626.605849686,new_observed,21654451288.89,7080591.085849686,1,
3143906,Muriaé,2019,ok,ok,16556849.12,16556849.12,16556849.12,new_observed,28262747.61,28262747.61,29013541.34829361,new_observed,12828054857.945,79390840.47930986,1,
3143906,Muriaé,2020,ok,ok,19036110.06,19036110.06,19036110.06,new_observed,26991676.52,26991676.52,25675186.1526349,new_observed,12945081975.46,76271164.50435352,1,
3143906,Muriaé,2021,ok,ok,19947395.99,19947395.99,19947395.99,new_observed,37375022.26,37375022.26,36743052.638418674,new_observed,16790773533.8425,77009559.79328471,4,
3143906,Muriaé,2022,ok,ok,23863826.89,23863826.89,23863826.89,new_observed,36725068.61,36725068.61,31085218.113473114,new_observed,17457373501.01,69845959.96969536,1,
3143906,Muriaé,2023,ok,ok,29502966.97,29502966.97,29502966.97,new_observed,35848199.48,35848199.48,31078275.15285831,new_observed,17975926235.1,74781770.36212674,1,
3143906,Muriaé,2024,ok,ok,33971852.78,33971852.78,33971852.78,new_observed,51306448.05,51306448.05,50991354.8054648,new_observed,20140666841.11,91142229.9344315,1,
3143906,Muriaé,2025,ok,ok,38652859.22,38652859.22,38652859.22,new_observed,56869769.59,56869769.59,56966440.58499631,new_observed,21654451288.89,95619299.80499631,1,
3144003,Mutum,2019,ok,ok,1445803.48,1445803.48,1445803.48,new_observed,8050605.6,8050605.6,8264468.185384757,new_observed,12828054857.945,16916831.760168817,1,
3144003,Mutum,2020,ok,ok,2551236.77,2551236.77,2551236.77,new_observed,9541419.27,9541419.27,9076046.674465252,new_observed,12945081975.46,19834505.4483334,1,
3144003,Mutum,2021,ok,ok,1230718.28,1230718.28,1230718.28,new_observed,12632520.56,12632520.56,12418918.834698409,new_observed,16790773533.8425,18541969.07896875,1,
3144003,Mutum,2022,ok,ok,941262.28,941262.28,941262.28,new_observed,10301843.12,10301843.12,8719794.202611359,new_observed,17457373501.01,12280209.133876452,1,
3144003,Mutum,2023,ok,ok,1707501.55,1707501.55,1707501.55,new_observed,12956795.78,12956795.78,11232777.941187505,new_observed,17975926235.1,15973541.898814816,1,
3144003,Mutum,2024,ok,ok,2052451.17,2052451.17,2052451.17,new_observed,13852212.71,13852212.71,13767140.778251147,new_observed,20140666841.11,16970085.37920419,1,
3144003,Mutum,2025,ok,ok,2684192.59,2684192.59,2684192.59,new_observed,15187909.15,15187909.15,15213726.562309371,new_observed,21654451288.89,17897919.152309373,1,
3144102,Muzambinho,2019,ok,ok,1652444.46,1652444.46,1652444.46,new_observed,8280211.96,8280211.96,8500173.988359626,new_observed,12828054857.945,17687469.9426116,1,
3144102,Muzambinho,2020,ok,ok,1594544.27,1594544.27,1594544.27,new_observed,8836133.21,8836133.21,8405160.193296114,new_observed,12945081975.46,17058085.287615724,1,
3144102,Muzambinho,2021,ok,ok,2020421.71,2020421.71,2020421.71,new_observed,10639863.73,10639863.73,10459955.592197465,new_observed,16790773533.8425,16953620.677726116,1,
3144102,Muzambinho,2022,ok,ok,2837558.57,2837558.57,2837558.57,new_observed,10910182.07,10910182.07,9234710.84302635,new_observed,17457373501.01,15345111.932560807,1,
3144102,Muzambinho,2023,ok,ok,3335477.13,3335477.13,3335477.13,new_observed,11116884.46,11116884.46,9637683.317489024,new_observed,17975926235.1,16014130.30600595,1,
3144102,Muzambinho,2024,ok,ok,4362811.28,4362811.28,4362811.28,new_observed,10677468.76,10677468.76,10611894.189884895,new_observed,20140666841.11,16063753.805007331,1,
3144102,Muzambinho,2025,ok,ok,4704561.28,4704561.28,4704561.28,new_observed,11862853.19,11862853.19,11883018.45231142,new_observed,21654451288.89,16587579.73231142,1,
3144201,Nacip Raydan,2019,ok,ok,67645.21,67645.21,67645.21,new_observed,1483119.08,1483119.08,1522517.8155289474,new_observed,12828054857.945,2770315.9397701914,2,
3144201,Nacip Raydan,2020,ok,ok,77289.51,77289.51,77289.51,new_observed,1669379.47,1669379.47,1587957.258597029,new_observed,12945081975.46,2840676.092770387,1,
3144201,Nacip Raydan,2021,ok,ok,46774.32,46774.32,46774.32,new_observed,2189926.7,2189926.7,2152897.5007058233,new_observed,16790773533.8425,2988082.8728762465,1,
3144201,Nacip Raydan,2022,ok,ok,50151.13,50151.13,50151.13,new_observed,2331274.25,2331274.25,1973261.6244545514,new_observed,17457373501.01,2571968.379812076,1,
3144201,Nacip Raydan,2023,ok,ok,101013.41,101013.41,101013.41,new_observed,2173398.73,2173398.73,1884208.5440161922,new_observed,17975926235.1,2450567.3221757133,1,
3144201,Nacip Raydan,2024,ok,ok,127780.72,127780.72,127780.72,new_observed,2789654.08,2789654.08,2772521.707976479,new_observed,20140666841.11,3111229.4166168524,1,
3144201,Nacip Raydan,2025,ok,ok,86175.71,86175.71,86175.71,new_observed,3081520.52,3081520.52,3086758.692352685,new_observed,21654451288.89,3172934.402352685,2,
3144300,Nanuque,2019,ok,ok,3261869.39,3261869.39,3261869.39,new_observed,11587585.71,11587585.71,11895407.402110726,new_observed,12828054857.945,26406377.727670755,1,
3144300,Nanuque,2020,ok,ok,3345147.09,3345147.09,3345147.09,new_observed,11165917.27,11165917.27,10621311.509114472,new_observed,12945081975.46,23824808.305496603,1,
3144300,Nanuque,2021,ok,ok,3088443.74,3088443.74,3088443.74,new_observed,16097492.96,16097492.96,15825302.445608607,new_observed,16790773533.8425,25692851.31861666,1,
3144300,Nanuque,2022,ok,ok,3450098.95,3450098.95,3450098.95,new_observed,18540045.66,18540045.66,15692860.081353858,new_observed,17457373501.01,24332694.956226256,1,
3144300,Nanuque,2023,ok,ok,4922564.03,4922564.03,4922564.03,new_observed,18529239.46,18529239.46,16063758.0314837,new_observed,17975926235.1,25905614.710982453,1,
3144300,Nanuque,2024,ok,ok,5508207.18,5508207.18,5508207.18,new_observed,23049526.87,23049526.87,22907970.584532883,new_observed,20140666841.11,30482768.733366515,2,
3144300,Nanuque,2025,ok,ok,5828204.81,5828204.81,5828204.81,new_observed,23101353.27,23101353.27,23140622.477919642,new_observed,21654451288.89,28968827.28791964,1,
3144359,Naque,2019,ok,ok,383491.58,383491.58,383491.58,new_observed,2411823.67,2411823.67,2475893.2408107165,new_observed,12828054857.945,4981501.405740401,6,
3144359,Naque,2020,ok,ok,391549.5,391549.5,391549.5,new_observed,2622055.49,2622055.49,2494167.517101243,new_observed,12945081975.46,4922626.181035305,1,
3144359,Naque,2021,ok,ok,314407.54,314407.54,314407.54,new_observed,3507581.31,3507581.31,3448272.0521291685,new_observed,16790773533.8425,5111307.213889057,1,
3144359,Naque,2022,ok,ok,629027.59,629027.59,629027.59,new_observed,3873603.21,3873603.21,3278735.89418189,new_observed,17457373501.01,4967174.440792447,1,
3144359,Naque,2023,ok,ok,859873.12,859873.12,859873.12,new_observed,3659942.45,3659942.45,3172954.294906372,new_observed,17975926235.1,4978141.138803518,1,
3144359,Naque,2024,ok,ok,1005397.53,1005397.53,1005397.53,new_observed,3929996.01,3929996.01,3905860.34594868,new_observed,20140666841.11,5268433.329176473,1,
3144359,Naque,2025,ok,ok,1230646.95,1230646.95,1230646.95,new_observed,3766754.82,3766754.82,3773157.7989285546,new_observed,21654451288.89,5003804.748928554,1,
3144375,Natalândia,2019,ok,ok,341512.38,341512.38,341512.38,new_observed,2865138.1,2865138.1,2941249.869970494,new_observed,12828054857.945,5719091.968286722,1,
3144375,Natalândia,2020,ok,ok,467800.63,467800.63,467800.63,new_observed,3524166.86,3524166.86,3352279.362728774,new_observed,12945081975.46,6516517.619161987,1,
3144375,Natalândia,2021,ok,ok,742536.59,742536.59,742536.59,new_observed,4830030.66,4830030.66,4748360.269887799,new_observed,16790773533.8425,7458955.790276021,1,
3144375,Natalândia,2022,ok,ok,514834.56,514834.56,514834.56,new_observed,2719613.65,2719613.65,2301963.9361983133,new_observed,17457373501.01,3580444.3006376214,1,
3144375,Natalândia,2023,ok,ok,438618.58,438618.58,438618.58,new_observed,3245668.89,3245668.89,2813803.5461102664,new_observed,17975926235.1,4014805.177850691,1,
3144375,Natalândia,2024,ok,ok,897712.88,897712.88,897712.88,new_observed,3970977.48,3970977.48,3946590.1324890195,new_observed,20140666841.11,5196609.11568347,1,
3144375,Natalândia,2025,ok,ok,1557477.13,1557477.13,1557477.13,new_observed,4887575.85,4887575.85,4895884.074632274,new_observed,21654451288.89,6453361.204632274,1,
3144409,Natércia,2019,ok,ok,218623.8,218623.8,218623.8,new_observed,2829001.0,2829001.0,2904152.795774974,new_observed,12828054857.945,5440371.610161817,1,
3144409,Natércia,2020,ok,partial,,,217401.26707844937,imputed_temporal,3192415.44,3192415.44,3036708.766045402,new_observed,12945081975.46,5551052.702013134,1,
3144409,Natércia,2021,ok,ok,253711.23,253711.23,253711.23,new_observed,3951576.71,3951576.71,3884759.988910286,new_observed,16790773533.8425,5621790.874762909,1,
3144409,Natércia,2022,ok,ok,377955.85,377955.85,377955.85,new_observed,3792377.3,3792377.3,3209983.8067282583,new_observed,17457373501.01,4560645.041632385,1,
3144409,Natércia,2023,ok,ok,539451.71,539451.71,539451.71,new_observed,3831555.1,3831555.1,3321732.3432819042,new_observed,17975926235.1,4766263.76548797,1,
3144409,Natércia,2024,ok,ok,557789.74,557789.74,557789.74,new_observed,4667157.21,4667157.21,4638494.346676824,new_observed,20140666841.11,5574188.316232406,1,
3144409,Natércia,2025,ok,ok,660987.9,660987.9,660987.9,new_observed,5556903.64,5556903.64,5566349.6322705895,new_observed,21654451288.89,6227337.53227059,1,
3144508,Nazareno,2019,ok,ok,4218300.54,4218300.54,4218300.54,new_observed,6540157.3,6540157.3,6713895.1550752735,new_observed,12828054857.945,19045617.024506006,1,
3144508,Nazareno,2020,ok,ok,2829437.94,2829437.94,2829437.94,new_observed,6612941.69,6612941.69,6290402.479500004,new_observed,12945081975.46,15557161.339746041,1,
3144508,Nazareno,2021,ok,ok,4425154.21,4425154.21,4425154.21,new_observed,10713255.44,10713255.44,10532106.330864435,new_observed,16790773533.8425,20318273.674553692,1,
3144508,Nazareno,2022,ok,ok,5482259.04,5482259.04,5482259.04,new_observed,14285417.33,14285417.33,12091612.905091282,new_observed,17457373501.01,22338221.82554428,2,
3144508,Nazareno,2023,ok,ok,8134158.35,8134158.35,8134158.35,new_observed,16559191.59,16559191.59,14355842.692463094,new_observed,17975926235.1,27761763.12117706,1,
3144508,Nazareno,2024,ok,ok,8402906.12,8402906.12,8402906.12,new_observed,27415285.18,27415285.18,27246917.04138308,new_observed,20140666841.11,38242487.21340012,1,
3144508,Nazareno,2025,ok,ok,8471644.5,8471644.5,8471644.5,new_observed,36352800.91,36352800.91,36414595.80490125,new_observed,21654451288.89,44886240.30490125,2,
3144607,Nepomuceno,2019,ok,ok,1609172.17,1609172.17,1609172.17,new_observed,10776314.37,10776314.37,11062584.81555345,new_observed,12828054857.945,22076208.41284235,1,
3144607,Nepomuceno,2020,ok,ok,2338323.15,2338323.15,2338323.15,new_observed,9684311.05,9684311.05,9211969.059592493,new_observed,12945081975.46,19703169.261781197,1,
3144607,Nepomuceno,2021,ok,ok,2498894.7,2498894.7,2498894.7,new_observed,13615710.91,13615710.91,13385484.540862491,new_observed,16790773533.8425,21577692.23077203,1,
3144607,Nepomuceno,2022,ok,ok,3287007.27,3287007.27,3287007.27,new_observed,15038932.01,15038932.01,12729410.710950954,new_observed,17457373501.01,20358535.604844484,1,
3144607,Nepomuceno,2023,ok,ok,3926685.71,3926685.71,3926685.71,new_observed,14164816.51,14164816.51,12280060.682911882,new_observed,17975926235.1,20005684.013776038,1,
3144607,Nepomuceno,2024,ok,ok,5007780.1,5007780.1,5007780.1,new_observed,14753037.96,14753037.96,14662433.703142516,new_observed,20140666841.11,21100747.020433195,1,
3144607,Nepomuceno,2025,ok,ok,6018258.02,6018258.02,6018258.02,new_observed,17345816.11,17345816.11,17375301.67525665,new_observed,21654451288.89,23393559.69525665,1,
3144656,Ninheira,2019,ok,ok,255830.74,255830.74,255830.74,new_observed,2973877.99,2973877.99,3052878.411478879,new_observed,12828054857.945,5764295.581804535,1,
3144656,Ninheira,2020,ok,ok,103545.43,103545.43,103545.43,new_observed,3310339.2,3310339.2,3148880.919841599,new_observed,12945081975.46,5548180.575828665,1,
3144656,Ninheira,2021,ok,ok,236171.66,236171.66,236171.66,new_observed,4556968.51,4556968.51,4479915.293956706,new_observed,16790773533.8425,6406436.870019698,1,
3144656,Ninheira,2022,ok,ok,433486.25,433486.25,433486.25,new_observed,5214708.67,5214708.67,4413888.456590396,new_observed,17457373501.01,6161518.179128081,1,
3144656,Ninheira,2023,ok,ok,594432.39,594432.39,594432.39,new_observed,4978292.26,4978292.26,4315885.843414328,new_observed,17975926235.1,6061319.934501682,4,
3144656,Ninheira,2024,ok,ok,419066.24,419066.24,419066.24,new_observed,2932097.21,2932097.21,2914090.0382251935,new_observed,20140666841.11,3575562.935424839,1,
3144656,Ninheira,2025,ok,ok,680105.8,680105.8,680105.8,new_observed,6178921.11,6178921.11,6189424.448698464,new_observed,21654451288.89,6869530.248698464,1,
3144672,Nova Belém,2019,ok,ok,69240.68,69240.68,69240.68,new_observed,2179406.35,2179406.35,2237301.805295308,new_observed,12828054857.945,4018362.463587809,1,
3144672,Nova Belém,2020,ok,ok,181642.55,181642.55,181642.55,new_observed,2297507.82,2297507.82,2185449.3151592645,new_observed,12945081975.46,4037924.8274502154,1,
3144672,Nova Belém,2021,ok,ok,119289.16,119289.16,119289.16,new_observed,2794910.76,2794910.76,2747651.960177394,new_observed,16790773533.8425,3894516.2537918375,1,
3144672,Nova Belém,2022,ok,ok,117882.49,117882.49,117882.49,new_observed,2937906.56,2937906.56,2486733.7127243965,new_observed,17457373501.01,3310738.5036520576,1,
3144672,Nova Belém,2023,ok,ok,193428.31,193428.31,193428.31,new_observed,3030893.47,3030893.47,2627605.9212461603,new_observed,17975926235.1,3482297.930387757,1,
3144672,Nova Belém,2024,ok,ok,260600.79,260600.79,260600.79,new_observed,3467995.58,3467995.58,3446697.243808981,new_observed,20140666841.11,3976914.4719848023,1,
3144672,Nova Belém,2025,ok,ok,225490.16,225490.16,225490.16,new_observed,4177658.43,4177658.43,4184759.8900567996,new_observed,21654451288.89,4410250.050056799,1,
3144706,Nova Era,2019,ok,ok,3131436.09,3131436.09,3131436.09,new_observed,7594270.6,7594270.6,7796010.745440418,new_observed,12828054857.945,19037343.75860121,1,
3144706,Nova Era,2020,ok,ok,3267619.5,3267619.5,3267619.5,new_observed,9388784.93,9388784.93,8930856.912359117,new_observed,12945081975.46,20808880.080882117,1,
3144706,Nova Era,2021,ok,ok,4775465.23,4775465.23,4775465.23,new_observed,13175818.29,13175818.29,12953030.010682583,new_observed,16790773533.8425,24082780.209255714,1,
3144706,Nova Era,2022,ok,ok,6011667.4,6011667.4,6011667.4,new_observed,10430582.54,10430582.54,8828763.173997087,new_observed,17457373501.01,18863733.113813493,1,
3144706,Nova Era,2023,ok,ok,8237682.76,8237682.76,8237682.76,new_observed,11020745.39,11020745.39,9554336.412658647,new_observed,17975926235.1,21962552.193136495,1,
3144706,Nova Era,2024,ok,ok,9522179.42,9522179.42,9522179.42,new_observed,10852840.74,10852840.74,10786189.141006872,new_observed,20140666841.11,21785312.13194359,1,
3144706,Nova Era,2025,ok,ok,11111260.8,11111260.8,11111260.8,new_observed,12560020.28,12560020.28,12581370.633032814,new_observed,21654451288.89,23692631.433032814,1,
3144805,Nova Lima,2019,ok,ok,129461730.81,129461730.81,129461730.81,new_observed,143452031.59,143452031.59,147262803.58391476,new_observed,12828054857.945,482097983.8227229,1,
3144805,Nova Lima,2020,ok,ok,160403057.83,160403057.83,160403057.83,new_observed,158393671.78,158393671.78,150668188.59278673,new_observed,12945081975.46,530643667.66853046,1,
3144805,Nova Lima,2021,ok,ok,200562192.09,200562192.09,200562192.09,new_observed,234172411.99,234172411.99,230212819.68365672,new_observed,16790773533.8425,585174307.6523559,1,
3144805,Nova Lima,2022,ok,ok,234173753.4,234173753.4,234173753.4,new_observed,293262986.66,293262986.66,248226735.85019225,new_observed,17457373501.01,613181271.1103667,1,
3144805,Nova Lima,2023,ok,ok,300720644.44,300720644.44,300720644.44,new_observed,293075696.53,293075696.53,254079347.62404254,new_observed,17975926235.1,684847721.0041969,1,
3144805,Nova Lima,2024,ok,ok,343359791.25,343359791.25,343359791.25,new_observed,293029965.32,293029965.32,291230352.0934376,new_observed,20140666841.11,680741257.332499,1,
3144805,Nova Lima,2025,ok,ok,419548217.8,419548217.8,419548217.8,new_observed,255036092.56,255036092.56,255469619.7749947,new_observed,21654451288.89,675017837.5749947,1,
3144904,Nova Módica,2019,ok,ok,151739.22,151739.22,151739.22,new_observed,2030319.46,2030319.46,2084254.4545142737,new_observed,12828054857.945,3895455.2572820154,2,
3144904,Nova Módica,2020,ok,ok,110675.13,110675.13,110675.13,new_observed,2192038.07,2192038.07,2085123.7402467409,new_observed,12945081975.46,3745723.140178968,3,
3144904,Nova Módica,2021,ok,ok,65356.69,65356.69,65356.69,new_observed,2719263.55,2719263.55,2673283.8594805226,new_observed,16790773533.8425,3720229.919680163,1,
3144904,Nova Módica,2022,ok,ok,200294.3,200294.3,200294.3,new_observed,3107029.17,3107029.17,2629884.247733563,new_observed,17457373501.01,3597451.7398727243,1,
3144904,Nova Módica,2023,ok,ok,269260.08,269260.08,269260.08,new_observed,3091562.61,3091562.61,2680202.4882581015,new_observed,17975926235.1,3640830.473958583,1,
3144904,Nova Módica,2024,ok,ok,738234.85,738234.85,738234.85,new_observed,3300861.67,3300861.67,3280589.769432091,new_observed,20140666841.11,4311097.096493052,1,
3144904,Nova Módica,2025,ok,ok,271081.38,271081.38,271081.38,new_observed,3595029.44,3595029.44,3601140.508771886,new_observed,21654451288.89,3872221.888771886,1,
3145000,Nova Ponte,2019,ok,partial,,,1888785.1365532528,imputed_temporal,29834017.67,29834017.67,30626551.855418388,new_observed,12828054857.945,56646868.849120155,1,
3145000,Nova Ponte,2020,ok,partial,,,1990234.2651175924,imputed_temporal,22152776.3,22152776.3,21072298.153793175,new_observed,12945081975.46,39341427.1785897,1,
3145000,Nova Ponte,2021,ok,ok,2465338.88,2465338.88,2465338.88,new_observed,28489422.13,28489422.13,28007698.020317376,new_observed,16790773533.8425,41395247.595228314,1,
3145000,Nova Ponte,2022,ok,ok,4615001.31,4615001.31,4615001.31,new_observed,35323300.44,35323300.44,29898718.783227913,new_observed,17457373501.01,43870533.362035684,1,
3145000,Nova Ponte,2023,ok,ok,6593497.32,6593497.32,6593497.32,new_observed,31924874.93,31924874.93,27676984.10763051,new_observed,17975926235.1,42303643.545690924,1,
3145000,Nova Ponte,2024,ok,ok,8817163.61,8817163.61,8817163.61,new_observed,45442408.46,45442408.46,45163328.60814197,new_observed,20140666841.11,57906269.943619266,1,
3145000,Nova Ponte,2025,ok,ok,12792874.2,12792874.2,12792874.2,new_observed,44194994.74,44194994.74,44270120.314556986,new_observed,21654451288.89,57062994.51455699,1,
3145059,Nova Porteirinha,2019,ok,ok,641846.5,641846.5,641846.5,new_observed,3980537.95,3980537.95,4086280.074196115,new_observed,12828054857.945,8237145.628127977,1,
3145059,Nova Porteirinha,2020,ok,ok,490089.27,490089.27,490089.27,new_observed,3971254.57,3971254.57,3777560.844310684,new_observed,12945081975.46,7280009.113751238,2,
3145059,Nova Porteirinha,2021,ok,ok,568147.05,568147.05,568147.05,new_observed,4768093.27,4768093.27,4687470.171542844,new_observed,16790773533.8425,7139346.72357011,5,
3145059,Nova Porteirinha,2022,ok,ok,971673.95,971673.95,971673.95,new_observed,4786652.84,4786652.84,4051568.9472220573,new_observed,17457373501.01,6385064.968740626,1,
3145059,Nova Porteirinha,2023,ok,ok,539545.79,539545.79,539545.79,new_observed,4737692.42,4737692.42,4107299.9691523463,new_observed,17975926235.1,5736088.272413218,1,
3145059,Nova Porteirinha,2024,ok,ok,2099253.58,2099253.58,2099253.58,new_observed,6061230.36,6061230.36,6024005.940602531,new_observed,20140666841.11,8714030.55609774,1,
3145059,Nova Porteirinha,2025,ok,ok,1059212.18,1059212.18,1059212.18,new_observed,7140045.87,7140045.87,7152182.992122147,new_observed,21654451288.89,8211395.172122147,1,
3145109,Nova Resende,2019,ok,ok,1196252.08,1196252.08,1196252.08,new_observed,9311632.16,9311632.16,9558993.64146289,new_observed,12828054857.945,18737342.13408888,1,
3145109,Nova Resende,2020,ok,ok,1261139.56,1261139.56,1261139.56,new_observed,9410170.27,9410170.27,8951199.205103716,new_observed,12945081975.46,17420809.41297564,1,
3145109,Nova Resende,2021,ok,ok,1599861.69,1599861.69,1599861.69,new_observed,12501294.39,12501294.39,12289911.551751357,new_observed,16790773533.8425,18868175.307393998,1,
3145109,Nova Resende,2022,ok,ok,1753459.97,1753459.97,1753459.97,new_observed,14053960.51,14053960.51,11895700.793667974,new_observed,17457373501.01,17349505.096200183,1,
3145109,Nova Resende,2023,ok,ok,1537111.35,1537111.35,1537111.35,new_observed,12611073.7,12611073.7,10933057.283399578,new_observed,17975926235.1,15393234.843694624,1,
3145109,Nova Resende,2024,ok,ok,1875277.52,1875277.52,1875277.52,new_observed,14868548.49,14868548.49,14777234.837168736,new_observed,20140666841.11,17863580.641259655,1,
3145109,Nova Resende,2025,ok,ok,796738.85,796738.85,796738.85,new_observed,14660544.04,14660544.04,14685465.002222134,new_observed,21654451288.89,15482203.852222133,1,
3145208,Nova Serrana,2019,ok,ok,8495169.22,8495169.22,8495169.22,new_observed,44818957.66,44818957.66,46009563.51447354,new_observed,12828054857.945,94955880.28592196,1,
3145208,Nova Serrana,2020,ok,ok,8830571.09,8830571.09,8830571.09,new_observed,46632340.13,46632340.13,44357897.24597429,new_observed,12945081975.46,90732024.38361211,1,
3145208,Nova Serrana,2021,ok,ok,5567037.59,5567037.59,5567037.59,new_observed,56500544.95,56500544.95,55545184.23441846,new_observed,16790773533.8425,83016194.3422833,1,
3145208,Nova Serrana,2022,ok,ok,13016715.9,13016715.9,13016715.9,new_observed,53213603.13,53213603.13,45041616.59889805,new_observed,17457373501.01,73798188.25548264,1,
3145208,Nova Serrana,2023,ok,ok,16418060.45,16418060.45,16418060.45,new_observed,46456249.04,46456249.04,40274828.61559969,new_observed,17975926235.1,69981969.0502769,1,
3145208,Nova Serrana,2024,ok,ok,18430169.5,18430169.5,18430169.5,new_observed,50642156.24,50642156.24,50331142.674914196,new_observed,20140666841.11,73762037.74481083,1,
3145208,Nova Serrana,2025,ok,ok,21956764.83,21956764.83,21956764.83,new_observed,63640797.29,63640797.29,63748978.125630885,new_observed,21654451288.89,85705742.95563088,1,
3145307,Novo Cruzeiro,2019,ok,ok,863531.77,863531.77,863531.77,new_observed,6828480.41,6828480.41,7009877.505732992,new_observed,12828054857.945,13716726.440449186,1,
3145307,Novo Cruzeiro,2020,ok,ok,851252.12,851252.12,851252.12,new_observed,7246090.33,7246090.33,6892669.966747128,new_observed,12945081975.46,13210038.746769309,1,
3145307,Novo Cruzeiro,2021,ok,ok,1046273.35,1046273.35,1046273.35,new_observed,9543927.72,9543927.72,9382550.628432008,new_observed,16790773533.8425,14166745.248477377,1,
3145307,Novo Cruzeiro,2022,ok,ok,1696698.76,1696698.76,1696698.76,new_observed,9635525.6,9635525.6,8155802.732316636,new_observed,17457373501.01,12523555.683091776,2,
3145307,Novo Cruzeiro,2023,ok,ok,2027074.07,2027074.07,2027074.07,new_observed,9330561.38,9330561.38,8089046.538029178,new_observed,17975926235.1,12487386.883402565,1,
3145307,Novo Cruzeiro,2024,ok,ok,2905534.61,2905534.61,2905534.61,new_observed,13337027.87,13337027.87,13255119.892665077,new_observed,20140666841.11,17335952.00123762,1,
3145307,Novo Cruzeiro,2025,ok,ok,2800598.42,2800598.42,2800598.42,new_observed,14304783.91,14304783.91,14329100.127627686,new_observed,21654451288.89,17129698.547627687,1,
3145356,Novo Oriente de Minas,2019,ok,ok,120268.62,120268.62,120268.62,new_observed,3337417.73,3337417.73,3426075.505540107,new_observed,12828054857.945,6178293.358082671,1,
3145356,Novo Oriente de Minas,2020,ok,ok,435632.27,435632.27,435632.27,new_observed,3830595.31,3830595.31,3643762.0903905304,new_observed,12945081975.46,6958871.35232625,1,
3145356,Novo Oriente de Minas,2021,ok,ok,160088.37,160088.37,160088.37,new_observed,4652232.85,4652232.85,4573568.821032471,new_observed,16790773533.8425,6430304.668835986,1,
3145356,Novo Oriente de Minas,2022,ok,ok,345989.44,345989.44,345989.44,new_observed,4838278.31,4838278.31,4095266.319504803,new_observed,17457373501.01,5645298.693979936,1,
3145356,Novo Oriente de Minas,2023,ok,ok,454309.35,454309.35,454309.35,new_observed,4617863.7,4617863.7,4003415.534636953,new_observed,17975926235.1,5502636.574938722,1,
3145356,Novo Oriente de Minas,2024,ok,ok,550670.04,550670.04,550670.04,new_observed,6056807.96,6056807.96,6019610.700314761,new_observed,20140666841.11,7048110.058288105,1,
3145356,Novo Oriente de Minas,2025,ok,ok,580355.75,580355.75,580355.75,new_observed,5922505.66,5922505.66,5932573.12676048,new_observed,21654451288.89,6512928.87676048,1,
3145372,Novorizonte,2019,ok,ok,327776.12,327776.12,327776.12,new_observed,2692682.57,2692682.57,2764213.0963545227,new_observed,12828054857.945,5386735.117184088,1,
3145372,Novorizonte,2020,ok,ok,165435.01,165435.01,165435.01,new_observed,2868029.61,2868029.61,2728144.510529236,new_observed,12945081975.46,4936038.50282353,1,
3145372,Novorizonte,2021,ok,ok,106651.65,106651.65,106651.65,new_observed,3539389.81,3539389.81,3479542.706142931,new_observed,16790773533.8425,4871565.764277367,1,
3145372,Novorizonte,2022,ok,ok,150595.42,150595.42,150595.42,new_observed,3680023.06,3680023.06,3114883.7514101174,new_observed,17457373501.01,4150764.1756789214,1,
3145372,Novorizonte,2023,ok,ok,240368.37,240368.37,240368.37,new_observed,3535002.24,3535002.24,3064638.4999610167,new_observed,17975926235.1,4079716.0331154815,6,
3145372,Novorizonte,2024,ok,ok,310425.91,310425.91,310425.91,new_observed,4970291.09,4970291.09,4939766.561303211,new_observed,20140666841.11,5632017.23449764,1,
3145372,Novorizonte,2025,ok,ok,373279.0,373279.0,373279.0,new_observed,5072259.43,5072259.43,5080881.591994194,new_observed,21654451288.89,5454160.591994194,1,
3145406,Olaria,2019,ok,partial,,,34097.63165274119,imputed_temporal,1978174.66,1978174.66,2030724.4392526578,new_observed,12828054857.945,3597247.202950005,1,
3145406,Olaria,2020,ok,ok,35869.57,35869.57,35869.57,new_observed,2170344.4,2170344.4,2064488.1559705616,new_observed,12945081975.46,3582914.010670548,1,
3145406,Olaria,2021,ok,partial,,,50232.14352237883,imputed_temporal,2690331.27,2690331.27,2644840.7918190705,new_observed,16790773533.8425,3661046.708623128,1,
3145406,Olaria,2022,ok,ok,77361.05,77361.05,77361.05,new_observed,2848425.55,2848425.55,2410994.2568665394,new_observed,17457373501.01,3162958.7946941387,1,
3145406,Olaria,2023,ok,ok,97866.3,97866.3,97866.3,new_observed,3132131.59,3132131.59,2715373.4017600263,new_observed,17975926235.1,3472676.3265102594,1,
3145406,Olaria,2024,ok,ok,119752.91,119752.91,119752.91,new_observed,4790680.6,4790680.6,4761259.13055205,new_observed,20140666841.11,5235987.839386017,1,
3145406,Olaria,2025,ok,ok,156114.08,156114.08,156114.08,new_observed,4532735.0,4532735.0,4540440.042690759,new_observed,21654451288.89,4696554.122690759,1,
3145455,Olhos-d'Água,2019,ok,ok,739450.46,739450.46,739450.46,new_observed,4850403.93,4850403.93,4979253.854610663,new_observed,12828054857.945,9962889.00147747,1,
3145455,Olhos-d'Água,2020,ok,ok,770911.23,770911.23,770911.23,new_observed,5324913.85,5324913.85,5065196.830000161,new_observed,12945081975.46,9955577.12736738,1,
3145455,Olhos-d'Água,2021,ok,ok,1065768.43,1065768.43,1065768.43,new_observed,6683826.59,6683826.59,6570810.594145513,new_observed,16790773533.8425,10373697.919216517,1,
3145455,Olhos-d'Água,2022,ok,ok,1797359.78,1797359.78,1797359.78,new_observed,7036704.47,7036704.47,5956081.268979316,new_observed,17457373501.01,9855431.210864048,1,
3145455,Olhos-d'Água,2023,ok,ok,1854872.38,1854872.38,1854872.38,new_observed,7020309.0,7020309.0,6086193.949066019,new_observed,17975926235.1,9802489.64599165,1,
3145455,Olhos-d'Água,2024,ok,ok,1948668.85,1948668.85,1948668.85,new_observed,7003001.64,7003001.64,6959993.429685332,new_observed,20140666841.11,9556552.406363992,1,
3145455,Olhos-d'Água,2025,ok,ok,2175693.16,2175693.16,2175693.16,new_observed,6996647.94,6996647.94,7008541.304838208,new_observed,21654451288.89,9184234.464838207,1,
3145505,Olímpio Noronha,2019,ok,ok,60586.87,60586.87,60586.87,new_observed,1786572.74,1786572.74,1834032.655953941,new_observed,12828054857.945,3300727.402339226,6,
3145505,Olímpio Noronha,2020,ok,ok,69337.25,69337.25,69337.25,new_observed,2258588.82,2258588.82,2148428.5480670836,new_observed,12945081975.46,3783195.620454929,1,
3145505,Olímpio Noronha,2021,ok,ok,70802.81,70802.81,70802.81,new_observed,2931652.14,2931652.14,2882081.197121748,new_observed,16790773533.8425,4011262.973055423,1,
3145505,Olímpio Noronha,2022,ok,ok,114550.33,114550.33,114550.33,new_observed,3064049.02,3064049.02,2593504.537963981,new_observed,17457373501.01,3442219.8218657966,1,
3145505,Olímpio Noronha,2023,ok,ok,105752.17,105752.17,105752.17,new_observed,2942255.33,2942255.33,2550761.880431936,new_observed,17975926235.1,3279213.4449849273,1,
3145505,Olímpio Noronha,2024,ok,ok,145942.1,145942.1,145942.1,new_observed,5141155.5,5141155.5,5109581.625200164,new_observed,20140666841.11,5637736.208419688,1,
3145505,Olímpio Noronha,2025,ok,ok,145350.23,145350.23,145350.23,new_observed,4238964.99,4238964.99,4246170.663001529,new_observed,21654451288.89,4391520.893001529,1,
3145604,Oliveira,2019,ok,ok,5945950.22,5945950.22,5945950.22,new_observed,14893886.67,14893886.67,15289539.527428983,new_observed,12828054857.945,36995587.7426846,1,
3145604,Oliveira,2020,ok,ok,5179938.4,5179938.4,5179938.4,new_observed,16292852.22,16292852.22,15498185.649783818,new_observed,12945081975.46,35273962.837982036,1,
3145604,Oliveira,2021,ok,ok,6026931.5,6026931.5,6026931.5,new_observed,20680899.87,20680899.87,20331209.095934756,new_observed,16790773533.8425,35805481.40599647,1,
3145604,Oliveira,2022,ok,ok,7129895.71,7129895.71,7129895.71,new_observed,21768929.47,21768929.47,18425885.812708974,new_observed,17457373501.01,32484060.334744498,1,
3145604,Oliveira,2023,ok,ok,8205876.72,8205876.72,8205876.72,new_observed,21107196.94,21107196.94,18298695.156861722,new_observed,17975926235.1,32717368.251089256,1,
3145604,Oliveira,2024,ok,ok,10048982.45,10048982.45,10048982.45,new_observed,23830220.82,23830220.82,23683869.983379103,new_observed,20140666841.11,36186103.14040517,1,
3145604,Oliveira,2025,ok,ok,11366502.16,11366502.16,11366502.16,new_observed,27046075.84,27046075.84,27092050.54819819,new_observed,21654451288.89,38458552.70819819,1,
3145703,Oliveira Fortes,2019,ok,ok,184170.95,184170.95,184170.95,new_observed,1672833.54,1672833.54,1717271.9988636083,new_observed,12828054857.945,3312614.886167594,1,
3145703,Oliveira Fortes,2020,ok,ok,156052.5,156052.5,156052.5,new_observed,1935741.64,1935741.64,1841327.896530629,new_observed,12945081975.46,3407249.2123032706,1,
3145703,Oliveira Fortes,2021,ok,ok,213121.27,213121.27,213121.27,new_observed,2274039.73,2274039.73,2235588.2739010146,new_observed,16790773533.8425,3326381.226464678,1,
3145703,Oliveira Fortes,2022,ok,ok,258115.98,258115.98,258115.98,new_observed,2364027.14,2364027.14,2000984.6694489277,new_observed,17457373501.01,2871552.2447924144,1,
3145703,Oliveira Fortes,2023,ok,ok,241305.62,241305.62,241305.62,new_observed,2256250.24,2256250.24,1956035.91783022,new_observed,17975926235.1,2712408.7346367044,2,
3145703,Oliveira Fortes,2024,ok,ok,309957.54,309957.54,309957.54,new_observed,4532333.37,4532333.37,4504498.513346569,new_observed,20140666841.11,5164591.510765853,2,
3145703,Oliveira Fortes,2025,ok,ok,731416.08,731416.08,731416.08,new_observed,3970578.47,3970578.47,3977327.9218471427,new_observed,21654451288.89,4708744.001847142,2,
3145802,Onça de Pitangui,2019,ok,ok,146605.58,146605.58,146605.58,new_observed,3052614.25,3052614.25,3133706.2830872186,new_observed,12828054857.945,5714823.006090797,1,
3145802,Onça de Pitangui,2020,ok,ok,91519.11,91519.11,91519.11,new_observed,3278379.9,3278379.9,3118480.4007704738,new_observed,12945081975.46,5475806.372969408,1,
3145802,Onça de Pitangui,2021,ok,ok,125087.73,125087.73,125087.73,new_observed,4159660.11,4159660.11,4089324.932475918,new_observed,16790773533.8425,5724951.412041215,1,
3145802,Onça de Pitangui,2022,ok,ok,132687.51,132687.51,132687.51,new_observed,4232974.92,4232974.92,3582919.06965239,new_observed,17457373501.01,4722922.999100973,1,
3145802,Onça de Pitangui,2023,ok,ok,175185.54,175185.54,175185.54,new_observed,4573987.8,4573987.8,3965377.716488233,new_observed,17975926235.1,5111130.768639867,1,
3145802,Onça de Pitangui,2024,ok,ok,216946.36,216946.36,216946.36,new_observed,5125968.98,5125968.98,5094488.37164214,new_observed,20140666841.11,5697713.390894516,1,
3145802,Onça de Pitangui,2025,ok,ok,249571.2,249571.2,249571.2,new_observed,5585951.64,5585951.64,5595447.009981858,new_observed,21654451288.89,5845018.209981858,1,
3145851,Oratórios,2019,ok,ok,21911.45,21911.45,21911.45,new_observed,3504117.07,3504117.07,3597203.1772216796,new_observed,12828054857.945,6305071.101947313,1,
3145851,Oratórios,2020,ok,ok,103410.28,103410.28,103410.28,new_observed,3595815.85,3595815.85,3420433.74930551,new_observed,12945081975.46,6011180.851672419,1,
3145851,Oratórios,2021,ok,ok,97980.6,97980.6,97980.6,new_observed,4399879.76,4399879.76,4325482.738171162,new_observed,16790773533.8425,6008930.475521569,1,
3145851,Oratórios,2022,ok,ok,175512.8,175512.8,175512.8,new_observed,4808166.82,4808166.82,4069779.0360279037,new_observed,17457373501.01,5396208.1346479785,1,
3145851,Oratórios,2023,ok,ok,303855.63,303855.63,303855.63,new_observed,4965687.72,4965687.72,4304958.450463566,new_observed,17975926235.1,5689141.789268769,1,
3145851,Oratórios,2024,ok,ok,328387.13,328387.13,328387.13,new_observed,6622863.39,6622863.39,6582189.7594334325,new_observed,20140666841.11,7413154.537541987,1,
3145851,Oratórios,2025,ok,ok,233901.66,233901.66,233901.66,new_observed,6270193.5,6270193.5,6280851.989542587,new_observed,21654451288.89,6514753.649542587,1,
3145877,Orizânia,2019,ok,ok,73153.06,73153.06,73153.06,new_observed,3026423.16,3026423.16,3106819.4324823963,new_observed,12828054857.945,5540015.924483184,1,
3145877,Orizânia,2020,ok,ok,205528.22,205528.22,205528.22,new_observed,3454858.37,3454858.37,3286351.32074926,new_observed,12945081975.46,5956653.943005381,1,
3145877,Orizânia,2021,ok,ok,109945.01,109945.01,109945.01,new_observed,4368536.87,4368536.87,4294669.821215587,new_observed,16790773533.8425,5983326.246616563,2,
3145877,Orizânia,2022,ok,ok,150600.71,150600.71,150600.71,new_observed,4630348.0,4630348.0,3919267.763657529,new_observed,17457373501.01,5173226.768091087,1,
3145877,Orizânia,2023,ok,ok,798620.23,798620.23,798620.23,new_observed,4502799.44,4502799.44,3903661.606004217,new_observed,17975926235.1,5804518.82655251,1,
3145877,Orizânia,2024,ok,ok,1131384.64,1131384.64,1131384.64,new_observed,5172405.19,5172405.19,5140639.398460903,new_observed,20140666841.11,6728162.3812597245,1,
3145877,Orizânia,2025,ok,ok,1106922.75,1106922.75,1106922.75,new_observed,5091697.06,5091697.06,5100352.263363027,new_observed,21654451288.89,6207275.013363027,1,
3145901,Ouro Branco,2019,ok,ok,19750470.92,19750470.92,19750470.92,new_observed,36477606.38,36477606.38,37446626.053386346,new_observed,12828054857.945,99646405.37484883,1,
3145901,Ouro Branco,2020,ok,ok,15142024.76,15142024.76,15142024.76,new_observed,39109344.81,39109344.81,37201828.03614659,new_observed,12945081975.46,89291229.41146976,1,
3145901,Ouro Branco,2021,ok,ok,22349085.26,22349085.26,22349085.26,new_observed,59017397.04,59017397.04,58019479.184202485,new_observed,16790773533.8425,109174436.23763588,1,
3145901,Ouro Branco,2022,ok,ok,41126251.88,41126251.88,41126251.88,new_observed,55707444.45,55707444.45,47152479.94937476,new_observed,17457373501.01,112211463.71406925,1,
3145901,Ouro Branco,2023,ok,ok,49843580.09,49843580.09,49843580.09,new_observed,76628110.47,76628110.47,66432053.38552426,new_observed,17975926235.1,143531189.13678712,1,
3145901,Ouro Branco,2024,ok,ok,61884061.39,61884061.39,61884061.39,new_observed,89706709.18,89706709.18,89155784.7031281,new_observed,20140666841.11,162024348.81043825,1,
3145901,Ouro Branco,2025,ok,ok,73108763.95,73108763.95,73108763.95,new_observed,82355613.4,82355613.4,82495606.91761589,new_observed,21654451288.89,155604370.86761588,1,
3146008,Ouro Fino,2019,ok,ok,2541459.39,2541459.39,2541459.39,new_observed,13568329.27,13568329.27,13928768.983632708,new_observed,12828054857.945,28693747.409925148,1,
3146008,Ouro Fino,2020,ok,ok,2429837.35,2429837.35,2429837.35,new_observed,14028015.56,14028015.56,13343813.993479904,new_observed,12945081975.46,26907624.210476313,1,
3146008,Ouro Fino,2021,ok,ok,2631725.1,2631725.1,2631725.1,new_observed,17767514.86,17767514.86,17467086.152174674,new_observed,16790773533.8425,27302669.926700555,1,
3146008,Ouro Fino,2022,ok,ok,3464247.64,3464247.64,3464247.64,new_observed,18373194.98,18373194.98,15551632.577186063,new_observed,17457373501.01,24171164.546247356,1,
3146008,Ouro Fino,2023,ok,ok,4996019.53,4996019.53,4996019.53,new_observed,19789529.81,19789529.81,17156355.451659404,new_observed,17975926235.1,27344995.92290655,1,
3146008,Ouro Fino,2024,ok,ok,6873824.23,6873824.23,6873824.23,new_observed,20543357.35,20543357.35,20417192.445449423,new_observed,20140666841.11,29275779.33632233,3,
3146008,Ouro Fino,2025,ok,ok,6783393.4,6783393.4,6783393.4,new_observed,22665076.16,22665076.16,22703603.75523822,new_observed,21654451288.89,29486997.15523822,1,
3146107,Ouro Preto,2019,ok,ok,38267369.07,38267369.07,38267369.07,new_observed,86846429.3,86846429.3,89153485.79044992,new_observed,12828054857.945,221987318.03717348,1,
3146107,Ouro Preto,2020,ok,ok,65190601.31,65190601.31,65190601.31,new_observed,115738574.14,115738574.14,110093548.05668204,new_observed,12945081975.46,299010033.7903851,1,
3146107,Ouro Preto,2021,ok,ok,87239025.06,87239025.06,87239025.06,new_observed,165776168.84,165776168.84,162973080.13652813,new_observed,16790773533.8425,339893660.08432597,1,
3146107,Ouro Preto,2022,ok,ok,102152125.21,102152125.21,102152125.21,new_observed,147565494.54,147565494.54,124903935.03443003,new_observed,17457373501.01,288611903.87761635,1,
3146107,Ouro Preto,2023,ok,ok,142843361.2,142843361.2,142843361.2,new_observed,224583206.93,224583206.93,194700397.8142853,new_observed,17975926235.1,416665604.5543685,1,
3146107,Ouro Preto,2024,ok,ok,202416786.75,202416786.75,202416786.75,new_observed,257163625.17,257163625.17,255584281.36213624,new_observed,20140666841.11,491309589.71978384,1,
3146107,Ouro Preto,2025,ok,ok,230518988.08,230518988.08,230518988.08,new_observed,229283130.92,229283130.92,229672881.5478239,new_observed,21654451288.89,460191869.62782395,1,
3146206,Ouro Verde de Minas,2019,ok,ok,340124.13,340124.13,340124.13,new_observed,2325116.91,2325116.91,2386883.1346048196,new_observed,12828054857.945,4750878.728607638,1,
3146206,Ouro Verde de Minas,2020,ok,ok,137172.68,137172.68,137172.68,new_observed,2130524.46,2130524.46,2026610.3912704252,new_observed,12945081975.46,3691108.703172983,1,
3146206,Ouro Verde de Minas,2021,ok,ok,105494.24,105494.24,105494.24,new_observed,2806889.91,2806889.91,2759428.5562139563,new_observed,16790773533.8425,3891774.5178609164,1,
3146206,Ouro Verde de Minas,2022,ok,ok,165717.34,165717.34,165717.34,new_observed,3054378.0,3054378.0,2585318.691688995,new_observed,17457373501.01,3496853.3580955616,1,
3146206,Ouro Verde de Minas,2023,ok,ok,236632.74,236632.74,236632.74,new_observed,3390857.14,3390857.14,2939673.197805866,new_observed,17975926235.1,3920846.9968170878,1,
3146206,Ouro Verde de Minas,2024,ok,ok,338089.51,338089.51,338089.51,new_observed,4155241.84,4155241.84,4129722.8519788827,new_observed,20140666841.11,4792737.858793342,1,
3146206,Ouro Verde de Minas,2025,ok,ok,233137.92,233137.92,233137.92,new_observed,4342393.41,4342393.41,4349774.897469291,new_observed,21654451288.89,4582912.817469291,1,
3146255,Padre Carvalho,2019,ok,ok,346294.26,346294.26,346294.26,new_observed,2953249.09,2953249.09,3031701.5092406813,new_observed,12828054857.945,5885003.847885893,1,
3146255,Padre Carvalho,2020,ok,ok,370041.56,370041.56,370041.56,new_observed,2881236.27,2881236.27,2740707.0297081876,new_observed,12945081975.46,5306498.301658985,1,
3146255,Padre Carvalho,2021,ok,ok,194700.35,194700.35,194700.35,new_observed,4226648.67,4226648.67,4155180.7912130537,new_observed,16790773533.8425,5908974.791037427,1,
3146255,Padre Carvalho,2022,ok,ok,380888.41,380888.41,380888.41,new_observed,4728798.61,4728798.61,4002599.3625104493,new_observed,17457373501.01,5571869.565104583,1,
3146255,Padre Carvalho,2023,ok,ok,296178.48,296178.48,296178.48,new_observed,3455189.67,3455189.67,2995445.7079352797,new_observed,17975926235.1,4063196.3874461427,1,
3146255,Padre Carvalho,2024,ok,ok,668295.28,668295.28,668295.28,new_observed,3292433.28,3292433.28,3272213.1415176033,new_observed,20140666841.11,4227085.285725048,1,
3146255,Padre Carvalho,2025,ok,ok,358654.3,358654.3,358654.3,new_observed,3615475.07,3615475.07,3621620.893605775,new_observed,21654451288.89,3980275.193605775,1,
3146305,Padre Paraíso,2019,ok,ok,1177197.5,1177197.5,1177197.5,new_observed,4283348.95,4283348.95,4397135.182498097,new_observed,12828054857.945,9711370.74374472,1,
3146305,Padre Paraíso,2020,ok,ok,2022726.73,2022726.73,2022726.73,new_observed,5005824.71,5005824.71,4761670.924052317,new_observed,12945081975.46,11573225.412081609,1,
3146305,Padre Paraíso,2021,ok,ok,988217.33,988217.33,988217.33,new_observed,5677831.09,5677831.09,5581825.347437802,new_observed,16790773533.8425,8924891.346845776,1,
3146305,Padre Paraíso,2022,ok,ok,1439028.55,1439028.55,1439028.55,new_observed,6104104.55,6104104.55,5166700.254237963,new_observed,17457373501.01,8396569.396288982,1,
3146305,Padre Paraíso,2023,ok,ok,1481805.48,1481805.48,1481805.48,new_observed,5892693.61,5892693.61,5108617.896004576,new_observed,17975926235.1,8135249.628822124,1,
3146305,Padre Paraíso,2024,ok,ok,1652910.06,1652910.06,1652910.06,new_observed,8543381.76,8543381.76,8490913.464485995,new_observed,20140666841.11,10881541.815061644,1,
3146305,Padre Paraíso,2025,ok,ok,1700228.77,1700228.77,1700228.77,new_observed,9200496.26,9200496.26,9216135.871947195,new_observed,21654451288.89,10916364.641947195,1,
3146404,Paineiras,2019,ok,ok,260140.1,260140.1,260140.1,new_observed,2746467.61,2746467.61,2819426.924234707,new_observed,12828054857.945,5365093.690309024,1,
3146404,Paineiras,2020,ok,ok,229099.45,229099.45,229099.45,new_observed,2854835.72,2854835.72,2715594.1385070914,new_observed,12945081975.46,5023231.892804563,2,
3146404,Paineiras,2021,ok,ok,441418.08,441418.08,441418.08,new_observed,3492950.67,3492950.67,3433888.7998085646,new_observed,16790773533.8425,5264302.613550685,3,
3146404,Paineiras,2022,ok,ok,353422.4,353422.4,353422.4,new_observed,3745226.51,3745226.51,3170073.9400664032,new_observed,17457373501.01,4478730.873413559,1,
3146404,Paineiras,2023,ok,ok,477067.74,477067.74,477067.74,new_observed,3926861.05,3926861.05,3404356.982197369,new_observed,17975926235.1,4791248.942446582,1,
3146404,Paineiras,2024,ok,ok,1266870.83,1266870.83,1266870.83,new_observed,4627988.69,4627988.69,4599566.376091558,new_observed,20140666841.11,6293078.897658893,3,
3146404,Paineiras,2025,ok,ok,757001.76,757001.76,757001.76,new_observed,5462840.92,5462840.92,5472127.018239016,new_observed,21654451288.89,6229128.7782390155,1,
3146503,Pains,2019,ok,ok,1089820.1,1089820.1,1089820.1,new_observed,14959445.04,14959445.04,15356839.441257907,new_observed,12828054857.945,28652686.769625094,1,
3146503,Pains,2020,ok,ok,1036160.28,1036160.28,1036160.28,new_observed,15345855.66,15345855.66,14597377.84164753,new_observed,12945081975.46,26668610.817959365,1,
3146503,Pains,2021,ok,ok,1355530.89,1355530.89,1355530.89,new_observed,18488400.06,18488400.06,18175781.99362718,new_observed,16790773533.8425,26531767.585960533,1,
3146503,Pains,2022,ok,ok,1911777.86,1911777.86,1911777.86,new_observed,17873683.07,17873683.07,15128830.46243659,new_observed,17457373501.01,21660388.21371572,1,
3146503,Pains,2023,ok,ok,2605296.22,2605296.22,2605296.22,new_observed,20109888.24,20109888.24,17434087.320470065,new_observed,17975926235.1,24736709.344501458,1,
3146503,Pains,2024,ok,ok,2444977.05,2444977.05,2444977.05,new_observed,23240742.23,23240742.23,23098011.615175128,new_observed,20140666841.11,27400624.485512506,3,
3146503,Pains,2025,ok,ok,2474792.03,2474792.03,2474792.03,new_observed,25024361.44,25024361.44,25066899.50437045,new_observed,21654451288.89,27541691.534370452,3,
3146552,Pai Pedro,2019,ok,ok,686813.77,686813.77,686813.77,new_observed,2813532.79,2813532.79,2888273.6761432965,new_observed,12828054857.945,6228368.776735078,1,
3146552,Pai Pedro,2020,ok,ok,496329.3,496329.3,496329.3,new_observed,3149698.34,3149698.34,2996075.147248583,new_observed,12945081975.46,5957549.359451571,1,
3146552,Pai Pedro,2021,ok,ok,138096.26,138096.26,138096.26,new_observed,4113336.96,4113336.96,4043785.0548810097,new_observed,16790773533.8425,5680760.10965469,1,
3146552,Pai Pedro,2022,ok,ok,207977.38,207977.38,207977.38,new_observed,4300450.38,4300450.38,3640032.356864488,new_observed,17457373501.01,4891221.203699669,1,
3146552,Pai Pedro,2023,ok,ok,228670.67,228670.67,228670.67,new_observed,4052795.66,4052795.66,3513534.8633077294,new_observed,17975926235.1,4619396.120537896,1,
3146552,Pai Pedro,2024,ok,ok,382069.62,382069.62,382069.62,new_observed,5640166.12,5640166.12,5605527.62308561,new_observed,20140666841.11,6423050.40255374,1,
3146552,Pai Pedro,2025,ok,ok,341439.16,341439.16,341439.16,new_observed,5947306.5,5947306.5,5957416.124868326,new_observed,21654451288.89,6298855.284868326,1,
3146602,Paiva,2019,ok,ok,30863.73,30863.73,30863.73,new_observed,1717544.41,1717544.41,1763170.6033929214,new_observed,12828054857.945,3125492.059935288,1,
3146602,Paiva,2020,ok,ok,50224.85,50224.85,50224.85,new_observed,1975508.93,1975508.93,1879155.5791786208,new_observed,12945081975.46,3291250.8598616333,1,
3146602,Paiva,2021,ok,ok,40207.35,40207.35,40207.35,new_observed,2373077.2,2373077.2,2332951.1315890043,new_observed,16790773533.8425,3223750.991719167,1,
3146602,Paiva,2022,ok,ok,81279.78,81279.78,81279.78,new_observed,2522569.21,2522569.21,2135179.512716547,new_observed,17457373501.01,2817350.6386462995,1,
3146602,Paiva,2023,ok,ok,163303.1,163303.1,163303.1,new_observed,2443179.29,2443179.29,2118092.3818711415,new_observed,17975926235.1,2816165.3187052826,1,
3146602,Paiva,2024,ok,ok,308784.7,308784.7,308784.7,new_observed,3890112.63,3890112.63,3866221.905602171,new_observed,20140666841.11,4478637.551940321,1,
3146602,Paiva,2025,ok,ok,383375.02,383375.02,383375.02,new_observed,3472487.49,3472487.49,3478390.253861902,new_observed,21654451288.89,3861765.273861902,1,
3146701,Palma,2019,ok,ok,128086.48,128086.48,128086.48,new_observed,2520043.8,2520043.8,2586988.215007838,new_observed,12828054857.945,4730090.301744335,1,
3146701,Palma,2020,ok,ok,123187.86,123187.86,123187.86,new_observed,2722489.85,2722489.85,2589703.297815347,new_observed,12945081975.46,4627809.643364097,1,
3146701,Palma,2021,ok,ok,201327.71,201327.71,201327.71,new_observed,3601471.14,3601471.14,3540574.3106242563,new_observed,16790773533.8425,5083082.501016267,1,
3146701,Palma,2022,ok,ok,294922.6,294922.6,294922.6,new_observed,4079183.28,4079183.28,3452745.135215492,new_observed,17457373501.01,4763676.067473699,1,
3146701,Palma,2023,ok,ok,302001.14,302001.14,302001.14,new_observed,4084368.49,4084368.49,3540906.64521945,new_observed,17975926235.1,4743703.454186472,1,
3146701,Palma,2024,ok,ok,608108.75,608108.75,608108.75,new_observed,4018366.09,4018366.09,3993687.710241682,new_observed,20140666841.11,4936466.06584275,1,
3146701,Palma,2025,ok,ok,459110.38,459110.38,459110.38,new_observed,4511049.2,4511049.2,4518717.379733895,new_observed,21654451288.89,4977827.759733895,1,
3146750,Palmópolis,2019,ok,ok,89286.69,89286.69,89286.69,new_observed,2440070.22,2440070.22,2504890.1542630265,new_observed,12828054857.945,4519467.090397247,1,
3146750,Palmópolis,2020,ok,ok,100255.57,100255.57,100255.57,new_observed,2578272.06,2578272.06,2452519.5774181373,new_observed,12945081975.46,4354674.315085797,1,
3146750,Palmópolis,2021,ok,ok,109500.02,109500.02,109500.02,new_observed,3264670.48,3264670.48,3209468.571263175,new_observed,16790773533.8425,4508560.372422033,1,
3146750,Palmópolis,2022,ok,ok,165491.38,165491.38,165491.38,new_observed,3349954.37,3349954.37,2835503.5457517807,new_observed,17457373501.01,3814577.149431247,1,
3146750,Palmópolis,2023,ok,ok,212675.75,212675.75,212675.75,new_observed,3392169.64,3392169.64,2940811.05791404,new_observed,17975926235.1,3892678.9554954297,1,
3146750,Palmópolis,2024,ok,ok,195104.93,195104.93,195104.93,new_observed,3900071.69,3900071.69,3876119.803065157,new_observed,20140666841.11,4367308.053459704,1,
3146750,Palmópolis,2025,ok,ok,166039.69,166039.69,166039.69,new_observed,3973897.66,3973897.66,3980652.754025794,new_observed,21654451288.89,4146692.444025794,1,
3146909,Papagaios,2019,ok,ok,544804.03,544804.03,544804.03,new_observed,6889254.55,6889254.55,7072266.0975333555,new_observed,12828054857.945,13270143.029287083,1,
3146909,Papagaios,2020,ok,ok,622017.45,622017.45,622017.45,new_observed,7539477.44,7539477.44,7171747.43192244,new_observed,12945081975.46,13295063.524670932,2,
3146909,Papagaios,2021,ok,ok,950644.54,950644.54,950644.54,new_observed,9967095.92,9967095.92,9798563.529757963,new_observed,16790773533.8425,14601962.08719922,1,
3146909,Papagaios,2022,ok,ok,1285790.96,1285790.96,1285790.96,new_observed,11493391.06,11493391.06,9728356.718883255,new_observed,17457373501.01,14000128.989156568,1,
3146909,Papagaios,2023,ok,ok,1507750.2,1507750.2,1507750.2,new_observed,11575862.9,11575862.9,10035590.561212877,new_observed,17975926235.1,14249154.156763103,1,
3146909,Papagaios,2024,ok,ok,1616302.2,1616302.2,1616302.2,new_observed,11734913.16,11734913.16,11662844.404464247,new_observed,20140666841.11,14244883.962739628,1,
3146909,Papagaios,2025,ok,ok,1624156.45,1624156.45,1624156.45,new_observed,11664425.88,11664425.88,11684253.842448412,new_observed,21654451288.89,13308410.29244841,1,
3147006,Paracatu,2019,ok,ok,35333073.88,35333073.88,35333073.88,new_observed,110735914.0,110735914.0,113677589.45146964,new_observed,12828054857.945,259600185.13547385,1,
3147006,Paracatu,2020,ok,ok,35191744.78,35191744.78,35191744.78,new_observed,121683664.72,121683664.72,115748673.15506832,new_observed,12945081975.46,257483061.81801537,1,
3147006,Paracatu,2021,ok,ok,42559841.69,42559841.69,42559841.69,new_observed,170503549.37,170503549.37,167620525.97474837,new_observed,16790773533.8425,285513662.04816175,1,
3147006,Paracatu,2022,ok,ok,53539313.29,53539313.29,53539313.29,new_observed,190819480.36,190819480.36,161515427.7935112,new_observed,17457373501.01,273356977.1060211,1,
3147006,Paracatu,2023,ok,ok,85005924.31,85005924.31,85005924.31,new_observed,188991414.27,188991414.27,163844412.25528723,new_observed,17975926235.1,307182026.5062145,1,
3147006,Paracatu,2024,ok,ok,102439061.99,102439061.99,102439061.99,new_observed,242611317.61,242611317.61,241121345.2940019,new_observed,20140666841.11,368546133.4018929,1,
3147006,Paracatu,2025,ok,ok,126288549.31,126288549.31,126288549.31,new_observed,270894254.23,270894254.23,271354738.19685966,new_observed,21654451288.89,397643287.50685966,1,
3147105,Pará de Minas,2019,ok,ok,13652786.72,13652786.72,13652786.72,new_observed,48126362.86,48126362.86,49404829.21368705,new_observed,12828054857.945,109856357.95857584,1,
3147105,Pará de Minas,2020,ok,ok,15618126.04,15618126.04,15618126.04,new_observed,53523073.84,53523073.84,50912542.7346083,new_observed,12945081975.46,113491936.32321593,1,
3147105,Pará de Minas,2021,ok,ok,19205904.56,19205904.56,19205904.56,new_observed,69459509.71,69459509.71,68285027.46457715,new_observed,16790773533.8425,118849617.95379645,1,
3147105,Pará de Minas,2022,ok,ok,23470170.46,23470170.46,23470170.46,new_observed,70022705.86,70022705.86,59269353.79396346,new_observed,17457373501.01,105170553.89386114,1,
3147105,Pará de Minas,2023,ok,ok,27912757.53,27912757.53,27912757.53,new_observed,66046830.86,66046830.86,57258707.890937395,new_observed,17975926235.1,105136057.71894738,1,
3147105,Pará de Minas,2024,ok,ok,33235090.4,33235090.4,33235090.4,new_observed,73888646.3,73888646.3,73434866.82038581,new_observed,20140666841.11,114427621.60664473,1,
3147105,Pará de Minas,2025,ok,ok,34178348.46,34178348.46,34178348.46,new_observed,84421078.9,84421078.9,84564583.43245655,new_observed,21654451288.89,118742931.89245656,1,
3147204,Paraguaçu,2019,ok,ok,1873280.37,1873280.37,1873280.37,new_observed,10994327.92,10994327.92,11286389.848054083,new_observed,12828054857.945,22926230.570018142,1,
3147204,Paraguaçu,2020,ok,ok,1972218.54,1972218.54,1972218.54,new_observed,11501182.73,11501182.73,10940224.75222742,new_observed,12945081975.46,22026806.868021585,1,
3147204,Paraguaçu,2021,ok,partial,,,2144480.962304782,imputed_temporal,14435965.27,14435965.27,14191869.321497867,new_observed,16790773533.8425,22191659.696160637,3,
3147204,Paraguaçu,2022,ok,ok,2548611.42,2548611.42,2548611.42,new_observed,15784393.12,15784393.12,13360391.729544666,new_observed,17457373501.01,20222000.165255297,4,
3147204,Paraguaçu,2023,ok,ok,2661376.03,2661376.03,2661376.03,new_observed,15060321.46,15060321.46,13056410.670932163,new_observed,17975926235.1,19402109.86902989,5,
3147204,Paraguaçu,2024,ok,ok,3812209.03,3812209.03,3812209.03,new_observed,14582837.37,14582837.37,14493278.382463684,new_observed,20140666841.11,19636769.7291837,1,
3147204,Paraguaçu,2025,ok,ok,4656874.06,4656874.06,4656874.06,new_observed,17228263.06,17228263.06,17257548.800808787,new_observed,21654451288.89,21914422.860808786,1,
3147303,Paraisópolis,2019,ok,ok,1373061.28,1373061.28,1373061.28,new_observed,9687529.85,9687529.85,9944876.971775908,new_observed,12828054857.945,19717641.676267736,1,
3147303,Paraisópolis,2020,ok,ok,1369833.25,1369833.25,1369833.25,new_observed,11208153.31,11208153.31,10661487.53110209,new_observed,12945081975.46,20523736.15240368,1,
3147303,Paraisópolis,2021,ok,ok,1770561.41,1770561.41,1770561.41,new_observed,13244267.28,13244267.28,13020321.605189757,new_observed,16790773533.8425,20092262.762280196,1,
3147303,Paraisópolis,2022,ok,ok,2271475.47,2271475.47,2271475.47,new_observed,10785421.25,10785421.25,9129109.480020052,new_observed,17457373501.01,14491331.014030943,1,
3147303,Paraisópolis,2023,ok,ok,2670411.41,2670411.41,2670411.41,new_observed,10473219.62,10473219.62,9079663.85503594,new_observed,17975926235.1,14504348.201141922,1,
3147303,Paraisópolis,2024,ok,ok,3753751.05,3753751.05,3753751.05,new_observed,14958219.24,14958219.24,14866354.883531447,new_observed,20140666841.11,19974269.15280121,1,
3147303,Paraisópolis,2025,ok,ok,3817352.01,3817352.01,3817352.01,new_observed,15857527.78,15857527.78,15884483.454336751,new_observed,21654451288.89,19701835.464336753,1,
3147402,Paraopeba,2019,ok,ok,2250256.73,2250256.73,2250256.73,new_observed,10075692.75,10075692.75,10343351.334722798,new_observed,12828054857.945,21940060.610650197,1,
3147402,Paraopeba,2020,ok,ok,2225200.75,2225200.75,2225200.75,new_observed,10453622.55,10453622.55,9943758.207896303,new_observed,12945081975.46,20758527.46720757,2,
3147402,Paraopeba,2021,ok,ok,2978647.6,2978647.6,2978647.6,new_observed,13622987.2,13622987.2,13392637.796976227,new_observed,16790773533.8425,22239116.326896794,1,
3147402,Paraopeba,2022,ok,ok,3883985.05,3883985.05,3883985.05,new_observed,15120910.13,15120910.13,12798799.491889503,new_observed,17457373501.01,21205556.915906683,1,
3147402,Paraopeba,2023,ok,ok,5074158.32,5074158.32,5074158.32,new_observed,14104219.05,14104219.05,12227526.258233314,new_observed,17975926235.1,21357280.862341415,1,
3147402,Paraopeba,2024,ok,ok,8157153.78,8157153.78,8157153.78,new_observed,14577297.39,14577297.39,14487772.425677907,new_observed,20140666841.11,24291797.941009175,1,
3147402,Paraopeba,2025,ok,ok,9460564.82,9460564.82,9460564.82,new_observed,16050008.66,16050008.66,16077291.526064826,new_observed,21654451288.89,25537856.34606483,1,
3147501,Passabém,2019,ok,ok,410684.44,410684.44,410684.44,new_observed,1580013.56,1580013.56,1621986.2762990787,new_observed,12828054857.945,3541234.449086944,1,
3147501,Passabém,2020,ok,ok,237321.95,237321.95,237321.95,new_observed,1852585.19,1852585.19,1762227.3140988462,new_observed,12945081975.46,3410948.9944410315,1,
3147501,Passabém,2021,ok,ok,252949.94,252949.94,252949.94,new_observed,2188598.9,2188598.9,2151592.152311543,new_observed,16790773533.8425,3266383.182942557,1,
3147501,Passabém,2022,ok,ok,278022.31,278022.31,278022.31,new_observed,2320826.58,2320826.58,1964418.3979332766,new_observed,17457373501.01,2850375.723742301,1,
3147501,Passabém,2023,ok,ok,205918.57,205918.57,205918.57,new_observed,2418193.74,2418193.74,2096431.3832991293,new_observed,17975926235.1,2842031.616844394,1,
3147501,Passabém,2024,ok,ok,192026.49,192026.49,192026.49,new_observed,3301638.78,3301638.78,3281362.1068913955,new_observed,20140666841.11,3725993.7700806153,1,
3147501,Passabém,2025,ok,ok,59892.86,59892.86,59892.86,new_observed,3128849.58,3128849.58,3134168.2054186193,new_observed,21654451288.89,3194061.065418619,1,
3147600,Passa Quatro,2019,ok,ok,1482239.57,1482239.57,1482239.57,new_observed,6906799.73,6906799.73,7090277.361420988,new_observed,12828054857.945,14934682.744975628,1,
3147600,Passa Quatro,2020,ok,ok,1250952.93,1250952.93,1250952.93,new_observed,7537924.43,7537924.43,7170270.168336484,new_observed,12945081975.46,14365418.734596606,1,
3147600,Passa Quatro,2021,ok,ok,1788756.63,1788756.63,1788756.63,new_observed,9392182.88,9392182.88,9233371.623134246,new_observed,16790773533.8425,14972702.903139317,1,
3147600,Passa Quatro,2022,ok,ok,2320092.95,2320092.95,2320092.95,new_observed,9956799.26,9956799.26,8427738.556351949,new_observed,17457373501.01,13661613.393030588,1,
3147600,Passa Quatro,2023,ok,ok,2728879.42,2728879.42,2728879.42,new_observed,9599991.11,9599991.11,8322626.226960888,new_observed,17975926235.1,13642030.577232787,1,
3147600,Passa Quatro,2024,ok,ok,3124698.67,3124698.67,3124698.67,new_observed,10035562.34,10035562.34,9973929.971776726,new_observed,20140666841.11,14051237.675951183,1,
3147600,Passa Quatro,2025,ok,ok,3238979.8,3238979.8,3238979.8,new_observed,14882476.08,14882476.08,14907774.296979506,new_observed,21654451288.89,18146754.096979506,1,
3147709,Passa Tempo,2019,ok,ok,470825.23,470825.23,470825.23,new_observed,4653667.99,4653667.99,4777291.667188171,new_observed,12828054857.945,9143051.159312095,4,
3147709,Passa Tempo,2020,ok,ok,605862.9,605862.9,605862.9,new_observed,6379923.85,6379923.85,6068749.837269654,new_observed,12945081975.46,11385947.82996443,1,
3147709,Passa Tempo,2021,ok,ok,610017.99,610017.99,610017.99,new_observed,8832143.79,8832143.79,8682802.16473248,new_observed,16790773533.8425,12623572.518270161,1,
3147709,Passa Tempo,2022,ok,ok,795986.43,795986.43,795986.43,new_observed,10249164.66,10249164.66,8675205.547478499,new_observed,17457373501.01,12038871.570606017,1,
3147709,Passa Tempo,2023,ok,ok,960595.06,960595.06,960595.06,new_observed,12172520.86,12172520.86,10552857.830476105,new_observed,17975926235.1,14212260.428478077,1,
3147709,Passa Tempo,2024,ok,ok,1403730.6,1403730.6,1403730.6,new_observed,13394691.15,13394691.15,13312429.039594552,new_observed,20140666841.11,15786405.006832456,1,
3147709,Passa Tempo,2025,ok,ok,1759394.12,1759394.12,1759394.12,new_observed,11501687.79,11501687.79,11521239.119481586,new_observed,21654451288.89,13280633.239481587,1,
3147808,Passa-Vinte,2019,ok,ok,343870.17,343870.17,343870.17,new_observed,1929618.89,1929618.89,1980878.7957917661,new_observed,12828054857.945,4050081.037291706,1,
3147808,Passa-Vinte,2020,ok,ok,322557.92,322557.92,322557.92,new_observed,2179609.01,2179609.01,2073300.8944533046,new_observed,12945081975.46,4086997.185170727,1,
3147808,Passa-Vinte,2021,ok,ok,489989.63,489989.63,489989.63,new_observed,2731832.09,2731832.09,2685639.879594584,new_observed,16790773533.8425,4313845.392252722,4,
3147808,Passa-Vinte,2022,ok,ok,631700.31,631700.31,631700.31,new_observed,2800705.98,2800705.98,2370602.9574660193,new_observed,17457373501.01,3816240.1880335305,1,
3147808,Passa-Vinte,2023,ok,ok,483874.92,483874.92,483874.92,new_observed,2739183.86,2739183.86,2374710.89009206,new_observed,17975926235.1,3528651.7760268804,1,
3147808,Passa-Vinte,2024,ok,ok,767586.17,767586.17,767586.17,new_observed,3097235.83,3097235.83,3078214.4764692644,new_observed,20140666841.11,4125489.80627765,1,
3147808,Passa-Vinte,2025,ok,ok,594218.36,594218.36,594218.36,new_observed,4388057.23,4388057.23,4395516.339850156,new_observed,21654451288.89,4989734.699850156,1,
3147907,Passos,2019,ok,ok,14692565.95,14692565.95,14692565.95,new_observed,43838928.13,43838928.13,45003499.71333261,new_observed,12828054857.945,104000004.77541465,1,
3147907,Passos,2020,ok,ok,15967560.62,15967560.62,15967560.62,new_observed,46464117.2,46464117.2,44197879.210796244,new_observed,12945081975.46,102633753.60418822,1,
3147907,Passos,2021,ok,ok,18618727.65,18618727.65,18618727.65,new_observed,60402949.35,60402949.35,59381603.361827336,new_observed,16790773533.8425,105957375.54174425,1,
3147907,Passos,2022,ok,ok,24300413.08,24300413.08,24300413.08,new_observed,59957587.7,59957587.7,50749930.81713927,new_observed,17457373501.01,95396804.71644476,1,
3147907,Passos,2023,ok,ok,29589742.1,29589742.1,29589742.1,new_observed,53712135.08,53712135.08,46565253.9674981,new_observed,17975926235.1,94006085.51899412,1,
3147907,Passos,2024,ok,ok,35062898.44,35062898.44,35062898.44,new_observed,54326450.25,54326450.25,53992809.97428513,new_observed,20140666841.11,95532361.40600982,1,
3147907,Passos,2025,ok,ok,43338200.93,43338200.93,43338200.93,new_observed,66468028.47,66468028.47,66581015.22014796,new_observed,21654451288.89,109919216.15014796,1,
3147956,Patis,2019,ok,ok,45249.38,45249.38,45249.38,new_observed,2219484.7,2219484.7,2278444.8279391844,new_observed,12828054857.945,4048243.4819941083,1,
3147956,Patis,2020,ok,ok,35926.17,35926.17,35926.17,new_observed,2344578.29,2344578.29,2230223.972955957,new_observed,12945081975.46,3865732.487892286,1,
3147956,Patis,2021,ok,ok,59472.87,59472.87,59472.87,new_observed,3099548.37,3099548.37,3047138.4905667426,new_observed,16790773533.8425,4220089.611464687,1,
3147956,Patis,2022,ok,ok,134320.31,134320.31,134320.31,new_observed,3342621.52,3342621.52,2829296.7978743566,new_observed,17457373501.01,3767066.0494465954,1,
3147956,Patis,2023,ok,ok,113424.73,113424.73,113424.73,new_observed,3543226.08,3543226.08,3071768.084320634,new_observed,17975926235.1,3931816.999007142,1,
3147956,Patis,2024,ok,ok,163607.77,163607.77,163607.77,new_observed,4888680.67,4888680.67,4858657.34325741,new_observed,20140666841.11,5387513.663296405,1,
3147956,Patis,2025,ok,ok,165436.21,165436.21,165436.21,new_observed,4907061.46,4907061.46,4915402.807560684,new_observed,21654451288.89,5080839.017560684,1,
3148004,Patos de Minas,2019,ok,ok,29229790.21,29229790.21,29229790.21,new_observed,95228030.52,95228030.52,97757742.42243199,new_observed,12828054857.945,221232402.05933815,1,
3148004,Patos de Minas,2020,ok,ok,31286312.72,31286312.72,31286312.72,new_observed,82589620.63,82589620.63,78561399.56254727,new_observed,12945081975.46,187384702.38224652,1,
3148004,Patos de Minas,2021,ok,ok,37801427.18,37801427.18,37801427.18,new_observed,108429441.05,108429441.05,106596021.06293073,new_observed,16790773533.8425,196152688.74212632,1,
3148004,Patos de Minas,2022,ok,ok,51616839.25,51616839.25,51616839.25,new_observed,114002822.14,114002822.14,96495465.51993173,new_observed,17457373501.01,188266167.48891816,1,
3148004,Patos de Minas,2023,ok,ok,61814920.87,61814920.87,61814920.87,new_observed,117806503.63,117806503.63,102131292.1629988,new_observed,17975926235.1,202375976.8726837,1,
3148004,Patos de Minas,2024,ok,ok,70081179.24,70081179.24,70081179.24,new_observed,128551389.67,128551389.67,127761904.60525425,new_observed,20140666841.11,212231392.28380537,1,
3148004,Patos de Minas,2025,ok,ok,77504388.81,77504388.81,77504388.81,new_observed,149760811.5,149760811.5,150015384.83067346,new_observed,21654451288.89,227519773.64067346,1,
3148103,Patrocínio,2019,ok,ok,13528991.11,13528991.11,13528991.11,new_observed,67803418.78,67803418.78,69604601.84108749,new_observed,12828054857.945,144831890.80953258,1,
3148103,Patrocínio,2020,ok,ok,15727314.19,15727314.19,15727314.19,new_observed,63544179.48,63544179.48,60444879.58562133,new_observed,12945081975.46,129939017.97184178,1,
3148103,Patrocínio,2021,ok,ok,19103428.22,19103428.22,19103428.22,new_observed,86101146.12,86101146.12,84645272.50599524,new_observed,16790773533.8425,140934530.6896894,1,
3148103,Patrocínio,2022,ok,ok,24639731.69,24639731.69,24639731.69,new_observed,83604884.76,83604884.76,70765724.24452128,new_observed,17457373501.01,121270272.40731703,1,
3148103,Patrocínio,2023,ok,ok,28032094.98,28032094.98,28032094.98,new_observed,85761141.01,85761141.01,74349852.33271919,new_observed,17975926235.1,126380757.55594775,3,
3148103,Patrocínio,2024,ok,ok,31721776.51,31721776.51,31721776.51,new_observed,93301798.61,93301798.61,92728795.26320146,new_observed,20140666841.11,133501346.64601652,1,
3148103,Patrocínio,2025,ok,ok,34424920.95,34424920.95,34424920.95,new_observed,112613203.77,112613203.77,112804631.14058112,new_observed,21654451288.89,147229552.09058112,1,
3148202,Patrocínio do Muriaé,2019,ok,ok,169806.76,169806.76,169806.76,new_observed,2147827.48,2147827.48,2204884.049487546,new_observed,12828054857.945,4137087.6419169824,1,
3148202,Patrocínio do Muriaé,2020,ok,ok,166466.79,166466.79,166466.79,new_observed,2866370.61,2866370.61,2726566.4264930086,new_observed,12945081975.46,4935106.585197651,1,
3148202,Patrocínio do Muriaé,2021,ok,ok,185933.17,185933.17,185933.17,new_observed,3877462.45,3877462.45,3811898.917751758,new_observed,16790773533.8425,5430743.567107648,1,
3148202,Patrocínio do Muriaé,2022,ok,ok,247645.87,247645.87,247645.87,new_observed,3848051.12,3848051.12,3257107.8259176738,new_observed,17457373501.01,4454907.020371971,1,
3148202,Patrocínio do Muriaé,2023,ok,ok,318666.49,318666.49,318666.49,new_observed,3661610.66,3661610.66,3174400.5346100335,new_observed,17975926235.1,4311858.372995343,1,
3148202,Patrocínio do Muriaé,2024,ok,ok,486629.63,486629.63,486629.63,new_observed,3666185.8,3666185.8,3643670.299069881,new_observed,20140666841.11,4430679.5439047655,1,
3148202,Patrocínio do Muriaé,2025,ok,ok,295233.23,295233.23,295233.23,new_observed,4180007.39,4180007.39,4187112.8429743387,new_observed,21654451288.89,4482346.072974339,1,
3148301,Paula Cândido,2019,ok,ok,247330.41,247330.41,247330.41,new_observed,4041259.46,4041259.46,4148614.6378919845,new_observed,12828054857.945,7658432.777656929,5,
3148301,Paula Cândido,2020,ok,ok,216053.28,216053.28,216053.28,new_observed,4133135.89,4133135.89,3931546.574784097,new_observed,12945081975.46,7075220.30490979,1,
3148301,Paula Cândido,2021,ok,ok,144910.13,144910.13,144910.13,new_observed,4826136.6,4826136.6,4744532.054065964,new_observed,16790773533.8425,6641926.450391182,1,
3148301,Paula Cândido,2022,ok,ok,250956.91,250956.91,250956.91,new_observed,4868377.37,4868377.37,4120743.081850613,new_observed,17457373501.01,5556886.068011113,1,
3148301,Paula Cândido,2023,ok,ok,494813.12,494813.12,494813.12,new_observed,4891110.38,4891110.38,4240304.294151439,new_observed,17975926235.1,5845051.21873644,1,
3148301,Paula Cândido,2024,ok,ok,730551.92,730551.92,730551.92,new_observed,5162844.52,5162844.52,5131137.4443269335,new_observed,20140666841.11,6287985.765018293,1,
3148301,Paula Cândido,2025,ok,ok,542980.03,542980.03,542980.03,new_observed,5661224.39,5661224.39,5670847.713579895,new_observed,21654451288.89,6213827.743579895,1,
3148400,Paulistas,2019,ok,ok,222616.41,222616.41,222616.41,new_observed,2676925.05,2676925.05,2748036.98126567,new_observed,12828054857.945,5175348.885135959,1,
3148400,Paulistas,2020,ok,ok,102699.07,102699.07,102699.07,new_observed,2960332.37,2960332.37,2815945.3014006726,new_observed,12945081975.46,4978795.602841404,1,
3148400,Paulistas,2021,ok,ok,187521.78,187521.78,187521.78,new_observed,3451827.26,3451827.26,3393460.7404541117,new_observed,16790773533.8425,4864485.891356592,1,
3148400,Paulistas,2022,ok,ok,201482.5,201482.5,201482.5,new_observed,3429959.49,3429959.49,2903222.319317731,new_observed,17457373501.01,3946403.227100311,1,
3148400,Paulistas,2023,ok,ok,167361.69,167361.69,167361.69,new_observed,3331330.4,3331330.4,2888067.0242320783,new_observed,17975926235.1,3771635.583208655,1,
3148400,Paulistas,2024,ok,ok,141821.81,141821.81,141821.81,new_observed,4468209.03,4468209.03,4440767.986348877,new_observed,20140666841.11,4915862.580798584,1,
3148400,Paulistas,2025,ok,ok,125489.11,125489.11,125489.11,new_observed,4465852.23,4465852.23,4473443.580935533,new_observed,21654451288.89,4598932.6909355335,1,
3148509,Pavão,2019,ok,ok,200907.18,200907.18,200907.18,new_observed,2521196.91,2521196.91,2588171.9571239906,new_observed,12828054857.945,4859017.765354542,1,
3148509,Pavão,2020,ok,ok,224224.37,224224.37,224224.37,new_observed,2925421.77,2925421.77,2782737.428853889,new_observed,12945081975.46,5129452.6762988735,1,
3148509,Pavão,2021,ok,ok,280360.23,280360.23,280360.23,new_observed,3624945.08,3624945.08,3563651.3326806193,new_observed,16790773533.8425,5221790.362299843,1,
3148509,Pavão,2022,ok,ok,762710.08,762710.08,762710.08,new_observed,4043620.81,4043620.81,3422643.9760224815,new_observed,17457373501.01,5320020.972838951,1,
3148509,Pavão,2023,ok,ok,786230.28,786230.28,786230.28,new_observed,4472212.2,4472212.2,3877144.272506984,new_observed,17975926235.1,5756491.492712051,1,
3148509,Pavão,2024,ok,ok,428135.82,428135.82,428135.82,new_observed,4724070.57,4724070.57,4695058.17916242,new_observed,20140666841.11,5495782.689238338,1,
3148509,Pavão,2025,ok,ok,569047.9,569047.9,569047.9,new_observed,5037888.37,5037888.37,5046452.105793539,new_observed,21654451288.89,5615500.00579354,1,
3148608,Peçanha,2019,ok,ok,1090001.43,1090001.43,1090001.43,new_observed,5279349.07,5279349.07,5419593.828886066,new_observed,12828054857.945,11340746.337090736,1,
3148608,Peçanha,2020,ok,ok,996213.4,996213.4,996213.4,new_observed,5895529.62,5895529.62,5607981.421595405,new_observed,12945081975.46,11265824.798753211,1,
3148608,Peçanha,2021,ok,ok,1108721.0,1108721.0,1108721.0,new_observed,7240279.93,7240279.93,7117854.933549846,new_observed,16790773533.8425,11175162.775676476,1,
3148608,Peçanha,2022,ok,ok,1116171.74,1116171.74,1116171.74,new_observed,7736530.4,7736530.4,6548435.279438281,new_observed,17457373501.01,9742513.905915843,1,
3148608,Peçanha,2023,ok,ok,1471683.2,1471683.2,1471683.2,new_observed,7447759.93,7447759.93,6456768.700645848,new_observed,17975926235.1,9786918.336188301,2,
3148608,Peçanha,2024,ok,ok,1549369.06,1549369.06,1549369.06,new_observed,8430099.28,8430099.28,8378326.697121129,new_observed,20140666841.11,10649695.969922505,1,
3148608,Peçanha,2025,ok,ok,2623164.28,2623164.28,2623164.28,new_observed,9285358.02,9285358.02,9301141.885578526,new_observed,21654451288.89,11924306.165578526,2,
3148707,Pedra Azul,2019,ok,ok,1291935.53,1291935.53,1291935.53,new_observed,5825271.04,5825271.04,5980018.097188014,new_observed,12828054857.945,12668895.404587487,1,
3148707,Pedra Azul,2020,ok,ok,1220288.06,1220288.06,1220288.06,new_observed,7369260.71,7369260.71,7009832.842222741,new_observed,12945081975.46,14039425.34429951,1,
3148707,Pedra Azul,2021,ok,ok,1183528.76,1183528.76,1183528.76,new_observed,9564175.7,9564175.7,9402456.237846391,new_observed,16790773533.8425,14380236.25471539,1,
3148707,Pedra Azul,2022,ok,ok,1491309.02,1491309.02,1491309.02,new_observed,9448382.81,9448382.81,7997399.367375614,new_observed,17457373501.01,12061136.752183046,1,
3148707,Pedra Azul,2023,ok,ok,2342978.88,2342978.88,2342978.88,new_observed,9565380.14,9565380.14,8292620.556813706,new_observed,17975926235.1,13128633.994238762,1,
3148707,Pedra Azul,2024,ok,ok,2551801.81,2551801.81,2551801.81,new_observed,11830944.74,11830944.74,11758286.21644736,new_observed,20140666841.11,15350801.48635475,1,
3148707,Pedra Azul,2025,ok,ok,3126615.77,3126615.77,3126615.77,new_observed,12845538.16,12845538.16,12867373.85520578,new_observed,21654451288.89,15993989.62520578,1,
3148756,Pedra Bonita,2019,ok,ok,111796.86,111796.86,111796.86,new_observed,2793914.57,2793914.57,2868134.302399304,new_observed,12828054857.945,5191512.232443381,2,
3148756,Pedra Bonita,2020,ok,ok,320931.09,320931.09,320931.09,new_observed,3058176.74,3058176.74,2909017.4161274424,new_observed,12945081975.46,5509836.54510604,1,
3148756,Pedra Bonita,2021,ok,ok,187024.38,187024.38,187024.38,new_observed,3870759.14,3870759.14,3805308.953190178,new_observed,16790773533.8425,5423273.937241527,1,
3148756,Pedra Bonita,2022,ok,ok,171027.83,171027.83,171027.83,new_observed,3686193.4,3686193.4,3120106.515369286,new_observed,17457373501.01,4183374.5741536245,2,
3148756,Pedra Bonita,2023,ok,ok,706163.94,706163.94,706163.94,new_observed,3780889.27,3780889.27,3277808.0561927734,new_observed,17975926235.1,4917833.780037637,1,
3148756,Pedra Bonita,2024,ok,ok,874145.79,874145.79,874145.79,new_observed,4997718.58,4997718.58,4967025.608209955,new_observed,20140666841.11,6265975.612167843,3,
3148756,Pedra Bonita,2025,ok,ok,1027347.13,1027347.13,1027347.13,new_observed,4814547.17,4814547.17,4822731.255652817,new_observed,21654451288.89,5850078.385652817,1,
3148806,Pedra do Anta,2019,ok,ok,122659.63,122659.63,122659.63,new_observed,1964512.03,1964512.03,2016698.8644606592,new_observed,12828054857.945,3727101.4625155693,1,
3148806,Pedra do Anta,2020,ok,ok,399888.56,399888.56,399888.56,new_observed,2160431.82,2160431.82,2055059.0515366702,new_observed,12945081975.46,4187794.3381156274,1,
3148806,Pedra do Anta,2021,ok,ok,440747.78,440747.78,440747.78,new_observed,2664180.97,2664180.97,2619132.6640024143,new_observed,16790773533.8425,4156609.3003995237,1,
3148806,Pedra do Anta,2022,ok,ok,219631.06,219631.06,219631.06,new_observed,2941890.15,2941890.15,2490105.5447920137,new_observed,17457373501.01,3444357.484552435,1,
3148806,Pedra do Anta,2023,ok,ok,279925.51,279925.51,279925.51,new_observed,3017441.93,3017441.93,2615944.2292389255,new_observed,17975926235.1,3574675.2336179996,1,
3148806,Pedra do Anta,2024,ok,ok,422920.0,422920.0,422920.0,new_observed,3697135.21,3697135.21,3674429.6364691844,new_observed,20140666841.11,4395332.912933959,1,
3148806,Pedra do Anta,2025,ok,ok,327330.74,327330.74,327330.74,new_observed,3681532.51,3681532.51,3687790.62241049,new_observed,21654451288.89,4015121.3624104904,1,
3148905,Pedra do Indaiá,2019,ok,ok,847780.57,847780.57,847780.57,new_observed,3195271.75,3195271.75,3280153.4485223917,new_observed,12828054857.945,7191515.100175511,1,
3148905,Pedra do Indaiá,2020,ok,ok,742771.38,742771.38,742771.38,new_observed,3844551.73,3844551.73,3657037.800821442,new_observed,12945081975.46,7505453.839277566,1,
3148905,Pedra do Indaiá,2021,ok,ok,933541.07,933541.07,933541.07,new_observed,5098426.5,5098426.5,5012217.837876647,new_observed,16790773533.8425,8076850.46089137,1,
3148905,Pedra do Indaiá,2022,ok,ok,1298235.56,1298235.56,1298235.56,new_observed,5360710.36,5360710.36,4537468.739769224,new_observed,17457373501.01,7417788.041464552,1,
3148905,Pedra do Indaiá,2023,ok,ok,1784456.32,1784456.32,1784456.32,new_observed,4825524.79,4825524.79,4183445.4548889613,new_observed,17975926235.1,7366806.034917566,1,
3148905,Pedra do Indaiá,2024,ok,ok,1852501.21,1852501.21,1852501.21,new_observed,6328736.29,6328736.29,6289869.010599166,new_observed,20140666841.11,8734531.098188847,1,
3148905,Pedra do Indaiá,2025,ok,ok,1709898.17,1709898.17,1709898.17,new_observed,7066069.55,7066069.55,7078080.922281552,new_observed,21654451288.89,8787979.092281552,1,
3149002,Pedra Dourada,2019,ok,ok,22904.39,22904.39,22904.39,new_observed,3047808.44,3047808.44,3128772.807790652,new_observed,12828054857.945,5490721.03795483,1,
3149002,Pedra Dourada,2020,ok,ok,35256.02,35256.02,35256.02,new_observed,3257539.38,3257539.38,3098656.355008765,new_observed,12945081975.46,5346012.451971286,5,
3149002,Pedra Dourada,2021,ok,ok,67422.56,67422.56,67422.56,new_observed,3692950.01,3692950.01,3630506.375743327,new_observed,16790773533.8425,5023348.489531737,2,
3149002,Pedra Dourada,2022,ok,ok,75600.02,75600.02,75600.02,new_observed,2610911.97,2610911.97,2209955.519060031,new_observed,17457373501.01,2905179.165163151,1,
3149002,Pedra Dourada,2023,ok,ok,144953.82,144953.82,144953.82,new_observed,3534752.29,3534752.29,3064421.8080493687,new_observed,17975926235.1,3961668.378074359,1,
3149002,Pedra Dourada,2024,ok,ok,91895.38,91895.38,91895.38,new_observed,5681451.73,5681451.73,5646559.681781593,new_observed,20140666841.11,6155789.141825853,1,
3149002,Pedra Dourada,2025,ok,ok,192872.18,192872.18,192872.18,new_observed,5250760.85,5250760.85,5259686.440511736,new_observed,21654451288.89,5452558.620511736,1,
3149101,Pedralva,2019,ok,ok,215192.22,215192.22,215192.22,new_observed,4552970.24,4552970.24,4673918.90337835,new_observed,12828054857.945,8517606.219587091,1,
3149101,Pedralva,2020,ok,ok,225454.75,225454.75,225454.75,new_observed,4869717.26,4869717.26,4632201.970431704,new_observed,12945081975.46,8286477.15932302,1,
3149101,Pedralva,2021,ok,ok,352838.48,352838.48,352838.48,new_observed,5642513.81,5642513.81,5547105.242950411,new_observed,16790773533.8425,8014614.099945572,1,
3149101,Pedralva,2022,ok,ok,438741.55,438741.55,438741.55,new_observed,5806218.18,5806218.18,4914560.145724746,new_observed,17457373501.01,6804604.08223036,1,
3149101,Pedralva,2023,ok,ok,539152.24,539152.24,539152.24,new_observed,5925485.12,5925485.12,5137046.201616585,new_observed,17975926235.1,7006726.067616749,1,
3149101,Pedralva,2024,ok,ok,635306.87,635306.87,635306.87,new_observed,8681374.89,8681374.89,8628059.123949489,new_observed,20140666841.11,9937052.25333059,1,
3149101,Pedralva,2025,ok,ok,668229.01,668229.01,668229.01,new_observed,6668972.8,6668972.8,6680309.160966946,new_observed,21654451288.89,7348538.170966946,1,
3149150,Pedras de Maria da Cruz,2019,ok,ok,160049.52,160049.52,160049.52,new_observed,3654627.8,3654627.8,3751712.1920023863,new_observed,12828054857.945,6814908.691351452,2,
3149150,Pedras de Maria da Cruz,2020,ok,ok,122087.88,122087.88,122087.88,new_observed,3970864.32,3970864.32,3777189.6283401367,new_observed,12945081975.46,6651617.409443248,2,
3149150,Pedras de Maria da Cruz,2021,ok,ok,124392.82,124392.82,124392.82,new_observed,4827196.62,4827196.62,4745574.150319094,new_observed,16790773533.8425,6615470.889113884,2,
3149150,Pedras de Maria da Cruz,2022,ok,ok,228910.05,228910.05,228910.05,new_observed,4961307.08,4961307.08,4199401.622567001,new_observed,17457373501.01,5628845.4111604635,1,
3149150,Pedras de Maria da Cruz,2023,ok,ok,381257.06,381257.06,381257.06,new_observed,4782106.46,4782106.46,4145804.322949534,new_observed,17975926235.1,5588225.874742283,5,
3149150,Pedras de Maria da Cruz,2024,ok,ok,326652.95,326652.95,326652.95,new_observed,5016358.51,5016358.51,4985551.06300762,new_observed,20140666841.11,5698538.618908964,1,
3149150,Pedras de Maria da Cruz,2025,ok,ok,452519.94,452519.94,452519.94,new_observed,5486012.56,5486012.56,5495338.046924966,new_observed,21654451288.89,5947857.986924967,1,
3149200,Pedrinópolis,2019,ok,ok,215879.4,215879.4,215879.4,new_observed,5475272.24,5475272.24,5620721.6552504245,new_observed,12828054857.945,10168283.803518375,1,
3149200,Pedrinópolis,2020,ok,ok,263954.42,263954.42,263954.42,new_observed,5435453.36,5435453.36,5170344.892750843,new_observed,12945081975.46,9270148.082434423,1,
3149200,Pedrinópolis,2021,ok,ok,382415.44,382415.44,382415.44,new_observed,7256277.31,7256277.31,7133581.815833094,new_observed,16790773533.8425,10209896.97705604,1,
3149200,Pedrinópolis,2022,ok,ok,579553.76,579553.76,579553.76,new_observed,9092782.55,9092782.55,7696408.462206881,new_observed,17457373501.01,10519610.050482897,1,
3149200,Pedrinópolis,2023,ok,ok,584351.4,584351.4,584351.4,new_observed,8776264.78,8776264.78,7608504.070039825,new_observed,17975926235.1,10113299.346489284,1,
3149200,Pedrinópolis,2024,ok,ok,909794.5,909794.5,909794.5,new_observed,10104403.77,10104403.77,10042348.61925403,new_observed,20140666841.11,11748647.147599231,1,
3149200,Pedrinópolis,2025,ok,ok,685003.89,685003.89,685003.89,new_observed,13218246.4,13218246.4,13240715.649318343,new_observed,21654451288.89,13925719.539318344,2,
3149309,Pedro Leopoldo,2019,ok,ok,10563109.17,10563109.17,10563109.17,new_observed,28551275.62,28551275.62,29309734.042075224,new_observed,12828054857.945,69464810.42572755,1,
3149309,Pedro Leopoldo,2020,ok,ok,10436676.48,10436676.48,10436676.48,new_observed,29992451.48,29992451.48,28529601.499642976,new_observed,12945081975.46,66470973.77301853,1,
3149309,Pedro Leopoldo,2021,ok,ok,14082925.73,14082925.73,14082925.73,new_observed,42219617.6,42219617.6,41505731.31593654,new_observed,16790773533.8425,75512861.72855355,2,
3149309,Pedro Leopoldo,2022,ok,ok,17463900.2,17463900.2,17463900.2,new_observed,38852871.58,38852871.58,32886255.44106399,new_observed,17457373501.01,64000292.54651116,3,
3149309,Pedro Leopoldo,2023,ok,ok,21537719.42,21537719.42,21537719.42,new_observed,34991681.13,34991681.13,30335724.248185314,new_observed,17975926235.1,64032822.97216665,1,
3149309,Pedro Leopoldo,2024,ok,ok,24710490.76,24710490.76,24710490.76,new_observed,36498515.26,36498515.26,36274363.403243445,new_observed,20140666841.11,65420030.135667786,1,
3149309,Pedro Leopoldo,2025,ok,ok,28107616.13,28107616.13,28107616.13,new_observed,41419469.99,41419469.99,41489877.54404884,new_observed,21654451288.89,69597493.67404884,1,
3149408,Pedro Teixeira,2019,ok,ok,32993.9,32993.9,32993.9,new_observed,1688233.36,1688233.36,1733080.911729822,new_observed,12828054857.945,3076782.1432235288,1,
3149408,Pedro Teixeira,2020,ok,ok,66901.85,66901.85,66901.85,new_observed,1858205.56,1858205.56,1767573.5565187924,new_observed,12945081975.46,3129356.2782070837,1,
3149408,Pedro Teixeira,2021,ok,ok,57749.7,57749.7,57749.7,new_observed,2334933.12,2334933.12,2295452.0251126443,new_observed,16790773533.8425,3196641.2921431465,1,
3149408,Pedro Teixeira,2022,ok,partial,,,102939.953813136,imputed_temporal,2505517.99,2505517.99,2120746.840080056,new_observed,17457373501.01,2826537.545494871,1,
3149408,Pedro Teixeira,2023,ok,ok,148463.88,148463.88,148463.88,new_observed,2352769.17,2352769.17,2039712.1388820745,new_observed,17975926235.1,2701094.774915642,1,
3149408,Pedro Teixeira,2024,ok,ok,96010.38,96010.38,96010.38,new_observed,5118465.43,5118465.43,5087030.903918439,new_observed,20140666841.11,5559982.419253211,1,
3149408,Pedro Teixeira,2025,ok,ok,187983.56,187983.56,187983.56,new_observed,4142403.22,4142403.22,4149444.7509195083,new_observed,21654451288.89,4337428.310919508,1,
3149507,Pequeri,2019,ok,ok,82335.8,82335.8,82335.8,new_observed,2380250.89,2380250.89,2443481.7367824796,new_observed,12828054857.945,4400374.345751133,1,
3149507,Pequeri,2020,ok,partial,,,83192.03434161004,imputed_temporal,2798789.0,2798789.0,2662281.037774784,new_observed,12945081975.46,4683389.793259632,1,
3149507,Pequeri,2021,ok,ok,98811.98,98811.98,98811.98,new_observed,3107696.71,3107696.71,3055149.0512950546,new_observed,16790773533.8425,4284410.451877235,1,
3149507,Pequeri,2022,ok,ok,181233.37,181233.37,181233.37,new_observed,3386231.61,3386231.61,2866209.708071863,new_observed,17457373501.01,3873617.5893044006,1,
3149507,Pequeri,2023,ok,ok,355378.86,355378.86,355378.86,new_observed,3525387.42,3525387.42,3056303.017960814,new_observed,17975926235.1,4211396.164986017,1,
3149507,Pequeri,2024,ok,ok,458029.8,458029.8,458029.8,new_observed,4524033.83,4524033.83,4496249.944113133,new_observed,20140666841.11,5314583.999706527,1,
3149507,Pequeri,2025,ok,ok,229984.04,229984.04,229984.04,new_observed,4034161.49,4034161.49,4041019.024469116,new_observed,21654451288.89,4271003.064469116,1,
3149606,Pequi,2019,ok,ok,84451.93,84451.93,84451.93,new_observed,2922007.84,2922007.84,2999630.34223473,new_observed,12828054857.945,5372959.967731943,1,
3149606,Pequi,2020,ok,ok,125486.65,125486.65,125486.65,new_observed,3085429.62,3085429.62,2934941.065837639,new_observed,12945081975.46,5220657.988939559,1,
3149606,Pequi,2021,ok,ok,148408.52,148408.52,148408.52,new_observed,3799423.78,3799423.78,3735179.7939557843,new_observed,16790773533.8425,5275552.296937645,1,
3149606,Pequi,2022,ok,ok,258361.94,258361.94,258361.94,new_observed,4530252.32,4530252.32,3834543.7273852276,new_observed,17457373501.01,5202509.440989538,1,
3149606,Pequi,2023,ok,ok,349482.09,349482.09,349482.09,new_observed,4873184.43,4873184.43,4224763.55250869,new_observed,17975926235.1,5646470.346783712,2,
3149606,Pequi,2024,ok,ok,818705.4,818705.4,818705.4,new_observed,6518210.34,6518210.34,6478179.425316684,new_observed,20140666841.11,7827557.050327891,4,
3149606,Pequi,2025,ok,ok,757114.34,757114.34,757114.34,new_observed,6877121.37,6877121.37,6888811.555670545,new_observed,21654451288.89,7645925.895670545,1,
3149705,Perdigão,2019,ok,ok,235953.32,235953.32,235953.32,new_observed,5482737.57,5482737.57,5628385.300116892,new_observed,12828054857.945,10216607.036323026,1,
3149705,Perdigão,2020,ok,ok,248567.86,248567.86,248567.86,new_observed,6112294.56,6112294.56,5814173.881768854,new_observed,12945081975.46,10342182.220232539,1,
3149705,Perdigão,2021,ok,partial,,,334654.4458249057,imputed_temporal,7820237.23,7820237.23,7688005.807406079,new_observed,16790773533.8425,10898159.203536253,1,
3149705,Perdigão,2022,ok,ok,498974.6,498974.6,498974.6,new_observed,8132949.14,8132949.14,6883976.190961936,new_observed,17457373501.01,9384499.500785949,1,
3149705,Perdigão,2023,ok,ok,987390.52,987390.52,987390.52,new_observed,6991617.91,6991617.91,6061320.4658119185,new_observed,17975926235.1,8700962.01099676,1,
3149705,Perdigão,2024,ok,ok,809351.02,809351.02,809351.02,new_observed,7372621.93,7372621.93,7327343.734900795,new_observed,20140666841.11,8728442.879366063,1,
3149705,Perdigão,2025,ok,ok,825813.55,825813.55,825813.55,new_observed,8929494.56,8929494.56,8944673.505336912,new_observed,21654451288.89,9770487.055336913,1,
3149804,Perdizes,2019,ok,partial,,,2725077.3180935187,imputed_temporal,25063219.41,25063219.41,25729018.37810347,new_observed,12828054857.945,49571543.038928464,1,
3149804,Perdizes,2020,ok,ok,2866690.35,2866690.35,2866690.35,new_observed,30214403.74,30214403.74,28740728.27379039,new_observed,12945081975.46,53917797.72942119,5,
3149804,Perdizes,2021,ok,ok,4872193.68,4872193.68,4872193.68,new_observed,42982399.42,42982399.42,42255615.352631405,new_observed,16790773533.8425,64019458.57605338,1,
3149804,Perdizes,2022,ok,ok,5142119.85,5142119.85,5142119.85,new_observed,41727162.69,41727162.69,35319143.096762955,new_observed,17457373501.01,51430479.85500567,1,
3149804,Perdizes,2023,ok,ok,6224784.68,6224784.68,6224784.68,new_observed,36508594.67,36508594.67,31650798.84225294,new_observed,17975926235.1,46753798.536328755,1,
3149804,Perdizes,2024,ok,ok,10041343.83,10041343.83,10041343.83,new_observed,73628374.32,73628374.32,73176193.27383341,new_observed,20140666841.11,89269604.06556283,1,
3149804,Perdizes,2025,ok,ok,11046260.13,11046260.13,11046260.13,new_observed,100981651.94,100981651.94,101153307.22961676,new_observed,21654451288.89,112199567.35961676,1,
3149903,Perdões,2019,ok,ok,3194017.49,3194017.49,3194017.49,new_observed,10646628.16,10646628.16,10929453.519613663,new_observed,12828054857.945,24605324.255857356,1,
3149903,Perdões,2020,ok,ok,2974951.66,2974951.66,2974951.66,new_observed,11339323.97,11339323.97,10786260.481413957,new_observed,12945081975.46,23474686.800077394,1,
3149903,Perdões,2021,ok,ok,3604085.58,3604085.58,3604085.58,new_observed,14880495.53,14880495.53,14628883.0743975,new_observed,16790773533.8425,24768068.05681257,1,
3149903,Perdões,2022,ok,ok,4134017.98,4134017.98,4134017.98,new_observed,16551102.38,16551102.38,14009357.830324937,new_observed,17457373501.01,23062120.560657557,1,
3149903,Perdões,2023,ok,ok,4539642.44,4539642.44,4539642.44,new_observed,15809554.7,15809554.7,13705951.711323282,new_observed,17975926235.1,22522447.281251684,1,
3149903,Perdões,2024,ok,ok,4175851.64,4175851.64,4175851.64,new_observed,14782785.51,14782785.51,14691998.561640712,new_observed,20140666841.11,20240030.8358949,1,
3149903,Perdões,2025,ok,ok,3931826.1,3931826.1,3931826.1,new_observed,16236049.77,16236049.77,16263648.88104601,new_observed,21654451288.89,20195474.98104601,1,
3149952,Periquito,2019,ok,ok,505242.19,505242.19,505242.19,new_observed,2930019.81,2930019.81,3007855.14847381,new_observed,12828054857.945,6120372.187311346,1,
3149952,Periquito,2020,ok,ok,741011.33,741011.33,741011.33,new_observed,2891069.61,2891069.61,2750060.7589889555,new_observed,12945081975.46,5955276.5441989,1,
3149952,Periquito,2021,ok,ok,735288.82,735288.82,735288.82,new_observed,3937185.67,3937185.67,3870612.285222963,new_observed,16790773533.8425,6256757.975042998,1,
3149952,Periquito,2022,ok,ok,558496.1,558496.1,558496.1,new_observed,4373883.36,4373883.36,3702188.2706971657,new_observed,17457373501.01,5415773.649576827,1,
3149952,Periquito,2023,ok,ok,892330.12,892330.12,892330.12,new_observed,5166093.09,5166093.09,4478698.089310565,new_observed,17975926235.1,6630022.496775719,1,
3149952,Periquito,2024,ok,ok,892045.56,892045.56,892045.56,new_observed,6057732.0,6057732.0,6020529.065418667,new_observed,20140666841.11,7415297.560595011,1,
3149952,Periquito,2025,ok,ok,2661343.97,2661343.97,2661343.97,new_observed,5813622.56,5813622.56,5823504.9400669485,new_observed,21654451288.89,8484848.91006695,1,
3150000,Pescador,2019,ok,ok,107533.03,107533.03,107533.03,new_observed,1669526.7,1669526.7,1713877.31337881,new_observed,12828054857.945,3173185.406852336,1,
3150000,Pescador,2020,ok,ok,317186.15,317186.15,317186.15,new_observed,2011354.67,2011354.67,1913252.9812646678,new_observed,12945081975.46,3804814.5392296053,1,
3150000,Pescador,2021,ok,ok,181614.62,181614.62,181614.62,new_observed,2735421.39,2735421.39,2689168.4885655073,new_observed,16790773533.8425,3899735.2958290386,1,
3150000,Pescador,2022,ok,ok,170063.37,170063.37,170063.37,new_observed,2846408.46,2846408.46,2409286.930373283,new_observed,17457373501.01,3278622.909939691,1,
3150000,Pescador,2023,ok,ok,191261.63,191261.63,191261.63,new_observed,2896693.0,2896693.0,2511262.0269138995,new_observed,17975926235.1,3336007.9197401386,1,
3150000,Pescador,2024,ok,ok,468224.01,468224.01,468224.01,new_observed,3526956.46,3526956.46,3505296.021662254,new_observed,20140666841.11,4262497.693610933,1,
3150000,Pescador,2025,ok,ok,302573.23,302573.23,302573.23,new_observed,3739283.59,3739283.59,3745639.871515201,new_observed,21654451288.89,4048213.101515201,1,
3150109,Piau,2019,ok,ok,83459.07,83459.07,83459.07,new_observed,2151145.17,2151145.17,2208289.8732002326,new_observed,12828054857.945,3992589.7693333835,1,
3150109,Piau,2020,ok,ok,91143.65,91143.65,91143.65,new_observed,2387783.8,2387783.8,2271322.1800735313,new_observed,12945081975.46,4030033.464127871,1,
3150109,Piau,2021,ok,ok,72711.32,72711.32,72711.32,new_observed,3101403.01,3101403.01,3048961.770688725,new_observed,16790773533.8425,4240549.798929805,1,
3150109,Piau,2022,ok,ok,104359.68,104359.68,104359.68,new_observed,3250122.39,3250122.39,2751002.713201808,new_observed,17457373501.01,3629463.030739506,1,
3150109,Piau,2023,ok,ok,129194.5,129194.5,129194.5,new_observed,3213715.55,3213715.55,2786101.8844653945,new_observed,17975926235.1,3598655.5759042497,1,
3150109,Piau,2024,ok,ok,239161.42,239161.42,239161.42,new_observed,3796049.56,3796049.56,3772736.5142184803,new_observed,20140666841.11,4303666.662139602,1,
3150109,Piau,2025,ok,ok,287480.09,287480.09,287480.09,new_observed,4373260.44,4373260.44,4380694.39728804,new_observed,21654451288.89,4668174.48728804,2,
3150158,Piedade de Caratinga,2019,ok,ok,204878.85,204878.85,204878.85,new_observed,3370046.47,3370046.47,3459571.020915893,new_observed,12828054857.945,6384052.279488948,6,
3150158,Piedade de Caratinga,2020,ok,ok,234022.26,234022.26,234022.26,new_observed,3690963.47,3690963.47,3510940.645150606,new_observed,12945081975.46,6388378.4635330485,1,
3150158,Piedade de Caratinga,2021,ok,ok,312258.39,312258.39,312258.39,new_observed,4517052.92,4517052.92,4440674.6317234915,new_observed,16790773533.8425,6456489.383758514,1,
3150158,Piedade de Caratinga,2022,ok,ok,451462.63,451462.63,451462.63,new_observed,4923470.85,4923470.85,4167375.8835648056,new_observed,17457373501.01,5871024.872307497,1,
3150158,Piedade de Caratinga,2023,ok,ok,455693.59,455693.59,455693.59,new_observed,5060752.11,5060752.11,4387373.671102666,new_observed,17975926235.1,5978305.01780781,1,
3150158,Piedade de Caratinga,2024,ok,ok,663449.47,663449.47,663449.47,new_observed,4578863.04,4578863.04,4550742.426190408,new_observed,20140666841.11,5593398.486595469,1,
3150158,Piedade de Caratinga,2025,ok,ok,740832.49,740832.49,740832.49,new_observed,5026817.64,5026817.64,5035362.557034607,new_observed,21654451288.89,5776195.047034607,1,
3150208,Piedade de Ponte Nova,2019,ok,ok,132499.85,132499.85,132499.85,new_observed,2399676.87,2399676.87,2463423.7637127168,new_observed,12828054857.945,4522510.23954101,1,
3150208,Piedade de Ponte Nova,2020,ok,ok,126724.55,126724.55,126724.55,new_observed,3021618.27,3021618.27,2874242.0466904966,new_observed,12945081975.46,5119225.70707243,1,
3150208,Piedade de Ponte Nova,2021,ok,ok,113830.85,113830.85,113830.85,new_observed,4324205.16,4324205.16,4251087.710608408,new_observed,16790773533.8425,5929401.954273575,1,
3150208,Piedade de Ponte Nova,2022,ok,ok,187737.06,187737.06,187737.06,new_observed,4964652.51,4964652.51,4202233.296547999,new_observed,17457373501.01,5580109.604675029,1,
3150208,Piedade de Ponte Nova,2023,ok,ok,183885.32,183885.32,183885.32,new_observed,4891170.92,4891170.92,4240356.778761686,new_observed,17975926235.1,5461305.266489639,1,
3150208,Piedade de Ponte Nova,2024,ok,ok,1014046.63,1014046.63,1014046.63,new_observed,5183578.99,5183578.99,5151744.575723808,new_observed,20140666841.11,6614203.674390391,1,
3150208,Piedade de Ponte Nova,2025,ok,ok,1607413.95,1607413.95,1607413.95,new_observed,5588491.34,5588491.34,5597991.02713186,new_observed,21654451288.89,7205404.97713186,1,
3150307,Piedade do Rio Grande,2019,ok,ok,131433.49,131433.49,131433.49,new_observed,3040223.69,3040223.69,3120986.570557878,new_observed,12828054857.945,5666231.066839629,1,
3150307,Piedade do Rio Grande,2020,ok,ok,125181.05,125181.05,125181.05,new_observed,3306630.13,3306630.13,3145352.755793227,new_observed,12945081975.46,5579069.341501525,1,
3150307,Piedade do Rio Grande,2021,ok,ok,125857.94,125857.94,125857.94,new_observed,4134202.74,4134202.74,4064298.0179917286,new_observed,16790773533.8425,5692000.5679474035,1,
3150307,Piedade do Rio Grande,2022,ok,ok,208154.1,208154.1,208154.1,new_observed,4554060.71,4554060.71,3854695.8747900412,new_observed,17457373501.01,5164305.524948192,1,
3150307,Piedade do Rio Grande,2023,ok,ok,267593.17,267593.17,267593.17,new_observed,4677980.91,4677980.91,4055533.610883559,new_observed,17975926235.1,5336488.042268308,1,
3150307,Piedade do Rio Grande,2024,ok,ok,299864.72,299864.72,299864.72,new_observed,5050726.81,5050726.81,5019708.293647573,new_observed,20140666841.11,5706443.536458574,1,
3150307,Piedade do Rio Grande,2025,ok,ok,327053.52,327053.52,327053.52,new_observed,6146155.11,6146155.11,6156602.750884935,new_observed,21654451288.89,6483656.270884935,1,
3150406,Piedade dos Gerais,2019,ok,ok,131385.9,131385.9,131385.9,new_observed,2881687.55,2881687.55,2958238.9525074163,new_observed,12828054857.945,5382616.020746867,1,
3150406,Piedade dos Gerais,2020,ok,ok,200829.48,200829.48,200829.48,new_observed,4033578.49,4033578.49,3836844.981276991,new_observed,12945081975.46,6887703.089315915,1,
3150406,Piedade dos Gerais,2021,ok,ok,214947.85,214947.85,214947.85,new_observed,4494677.04,4494677.04,4418677.10270661,new_observed,16790773533.8425,6294418.662903943,1,
3150406,Piedade dos Gerais,2022,ok,ok,287256.36,287256.36,287256.36,new_observed,2890705.8,2890705.8,2446781.5499305553,new_observed,17457373501.01,3475246.9747303016,1,
3150406,Piedade dos Gerais,2023,ok,ok,273080.22,273080.22,273080.22,new_observed,3897551.03,3897551.03,3378946.923128601,new_observed,17975926235.1,4508079.491335647,1,
3150406,Piedade dos Gerais,2024,ok,ok,308264.07,308264.07,308264.07,new_observed,4993262.88,4993262.88,4962597.272430692,new_observed,20140666841.11,5654189.267055274,1,
3150406,Piedade dos Gerais,2025,ok,ok,287073.49,287073.49,287073.49,new_observed,4828580.68,4828580.68,4836788.620741114,new_observed,21654451288.89,5123862.110741114,1,
3150505,Pimenta,2019,ok,ok,822495.95,822495.95,822495.95,new_observed,6496415.29,6496415.29,6668991.148100968,new_observed,12828054857.945,13051357.494335128,1,
3150505,Pimenta,2020,ok,ok,785426.34,785426.34,785426.34,new_observed,6606292.89,6606292.89,6284077.9676615065,new_observed,12945081975.46,12059577.146893699,1,
3150505,Pimenta,2021,ok,ok,986340.0,986340.0,986340.0,new_observed,8208485.07,8208485.07,8069688.812773534,new_observed,16790773533.8425,12301909.919925887,1,
3150505,Pimenta,2022,ok,ok,1371922.27,1371922.27,1371922.27,new_observed,9046730.79,9046730.79,7657428.848055267,new_observed,17457373501.01,11477245.813901778,1,
3150505,Pimenta,2023,ok,ok,1447912.19,1447912.19,1447912.19,new_observed,9689454.11,9689454.11,8400185.372757077,new_observed,17975926235.1,12156537.975044949,1,
3150505,Pimenta,2024,ok,ok,1699854.94,1699854.94,1699854.94,new_observed,10327126.94,10327126.94,10263703.957939727,new_observed,20140666841.11,12833619.00871402,1,
3150505,Pimenta,2025,ok,ok,1757893.36,1757893.36,1757893.36,new_observed,11390130.99,11390130.99,11409492.687855992,new_observed,21654451288.89,13167386.047855992,1,
3150539,Pingo-d'Água,2019,ok,ok,203958.67,203958.67,203958.67,new_observed,1982848.61,1982848.61,2035522.551717027,new_observed,12828054857.945,3901531.117084676,2,
3150539,Pingo-d'Água,2020,ok,ok,270191.94,270191.94,270191.94,new_observed,2138926.5,2138926.5,2034602.630689197,new_observed,12945081975.46,3931654.4305441217,2,
3150539,Pingo-d'Água,2021,ok,ok,232246.48,232246.48,232246.48,new_observed,3002958.46,3002958.46,2952181.807389904,new_observed,16790773533.8425,4325797.846698405,1,
3150539,Pingo-d'Água,2022,ok,ok,322521.92,322521.92,322521.92,new_observed,3149152.89,3149152.89,2665539.0490317238,new_observed,17457373501.01,3798136.7431737445,1,
3150539,Pingo-d'Água,2023,ok,ok,359770.72,359770.72,359770.72,new_observed,3340187.9,3340187.9,2895745.954447807,new_observed,17975926235.1,4018625.102881002,2,
3150539,Pingo-d'Água,2024,ok,ok,482869.37,482869.37,482869.37,new_observed,4324852.79,4324852.79,4298292.153870791,new_observed,20140666841.11,5128875.6079971455,2,
3150539,Pingo-d'Água,2025,ok,ok,583390.81,583390.81,583390.81,new_observed,4271211.53,4271211.53,4278472.017802598,new_observed,21654451288.89,4861862.8278025985,5,
3150570,Pintópolis,2019,ok,ok,156094.66,156094.66,156094.66,new_observed,2745687.94,2745687.94,2818626.542470868,new_observed,12828054857.945,5182435.6567693185,1,
3150570,Pintópolis,2020,ok,ok,233990.73,233990.73,233990.73,new_observed,2987744.88,2987744.88,2842020.7953270855,new_observed,12945081975.46,5247241.769725548,1,
3150570,Pintópolis,2021,ok,partial,,,221552.56047697325,imputed_temporal,3742456.16,3742456.16,3679175.432385528,new_observed,16790773533.8425,5298835.21601024,1,
3150570,Pintópolis,2022,ok,ok,211594.99,211594.99,211594.99,new_observed,4001352.43,4001352.43,3386866.730088477,new_observed,17457373501.01,4574019.68019453,1,
3150570,Pintópolis,2023,ok,ok,235943.54,235943.54,235943.54,new_observed,3725955.45,3725955.45,3230183.673436533,new_observed,17975926235.1,4278603.743308317,1,
3150570,Pintópolis,2024,ok,ok,680824.45,680824.45,680824.45,new_observed,3553777.03,3553777.03,3531951.875905409,new_observed,20140666841.11,4519154.107638552,1,
3150570,Pintópolis,2025,ok,ok,5925505.85,5925505.85,5925505.85,new_observed,4333214.85,4333214.85,4340580.735146049,new_observed,21654451288.89,10266086.585146049,1,
3150604,Piracema,2019,ok,ok,214947.33,214947.33,214947.33,new_observed,3498015.0,3498015.0,3590939.007060371,new_observed,12828054857.945,6630457.013050451,1,
3150604,Piracema,2020,ok,ok,295177.4,295177.4,295177.4,new_observed,4658798.57,4658798.57,4431570.615621,new_observed,12945081975.46,8063165.374484907,1,
3150604,Piracema,2021,ok,ok,296475.52,296475.52,296475.52,new_observed,6935924.55,6935924.55,6818645.860968389,new_observed,16790773533.8425,9665338.318552086,1,
3150604,Piracema,2022,ok,ok,453073.7,453073.7,453073.7,new_observed,10173722.14,10173722.14,8611348.697702827,new_observed,17457373501.01,11521825.06353559,1,
3150604,Piracema,2023,ok,ok,475218.03,475218.03,475218.03,new_observed,10928348.49,10928348.49,9474233.748560462,new_observed,17975926235.1,12281650.095989432,1,
3150604,Piracema,2024,ok,ok,511680.96,511680.96,511680.96,new_observed,10548654.92,10548654.92,10483871.4467612,new_observed,20140666841.11,11795213.412876924,1,
3150604,Piracema,2025,ok,ok,498093.36,498093.36,498093.36,new_observed,10603421.68,10603421.68,10621446.077347852,new_observed,21654451288.89,11119539.437347852,1,
3150703,Pirajuba,2019,ok,ok,1051308.01,1051308.01,1051308.01,new_observed,12934734.57,12934734.57,13278342.978342075,new_observed,12828054857.945,24964522.446459733,1,
3150703,Pirajuba,2020,ok,ok,1080498.92,1080498.92,1080498.92,new_observed,11604368.47,11604368.47,11038377.717302943,new_observed,12945081975.46,20673094.092729453,1,
3150703,Pirajuba,2021,ok,ok,1188209.62,1188209.62,1188209.62,new_observed,14511489.23,14511489.23,14266116.256213723,new_observed,16790773533.8425,20993498.22454184,1,
3150703,Pirajuba,2022,ok,ok,1314404.63,1314404.63,1314404.63,new_observed,17186815.95,17186815.95,14547445.183979701,new_observed,17457373501.01,20162063.364022445,1,
3150703,Pirajuba,2023,ok,ok,1759663.58,1759663.58,1759663.58,new_observed,16326807.82,16326807.82,14154379.666428894,new_observed,17975926235.1,19644369.872343082,1,
3150703,Pirajuba,2024,ok,ok,1997946.6,1997946.6,1997946.6,new_observed,15784216.42,15784216.42,15687279.287275929,new_observed,20140666841.11,18971399.151086383,1,
3150703,Pirajuba,2025,ok,ok,1729459.63,1729459.63,1729459.63,new_observed,19388900.41,19388900.41,19421858.945053544,new_observed,21654451288.89,21151318.575053543,1,
3150802,Piranga,2019,ok,ok,440123.89,440123.89,440123.89,new_observed,5041798.5,5041798.5,5175732.779701765,new_observed,12828054857.945,9783712.108615072,1,
3150802,Piranga,2020,ok,ok,518661.66,518661.66,518661.66,new_observed,6100484.86,6100484.86,5802940.187348943,new_observed,12945081975.46,10783761.046362253,1,
3150802,Piranga,2021,ok,ok,523582.33,523582.33,523582.33,new_observed,7669111.17,7669111.17,7539435.11923395,new_observed,16790773533.8425,10952981.311561022,2,
3150802,Piranga,2022,ok,ok,865705.54,865705.54,865705.54,new_observed,8246351.6,8246351.6,6979963.491656715,new_observed,17457373501.01,9972662.583779886,1,
3150802,Piranga,2023,ok,ok,1174118.55,1174118.55,1174118.55,new_observed,7945596.22,7945596.22,6888363.409058751,new_observed,17975926235.1,9952365.671017282,1,
3150802,Piranga,2024,ok,ok,1542332.77,1542332.77,1542332.77,new_observed,9245905.7,9245905.7,9189122.92636421,new_observed,20140666841.11,11511910.042065304,1,
3150802,Piranga,2025,ok,ok,1583018.29,1583018.29,1583018.29,new_observed,10381189.75,10381189.75,10398836.382817632,new_observed,21654451288.89,11981854.672817633,1,
3150901,Piranguçu,2019,ok,ok,210923.38,210923.38,210923.38,new_observed,2882018.24,2882018.24,2958578.4272152856,new_observed,12828054857.945,5521774.331747027,1,
3150901,Piranguçu,2020,ok,ok,166418.45,166418.45,166418.45,new_observed,3293166.29,3293166.29,3132545.600295748,new_observed,12945081975.46,5627567.32834222,1,
3150901,Piranguçu,2021,ok,ok,191945.39,191945.39,191945.39,new_observed,4210546.7,4210546.7,4139351.0874291603,new_observed,16790773533.8425,5883728.97253483,1,
3150901,Piranguçu,2022,ok,ok,207584.78,207584.78,207584.78,new_observed,4550736.48,4550736.48,3851882.1451356,new_observed,17457373501.01,5160005.316441844,2,
3150901,Piranguçu,2023,ok,ok,265874.64,265874.64,265874.64,new_observed,4111298.47,4111298.47,3564253.3499477557,new_observed,17975926235.1,4727928.014763413,1,
3150901,Piranguçu,2024,ok,ok,533991.99,533991.99,533991.99,new_observed,3950431.62,3950431.62,3926170.4527633367,new_observed,20140666841.11,4784531.592623108,1,
3150901,Piranguçu,2025,ok,ok,490865.98,490865.98,490865.98,new_observed,4575074.42,4575074.42,4582851.434036668,new_observed,21654451288.89,5073717.414036669,2,
3151008,Piranguinho,2019,ok,ok,350179.19,350179.19,350179.19,new_observed,3113520.0,3113520.0,3196229.981078584,new_observed,12828054857.945,6178406.677716671,1,
3151008,Piranguinho,2020,ok,ok,529687.06,529687.06,529687.06,new_observed,3921607.09,3921607.09,3730334.8674409366,new_observed,12945081975.46,7266996.5029594265,1,
3151008,Piranguinho,2021,ok,ok,574797.85,574797.85,574797.85,new_observed,4985603.36,4985603.36,4901302.410374993,new_observed,16790773533.8425,7438855.76209689,1,
3151008,Piranguinho,2022,ok,ok,452266.28,452266.28,452266.28,new_observed,4927742.18,4927742.18,4170991.267543924,new_observed,17457373501.01,5876641.924803873,1,
3151008,Piranguinho,2023,ok,ok,785056.1,785056.1,785056.1,new_observed,4692635.21,4692635.21,4068238.024889808,new_observed,17975926235.1,5990929.106592648,1,
3151008,Piranguinho,2024,ok,ok,996708.06,996708.06,996708.06,new_observed,4447198.51,4447198.51,4419886.5002845265,new_observed,20140666841.11,5810521.0585234575,1,
3151008,Piranguinho,2025,ok,ok,1069492.37,1069492.37,1069492.37,new_observed,4874884.8,4874884.8,4883171.451546258,new_observed,21654451288.89,5952663.821546258,1,
3151107,Pirapetinga,2019,ok,ok,612160.47,612160.47,612160.47,new_observed,8437350.71,8437350.71,8661487.09504891,new_observed,12828054857.945,16156163.397598973,1,
3151107,Pirapetinga,2020,ok,ok,558861.13,558861.13,558861.13,new_observed,9050686.37,9050686.37,8609248.750690993,new_observed,12945081975.46,15639502.23179994,5,
3151107,Pirapetinga,2021,ok,ok,842546.16,842546.16,842546.16,new_observed,12452908.48,12452908.48,12242343.793109765,new_observed,16790773533.8425,17774804.038636953,1,
3151107,Pirapetinga,2022,ok,ok,1219096.85,1219096.85,1219096.85,new_observed,13617918.68,13617918.68,11526621.69034243,new_observed,17457373501.01,16201135.923244761,1,
3151107,Pirapetinga,2023,ok,ok,1608486.73,1608486.73,1608486.73,new_observed,11577977.56,11577977.56,10037423.846741524,new_observed,17975926235.1,14375766.819728872,1,
3151107,Pirapetinga,2024,ok,ok,2086632.2,2086632.2,2086632.2,new_observed,12991569.1,12991569.1,12911782.721973343,new_observed,20140666841.11,16089187.547391538,1,
3151107,Pirapetinga,2025,ok,ok,2202456.79,2202456.79,2202456.79,new_observed,13411874.37,13411874.37,13434672.760945851,new_observed,21654451288.89,15637129.550945852,1,
3151206,Pirapora,2019,ok,ok,7577918.02,7577918.02,7577918.02,new_observed,24537818.1,24537818.1,25189659.896667678,new_observed,12828054857.945,57086312.50560648,1,
3151206,Pirapora,2020,ok,ok,9985610.05,9985610.05,9985610.05,new_observed,29707691.33,29707691.33,28258730.223652218,new_observed,12945081975.46,65239449.88085376,1,
3151206,Pirapora,2021,ok,ok,12283604.8,12283604.8,12283604.8,new_observed,43297806.52,43297806.52,42565689.27304841,new_observed,16790773533.8425,74508494.70646888,1,
3151206,Pirapora,2022,ok,ok,29677241.47,29677241.47,29677241.47,new_observed,43987410.42,43987410.42,37232285.708521105,new_observed,17457373501.01,85048978.67846191,1,
3151206,Pirapora,2023,ok,ok,25973134.2,25973134.2,25973134.2,new_observed,46548370.91,46548370.91,40354692.84490506,new_observed,17975926235.1,81875381.83241405,1,
3151206,Pirapora,2024,ok,ok,16514786.69,16514786.69,16514786.69,new_observed,61571090.05,61571090.05,61192957.56820128,new_observed,20140666841.11,83359106.79622953,1,
3151206,Pirapora,2025,ok,ok,18018690.74,18018690.74,18018690.74,new_observed,70298528.63,70298528.63,70418026.71762076,new_observed,21654451288.89,88436717.45762075,1,
3151305,Piraúba,2019,ok,ok,361681.83,361681.83,361681.83,new_observed,4171061.57,4171061.57,4281864.912690045,new_observed,12828054857.945,8089794.1606101105,1,
3151305,Piraúba,2020,ok,ok,399627.88,399627.88,399627.88,new_observed,4535585.65,4535585.65,4314367.274988726,new_observed,12945081975.46,8041410.793124538,1,
3151305,Piraúba,2021,ok,ok,451282.64,451282.64,451282.64,new_observed,5588280.35,5588280.35,5493788.809807407,new_observed,16790773533.8425,8075916.602638887,1,
3151305,Piraúba,2022,ok,ok,623588.36,623588.36,623588.36,new_observed,5809923.88,5809923.88,4917696.763221268,new_observed,17457373501.01,7043550.599882456,1,
3151305,Piraúba,2023,ok,ok,820710.9,820710.9,820710.9,new_observed,5689562.45,5689562.45,4932515.157954333,new_observed,17975926235.1,7101809.319703751,1,
3151305,Piraúba,2024,ok,ok,935510.23,935510.23,935510.23,new_observed,5627940.04,5627940.04,5593376.628291495,new_observed,20140666841.11,7003705.770591596,1,
3151305,Piraúba,2025,ok,ok,972703.35,972703.35,972703.35,new_observed,6175875.87,6175875.87,6186374.032198138,new_observed,21654451288.89,7159077.382198137,1,
3151404,Pitangui,2019,ok,ok,2080758.42,2080758.42,2080758.42,new_observed,9260480.13,9260480.13,9506482.76892023,new_observed,12828054857.945,20186810.061785743,1,
3151404,Pitangui,2020,ok,ok,2112981.17,2112981.17,2112981.17,new_observed,10818927.87,10818927.87,10291246.14872866,new_observed,12945081975.46,21159862.104574747,1,
3151404,Pitangui,2021,ok,ok,2348946.0,2348946.0,2348946.0,new_observed,13832746.77,13832746.77,13598850.568390965,new_observed,16790773533.8425,21663839.73170724,1,
3151404,Pitangui,2022,ok,ok,3206695.95,3206695.95,3206695.95,new_observed,11398326.19,11398326.19,9647890.913624706,new_observed,17457373501.01,16339518.90241139,1,
3151404,Pitangui,2023,ok,ok,3670819.79,3670819.79,3670819.79,new_observed,12205574.74,12205574.74,10581513.595407417,new_observed,17975926235.1,17593147.400156397,1,
3151404,Pitangui,2024,ok,ok,4398188.3,4398188.3,4398188.3,new_observed,17012900.17,17012900.17,16908417.203097,new_observed,20140666841.11,22856146.714236207,1,
3151404,Pitangui,2025,ok,ok,4766915.87,4766915.87,4766915.87,new_observed,21123436.43,21123436.43,21159343.44408061,new_observed,21654451288.89,25926259.31408061,1,
3151503,Piumhi,2019,ok,ok,4512576.53,4512576.53,4512576.53,new_observed,21936006.33,21936006.33,22518731.563335262,new_observed,12828054857.945,47092821.604813784,1,
3151503,Piumhi,2020,ok,ok,5417748.2,5417748.2,5417748.2,new_observed,21696094.18,21696094.18,20637890.2193734,new_observed,12945081975.46,44447243.8172883,2,
3151503,Piumhi,2021,ok,ok,6096368.32,6096368.32,6096368.32,new_observed,25896823.46,25896823.46,25458937.280071486,new_observed,16790773533.8425,42865425.34408342,1,
3151503,Piumhi,2022,ok,ok,8124458.19,8124458.19,8124458.19,new_observed,25120343.62,25120343.62,21262624.96077316,new_observed,17457373501.01,37354043.79175792,6,
3151503,Piumhi,2023,ok,ok,9436140.46,9436140.46,9436140.46,new_observed,26649831.25,26649831.25,23103832.281083424,new_observed,17975926235.1,40167495.479519114,1,
3151503,Piumhi,2024,ok,ok,10823993.39,10823993.39,10823993.39,new_observed,25929165.67,25929165.67,25769924.38065779,new_observed,20140666841.11,39255241.91515521,1,
3151503,Piumhi,2025,ok,ok,12729462.85,12729462.85,12729462.85,new_observed,30216067.31,30216067.31,30267430.57932203,new_observed,21654451288.89,42996893.42932203,1,
3151602,Planura,2019,ok,partial,,,1239506.4965887088,imputed_temporal,17254942.43,17254942.43,17713316.219761226,new_observed,12828054857.945,33018820.10322658,1,
3151602,Planura,2020,ok,partial,,,1306082.017274048,imputed_temporal,16728538.66,16728538.66,15912621.946206164,new_observed,12945081975.46,29372680.14563269,1,
3151602,Planura,2021,ok,ok,1617867.22,1617867.22,1617867.22,new_observed,21022828.19,21022828.19,20667355.792328086,new_observed,16790773533.8425,30272740.03992011,1,
3151602,Planura,2022,ok,ok,1700059.51,1700059.51,1700059.51,new_observed,24981120.16,24981120.16,21144781.97818894,new_observed,17457373501.01,29038173.165652428,1,
3151602,Planura,2023,ok,ok,2762963.01,2762963.01,2762963.01,new_observed,21853991.91,21853991.91,18946122.360935923,new_observed,17975926235.1,26797797.141379226,1,
3151602,Planura,2024,ok,ok,4908266.21,4908266.21,4908266.21,new_observed,23208728.12,23208728.12,23066194.11652076,new_observed,20140666841.11,30008927.01475141,1,
3151602,Planura,2025,ok,ok,5457685.0,5457685.0,5457685.0,new_observed,26603501.14,26603501.14,26648723.530456837,new_observed,21654451288.89,32106408.530456837,1,
3151701,Poço Fundo,2019,ok,ok,795146.38,795146.38,795146.38,new_observed,6922416.16,6922416.16,7106308.638484701,new_observed,12828054857.945,13765586.567958381,1,
3151701,Poço Fundo,2020,ok,ok,1084142.21,1084142.21,1084142.21,new_observed,6942567.98,6942567.98,6603951.597143047,new_observed,12945081975.46,13114803.576725755,1,
3151701,Poço Fundo,2021,ok,ok,1614115.33,1614115.33,1614115.33,new_observed,9172675.61,9172675.61,9017575.974371316,new_observed,16790773533.8425,14442324.712831719,1,
3151701,Poço Fundo,2022,ok,ok,1722949.3,1722949.3,1722949.3,new_observed,9661409.96,9661409.96,8177712.04404243,new_observed,17457373501.01,12584771.871208852,1,
3151701,Poço Fundo,2023,ok,ok,1601369.78,1601369.78,1601369.78,new_observed,9742941.16,9742941.16,8446555.491232404,new_observed,17975926235.1,12403206.23874424,1,
3151701,Poço Fundo,2024,ok,ok,2581824.85,2581824.85,2581824.85,new_observed,9308108.75,9308108.75,9250943.962765738,new_observed,20140666841.11,12693317.102102494,1,
3151701,Poço Fundo,2025,ok,ok,2114350.12,2114350.12,2114350.12,new_observed,10129712.07,10129712.07,10146931.224427614,new_observed,21654451288.89,12261281.344427615,5,
3151800,Poços de Caldas,2019,ok,ok,51758978.12,51758978.12,51758978.12,new_observed,127327703.94,127327703.94,130710136.67968273,new_observed,12828054857.945,317890108.8315589,1,
3151800,Poços de Caldas,2020,ok,ok,48872674.74,48872674.74,48872674.74,new_observed,117640934.14,117640934.14,111903122.46726505,new_observed,12945081975.46,274260831.5088087,1,
3151800,Poços de Caldas,2021,ok,ok,60356751.83,60356751.83,60356751.83,new_observed,156198460.02,156198460.02,153557319.60853142,new_observed,16790773533.8425,290585607.8692682,1,
3151800,Poços de Caldas,2022,ok,ok,74878863.45,74878863.45,74878863.45,new_observed,163718112.71,163718112.71,138576003.67643058,new_observed,17457373501.01,271323370.6556133,1,
3151800,Poços de Caldas,2023,ok,ok,86964242.04,86964242.04,86964242.04,new_observed,143073154.28,143073154.28,124035988.42340486,new_observed,17975926235.1,260459677.41748387,1,
3151800,Poços de Caldas,2024,ok,ok,99671468.34,99671468.34,99671468.34,new_observed,140706052.32,140706052.32,139841920.65163654,new_observed,20140666841.11,256932206.21281287,1,
3151800,Poços de Caldas,2025,ok,partial,,,108668162.54503788,imputed_temporal,137546683.42,,137780494.36807513,new_observed,21654451288.89,246448656.913113,1,
3151909,Pocrane,2019,ok,ok,335991.84,335991.84,335991.84,new_observed,2710049.82,2710049.82,2782041.7035704353,new_observed,12828054857.945,5432108.461720779,1,
3151909,Pocrane,2020,ok,ok,656998.92,656998.92,656998.92,new_observed,3078739.4,3078739.4,2928577.154215669,new_observed,12945081975.46,6116487.01256163,1,
3151909,Pocrane,2021,ok,ok,1235112.76,1235112.76,1235112.76,new_observed,4266787.05,4266787.05,4194640.476317756,new_observed,16790773533.8425,7375896.939107661,1,
3151909,Pocrane,2022,ok,ok,737060.99,737060.99,737060.99,new_observed,4881337.84,4881337.84,4131713.2189273187,new_observed,17457373501.01,6188719.175678642,1,
3151909,Pocrane,2023,ok,ok,1072650.61,1072650.61,1072650.61,new_observed,4810781.59,4810781.59,4170663.9698247183,new_observed,17975926235.1,6472372.191538405,1,
3151909,Pocrane,2024,ok,ok,1097427.69,1097427.69,1097427.69,new_observed,6763579.7,6763579.7,6722041.874768589,new_observed,20140666841.11,8388147.214434392,1,
3151909,Pocrane,2025,ok,ok,1401191.6,1401191.6,1401191.6,new_observed,6695391.42,6695391.42,6706772.689084216,new_observed,21654451288.89,8107964.289084217,1,
3152006,Pompéu,2019,ok,ok,2235466.16,2235466.16,2235466.16,new_observed,17832207.57,17832207.57,18305916.28255174,new_observed,12828054857.945,35786342.841538236,1,
3152006,Pompéu,2020,ok,ok,3311053.33,3311053.33,3311053.33,new_observed,19337636.97,19337636.97,18394464.256006304,new_observed,12945081975.46,37026551.2898863,1,
3152006,Pompéu,2021,ok,ok,3506818.93,3506818.93,3506818.93,new_observed,25183215.32,25183215.32,24757395.451712884,new_observed,16790773533.8425,38394734.21185114,1,
3152006,Pompéu,2022,ok,ok,3604931.98,3604931.98,3604931.98,new_observed,26671549.26,26671549.26,22575612.723173685,new_observed,17457373501.01,33278199.415606044,1,
3152006,Pompéu,2023,ok,ok,6026176.68,6026176.68,6026176.68,new_observed,26444588.58,26444588.58,22925898.98836879,new_observed,17975926235.1,35738578.44888836,1,
3152006,Pompéu,2024,ok,ok,7159843.53,7159843.53,7159843.53,new_observed,29169820.03,29169820.03,28990676.597057547,new_observed,20140666841.11,38779597.79655542,1,
3152006,Pompéu,2025,ok,ok,13293055.32,13293055.32,13293055.32,new_observed,29901598.77,29901598.77,29952427.48490277,new_observed,21654451288.89,43245482.80490277,1,
3152105,Ponte Nova,2019,ok,ok,8999261.17,8999261.17,8999261.17,new_observed,27782943.07,27782943.07,28520990.905127794,new_observed,12828054857.945,65366223.91490133,1,
3152105,Ponte Nova,2020,ok,ok,8922091.27,8922091.27,8922091.27,new_observed,31420626.76,31420626.76,29888119.04654012,new_observed,12945081975.46,66204744.35417731,1,
3152105,Ponte Nova,2021,ok,ok,11177472.7,11177472.7,11177472.7,new_observed,36633027.29,36633027.29,36013603.969452135,new_observed,16790773533.8425,64105402.73381902,1,
3152105,Ponte Nova,2022,ok,ok,13374320.69,13374320.69,13374320.69,new_observed,39854816.38,39854816.38,33734332.07711906,new_observed,17457373501.01,59880004.74240282,1,
3152105,Ponte Nova,2023,ok,ok,14957795.99,14957795.99,14957795.99,new_observed,36763172.93,36763172.93,31871503.18241457,new_observed,17975926235.1,57806307.269647144,1,
3152105,Ponte Nova,2024,ok,ok,16476666.81,16476666.81,16476666.81,new_observed,35665465.48,35665465.48,35446429.71231248,new_observed,20140666841.11,55699248.37623343,1,
3152105,Ponte Nova,2025,ok,ok,18738869.48,18738869.48,18738869.48,new_observed,37981667.26,37981667.26,38046231.0096356,new_observed,21654451288.89,56785100.4896356,1,
3152131,Ponto Chique,2019,ok,ok,65162.29,65162.29,65162.29,new_observed,2176571.95,2176571.95,2234392.1100762733,new_observed,12828054857.945,4006188.1119270255,1,
3152131,Ponto Chique,2020,ok,ok,160427.91,160427.91,160427.91,new_observed,2393463.72,2393463.72,2276725.0680054463,new_observed,12945081975.46,4157439.2033662326,1,
3152131,Ponto Chique,2021,ok,ok,245811.77,245811.77,245811.77,new_observed,3244382.1,3244382.1,3189523.244967382,new_observed,16790773533.8425,4666635.097194762,1,
3152131,Ponto Chique,2022,ok,ok,110390.38,110390.38,110390.38,new_observed,4042517.83,4042517.83,3421710.380111773,new_observed,17457373501.01,4489667.987571109,1,
3152131,Ponto Chique,2023,ok,ok,114439.33,114439.33,114439.33,new_observed,3590453.7,3590453.7,3112711.6460745106,new_observed,17975926235.1,3983610.35132455,1,
3152131,Ponto Chique,2024,ok,ok,251840.81,251840.81,251840.81,new_observed,3740605.65,3740605.65,3717633.107257681,new_observed,20140666841.11,4258157.322056202,1,
3152131,Ponto Chique,2025,ok,ok,443523.5,443523.5,443523.5,new_observed,4190728.45,4190728.45,4197852.127341082,new_observed,21654451288.89,4641375.627341082,1,
3152170,Ponto dos Volantes,2019,ok,ok,922959.43,922959.43,922959.43,new_observed,3882198.25,3882198.25,3985328.001471265,new_observed,12828054857.945,8551014.386625862,1,
3152170,Ponto dos Volantes,2020,ok,ok,837188.98,837188.98,837188.98,new_observed,4186829.48,4186829.48,3982621.316934024,new_observed,12945081975.46,8221916.499333088,1,
3152170,Ponto dos Volantes,2021,ok,ok,582345.47,582345.47,582345.47,new_observed,4825842.07,4825842.07,4744242.5042372495,new_observed,16790773533.8425,7235754.964383615,1,
3152170,Ponto dos Volantes,2022,ok,ok,1112922.3,1112922.3,1112922.3,new_observed,5322220.97,5322220.97,4504890.146222942,new_observed,17457373501.01,7140824.798890373,1,
3152170,Ponto dos Volantes,2023,ok,ok,722052.51,722052.51,722052.51,new_observed,5269320.16,5269320.16,4568189.872195594,new_observed,17975926235.1,6530300.091619772,1,
3152170,Ponto dos Volantes,2024,ok,ok,1069323.25,1069323.25,1069323.25,new_observed,6016384.54,6016384.54,5979435.5365680605,new_observed,20140666841.11,7561385.831996728,5,
3152170,Ponto dos Volantes,2025,ok,ok,1139785.88,1139785.88,1139785.88,new_observed,5689124.65,5689124.65,5698795.400286813,new_observed,21654451288.89,6838581.280286813,1,
3152204,Porteirinha,2019,ok,ok,3094819.28,3094819.28,3094819.28,new_observed,8181149.25,8181149.25,8398479.699031508,new_observed,12828054857.945,20023147.847727284,1,
3152204,Porteirinha,2020,ok,ok,5067237.8,5067237.8,5067237.8,new_observed,9385548.75,9385548.75,8927778.573603023,new_observed,12945081975.46,23873523.840504486,1,
3152204,Porteirinha,2021,ok,ok,5288901.89,5288901.89,5288901.89,new_observed,11165345.22,11165345.22,10976551.780776823,new_observed,16790773533.8425,22095352.1683134,1,
3152204,Porteirinha,2022,ok,ok,4977734.16,4977734.16,4977734.16,new_observed,14395101.09,14395101.09,12184452.584693061,new_observed,17457373501.01,21814927.052626707,1,
3152204,Porteirinha,2023,ok,ok,4103630.36,4103630.36,4103630.36,new_observed,14608872.27,14608872.27,12665030.842994569,new_observed,17975926235.1,20699314.29962365,1,
3152204,Porteirinha,2024,ok,ok,5837710.45,5837710.45,5837710.45,new_observed,18440101.42,18440101.42,18326853.444222696,new_observed,20140666841.11,25921952.587501965,1,
3152204,Porteirinha,2025,ok,ok,7224210.9,7224210.9,7224210.9,new_observed,20403904.66,20403904.66,20438588.56639724,new_observed,21654451288.89,27662799.46639724,1,
3152303,Porto Firme,2019,ok,ok,264049.66,264049.66,264049.66,new_observed,2530418.87,2530418.87,2597638.896484042,new_observed,12828054857.945,4985514.8782928195,1,
3152303,Porto Firme,2020,ok,ok,231054.83,231054.83,231054.83,new_observed,2872164.75,2872164.75,2732077.963465682,new_observed,12945081975.46,5054686.5754878335,1,
3152303,Porto Firme,2021,ok,ok,390289.41,390289.41,390289.41,new_observed,3520009.32,3520009.32,3460489.9184475923,new_observed,16790773533.8425,5230983.845066486,1,
3152303,Porto Firme,2022,ok,ok,462472.12,462472.12,462472.12,new_observed,3733300.83,3733300.83,3159979.680804746,new_observed,17457373501.01,4604513.571712978,1,
3152303,Porto Firme,2023,ok,ok,495337.37,495337.37,495337.37,new_observed,3718384.77,3718384.77,3223620.3402832043,new_observed,17975926235.1,4590698.898395872,1,
3152303,Porto Firme,2024,ok,ok,486884.26,486884.26,486884.26,new_observed,5181775.09,5181775.09,5149951.754189096,new_observed,20140666841.11,6046779.7615941,1,
3152303,Porto Firme,2025,ok,ok,486451.4,486451.4,486451.4,new_observed,5607453.6,5607453.6,5616985.520435332,new_observed,21654451288.89,6103436.920435333,1,
3152402,Poté,2019,ok,ok,681520.04,681520.04,681520.04,new_observed,3945180.43,3945180.43,4049983.2893736036,new_observed,12828054857.945,8243028.470668469,1,
3152402,Poté,2020,ok,ok,722373.97,722373.97,722373.97,new_observed,3933249.66,3933249.66,3741409.5834491695,new_observed,12945081975.46,7614585.094957274,1,
3152402,Poté,2021,ok,ok,874099.26,874099.26,874099.26,new_observed,4983477.41,4983477.41,4899212.407800192,new_observed,16790773533.8425,7842594.314271329,1,
3152402,Poté,2022,ok,ok,961073.1,961073.1,961073.1,new_observed,5353939.45,5353939.45,4531737.635045858,new_observed,17457373501.01,6981934.603174211,1,
3152402,Poté,2023,ok,ok,862773.0,862773.0,862773.0,new_observed,5457459.91,5457459.91,4731295.941747348,new_observed,17975926235.1,6905345.026489824,1,
3152402,Poté,2024,ok,ok,1135986.23,1135986.23,1135986.23,new_observed,6665847.85,6665847.85,6624910.234817837,new_observed,20140666841.11,8325314.3354106825,1,
3152402,Poté,2025,ok,ok,1411930.77,1411930.77,1411930.77,new_observed,7206275.15,7206275.15,7218524.853031858,new_observed,21654451288.89,8630455.623031858,1,
3152501,Pouso Alegre,2019,ok,ok,38286654.97,38286654.97,38286654.97,new_observed,195901404.98,195901404.98,201105483.1613394,new_observed,12828054857.945,417059034.49762,1,
3152501,Pouso Alegre,2020,ok,ok,41252679.52,41252679.52,41252679.52,new_observed,223509074.32,223509074.32,212607656.50169805,new_observed,12945081975.46,433049924.5148221,1,
3152501,Pouso Alegre,2021,ok,ok,51104161.27,51104161.27,51104161.27,new_observed,292203303.16,292203303.16,287262473.7034121,new_observed,16790773533.8425,459644723.9081299,1,
3152501,Pouso Alegre,2022,ok,ok,65081266.23,65081266.23,65081266.23,new_observed,310233647.27,310233647.27,262591220.5620855,new_observed,17457373501.01,416505862.7352662,1,
3152501,Pouso Alegre,2023,ok,ok,75744784.59,75744784.59,75744784.59,new_observed,298694854.35,298694854.35,258950826.1192101,new_observed,17975926235.1,413149836.8836516,1,
3152501,Pouso Alegre,2024,ok,ok,88748025.06,88748025.06,88748025.06,new_observed,322580140.72,322580140.72,320599048.14732707,new_observed,20140666841.11,439117191.1879586,1,
3152501,Pouso Alegre,2025,ok,ok,99291064.69,99291064.69,99291064.69,new_observed,382129576.65,382129576.65,382779145.7736063,new_observed,21654451288.89,482070210.4636063,1,
3152600,Pouso Alto,2019,ok,ok,332258.41,332258.41,332258.41,new_observed,6965142.26,6965142.26,7150169.74803099,new_observed,12828054857.945,13035575.385412721,3,
3152600,Pouso Alto,2020,ok,ok,398745.41,398745.41,398745.41,new_observed,7565733.24,7565733.24,7196722.633151117,new_observed,12945081975.46,12956797.088853603,1,
3152600,Pouso Alto,2021,ok,ok,606383.94,606383.94,606383.94,new_observed,8718957.09,8718957.09,8571529.324621832,new_observed,16790773533.8425,12467480.456225682,1,
3152600,Pouso Alto,2022,ok,ok,543238.13,543238.13,543238.13,new_observed,8593219.44,8593219.44,7273563.0102159055,new_observed,17457373501.01,9935968.486733126,1,
3152600,Pouso Alto,2023,ok,ok,1230856.82,1230856.82,1230856.82,new_observed,7860218.34,7860218.34,6814345.821422638,new_observed,17975926235.1,9931036.00001355,1,
3152600,Pouso Alto,2024,ok,ok,1636977.61,1636977.61,1636977.61,new_observed,8238555.71,8238555.71,8187959.472146658,new_observed,20140666841.11,10539464.081927225,1,
3152600,Pouso Alto,2025,ok,ok,1851633.74,1851633.74,1851633.74,new_observed,10279353.8,10279353.8,10296827.325335678,new_observed,21654451288.89,12148461.065335678,1,
3152709,Prados,2019,ok,partial,,,262130.8801076199,imputed_temporal,5463185.53,5463185.53,5608313.864430195,new_observed,12828054857.945,10227244.872533483,1,
3152709,Prados,2020,ok,partial,,,276210.2737041036,imputed_temporal,5967141.35,5967141.35,5676100.365489083,new_observed,12945081975.46,10153802.336301424,1,
3152709,Prados,2021,ok,ok,342146.62,342146.62,342146.62,new_observed,7431374.76,7431374.76,7305718.564741156,new_observed,16790773533.8425,10389029.289495904,1,
3152709,Prados,2022,ok,ok,560993.52,560993.52,560993.52,new_observed,7821562.16,7821562.16,6620408.754402813,new_observed,17457373501.01,9128310.34192704,1,
3152709,Prados,2023,ok,ok,588015.02,588015.02,588015.02,new_observed,7422165.67,7422165.67,6434579.986396544,new_observed,17975926235.1,8668724.323108783,1,
3152709,Prados,2024,ok,ok,778591.47,778591.47,778591.47,new_observed,8342515.39,8342515.39,8291280.6945235515,new_observed,20140666841.11,9729486.418734564,1,
3152709,Prados,2025,ok,ok,1226040.66,1226040.66,1226040.66,new_observed,9253784.84,9253784.84,9269515.03539931,new_observed,21654451288.89,10495555.69539931,1,
3152808,Prata,2019,ok,ok,5745755.63,5745755.63,5745755.63,new_observed,25829810.59,25829810.59,26515973.885935895,new_observed,12828054857.945,56205044.44368033,1,
3152808,Prata,2020,ok,ok,4714124.2,4714124.2,4714124.2,new_observed,24816312.78,24816312.78,23605923.46964421,new_observed,12945081975.46,48310006.58782456,1,
3152808,Prata,2021,ok,ok,5214610.97,5214610.97,5214610.97,new_observed,33343045.46,33343045.46,32779252.034670677,new_observed,16790773533.8425,51611704.18696102,1,
3152808,Prata,2022,ok,ok,8786032.88,8786032.88,8786032.88,new_observed,30379651.53,30379651.53,25714263.574288182,new_observed,17457373501.01,43853470.5186692,1,
3152808,Prata,2023,ok,ok,11944004.95,11944004.95,11944004.95,new_observed,31256122.65,31256122.65,27097215.313983373,new_observed,17975926235.1,48192666.01562153,1,
3152808,Prata,2024,ok,ok,13954481.59,13954481.59,13954481.59,new_observed,37935716.04,37935716.04,37702737.76328981,new_observed,20140666841.11,55414035.061411195,1,
3152808,Prata,2025,ok,ok,19413955.7,19413955.7,19413955.7,new_observed,46346610.5,46346610.5,46425393.53330649,new_observed,21654451288.89,65839349.23330648,1,
3152907,Pratápolis,2019,ok,ok,1278541.48,1278541.48,1278541.48,new_observed,4562439.75,4562439.75,4683639.968850266,new_observed,12828054857.945,10387064.746432409,1,
3152907,Pratápolis,2020,ok,ok,1551080.8,1551080.8,1551080.8,new_observed,4713239.05,4713239.05,4483355.8190040905,new_observed,12945081975.46,10293897.67342718,1,
3152907,Pratápolis,2021,ok,ok,1317572.68,1317572.68,1317572.68,new_observed,6529039.77,6529039.77,6418641.045310751,new_observed,16790773533.8425,10509043.901873358,1,
3152907,Pratápolis,2022,ok,ok,1894349.99,1894349.99,1894349.99,new_observed,6505071.89,6505071.89,5506091.239524923,new_observed,17457373501.01,9406731.670091996,1,
3152907,Pratápolis,2023,ok,ok,2082791.69,2082791.69,2082791.69,new_observed,7136117.15,7136117.15,6186592.786465133,new_observed,17975926235.1,10207767.112153992,1,
3152907,Pratápolis,2024,ok,ok,2387914.15,2387914.15,2387914.15,new_observed,7777902.49,7777902.49,7730135.306256075,new_observed,20140666841.11,10853893.305551285,4,
3152907,Pratápolis,2025,ok,ok,2715483.1,2715483.1,2715483.1,new_observed,9261448.17,9261448.17,9277191.3920344,new_observed,21654451288.89,11992674.4920344,2,
3153004,Pratinha,2019,ok,ok,1465568.46,1465568.46,1465568.46,new_observed,4754526.56,4754526.56,4880829.523146286,new_observed,12828054857.945,11056430.825378599,1,
3153004,Pratinha,2020,ok,ok,3838662.08,3838662.08,3838662.08,new_observed,4438886.08,4438886.08,4222384.123857299,new_observed,12945081975.46,13751007.75803167,1,
3153004,Pratinha,2021,ok,ok,2227669.9,2227669.9,2227669.9,new_observed,6041149.66,6041149.66,5939000.6087435875,new_observed,16790773533.8425,11093785.92110618,1,
3153004,Pratinha,2022,ok,ok,1112364.99,1112364.99,1112364.99,new_observed,6420378.97,6420378.97,5434404.569070345,new_observed,17457373501.01,8321626.0541879395,1,
3153004,Pratinha,2023,ok,ok,2213985.57,2213985.57,2213985.57,new_observed,6482946.67,6482946.67,5620332.494634025,new_observed,17975926235.1,9670719.086036477,1,
3153004,Pratinha,2024,ok,ok,3921508.78,3921508.78,3921508.78,new_observed,5838233.13,5838233.13,5802378.225027981,new_observed,20140666841.11,10431065.051036377,1,
3153004,Pratinha,2025,ok,ok,4163530.24,4163530.24,4163530.24,new_observed,8676285.93,8676285.93,8691034.454563618,new_observed,21654451288.89,12854564.694563618,1,
3153103,Presidente Bernardes,2019,ok,ok,291259.57,291259.57,291259.57,new_observed,2500522.67,2500522.67,2566948.510438562,new_observed,12828054857.945,4979451.3375665,2,
3153103,Presidente Bernardes,2020,ok,partial,,,207364.5224597699,imputed_temporal,2901504.85,2901504.85,2759987.0312362136,new_observed,12945081975.46,5061883.185355718,1,
3153103,Presidente Bernardes,2021,ok,ok,134194.9,134194.9,134194.9,new_observed,3523781.58,3523781.58,3464198.3937705387,new_observed,16790773533.8425,4888137.07107378,2,
3153103,Presidente Bernardes,2022,ok,ok,99779.72,99779.72,99779.72,new_observed,3688385.04,3688385.04,3121961.586305972,new_observed,17457373501.01,4095168.79317444,1,
3153103,Presidente Bernardes,2023,ok,ok,185948.95,185948.95,185948.95,new_observed,3712058.88,3712058.88,3218136.1666605817,new_observed,17975926235.1,4202018.687087863,1,
3153103,Presidente Bernardes,2024,ok,ok,199206.53,199206.53,199206.53,new_observed,4469729.74,4469729.74,4442279.357065685,new_observed,20140666841.11,4979041.940369619,1,
3153103,Presidente Bernardes,2025,ok,ok,167952.34,167952.34,167952.34,new_observed,4679512.39,4679512.39,4687466.934604281,new_observed,21654451288.89,4855419.2746042805,5,
3153202,Presidente Juscelino,2019,ok,ok,870844.41,870844.41,870844.41,new_observed,2391610.03,2391610.03,2455142.629864029,new_observed,12828054857.945,5794396.400922141,1,
3153202,Presidente Juscelino,2020,ok,ok,2634502.9,2634502.9,2634502.9,new_observed,2414846.4,2414846.4,2297064.830488723,new_observed,12945081975.46,8412558.91682637,1,
3153202,Presidente Juscelino,2021,ok,ok,1078140.66,1078140.66,1078140.66,new_observed,3557235.56,3557235.56,3497086.704566815,new_observed,16790773533.8425,6215090.087024923,1,
3153202,Presidente Juscelino,2022,ok,ok,927786.41,927786.41,927786.41,new_observed,4345649.32,4345649.32,3678290.118158778,new_observed,17457373501.01,5854803.059503527,1,
3153202,Presidente Juscelino,2023,ok,ok,1296901.87,1296901.87,1296901.87,new_observed,3786808.37,3786808.37,3282939.5668718503,new_observed,17975926235.1,5653377.821678513,1,
3153202,Presidente Juscelino,2024,ok,ok,1411638.85,1411638.85,1411638.85,new_observed,4993911.02,4993911.02,4963241.431945913,new_observed,20140666841.11,6838498.933519391,1,
3153202,Presidente Juscelino,2025,ok,ok,2947129.6,2947129.6,2947129.6,new_observed,5605640.3,5605640.3,5615169.138068084,new_observed,21654451288.89,8562298.738068083,1,
3153301,Presidente Kubitschek,2019,ok,ok,74966.45,74966.45,74966.45,new_observed,2047626.0,2047626.0,2102020.738982251,new_observed,12828054857.945,3792656.6103540966,1,
3153301,Presidente Kubitschek,2020,ok,ok,217113.19,217113.19,217113.19,new_observed,2180308.5,2180308.5,2073966.267571147,new_observed,12945081975.46,3908258.3821753203,1,
3153301,Presidente Kubitschek,2021,ok,ok,110210.74,110210.74,110210.74,new_observed,2807142.55,2807142.55,2759676.9243554915,new_observed,16790773533.8425,3898518.9046008666,1,
3153301,Presidente Kubitschek,2022,ok,ok,147143.31,147143.31,147143.31,new_observed,3039252.13,3039252.13,2572515.6940118712,new_observed,17457373501.01,3456969.887528132,1,
3153301,Presidente Kubitschek,2023,ok,ok,149823.24,149823.24,149823.24,new_observed,2906392.77,2906392.77,2519671.155555008,new_observed,17975926235.1,3295236.444088283,1,
3153301,Presidente Kubitschek,2024,ok,ok,261610.68,261610.68,261610.68,new_observed,3207101.93,3207101.93,3187405.8451785757,new_observed,20140666841.11,3699849.21848993,1,
3153301,Presidente Kubitschek,2025,ok,ok,161380.52,161380.52,161380.52,new_observed,3890921.0,3890921.0,3897535.044812099,new_observed,21654451288.89,4058915.564812099,1,
3153400,Presidente Olegário,2019,ok,ok,1224386.12,1224386.12,1224386.12,new_observed,15500450.81,15500450.81,15912216.911776971,new_observed,12828054857.945,29854677.646434635,1,
3153400,Presidente Olegário,2020,ok,ok,1269385.36,1269385.36,1269385.36,new_observed,17277559.68,17277559.68,16434865.048807241,new_observed,12945081975.46,30200953.891710684,1,
3153400,Presidente Olegário,2021,ok,ok,1613715.35,1613715.35,1613715.35,new_observed,22036238.38,22036238.38,21663630.35496108,new_observed,16790773533.8425,31620461.458062053,1,
3153400,Presidente Olegário,2022,ok,ok,2545689.66,2545689.66,2545689.66,new_observed,20540560.97,20540560.97,17386157.251498807,new_observed,17457373501.01,25335453.626439713,1,
3153400,Presidente Olegário,2023,ok,ok,2617295.44,2617295.44,2617295.44,new_observed,22328425.3,22328425.3,19357428.135005537,new_observed,17975926235.1,27125702.19053381,1,
3153400,Presidente Olegário,2024,ok,ok,2157656.43,2157656.43,2157656.43,new_observed,33730728.47,33730728.47,33523574.68956697,new_observed,20140666841.11,38276179.342357084,1,
3153400,Presidente Olegário,2025,ok,ok,2708586.25,2708586.25,2708586.25,new_observed,36504277.36,36504277.36,36566329.7445877,new_observed,21654451288.89,39274915.9945877,1,
3153509,Alto Jequitibá,2019,ok,ok,252362.94,252362.94,252362.94,new_observed,3203254.77,3203254.77,3288348.5357110235,new_observed,12828054857.945,6168480.389629663,1,
3153509,Alto Jequitibá,2020,ok,ok,169039.75,169039.75,169039.75,new_observed,3454227.0,3454227.0,3285750.745150735,new_observed,12945081975.46,5893385.262878072,1,
3153509,Alto Jequitibá,2021,ok,ok,238837.34,238837.34,238837.34,new_observed,4068582.95,4068582.95,3999787.7848922187,new_observed,16790773533.8425,5757842.156731072,1,
3153509,Alto Jequitibá,2022,ok,ok,366276.28,366276.28,366276.28,new_observed,4232423.99,4232423.99,3582452.745698115,new_observed,17457373501.01,5019245.911237444,1,
3153509,Alto Jequitibá,2023,ok,ok,441200.34,441200.34,441200.34,new_observed,4281317.64,4281317.64,3711649.945123157,new_observed,17975926235.1,5126297.934607616,5,
3153509,Alto Jequitibá,2024,ok,ok,415341.13,415341.13,415341.13,new_observed,4057131.24,4057131.24,4032214.7880820874,new_observed,20140666841.11,4771008.247591475,1,
3153509,Alto Jequitibá,2025,ok,ok,499250.25,499250.25,499250.25,new_observed,4976295.77,4976295.77,4984754.806619103,new_observed,21654451288.89,5484005.056619103,1,
3153608,Prudente de Morais,2019,ok,ok,556531.48,556531.48,556531.48,new_observed,4940178.04,4940178.04,5071412.794301639,new_observed,12828054857.945,9804770.631017536,1,
3153608,Prudente de Morais,2020,ok,ok,602038.56,602038.56,602038.56,new_observed,5321284.33,5321284.33,5061744.335984992,new_observed,12945081975.46,9661614.705201538,1,
3153608,Prudente de Morais,2021,ok,ok,992549.42,992549.42,992549.42,new_observed,6896313.39,6896313.39,6779704.481166014,new_observed,16790773533.8425,10558001.67420778,1,
3153608,Prudente de Morais,2022,ok,ok,1140421.48,1140421.48,1140421.48,new_observed,7364443.52,7364443.52,6233489.59629224,new_observed,17457373501.01,9373009.08181839,1,
3153608,Prudente de Morais,2023,ok,ok,1622684.21,1622684.21,1622684.21,new_observed,6954672.5,6954672.5,6029290.973835459,new_observed,17975926235.1,9445634.17590219,1,
3153608,Prudente de Morais,2024,ok,ok,1716845.37,1716845.37,1716845.37,new_observed,8838015.07,8838015.07,8783737.314483901,new_observed,20140666841.11,11264246.591820875,1,
3153608,Prudente de Morais,2025,ok,ok,2030301.7,2030301.7,2030301.7,new_observed,11170881.0,11170881.0,11189870.00222457,new_observed,21654451288.89,13220171.70222457,1,
3153707,Quartel Geral,2019,ok,ok,588143.19,588143.19,588143.19,new_observed,3273928.14,3273928.14,3360899.3284015665,new_observed,12828054857.945,6879857.762960496,1,
3153707,Quartel Geral,2020,ok,ok,227042.41,227042.41,227042.41,new_observed,3386731.75,3386731.75,3221547.5043151923,new_observed,12945081975.46,5882807.9466070095,1,
3153707,Quartel Geral,2021,ok,ok,333857.02,333857.02,333857.02,new_observed,4355666.34,4355666.34,4282016.917413026,new_observed,16790773533.8425,6270305.29095653,1,
3153707,Quartel Geral,2022,ok,ok,426500.46,426500.46,426500.46,new_observed,4549559.8,4549559.8,3850886.167297187,new_observed,17457373501.01,5437003.957506928,1,
3153707,Quartel Geral,2023,ok,ok,682049.32,682049.32,682049.32,new_observed,4472474.23,4472474.23,3877371.437066332,new_observed,17975926235.1,5628170.438430116,1,
3153707,Quartel Geral,2024,ok,ok,556844.19,556844.19,556844.19,new_observed,6517896.89,6517896.89,6477867.900337442,new_observed,20140666841.11,7546317.577701098,1,
3153707,Quartel Geral,2025,ok,ok,584320.08,584320.08,584320.08,new_observed,6510826.3,6510826.3,6521893.833088437,new_observed,21654451288.89,7106213.913088437,1,
3153806,Queluzito,2019,ok,ok,67940.65,67940.65,67940.65,new_observed,2071033.78,2071033.78,2126050.3415627684,new_observed,12828054857.945,3822279.9285732103,1,
3153806,Queluzito,2020,ok,ok,144863.5,144863.5,144863.5,new_observed,2253714.82,2253714.82,2143792.272242749,new_observed,12945081975.46,3904123.91688248,1,
3153806,Queluzito,2021,ok,ok,84688.82,84688.82,84688.82,new_observed,2745603.35,2745603.35,2699178.283065153,new_observed,16790773533.8425,3781666.6707870117,3,
3153806,Queluzito,2022,ok,ok,214885.01,214885.01,214885.01,new_observed,2909593.07,2909593.07,2462768.311282941,new_observed,17457373501.01,3403576.28925542,1,
3153806,Queluzito,2023,ok,ok,471051.91,471051.91,471051.91,new_observed,2825559.18,2825559.18,2449593.1993939215,new_observed,17975926235.1,3605258.067126271,1,
3153806,Queluzito,2024,ok,ok,478586.84,478586.84,478586.84,new_observed,3697886.98,3697886.98,3675176.789551479,new_observed,20140666841.11,4455849.662185144,1,
3153806,Queluzito,2025,ok,ok,452900.37,452900.37,452900.37,new_observed,3832252.06,3832252.06,3838766.3754682657,new_observed,21654451288.89,4291666.745468265,1,
3153905,Raposos,2019,ok,ok,1362743.42,1362743.42,1362743.42,new_observed,8367667.62,8367667.62,8589952.888931012,new_observed,12828054857.945,17339173.899576757,1,
3153905,Raposos,2020,ok,ok,2166551.94,2166551.94,2166551.94,new_observed,7961652.34,7961652.34,7573331.199364168,new_observed,12945081975.46,16614866.75856417,2,
3153905,Raposos,2021,ok,ok,2060767.74,2060767.74,2060767.74,new_observed,6994872.41,6994872.41,6876596.978905787,new_observed,16790773533.8425,12140713.989162989,1,
3153905,Raposos,2022,ok,ok,2601967.66,2601967.66,2601967.66,new_observed,7096602.04,7096602.04,6006780.398984754,new_observed,17457373501.01,10942615.513682483,2,
3153905,Raposos,2023,ok,ok,2619273.02,2619273.02,2619273.02,new_observed,7905319.17,7905319.17,6853445.581653114,new_observed,17975926235.1,11693168.418984652,1,
3153905,Raposos,2024,ok,absent_dca,,,2667851.247206538,imputed_temporal,,,8248781.34360067,imputed_temporal,20140666841.11,11710554.085428316,3,
3153905,Raposos,2025,ok,ok,2791648.84,,2791648.84,new_observed,9463887.15,,9479974.49119936,new_observed,21654451288.89,12271623.33119936,1,
3154002,Raul Soares,2019,ok,ok,1100923.51,1100923.51,1100923.51,new_observed,6745480.2,6745480.2,6924672.413221038,new_observed,12828054857.945,13981859.693196071,1,
3154002,Raul Soares,2020,ok,ok,1214379.18,1214379.18,1214379.18,new_observed,6673788.27,6673788.27,6348281.332156437,new_observed,12945081975.46,12900832.06870351,1,
3154002,Raul Soares,2021,ok,ok,1316170.63,1316170.63,1316170.63,new_observed,8505965.02,8505965.02,8362138.711149171,new_observed,16790773533.8425,13147229.558728632,1,
3154002,Raul Soares,2022,ok,ok,1878703.91,1878703.91,1878703.91,new_observed,9349586.14,9349586.14,7913774.852784549,new_observed,17457373501.01,12447260.541585587,1,
3154002,Raul Soares,2023,ok,ok,2245943.67,2245943.67,2245943.67,new_observed,9064132.38,9064132.38,7858068.305068819,new_observed,17975926235.1,12472439.929895,1,
3154002,Raul Soares,2024,ok,ok,2508398.07,2508398.07,2508398.07,new_observed,11360423.46,11360423.46,11290654.594226701,new_observed,20140666841.11,14802600.637872318,1,
3154002,Raul Soares,2025,ok,ok,3044518.65,3044518.65,3044518.65,new_observed,12391487.13,12391487.13,12412550.999239797,new_observed,21654451288.89,15457069.649239797,1,
3154101,Recreio,2019,ok,ok,194033.92,194033.92,194033.92,new_observed,3610374.38,3610374.38,3706283.1895327494,new_observed,12828054857.945,6794970.380538683,1,
3154101,Recreio,2020,ok,ok,215490.89,215490.89,215490.89,new_observed,3815708.86,3815708.86,3629601.7111855303,new_observed,12945081975.46,6559185.600989567,1,
3154101,Recreio,2021,ok,ok,292991.88,292991.88,292991.88,new_observed,4671522.65,4671522.65,4592532.452193786,new_observed,16790773533.8425,6636604.353718613,1,
3154101,Recreio,2022,ok,ok,286858.02,286858.02,286858.02,new_observed,5177768.66,5177768.66,4382621.305529139,new_observed,17457373501.01,5935394.619317116,1,
3154101,Recreio,2023,ok,ok,603151.01,603151.01,603151.01,new_observed,5224909.06,5224909.06,4529688.06720505,new_observed,17975926235.1,6336000.711224576,1,
3154101,Recreio,2024,ok,ok,433850.96,433850.96,433850.96,new_observed,7299972.97,7299972.97,7255140.940975208,new_observed,20140666841.11,8248180.450317094,1,
3154101,Recreio,2025,ok,ok,481132.7,481132.7,481132.7,new_observed,7076142.09,7076142.09,7088170.584251115,new_observed,21654451288.89,7569303.284251115,1,
3154150,Reduto,2019,ok,absent_dca,,,286145.0895497332,imputed_temporal,,,2903268.7740858668,imputed_temporal,12828054857.945,5556464.288945882,1,
3154150,Reduto,2020,ok,ok,301015.08,301015.08,301015.08,new_observed,3085344.02,3085344.02,2934859.640886764,new_observed,12945081975.46,5519945.831552284,1,
3154150,Reduto,2021,ok,ok,399727.96,399727.96,399727.96,new_observed,3821249.64,3821249.64,3756636.6031927126,new_observed,16790773533.8425,5646097.589558046,1,
3154150,Reduto,2022,ok,ok,923176.01,923176.01,923176.01,new_observed,4007412.18,4007412.18,3391995.8872988685,new_observed,17457373501.01,5485032.971583784,1,
3154150,Reduto,2023,ok,ok,697735.44,697735.44,697735.44,new_observed,4102802.1,4102802.1,3556887.498147924,new_observed,17975926235.1,5251926.576427273,1,
3154150,Reduto,2024,ok,ok,993718.28,993718.28,993718.28,new_observed,3794436.35,3794436.35,3771133.2115808553,new_observed,20140666841.11,5111379.414580577,1,
3154150,Reduto,2025,ok,ok,682397.97,682397.97,682397.97,new_observed,4246966.09,4246966.09,4254185.3638004,new_observed,21654451288.89,4936583.3338004,1,
3154200,Resende Costa,2019,ok,ok,454603.19,454603.19,454603.19,new_observed,4814062.9,4814062.9,4941947.433059083,new_observed,12828054857.945,9401646.227979902,1,
3154200,Resende Costa,2020,ok,ok,724664.96,724664.96,724664.96,new_observed,5365699.32,5365699.32,5103993.031999574,new_observed,12945081975.46,9942868.36224147,1,
3154200,Resende Costa,2021,ok,ok,908012.0,908012.0,908012.0,new_observed,6722833.15,6722833.15,6609157.597054393,new_observed,16790773533.8425,10211489.511311175,1,
3154200,Resende Costa,2022,ok,ok,972403.12,972403.12,972403.12,new_observed,7124932.21,7124932.21,6030759.918886917,new_observed,17457373501.01,8901749.707286613,1,
3154200,Resende Costa,2023,ok,ok,995522.22,995522.22,995522.22,new_observed,6837712.48,6837712.48,5927893.533066593,new_observed,17975926235.1,8546296.986076534,1,
3154200,Resende Costa,2024,ok,ok,1522203.5,1522203.5,1522203.5,new_observed,8802772.48,8802772.48,8748711.163205564,new_observed,20140666841.11,11017875.766156366,1,
3154200,Resende Costa,2025,ok,ok,2482474.42,2482474.42,2482474.42,new_observed,9412055.74,9412055.74,9428054.974741166,new_observed,21654451288.89,11910529.394741166,1,
3154309,Resplendor,2019,ok,ok,2518499.8,2518499.8,2518499.8,new_observed,6178777.67,6178777.67,6342915.553866005,new_observed,12828054857.945,15437989.570643812,1,
3154309,Resplendor,2020,ok,ok,3184774.03,3184774.03,3184774.03,new_observed,6122681.71,6122681.71,5824054.409554808,new_observed,12945081975.46,15367790.56095924,1,
3154309,Resplendor,2021,ok,ok,3135613.96,3135613.96,3135613.96,new_observed,7817583.29,7817583.29,7685396.742548783,new_observed,16790773533.8425,14699500.372342512,1,
3154309,Resplendor,2022,ok,ok,4135159.98,4135159.98,4135159.98,new_observed,8103363.76,8103363.76,6858934.223034352,new_observed,17457373501.01,13974638.932481205,1,
3154309,Resplendor,2023,ok,ok,4602817.47,4602817.47,4602817.47,new_observed,8499911.88,8499911.88,7368922.400944228,new_observed,17975926235.1,14777972.03379342,1,
3154309,Resplendor,2024,ok,ok,4643636.83,4643636.83,4643636.83,new_observed,9281921.03,9281921.03,9224917.071939757,new_observed,20140666841.11,14877156.412876446,1,
3154309,Resplendor,2025,ok,ok,6045289.06,6045289.06,6045289.06,new_observed,9733125.79,9733125.79,9749670.800843667,new_observed,21654451288.89,15794959.860843666,1,
3154408,Ressaquinha,2019,ok,ok,200229.14,200229.14,200229.14,new_observed,3835083.06,3835083.06,3936961.206704502,new_observed,12828054857.945,7207641.0904639065,6,
3154408,Ressaquinha,2020,ok,ok,447178.18,447178.18,447178.18,new_observed,4312716.76,4312716.76,4102368.578496451,new_observed,12945081975.46,7760885.025280774,1,
3154408,Ressaquinha,2021,ok,ok,463955.17,463955.17,463955.17,new_observed,5578774.84,5578774.84,5484444.027298507,new_observed,16790773533.8425,8080437.088463098,1,
3154408,Ressaquinha,2022,ok,ok,913284.24,913284.24,913284.24,new_observed,6324282.3,6324282.3,5353065.4168239385,new_observed,17457373501.01,7965183.148478287,1,
3154408,Ressaquinha,2023,ok,ok,1034034.9,1034034.9,1034034.9,new_observed,6090723.2,6090723.2,5280297.873679922,new_observed,17975926235.1,7794442.090074197,1,
3154408,Ressaquinha,2024,ok,ok,1111969.92,1111969.92,1111969.92,new_observed,8849529.44,8849529.44,8795180.970171373,new_observed,20140666841.11,10627656.95985308,1,
3154408,Ressaquinha,2025,ok,ok,1971685.5,1971685.5,1971685.5,new_observed,9338822.52,9338822.52,9354697.26807109,new_observed,21654451288.89,11326382.76807109,1,
3154457,Riachinho,2019,ok,ok,336945.41,336945.41,336945.41,new_observed,4409360.7,4409360.7,4526494.407207808,new_observed,12828054857.945,8472882.736813799,1,
3154457,Riachinho,2020,ok,ok,339255.4,339255.4,339255.4,new_observed,4125286.07,4125286.07,3924079.621421072,new_observed,12945081975.46,7272648.173954952,1,
3154457,Riachinho,2021,ok,ok,292502.98,292502.98,292502.98,new_observed,5539428.77,5539428.77,5445763.255122161,new_observed,16790773533.8425,7794987.823079311,1,
3154457,Riachinho,2022,ok,ok,453429.12,453429.12,453429.12,new_observed,6047063.51,6047063.51,5118418.978343042,new_observed,17457373501.01,7082399.324856207,1,
3154457,Riachinho,2023,ok,ok,466167.73,466167.73,466167.73,new_observed,6132529.36,6132529.36,5316541.349291278,new_observed,17975926235.1,7138203.299984476,1,
3154457,Riachinho,2024,ok,ok,829000.68,829000.68,829000.68,new_observed,6947158.27,6947158.27,6904493.01596681,new_observed,20140666841.11,8295918.676625695,1,
3154457,Riachinho,2025,ok,ok,1366632.17,1366632.17,1366632.17,new_observed,8621315.72,8621315.72,8635970.802565629,new_observed,21654451288.89,10002602.972565629,1,
3154507,Riacho dos Machados,2019,ok,ok,3064620.61,3064620.61,3064620.61,new_observed,6105263.71,6105263.71,6267448.711520422,new_observed,12828054857.945,16257943.353857584,1,
3154507,Riacho dos Machados,2020,ok,ok,4714896.61,4714896.61,4714896.61,new_observed,5444220.86,5444220.86,5178684.767246095,new_observed,12945081975.46,16877054.27220215,1,
3154507,Riacho dos Machados,2021,ok,ok,6039340.22,6039340.22,6039340.22,new_observed,6812062.02,6812062.02,6696877.707144747,new_observed,16790773533.8425,17301160.243580822,1,
3154507,Riacho dos Machados,2022,ok,ok,5471946.38,5471946.38,5471946.38,new_observed,10393703.48,10393703.48,8797547.612874685,new_observed,17457373501.01,18138013.247566693,1,
3154507,Riacho dos Machados,2023,ok,ok,3904619.09,3904619.09,3904619.09,new_observed,9583677.79,9583677.79,8308483.540439087,new_observed,17975926235.1,15075911.359928554,1,
3154507,Riacho dos Machados,2024,ok,ok,4024375.24,4024375.24,4024375.24,new_observed,6637414.19,6637414.19,6596651.197200092,new_observed,20140666841.11,11393449.720047675,1,
3154507,Riacho dos Machados,2025,ok,ok,3242009.31,3242009.31,3242009.31,new_observed,7319722.23,7319722.23,7332164.777880396,new_observed,21654451288.89,10574174.087880395,1,
3154606,Ribeirão das Neves,2019,ok,ok,16802302.28,16802302.28,16802302.28,new_observed,65680537.05,65680537.05,67425326.22001874,new_observed,12828054857.945,146737874.0774251,2,
3154606,Ribeirão das Neves,2020,ok,ok,21469612.81,21469612.81,21469612.81,new_observed,80105845.64,80105845.64,76198768.06085984,new_observed,12945081975.46,166608480.97197694,1,
3154606,Ribeirão das Neves,2021,ok,ok,24719692.13,24719692.13,24719692.13,new_observed,97545295.14,97545295.14,95895913.82785456,new_observed,16790773533.8425,163846907.9667568,1,
3154606,Ribeirão das Neves,2022,ok,ok,28548213.84,28548213.84,28548213.84,new_observed,102337898.37,102337898.37,86621918.28389601,new_observed,17457373501.01,146393234.63258964,1,
3154606,Ribeirão das Neves,2023,ok,ok,37661796.14,37661796.14,37661796.14,new_observed,100688130.77,100688130.77,87290672.28168191,new_observed,17975926235.1,154241915.02612653,1,
3154606,Ribeirão das Neves,2024,ok,ok,43951499.98,43951499.98,43951499.98,new_observed,162983136.83,162983136.83,161982192.7510366,new_observed,20140666841.11,220910397.65958267,1,
3154606,Ribeirão das Neves,2025,ok,ok,47403984.88,47403984.88,47403984.88,new_observed,182489737.16,182489737.16,182799945.2827875,new_observed,21654451288.89,230203930.1627875,1,
3154705,Ribeirão Vermelho,2019,ok,ok,241448.49,241448.49,241448.49,new_observed,2926399.83,2926399.83,3004139.0044930736,new_observed,12828054857.945,5654327.654186349,1,
3154705,Ribeirão Vermelho,2020,ok,ok,293200.97,293200.97,293200.97,new_observed,2767990.4,2767990.4,2632984.606793381,new_observed,12945081975.46,4991659.835502721,1,
3154705,Ribeirão Vermelho,2021,ok,ok,239634.85,239634.85,239634.85,new_observed,3429079.24,3429079.24,3371097.363906392,new_observed,16790773533.8425,4904898.533206754,1,
3154705,Ribeirão Vermelho,2022,ok,ok,379836.47,379836.47,379836.47,new_observed,3312165.57,3312165.57,2803517.9529481074,new_observed,17457373501.01,4046375.065854787,1,
3154705,Ribeirão Vermelho,2023,ok,ok,470564.22,470564.22,470564.22,new_observed,3165434.24,3165434.24,2744244.835612562,new_observed,17975926235.1,3968375.42662721,1,
3154705,Ribeirão Vermelho,2024,ok,ok,536607.26,536607.26,536607.26,new_observed,3228822.97,3228822.97,3208993.487657828,new_observed,20140666841.11,4018002.7836426776,1,
3154705,Ribeirão Vermelho,2025,ok,ok,532517.94,532517.94,532517.94,new_observed,2992963.56,2992963.56,2998051.1973760403,new_observed,21654451288.89,3530569.13737604,1,
3154804,Rio Acima,2019,ok,ok,2021378.23,2021378.23,2021378.23,new_observed,30986511.43,30986511.43,31809661.36128891,new_observed,12828054857.945,58939031.240251884,1,
3154804,Rio Acima,2020,ok,ok,2473268.68,2473268.68,2473268.68,new_observed,29311681.54,29311681.54,27882035.39074764,new_observed,12945081975.46,51781866.9212593,1,
3154804,Rio Acima,2021,ok,ok,3015969.05,3015969.05,3015969.05,new_observed,33364722.31,33364722.31,32800562.353499237,new_observed,16790773533.8425,48653968.76261715,1,
3154804,Rio Acima,2022,ok,ok,5289942.68,5289942.68,5289942.68,new_observed,19955384.3,19955384.3,16890845.87127956,new_observed,17457373501.01,28194092.711730078,1,
3154804,Rio Acima,2023,ok,ok,4252612.98,4252612.98,4252612.98,new_observed,32683940.17,32683940.17,28335048.91227577,new_observed,17975926235.1,40226363.19216849,1,
3154804,Rio Acima,2024,ok,ok,4974938.1,4974938.1,4974938.1,new_observed,45944586.04,45944586.04,45662422.11647011,new_observed,20140666841.11,54320005.79167993,2,
3154804,Rio Acima,2025,ok,ok,7026761.58,7026761.58,7026761.58,new_observed,49005156.28,49005156.28,49088458.485225916,new_observed,21654451288.89,56115220.065225914,1,
3154903,Rio Casca,2019,ok,ok,972422.11,972422.11,972422.11,new_observed,5146308.78,5146308.78,5283019.352541161,new_observed,12828054857.945,10897970.155112043,2,
3154903,Rio Casca,2020,ok,ok,1062086.76,1062086.76,1062086.76,new_observed,5703282.58,5703282.58,5425111.026878143,new_observed,12945081975.46,11066244.360758211,5,
3154903,Rio Casca,2021,ok,ok,1244195.03,1244195.03,1244195.03,new_observed,7169805.62,7169805.62,7048572.264927664,new_observed,16790773533.8425,11265078.585573044,1,
3154903,Rio Casca,2022,ok,ok,1863172.96,1863172.96,1863172.96,new_observed,7627783.3,7627783.3,6456388.417426778,new_observed,17457373501.01,10575029.118275778,1,
3154903,Rio Casca,2023,ok,ok,2019590.24,2019590.24,2019590.24,new_observed,7370055.43,7370055.43,6389403.481007339,new_observed,17975926235.1,10380101.420595746,1,
3154903,Rio Casca,2024,ok,ok,3245898.61,3245898.61,3245898.61,new_observed,8168181.7,8168181.7,8118017.656850924,new_observed,20140666841.11,12190366.851523418,1,
3154903,Rio Casca,2025,ok,ok,2714584.7,2714584.7,2714584.7,new_observed,7635168.48,7635168.48,7648147.24427577,new_observed,21654451288.89,10362731.94427577,1,
3155009,Rio Doce,2019,ok,ok,3858859.52,3858859.52,3858859.52,new_observed,3708535.65,3708535.65,3807052.0923034884,new_observed,12828054857.945,13355232.634320337,1,
3155009,Rio Doce,2020,ok,ok,3874134.21,3874134.21,3874134.21,new_observed,4190304.0,4190304.0,3985926.370909644,new_observed,12945081975.46,13408154.635680933,1,
3155009,Rio Doce,2021,ok,ok,4991947.24,4991947.24,4991947.24,new_observed,3796142.22,3796142.22,3731953.721447323,new_observed,16790773533.8425,11850740.097768238,1,
3155009,Rio Doce,2022,ok,ok,13468672.43,13468672.43,13468672.43,new_observed,4166717.61,4166717.61,3526836.8617514586,new_observed,17457373501.01,21603062.647971917,1,
3155009,Rio Doce,2023,ok,ok,10198498.04,10198498.04,10198498.04,new_observed,3576997.84,3576997.84,3101046.2088820045,new_observed,17975926235.1,16417020.006355597,1,
3155009,Rio Doce,2024,ok,ok,4431096.71,4431096.71,4431096.71,new_observed,3343343.79,3343343.79,3322810.989885654,new_observed,20140666841.11,8317817.306537732,1,
3155009,Rio Doce,2025,ok,ok,7732179.64,7732179.64,7732179.64,new_observed,3872618.2,3872618.2,3879201.1325023435,new_observed,21654451288.89,11611380.772502344,1,
3155108,Rio do Prado,2019,ok,ok,146184.7,146184.7,146184.7,new_observed,1800849.5,1800849.5,1848688.6749757116,new_observed,12828054857.945,3475385.4917989154,1,
3155108,Rio do Prado,2020,ok,ok,146419.12,146419.12,146419.12,new_observed,2369561.21,2369561.21,2253988.377555319,new_observed,12945081975.46,4094756.5969198737,5,
3155108,Rio do Prado,2021,ok,ok,197522.7,197522.7,197522.7,new_observed,3061864.29,3061864.29,3010091.6060073655,new_observed,16790773533.8425,4357294.247420034,1,
3155108,Rio do Prado,2022,ok,ok,342685.46,342685.46,342685.46,new_observed,3192949.8,3192949.8,2702610.08937487,new_observed,17457373501.01,3870887.8566330783,1,
3155108,Rio do Prado,2023,ok,ok,291164.01,291164.01,291164.01,new_observed,3351324.18,3351324.18,2905400.4525548145,new_observed,17975926235.1,3945854.2151005785,1,
3155108,Rio do Prado,2024,ok,ok,240198.32,240198.32,240198.32,new_observed,4838850.08,4838850.08,4809132.782672367,new_observed,20140666841.11,5416548.05007117,1,
3155108,Rio do Prado,2025,ok,ok,334126.72,334126.72,334126.72,new_observed,5230017.84,5230017.84,5238908.1701716585,new_observed,21654451288.89,5573034.890171658,1,
3155207,Rio Espera,2019,ok,ok,374936.17,374936.17,374936.17,new_observed,2083119.58,2083119.58,2138457.198209046,new_observed,12828054857.945,4378729.475580715,1,
3155207,Rio Espera,2020,ok,ok,150959.14,150959.14,150959.14,new_observed,2229181.58,2229181.58,2120455.614978776,new_observed,12945081975.46,3874713.1733936504,2,
3155207,Rio Espera,2021,ok,ok,353097.19,353097.19,353097.19,new_observed,2745533.78,2745533.78,2699109.889415664,new_observed,16790773533.8425,4146185.6321581197,1,
3155207,Rio Espera,2022,ok,ok,202842.81,202842.81,202842.81,new_observed,3212895.99,3212895.99,2719493.1529102223,new_observed,17457373501.01,3714593.4141444555,1,
3155207,Rio Espera,2023,ok,ok,218270.15,218270.15,218270.15,new_observed,3145577.83,3145577.83,2727030.4989797766,new_observed,17975926235.1,3635692.98121609,1,
3155207,Rio Espera,2024,ok,ok,306183.06,306183.06,306183.06,new_observed,4162094.42,4162094.42,4136533.347567513,new_observed,20140666841.11,4765816.779512239,1,
3155207,Rio Espera,2025,ok,ok,570389.5,570389.5,570389.5,new_observed,4445978.51,4445978.51,4453536.07827208,new_observed,21654451288.89,5023925.57827208,1,
3155306,Rio Manso,2019,ok,ok,536616.62,536616.62,536616.62,new_observed,3184358.13,3184358.13,3268949.9105826644,new_observed,12828054857.945,6629899.859495371,1,
3155306,Rio Manso,2020,ok,ok,470488.65,470488.65,470488.65,new_observed,3445053.18,3445053.18,3277024.3684821264,new_observed,12945081975.46,6392728.59716568,1,
3155306,Rio Manso,2021,ok,ok,406714.17,406714.17,406714.17,new_observed,3839663.02,3839663.02,3774738.6336312415,new_observed,16790773533.8425,5680178.010491435,1,
3155306,Rio Manso,2022,ok,ok,654322.16,654322.16,654322.16,new_observed,3960964.8,3960964.8,3352681.4083136283,new_observed,17457373501.01,5093318.925072683,1,
3155306,Rio Manso,2023,ok,ok,851948.24,851948.24,851948.24,new_observed,4218923.27,4218923.27,3657557.705429749,new_observed,17975926235.1,5566555.36005477,1,
3155306,Rio Manso,2024,ok,ok,1057127.0,1057127.0,1057127.0,new_observed,4614088.03,4614088.03,4585751.085557327,new_observed,20140666841.11,6053261.247799403,2,
3155306,Rio Manso,2025,ok,ok,823860.14,823860.14,823860.14,new_observed,5068734.66,5068734.66,5077350.8303570645,new_observed,21654451288.89,5901210.970357064,1,
3155405,Rio Novo,2019,ok,ok,520830.15,520830.15,520830.15,new_observed,3213955.83,3213955.83,3299333.8670406183,new_observed,12828054857.945,6655330.993766397,1,
3155405,Rio Novo,2020,ok,ok,444582.71,444582.71,444582.71,new_observed,3458753.82,3458753.82,3290056.7743109963,new_observed,12945081975.46,6370768.163769852,1,
3155405,Rio Novo,2021,ok,ok,458959.4,458959.4,458959.4,new_observed,4393658.12,4393658.12,4319366.29911122,new_observed,16790773533.8425,6490983.358579903,1,
3155405,Rio Novo,2022,ok,ok,725143.31,725143.31,725143.31,new_observed,4525096.92,4525096.92,3830180.0395957218,new_observed,17457373501.01,5790290.482842259,1,
3155405,Rio Novo,2023,ok,ok,787696.94,787696.94,787696.94,new_observed,4596511.91,4596511.91,3984904.791719551,new_observed,17975926235.1,5891322.036737742,2,
3155405,Rio Novo,2024,ok,ok,1056620.39,1056620.39,1056620.39,new_observed,5175181.01,5175181.01,5143398.17104945,new_observed,20140666841.11,6650920.243571223,1,
3155405,Rio Novo,2025,ok,ok,1708065.23,1708065.23,1708065.23,new_observed,5609903.29,5609903.29,5619439.374580388,new_observed,21654451288.89,7327504.6045803875,1,
3155504,Rio Paranaíba,2019,ok,ok,1570700.51,1570700.51,1570700.51,new_observed,25610793.25,25610793.25,26291138.397972405,new_observed,12828054857.945,48539737.87523471,1,
3155504,Rio Paranaíba,2020,ok,ok,1760119.03,1760119.03,1760119.03,new_observed,24615211.48,24615211.48,23414630.67205859,new_observed,12945081975.46,42944571.92093293,1,
3155504,Rio Paranaíba,2021,ok,ok,2216120.61,2216120.61,2216120.61,new_observed,32698660.97,32698660.97,32145763.362189267,new_observed,16790773533.8425,46677943.50527853,6,
3155504,Rio Paranaíba,2022,ok,ok,2698634.71,2698634.71,2698634.71,new_observed,37587969.38,37587969.38,31815603.641968224,new_observed,17457373501.01,43871192.122879066,1,
3155504,Rio Paranaíba,2023,ok,ok,3778018.28,3778018.28,3778018.28,new_observed,37770454.34,37770454.34,32744756.77033338,new_observed,17975926235.1,45083885.39249018,1,
3155504,Rio Paranaíba,2024,ok,ok,4909346.92,4909346.92,4909346.92,new_observed,44607794.37,44607794.37,44333840.214259095,new_observed,20140666841.11,52824440.27292932,1,
3155504,Rio Paranaíba,2025,ok,ok,5122164.44,5122164.44,5122164.44,new_observed,51116099.37,51116099.37,51202989.89588137,new_observed,21654451288.89,56325154.33588137,1,
3155603,Rio Pardo de Minas,2019,ok,ok,911932.67,911932.67,911932.67,new_observed,6221182.53,6221182.53,6386446.889741618,new_observed,12828054857.945,12714933.566084916,1,
3155603,Rio Pardo de Minas,2020,ok,ok,887955.3,887955.3,887955.3,new_observed,7019130.26,7019130.26,6676779.6332160765,new_observed,12945081975.46,12904370.738419963,1,
3155603,Rio Pardo de Minas,2021,ok,ok,1305835.5,1305835.5,1305835.5,new_observed,8978443.61,8978443.61,8826628.219198918,new_observed,16790773533.8425,13764162.914840259,1,
3155603,Rio Pardo de Minas,2022,ok,ok,2552891.46,2552891.46,2552891.46,new_observed,9192006.03,9192006.03,7780394.241798805,new_observed,17457373501.01,13134682.494257115,1,
3155603,Rio Pardo de Minas,2023,ok,ok,3318427.28,3318427.28,3318427.28,new_observed,9603984.6,9603984.6,8326088.347313947,new_observed,17975926235.1,14374044.887591062,1,
3155603,Rio Pardo de Minas,2024,ok,ok,3847179.83,3847179.83,3847179.83,new_observed,13866490.71,13866490.71,13781331.091390794,new_observed,20140666841.11,18910559.5405264,1,
3155603,Rio Pardo de Minas,2025,ok,ok,3275461.23,3275461.23,3275461.23,new_observed,15143060.15,15143060.15,15168801.325013427,new_observed,21654451288.89,18444262.555013426,1,
3155702,Rio Piracicaba,2019,ok,ok,2293853.99,2293853.99,2293853.99,new_observed,11110806.04,11110806.04,11405962.183958035,new_observed,12828054857.945,23867250.4072423,1,
3155702,Rio Piracicaba,2020,ok,ok,3174902.05,3174902.05,3174902.05,new_observed,12912737.31,12912737.31,12282932.256122194,new_observed,12945081975.46,26368884.892899103,1,
3155702,Rio Piracicaba,2021,ok,ok,6761437.69,6761437.69,6761437.69,new_observed,17839054.57,17839054.57,17537416.206080228,new_observed,16790773533.8425,33008100.787553713,1,
3155702,Rio Piracicaba,2022,ok,ok,9956090.08,9956090.08,9956090.08,new_observed,25756940.09,25756940.09,21801459.62791463,new_observed,17457373501.01,40367153.70566342,1,
3155702,Rio Piracicaba,2023,ok,ok,10800051.09,10800051.09,10800051.09,new_observed,23549843.09,23549843.09,20416325.337789577,new_observed,17975926235.1,38533641.96175589,1,
3155702,Rio Piracicaba,2024,ok,ok,14006987.76,14006987.76,14006987.76,new_observed,15372782.5,15372782.5,15278372.146144703,new_observed,20140666841.11,31415162.89381531,1,
3155702,Rio Piracicaba,2025,ok,ok,17680256.68,17680256.68,17680256.68,new_observed,7469824.41,7469824.41,7482522.111491819,new_observed,21654451288.89,25162778.791491818,1,
3155801,Rio Pomba,2019,ok,partial,,,1058855.8598266812,imputed_temporal,6506820.0,6506820.0,6679672.2569573205,new_observed,12828054857.945,13481742.090661043,1,
3155801,Rio Pomba,2020,ok,ok,1113881.01,1113881.01,1113881.01,new_observed,7348077.53,7348077.53,6989682.849338759,new_observed,12945081975.46,13823536.88087668,1,
3155801,Rio Pomba,2021,ok,ok,1670000.49,1670000.49,1670000.49,new_observed,9300301.32,9300301.32,9143043.677050501,new_observed,16790773533.8425,14688678.454247959,1,
3155801,Rio Pomba,2022,ok,ok,2190985.14,2190985.14,2190985.14,new_observed,9181284.92,9181284.92,7771319.567322152,new_observed,17457373501.01,12663127.007021692,1,
3155801,Rio Pomba,2023,ok,ok,2538160.01,2538160.01,2538160.01,new_observed,8908882.22,8908882.22,7723475.570705769,new_observed,17975926235.1,12667011.25044482,1,
3155801,Rio Pomba,2024,ok,ok,3314307.43,3314307.43,3314307.43,new_observed,8699220.57,8699220.57,8645795.206551386,new_observed,20140666841.11,12829911.387743462,1,
3155801,Rio Pomba,2025,ok,ok,3833750.38,3833750.38,3833750.38,new_observed,9513574.03,9513574.03,9529745.832243644,new_observed,21654451288.89,13363496.212243643,1,
3155900,Rio Preto,2019,ok,ok,228130.16,228130.16,228130.16,new_observed,2705751.43,2705751.43,2777629.127775718,new_observed,12828054857.945,5236508.919120121,1,
3155900,Rio Preto,2020,ok,ok,663288.26,663288.26,663288.26,new_observed,2939810.42,2939810.42,2796424.287725414,new_observed,12945081975.46,5901781.590281265,1,
3155900,Rio Preto,2021,ok,ok,613935.03,613935.03,613935.03,new_observed,3703560.22,3703560.22,3640937.179016772,new_observed,16790773533.8425,5779912.555301337,1,
3155900,Rio Preto,2022,ok,ok,362563.86,362563.86,362563.86,new_observed,3891076.84,3891076.84,3293526.1075250506,new_observed,17457373501.01,4647271.185535963,1,
3155900,Rio Preto,2023,ok,ok,389596.97,389596.97,389596.97,new_observed,3885415.94,3885415.94,3368426.515646627,new_observed,17975926235.1,4638921.8753417935,1,
3155900,Rio Preto,2024,ok,ok,447793.49,447793.49,447793.49,new_observed,5085374.39,5085374.39,5054143.089118291,new_observed,20140666841.11,5902069.649080038,1,
3155900,Rio Preto,2025,ok,ok,537796.59,537796.59,537796.59,new_observed,4486735.7,4486735.7,4494362.550038806,new_observed,21654451288.89,5032159.140038806,1,
3156007,Rio Vermelho,2019,ok,ok,334371.92,334371.92,334371.92,new_observed,3545951.63,3545951.63,3640149.063201931,new_observed,12828054857.945,6924245.285512686,1,
3156007,Rio Vermelho,2020,ok,ok,497958.19,497958.19,497958.19,new_observed,3852450.48,3852450.48,3664551.2976756617,new_observed,12945081975.46,7100654.035517016,1,
3156007,Rio Vermelho,2021,ok,ok,334793.8,334793.8,334793.8,new_observed,4653045.24,4653045.24,4574367.4744305955,new_observed,16790773533.8425,6668713.299062246,1,
3156007,Rio Vermelho,2022,ok,ok,353296.15,353296.15,353296.15,new_observed,4845547.27,4845547.27,4101418.988937709,new_observed,17457373501.01,5662406.967236154,1,
3156007,Rio Vermelho,2023,ok,ok,903187.6,903187.6,903187.6,new_observed,4945607.24,4945607.24,4287549.858353115,new_observed,17975926235.1,6407470.745374301,1,
3156007,Rio Vermelho,2024,ok,ok,1143378.42,1143378.42,1143378.42,new_observed,6167183.72,6167183.72,6129308.598999892,new_observed,20140666841.11,7801599.437734046,1,
3156007,Rio Vermelho,2025,ok,ok,1073028.94,1073028.94,1073028.94,new_observed,6610153.61,6610153.61,6621389.986218227,new_observed,21654451288.89,7694418.926218227,1,
3156106,Ritápolis,2019,ok,ok,151465.86,151465.86,151465.86,new_observed,2486330.01,2486330.01,2552378.825514985,new_observed,12828054857.945,4710525.845897757,1,
3156106,Ritápolis,2020,ok,ok,360478.26,360478.26,360478.26,new_observed,2290622.85,2290622.85,2178900.152261794,new_observed,12945081975.46,4331821.374610277,1,
3156106,Ritápolis,2021,ok,ok,270603.79,270603.79,270603.79,new_observed,2810050.81,2810050.81,2762536.008947411,new_observed,16790773533.8425,4120284.216472741,1,
3156106,Ritápolis,2022,ok,ok,390520.49,390520.49,390520.49,new_observed,3868279.12,3868279.12,3274229.422031673,new_observed,17457373501.01,4658278.877067474,1,
3156106,Ritápolis,2023,ok,ok,354676.98,354676.98,354676.98,new_observed,4016733.04,4016733.04,3482270.69820738,new_observed,17975926235.1,4736346.270043459,1,
3156106,Ritápolis,2024,ok,ok,668102.89,668102.89,668102.89,new_observed,4741695.52,4741695.52,4712574.887354786,new_observed,20140666841.11,5771992.196662931,1,
3156106,Ritápolis,2025,ok,ok,617227.8,617227.8,617227.8,new_observed,5699393.17,5699393.17,5709081.375396139,new_observed,21654451288.89,6326309.175396139,1,
3156205,Rochedo de Minas,2019,ok,ok,16339.34,16339.34,16339.34,new_observed,1794229.92,1794229.92,1841893.247273899,new_observed,12828054857.945,3237335.589923496,1,
3156205,Rochedo de Minas,2020,ok,ok,22659.39,22659.39,22659.39,new_observed,2197199.89,2197199.89,2090033.797956131,new_observed,12945081975.46,3603956.568816574,1,
3156205,Rochedo de Minas,2021,ok,ok,33685.68,33685.68,33685.68,new_observed,2814888.28,2814888.28,2767291.68276642,new_observed,16790773533.8425,3804909.626159971,1,
3156205,Rochedo de Minas,2022,ok,ok,28057.42,28057.42,28057.42,new_observed,3370508.11,3370508.11,2852900.858136206,new_observed,17457373501.01,3661998.066687881,1,
3156205,Rochedo de Minas,2023,ok,ok,66297.15,66297.15,66297.15,new_observed,3296894.18,3296894.18,2858212.852030726,new_observed,17975926235.1,3610028.908784711,1,
3156205,Rochedo de Minas,2024,ok,ok,129136.52,129136.52,129136.52,new_observed,5019115.0,5019115.0,4988290.624309363,new_observed,20140666841.11,5489596.434905988,1,
3156205,Rochedo de Minas,2025,ok,ok,96212.52,96212.52,96212.52,new_observed,5329857.71,5329857.71,5338917.75458483,new_observed,21654451288.89,5435130.27458483,1,
3156304,Rodeiro,2019,ok,ok,374574.13,374574.13,374574.13,new_observed,6010791.41,6010791.41,6170466.775434755,new_observed,12828054857.945,11402498.269473035,1,
3156304,Rodeiro,2020,ok,ok,426591.75,426591.75,426591.75,new_observed,6840650.62,6840650.62,6507005.14817956,new_observed,12945081975.46,11827738.276987959,1,
3156304,Rodeiro,2021,ok,ok,544948.87,544948.87,544948.87,new_observed,9283028.59,9283028.59,9126063.009502418,new_observed,16790773533.8425,13137316.525358437,1,
3156304,Rodeiro,2022,ok,ok,601873.44,601873.44,601873.44,new_observed,9389114.18,9389114.18,7947232.591367601,new_observed,17457373501.01,10866804.28396601,1,
3156304,Rodeiro,2023,ok,ok,783235.73,783235.73,783235.73,new_observed,9153015.74,9153015.74,7935124.937163595,new_observed,17975926235.1,10761985.434762573,1,
3156304,Rodeiro,2024,ok,ok,1075987.51,1075987.51,1075987.51,new_observed,9425674.83,9425674.83,9367788.022844218,new_observed,20140666841.11,11203308.091218058,1,
3156304,Rodeiro,2025,ok,ok,1141342.94,1141342.94,1141342.94,new_observed,10481455.43,10481455.43,10499272.501050798,new_observed,21654451288.89,11640615.441050798,2,
3156403,Romaria,2019,ok,ok,246046.17,246046.17,246046.17,new_observed,6805034.25,6805034.25,6985808.503596129,new_observed,12828054857.945,12599036.67405465,3,
3156403,Romaria,2020,ok,ok,404494.18,404494.18,404494.18,new_observed,7172900.03,7172900.03,6823049.445929359,new_observed,12945081975.46,12329169.931330955,1,
3156403,Romaria,2021,ok,ok,222985.52,222985.52,222985.52,new_observed,8991742.91,8991742.91,8839702.642982665,new_observed,16790773533.8425,12310956.128599873,1,
3156403,Romaria,2022,ok,ok,315156.25,315156.25,315156.25,new_observed,8607133.32,8607133.32,7285340.142593732,new_observed,17457373501.01,9661022.621109465,1,
3156403,Romaria,2023,ok,ok,701550.98,701550.98,701550.98,new_observed,9738172.62,9738172.62,8442421.448230322,new_observed,17975926235.1,11287362.595484458,1,
3156403,Romaria,2024,ok,ok,2065994.37,2065994.37,2065994.37,new_observed,11798120.57,11798120.57,11725663.632692708,new_observed,20140666841.11,14794668.193218075,5,
3156403,Romaria,2025,ok,ok,2004260.02,2004260.02,2004260.02,new_observed,15082957.42,15082957.42,15108596.428418538,new_observed,21654451288.89,17112856.44841854,1,
3156452,Rosário da Limeira,2019,ok,ok,102820.22,102820.22,102820.22,new_observed,2916260.55,2916260.55,2993730.376726895,new_observed,12828054857.945,5394681.7645089645,1,
3156452,Rosário da Limeira,2020,ok,partial,,,108163.43833689409,imputed_temporal,2867254.0,2867254.0,2727406.730083583,new_observed,12945081975.46,4837082.730742205,1,
3156452,Rosário da Limeira,2021,ok,partial,,,142967.00735888048,imputed_temporal,3883019.25,3883019.25,3817361.7585089034,new_observed,16790773533.8425,5379798.22483313,1,
3156452,Rosário da Limeira,2022,ok,ok,197388.57,197388.57,197388.57,new_observed,4132813.58,4132813.58,3498139.4567535887,new_observed,17457373501.01,4697401.066883034,1,
3156452,Rosário da Limeira,2023,ok,ok,226536.22,226536.22,226536.22,new_observed,3976979.87,3976979.87,3447807.043871055,new_observed,17975926235.1,4535626.61579624,1,
3156452,Rosário da Limeira,2024,ok,ok,227927.34,227927.34,227927.34,new_observed,5725911.09,5725911.09,5690745.999220183,new_observed,20140666841.11,6349113.948497878,1,
3156452,Rosário da Limeira,2025,ok,ok,227.27,227.27,227.27,new_observed,5597987.85,5597987.85,5607503.679927537,new_observed,21654451288.89,5607730.949927537,1,
3156502,Rubelita,2019,ok,ok,317070.18,317070.18,317070.18,new_observed,2537536.13,2537536.13,2604945.2249467243,new_observed,12828054857.945,5090613.806647463,1,
3156502,Rubelita,2020,ok,ok,389362.42,389362.42,389362.42,new_observed,3036451.13,3036451.13,2888351.4496908546,new_observed,12945081975.46,5591317.517713713,1,
3156502,Rubelita,2021,ok,ok,457028.32,457028.32,457028.32,new_observed,3774889.25,3774889.25,3711060.1152843516,new_observed,16790773533.8425,5662023.556818734,1,
3156502,Rubelita,2022,ok,ok,620110.19,620110.19,620110.19,new_observed,3819783.7,3819783.7,3233181.419529262,new_observed,17457373501.01,4897935.014043151,1,
3156502,Rubelita,2023,ok,ok,585674.35,585674.35,585674.35,new_observed,4443316.67,4443316.67,3852093.5518277287,new_observed,17975926235.1,5478001.581444635,1,
3156502,Rubelita,2024,ok,ok,817674.76,817674.76,817674.76,new_observed,4943101.53,4943101.53,4912743.98317398,new_observed,20140666841.11,6147168.37503542,1,
3156502,Rubelita,2025,ok,ok,633396.75,633396.75,633396.75,new_observed,5399475.57,5399475.57,5408653.955626904,new_observed,21654451288.89,6042050.705626904,1,
3156601,Rubim,2019,ok,ok,367543.64,367543.64,367543.64,new_observed,3564862.45,3564862.45,3659562.245018904,new_observed,12828054857.945,7015856.516157641,1,
3156601,Rubim,2020,ok,ok,161500.76,161500.76,161500.76,new_observed,3772353.94,3772353.94,3588361.3813820896,new_observed,12945081975.46,6396735.869473152,1,
3156601,Rubim,2021,ok,ok,168983.94,168983.94,168983.94,new_observed,4509555.11,4509555.11,4433303.601263994,new_observed,16790773533.8425,6251849.229804642,1,
3156601,Rubim,2022,ok,ok,175449.08,175449.08,175449.08,new_observed,4619393.32,4619393.32,3909995.388409452,new_observed,17457373501.01,5193025.479895128,1,
3156601,Rubim,2023,ok,ok,182812.17,182812.17,182812.17,new_observed,4877918.42,4877918.42,4228867.642698017,new_observed,17975926235.1,5445798.321456529,2,
3156601,Rubim,2024,ok,ok,261539.77,261539.77,261539.77,new_observed,6104967.93,6104967.93,6067474.900839758,new_observed,20140666841.11,6789297.706396282,4,
3156601,Rubim,2025,ok,ok,373489.38,373489.38,373489.38,new_observed,5864758.38,5864758.38,5874727.684115261,new_observed,21654451288.89,6248217.064115261,1,
3156700,Sabará,2019,ok,ok,16141801.15,16141801.15,16141801.15,new_observed,49663199.89,49663199.89,50982491.984864935,new_observed,12828054857.945,116941153.97725806,1,
3156700,Sabará,2020,ok,ok,18593142.06,18593142.06,18593142.06,new_observed,53287023.51,53287023.51,50688005.50885834,new_observed,12945081975.46,118183865.1723442,1,
3156700,Sabará,2021,ok,ok,23331565.76,23331565.76,23331565.76,new_observed,69557762.31,69557762.31,68381618.72353476,new_observed,16790773533.8425,124585219.11884776,1,
3156700,Sabará,2022,ok,ok,28076082.14,28076082.14,28076082.14,new_observed,80235154.29,80235154.29,67913481.60459757,new_observed,17457373501.01,122012734.27754602,1,
3156700,Sabará,2023,ok,ok,31969042.32,31969042.32,31969042.32,new_observed,73434707.92,73434707.92,63663561.674298726,new_observed,17975926235.1,118049336.40235552,1,
3156700,Sabará,2024,ok,ok,29942291.61,29942291.61,29942291.61,new_observed,63004024.89,63004024.89,62617092.18707696,new_observed,20140666841.11,99290844.59454533,1,
3156700,Sabará,2025,ok,ok,30042570.47,30042570.47,30042570.47,new_observed,69295489.27,69295489.27,69413282.32498829,new_observed,21654451288.89,99455852.79498829,1,
3156809,Sabinópolis,2019,ok,ok,690512.41,690512.41,690512.41,new_observed,4537230.23,4537230.23,4657760.763438835,new_observed,12828054857.945,9317539.261544848,1,
3156809,Sabinópolis,2020,ok,ok,889439.16,889439.16,889439.16,new_observed,5134880.21,5134880.21,4884431.879047689,new_observed,12945081975.46,9849409.548580311,1,
3156809,Sabinópolis,2021,ok,ok,816561.2,816561.2,816561.2,new_observed,6509544.98,6509544.98,6399475.8902999535,new_observed,16790773533.8425,9802424.451046638,1,
3156809,Sabinópolis,2022,ok,ok,1375923.45,1375923.45,1375923.45,new_observed,6577497.25,6577497.25,5567394.273059184,new_observed,17457373501.01,8825680.077078965,1,
3156809,Sabinópolis,2023,ok,ok,1890753.56,1890753.56,1890753.56,new_observed,7362169.66,7362169.66,6382566.983403356,new_observed,17975926235.1,10212625.811705038,2,
3156809,Sabinópolis,2024,ok,ok,1823229.07,1823229.07,1823229.07,new_observed,7336134.32,7336134.32,7291080.209784026,new_observed,20140666841.11,9777155.26142296,1,
3156809,Sabinópolis,2025,ok,ok,2702232.69,2702232.69,2702232.69,new_observed,8540241.9,8540241.9,8554759.167925196,new_observed,21654451288.89,11256991.857925195,1,
3156908,Sacramento,2019,ok,ok,4736890.73,4736890.73,4736890.73,new_observed,63794516.49,63794516.49,65489203.93437337,new_observed,12828054857.945,122344983.69864301,1,
3156908,Sacramento,2020,ok,ok,5213832.83,5213832.83,5213832.83,new_observed,52307369.95,52307369.95,49756133.51122774,new_observed,12945081975.46,93771008.68808563,1,
3156908,Sacramento,2021,ok,ok,6870103.9,6870103.9,6870103.9,new_observed,69267935.51,69267935.51,68096692.5689938,new_observed,16790773533.8425,101836555.09644221,1,
3156908,Sacramento,2022,ok,ok,9228135.18,9228135.18,9228135.18,new_observed,82698376.05,82698376.05,69998427.62565424,new_observed,17457373501.01,100705213.96523853,1,
3156908,Sacramento,2023,ok,ok,9489497.29,9489497.29,9489497.29,new_observed,74159235.85,74159235.85,64291684.667673424,new_observed,17975926235.1,91075838.21103567,1,
3156908,Sacramento,2024,ok,ok,10795801.37,10795801.37,10795801.37,new_observed,91477850.71,91477850.71,90916048.95059481,new_observed,20140666841.11,109108932.11807191,1,
3156908,Sacramento,2025,ok,ok,12168994.92,12168994.92,12168994.92,new_observed,96494147.55,96494147.55,96658174.68290788,new_observed,21654451288.89,108827169.60290788,1,
3157005,Salinas,2019,ok,partial,,,2658244.7311178027,imputed_temporal,9801173.32,9801173.32,10061539.35581963,new_observed,12828054857.945,22159879.232984044,1,
3157005,Salinas,2020,ok,ok,2796384.7,2796384.7,2796384.7,new_observed,10337673.2,10337673.2,9833464.164348427,new_observed,12945081975.46,21544740.63593857,1,
3157005,Salinas,2021,ok,ok,3335480.82,3335480.82,3335480.82,new_observed,12807856.29,12807856.29,12591289.834559465,new_observed,16790773533.8425,21635277.665123,2,
3157005,Salinas,2022,ok,ok,5230585.73,5230585.73,5230585.73,new_observed,12423947.4,12423947.4,10516007.985187456,new_observed,17457373501.01,20015560.856799666,1,
3157005,Salinas,2023,ok,ok,8447239.37,8447239.37,8447239.37,new_observed,11854461.27,11854461.27,10277118.920393884,new_observed,17975926235.1,23113435.98750817,1,
3157005,Salinas,2024,ok,ok,9306415.35,9306415.35,9306415.35,new_observed,19838172.43,19838172.43,19716338.345704675,new_observed,20140666841.11,31133458.420852013,1,
3157005,Salinas,2025,ok,ok,9259781.3,9259781.3,9259781.3,new_observed,21954960.11,21954960.11,21992280.603018336,new_observed,21654451288.89,31252061.903018337,1,
3157104,Salto da Divisa,2019,ok,ok,367036.44,367036.44,367036.44,new_observed,4235896.13,4235896.13,4348421.788663875,new_observed,12828054857.945,8215075.363007328,1,
3157104,Salto da Divisa,2020,ok,ok,552817.25,552817.25,552817.25,new_observed,4264278.81,4264278.81,4056293.1380850147,new_observed,12945081975.46,7862492.175501168,1,
3157104,Salto da Divisa,2021,ok,ok,573902.21,573902.21,573902.21,new_observed,5995316.45,5995316.45,5893942.38681391,new_observed,16790773533.8425,8786063.212812996,1,
3157104,Salto da Divisa,2022,ok,ok,711191.32,711191.32,711191.32,new_observed,5915630.79,5915630.79,5007170.315696988,new_observed,17457373501.01,7268633.292423713,1,
3157104,Salto da Divisa,2023,ok,ok,1333723.15,1333723.15,1333723.15,new_observed,7073364.04,7073364.04,6132189.5403449,new_observed,17975926235.1,9215957.758357003,1,
3157104,Salto da Divisa,2024,ok,ok,1735858.5,1735858.5,1735858.5,new_observed,7405020.77,7405020.77,7359543.600775655,new_observed,20140666841.11,9756873.041559039,1,
3157104,Salto da Divisa,2025,ok,ok,714685.44,714685.44,714685.44,new_observed,8357666.53,8357666.53,8371873.444238043,new_observed,21654451288.89,9086558.884238044,1,
3157203,Santa Bárbara,2019,ok,ok,9601391.42,9601391.42,9601391.42,new_observed,25813213.21,25813213.21,26498935.600148957,new_observed,12828054857.945,62892489.49274768,1,
3157203,Santa Bárbara,2020,ok,ok,13154395.68,13154395.68,13154395.68,new_observed,26479609.46,26479609.46,25188094.619865876,new_observed,12945081975.46,65406879.98084117,1,
3157203,Santa Bárbara,2021,ok,ok,18729332.88,18729332.88,18729332.88,new_observed,37092778.23,37092778.23,36465581.0377591,new_observed,16790773533.8425,74977992.35097422,1,
3157203,Santa Bárbara,2022,ok,ok,23827604.84,23827604.84,23827604.84,new_observed,51698501.05,51698501.05,43759187.9907687,new_observed,17457373501.01,85909853.86988236,1,
3157203,Santa Bárbara,2023,ok,ok,22647466.94,22647466.94,22647466.94,new_observed,56503165.29,56503165.29,48984912.58590969,new_observed,17975926235.1,88423346.37734473,1,
3157203,Santa Bárbara,2024,ok,ok,22016210.69,22016210.69,22016210.69,new_observed,45838320.73,45838320.73,45556809.423881404,new_observed,20140666841.11,72487326.12158301,1,
3157203,Santa Bárbara,2025,ok,ok,17322847.6,17322847.6,17322847.6,new_observed,36049505.9,36049505.9,36110785.23398715,new_observed,21654451288.89,53433632.833987154,1,
3157252,Santa Bárbara do Leste,2019,ok,ok,88037.97,88037.97,88037.97,new_observed,2982978.18,2982978.18,3062220.3460453865,new_observed,12828054857.945,5488249.121143501,1,
3157252,Santa Bárbara do Leste,2020,ok,ok,122168.02,122168.02,122168.02,new_observed,3275200.56,3275200.56,3115456.1297037234,new_observed,12945081975.46,5522930.110345106,1,
3157252,Santa Bárbara do Leste,2021,ok,ok,129187.84,129187.84,129187.84,new_observed,4247313.01,4247313.01,4175495.7204477787,new_observed,16790773533.8425,5847577.397249465,1,
3157252,Santa Bárbara do Leste,2022,ok,ok,217145.44,217145.44,217145.44,new_observed,4306594.45,4306594.45,3645232.8850944736,new_observed,17457373501.01,4909485.176044759,1,
3157252,Santa Bárbara do Leste,2023,ok,ok,1433662.43,1433662.43,1433662.43,new_observed,4539505.28,4539505.28,3935483.404916969,new_observed,17975926235.1,6627698.884966111,1,
3157252,Santa Bárbara do Leste,2024,ok,ok,1502204.14,1502204.14,1502204.14,new_observed,5764020.31,5764020.31,5728621.175386846,new_observed,20140666841.11,7756693.305720263,1,
3157252,Santa Bárbara do Leste,2025,ok,ok,1367418.33,1367418.33,1367418.33,new_observed,5871181.35,5871181.35,5881161.572304401,new_observed,21654451288.89,7248579.902304401,1,
3157278,Santa Bárbara do Monte Verde,2019,ok,ok,79824.03,79824.03,79824.03,new_observed,2244357.85,2244357.85,2303978.727754784,new_observed,12828054857.945,4152962.099517764,1,
3157278,Santa Bárbara do Monte Verde,2020,ok,partial,,,78177.35675332777,imputed_temporal,2704496.48,2704496.48,2572587.535334979,new_observed,12945081975.46,4521830.997368833,2,
3157278,Santa Bárbara do Monte Verde,2021,ok,ok,89661.5,89661.5,89661.5,new_observed,3280511.54,3280511.54,3225041.776741939,new_observed,16790773533.8425,4502766.274798758,1,
3157278,Santa Bárbara do Monte Verde,2022,ok,ok,264413.03,264413.03,264413.03,new_observed,3558661.55,3558661.55,3012159.668060054,new_observed,17457373501.01,4164865.203608802,5,
3157278,Santa Bárbara do Monte Verde,2023,ok,ok,273988.41,273988.41,273988.41,new_observed,3471614.55,3471614.55,3009685.110398922,new_observed,17975926235.1,4053382.046024689,1,
3157278,Santa Bárbara do Monte Verde,2024,ok,ok,252107.12,252107.12,252107.12,new_observed,4644354.85,4644354.85,4615832.025012521,new_observed,20140666841.11,5221964.206274308,3,
3157278,Santa Bárbara do Monte Verde,2025,ok,ok,177361.03,177361.03,177361.03,new_observed,4398635.86,4398635.86,4406112.952104967,new_observed,21654451288.89,4583473.982104967,1,
3157302,Santa Bárbara do Tugúrio,2019,ok,ok,195500.75,195500.75,195500.75,new_observed,2400733.27,2400733.27,2464508.226748769,new_observed,12828054857.945,4634157.095790657,1,
3157302,Santa Bárbara do Tugúrio,2020,ok,ok,40029.79,40029.79,40029.79,new_observed,2622437.7,2622437.7,2494531.085214255,new_observed,12945081975.46,4323603.335953753,1,
3157302,Santa Bárbara do Tugúrio,2021,ok,ok,77895.73,77895.73,77895.73,new_observed,3229091.86,3229091.86,3174491.5457414705,new_observed,16790773533.8425,4418114.840187985,1,
3157302,Santa Bárbara do Tugúrio,2022,ok,ok,193249.38,193249.38,193249.38,new_observed,3449769.48,3449769.48,2919990.099019252,new_observed,17457373501.01,3957251.6685942393,1,
3157302,Santa Bárbara do Tugúrio,2023,ok,ok,192766.3,192766.3,192766.3,new_observed,3440984.74,3440984.74,2983130.8712218376,new_observed,17975926235.1,3920342.413422173,1,
3157302,Santa Bárbara do Tugúrio,2024,ok,ok,275891.13,275891.13,275891.13,new_observed,5143816.68,5143816.68,5112226.461838416,new_observed,20140666841.11,5779973.0780539075,1,
3157302,Santa Bárbara do Tugúrio,2025,ok,ok,274882.37,274882.37,274882.37,new_observed,4524240.6,4524240.6,4531931.203347927,new_observed,21654451288.89,4806813.573347927,1,
3157336,Santa Cruz de Minas,2019,ok,ok,645949.03,645949.03,645949.03,new_observed,2775942.64,2775942.64,2849684.9519908135,new_observed,12828054857.945,6089948.253381275,1,
3157336,Santa Cruz de Minas,2020,ok,ok,644066.48,644066.48,644066.48,new_observed,3684058.63,3684058.63,3504372.581391291,new_observed,12945081975.46,7076651.873005827,2,
3157336,Santa Cruz de Minas,2021,ok,ok,684858.52,684858.52,684858.52,new_observed,4850684.17,4850684.17,4768664.552245653,new_observed,16790773533.8425,7408186.410181778,1,
3157336,Santa Cruz de Minas,2022,ok,ok,909235.13,909235.13,909235.13,new_observed,4950067.27,4950067.27,4189887.9045910216,new_observed,17457373501.01,6481516.527395244,1,
3157336,Santa Cruz de Minas,2023,ok,ok,1053814.12,1053814.12,1053814.12,new_observed,4827585.75,4827585.75,4185232.1856840397,new_observed,17975926235.1,6467103.413853332,4,
3157336,Santa Cruz de Minas,2024,ok,ok,1096401.21,1096401.21,1096401.21,new_observed,6495083.37,6495083.37,6455194.487211126,new_observed,20140666841.11,8100791.989459053,1,
3157336,Santa Cruz de Minas,2025,ok,ok,1540376.5,1540376.5,1540376.5,new_observed,6153604.72,6153604.72,6164065.024224636,new_observed,21654451288.89,7704441.524224636,1,
3157377,Santa Cruz de Salinas,2019,ok,ok,98435.34,98435.34,98435.34,new_observed,2139363.86,2139363.86,2196195.595264526,new_observed,12828054857.945,3997610.6561392173,1,
3157377,Santa Cruz de Salinas,2020,ok,ok,135199.54,135199.54,135199.54,new_observed,2255727.18,2255727.18,2145706.4815201103,new_observed,12945081975.46,3890903.9353050487,1,
3157377,Santa Cruz de Salinas,2021,ok,ok,74463.45,74463.45,74463.45,new_observed,2880616.76,2880616.76,2831908.7680401844,new_observed,16790773533.8425,3948080.3296114313,1,
3157377,Santa Cruz de Salinas,2022,ok,ok,163801.74,163801.74,163801.74,new_observed,3133671.99,3133671.99,2652435.5431348872,new_observed,17457373501.01,3579730.9403752172,1,
3157377,Santa Cruz de Salinas,2023,ok,ok,211313.73,211313.73,211313.73,new_observed,3066778.57,3066778.57,2658716.186974012,new_observed,17975926235.1,3542778.435416105,1,
3157377,Santa Cruz de Salinas,2024,ok,ok,224705.46,224705.46,224705.46,new_observed,4114779.23,4114779.23,4089508.7389135147,new_observed,20140666841.11,4627969.137208435,1,
3157377,Santa Cruz de Salinas,2025,ok,ok,232401.92,232401.92,232401.92,new_observed,4041008.99,4041008.99,4047878.1643024227,new_observed,21654451288.89,4280280.084302423,1,
3157401,Santa Cruz do Escalvado,2019,ok,ok,1687831.2,1687831.2,1687831.2,new_observed,3762832.16,3762832.16,3862790.9772728905,new_observed,12828054857.945,9670063.286892273,1,
3157401,Santa Cruz do Escalvado,2020,ok,ok,1312330.05,1312330.05,1312330.05,new_observed,3616653.99,3616653.99,3440255.531149192,new_observed,12945081975.46,8107240.616710513,1,
3157401,Santa Cruz do Escalvado,2021,ok,ok,2151507.34,2151507.34,2151507.34,new_observed,4131978.73,4131978.73,4062111.61350132,new_observed,16790773533.8425,8440717.473745182,1,
3157401,Santa Cruz do Escalvado,2022,ok,ok,5648295.55,5648295.55,5648295.55,new_observed,4450624.71,4450624.71,3767144.4897965854,new_observed,17457373501.01,11968005.050408663,1,
3157401,Santa Cruz do Escalvado,2023,ok,ok,3967795.23,3967795.23,3967795.23,new_observed,4311815.18,4311815.18,3738089.5140095693,new_observed,17975926235.1,9512180.39067091,1,
3157401,Santa Cruz do Escalvado,2024,ok,ok,3862536.34,3862536.34,3862536.34,new_observed,3978944.61,3978944.61,3954508.333184093,new_observed,20140666841.11,8385545.970523751,1,
3157401,Santa Cruz do Escalvado,2025,ok,ok,3790699.19,3790699.19,3790699.19,new_observed,4714722.35,4714722.35,4722736.746822629,new_observed,21654451288.89,8513435.936822629,1,
3157500,Santa Efigênia de Minas,2019,ok,ok,190024.24,190024.24,190024.24,new_observed,2294187.98,2294187.98,2355132.5843116846,new_observed,12828054857.945,4434066.448790779,1,
3157500,Santa Efigênia de Minas,2020,ok,ok,92422.89,92422.89,92422.89,new_observed,2626876.15,2626876.15,2498753.0545274513,new_observed,12945081975.46,4420180.658258982,1,
3157500,Santa Efigênia de Minas,2021,ok,ok,125005.23,125005.23,125005.23,new_observed,2935726.58,2935726.58,2886086.7429205067,new_observed,16790773533.8425,4090333.961750649,1,
3157500,Santa Efigênia de Minas,2022,ok,ok,220513.72,220513.72,220513.72,new_observed,3013079.06,3013079.06,2550362.009336994,new_observed,17457373501.01,3522071.6804093607,1,
3157500,Santa Efigênia de Minas,2023,ok,ok,278124.23,278124.23,278124.23,new_observed,2726980.45,2726980.45,2364131.2531985887,new_observed,17975926235.1,3261612.6024935385,1,
3157500,Santa Efigênia de Minas,2024,ok,ok,261208.23,261208.23,261208.23,new_observed,2971300.15,2971300.15,2953052.217423591,new_observed,20140666841.11,3448020.303065243,1,
3157500,Santa Efigênia de Minas,2025,ok,ok,301998.41,301998.41,301998.41,new_observed,3179075.46,3179075.46,3184479.4626907473,new_observed,21654451288.89,3486477.8726907475,1,
3157609,Santa Fé de Minas,2019,ok,ok,528501.24,528501.24,528501.24,new_observed,2646941.19,2646941.19,2717256.606551371,new_observed,12828054857.945,5654624.4344628975,1,
3157609,Santa Fé de Minas,2020,ok,ok,618698.36,618698.36,618698.36,new_observed,2960337.32,2960337.32,2815950.0099696773,new_observed,12945081975.46,5859025.638503827,1,
3157609,Santa Fé de Minas,2021,ok,ok,79340.41,79340.41,79340.41,new_observed,4205358.79,4205358.79,4134250.8991567,new_observed,16790773533.8425,5723835.667518495,1,
3157609,Santa Fé de Minas,2022,ok,ok,211832.74,211832.74,211832.74,new_observed,3990675.72,3990675.72,3377829.637125935,new_observed,17457373501.01,4562834.798705096,1,
3157609,Santa Fé de Minas,2023,ok,ok,256988.76,256988.76,256988.76,new_observed,4344727.66,4344727.66,3766622.6934785577,new_observed,17975926235.1,4966764.912648179,1,
3157609,Santa Fé de Minas,2024,ok,ok,387371.84,387371.84,387371.84,new_observed,5158633.26,5158633.26,5126952.047344691,new_observed,20140666841.11,5915357.834951594,1,
3157609,Santa Fé de Minas,2025,ok,ok,413097.8,413097.8,413097.8,new_observed,6274708.74,6274708.74,6285374.904846122,new_observed,21654451288.89,6698472.704846121,1,
3157658,Santa Helena de Minas,2019,ok,ok,98429.57,98429.57,98429.57,new_observed,2552393.79,2552393.79,2620197.57545055,new_observed,12828054857.945,4736279.233274431,1,
3157658,Santa Helena de Minas,2020,ok,ok,93773.9,93773.9,93773.9,new_observed,2653067.28,2653067.28,2523666.7399667227,new_observed,12945081975.46,4464984.523863292,6,
3157658,Santa Helena de Minas,2021,ok,ok,117161.97,117161.97,117161.97,new_observed,3466991.04,3466991.04,3408368.1179764983,new_observed,16790773533.8425,4789158.080095858,1,
3157658,Santa Helena de Minas,2022,ok,ok,154795.41,154795.41,154795.41,new_observed,3707506.17,3707506.17,3138146.293894625,new_observed,17457373501.01,4185671.9151029303,1,
3157658,Santa Helena de Minas,2023,ok,ok,200691.31,200691.31,200691.31,new_observed,3754247.89,3754247.89,3254711.550647111,new_observed,17975926235.1,4265365.55175796,1,
3157658,Santa Helena de Minas,2024,ok,ok,254788.7,254788.7,254788.7,new_observed,4991048.58,4991048.58,4960396.571325136,new_observed,20140666841.11,5594464.105791277,1,
3157658,Santa Helena de Minas,2025,ok,ok,397229.39,397229.39,397229.39,new_observed,5267661.98,5267661.98,5276616.3001701385,new_observed,21654451288.89,5673845.690170138,1,
3157708,Santa Juliana,2019,ok,ok,2876883.75,2876883.75,2876883.75,new_observed,22177106.26,22177106.26,22766236.26049538,new_observed,12828054857.945,44674378.01660928,1,
3157708,Santa Juliana,2020,ok,ok,3133425.87,3133425.87,3133425.87,new_observed,22730423.12,22730423.12,21621770.86338897,new_observed,12945081975.46,42228873.73720084,1,
3157708,Santa Juliana,2021,ok,ok,3240138.4,3240138.4,3240138.4,new_observed,28649655.91,28649655.91,28165222.42718024,new_observed,16790773533.8425,42661737.04679465,1,
3157708,Santa Juliana,2022,ok,ok,3937891.57,3937891.57,3937891.57,new_observed,21429648.4,21429648.4,18138707.967659265,new_observed,17457373501.01,28061657.622564375,1,
3157708,Santa Juliana,2023,ok,ok,4725003.42,4725003.42,4725003.42,new_observed,22243274.77,22243274.77,19283607.64641369,new_observed,17975926235.1,29636342.481078424,1,
3157708,Santa Juliana,2024,ok,ok,5868669.04,5868669.04,5868669.04,new_observed,31320269.66,31320269.66,31127919.463056542,new_observed,20140666841.11,39687197.222906925,1,
3157708,Santa Juliana,2025,ok,ok,6419641.36,6419641.36,6419641.36,new_observed,33942557.56,33942557.56,34000255.36387192,new_observed,21654451288.89,40419896.72387192,1,
3157807,Santa Luzia,2019,ok,ok,18801308.58,18801308.58,18801308.58,new_observed,66736123.31,66736123.31,68508953.89924568,new_observed,12828054857.945,152108310.8892664,1,
3157807,Santa Luzia,2020,ok,ok,21409348.85,21409348.85,21409348.85,new_observed,76677727.83,76677727.83,72937853.05768488,new_observed,12945081975.46,160943018.13582832,1,
3157807,Santa Luzia,2021,ok,ok,26667523.38,26667523.38,26667523.38,new_observed,96194335.54,96194335.54,94567797.43638149,new_observed,16790773533.8425,164688742.34286708,1,
3157807,Santa Luzia,2022,ok,ok,35572174.75,35572174.75,35572174.75,new_observed,90275524.82,90275524.82,76411957.43263598,new_observed,17457373501.01,142343496.83738983,1,
3157807,Santa Luzia,2023,ok,ok,40179178.75,40179178.75,40179178.75,new_observed,87702799.9,87702799.9,76033156.10004173,new_observed,17975926235.1,143453053.01561823,1,
3157807,Santa Luzia,2024,ok,ok,44106776.02,44106776.02,44106776.02,new_observed,106317604.26,106317604.26,105664665.68890956,new_observed,20140666841.11,160663698.626416,1,
3157807,Santa Luzia,2025,ok,ok,34200674.32,34200674.32,34200674.32,new_observed,120154111.1,120154111.1,120358357.00352088,new_observed,21654451288.89,154559031.32352087,1,
3157906,Santa Margarida,2019,ok,partial,,,434511.7377151082,imputed_temporal,4209691.73,4209691.73,4321521.274481799,new_observed,12828054857.945,8285763.0646892935,1,
3157906,Santa Margarida,2020,ok,ok,457091.84,457091.84,457091.84,new_observed,4652461.94,4652461.94,4425543.048022158,new_observed,12945081975.46,8329086.389890808,1,
3157906,Santa Margarida,2021,ok,ok,606097.54,606097.54,606097.54,new_observed,5797877.38,5797877.38,5699841.789590869,new_observed,16790773533.8425,8566127.515376829,1,
3157906,Santa Margarida,2022,ok,ok,670552.73,670552.73,670552.73,new_observed,5734051.54,5734051.54,4853476.100688935,new_observed,17457373501.01,7021616.054571204,1,
3157906,Santa Margarida,2023,ok,ok,804156.93,804156.93,804156.93,new_observed,6080937.15,6080937.15,5271813.945366331,new_observed,17975926235.1,7500207.041102795,1,
3157906,Santa Margarida,2024,ok,ok,1044161.48,1044161.48,1044161.48,new_observed,8069589.32,8069589.32,8020030.771756171,new_observed,20140666841.11,9723393.429425852,1,
3157906,Santa Margarida,2025,ok,ok,1512333.71,1512333.71,1512333.71,new_observed,8748875.84,8748875.84,8763747.757692816,new_observed,21654451288.89,10276081.467692815,1,
3158003,Santa Maria de Itabira,2019,ok,ok,42628.76,42628.76,42628.76,new_observed,186757.28,186757.28,191718.44649165188,new_observed,12828054857.945,408269.9642500406,1,
3158003,Santa Maria de Itabira,2020,ok,ok,498172.93,498172.93,498172.93,new_observed,4492863.36,4492863.36,4273728.7193286475,new_observed,12945081975.46,8140191.104361019,1,
3158003,Santa Maria de Itabira,2021,ok,ok,566440.63,566440.63,566440.63,new_observed,5826320.65,5826320.65,5727804.115861836,new_observed,16790773533.8425,8550241.334075961,1,
3158003,Santa Maria de Itabira,2022,ok,ok,933874.29,933874.29,933874.29,new_observed,6189567.4,6189567.4,5239038.616925887,new_observed,17457373501.01,7846415.306513695,1,
3158003,Santa Maria de Itabira,2023,ok,ok,1344466.5,1344466.5,1344466.5,new_observed,6512543.54,6512543.54,5645991.235738624,new_observed,17975926235.1,8629053.924975773,1,
3158003,Santa Maria de Itabira,2024,ok,ok,1697763.44,1697763.44,1697763.44,new_observed,7035829.45,7035829.45,6992619.631085302,new_observed,20140666841.11,9322398.6545754,1,
3158003,Santa Maria de Itabira,2025,ok,ok,1582092.07,1582092.07,1582092.07,new_observed,8154395.54,8154395.54,8168256.920767469,new_observed,21654451288.89,9750348.99076747,1,
3158102,Santa Maria do Salto,2019,ok,ok,240534.88,240534.88,240534.88,new_observed,2289489.58,2289489.58,2350309.3723383876,new_observed,12828054857.945,4513661.187240553,1,
3158102,Santa Maria do Salto,2020,ok,ok,131605.17,131605.17,131605.17,new_observed,2392651.71,2392651.71,2275952.6629311503,new_observed,12945081975.46,4106954.0604672893,1,
3158102,Santa Maria do Salto,2021,ok,ok,103194.87,103194.87,103194.87,new_observed,2693327.46,2693327.46,2647786.319613512,new_observed,16790773533.8425,3736993.718295305,1,
3158102,Santa Maria do Salto,2022,ok,ok,178052.19,178052.19,178052.19,new_observed,3107070.19,3107070.19,2629918.9683125922,new_observed,17457373501.01,3569223.8346847356,1,
3158102,Santa Maria do Salto,2023,ok,ok,202777.85,202777.85,202777.85,new_observed,3425895.48,3425895.48,2970049.372543092,new_observed,17975926235.1,3916552.85432644,2,
3158102,Santa Maria do Salto,2024,ok,ok,276763.44,276763.44,276763.44,new_observed,4171283.54,4171283.54,4145666.0335373813,new_observed,20140666841.11,4744054.460755865,1,
3158102,Santa Maria do Salto,2025,ok,ok,198766.69,198766.69,198766.69,new_observed,4276761.7,4276761.7,4284031.622348582,new_observed,21654451288.89,4482798.312348583,1,
3158201,Santa Maria do Suaçuí,2019,ok,ok,521463.32,521463.32,521463.32,new_observed,3789010.82,3789010.82,3889665.0676774685,new_observed,12828054857.945,7684884.56124854,1,
3158201,Santa Maria do Suaçuí,2020,ok,ok,506246.23,506246.23,506246.23,new_observed,3993951.43,3993951.43,3799150.68905962,new_observed,12945081975.46,7344399.838207717,6,
3158201,Santa Maria do Suaçuí,2021,ok,ok,407253.68,407253.68,407253.68,new_observed,4344756.89,4344756.89,4271291.933951673,new_observed,16790773533.8425,6355439.883088315,1,
3158201,Santa Maria do Suaçuí,2022,ok,partial,,,630210.5365194036,imputed_temporal,4816996.58,4816996.58,4077252.814182123,new_observed,17457373501.01,5983676.271919281,1,
3158201,Santa Maria do Suaçuí,2023,ok,ok,821650.57,821650.57,821650.57,new_observed,4668983.61,4668983.61,4047733.4823111654,new_observed,17975926235.1,6010790.588718206,1,
3158201,Santa Maria do Suaçuí,2024,ok,ok,821650.57,821650.57,821650.57,new_observed,4668983.61,4668983.61,4640309.530030113,new_observed,20140666841.11,5859185.846166187,1,
3158201,Santa Maria do Suaçuí,2025,ok,ok,1244732.81,1244732.81,1244732.81,new_observed,6642228.28,6642228.28,6653519.1788633065,new_observed,21654451288.89,7898251.988863306,1,
3158300,Santana da Vargem,2019,ok,ok,433546.19,433546.19,433546.19,new_observed,5844356.54,5844356.54,5999610.599341164,new_observed,12828054857.945,11207578.412046423,1,
3158300,Santana da Vargem,2020,ok,ok,442846.15,442846.15,442846.15,new_observed,5932074.14,5932074.14,5642743.52142879,new_observed,12945081975.46,10381157.565375505,1,
3158300,Santana da Vargem,2021,ok,ok,557224.37,557224.37,557224.37,new_observed,7365292.11,7365292.11,7240753.29808405,new_observed,16790773533.8425,10592945.40837308,1,
3158300,Santana da Vargem,2022,ok,ok,1040143.15,1040143.15,1040143.15,new_observed,7285756.79,7285756.79,6166886.748230577,new_observed,17457373501.01,9160885.72131497,1,
3158300,Santana da Vargem,2023,ok,ok,1018420.81,1018420.81,1018420.81,new_observed,6729160.4,6729160.4,5833785.280501851,new_observed,17975926235.1,8458395.44350529,1,
3158300,Santana da Vargem,2024,ok,ok,1535584.03,1535584.03,1535584.03,new_observed,7706454.77,7706454.77,7659126.37503926,new_observed,20140666841.11,9863403.627665823,1,
3158300,Santana da Vargem,2025,ok,ok,1995552.04,1995552.04,1995552.04,new_observed,8516078.93,8516078.93,8530555.124110956,new_observed,21654451288.89,10526107.164110955,1,
3158409,Santana de Cataguases,2019,ok,ok,142353.12,142353.12,142353.12,new_observed,2485008.81,2485008.81,2551022.5281245713,new_observed,12828054857.945,4692287.124023901,1,
3158409,Santana de Cataguases,2020,ok,ok,110541.03,110541.03,110541.03,new_observed,2675005.47,2675005.47,2544534.91803949,new_observed,12945081975.46,4529185.050717597,1,
3158409,Santana de Cataguases,2021,ok,ok,76474.05,76474.05,76474.05,new_observed,3279790.72,3279790.72,3224333.1449980275,new_observed,16790773533.8425,4483889.529882443,1,
3158409,Santana de Cataguases,2022,ok,ok,122584.86,122584.86,122584.86,new_observed,3366331.11,3366331.11,2849365.317945966,new_observed,17457373501.01,3777658.249522311,1,
3158409,Santana de Cataguases,2023,ok,ok,144756.97,144756.97,144756.97,new_observed,3268650.57,3268650.57,2833727.307550877,new_observed,17975926235.1,3676655.008481124,1,
3158409,Santana de Cataguases,2024,ok,ok,139610.85,139610.85,139610.85,new_observed,5156421.56,5156421.56,5124753.930271504,new_observed,20140666841.11,5647220.236825331,1,
3158409,Santana de Cataguases,2025,ok,ok,130050.74,130050.74,130050.74,new_observed,5987878.92,5987878.92,5998057.512550788,new_observed,21654451288.89,6128108.252550788,1,
3158508,Santana de Pirapama,2019,ok,ok,372250.19,372250.19,372250.19,new_observed,3524173.85,3524173.85,3617792.761216611,new_observed,12828054857.945,6951287.013132637,1,
3158508,Santana de Pirapama,2020,ok,ok,1608439.96,1608439.96,1608439.96,new_observed,3865116.42,3865116.42,3676599.4698985736,new_observed,12945081975.46,9015531.776416684,1,
3158508,Santana de Pirapama,2021,ok,ok,1179223.96,1179223.96,1179223.96,new_observed,5161330.24,5161330.24,5074057.946329157,new_observed,16790773533.8425,8494596.506479496,3,
3158508,Santana de Pirapama,2022,ok,ok,225999.73,225999.73,225999.73,new_observed,6191057.7,6191057.7,5240300.05229709,new_observed,17457373501.01,6948236.420715684,1,
3158508,Santana de Pirapama,2023,ok,ok,323504.27,323504.27,323504.27,new_observed,6025925.61,6025925.61,5224122.183952866,new_observed,17975926235.1,6848016.201005369,1,
3158508,Santana de Pirapama,2024,ok,ok,336625.9,336625.9,336625.9,new_observed,7326728.55,7326728.55,7281732.204347727,new_observed,20140666841.11,8172409.750077371,2,
3158508,Santana de Pirapama,2025,ok,ok,1197489.51,1197489.51,1197489.51,new_observed,6807357.36,6807357.36,6818928.956193039,new_observed,21654451288.89,8016418.466193039,1,
3158607,Santana do Deserto,2019,ok,ok,200787.98,200787.98,200787.98,new_observed,2318827.5,2318827.5,2380426.6477971883,new_observed,12828054857.945,4496884.855548643,1,
3158607,Santana do Deserto,2020,ok,ok,121825.63,121825.63,121825.63,new_observed,2589137.08,2589137.08,2462854.6676021577,new_observed,12945081975.46,4409100.000859896,1,
3158607,Santana do Deserto,2021,ok,ok,127746.29,127746.29,127746.29,new_observed,3310273.61,3310273.61,3254300.603587071,new_observed,16790773533.8425,4594247.334017815,1,
3158607,Santana do Deserto,2022,ok,ok,178033.6,178033.6,178033.6,new_observed,3505441.06,3505441.06,2967112.2222043523,new_observed,17457373501.01,3997807.954308486,1,
3158607,Santana do Deserto,2023,ok,ok,361925.2,361925.2,361925.2,new_observed,3427745.78,3427745.78,2971653.4735397794,new_observed,17975926235.1,4114985.20190746,1,
3158607,Santana do Deserto,2024,ok,ok,411044.44,411044.44,411044.44,new_observed,4683214.73,4683214.73,4654453.251078429,new_observed,20140666841.11,5433890.3675240325,1,
3158607,Santana do Deserto,2025,ok,ok,326580.36,326580.36,326580.36,new_observed,4313240.84,4313240.84,4320572.772003023,new_observed,21654451288.89,4647153.132003023,1,
3158706,Santana do Garambéu,2019,ok,ok,170477.86,170477.86,170477.86,new_observed,1944026.79,1944026.79,1995669.4385190913,new_observed,12828054857.945,3773771.8036686527,1,
3158706,Santana do Garambéu,2020,ok,ok,177028.43,177028.43,177028.43,new_observed,2269516.42,2269516.42,2158823.16597804,new_observed,12945081975.46,3984633.3348808703,1,
3158706,Santana do Garambéu,2021,ok,ok,166329.35,166329.35,166329.35,new_observed,2810199.67,2810199.67,2762682.351892111,new_observed,16790773533.8425,3978834.3054145095,1,
3158706,Santana do Garambéu,2022,ok,ok,221736.38,221736.38,221736.38,new_observed,2898735.8,2898735.8,2453578.386829676,new_observed,17457373501.01,3400603.742949668,1,
3158706,Santana do Garambéu,2023,ok,ok,393808.77,393808.77,393808.77,new_observed,3099035.57,3099035.57,2686681.1039335104,new_observed,17975926235.1,3802571.196677926,1,
3158706,Santana do Garambéu,2024,ok,ok,304471.27,304471.27,304471.27,new_observed,4936493.47,4936493.47,4906176.505891058,new_observed,20140666841.11,5589596.617099032,2,
3158706,Santana do Garambéu,2025,ok,ok,161128.07,161128.07,161128.07,new_observed,4114787.29,4114787.29,4121781.8775355257,new_observed,21654451288.89,4282909.947535526,1,
3158805,Santana do Jacaré,2019,ok,ok,165313.52,165313.52,165313.52,new_observed,2546186.76,2546186.76,2613825.657049687,new_observed,12828054857.945,4841700.779993646,1,
3158805,Santana do Jacaré,2020,ok,ok,164091.73,164091.73,164091.73,new_observed,3305216.78,3305216.78,3144008.3404390365,new_observed,12945081975.46,5643152.090008488,1,
3158805,Santana do Jacaré,2021,ok,ok,127014.26,127014.26,127014.26,new_observed,4490221.82,4490221.82,4414297.215469702,new_observed,16790773533.8425,6169017.992826374,4,
3158805,Santana do Jacaré,2022,ok,ok,243190.32,243190.32,243190.32,new_observed,3422735.94,3422735.94,2897108.0862937407,new_observed,17457373501.01,3991646.383754755,1,
3158805,Santana do Jacaré,2023,ok,ok,299865.7,299865.7,299865.7,new_observed,3779898.96,3779898.96,3276949.5158166024,new_observed,17975926235.1,4415237.534326374,1,
3158805,Santana do Jacaré,2024,ok,ok,322584.29,322584.29,322584.29,new_observed,4506403.39,4506403.39,4478727.779637034,new_observed,20140666841.11,5150491.619535832,1,
3158805,Santana do Jacaré,2025,ok,ok,401060.0,401060.0,401060.0,new_observed,4985403.48,4985403.48,4993877.998506831,new_observed,21654451288.89,5394937.998506831,1,
3158904,Santana do Manhuaçu,2019,ok,ok,162486.19,162486.19,162486.19,new_observed,4335556.98,4335556.98,4450730.107450901,new_observed,12828054857.945,8036953.719373981,1,
3158904,Santana do Manhuaçu,2020,ok,ok,329256.7,329256.7,329256.7,new_observed,4660095.03,4660095.03,4432803.842160848,new_observed,12945081975.46,8123403.5636882875,1,
3158904,Santana do Manhuaçu,2021,ok,ok,482785.34,482785.34,482785.34,new_observed,6074270.66,6074270.66,5971561.569857435,new_observed,16790773533.8425,8767727.656191124,1,
3158904,Santana do Manhuaçu,2022,ok,ok,1008093.1,1008093.1,1008093.1,new_observed,5262507.41,5262507.41,4454346.767893444,new_observed,17457373501.01,6943330.067440453,1,
3158904,Santana do Manhuaçu,2023,ok,ok,956707.06,956707.06,956707.06,new_observed,6009548.02,6009548.02,5209923.779130758,new_observed,17975926235.1,7612118.127004944,1,
3158904,Santana do Manhuaçu,2024,ok,ok,1081027.72,1081027.72,1081027.72,new_observed,6185408.14,6185408.14,6147421.09560925,new_observed,20140666841.11,7754143.972952301,1,
3158904,Santana do Manhuaçu,2025,ok,ok,795827.0,795827.0,795827.0,new_observed,6880194.76,6880194.76,6891890.170022102,new_observed,21654451288.89,7687717.170022102,1,
3158953,Santana do Paraíso,2019,ok,ok,3750775.6,3750775.6,3750775.6,new_observed,10437456.42,10437456.42,10714725.177871076,new_observed,12828054857.945,25201194.30419044,1,
3158953,Santana do Paraíso,2020,ok,ok,3888822.13,3888822.13,3888822.13,new_observed,11188508.69,11188508.69,10642801.05658747,new_observed,12945081975.46,24788899.371391647,1,
3158953,Santana do Paraíso,2021,ok,partial,,,5186609.743454164,imputed_temporal,15624853.55,15624853.55,15360654.836844318,new_observed,16790773533.8425,27911858.850446973,1,
3158953,Santana do Paraíso,2022,ok,ok,7671027.72,7671027.72,7671027.72,new_observed,18902829.91,18902829.91,15999931.73475608,new_observed,17457373501.01,30088255.153782476,1,
3158953,Santana do Paraíso,2023,ok,ok,8832610.91,8832610.91,8832610.91,new_observed,17987060.15,17987060.15,15593720.5394259,new_observed,17975926235.1,30151978.48759424,1,
3158953,Santana do Paraíso,2024,ok,ok,14532636.69,14532636.69,14532636.69,new_observed,21701062.21,21701062.21,21567787.380782716,new_observed,20140666841.11,38725858.461500116,1,
3158953,Santana do Paraíso,2025,ok,ok,14072169.97,14072169.97,14072169.97,new_observed,25078478.97,25078478.97,25121109.02692659,new_observed,21654451288.89,39193278.99692659,1,
3159001,Santana do Riacho,2019,ok,ok,601957.47,601957.47,601957.47,new_observed,3265703.13,3265703.13,3352455.8228012584,new_observed,12828054857.945,6889214.502923323,1,
3159001,Santana do Riacho,2020,ok,ok,686087.55,686087.55,686087.55,new_observed,3706068.24,3706068.24,3525308.696029379,new_observed,12945081975.46,7184047.949456538,1,
3159001,Santana do Riacho,2021,ok,ok,820692.67,820692.67,820692.67,new_observed,5051837.76,5051837.76,4966416.861110147,new_observed,16790773533.8425,7861337.637093701,1,
3159001,Santana do Riacho,2022,ok,ok,1174157.62,1174157.62,1174157.62,new_observed,5519850.45,5519850.45,4672169.76540327,new_observed,17457373501.01,7431291.08985972,1,
3159001,Santana do Riacho,2023,ok,ok,1400363.67,1400363.67,1400363.67,new_observed,5276595.53,5276595.53,4574497.188991938,new_observed,17975926235.1,7375396.361082621,1,
3159001,Santana do Riacho,2024,ok,ok,1613538.96,1613538.96,1613538.96,new_observed,6003422.66,6003422.66,5966553.260613551,new_observed,20140666841.11,8131360.947035933,1,
3159001,Santana do Riacho,2025,ok,ok,2173820.9,2173820.9,2173820.9,new_observed,6289325.78,6289325.78,6300016.791857298,new_observed,21654451288.89,8473837.691857299,1,
3159100,Santana dos Montes,2019,ok,ok,121852.02,121852.02,121852.02,new_observed,2186714.47,2186714.47,2244804.0639123465,new_observed,12828054857.945,4123089.876923516,1,
3159100,Santana dos Montes,2020,ok,ok,202864.88,202864.88,202864.88,new_observed,2404915.2,2404915.2,2287618.0142255644,new_observed,12945081975.46,4248412.517888001,1,
3159100,Santana dos Montes,2021,ok,ok,186835.98,186835.98,186835.98,new_observed,3046417.14,3046417.14,2994905.6499532075,new_observed,16790773533.8425,4322148.231789349,1,
3159100,Santana dos Montes,2022,ok,ok,261812.85,261812.85,261812.85,new_observed,3254411.02,3254411.02,2754632.740428542,new_observed,17457373501.01,3834216.5536547424,1,
3159100,Santana dos Montes,2023,ok,ok,312907.13,312907.13,312907.13,new_observed,2931432.28,2931432.28,2541378.9342652583,new_observed,17975926235.1,3523344.149544358,4,
3159100,Santana dos Montes,2024,ok,ok,430697.81,430697.81,430697.81,new_observed,5149015.4,5149015.4,5117393.254437193,new_observed,20140666841.11,5951580.759041479,1,
3159100,Santana dos Montes,2025,ok,ok,498168.29,498168.29,498168.29,new_observed,4974587.93,4974587.93,4983044.063519737,new_observed,21654451288.89,5481212.353519737,1,
3159209,Santa Rita de Caldas,2019,ok,ok,508583.15,508583.15,508583.15,new_observed,5235446.53,5235446.53,5374525.027467254,new_observed,12828054857.945,10249306.57912169,1,
3159209,Santa Rita de Caldas,2020,ok,ok,450205.08,450205.08,450205.08,new_observed,6061895.85,6061895.85,5766233.315344837,new_observed,12945081975.46,10604367.031268049,1,
3159209,Santa Rita de Caldas,2021,ok,ok,508741.24,508741.24,508741.24,new_observed,7528681.14,7528681.14,7401379.603215518,new_observed,16790773533.8425,10745283.178837758,1,
3159209,Santa Rita de Caldas,2022,ok,ok,637891.0,637891.0,637891.0,new_observed,7262231.52,7262231.52,6146974.242228363,new_observed,17457373501.01,8624270.468731651,1,
3159209,Santa Rita de Caldas,2023,ok,ok,1011191.06,1011191.06,1011191.06,new_observed,7395665.1,7395665.1,6411605.55481799,new_observed,17975926235.1,9162735.071829205,1,
3159209,Santa Rita de Caldas,2024,ok,ok,1932636.19,1932636.19,1932636.19,new_observed,8079980.41,8079980.41,8030358.045951594,new_observed,20140666841.11,10687561.560986329,1,
3159209,Santa Rita de Caldas,2025,ok,ok,2026461.39,2026461.39,2026461.39,new_observed,9245238.98,9245238.98,9260954.648581369,new_observed,21654451288.89,11287416.03858137,1,
3159308,Santa Rita de Jacutinga,2019,ok,ok,409173.47,409173.47,409173.47,new_observed,3147108.04,3147108.04,3230710.28005006,new_observed,12828054857.945,6341254.204624705,1,
3159308,Santa Rita de Jacutinga,2020,ok,ok,146705.31,146705.31,146705.31,new_observed,3640953.59,3640953.59,3463369.943956128,new_observed,12945081975.46,6158279.157421842,1,
3159308,Santa Rita de Jacutinga,2021,ok,ok,269101.09,269101.09,269101.09,new_observed,4407135.38,4407135.38,4332615.6737913685,new_observed,16790773533.8425,6251073.873056365,1,
3159308,Santa Rita de Jacutinga,2022,ok,ok,253878.56,253878.56,253878.56,new_observed,4517179.56,4517179.56,3823478.544627898,new_observed,17457373501.01,5182745.598108081,1,
3159308,Santa Rita de Jacutinga,2023,ok,ok,397458.41,397458.41,397458.41,new_observed,4473816.88,4473816.88,3878535.435446704,new_observed,17975926235.1,5278306.924964972,1,
3159308,Santa Rita de Jacutinga,2024,ok,ok,478435.61,478435.61,478435.61,new_observed,5270049.3,5270049.3,5237683.837257789,new_observed,20140666841.11,6131829.150524824,1,
3159308,Santa Rita de Jacutinga,2025,ok,ok,423466.87,423466.87,423466.87,new_observed,5049334.17,5049334.17,5057917.36212126,new_observed,21654451288.89,5481384.23212126,1,
3159357,Santa Rita de Minas,2019,ok,partial,,,158242.5319577788,imputed_temporal,2817229.67,2817229.67,2892068.7629557946,new_observed,12828054857.945,5314125.574482675,1,
3159357,Santa Rita de Minas,2020,ok,ok,166465.86,166465.86,166465.86,new_observed,3105937.52,3105937.52,2954448.714786731,new_observed,12945081975.46,5323840.0382211935,1,
3159357,Santa Rita de Minas,2021,ok,ok,192194.33,192194.33,192194.33,new_observed,4081350.27,4081350.27,4012339.2238598834,new_observed,16790773533.8425,5711531.412304442,1,
3159357,Santa Rita de Minas,2022,ok,ok,374076.39,374076.39,374076.39,new_observed,4234737.48,4234737.48,3584410.9541909853,new_observed,17457373501.01,5031649.750517662,1,
3159357,Santa Rita de Minas,2023,ok,ok,818231.15,818231.15,818231.15,new_observed,4248914.75,4248914.75,3683558.5501360917,new_observed,17975926235.1,5557030.390552858,1,
3159357,Santa Rita de Minas,2024,ok,ok,1207557.14,1207557.14,1207557.14,new_observed,4339545.58,4339545.58,4312894.709620549,new_observed,20140666841.11,5921931.458554657,1,
3159357,Santa Rita de Minas,2025,ok,ok,1127325.44,1127325.44,1127325.44,new_observed,5388836.25,5388836.25,5397996.550207217,new_observed,21654451288.89,6525321.990207218,1,
3159407,Santa Rita de Ibitipoca,2019,ok,ok,106175.59,106175.59,106175.59,new_observed,2817076.39,2817076.39,2891911.411105959,new_observed,12828054857.945,5223142.580125634,1,
3159407,Santa Rita de Ibitipoca,2020,ok,ok,88686.07,88686.07,88686.07,new_observed,3037210.84,3037210.84,2889074.1056421273,new_observed,12945081975.46,5079638.826188461,1,
3159407,Santa Rita de Ibitipoca,2021,ok,ok,128125.7,128125.7,128125.7,new_observed,3465028.56,3465028.56,3406438.821307717,new_observed,16790773533.8425,4801430.654235802,1,
3159407,Santa Rita de Ibitipoca,2022,ok,ok,288669.84,288669.84,288669.84,new_observed,4430406.52,4430406.52,3750031.197165771,new_observed,17457373501.01,5133609.709752334,1,
3159407,Santa Rita de Ibitipoca,2023,ok,ok,435320.33,435320.33,435320.33,new_observed,3915448.98,3915448.98,3394463.390422375,new_observed,17975926235.1,4727503.046841205,1,
3159407,Santa Rita de Ibitipoca,2024,ok,ok,288807.44,288807.44,288807.44,new_observed,5559161.69,5559161.69,5525020.673414895,new_observed,20140666841.11,6236643.763467956,1,
3159407,Santa Rita de Ibitipoca,2025,ok,ok,358536.46,358536.46,358536.46,new_observed,5853672.24,5853672.24,5863622.699161392,new_observed,21654451288.89,6222159.159161392,1,
3159506,Santa Rita do Itueto,2019,ok,ok,177553.4,177553.4,177553.4,new_observed,2945947.69,2945947.69,3024206.1491389805,new_observed,12828054857.945,5577972.42917322,1,
3159506,Santa Rita do Itueto,2020,ok,ok,182345.13,182345.13,182345.13,new_observed,3188026.65,3188026.65,3032534.0346184256,new_observed,12945081975.46,5484130.374125435,1,
3159506,Santa Rita do Itueto,2021,ok,ok,184805.72,184805.72,184805.72,new_observed,4195597.64,4195597.64,4124654.799232892,new_observed,16790773533.8425,5854066.523761825,1,
3159506,Santa Rita do Itueto,2022,ok,ok,234539.81,234539.81,234539.81,new_observed,4603554.92,4603554.92,3896589.2836095723,new_observed,17457373501.01,5251095.397265965,1,
3159506,Santa Rita do Itueto,2023,ok,ok,398024.04,398024.04,398024.04,new_observed,4684095.28,4684095.28,4060834.4091385,new_observed,17975926235.1,5504035.852293805,1,
3159506,Santa Rita do Itueto,2024,ok,ok,430091.96,430091.96,430091.96,new_observed,6604086.36,6604086.36,6563528.046621239,new_observed,20140666841.11,7502237.03685311,1,
3159506,Santa Rita do Itueto,2025,ok,ok,379529.46,379529.46,379529.46,new_observed,7591497.31,7591497.31,7604401.839133145,new_observed,21654451288.89,7983931.299133145,1,
3159605,Santa Rita do Sapucaí,2019,ok,ok,6681227.45,6681227.45,6681227.45,new_observed,25300329.14,25300329.14,25972426.87646913,new_observed,12828054857.945,56887839.5611498,1,
3159605,Santa Rita do Sapucaí,2020,ok,ok,7018573.47,7018573.47,7018573.47,new_observed,25864471.87,25864471.87,24602959.71277589,new_observed,12945081975.46,53941875.17609528,1,
3159605,Santa Rita do Sapucaí,2021,ok,ok,8390833.57,8390833.57,8390833.57,new_observed,33512895.38,33512895.38,32946229.983413473,new_observed,16790773533.8425,56153181.78659829,1,
3159605,Santa Rita do Sapucaí,2022,ok,ok,11195927.21,11195927.21,11195927.21,new_observed,34161777.09,34161777.09,28915569.995622642,new_observed,17457373501.01,50985891.16464875,1,
3159605,Santa Rita do Sapucaí,2023,ok,ok,14375692.87,14375692.87,14375692.87,new_observed,31007822.22,31007822.22,26881953.482258234,new_observed,17975926235.1,50928632.80913596,1,
3159605,Santa Rita do Sapucaí,2024,ok,ok,14874038.16,14874038.16,14874038.16,new_observed,30606729.58,30606729.58,30418761.515662834,new_observed,20140666841.11,48586757.48865705,4,
3159605,Santa Rita do Sapucaí,2025,ok,ok,15977218.17,15977218.17,15977218.17,new_observed,37060996.13,37060996.13,37123994.86196728,new_observed,21654451288.89,53101213.03196728,1,
3159704,Santa Rosa da Serra,2019,ok,ok,34825.51,34825.51,34825.51,new_observed,3378118.47,3378118.47,3467857.4518388566,new_observed,12828054857.945,6102228.693134083,1,
3159704,Santa Rosa da Serra,2020,ok,ok,123952.16,123952.16,123952.16,new_observed,3712746.09,3712746.09,3531660.840984966,new_observed,12945081975.46,6235960.130442094,1,
3159704,Santa Rosa da Serra,2021,ok,ok,73489.09,73489.09,73489.09,new_observed,4094508.81,4094508.81,4025275.2677370324,new_observed,16790773533.8425,5567852.19596063,1,
3159704,Santa Rosa da Serra,2022,ok,ok,122127.9,122127.9,122127.9,new_observed,4227347.74,4227347.74,3578156.0528825284,new_observed,17457373501.01,4703446.344394222,1,
3159704,Santa Rosa da Serra,2023,ok,ok,249292.61,249292.61,249292.61,new_observed,4592032.85,4592032.85,3981021.7108082254,new_observed,17975926235.1,5221919.904790671,1,
3159704,Santa Rosa da Serra,2024,ok,ok,353325.12,353325.12,353325.12,new_observed,5575461.0,5575461.0,5541219.88288822,new_observed,20140666841.11,6323230.858153261,1,
3159704,Santa Rosa da Serra,2025,ok,ok,337660.51,337660.51,337660.51,new_observed,6133974.67,6133974.67,6144401.605767562,new_observed,21654451288.89,6482062.115767562,1,
3159803,Santa Vitória,2019,ok,ok,4487700.07,4487700.07,4487700.07,new_observed,79968768.93,79968768.93,82093121.86978456,new_observed,12828054857.945,150837509.89519125,1,
3159803,Santa Vitória,2020,ok,ok,5814924.35,5814924.35,5814924.35,new_observed,70145555.57,70145555.57,66724280.56498306,new_observed,12945081975.46,123741651.4335413,1,
3159803,Santa Vitória,2021,ok,ok,5427739.15,5427739.15,5427739.15,new_observed,97909072.59,97909072.59,96253540.21001525,new_observed,16790773533.8425,138126099.76078793,1,
3159803,Santa Vitória,2022,ok,ok,6837756.52,6837756.52,6837756.52,new_observed,161506737.01,161506737.01,136704227.84136468,new_observed,17457373501.01,182456814.18195388,1,
3159803,Santa Vitória,2023,ok,ok,7787408.95,7787408.95,7787408.95,new_observed,84788038.96,84788038.96,73506230.23452753,new_observed,17975926235.1,100349250.76429081,1,
3159803,Santa Vitória,2024,ok,ok,9404493.2,9404493.2,9404493.2,new_observed,79143470.88,79143470.88,78657419.43868692,new_observed,20140666841.11,94466290.97786213,1,
3159803,Santa Vitória,2025,ok,ok,9149533.32,9149533.32,9149533.32,new_observed,78681717.32,78681717.32,78815465.70611407,new_observed,21654451288.89,87964999.02611408,1,
3159902,Santo Antônio do Amparo,2019,ok,partial,,,2331126.763185094,imputed_temporal,6921030.29,6921030.29,7104885.953149815,new_observed,12828054857.945,16439029.2166688,1,
3159902,Santo Antônio do Amparo,2020,ok,ok,2452267.52,2452267.52,2452267.52,new_observed,6818971.95,6818971.95,6486383.832294306,new_observed,12945081975.46,15248078.349051377,1,
3159902,Santo Antônio do Amparo,2021,ok,partial,,,3037667.7596091786,imputed_temporal,9080444.41,9080444.41,8926904.30030702,new_observed,16790773533.8425,16252939.423507987,1,
3159902,Santo Antônio do Amparo,2022,ok,partial,,,3225014.0676701805,imputed_temporal,10680544.2,10680544.2,9040338.34635742,new_observed,17457373501.01,15590540.539334768,1,
3159902,Santo Antônio do Amparo,2023,ok,ok,3795547.42,3795547.42,3795547.42,new_observed,10806491.43,10806491.43,9368590.862866545,new_observed,17975926235.1,16249874.24470722,1,
3159902,Santo Antônio do Amparo,2024,ok,ok,4357008.41,4357008.41,4357008.41,new_observed,11847532.98,11847532.98,11774772.581486972,new_observed,20140666841.11,17304978.639124826,1,
3159902,Santo Antônio do Amparo,2025,ok,ok,3833206.02,3833206.02,3833206.02,new_observed,11360054.58,11360054.58,11379365.151985403,new_observed,21654451288.89,15212571.171985403,1,
3160009,Santo Antônio do Aventureiro,2019,ok,ok,221957.92,221957.92,221957.92,new_observed,1722734.28,1722734.28,1768498.3411597898,new_observed,12828054857.945,3467690.179673319,1,
3160009,Santo Antônio do Aventureiro,2020,ok,ok,253420.46,253420.46,253420.46,new_observed,2430981.87,2430981.87,2312413.310069207,new_observed,12945081975.46,4376950.483320404,2,
3160009,Santo Antônio do Aventureiro,2021,ok,ok,230465.77,230465.77,230465.77,new_observed,2995105.63,2995105.63,2944461.7599196085,new_observed,16790773533.8425,4312891.8075296935,4,
3160009,Santo Antônio do Aventureiro,2022,ok,ok,290991.62,290991.62,290991.62,new_observed,2861489.97,2861489.97,2422052.3803935144,new_observed,17457373501.01,3448561.5288769864,1,
3160009,Santo Antônio do Aventureiro,2023,ok,ok,313545.65,313545.65,313545.65,new_observed,3262478.64,3262478.64,2828376.608169973,new_observed,17975926235.1,3878403.620870425,4,
3160009,Santo Antônio do Aventureiro,2024,ok,ok,209787.56,209787.56,209787.56,new_observed,4865524.87,4865524.87,4835643.752208316,new_observed,20140666841.11,5412364.643991388,1,
3160009,Santo Antônio do Aventureiro,2025,ok,ok,316350.59,316350.59,316350.59,new_observed,5263936.03,5263936.03,5272884.01655394,new_observed,21654451288.89,5589234.60655394,1,
3160108,Santo Antônio do Grama,2019,ok,ok,1659919.61,1659919.61,1659919.61,new_observed,2588379.11,2588379.11,2657138.837643408,new_observed,12828054857.945,7520999.8210390285,1,
3160108,Santo Antônio do Grama,2020,ok,ok,1228312.66,1228312.66,1228312.66,new_observed,3405399.57,3405399.57,3239304.8212128193,new_observed,12945081975.46,7621125.234920304,1,
3160108,Santo Antônio do Grama,2021,ok,ok,2397774.28,2397774.28,2397774.28,new_observed,3563979.76,3563979.76,3503716.8677244494,new_observed,16790773533.8425,8016716.155998138,1,
3160108,Santo Antônio do Grama,2022,ok,ok,1914600.27,1914600.27,1914600.27,new_observed,3833183.91,3833183.91,3244523.7659531687,new_observed,17457373501.01,6557784.050134124,1,
3160108,Santo Antônio do Grama,2023,ok,ok,2093407.12,2093407.12,2093407.12,new_observed,4087070.44,4087070.44,3543249.076548424,new_observed,17975926235.1,6957914.934225108,1,
3160108,Santo Antônio do Grama,2024,ok,ok,2039766.07,2039766.07,2039766.07,new_observed,4590251.59,4590251.59,4562061.034588398,new_observed,20140666841.11,7081950.659036741,1,
3160108,Santo Antônio do Grama,2025,ok,ok,1971360.62,1971360.62,1971360.62,new_observed,4867182.83,4867182.83,4875456.389228342,new_observed,21654451288.89,6846817.009228342,1,
3160207,Santo Antônio do Itambé,2019,ok,ok,208796.65,208796.65,208796.65,new_observed,2422138.42,2422138.42,2486481.99989925,new_observed,12828054857.945,4695602.454631623,1,
3160207,Santo Antônio do Itambé,2020,ok,ok,265660.71,265660.71,265660.71,new_observed,3139585.27,3139585.27,2986455.331501598,new_observed,12945081975.46,5547651.233571738,1,
3160207,Santo Antônio do Itambé,2021,ok,ok,90821.84,90821.84,90821.84,new_observed,4025236.01,4025236.01,3957173.7929310966,new_observed,16790773533.8425,5498886.836836419,1,
3160207,Santo Antônio do Itambé,2022,ok,ok,227609.69,227609.69,227609.69,new_observed,4085817.14,4085817.14,3458360.236639104,new_observed,17457373501.01,4685251.726017502,1,
3160207,Santo Antônio do Itambé,2023,ok,ok,233872.25,233872.25,233872.25,new_observed,3783627.09,3783627.09,3280181.5846966663,new_observed,17975926235.1,4337764.5901268665,1,
3160207,Santo Antônio do Itambé,2024,ok,ok,368471.17,368471.17,368471.17,new_observed,4219810.71,4219810.71,4193895.178941555,new_observed,20140666841.11,4894168.365784269,1,
3160207,Santo Antônio do Itambé,2025,ok,ok,348265.6,348265.6,348265.6,new_observed,4064086.57,4064086.57,4070994.9730989654,new_observed,21654451288.89,4419260.573098965,1,
3160306,Santo Antônio do Jacinto,2019,ok,ok,443150.66,443150.66,443150.66,new_observed,3060936.59,3060936.59,3142249.704237791,new_observed,12828054857.945,6246335.514059522,1,
3160306,Santo Antônio do Jacinto,2020,ok,ok,249188.73,249188.73,249188.73,new_observed,3146075.05,3146075.05,2992628.5793717764,new_observed,12945081975.46,5530083.049264929,1,
3160306,Santo Antônio do Jacinto,2021,ok,ok,220189.32,220189.32,220189.32,new_observed,4000961.64,4000961.64,3933309.875246451,new_observed,16790773533.8425,5642205.21033851,1,
3160306,Santo Antônio do Jacinto,2022,ok,ok,241521.89,241521.89,241521.89,new_observed,4367045.54,4367045.54,3696400.531309177,new_observed,17457373501.01,5005509.5913885655,1,
3160306,Santo Antônio do Jacinto,2023,ok,ok,424490.28,424490.28,424490.28,new_observed,4264597.45,4264597.45,3697154.526302528,new_observed,17975926235.1,5087777.744703421,1,
3160306,Santo Antônio do Jacinto,2024,ok,ok,596999.63,596999.63,596999.63,new_observed,5116549.11,5116549.11,5085126.352799531,new_observed,20140666841.11,6095363.482125876,1,
3160306,Santo Antônio do Jacinto,2025,ok,ok,1545100.8,1545100.8,1545100.8,new_observed,5427970.55,5427970.55,5437197.373278204,new_observed,21654451288.89,6982298.173278204,1,
3160405,Santo Antônio do Monte,2019,ok,ok,1844363.82,1844363.82,1844363.82,new_observed,9373689.76,9373689.76,9622699.78809878,new_observed,12828054857.945,19977441.674766473,1,
3160405,Santo Antônio do Monte,2020,ok,ok,2363572.06,2363572.06,2363572.06,new_observed,10228714.38,10228714.38,9729819.69512109,new_observed,12945081975.46,20629620.478544306,1,
3160405,Santo Antônio do Monte,2021,ok,ok,3361119.29,3361119.29,3361119.29,new_observed,13201786.23,13201786.23,12978558.86200189,new_observed,16790773533.8425,22196180.345957458,1,
3160405,Santo Antônio do Monte,2022,ok,ok,4389056.32,4389056.32,4389056.32,new_observed,14575962.41,14575962.41,12337539.12185367,new_observed,17457373501.01,21261245.13332593,1,
3160405,Santo Antônio do Monte,2023,ok,ok,4649092.47,4649092.47,4649092.47,new_observed,14633991.68,14633991.68,12686807.8902935,new_observed,17975926235.1,21399516.984730523,1,
3160405,Santo Antônio do Monte,2024,ok,ok,5087817.34,5087817.34,5087817.34,new_observed,16296692.44,16296692.44,16196607.988799877,new_observed,20140666841.11,22832353.46768604,2,
3160405,Santo Antônio do Monte,2025,ok,ok,4964490.52,4964490.52,4964490.52,new_observed,20060921.37,20060921.37,20095022.25072032,new_observed,21654451288.89,25059512.770720318,1,
3160454,Santo Antônio do Retiro,2019,ok,ok,57514.75,57514.75,57514.75,new_observed,2940510.41,2940510.41,3018624.4289793167,new_observed,12828054857.945,5359121.840757992,4,
3160454,Santo Antônio do Retiro,2020,ok,ok,53103.87,53103.87,53103.87,new_observed,3182248.63,3182248.63,3027037.831409865,new_observed,12945081975.46,5254287.267533161,5,
3160454,Santo Antônio do Retiro,2021,ok,ok,67807.38,67807.38,67807.38,new_observed,3812602.34,3812602.34,3748135.5193172325,new_observed,16790773533.8425,5183661.268918198,1,
3160454,Santo Antônio do Retiro,2022,ok,ok,205643.35,205643.35,205643.35,new_observed,3991255.81,3991255.81,3378320.642993533,new_observed,17457373501.01,4555591.558900319,1,
3160454,Santo Antônio do Retiro,2023,ok,ok,195226.39,195226.39,195226.39,new_observed,4004088.3,4004088.3,3471308.4542270205,new_observed,17975926235.1,4525987.865842465,1,
3160454,Santo Antônio do Retiro,2024,ok,ok,189176.99,189176.99,189176.99,new_observed,5508255.53,5508255.53,5474427.148331769,new_observed,20140666841.11,6075494.620588457,1,
3160454,Santo Antônio do Retiro,2025,ok,ok,220930.87,220930.87,220930.87,new_observed,5393723.27,5393723.27,5402891.877486978,new_observed,21654451288.89,5623822.747486978,1,
3160504,Santo Antônio do Rio Abaixo,2019,ok,ok,78221.07,78221.07,78221.07,new_observed,1562543.98,1562543.98,1604052.6207089906,new_observed,12828054857.945,2930787.312751731,1,
3160504,Santo Antônio do Rio Abaixo,2020,ok,ok,97549.03,97549.03,97549.03,new_observed,1613388.92,1613388.92,1534697.5882326027,new_observed,12945081975.46,2784382.4911457873,1,
3160504,Santo Antônio do Rio Abaixo,2021,ok,ok,106851.17,106851.17,106851.17,new_observed,2044956.31,2044956.31,2010378.3970721955,new_observed,16790773533.8425,2876091.4913596543,1,
3160504,Santo Antônio do Rio Abaixo,2022,ok,ok,158188.18,158188.18,158188.18,new_observed,2198464.0,2198464.0,1860846.9784045573,new_observed,17457373501.01,2566403.9992400017,1,
3160504,Santo Antônio do Rio Abaixo,2023,ok,ok,216022.17,216022.17,216022.17,new_observed,2201636.66,2201636.66,1908689.164270963,new_observed,17975926235.1,2622753.669576995,1,
3160504,Santo Antônio do Rio Abaixo,2024,ok,ok,272369.3,272369.3,272369.3,new_observed,3018815.53,3018815.53,3000275.7866314086,new_observed,20140666841.11,3510651.015376393,1,
3160504,Santo Antônio do Rio Abaixo,2025,ok,ok,202499.69,202499.69,202499.69,new_observed,2852145.25,2852145.25,2856993.51510076,new_observed,21654451288.89,3059493.20510076,1,
3160603,Santo Hipólito,2019,ok,ok,590652.02,590652.02,590652.02,new_observed,1675834.77,1675834.77,1720352.955885279,new_observed,12828054857.945,4026136.829243405,1,
3160603,Santo Hipólito,2020,ok,ok,445522.14,445522.14,445522.14,new_observed,1859106.96,1859106.96,1768430.9916907365,new_observed,12945081975.46,3776691.7494195728,1,
3160603,Santo Hipólito,2021,ok,ok,205583.51,205583.51,205583.51,new_observed,2489125.08,2489125.08,2447036.7723614597,new_observed,16790773533.8425,3603378.0854750797,1,
3160603,Santo Hipólito,2022,ok,ok,189696.73,189696.73,189696.73,new_observed,2751511.34,2751511.34,2328963.1138307815,new_observed,17457373501.01,3201479.0178494425,1,
3160603,Santo Hipólito,2023,ok,ok,181137.56,181137.56,181137.56,new_observed,2861764.55,2861764.55,2480981.120326988,new_observed,17975926235.1,3286131.8265018747,1,
3160603,Santo Hipólito,2024,ok,ok,340857.42,340857.42,340857.42,new_observed,4013661.48,4013661.48,3989011.9931174414,new_observed,20140666841.11,4644762.890330477,2,
3160603,Santo Hipólito,2025,ok,ok,396249.08,396249.08,396249.08,new_observed,3985022.2,3985022.2,3991796.2042545225,new_observed,21654451288.89,4388045.284254522,1,
3160702,Santos Dumont,2019,ok,ok,5586324.83,5586324.83,5586324.83,new_observed,13517597.37,13517597.37,13876689.401752042,new_observed,12828054857.945,33907654.55904208,1,
3160702,Santos Dumont,2020,ok,ok,4985580.93,4985580.93,4985580.93,new_observed,15023967.66,15023967.66,14291189.58712486,new_observed,12945081975.46,32883451.381774593,1,
3160702,Santos Dumont,2021,ok,ok,6115257.84,6115257.84,6115257.84,new_observed,20258661.06,20258661.06,19916109.869668413,new_observed,16790773533.8425,35361585.886864215,1,
3160702,Santos Dumont,2022,ok,ok,7774738.61,7774738.61,7774738.61,new_observed,19268859.48,19268859.48,16309750.325982146,new_observed,17457373501.01,30613894.199741855,1,
3160702,Santos Dumont,2023,api_error,api_error,,8274122.92,8274122.92,legacy_snapshot,,17599472.18,15257704.623638606,legacy_snapshot,17975926235.1,29047798.656897586,6,HTTP 429: Too Many Requests | HTTP 429: Too Many Requests | HTTP 429: Too Many Requests
3160702,Santos Dumont,2024,ok,ok,11167971.97,11167971.97,11167971.97,new_observed,20381315.4,20381315.4,20256145.6593268,new_observed,20140666841.11,33709463.61197289,2,
3160702,Santos Dumont,2025,ok,ok,12254217.64,12254217.64,12254217.64,new_observed,22309739.38,22309739.38,22347662.950282093,new_observed,21654451288.89,34601880.5902821,1,
3160801,São Bento Abade,2019,ok,ok,302850.28,302850.28,302850.28,new_observed,2983418.62,2983418.62,3062672.486238115,new_observed,12828054857.945,5863273.900402479,1,
3160801,São Bento Abade,2020,ok,ok,327032.31,327032.31,327032.31,new_observed,3128832.4,3128832.4,2976226.921320388,new_observed,12945081975.46,5634894.30130557,1,
3160801,São Bento Abade,2021,ok,ok,388832.54,388832.54,388832.54,new_observed,4211991.44,4211991.44,4140771.3984994665,new_observed,16790773533.8425,6153114.215556044,2,
3160801,São Bento Abade,2022,ok,ok,513839.35,513839.35,513839.35,new_observed,4352319.48,4352319.48,3683935.945009468,new_observed,17457373501.01,5335809.66145045,1,
3160801,São Bento Abade,2023,ok,ok,616975.34,616975.34,616975.34,new_observed,3953075.62,3953075.62,3427083.46863997,new_observed,17975926235.1,4992005.224081419,1,
3160801,São Bento Abade,2024,ok,ok,781437.62,781437.62,781437.62,new_observed,4848392.58,4848392.58,4818616.678395512,new_observed,20140666841.11,6007323.063883275,1,
3160801,São Bento Abade,2025,ok,ok,991206.75,991206.75,991206.75,new_observed,5193131.73,5193131.73,5201959.3587227,new_observed,21654451288.89,6193166.1087227,1,
3160900,São Brás do Suaçuí,2019,ok,ok,518828.31,518828.31,518828.31,new_observed,2499072.66,2499072.66,2565459.9812385365,new_observed,12828054857.945,5373318.8854787275,1,
3160900,São Brás do Suaçuí,2020,ok,ok,626923.51,626923.51,626923.51,new_observed,2668713.27,2668713.27,2538549.6134145656,new_observed,12945081975.46,5399850.63689197,1,
3160900,São Brás do Suaçuí,2021,ok,ok,559737.68,559737.68,559737.68,new_observed,3337772.44,3337772.44,3281334.4592770054,new_observed,16790773533.8425,5217797.384508432,1,
3160900,São Brás do Suaçuí,2022,ok,ok,1076536.21,1076536.21,1076536.21,new_observed,3609745.24,3609745.24,3055398.461227582,new_observed,17457373501.01,5252119.370331492,1,
3160900,São Brás do Suaçuí,2023,ok,ok,3281899.66,3281899.66,3281899.66,new_observed,3649363.02,3649363.02,3163782.5529145924,new_observed,17975926235.1,7956580.455975002,1,
3160900,São Brás do Suaçuí,2024,ok,ok,3130487.52,3130487.52,3130487.52,new_observed,4645294.56,4645294.56,4616765.963880742,new_observed,20140666841.11,8310679.156950535,1,
3160900,São Brás do Suaçuí,2025,ok,ok,2299495.73,2299495.73,2299495.73,new_observed,4405647.56,4405647.56,4413136.5710562905,new_observed,21654451288.89,6712632.30105629,1,
3160959,São Domingos das Dores,2019,ok,ok,64630.67,64630.67,64630.67,new_observed,2800217.06,2800217.06,2874604.2166742883,new_observed,12828054857.945,5120612.87211346,1,
3160959,São Domingos das Dores,2020,ok,ok,108910.25,108910.25,108910.25,new_observed,3086437.05,3086437.05,2935899.3595088962,new_observed,12945081975.46,5194015.702583536,1,
3160959,São Domingos das Dores,2021,ok,ok,157541.32,157541.32,157541.32,new_observed,4036588.38,4036588.38,3968334.207113036,new_observed,16790773533.8425,5604680.608323566,1,
3160959,São Domingos das Dores,2022,ok,ok,158380.26,158380.26,158380.26,new_observed,4160743.73,4160743.73,3521780.3875279324,new_observed,17457373501.01,4677867.527143326,1,
3160959,São Domingos das Dores,2023,ok,ok,209068.8,209068.8,209068.8,new_observed,4150462.13,4150462.13,3598205.933874657,new_observed,17975926235.1,4699717.8479229985,1,
3160959,São Domingos das Dores,2024,ok,ok,413110.98,413110.98,413110.98,new_observed,5674584.1,5674584.1,5639734.228620979,new_observed,20140666841.11,6493043.582502796,3,
3160959,São Domingos das Dores,2025,ok,ok,402161.07,402161.07,402161.07,new_observed,5845933.26,5845933.26,5855870.563931429,new_observed,21654451288.89,6258031.633931429,5,
3161007,São Domingos do Prata,2019,ok,ok,1108914.46,1108914.46,1108914.46,new_observed,5537659.73,5537659.73,5684766.455342359,new_observed,12828054857.945,11835668.561860213,1,
3161007,São Domingos do Prata,2020,ok,ok,996857.11,996857.11,996857.11,new_observed,6159845.47,6159845.47,5859405.546614591,new_observed,12945081975.46,11695816.969402285,1,
3161007,São Domingos do Prata,2021,ok,ok,1287830.86,1287830.86,1287830.86,new_observed,7590202.01,7590202.01,7461860.224445555,new_observed,16790773533.8425,11885773.971501121,1,
3161007,São Domingos do Prata,2022,ok,ok,1962018.9,1962018.9,1962018.9,new_observed,7984452.67,7984452.67,6758284.249905252,new_observed,17457373501.01,11084413.654384587,1,
3161007,São Domingos do Prata,2023,ok,ok,2669003.3,2669003.3,2669003.3,new_observed,8280895.62,8280895.62,7179048.217862104,new_observed,17975926235.1,12156481.137009913,1,
3161007,São Domingos do Prata,2024,ok,ok,2682568.23,2682568.23,2682568.23,new_observed,8374920.55,8374920.55,8323486.841584786,new_observed,20140666841.11,11806479.893033203,1,
3161007,São Domingos do Prata,2025,ok,ok,2484099.0,2484099.0,2484099.0,new_observed,9172466.62,9172466.62,9188058.585311595,new_observed,21654451288.89,11672157.585311595,1,
3161056,São Félix de Minas,2019,ok,ok,302955.17,302955.17,302955.17,new_observed,1835157.54,1835157.54,1883908.1005904644,new_observed,12828054857.945,3809862.3093060036,1,
3161056,São Félix de Minas,2020,ok,ok,133763.67,133763.67,133763.67,new_observed,2295123.1,2295123.1,2183180.9073455986,new_observed,12945081975.46,3952380.6280583306,1,
3161056,São Félix de Minas,2021,ok,ok,97552.82,97552.82,97552.82,new_observed,2546758.53,2546758.53,2503695.705494725,new_observed,16790773533.8425,3533593.554256328,1,
3161056,São Félix de Minas,2022,ok,ok,206301.83,206301.83,206301.83,new_observed,2934519.86,2934519.86,2483867.106556744,new_observed,17457373501.01,3419484.9399581742,1,
3161056,São Félix de Minas,2023,ok,ok,309662.25,309662.25,309662.25,new_observed,2926350.86,2926350.86,2536973.642752212,new_observed,17975926235.1,3513900.741828166,1,
3161056,São Félix de Minas,2024,ok,ok,202628.9,202628.9,202628.9,new_observed,3627548.21,3627548.21,3605269.997832928,new_observed,20140666841.11,4084831.620372237,1,
3161056,São Félix de Minas,2025,ok,ok,467968.11,467968.11,467968.11,new_observed,3926076.8,3926076.8,3932750.6049656994,new_observed,21654451288.89,4400718.714965699,1,
3161106,São Francisco,2019,ok,ok,2027391.52,2027391.52,2027391.52,new_observed,11294259.49,11294259.49,11594289.034924883,new_observed,12828054857.945,23731125.778888963,1,
3161106,São Francisco,2020,ok,ok,1901460.45,1901460.45,1901460.45,new_observed,11682301.78,11682301.78,11112509.912843237,new_observed,12945081975.46,22199997.72940385,1,
3161106,São Francisco,2021,ok,ok,1921054.27,1921054.27,1921054.27,new_observed,15517893.61,15517893.61,15255503.469220163,new_observed,16790773533.8425,23333016.094675764,1,
3161106,São Francisco,2022,ok,ok,2964930.15,2964930.15,2964930.15,new_observed,15723635.5,15723635.5,13308964.626989402,new_observed,17457373501.01,20685815.432693906,1,
3161106,São Francisco,2023,ok,ok,3751590.06,3751590.06,3751590.06,new_observed,16071451.38,16071451.38,13933000.690092802,new_observed,17975926235.1,21829942.042780183,1,
3161106,São Francisco,2024,ok,ok,3974209.69,3974209.69,3974209.69,new_observed,25897311.02,25897311.02,25738265.362696327,new_observed,20140666841.11,31873340.356763948,1,
3161106,São Francisco,2025,ok,ok,6751308.5,6751308.5,6751308.5,new_observed,28745309.4,28745309.4,28794172.577769283,new_observed,21654451288.89,35545481.07776928,1,
3161205,São Francisco de Paula,2019,ok,ok,301079.32,301079.32,301079.32,new_observed,3543430.9,3543430.9,3637561.3705581697,new_observed,12828054857.945,6861736.130766387,1,
3161205,São Francisco de Paula,2020,ok,ok,351986.64,351986.64,351986.64,new_observed,3602230.86,3602230.86,3426535.874003061,new_observed,12945081975.46,6445626.422422776,1,
3161205,São Francisco de Paula,2021,ok,ok,360279.81,360279.81,360279.81,new_observed,4806479.05,4806479.05,4725206.891143844,new_observed,16790773533.8425,6908237.660221446,1,
3161205,São Francisco de Paula,2022,ok,ok,500329.03,500329.03,500329.03,new_observed,4715341.73,4715341.73,3991209.04887022,new_observed,17457373501.01,5709212.75955393,1,
3161205,São Francisco de Paula,2023,ok,ok,443273.3,443273.3,443273.3,new_observed,5577175.16,5577175.16,4835082.004463522,new_observed,17975926235.1,6515626.626928608,1,
3161205,São Francisco de Paula,2024,ok,ok,675203.22,675203.22,675203.22,new_observed,5871225.93,5871225.93,5835168.403158928,new_observed,20140666841.11,6983843.999058958,1,
3161205,São Francisco de Paula,2025,ok,ok,686660.78,686660.78,686660.78,new_observed,6236166.35,6236166.35,6246766.997942892,new_observed,21654451288.89,6933427.777942892,1,
3161304,São Francisco de Sales,2019,ok,ok,514283.93,514283.93,514283.93,new_observed,8793535.48,8793535.48,9027133.835933048,new_observed,12828054857.945,16622661.513701275,1,
3161304,São Francisco de Sales,2020,ok,ok,399705.44,399705.44,399705.44,new_observed,9249930.89,9249930.89,8798775.330749922,new_observed,12945081975.46,15691310.686218524,1,
3161304,São Francisco de Sales,2021,ok,ok,538297.09,538297.09,538297.09,new_observed,10996037.51,10996037.51,10810106.873872302,new_observed,16790773533.8425,15415923.048033055,2,
3161304,São Francisco de Sales,2022,ok,ok,918562.98,918562.98,918562.98,new_observed,10739271.42,10739271.42,9090046.856429499,new_observed,17457373501.01,12721985.649493437,1,
3161304,São Francisco de Sales,2023,ok,ok,757291.72,757291.72,757291.72,new_observed,10491540.39,10491540.39,9095546.882338049,new_observed,17975926235.1,12162390.336614277,4,
3161304,São Francisco de Sales,2024,ok,ok,798967.42,798967.42,798967.42,new_observed,12151429.1,12151429.1,12076802.354895229,new_observed,20140666841.11,13812171.206293613,1,
3161304,São Francisco de Sales,2025,ok,ok,970292.47,970292.47,970292.47,new_observed,14687527.5,14687527.5,14712494.330491787,new_observed,21654451288.89,15682786.800491787,1,
3161403,São Francisco do Glória,2019,ok,ok,161787.17,161787.17,161787.17,new_observed,2434566.21,2434566.21,2499239.931435437,new_observed,12828054857.945,4635930.830308985,1,
3161403,São Francisco do Glória,2020,ok,ok,375812.73,375812.73,375812.73,new_observed,2804663.76,2804663.76,2667869.2625925457,new_observed,12945081975.46,5192092.147182327,1,
3161403,São Francisco do Glória,2021,ok,ok,757380.77,757380.77,757380.77,new_observed,3531231.16,3531231.16,3471522.009745132,new_observed,16790773533.8425,5744635.107959188,1,
3161403,São Francisco do Glória,2022,ok,partial,,,1091782.9811187957,imputed_temporal,3701886.69,3701886.69,3133389.794639597,new_observed,17457373501.01,5370634.713342416,1,
3161403,São Francisco do Glória,2023,ok,ok,1339183.33,1339183.33,1339183.33,new_observed,3821144.47,3821144.47,3312706.940936799,new_observed,17975926235.1,5742315.241498616,1,
3161403,São Francisco do Glória,2024,ok,ok,2027184.88,2027184.88,2027184.88,new_observed,4274256.6,4274256.6,4248006.695138968,new_observed,20140666841.11,6731560.2797671165,1,
3161403,São Francisco do Glória,2025,ok,ok,2209883.44,2209883.44,2209883.44,new_observed,4620023.77,4620023.77,4627877.19191418,new_observed,21654451288.89,6837760.63191418,1,
3161502,São Geraldo,2019,ok,partial,,,270252.4083266081,imputed_temporal,4432256.92,4432256.92,4549998.8603082765,new_observed,12828054857.945,8397641.442301048,1,
3161502,São Geraldo,2020,ok,ok,284296.51,284296.51,284296.51,new_observed,5172917.64,5172917.64,4920614.073780727,new_observed,12945081975.46,8878843.267661903,1,
3161502,São Geraldo,2021,ok,ok,354477.56,354477.56,354477.56,new_observed,6535930.24,6535930.24,6425415.005207075,new_observed,16790773533.8425,9209956.077691471,1,
3161502,São Geraldo,2022,ok,ok,778720.51,778720.51,778720.51,new_observed,6853168.48,6853168.48,5800730.809558562,new_observed,17457373501.01,8363167.976065833,1,
3161502,São Geraldo,2023,ok,ok,566380.37,566380.37,566380.37,new_observed,6808769.02,6808769.02,5902801.25990354,new_observed,17975926235.1,7985588.24689067,2,
3161502,São Geraldo,2024,ok,ok,654331.07,654331.07,654331.07,new_observed,7451922.89,7451922.89,7406157.676256339,new_observed,20140666841.11,8646694.72319774,2,
3161502,São Geraldo,2025,ok,ok,843670.37,843670.37,843670.37,new_observed,8033696.31,8033696.31,8047352.518234795,new_observed,21654451288.89,8891022.888234794,1,
3161601,São Geraldo da Piedade,2019,ok,ok,98531.56,98531.56,98531.56,new_observed,2185583.25,2185583.25,2243642.793299279,new_observed,12828054857.945,4080438.823250588,1,
3161601,São Geraldo da Piedade,2020,ok,ok,71113.5,71113.5,71113.5,new_observed,2341518.6,2341518.6,2227313.5160874794,new_observed,12945081975.46,3920792.2805807567,1,
3161601,São Geraldo da Piedade,2021,ok,ok,71500.27,71500.27,71500.27,new_observed,2870371.18,2870371.18,2821836.429283238,new_observed,16790773533.8425,3930372.592498088,1,
3161601,São Geraldo da Piedade,2022,ok,ok,104937.55,104937.55,104937.55,new_observed,2958368.24,2958368.24,2504053.1027171738,new_observed,17457373501.01,3316298.8852577,1,
3161601,São Geraldo da Piedade,2023,ok,ok,183811.31,183811.31,183811.31,new_observed,2966601.61,2966601.61,2571868.6696086326,new_observed,17975926235.1,3401624.3346197,1,
3161601,São Geraldo da Piedade,2024,ok,ok,245371.21,245371.21,245371.21,new_observed,3808949.81,3808949.81,3785557.538667262,new_observed,20140666841.11,4324081.508937677,1,
3161601,São Geraldo da Piedade,2025,ok,ok,261193.41,261193.41,261193.41,new_observed,4137656.1,4137656.1,4144689.561451018,new_observed,21654451288.89,4405882.971451018,1,
3161650,São Geraldo do Baixio,2019,ok,ok,52762.93,52762.93,52762.93,new_observed,1796182.03,1796182.03,1843897.2146511325,new_observed,12828054857.945,3304282.4834303246,1,
3161650,São Geraldo do Baixio,2020,ok,ok,86169.38,86169.38,86169.38,new_observed,1789832.52,1789832.52,1702535.33895862,new_observed,12945081975.46,3051277.9414982325,1,
3161650,São Geraldo do Baixio,2021,ok,ok,56800.3,56800.3,56800.3,new_observed,2320658.09,2320658.09,2281418.3698266014,new_observed,16790773533.8425,3176287.9783159876,1,
3161650,São Geraldo do Baixio,2022,ok,ok,76039.02,76039.02,76039.02,new_observed,2471161.27,2471161.27,2091666.2644600358,new_observed,17457373501.01,2755379.2156883343,1,
3161650,São Geraldo do Baixio,2023,ok,ok,154831.63,154831.63,154831.63,new_observed,2808176.81,2808176.81,2434523.7095588692,new_observed,17975926235.1,3196312.4162450237,1,
3161650,São Geraldo do Baixio,2024,ok,ok,227881.6,227881.6,227881.6,new_observed,3620885.83,3620885.83,3598648.534150668,new_observed,20140666841.11,4104817.829376012,1,
3161650,São Geraldo do Baixio,2025,ok,ok,207505.87,207505.87,207505.87,new_observed,3912104.33,3912104.33,3918754.3836372304,new_observed,21654451288.89,4126260.2536372305,1,
3161700,São Gonçalo do Abaeté,2019,ok,ok,1692041.25,1692041.25,1692041.25,new_observed,8440524.09,8440524.09,8664744.775197858,new_observed,12828054857.945,18043162.210271433,1,
3161700,São Gonçalo do Abaeté,2020,ok,ok,1749163.04,1749163.04,1749163.04,new_observed,8594365.7,8594365.7,8175184.63693119,new_observed,12945081975.46,16929537.239667736,1,
3161700,São Gonçalo do Abaeté,2021,ok,ok,2200654.08,2200654.08,2200654.08,new_observed,12008116.48,12008116.48,11805072.72593937,new_observed,16790773533.8425,19025689.194664683,1,
3161700,São Gonçalo do Abaeté,2022,ok,ok,3645156.94,3645156.94,3645156.94,new_observed,16680555.06,16680555.06,14118930.526727686,new_observed,17457373501.01,22580005.567354374,1,
3161700,São Gonçalo do Abaeté,2023,ok,ok,4969393.78,4969393.78,4969393.78,new_observed,16930178.26,16930178.26,14677466.26004939,new_observed,17975926235.1,24252176.48842914,2,
3161700,São Gonçalo do Abaeté,2024,ok,ok,6005769.47,6005769.47,6005769.47,new_observed,17809343.57,17809343.57,17699969.32832487,new_observed,20140666841.11,25429759.041867025,1,
3161700,São Gonçalo do Abaeté,2025,ok,ok,6032343.74,6032343.74,6032343.74,new_observed,18648386.24,18648386.24,18680086.000099137,new_observed,21654451288.89,24712429.74009914,1,
3161809,São Gonçalo do Pará,2019,ok,ok,597744.54,597744.54,597744.54,new_observed,6125110.13,6125110.13,6287822.347347743,new_observed,12828054857.945,11995748.483730562,3,
3161809,São Gonçalo do Pará,2020,ok,ok,787121.06,787121.06,787121.06,new_observed,6744008.25,6744008.25,6415076.407178857,new_observed,12945081975.46,12285932.959751798,5,
3161809,São Gonçalo do Pará,2021,ok,ok,932889.93,932889.93,932889.93,new_observed,8405518.55,8405518.55,8263390.678067643,new_observed,16790773533.8425,12492431.061972432,1,
3161809,São Gonçalo do Pará,2022,ok,ok,1229674.37,1229674.37,1229674.37,new_observed,8104865.66,8104865.66,6860205.476999332,new_observed,17457373501.01,10283079.968313303,1,
3161809,São Gonçalo do Pará,2023,ok,ok,1555843.11,1555843.11,1555843.11,new_observed,8575537.59,8575537.59,7434485.432229007,new_observed,17975926235.1,11097703.859580792,1,
3161809,São Gonçalo do Pará,2024,ok,ok,1906780.82,1906780.82,1906780.82,new_observed,8829717.91,8829717.91,8775491.110633941,new_observed,20140666841.11,11459149.344669081,1,
3161809,São Gonçalo do Pará,2025,ok,ok,2780621.71,2780621.71,2780621.71,new_observed,10557183.94,10557183.94,10575129.73937982,new_observed,21654451288.89,13355751.44937982,1,
3161908,São Gonçalo do Rio Abaixo,2019,ok,ok,9240919.92,9240919.92,9240919.92,new_observed,94186894.15,94186894.15,96688948.4913876,new_observed,12828054857.945,184546614.55872458,1,
3161908,São Gonçalo do Rio Abaixo,2020,ok,ok,23429277.1,23429277.1,23429277.1,new_observed,121689092.74,121689092.74,115753836.4291553,new_observed,12945081975.46,237426758.94979876,1,
3161908,São Gonçalo do Rio Abaixo,2021,ok,ok,38942154.14,38942154.14,38942154.14,new_observed,155279056.36,155279056.36,152653462.0311277,new_observed,16790773533.8425,260267724.39873093,1,
3161908,São Gonçalo do Rio Abaixo,2022,ok,ok,47479090.3,47479090.3,47479090.3,new_observed,126127435.28,126127435.28,106758107.8583522,new_observed,17457373501.01,196051544.9854557,1,
3161908,São Gonçalo do Rio Abaixo,2023,ok,ok,41073592.52,41073592.52,41073592.52,new_observed,149176809.72,149176809.72,129327497.78661264,new_observed,17975926235.1,210343907.75485635,1,
3161908,São Gonçalo do Rio Abaixo,2024,ok,ok,54775731.81,54775731.81,54775731.81,new_observed,175178662.76,175178662.76,174102821.11981094,new_observed,20140666841.11,245523942.55131105,1,
3161908,São Gonçalo do Rio Abaixo,2025,ok,ok,68788110.75,68788110.75,68788110.75,new_observed,161819424.28,161819424.28,162094495.638081,new_observed,21654451288.89,230882606.388081,1,
3162005,São Gonçalo do Sapucaí,2019,ok,ok,2479046.6,2479046.6,2479046.6,new_observed,12752778.09,12752778.09,13091552.864057431,new_observed,12828054857.945,27126451.310051706,4,
3162005,São Gonçalo do Sapucaí,2020,ok,ok,2244875.86,2244875.86,2244875.86,new_observed,13418074.98,13418074.98,12763622.617744412,new_observed,12945081975.46,25602381.351581123,1,
3162005,São Gonçalo do Sapucaí,2021,ok,ok,2872706.93,2872706.93,2872706.93,new_observed,16351063.69,16351063.69,16074585.579545988,new_observed,16790773533.8425,25738421.387324948,1,
3162005,São Gonçalo do Sapucaí,2022,ok,ok,3743155.27,3743155.27,3743155.27,new_observed,14745147.4,14745147.4,12480742.457197305,new_observed,17457373501.01,20622263.97446272,1,
3162005,São Gonçalo do Sapucaí,2023,ok,ok,4463316.62,4463316.62,4463316.62,new_observed,18175979.55,18175979.55,15757502.519555435,new_observed,17975926235.1,24960674.301819455,1,
3162005,São Gonçalo do Sapucaí,2024,ok,ok,4772920.65,4772920.65,4772920.65,new_observed,20492780.05,20492780.05,20366925.760706615,new_observed,20140666841.11,26968163.36384294,1,
3162005,São Gonçalo do Sapucaí,2025,ok,ok,5480766.7,5480766.7,5480766.7,new_observed,23392769.52,23392769.52,23432534.09653198,new_observed,21654451288.89,28913300.79653198,1,
3162104,São Gotardo,2019,ok,ok,4971699.86,4971699.86,4971699.86,new_observed,20760737.84,20760737.84,21312242.321719676,new_observed,12828054857.945,45790791.77230599,1,
3162104,São Gotardo,2020,ok,ok,5053738.35,5053738.35,5053738.35,new_observed,16746011.88,16746011.88,15929242.928450583,new_observed,12945081975.46,35794006.26788854,1,
3162104,São Gotardo,2021,ok,ok,6690700.69,6690700.69,6690700.69,new_observed,23314579.17,23314579.17,22920355.838896822,new_observed,16790773533.8425,40224314.385850385,1,
3162104,São Gotardo,2022,ok,ok,9135523.52,9135523.52,9135523.52,new_observed,24993485.61,24993485.61,21155248.47219071,new_observed,17457373501.01,38502726.44199726,1,
3162104,São Gotardo,2023,ok,ok,11859605.19,11859605.19,11859605.19,new_observed,26485242.42,26485242.42,22961143.470486928,new_observed,17975926235.1,42982896.007398784,1,
3162104,São Gotardo,2024,ok,ok,12682033.8,12682033.8,12682033.8,new_observed,35231976.75,35231976.75,35015603.20851594,new_observed,20140666841.11,51166488.68495548,1,
3162104,São Gotardo,2025,ok,ok,13525639.53,13525639.53,13525639.53,new_observed,41907232.75,41907232.75,41978469.435442746,new_observed,21654451288.89,55504108.96544275,1,
3162203,São João Batista do Glória,2019,ok,ok,517393.55,517393.55,517393.55,new_observed,16509575.57,16509575.57,16948148.851369694,new_observed,12828054857.945,30427742.146219213,1,
3162203,São João Batista do Glória,2020,ok,ok,485030.34,485030.34,485030.34,new_observed,16406641.42,16406641.42,15606424.902354684,new_observed,12945081975.46,27449752.833541226,1,
3162203,São João Batista do Glória,2021,ok,ok,514640.82,514640.82,514640.82,new_observed,20306223.5,20306223.5,19962868.082262233,new_observed,16790773533.8425,27817101.193934783,1,
3162203,São João Batista do Glória,2022,ok,ok,821191.93,821191.93,821191.93,new_observed,26771435.38,26771435.38,22660159.381470818,new_observed,17457373501.01,29847243.45312428,1,
3162203,São João Batista do Glória,2023,ok,ok,1045878.8,1045878.8,1045878.8,new_observed,23646833.57,23646833.57,20500410.36488639,new_observed,17975926235.1,26596840.73853868,1,
3162203,São João Batista do Glória,2024,ok,ok,1148120.08,1148120.08,1148120.08,new_observed,22513870.65,22513870.65,22375604.04180991,new_observed,20140666841.11,25234507.191450708,1,
3162203,São João Batista do Glória,2025,ok,ok,1143698.22,1143698.22,1143698.22,new_observed,25661558.02,25661558.02,25705179.233253255,new_observed,21654451288.89,26848877.453253254,1,
3162252,São João da Lagoa,2019,ok,ok,188703.6,188703.6,188703.6,new_observed,2472757.26,2472757.26,2538445.518365622,new_observed,12828054857.945,4751125.860334611,1,
3162252,São João da Lagoa,2020,ok,ok,366545.28,366545.28,366545.28,new_observed,2784627.15,2784627.15,2648809.9169740337,new_observed,12945081975.46,5143770.629545578,1,
3162252,São João da Lagoa,2021,ok,ok,741277.28,741277.28,741277.28,new_observed,3604764.78,3604764.78,3543812.258873494,new_observed,16790773533.8425,5820960.444790574,1,
3162252,São João da Lagoa,2022,ok,ok,297571.03,297571.03,297571.03,new_observed,3950202.42,3950202.42,3343571.80165032,new_observed,17457373501.01,4628271.818869955,1,
3162252,São João da Lagoa,2023,ok,ok,283488.74,283488.74,283488.74,new_observed,3965817.46,3965817.46,3438129.8925948087,new_observed,17975926235.1,4593983.553419193,1,
3162252,São João da Lagoa,2024,ok,ok,246055.35,246055.35,246055.35,new_observed,4844759.1,4844759.1,4815005.513037153,new_observed,20140666841.11,5429130.867347314,2,
3162252,São João da Lagoa,2025,ok,ok,376014.56,376014.56,376014.56,new_observed,4878054.18,4878054.18,4886346.219067966,new_observed,21654451288.89,5262360.779067965,1,
3162302,São João da Mata,2019,ok,ok,57078.25,57078.25,57078.25,new_observed,2197741.64,2197741.64,2256124.1682831068,new_observed,12828054857.945,4029965.1220685407,1,
3162302,São João da Mata,2020,ok,ok,71786.06,71786.06,71786.06,new_observed,2323210.3,2323210.3,2209898.1839835257,new_observed,12945081975.46,3892231.4730540295,1,
3162302,São João da Mata,2021,ok,ok,74123.7,74123.7,74123.7,new_observed,2917462.49,2917462.49,2868131.4781558616,new_observed,16790773533.8425,3996824.5366065237,1,
3162302,São João da Mata,2022,ok,ok,118626.96,118626.96,118626.96,new_observed,3056427.0,3056427.0,2587053.027779443,new_observed,17457373501.01,3439201.101771725,1,
3162302,São João da Mata,2023,ok,ok,126065.05,126065.05,126065.05,new_observed,3020129.98,3020129.98,2618274.6100875153,new_observed,17975926235.1,3387625.7908370965,1,
3162302,São João da Mata,2024,ok,ok,211182.98,211182.98,211182.98,new_observed,3110143.38,3110143.38,3091042.7560858503,new_observed,20140666841.11,3542382.9430048857,1,
3162302,São João da Mata,2025,ok,ok,178194.29,178194.29,178194.29,new_observed,3628963.03,3628963.03,3635131.781332106,new_observed,21654451288.89,3813326.071332106,1,
3162401,São João da Ponte,2019,ok,ok,461002.18,461002.18,461002.18,new_observed,6246810.61,6246810.61,6412755.774108342,new_observed,12828054857.945,11975175.45099141,1,
3162401,São João da Ponte,2020,ok,ok,432109.72,432109.72,432109.72,new_observed,6356451.13,6356451.13,6046421.97426855,new_observed,12945081975.46,11051461.229177931,2,
3162401,São João da Ponte,2021,ok,ok,607231.52,607231.52,607231.52,new_observed,8590451.84,8590451.84,8445196.953975555,new_observed,16790773533.8425,12297019.140038848,2,
3162401,São João da Ponte,2022,ok,ok,1034776.01,1034776.01,1034776.01,new_observed,9318080.63,9318080.63,7887107.628264795,new_observed,17457373501.01,11340643.452732174,1,
3162401,São João da Ponte,2023,ok,ok,1157738.37,1157738.37,1157738.37,new_observed,8888125.48,8888125.48,7705480.701051122,new_observed,17975926235.1,10940799.330201898,1,
3162401,São João da Ponte,2024,ok,ok,1395016.29,1395016.29,1395016.29,new_observed,11789623.13,11789623.13,11717218.378841653,new_observed,20140666841.11,14065833.213037023,1,
3162401,São João da Ponte,2025,ok,ok,1461772.54,1461772.54,1461772.54,new_observed,12558873.26,12558873.26,12580221.66325237,new_observed,21654451288.89,14041994.203252371,1,
3162450,São João das Missões,2019,ok,ok,261103.98,261103.98,261103.98,new_observed,4680183.33,4680183.33,4804511.381423664,new_observed,12828054857.945,8825104.568022955,1,
3162450,São João das Missões,2020,ok,ok,845683.24,845683.24,845683.24,new_observed,5166891.27,5166891.27,4914881.633579764,new_observed,12945081975.46,9826711.107217757,1,
3162450,São João das Missões,2021,ok,ok,250141.07,250141.07,250141.07,new_observed,6359924.86,6359924.86,6252385.678374913,new_observed,16790773533.8425,8833176.214897405,1,
3162450,São João das Missões,2022,ok,ok,379584.95,379584.95,379584.95,new_observed,6704913.35,6704913.35,5675243.14603827,new_observed,17457373501.01,7696317.211564743,2,
3162450,São João das Missões,2023,ok,ok,505510.63,505510.63,505510.63,new_observed,6292700.09,6292700.09,5455399.927701927,new_observed,17975926235.1,7358176.0435223365,1,
3162450,São João das Missões,2024,ok,ok,402050.78,402050.78,402050.78,new_observed,7374367.04,7374367.04,7329078.127488213,new_observed,20140666841.11,8293381.9068710245,1,
3162450,São João das Missões,2025,ok,ok,498869.72,498869.72,498869.72,new_observed,8332424.15,8332424.15,8346588.155571308,new_observed,21654451288.89,8845457.875571309,5,
3162500,São João del Rei,2019,ok,ok,14054338.51,14054338.51,14054338.51,new_observed,34147733.79,34147733.79,35054860.9051775,new_observed,12828054857.945,85556006.36228135,1,
3162500,São João del Rei,2020,ok,ok,13897343.14,13897343.14,13897343.14,new_observed,29331613.09,29331613.09,27900994.800556112,new_observed,12945081975.46,71302068.58489202,1,
3162500,São João del Rei,2021,ok,ok,18382504.19,18382504.19,18382504.19,new_observed,40211804.77,40211804.77,39531868.34436217,new_observed,16790773533.8425,78672165.10859945,1,
3162500,São João del Rei,2022,ok,ok,20056665.12,20056665.12,20056665.12,new_observed,43349897.71,43349897.71,36692675.50790013,new_observed,17457373501.01,72134323.23623437,1,
3162500,São João del Rei,2023,ok,ok,23530770.65,23530770.65,23530770.65,new_observed,45251961.66,45251961.66,39230782.46818757,new_observed,17975926235.1,77473156.51495723,1,
3162500,São João del Rei,2024,ok,ok,27949617.14,27949617.14,27949617.14,new_observed,51212772.95,51212772.95,50898255.00140348,new_observed,20140666841.11,84582151.46036775,1,
3162500,São João del Rei,2025,ok,ok,30877840.89,30877840.89,30877840.89,new_observed,54549747.03,54549747.03,54642474.29723187,new_observed,21654451288.89,85520315.18723187,1,
3162559,São João do Manhuaçu,2019,ok,partial,,,297073.6778565363,imputed_temporal,3542693.45,3542693.45,3636804.3303594403,new_observed,12828054857.945,6853438.783515308,1,
3162559,São João do Manhuaçu,2020,ok,ok,312511.59,312511.59,312511.59,new_observed,3994591.74,3994591.74,3799759.7686191355,new_observed,12945081975.46,7014954.873778591,1,
3162559,São João do Manhuaçu,2021,ok,ok,391952.37,391952.37,391952.37,new_observed,5471728.33,5471728.33,5379207.553475762,new_observed,16790773533.8425,7839671.337169874,1,
3162559,São João do Manhuaçu,2022,ok,ok,715925.79,715925.79,715925.79,new_observed,5326216.29,5326216.29,4508271.9069203,new_observed,17457373501.01,6640499.451624805,1,
3162559,São João do Manhuaçu,2023,ok,ok,1612279.96,1612279.96,1612279.96,new_observed,5129749.0,5129749.0,4447189.906317152,new_observed,17975926235.1,7479838.11788137,1,
3162559,São João do Manhuaçu,2024,ok,ok,1984551.55,1984551.55,1984551.55,new_observed,5493244.63,5493244.63,5459508.436221676,new_observed,20140666841.11,7985435.651395849,1,
3162559,São João do Manhuaçu,2025,ok,ok,1677525.23,1677525.23,1677525.23,new_observed,6220044.98,6220044.98,6230618.223772103,new_observed,21654451288.89,7908143.453772103,1,
3162575,São João do Manteninha,2019,ok,ok,63384.69,63384.69,63384.69,new_observed,2473716.64,2473716.64,2539430.3840864934,new_observed,12828054857.945,4534516.255411877,2,
3162575,São João do Manteninha,2020,ok,ok,220845.15,220845.15,220845.15,new_observed,2647058.55,2647058.55,2517951.079393486,new_observed,12945081975.46,4672000.041388723,1,
3162575,São João do Manteninha,2021,ok,ok,53450.72,53450.72,53450.72,new_observed,3270216.84,3270216.84,3214921.148548988,new_observed,16790773533.8425,4439828.6647451045,1,
3162575,São João do Manteninha,2022,ok,ok,190725.36,190725.36,190725.36,new_observed,3608131.3,3608131.3,3054032.3731896025,new_observed,17457373501.01,4124425.0692509003,1,
3162575,São João do Manteninha,2023,ok,ok,225675.34,225675.34,225675.34,new_observed,3817687.24,3817687.24,3309709.7263830625,new_observed,17975926235.1,4364095.962901931,2,
3162575,São João do Manteninha,2024,ok,ok,248802.91,248802.91,248802.91,new_observed,4071880.02,4071880.02,4046872.98997505,new_observed,20140666841.11,4608082.624534779,1,
3162575,São João do Manteninha,2025,ok,ok,242259.86,242259.86,242259.86,new_observed,4147191.79,4147191.79,4154241.46084745,new_observed,21654451288.89,4396501.32084745,1,
3162609,São João do Oriente,2019,ok,absent_dca,,,245205.1114505222,imputed_temporal,,,3167851.4671502644,imputed_temporal,12828054857.945,5946085.3329111375,1,
3162609,São João do Oriente,2020,ok,ok,257947.59,257947.59,257947.59,new_observed,3366519.72,3366519.72,3202321.294620951,new_observed,12945081975.46,5902730.622549923,1,
3162609,São João do Oriente,2021,ok,ok,226119.5,226119.5,226119.5,new_observed,4258953.24,4258953.24,4186939.1272406373,new_observed,16790773533.8425,5994796.4859709125,1,
3162609,São João do Oriente,2022,ok,ok,454381.91,454381.91,454381.91,new_observed,4068471.65,4068471.65,3443678.4848999595,new_observed,17457373501.01,4954840.803592287,1,
3162609,São João do Oriente,2023,ok,ok,338750.9,338750.9,338750.9,new_observed,3861304.28,3861304.28,3347523.1281755143,new_observed,17975926235.1,4550354.00739794,1,
3162609,São João do Oriente,2024,ok,ok,584750.99,584750.99,584750.99,new_observed,4208071.54,4208071.54,4182228.103840033,new_observed,20140666841.11,5113661.748544016,1,
3162609,São João do Oriente,2025,ok,ok,483020.61,483020.61,483020.61,new_observed,4464227.7,4464227.7,4471816.289452013,new_observed,21654451288.89,4954836.899452013,1,
3162658,São João do Pacuí,2019,ok,ok,68728.73,68728.73,68728.73,new_observed,1877445.14,1877445.14,1927319.0614797017,new_observed,12828054857.945,3477431.511426274,1,
3162658,São João do Pacuí,2020,ok,ok,45827.79,45827.79,45827.79,new_observed,2331118.61,2331118.61,2217420.7745588943,new_observed,12945081975.46,3860782.8044343926,1,
3162658,São João do Pacuí,2021,ok,ok,73233.82,73233.82,73233.82,new_observed,2907187.08,2907187.08,2858029.81379069,new_observed,16790773533.8425,3981893.3795335153,1,
3162658,São João do Pacuí,2022,ok,ok,142521.82,142521.82,142521.82,new_observed,2755693.17,2755693.17,2332502.7422803263,new_observed,17457373501.01,3146014.0297273225,1,
3162658,São João do Pacuí,2023,ok,ok,123869.22,123869.22,123869.22,new_observed,3157495.89,3157495.89,2737362.754248969,new_observed,17975926235.1,3531918.2135145958,1,
3162658,São João do Pacuí,2024,ok,ok,169865.02,169865.02,169865.02,new_observed,3223482.57,3223482.57,3203685.885172118,new_observed,20140666841.11,3618895.296360115,1,
3162658,São João do Pacuí,2025,ok,ok,151481.82,151481.82,151481.82,new_observed,3328416.04,3328416.04,3334073.901684128,new_observed,21654451288.89,3485555.721684128,1,
3162708,São João do Paraíso,2019,ok,ok,668627.09,668627.09,668627.09,new_observed,5501217.42,5501217.42,5647356.063309624,new_observed,12828054857.945,11003443.372803492,1,
3162708,São João do Paraíso,2020,ok,ok,756770.27,756770.27,756770.27,new_observed,5679165.05,5679165.05,5402169.803800245,new_observed,12945081975.46,10506283.005244834,1,
3162708,São João do Paraíso,2021,ok,ok,872852.69,872852.69,872852.69,new_observed,7766649.4,7766649.4,7635324.087385382,new_observed,16790773533.8425,11557695.592859387,6,
3162708,São João do Paraíso,2022,ok,ok,1375941.11,1375941.11,1375941.11,new_observed,8461184.92,8461184.92,7161804.965696144,new_observed,17457373501.01,10852364.596997183,1,
3162708,São João do Paraíso,2023,ok,ok,1504485.75,1504485.75,1504485.75,new_observed,8556759.0,8556759.0,7418205.501982348,new_observed,17975926235.1,11014212.07021001,1,
3162708,São João do Paraíso,2024,ok,ok,1939054.3,1939054.3,1939054.3,new_observed,11717778.51,11717778.51,11645814.98514514,new_observed,20140666841.11,14572840.588326769,1,
3162708,São João do Paraíso,2025,ok,ok,2037525.86,2037525.86,2037525.86,new_observed,12700414.9,12700414.9,12722003.905091815,new_observed,21654451288.89,14759529.765091814,1,
3162807,São João Evangelista,2019,ok,ok,769877.38,769877.38,769877.38,new_observed,4878872.34,4878872.34,5008478.52172558,new_observed,12828054857.945,10066811.517574254,1,
3162807,São João Evangelista,2020,ok,ok,988067.4,988067.4,988067.4,new_observed,5246323.92,5246323.92,4990440.040403287,new_observed,12945081975.46,10198490.383927714,1,
3162807,São João Evangelista,2021,ok,ok,889750.86,889750.86,889750.86,new_observed,6224655.84,6224655.84,6119403.905477707,new_observed,16790773533.8425,9521390.923370762,1,
3162807,São João Evangelista,2022,ok,ok,1030401.59,1030401.59,1030401.59,new_observed,6646053.43,6646053.43,5625422.3146391045,new_observed,17457373501.01,8460245.487057708,1,
3162807,São João Evangelista,2023,ok,partial,,,1532232.192842551,imputed_temporal,6562120.58,6562120.58,5688971.606098477,new_observed,17975926235.1,8913887.95124702,1,
3162807,São João Evangelista,2024,ok,ok,1961995.91,1961995.91,1961995.91,new_observed,7810565.67,7810565.67,7762597.888714163,new_observed,20140666841.11,10431823.246901302,1,
3162807,São João Evangelista,2025,ok,ok,2427814.38,2427814.38,2427814.38,new_observed,8026227.73,8026227.73,8039871.242648634,new_observed,21654451288.89,10467685.622648634,1,
3162906,São João Nepomuceno,2019,ok,ok,1274380.17,1274380.17,1274380.17,new_observed,7873573.29,7873573.29,8082733.050604316,new_observed,12828054857.945,16301573.794078033,1,
3162906,São João Nepomuceno,2020,ok,ok,1169427.13,1169427.13,1169427.13,new_observed,8319748.02,8319748.02,7913961.142733628,new_observed,12945081975.46,15494979.119187439,1,
3162906,São João Nepomuceno,2021,ok,ok,1555627.35,1555627.35,1555627.35,new_observed,10241824.44,10241824.44,10068646.699245146,new_observed,16790773533.8425,15790671.076117078,1,
3162906,São João Nepomuceno,2022,ok,ok,2294133.62,2294133.62,2294133.62,new_observed,10272507.78,10272507.78,8694963.8761655,new_observed,17457373501.01,13968287.597568648,1,
3162906,São João Nepomuceno,2023,ok,absent_dca,,,2876705.4341829475,imputed_temporal,,,9955327.484163152,imputed_temporal,17975926235.1,15839921.819908263,1,
3162906,São João Nepomuceno,2024,ok,ok,3235168.85,3235168.85,3235168.85,new_observed,12354113.75,12354113.75,12278242.238079103,new_observed,20140666841.11,16641637.252628325,1,
3162906,São João Nepomuceno,2025,ok,ok,3351351.04,3351351.04,3351351.04,new_observed,13645843.67,13645843.67,13669039.777433762,new_observed,21654451288.89,17020390.817433763,1,
3162922,São Joaquim de Bicas,2019,ok,ok,3361295.22,3361295.22,3361295.22,new_observed,14591829.49,14591829.49,14979458.264191216,new_observed,12828054857.945,31952498.523067728,1,
3162922,São Joaquim de Bicas,2020,ok,ok,3944185.38,3944185.38,3944185.38,new_observed,15966242.21,15966242.21,15187505.696285916,new_observed,12945081975.46,32635966.320151623,1,
3162922,São Joaquim de Bicas,2021,ok,ok,5911063.63,5911063.63,5911063.63,new_observed,19325470.52,19325470.52,18998698.532910742,new_observed,16790773533.8425,33837972.094642155,1,
3162922,São Joaquim de Bicas,2022,ok,ok,9011728.64,9011728.64,9011728.64,new_observed,18649848.81,18649848.81,15785800.816292796,new_observed,17457373501.01,31520242.974961527,1,
3162922,São Joaquim de Bicas,2023,ok,ok,11012689.16,11012689.16,11012689.16,new_observed,20379048.43,20379048.43,17667433.334115256,new_observed,17975926235.1,35402878.1708215,1,
3162922,São Joaquim de Bicas,2024,ok,ok,13735478.06,13735478.06,13735478.06,new_observed,23787634.11,23787634.11,23641544.81525421,new_observed,20140666841.11,40095299.01203634,1,
3162922,São Joaquim de Bicas,2025,ok,ok,21822553.16,21822553.16,21822553.16,new_observed,26661064.42,26661064.42,26706384.660326682,new_observed,21654451288.89,48528937.820326686,1,
3162948,São José da Barra,2019,ok,ok,1215455.33,1215455.33,1215455.33,new_observed,15612440.68,15612440.68,16027181.768296631,new_observed,12828054857.945,30039405.79060737,1,
3162948,São José da Barra,2020,ok,ok,1059044.41,1059044.41,1059044.41,new_observed,15098558.51,15098558.51,14362142.347603234,new_observed,12945081975.46,26306369.344513346,1,
3162948,São José da Barra,2021,ok,ok,1751654.31,1751654.31,1751654.31,new_observed,19731164.12,19731164.12,19397532.310083445,new_observed,16790773533.8425,28729523.067880575,1,
3162948,São José da Barra,2022,ok,ok,1238165.58,1238165.58,1238165.58,new_observed,26591671.42,26591671.42,22508001.683281522,new_observed,17457373501.01,30183852.11244381,1,
3162948,São José da Barra,2023,ok,ok,1809251.74,1809251.74,1809251.74,new_observed,21606558.5,21606558.5,18731612.184426773,new_observed,17975926235.1,25355739.090344384,1,
3162948,São José da Barra,2024,ok,ok,1289500.41,1289500.41,1289500.41,new_observed,22515393.44,22515393.44,22377117.47975262,new_observed,20140666841.11,25387793.031570755,1,
3162948,São José da Barra,2025,ok,ok,1234775.36,1234775.36,1234775.36,new_observed,24640063.77,24640063.77,24681948.579778392,new_observed,21654451288.89,25916723.93977839,1,
3162955,São José da Lapa,2019,ok,ok,3456083.96,3456083.96,3456083.96,new_observed,12556337.92,12556337.92,12889894.30370061,new_observed,12828054857.945,28477284.0319337,1,
3162955,São José da Lapa,2020,ok,ok,3681929.9,3681929.9,3681929.9,new_observed,12380944.77,12380944.77,11777077.33269921,new_observed,12945081975.46,26370885.740190167,1,
3162955,São José da Lapa,2021,ok,ok,4699043.2,4699043.2,4699043.2,new_observed,16903682.25,16903682.25,16617859.980770309,new_observed,16790773533.8425,28957352.954943147,1,
3162955,São José da Lapa,2022,ok,ok,6496722.27,6496722.27,6496722.27,new_observed,16642189.35,16642189.35,14086456.619705398,new_observed,17457373501.01,26163364.416771457,1,
3162955,São José da Lapa,2023,ok,ok,8131290.52,8131290.52,8131290.52,new_observed,16622021.49,16622021.49,14410312.51098539,new_observed,17975926235.1,27825460.858639713,1,
3162955,São José da Lapa,2024,ok,ok,8130468.71,8130468.71,8130468.71,new_observed,18034859.02,18034859.02,17924099.798511725,new_observed,20140666841.11,27949409.41296834,1,
3162955,São José da Lapa,2025,ok,ok,8183399.99,8183399.99,8183399.99,new_observed,19953831.01,19953831.01,19987749.85144479,new_observed,21654451288.89,28171149.84144479,1,
3163003,São José da Safira,2019,ok,ok,126982.91,126982.91,126982.91,new_observed,2053972.32,2053972.32,2108535.6475916444,new_observed,12828054857.945,3894627.528324114,1,
3163003,São José da Safira,2020,ok,ok,165418.51,165418.51,165418.51,new_observed,2177222.75,2177222.75,2071031.021751504,new_observed,12945081975.46,3815067.434652015,1,
3163003,São José da Safira,2021,ok,ok,69969.7,69969.7,69969.7,new_observed,2850805.72,2850805.72,2802601.799222716,new_observed,16790773533.8425,3902164.6852690973,2,
3163003,São José da Safira,2022,ok,ok,72607.48,72607.48,72607.48,new_observed,3108632.65,3108632.65,2631241.482108532,new_observed,17457373501.01,3436873.6774151074,1,
3163003,São José da Safira,2023,ok,ok,93546.56,93546.56,93546.56,new_observed,3071285.58,3071285.58,2662623.4988872595,new_observed,17975926235.1,3402229.2907874724,3,
3163003,São José da Safira,2024,ok,ok,130170.36,130170.36,130170.36,new_observed,4141037.14,4141037.14,4115605.3886748687,new_observed,20140666841.11,4554553.441811902,1,
3163003,São José da Safira,2025,ok,ok,160437.5,160437.5,160437.5,new_observed,4016172.83,4016172.83,4022999.7861553053,new_observed,21654451288.89,4183437.2861553053,1,
3163102,São José da Varginha,2019,ok,ok,93248.69,93248.69,93248.69,new_observed,5058455.66,5058455.66,5192832.433531392,new_observed,12828054857.945,9209190.856746377,1,
3163102,São José da Varginha,2020,ok,ok,118051.72,118051.72,118051.72,new_observed,5418082.66,5418082.66,5153821.430202264,new_observed,12945081975.46,8993071.96044866,1,
3163102,São José da Varginha,2021,ok,ok,141391.8,141391.8,141391.8,new_observed,7100298.39,7100298.39,6980240.32406956,new_observed,16790773533.8425,9674182.656042425,1,
3163102,São José da Varginha,2022,ok,ok,318176.4,318176.4,318176.4,new_observed,8610113.59,8610113.59,7287862.734014073,new_observed,17457373501.01,9668068.022814684,1,
3163102,São José da Varginha,2023,ok,ok,794228.85,794228.85,794228.85,new_observed,7200791.61,7200791.61,6242661.729742573,new_observed,17975926235.1,8686370.846119812,1,
3163102,São José da Varginha,2024,ok,ok,574809.81,574809.81,574809.81,new_observed,10706311.51,10706311.51,10640559.805118717,new_observed,20140666841.11,12031017.01677821,1,
3163102,São José da Varginha,2025,ok,ok,649620.49,649620.49,649620.49,new_observed,12031014.81,12031014.81,12051465.92455318,new_observed,21654451288.89,12701086.41455318,2,
3163201,São José do Alegre,2019,ok,ok,65512.69,65512.69,65512.69,new_observed,2021751.6,2021751.6,2075458.9911783442,new_observed,12828054857.945,3729911.889375006,1,
3163201,São José do Alegre,2020,ok,ok,77202.09,77202.09,77202.09,new_observed,2490605.62,2490605.62,2369128.97496071,new_observed,12945081975.46,4173095.7250799183,2,
3163201,São José do Alegre,2021,ok,ok,83369.88,83369.88,83369.88,new_observed,3131134.21,3131134.21,3078190.2495108633,new_observed,16790773533.8425,4294733.235037077,4,
3163201,São José do Alegre,2022,ok,ok,86721.24,86721.24,86721.24,new_observed,3278182.08,3278182.08,2774753.2905828645,new_observed,17457373501.01,3637232.1940219537,1,
3163201,São José do Alegre,2023,ok,ok,127273.01,127273.01,127273.01,new_observed,3234143.8,3234143.8,2803811.9726595194,new_observed,17975926235.1,3618145.095813704,1,
3163201,São José do Alegre,2024,ok,ok,196478.65,196478.65,196478.65,new_observed,3430937.57,3430937.57,3409866.82174482,new_observed,20140666841.11,3868620.0480146813,1,
3163201,São José do Alegre,2025,ok,ok,131899.73,131899.73,131899.73,new_observed,3556889.46,3556889.46,3562935.695911786,new_observed,21654451288.89,3694835.425911786,1,
3163300,São José do Divino,2019,ok,ok,144739.42,144739.42,144739.42,new_observed,2044543.77,2044543.77,2098856.6302132113,new_observed,12828054857.945,3908699.8002884677,1,
3163300,São José do Divino,2020,ok,ok,163950.3,163950.3,163950.3,new_observed,2186087.7,2186087.7,2079463.5932264605,new_observed,12945081975.46,3826947.65295743,1,
3163300,São José do Divino,2021,ok,ok,199895.77,199895.77,199895.77,new_observed,2719806.93,2719806.93,2673818.0515354136,new_observed,16790773533.8425,3903716.4411745667,1,
3163300,São José do Divino,2022,ok,ok,308946.23,308946.23,308946.23,new_observed,3028042.91,3028042.91,2563027.8683448276,new_observed,17457373501.01,3650578.2383354595,1,
3163300,São José do Divino,2023,ok,ok,252264.2,252264.2,252264.2,new_observed,2903875.48,2903875.48,2517488.81355752,new_observed,17975926235.1,3418996.1539516617,1,
3163300,São José do Divino,2024,ok,ok,366849.11,366849.11,366849.11,new_observed,3600933.39,3600933.39,3578818.6299974266,new_observed,20140666841.11,4232619.820078874,1,
3163300,São José do Divino,2025,ok,ok,176078.91,176078.91,176078.91,new_observed,3724804.42,3724804.42,3731136.088864566,new_observed,21654451288.89,3907214.998864566,1,
3163409,São José do Goiabal,2019,ok,ok,293938.38,293938.38,293938.38,new_observed,1962971.01,1962971.01,2015116.9075997937,new_observed,12828054857.945,4022740.1633367334,1,
3163409,São José do Goiabal,2020,ok,ok,328024.88,328024.88,328024.88,new_observed,2464213.82,2464213.82,2344024.406987652,new_observed,12945081975.46,4558139.172757513,1,
3163409,São José do Goiabal,2021,ok,ok,398407.62,398407.62,398407.62,new_observed,3025335.13,3025335.13,2974180.113048773,new_observed,16790773533.8425,4581397.801041934,1,
3163409,São José do Goiabal,2022,ok,ok,1352922.52,1352922.52,1352922.52,new_observed,3341717.46,3341717.46,2828531.5739183137,new_observed,17457373501.01,5315063.714764788,1,
3163409,São José do Goiabal,2023,ok,ok,1183407.33,1183407.33,1183407.33,new_observed,3125277.9,3125277.9,2709431.656659237,new_observed,17975926235.1,4805338.764212022,1,
3163409,São José do Goiabal,2024,ok,ok,828937.25,828937.25,828937.25,new_observed,3093384.61,3093384.61,3074386.908338597,new_observed,20140666841.11,4187196.765023963,1,
3163409,São José do Goiabal,2025,ok,ok,539700.31,539700.31,539700.31,new_observed,3069941.49,3069941.49,3075159.979551801,new_observed,21654451288.89,3614860.289551801,6,
3163508,São José do Jacuri,2019,ok,ok,433058.74,433058.74,433058.74,new_observed,2410224.05,2410224.05,2474251.1272536064,new_observed,12828054857.945,5064994.430004879,1,
3163508,São José do Jacuri,2020,ok,ok,136993.2,136993.2,136993.2,new_observed,2885150.47,2885150.47,2744430.31875858,new_observed,12945081975.46,4915302.078490055,1,
3163508,São José do Jacuri,2021,ok,ok,151974.19,151974.19,151974.19,new_observed,3420680.48,3420680.48,3362840.6174988397,new_observed,16790773533.8425,4774602.206000475,1,
3163508,São José do Jacuri,2022,ok,ok,225369.53,225369.53,225369.53,new_observed,3700668.24,3700668.24,3132358.4613992823,new_observed,17457373501.01,4268022.034988535,1,
3163508,São José do Jacuri,2023,ok,ok,255626.18,255626.18,255626.18,new_observed,3715209.69,3715209.69,3220867.7331424356,new_observed,17975926235.1,4291400.44620932,1,
3163508,São José do Jacuri,2024,ok,ok,277638.05,277638.05,277638.05,new_observed,5230285.01,5230285.01,5198163.755532361,new_observed,20140666841.11,5874034.201606411,1,
3163508,São José do Jacuri,2025,ok,ok,216110.48,216110.48,216110.48,new_observed,5559614.61,5559614.61,5569065.210556665,new_observed,21654451288.89,5785175.690556666,1,
3163607,São José do Mantimento,2019,ok,ok,53130.08,53130.08,53130.08,new_observed,1666126.09,1666126.09,1710386.3669143722,new_observed,12828054857.945,3072325.066361469,1,
3163607,São José do Mantimento,2020,ok,ok,78959.42,78959.42,78959.42,new_observed,1826303.73,1826303.73,1737227.7044094284,new_observed,12945081975.46,3098159.0486158924,1,
3163607,São José do Mantimento,2021,ok,ok,97886.92,97886.92,97886.92,new_observed,2384215.92,2384215.92,2343901.5083523276,new_observed,16790773533.8425,3316979.4299614187,1,
3163607,São José do Mantimento,2022,ok,ok,149776.44,149776.44,149776.44,new_observed,2440701.75,2440701.75,2065884.3977769094,new_observed,17457373501.01,2816335.719246918,2,
3163607,São José do Mantimento,2023,ok,ok,105441.5,105441.5,105441.5,new_observed,2696264.52,2696264.52,2337502.3530595866,new_observed,17975926235.1,3015581.388321188,1,
3163607,São José do Mantimento,2024,ok,ok,108349.56,108349.56,108349.56,new_observed,3485835.57,3485835.57,3464427.671355426,new_observed,20140666841.11,3832610.5284707434,1,
3163607,São José do Mantimento,2025,ok,ok,169951.04,169951.04,169951.04,new_observed,3784795.67,3784795.67,3791229.3159583784,new_observed,21654451288.89,3961180.3559583784,1,
3163706,São Lourenço,2019,ok,ok,8303318.51,8303318.51,8303318.51,new_observed,13781958.97,13781958.97,14148073.710112328,new_observed,12828054857.945,39113882.50064515,1,
3163706,São Lourenço,2020,ok,ok,8399097.29,8399097.29,8399097.29,new_observed,14601940.62,14601940.62,13889746.467968602,new_observed,12945081975.46,38021623.457104266,1,
3163706,São Lourenço,2021,ok,ok,10568512.99,10568512.99,10568512.99,new_observed,18090282.01,18090282.01,17784395.67241795,new_observed,16790773533.8425,38515218.48527873,1,
3163706,São Lourenço,2022,ok,ok,13595782.26,13595782.26,13595782.26,new_observed,17283154.7,17283154.7,14628989.240121068,new_observed,17457373501.01,35876624.611522384,1,
3163706,São Lourenço,2023,ok,ok,16516904.91,16516904.91,16516904.91,new_observed,16731442.5,16731442.5,14505174.074623497,new_observed,17975926235.1,38293800.28357888,1,
3163706,São Lourenço,2024,ok,ok,18272659.3,18272659.3,18272659.3,new_observed,22016334.34,22016334.34,21881123.299602076,new_observed,20140666841.11,43074000.975643426,1,
3163706,São Lourenço,2025,ok,ok,20183051.18,20183051.18,20183051.18,new_observed,24388473.92,24388473.92,24429931.060714394,new_observed,21654451288.89,44612982.24071439,1,
3163805,São Miguel do Anta,2019,ok,ok,129493.86,129493.86,129493.86,new_observed,3525885.49,3525885.49,3619549.870560637,new_observed,12828054857.945,6531428.186247039,1,
3163805,São Miguel do Anta,2020,ok,ok,147541.16,147541.16,147541.16,new_observed,3717282.61,3717282.61,3535976.097038026,new_observed,12945081975.46,6283560.855182279,1,
3163805,São Miguel do Anta,2021,ok,ok,165575.41,165575.41,165575.41,new_observed,4545735.76,4545735.76,4468872.4771350045,new_observed,16790773533.8425,6295536.555240354,1,
3163805,São Miguel do Anta,2022,ok,ok,257097.21,257097.21,257097.21,new_observed,4523876.47,4523876.47,3829147.01349441,new_observed,17457373501.01,5194042.051914642,1,
3163805,São Miguel do Anta,2023,ok,ok,328027.46,328027.46,328027.46,new_observed,4399622.67,4399622.67,3814213.430253238,new_observed,17975926235.1,5113201.647654067,1,
3163805,São Miguel do Anta,2024,ok,ok,719770.98,719770.98,719770.98,new_observed,4066567.87,4066567.87,4041593.463994888,new_observed,20140666841.11,5107638.768459692,1,
3163805,São Miguel do Anta,2025,ok,ok,372359.88,372359.88,372359.88,new_observed,4980372.7,4980372.7,4988838.6668543145,new_observed,21654451288.89,5361198.546854314,2,
3163904,São Pedro da União,2019,ok,ok,216480.12,216480.12,216480.12,new_observed,4241465.71,4241465.71,4354139.323344242,new_observed,12828054857.945,7962743.250370974,1,
3163904,São Pedro da União,2020,ok,ok,278093.71,278093.71,278093.71,new_observed,3960046.78,3960046.78,3766899.7023695223,new_observed,12945081975.46,6900188.18749162,1,
3163904,São Pedro da União,2021,ok,ok,278466.88,278466.88,278466.88,new_observed,5854250.56,5854250.56,5755261.76247345,new_observed,16790773533.8425,8196350.494853632,1,
3163904,São Pedro da União,2022,ok,ok,362653.0,362653.0,362653.0,new_observed,6269808.69,6269808.69,5306957.291982555,new_observed,17457373501.01,7206665.25637628,1,
3163904,São Pedro da União,2023,ok,ok,484497.25,484497.25,484497.25,new_observed,6207361.38,6207361.38,5381416.298146149,new_observed,17975926235.1,7240911.287885898,1,
3163904,São Pedro da União,2024,ok,ok,577537.67,577537.67,577537.67,new_observed,7173230.33,7173230.33,7129176.677790918,new_observed,20140666841.11,8267191.7773206495,1,
3163904,São Pedro da União,2025,ok,ok,679363.87,679363.87,679363.87,new_observed,7627075.9,7627075.9,7640040.907973146,new_observed,21654451288.89,8319404.777973146,1,
3164001,São Pedro dos Ferros,2019,ok,ok,195611.49,195611.49,195611.49,new_observed,3873194.92,3873194.92,3976085.4999695746,new_observed,12828054857.945,7267757.1303481795,1,
3164001,São Pedro dos Ferros,2020,ok,ok,253745.44,253745.44,253745.44,new_observed,4066290.24,4066290.24,3867961.250398182,new_observed,12945081975.46,7031050.218875507,1,
3164001,São Pedro dos Ferros,2021,ok,absent_dca,,,326964.14844176755,imputed_temporal,,,4604295.1583804805,imputed_temporal,16790773533.8425,6698731.755221117,1,
3164001,São Pedro dos Ferros,2022,ok,ok,468884.32,468884.32,468884.32,new_observed,5148665.56,5148665.56,4357987.5541021405,new_observed,17457373501.01,6135456.943356839,1,
3164001,São Pedro dos Ferros,2023,ok,ok,855705.96,855705.96,855705.96,new_observed,5139846.92,5139846.92,4455944.207531266,new_observed,17975926235.1,6556725.962579751,1,
3164001,São Pedro dos Ferros,2024,ok,ok,855705.96,855705.96,855705.96,new_observed,5139846.92,5139846.92,5108281.081708899,new_observed,20140666841.11,6397723.128974646,1,
3164001,São Pedro dos Ferros,2025,ok,ok,662735.45,662735.45,662735.45,new_observed,5035643.37,5035643.37,5044203.289594083,new_observed,21654451288.89,5706938.739594083,1,
3164100,São Pedro do Suaçuí,2019,ok,ok,222788.35,222788.35,222788.35,new_observed,2604408.01,2604408.01,2673593.5418828893,new_observed,12828054857.945,5045956.165454084,1,
3164100,São Pedro do Suaçuí,2020,ok,ok,200733.32,200733.32,200733.32,new_observed,2826725.12,2826725.12,2688854.603179322,new_observed,12945081975.46,4929229.400786707,1,
3164100,São Pedro do Suaçuí,2021,ok,ok,221586.44,221586.44,221586.44,new_observed,3307309.15,3307309.15,3251386.2692739903,new_observed,16790773533.8425,4717762.973941413,1,
3164100,São Pedro do Suaçuí,2022,ok,ok,382819.47,382819.47,382819.47,new_observed,3351786.46,3351786.46,2837054.282602903,new_observed,17457373501.01,4092794.9378840053,1,
3164100,São Pedro do Suaçuí,2023,ok,ok,338323.04,338323.04,338323.04,new_observed,3324241.34,3324241.34,2881921.227219929,new_observed,17975926235.1,3975084.677412583,1,
3164100,São Pedro do Suaçuí,2024,ok,ok,376094.61,376094.61,376094.61,new_observed,3894258.6,3894258.6,3870342.4135561963,new_observed,20140666841.11,4555262.808477741,1,
3164100,São Pedro do Suaçuí,2025,ok,ok,627802.04,627802.04,627802.04,new_observed,4035703.32,4035703.32,4042563.475373706,new_observed,21654451288.89,4670365.515373706,1,
3164209,São Romão,2019,ok,ok,581993.06,581993.06,581993.06,new_observed,5511107.82,5511107.82,5657509.199632776,new_observed,12828054857.945,10870201.538199544,3,
3164209,São Romão,2020,ok,ok,619678.76,619678.76,619678.76,new_observed,5908988.59,5908988.59,5620783.944621963,new_observed,12945081975.46,10645349.114101544,1,
3164209,São Romão,2021,ok,ok,569573.15,569573.15,569573.15,new_observed,6821515.22,6821515.22,6706171.064156958,new_observed,16790773533.8425,9883531.929219708,1,
3164209,São Romão,2022,ok,ok,716452.97,716452.97,716452.97,new_observed,4849500.99,4849500.99,4104765.5381263513,new_observed,17457373501.01,6128270.926318434,1,
3164209,São Romão,2023,ok,ok,1094924.07,1094924.07,1094924.07,new_observed,5622393.11,5622393.11,4874283.300827994,new_observed,17975926235.1,7368417.668688634,1,
3164209,São Romão,2024,ok,ok,1994069.61,1994069.61,1994069.61,new_observed,15951840.52,15951840.52,15853873.941201627,new_observed,20140666841.11,19145950.597075414,1,
3164209,São Romão,2025,ok,ok,958966.22,958966.22,958966.22,new_observed,9739183.9,9739183.9,9755739.208819654,new_observed,21654451288.89,10714705.428819655,1,
3164308,São Roque de Minas,2019,ok,ok,458755.92,458755.92,458755.92,new_observed,8182376.54,8182376.54,8399739.591723211,new_observed,12828054857.945,15432902.743004175,1,
3164308,São Roque de Minas,2020,ok,ok,596200.47,596200.47,596200.47,new_observed,8860728.0,8860728.0,8428555.39852418,new_observed,12945081975.46,15394960.508108102,1,
3164308,São Roque de Minas,2021,ok,ok,724077.62,724077.62,724077.62,new_observed,11250148.35,11250148.35,11059920.9851566,new_observed,16790773533.8425,16007644.44705549,1,
3164308,São Roque de Minas,2022,ok,ok,913651.53,913651.53,913651.53,new_observed,11846200.36,11846200.36,10026985.270389225,new_observed,17457373501.01,13906689.005325975,1,
3164308,São Roque de Minas,2023,ok,ok,1481087.68,1481087.68,1481087.68,new_observed,12393313.24,12393313.24,10744271.804868955,new_observed,17975926235.1,15091041.278715586,1,
3164308,São Roque de Minas,2024,ok,ok,1939482.88,1939482.88,1939482.88,new_observed,12871311.6,12871311.6,12792263.770972442,new_observed,20140666841.11,15803125.597019276,1,
3164308,São Roque de Minas,2025,ok,ok,2164642.35,2164642.35,2164642.35,new_observed,16216518.06,16216518.06,16244083.96975377,new_observed,21654451288.89,18408726.31975377,1,
3164407,São Sebastião da Bela Vista,2019,ok,ok,1384075.28,1384075.28,1384075.28,new_observed,9013172.41,9013172.41,9252605.373170018,new_observed,12828054857.945,18530782.999384798,2,
3164407,São Sebastião da Bela Vista,2020,ok,ok,1399859.26,1399859.26,1399859.26,new_observed,11748641.78,11748641.78,11175614.249771094,new_observed,12945081975.46,21451983.95104563,1,
3164407,São Sebastião da Bela Vista,2021,ok,ok,1878295.87,1878295.87,1878295.87,new_observed,14650990.72,14650990.72,14403258.932799993,new_observed,16790773533.8425,22117224.302319698,1,
3164407,São Sebastião da Bela Vista,2022,ok,ok,1479571.34,1479571.34,1479571.34,new_observed,12794117.91,12794117.91,10829331.594320003,new_observed,17457373501.01,15645897.787068741,1,
3164407,São Sebastião da Bela Vista,2023,ok,ok,1559080.75,1559080.75,1559080.75,new_observed,9735943.11,9735943.11,8440488.594523828,new_observed,17975926235.1,12343515.455259891,1,
3164407,São Sebastião da Bela Vista,2024,ok,ok,2262107.89,2262107.89,2262107.89,new_observed,8719321.41,8719321.41,8665772.599321377,new_observed,20140666841.11,11722619.997036308,2,
3164407,São Sebastião da Bela Vista,2025,ok,ok,2709071.32,2709071.32,2709071.32,new_observed,11926194.29,11926194.29,11946467.223701779,new_observed,21654451288.89,14655538.54370178,4,
3164431,São Sebastião da Vargem Alegre,2019,ok,ok,141437.87,141437.87,141437.87,new_observed,2731346.42,2731346.42,2803904.043113794,new_observed,12828054857.945,5131252.279783208,1,
3164431,São Sebastião da Vargem Alegre,2020,ok,ok,164547.03,164547.03,164547.03,new_observed,2984928.18,2984928.18,2839341.4768793215,new_observed,12945081975.46,5124210.073699132,1,
3164431,São Sebastião da Vargem Alegre,2021,ok,ok,244257.74,244257.74,244257.74,new_observed,3695997.86,3695997.86,3633502.690025228,new_observed,16790773533.8425,5267635.570454139,1,
3164431,São Sebastião da Vargem Alegre,2022,ok,ok,244243.32,244243.32,244243.32,new_observed,3887794.62,3887794.62,3290747.9364158316,new_observed,17457373501.01,4493342.109462273,1,
3164431,São Sebastião da Vargem Alegre,2023,ok,ok,241934.36,241934.36,241934.36,new_observed,3897800.42,3897800.42,3379163.1295532696,new_observed,17975926235.1,4469899.781412237,1,
3164431,São Sebastião da Vargem Alegre,2024,ok,ok,445611.07,445611.07,445611.07,new_observed,6544600.43,6544600.43,6504407.443308239,new_observed,20140666841.11,7455464.587437043,2,
3164431,São Sebastião da Vargem Alegre,2025,ok,ok,430255.96,430255.96,430255.96,new_observed,4870810.13,4870810.13,4879089.855152746,new_observed,21654451288.89,5309345.815152746,1,
3164472,São Sebastião do Anta,2019,ok,ok,293438.89,293438.89,293438.89,new_observed,2750632.09,2750632.09,2823702.032739423,new_observed,12828054857.945,5430553.37480414,1,
3164472,São Sebastião do Anta,2020,ok,ok,212870.11,212870.11,212870.11,new_observed,2979421.33,2979421.33,2834103.2176418905,new_observed,12945081975.46,5197706.70051117,1,
3164472,São Sebastião do Anta,2021,ok,ok,280686.2,280686.2,280686.2,new_observed,3881976.63,3881976.63,3816336.76804133,new_observed,16790773533.8425,5565486.653666661,1,
3164472,São Sebastião do Anta,2022,ok,ok,241464.21,241464.21,241464.21,new_observed,3956988.21,3956988.21,3349315.5012594964,new_observed,17457373501.01,4564255.046776025,1,
3164472,São Sebastião do Anta,2023,ok,ok,200288.24,200288.24,200288.24,new_observed,3941675.16,3941675.16,3417199.94205039,new_observed,17975926235.1,4465444.435245858,1,
3164472,São Sebastião do Anta,2024,ok,ok,201243.84,201243.84,201243.84,new_observed,4760902.49,4760902.49,4731663.899734935,new_observed,20140666841.11,5291657.697927749,1,
3164472,São Sebastião do Anta,2025,ok,ok,215101.02,215101.02,215101.02,new_observed,4861360.62,4861360.62,4869624.282250777,new_observed,21654451288.89,5084725.302250776,1,
3164506,São Sebastião do Maranhão,2019,ok,ok,141067.94,141067.94,141067.94,new_observed,2143079.16,2143079.16,2200009.591400315,new_observed,12828054857.945,4078527.9857194624,5,
3164506,São Sebastião do Maranhão,2020,ok,ok,182701.54,182701.54,182701.54,new_observed,2743405.01,2743405.01,2609598.343090295,new_observed,12945081975.46,4763269.727538867,1,
3164506,São Sebastião do Maranhão,2021,ok,ok,322912.27,322912.27,322912.27,new_observed,2948963.95,2948963.95,2899100.28387095,new_observed,16790773533.8425,4376853.145904627,3,
3164506,São Sebastião do Maranhão,2022,ok,partial,,,333213.6835002111,imputed_temporal,2999381.78,2999381.78,2538768.21380504,new_observed,17457373501.01,3650588.1516265366,1,
3164506,São Sebastião do Maranhão,2023,ok,ok,259621.25,259621.25,259621.25,new_observed,3630435.06,3630435.06,3147373.127685566,new_observed,17975926235.1,4205609.892587623,1,
3164506,São Sebastião do Maranhão,2024,ok,ok,556079.15,556079.15,556079.15,new_observed,4920838.54,4920838.54,4890617.719024605,new_observed,20140666841.11,5842812.583557816,1,
3164506,São Sebastião do Maranhão,2025,ok,ok,701230.23,701230.23,701230.23,new_observed,5329078.05,5329078.05,5338136.769267205,new_observed,21654451288.89,6039366.999267206,1,
3164605,São Sebastião do Oeste,2019,ok,ok,1123446.87,1123446.87,1123446.87,new_observed,10360350.85,10360350.85,10635571.315187633,new_observed,12828054857.945,20486072.8060488,1,
3164605,São Sebastião do Oeste,2020,ok,ok,1183845.67,1183845.67,1183845.67,new_observed,11283315.72,11283315.72,10732983.974348241,new_observed,12945081975.46,20328430.4228602,1,
3164605,São Sebastião do Oeste,2021,ok,ok,1418488.45,1418488.45,1418488.45,new_observed,13389359.44,13389359.44,13162960.41982954,new_observed,16790773533.8425,19807762.785121996,1,
3164605,São Sebastião do Oeste,2022,ok,ok,1905413.54,1905413.54,1905413.54,new_observed,15809936.88,15809936.88,13382012.747042833,new_observed,17457373501.01,19431911.22642756,1,
3164605,São Sebastião do Oeste,2023,ok,ok,3125856.94,3125856.94,3125856.94,new_observed,14726261.99,14726261.99,12766800.808326088,new_observed,17975926235.1,19617971.512848232,1,
3164605,São Sebastião do Oeste,2024,ok,ok,2618133.55,2618133.55,2618133.55,new_observed,16575470.94,16575470.94,16473674.399473675,new_observed,20140666841.11,20480276.103566285,1,
3164605,São Sebastião do Oeste,2025,ok,ok,2650377.3,2650377.3,2650377.3,new_observed,18289281.76,18289281.76,18320371.090557408,new_observed,21654451288.89,20970748.39055741,1,
3164704,São Sebastião do Paraíso,2019,ok,ok,10252813.5,10252813.5,10252813.5,new_observed,29710837.08,29710837.08,30500098.999857813,new_observed,12828054857.945,70998030.56536405,1,
3164704,São Sebastião do Paraíso,2020,ok,ok,11362306.13,11362306.13,11362306.13,new_observed,31165792.29,31165792.29,29645713.857277047,new_observed,12945081975.46,69953897.63635536,1,
3164704,São Sebastião do Paraíso,2021,ok,ok,13690707.04,13690707.04,13690707.04,new_observed,39773821.79,39773821.79,39101291.16431605,new_observed,16790773533.8425,71713818.47707313,1,
3164704,São Sebastião do Paraíso,2022,ok,ok,16987713.19,16987713.19,16987713.19,new_observed,40202381.46,40202381.46,34028521.76087869,new_observed,17457373501.01,64846948.731473416,1,
3164704,São Sebastião do Paraíso,2023,ok,ok,19615147.21,19615147.21,19615147.21,new_observed,39377583.27,39377583.27,34138042.78796236,new_observed,17975926235.1,66353190.687430084,1,
3164704,São Sebastião do Paraíso,2024,ok,ok,21776517.23,21776517.23,21776517.23,new_observed,44527034.78,44527034.78,44253576.600928836,new_observed,20140666841.11,70832189.19762348,1,
3164704,São Sebastião do Paraíso,2025,ok,ok,23821194.6,23821194.6,23821194.6,new_observed,48892182.31,48892182.31,48975292.474601045,new_observed,21654451288.89,72796487.07460105,1,
3164803,São Sebastião do Rio Preto,2019,ok,ok,48054.19,48054.19,48054.19,new_observed,1500282.7,1500282.7,1540137.3833582336,new_observed,12828054857.945,2766881.3577271295,1,
3164803,São Sebastião do Rio Preto,2020,ok,ok,67109.46,67109.46,67109.46,new_observed,1690134.96,1690134.96,1607700.4216067176,new_observed,12945081975.46,2856989.414622362,1,
3164803,São Sebastião do Rio Preto,2021,ok,ok,65569.92,65569.92,65569.92,new_observed,2141256.21,2141256.21,2105049.973992199,new_observed,16790773533.8425,2948618.092803199,1,
3164803,São Sebastião do Rio Preto,2022,ok,ok,68281.06,68281.06,68281.06,new_observed,2279498.72,2279498.72,1929437.2368112719,new_observed,17457373501.01,2539308.0476828814,3,
3164803,São Sebastião do Rio Preto,2023,ok,ok,179433.49,179433.49,179433.49,new_observed,2215698.42,2215698.42,1920879.8810364525,new_observed,17975926235.1,2592636.708947388,1,
3164803,São Sebastião do Rio Preto,2024,ok,ok,143897.89,143897.89,143897.89,new_observed,2576003.28,2576003.28,2560183.022268701,new_observed,20140666841.11,2900737.5224080402,1,
3164803,São Sebastião do Rio Preto,2025,ok,ok,102532.26,102532.26,102532.26,new_observed,4568543.55,4568543.55,4576309.462431973,new_observed,21654451288.89,4678841.722431973,1,
3164902,São Sebastião do Rio Verde,2019,ok,ok,182332.38,182332.38,182332.38,new_observed,1816172.69,1816172.69,1864418.922182656,new_observed,12828054857.945,3565765.0606584223,1,
3164902,São Sebastião do Rio Verde,2020,ok,ok,89217.44,89217.44,89217.44,new_observed,2039202.12,2039202.12,1939742.201454322,new_observed,12945081975.46,3461118.949674419,1,
3164902,São Sebastião do Rio Verde,2021,ok,ok,61998.48,61998.48,61998.48,new_observed,3039753.74,3039753.74,2988354.920558382,new_observed,16790773533.8425,4143667.5537824645,1,
3164902,São Sebastião do Rio Verde,2022,ok,ok,134312.7,134312.7,134312.7,new_observed,3013608.08,3013608.08,2550809.787999057,new_observed,17457373501.01,3413070.3781777644,2,
3164902,São Sebastião do Rio Verde,2023,ok,partial,,,165947.0623444796,imputed_temporal,3015582.5,3015582.5,2614332.2130705896,new_observed,17975926235.1,3431989.821123531,1,
3164902,São Sebastião do Rio Verde,2024,ok,ok,184166.35,184166.35,184166.35,new_observed,4544041.64,4544041.64,4516134.878217244,new_observed,20140666841.11,5042134.677793817,1,
3164902,São Sebastião do Rio Verde,2025,ok,ok,270883.2,270883.2,270883.2,new_observed,3985724.12,3985724.12,3992499.3174245544,new_observed,21654451288.89,4263382.517424555,1,
3165008,São Tiago,2019,ok,ok,829884.0,829884.0,829884.0,new_observed,4860694.6,4860694.6,4989817.894019238,new_observed,12828054857.945,10138842.787109423,2,
3165008,São Tiago,2020,ok,partial,,,709603.7019188177,imputed_temporal,5306306.15,5306306.15,5047496.70081336,new_observed,12945081975.46,9820801.208639104,1,
3165008,São Tiago,2021,ok,ok,676584.2,676584.2,676584.2,new_observed,6727552.88,6727552.88,6613797.521724477,new_observed,16790773533.8425,9903415.84338017,1,
3165008,São Tiago,2022,ok,ok,1024303.17,1024303.17,1024303.17,new_observed,7235471.99,7235471.99,6124324.159923616,new_observed,17457373501.01,9086649.973490097,1,
3165008,São Tiago,2023,ok,ok,1469602.48,1469602.48,1469602.48,new_observed,6989230.76,6989230.76,6059250.947520698,new_observed,17975926235.1,9293652.100515885,1,
3165008,São Tiago,2024,ok,ok,2348100.52,2348100.52,2348100.52,new_observed,7457489.13,7457489.13,7411689.731769046,new_observed,20140666841.11,10469579.39227726,2,
3165008,São Tiago,2025,ok,ok,1958515.91,1958515.91,1958515.91,new_observed,8554682.59,8554682.59,8569224.405164981,new_observed,21654451288.89,10527740.315164981,1,
3165107,São Tomás de Aquino,2019,ok,ok,269322.07,269322.07,269322.07,new_observed,6153858.94,6153858.94,6317334.863227627,new_observed,12828054857.945,11474999.983632918,1,
3165107,São Tomás de Aquino,2020,ok,ok,379961.37,379961.37,379961.37,new_observed,6421958.53,6421958.53,6108734.320377502,new_observed,12945081975.46,11068799.572838575,1,
3165107,São Tomás de Aquino,2021,ok,ok,500383.32,500383.32,500383.32,new_observed,8758788.24,8758788.24,8610686.974640548,new_observed,16790773533.8425,12376679.486784175,1,
3165107,São Tomás de Aquino,2022,ok,ok,414659.27,414659.27,414659.27,new_observed,9880448.1,9880448.1,8363112.605968553,new_observed,17457373501.01,11157462.39144404,1,
3165107,São Tomás de Aquino,2023,ok,ok,507993.56,507993.56,507993.56,new_observed,9430792.73,9430792.73,8175941.20831744,new_observed,17975926235.1,10719489.943224087,1,
3165107,São Tomás de Aquino,2024,ok,ok,566812.16,566812.16,566812.16,new_observed,9140484.84,9140484.84,9084349.49767317,new_observed,20140666841.11,10353050.690243723,1,
3165107,São Tomás de Aquino,2025,ok,ok,622776.02,622776.02,622776.02,new_observed,9712241.7,9712241.7,9728751.210686477,new_observed,21654451288.89,10351527.230686476,4,
3165206,São Tomé das Letras,2019,ok,ok,290196.17,290196.17,290196.17,new_observed,3000450.76,3000450.76,3080157.081329821,new_observed,12828054857.945,5871689.370786042,1,
3165206,São Tomé das Letras,2020,ok,ok,245374.85,245374.85,245374.85,new_observed,3769740.53,3769740.53,3585875.4376803916,new_observed,12945081975.46,6535572.566702877,1,
3165206,São Tomé das Letras,2021,ok,ok,305422.96,305422.96,305422.96,new_observed,4757517.57,4757517.57,4677073.2947440855,new_observed,16790773533.8425,6768333.158986234,1,
3165206,São Tomé das Letras,2022,ok,ok,577706.25,577706.25,577706.25,new_observed,5021872.71,5021872.71,4250666.218930948,new_observed,17457373501.01,6137364.355693795,1,
3165206,São Tomé das Letras,2023,ok,ok,786311.72,786311.72,786311.72,new_observed,4806136.7,4806136.7,4166637.124081593,new_observed,17975926235.1,6113943.360922214,1,
3165206,São Tomé das Letras,2024,ok,ok,862063.86,862063.86,862063.86,new_observed,5659710.74,5659710.74,5624952.211823203,new_observed,20140666841.11,6958789.895164107,1,
3165206,São Tomé das Letras,2025,ok,ok,1155048.55,1155048.55,1155048.55,new_observed,6268842.58,6268842.58,6279498.773159439,new_observed,21654451288.89,7434547.323159439,1,
3165305,São Vicente de Minas,2019,ok,ok,601685.77,601685.77,601685.77,new_observed,5015939.48,5015939.48,5149186.820464211,new_observed,12828054857.945,10018931.234834243,1,
3165305,São Vicente de Minas,2020,ok,ok,415288.63,415288.63,415288.63,new_observed,5591849.53,5591849.53,5319113.005592361,new_observed,12945081975.46,9782080.313715067,1,
3165305,São Vicente de Minas,2021,ok,ok,616426.85,616426.85,616426.85,new_observed,6781081.19,6781081.19,6666420.728161481,new_observed,16790773533.8425,9893181.296057943,1,
3165305,São Vicente de Minas,2022,ok,ok,621258.25,621258.25,621258.25,new_observed,7529994.65,7529994.65,6373617.12170633,new_observed,17457373501.01,8891215.219014782,1,
3165305,São Vicente de Minas,2023,ok,ok,932396.38,932396.38,932396.38,new_observed,7758712.03,7758712.03,6726345.83599265,new_observed,17975926235.1,9453987.432241602,1,
3165305,São Vicente de Minas,2024,ok,ok,952735.0,952735.0,952735.0,new_observed,7999980.88,7999980.88,7950849.8247914575,new_observed,20140666841.11,9551105.689195815,1,
3165305,São Vicente de Minas,2025,ok,ok,849292.29,849292.29,849292.29,new_observed,8899255.75,8899255.75,8914383.293408059,new_observed,21654451288.89,9763675.583408058,1,
3165404,Sapucaí-Mirim,2019,ok,ok,1566023.4,1566023.4,1566023.4,new_observed,3458816.45,3458816.45,3550699.156111988,new_observed,12828054857.945,8914141.398718288,1,
3165404,Sapucaí-Mirim,2020,ok,ok,492031.84,492031.84,492031.84,new_observed,3795955.29,3795955.29,3610811.6005914994,new_observed,12945081975.46,6998872.17549582,1,
3165404,Sapucaí-Mirim,2021,ok,ok,686260.69,686260.69,686260.69,new_observed,4961300.39,4961300.39,4877410.3762842035,new_observed,16790773533.8425,7557813.882502925,1,
3165404,Sapucaí-Mirim,2022,ok,ok,2068726.02,2068726.02,2068726.02,new_observed,5157899.91,5157899.91,4365803.789571555,new_observed,17457373501.01,8178957.6411153255,1,
3165404,Sapucaí-Mirim,2023,ok,ok,3005755.03,3005755.03,3005755.03,new_observed,4915283.77,4915283.77,4261261.197892629,new_observed,17975926235.1,8970439.029130865,1,
3165404,Sapucaí-Mirim,2024,ok,ok,3385112.46,3385112.46,3385112.46,new_observed,5476626.43,5476626.43,5442992.295178305,new_observed,20140666841.11,9470136.266599232,1,
3165404,Sapucaí-Mirim,2025,ok,ok,4374643.4,4374643.4,4374643.4,new_observed,6082337.88,6082337.88,6092677.040137316,new_observed,21654451288.89,10467320.440137316,1,
3165503,Sardoá,2019,ok,ok,352861.46,352861.46,352861.46,new_observed,2820227.87,2820227.87,2895146.6094861757,new_observed,12828054857.945,5658544.679346124,1,
3165503,Sardoá,2020,ok,ok,146324.22,146324.22,146324.22,new_observed,3071910.05,3071910.05,2922080.8985117455,new_observed,12945081975.46,5234266.312634329,1,
3165503,Sardoá,2021,ok,ok,171124.36,171124.36,171124.36,new_observed,3469098.6,3469098.6,3410440.041505531,new_observed,16790773533.8425,4865276.331451988,1,
3165503,Sardoá,2022,ok,ok,276447.52,276447.52,276447.52,new_observed,3651986.72,3651986.72,3091152.9381811894,new_observed,17457373501.01,4280570.968634381,1,
3165503,Sardoá,2023,ok,ok,306895.95,306895.95,306895.95,new_observed,3646302.63,3646302.63,3161129.375241105,new_observed,17975926235.1,4280946.781452092,1,
3165503,Sardoá,2024,ok,ok,323081.45,323081.45,323081.45,new_observed,5160008.32,5160008.32,5128318.6625559125,new_observed,20140666841.11,5847857.874520223,1,
3165503,Sardoá,2025,ok,ok,592837.44,592837.44,592837.44,new_observed,5636673.21,5636673.21,5646254.799860626,new_observed,21654451288.89,6239092.239860626,1,
3165537,Sarzedo,2019,ok,ok,8852209.4,8852209.4,8852209.4,new_observed,25876616.63,25876616.63,26564023.318200197,new_observed,12828054857.945,61700688.82918729,1,
3165537,Sarzedo,2020,ok,ok,10294087.43,10294087.43,10294087.43,new_observed,28480184.17,28480184.17,27091093.422235325,new_observed,12945081975.46,63773845.098234296,1,
3165537,Sarzedo,2021,ok,ok,14386362.64,14386362.64,14386362.64,new_observed,38512318.87,38512318.87,37861118.84092226,new_observed,16790773533.8425,70974134.91161944,1,
3165537,Sarzedo,2022,ok,ok,18703077.93,18703077.93,18703077.93,new_observed,43938580.99,43938580.99,37190954.98976805,new_observed,17457373501.01,71047138.04602426,1,
3165537,Sarzedo,2023,ok,ok,21160554.63,21160554.63,21160554.63,new_observed,50642012.11,50642012.11,43903638.382927306,new_observed,17975926235.1,80315546.03688033,1,
3165537,Sarzedo,2024,ok,ok,23528647.37,23528647.37,23528647.37,new_observed,53323026.86,53323026.86,52995549.00525977,new_observed,20140666841.11,82089484.37552518,1,
3165537,Sarzedo,2025,ok,ok,26069244.31,26069244.31,26069244.31,new_observed,52458469.7,52458469.7,52547642.07573571,new_observed,21654451288.89,78616886.3857357,1,
3165552,Setubinha,2019,ok,ok,333636.26,333636.26,333636.26,new_observed,3487268.88,3487268.88,3579907.418721684,new_observed,12828054857.945,6818013.159715611,1,
3165552,Setubinha,2020,ok,ok,127381.74,127381.74,127381.74,new_observed,3002067.45,3002067.45,2855644.7971804594,new_observed,12945081975.46,5088622.496116511,1,
3165552,Setubinha,2021,ok,partial,,,263654.6118226061,imputed_temporal,4137044.17,4137044.17,4067091.402603839,new_observed,16790773533.8425,5882981.211411975,1,
3165552,Setubinha,2022,ok,ok,510179.68,510179.68,510179.68,new_observed,4370029.58,4370029.58,3698926.3137724963,new_observed,17457373501.01,5350212.1598411165,1,
3165552,Setubinha,2023,ok,ok,567930.59,567930.59,567930.59,new_observed,4672877.53,4672877.53,4051109.2813453884,new_observed,17975926235.1,5701764.553654234,1,
3165552,Setubinha,2024,ok,ok,754261.37,754261.37,754261.37,new_observed,5395073.65,5395073.65,5361940.363142407,new_observed,20140666841.11,6561007.764763334,1,
3165552,Setubinha,2025,ok,ok,706572.99,706572.99,706572.99,new_observed,5654197.63,5654197.63,5663809.009028586,new_observed,21654451288.89,6370381.999028586,1,
3165560,Sem-Peixe,2019,ok,ok,150042.24,150042.24,150042.24,new_observed,1967393.29,1967393.29,2019656.664505394,new_observed,12828054857.945,3779959.264021886,1,
3165560,Sem-Peixe,2020,ok,ok,278464.51,278464.51,278464.51,new_observed,2063086.54,2063086.54,1962461.684224995,new_observed,12945081975.46,3822703.9893679037,1,
3165560,Sem-Peixe,2021,ok,ok,183946.91,183946.91,183946.91,new_observed,2699083.23,2699083.23,2653444.7660115752,new_observed,16790773533.8425,3854375.635003275,1,
3165560,Sem-Peixe,2022,ok,ok,354686.8,354686.8,354686.8,new_observed,2705018.04,2705018.04,2289609.7667570715,new_observed,17457373501.01,3361176.3796448787,1,
3165560,Sem-Peixe,2023,ok,ok,680106.45,680106.45,680106.45,new_observed,2572008.79,2572008.79,2229779.9619137296,new_observed,17975926235.1,3591977.4803280057,1,
3165560,Sem-Peixe,2024,ok,ok,434930.48,434930.48,434930.48,new_observed,3394271.55,3394271.55,3373425.982314613,new_observed,20140666841.11,4085322.4616244067,1,
3165560,Sem-Peixe,2025,ok,ok,281646.14,281646.14,281646.14,new_observed,3345647.98,3345647.98,3351335.133675243,new_observed,21654451288.89,3632981.273675243,1,
3165578,Senador Amaral,2019,ok,ok,113615.13,113615.13,113615.13,new_observed,4036823.42,4036823.42,4144060.7554549794,new_observed,12828054857.945,7417545.988989149,1,
3165578,Senador Amaral,2020,ok,ok,181996.14,181996.14,181996.14,new_observed,4518147.3,4518147.3,4297779.461997078,new_observed,12945081975.46,7641865.273992084,1,
3165578,Senador Amaral,2021,ok,ok,165131.92,165131.92,165131.92,new_observed,5298658.82,5298658.82,5209064.454381449,new_observed,16790773533.8425,7300427.268559552,1,
3165578,Senador Amaral,2022,ok,ok,367734.35,367734.35,367734.35,new_observed,4070298.3,4070298.3,3445224.6171691716,new_observed,17457373501.01,4846668.024351577,1,
3165578,Senador Amaral,2023,ok,ok,308389.86,308389.86,308389.86,new_observed,4050811.62,4050811.62,3511814.8176170476,new_observed,17975926235.1,4715678.63132486,1,
3165578,Senador Amaral,2024,ok,ok,466057.33,466057.33,466057.33,new_observed,9210596.89,9210596.89,9154030.961769154,new_observed,20140666841.11,10319717.487077966,1,
3165578,Senador Amaral,2025,ok,ok,472608.16,472608.16,472608.16,new_observed,11157939.4,11157939.4,11176906.403237097,new_observed,21654451288.89,11649514.563237097,1,
3165602,Senador Cortes,2019,ok,ok,29974.34,29974.34,29974.34,new_observed,1535800.61,1535800.61,1576598.8189061831,new_observed,12828054857.945,2798904.992174796,2,
3165602,Senador Cortes,2020,ok,ok,45074.23,45074.23,45074.23,new_observed,2269855.41,2269855.41,2159145.622100669,new_observed,12945081975.46,3760088.147384633,1,
3165602,Senador Cortes,2021,ok,ok,61817.53,61817.53,61817.53,new_observed,2873690.73,2873690.73,2825099.8494234956,new_observed,16790773533.8425,3921652.4463618076,1,
3165602,Senador Cortes,2022,ok,ok,89683.88,89683.88,89683.88,new_observed,3109172.39,3109172.39,2631698.3345055347,new_observed,17457373501.01,3459160.2675638935,1,
3165602,Senador Cortes,2023,ok,ok,115298.39,115298.39,115298.39,new_observed,3014233.32,3014233.32,2613162.55356526,new_observed,17975926235.1,3368025.0284393155,1,
3165602,Senador Cortes,2024,ok,ok,189427.88,189427.88,189427.88,new_observed,4583132.34,4583132.34,4554985.506725993,new_observed,20140666841.11,5089454.93097122,2,
3165602,Senador Cortes,2025,ok,ok,204821.66,204821.66,204821.66,new_observed,4240640.78,4240640.78,4247849.301620186,new_observed,21654451288.89,4452670.961620186,1,
3165701,Senador Firmino,2019,ok,ok,183750.65,183750.65,183750.65,new_observed,3234713.72,3234713.72,3320643.185870089,new_observed,12828054857.945,6105209.306771535,6,
3165701,Senador Firmino,2020,ok,ok,328209.75,328209.75,328209.75,new_observed,3803935.39,3803935.39,3618402.4796858323,new_observed,12945081975.46,6732363.76717253,1,
3165701,Senador Firmino,2021,ok,ok,280899.22,280899.22,280899.22,new_observed,4502572.12,4502572.12,4426438.685776889,new_observed,16790773533.8425,6394551.969384069,1,
3165701,Senador Firmino,2022,ok,ok,399960.53,399960.53,399960.53,new_observed,4915130.39,4915130.39,4160316.2638532687,new_observed,17457373501.01,5796586.826469394,1,
3165701,Senador Firmino,2023,ok,ok,609350.87,609350.87,609350.87,new_observed,4872568.28,4872568.28,4224229.3867901,new_observed,17975926235.1,5966594.215040047,1,
3165701,Senador Firmino,2024,ok,ok,601476.1,601476.1,601476.1,new_observed,4815530.33,4815530.33,4785956.24850524,new_observed,20140666841.11,5779237.999809945,1,
3165701,Senador Firmino,2025,ok,ok,772664.16,772664.16,772664.16,new_observed,6089663.92,6089663.92,6100015.533424559,new_observed,21654451288.89,6872679.693424559,1,
3165800,Senador José Bento,2019,ok,ok,17782.89,17782.89,17782.89,new_observed,1646026.86,1646026.86,1689753.2052444315,new_observed,12828054857.945,2974798.424089309,1,
3165800,Senador José Bento,2020,ok,ok,16597.97,16597.97,16597.97,new_observed,1882742.33,1882742.33,1790913.571610763,new_observed,12945081975.46,3083359.7281117113,1,
3165800,Senador José Bento,2021,ok,ok,23279.96,23279.96,23279.96,new_observed,2502557.27,2502557.27,2460241.8391246563,new_observed,16790773533.8425,3373670.96424319,1,
3165800,Senador José Bento,2022,ok,ok,73122.71,73122.71,73122.71,new_observed,2724759.37,2724759.37,2306319.430540598,new_observed,17457373501.01,3024518.8153479346,1,
3165800,Senador José Bento,2023,ok,ok,209673.06,209673.06,209673.06,new_observed,2606439.8,2606439.8,2259629.6173522905,new_observed,17975926235.1,3048118.845068528,1,
3165800,Senador José Bento,2024,ok,ok,289857.99,289857.99,289857.99,new_observed,4866785.02,4866785.02,4836896.163127416,new_observed,20140666841.11,5499601.758462545,1,
3165800,Senador José Bento,2025,ok,ok,313336.59,313336.59,313336.59,new_observed,3942168.44,3942168.44,3948869.5985994684,new_observed,21654451288.89,4262206.188599468,1,
3165909,Senador Modestino Gonçalves,2019,ok,ok,139212.03,139212.03,139212.03,new_observed,2346917.47,2346917.47,2409262.821735881,new_observed,12828054857.945,4439846.9782800665,1,
3165909,Senador Modestino Gonçalves,2020,ok,ok,167324.29,167324.29,167324.29,new_observed,2594819.1,2594819.1,2468259.5531088025,new_observed,12945081975.46,4495934.269200678,1,
3165909,Senador Modestino Gonçalves,2021,ok,partial,,,195949.47597608145,imputed_temporal,3291068.59,3291068.59,3235420.3188912384,new_observed,16790773533.8425,4661248.65447333,1,
3165909,Senador Modestino Gonçalves,2022,ok,ok,254912.79,254912.79,254912.79,new_observed,3204489.65,3204489.65,2712377.7703574756,new_observed,17457373501.01,3771735.390198019,1,
3165909,Senador Modestino Gonçalves,2023,ok,ok,418718.3,418718.3,418718.3,new_observed,3716512.64,3716512.64,3221997.3139637266,new_observed,17975926235.1,4494116.486504273,1,
3165909,Senador Modestino Gonçalves,2024,ok,ok,326665.54,326665.54,326665.54,new_observed,4419799.2,4419799.2,4392655.460313228,new_observed,20140666841.11,5062537.67917449,1,
3165909,Senador Modestino Gonçalves,2025,ok,ok,451342.16,451342.16,451342.16,new_observed,4537180.93,4537180.93,4544893.530176571,new_observed,21654451288.89,4996235.690176571,1,
3166006,Senhora de Oliveira,2019,ok,ok,130363.99,130363.99,130363.99,new_observed,3144283.06,3144283.06,3227810.2550712745,new_observed,12828054857.945,5850471.61221227,1,
3166006,Senhora de Oliveira,2020,ok,ok,139094.1,139094.1,139094.1,new_observed,3332157.25,3332157.25,3169634.8176153232,new_observed,12945081975.46,5644224.8145880345,1,
3166006,Senhora de Oliveira,2021,ok,ok,198326.04,198326.04,198326.04,new_observed,3891518.69,3891518.69,3825717.4825308076,new_observed,16790773533.8425,5466349.760085861,1,
3166006,Senhora de Oliveira,2022,ok,ok,243732.77,243732.77,243732.77,new_observed,3861075.23,3861075.23,3268131.8298312738,new_observed,17457373501.01,4463945.719953851,1,
3166006,Senhora de Oliveira,2023,ok,ok,277786.36,277786.36,277786.36,new_observed,3852017.15,3852017.15,3339471.734083005,new_observed,17975926235.1,4465160.413576161,1,
3166006,Senhora de Oliveira,2024,ok,ok,320667.91,320667.91,320667.91,new_observed,4333755.61,4333755.61,4307140.2981225,new_observed,20140666841.11,4964369.540461045,1,
3166006,Senhora de Oliveira,2025,ok,ok,383226.85,383226.85,383226.85,new_observed,4892163.97,4892163.97,4900479.99382205,new_observed,21654451288.89,5283706.84382205,1,
3166105,Senhora do Porto,2019,ok,ok,67756.14,67756.14,67756.14,new_observed,2084710.88,2084710.88,2140090.7707471666,new_observed,12828054857.945,3846419.1351579805,1,
3166105,Senhora do Porto,2020,ok,ok,72655.8,72655.8,72655.8,new_observed,2233457.96,2233457.96,2124523.4190841652,new_observed,12945081975.46,3748077.820587961,1,
3166105,Senhora do Porto,2021,ok,ok,51763.64,51763.64,51763.64,new_observed,2484321.22,2484321.22,2442314.1402351237,new_observed,16790773533.8425,3388010.442553401,1,
3166105,Senhora do Porto,2022,ok,ok,90561.79,90561.79,90561.79,new_observed,2568098.56,2568098.56,2173716.943111689,new_observed,17457373501.01,2878134.1285031517,1,
3166105,Senhora do Porto,2023,ok,partial,,,130734.59860777328,imputed_temporal,2768125.93,2768125.93,2399801.958207074,new_observed,17975926235.1,3123706.234033986,6,
3166105,Senhora do Porto,2024,ok,ok,164105.27,164105.27,164105.27,new_observed,3220794.29,3220794.29,3201014.114965713,new_observed,20140666841.11,3609850.5865947036,1,
3166105,Senhora do Porto,2025,ok,ok,548793.14,548793.14,548793.14,new_observed,3768475.47,3768475.47,3774881.373803207,new_observed,21654451288.89,4323674.513803207,1,
3166204,Senhora dos Remédios,2019,ok,ok,105186.55,105186.55,105186.55,new_observed,2761313.9,2761313.9,2834667.602696958,new_observed,12828054857.945,5121691.731642966,1,
3166204,Senhora dos Remédios,2020,ok,ok,175186.68,175186.68,175186.68,new_observed,2980093.52,2980093.52,2834742.6222882504,new_observed,12945081975.46,5134514.81857122,1,
3166204,Senhora dos Remédios,2021,ok,ok,160105.82,160105.82,160105.82,new_observed,3650009.54,3650009.54,3588291.980831327,new_observed,16790773533.8425,5091906.512580177,1,
3166204,Senhora dos Remédios,2022,ok,ok,295967.31,295967.31,295967.31,new_observed,3762901.7,3762901.7,3185034.7599407462,new_observed,17457373501.01,4424716.229665875,1,
3166204,Senhora dos Remédios,2023,ok,ok,313606.1,313606.1,313606.1,new_observed,3699158.88,3699158.88,3206952.6273116795,new_observed,17975926235.1,4345794.2601818275,1,
3166204,Senhora dos Remédios,2024,ok,ok,517925.27,517925.27,517925.27,new_observed,5055045.42,5055045.42,5024000.381350893,new_observed,20140666841.11,5944966.960985573,1,
3166204,Senhora dos Remédios,2025,ok,ok,461793.49,461793.49,461793.49,new_observed,5489010.9,5489010.9,5498341.483701572,new_observed,21654451288.89,5960134.973701572,1,
3166303,Sericita,2019,ok,ok,131094.72,131094.72,131094.72,new_observed,2779953.97,2779953.97,2853802.842099115,new_observed,12828054857.945,5200164.487608904,1,
3166303,Sericita,2020,ok,ok,297305.61,297305.61,297305.61,new_observed,3113435.71,3113435.71,2961581.188529708,new_observed,12945081975.46,5559201.190000066,1,
3166303,Sericita,2021,ok,ok,279784.42,279784.42,279784.42,new_observed,3698322.2,3698322.2,3635787.728048095,new_observed,16790773533.8425,5318999.844867538,1,
3166303,Sericita,2022,ok,ok,246216.09,246216.09,246216.09,new_observed,3886318.29,3886318.29,3289498.3256786857,new_observed,17457373501.01,4494261.320213285,2,
3166303,Sericita,2023,ok,ok,320862.97,320862.97,320862.97,new_observed,3826059.34,3826059.34,3316967.8434204995,new_observed,17975926235.1,4490555.475138302,1,
3166303,Sericita,2024,ok,ok,425894.81,425894.81,425894.81,new_observed,3774111.6,3774111.6,3750933.2839309745,new_observed,20140666841.11,4480591.509574508,1,
3166303,Sericita,2025,ok,ok,465495.25,465495.25,465495.25,new_observed,4131383.71,4131383.71,4138406.509227719,new_observed,21654451288.89,4603901.759227719,1,
3166402,Seritinga,2019,ok,ok,155729.11,155729.11,155729.11,new_observed,2170392.97,2170392.97,2228048.986817555,new_observed,12828054857.945,4152919.136257773,1,
3166402,Seritinga,2020,ok,ok,111288.68,111288.68,111288.68,new_observed,2350485.14,2350485.14,2235842.722618036,new_observed,12945081975.46,4003875.0939147607,1,
3166402,Seritinga,2021,ok,ok,132362.62,132362.62,132362.62,new_observed,2995594.97,2995594.97,2944942.8257301655,new_observed,16790773533.8425,4180279.8083054833,1,
3166402,Seritinga,2022,ok,ok,142910.88,142910.88,142910.88,new_observed,3143806.31,3143806.31,2661013.5406596065,new_observed,17457373501.01,3564080.009599142,6,
3166402,Seritinga,2023,ok,ok,120576.84,120576.84,120576.84,new_observed,2802448.05,2802448.05,2429557.2124363557,new_observed,17975926235.1,3147897.4748518663,1,
3166402,Seritinga,2024,ok,ok,155484.36,155484.36,155484.36,new_observed,4694656.08,4694656.08,4665824.33521068,new_observed,20140666841.11,5171942.516903527,1,
3166402,Seritinga,2025,ok,ok,275802.25,275802.25,275802.25,new_observed,4141815.22,4141815.22,4148855.751398226,new_observed,21654451288.89,4424658.001398226,1,
3166501,Serra Azul de Minas,2019,ok,ok,50339.9,50339.9,50339.9,new_observed,2052302.66,2052302.66,2106821.63343718,new_observed,12828054857.945,3758117.1771694804,1,
3166501,Serra Azul de Minas,2020,ok,ok,91472.02,91472.02,91472.02,new_observed,2132769.68,2132769.68,2028746.1030484952,new_observed,12945081975.46,3616793.04664054,1,
3166501,Serra Azul de Minas,2021,ok,ok,115447.16,115447.16,115447.16,new_observed,2896275.73,2896275.73,2847302.962456202,new_observed,16790773533.8425,4024665.322430997,1,
3166501,Serra Azul de Minas,2022,ok,ok,102869.66,102869.66,102869.66,new_observed,2912379.5,2912379.5,2465126.830615546,new_observed,17457373501.01,3264191.035067392,1,
3166501,Serra Azul de Minas,2023,ok,ok,237254.76,237254.76,237254.76,new_observed,3063205.66,3063205.66,2655618.684681369,new_observed,17975926235.1,3570976.593516067,1,
3166501,Serra Azul de Minas,2024,ok,ok,229517.79,229517.79,229517.79,new_observed,3464876.05,3464876.05,3443596.872079851,new_observed,20140666841.11,3940245.0851453687,1,
3166501,Serra Azul de Minas,2025,ok,ok,270624.92,270624.92,270624.92,new_observed,3547492.05,3547492.05,3553522.3115728423,new_observed,21654451288.89,3824147.231572842,1,
3166600,Serra da Saudade,2019,ok,ok,60140.55,60140.55,60140.55,new_observed,2371933.33,2371933.33,2434943.2226115665,new_observed,12828054857.945,4346831.25903303,1,
3166600,Serra da Saudade,2020,ok,ok,65789.89,65789.89,65789.89,new_observed,2712139.49,2712139.49,2579857.7656362,new_observed,12945081975.46,4513101.71380277,1,
3166600,Serra da Saudade,2021,ok,ok,47625.93,47625.93,47625.93,new_observed,3440769.34,3440769.34,3382589.7974535967,new_observed,16790773533.8425,4659680.943762746,1,
3166600,Serra da Saudade,2022,ok,ok,94413.36,94413.36,94413.36,new_observed,3479107.63,3479107.63,2944822.8039348107,new_observed,17457373501.01,3863185.746562547,1,
3166600,Serra da Saudade,2023,ok,ok,108346.06,108346.06,108346.06,new_observed,3231289.58,3231289.58,2801337.5322191766,new_observed,17975926235.1,3591727.1187426127,1,
3166600,Serra da Saudade,2024,ok,ok,119245.22,119245.22,119245.22,new_observed,4360182.55,4360182.55,4333404.93980359,new_observed,20140666841.11,4776472.972423758,1,
3166600,Serra da Saudade,2025,ok,ok,150154.11,150154.11,150154.11,new_observed,4054940.0,4054940.0,4061832.855154441,new_observed,21654451288.89,4211986.965154441,1,
3166709,Serra dos Aimorés,2019,ok,ok,167129.74,167129.74,167129.74,new_observed,3838120.22,3838120.22,3940079.048198802,new_observed,12828054857.945,7155408.465195899,1,
3166709,Serra dos Aimorés,2020,ok,ok,210241.81,210241.81,210241.81,new_observed,3254775.01,3254775.01,3096026.814220805,new_observed,12945081975.46,5640027.901098211,1,
3166709,Serra dos Aimorés,2021,ok,absent_dca,,,360407.3092537465,imputed_temporal,,,3424037.493733496,imputed_temporal,16790773533.8425,5140873.557912449,1,
3166709,Serra dos Aimorés,2022,ok,ok,635633.38,635633.38,635633.38,new_observed,3479396.11,3479396.11,2945066.9822048806,new_observed,17457373501.01,4551443.144211661,1,
3166709,Serra dos Aimorés,2023,ok,ok,623536.73,623536.73,623536.73,new_observed,3883650.0,3883650.0,3366895.549795635,new_observed,17975926235.1,4925808.384518075,1,
3166709,Serra dos Aimorés,2024,ok,ok,890127.23,890127.23,890127.23,new_observed,4335414.88,4335414.88,4308789.377887398,new_observed,20140666841.11,5577012.289812265,1,
3166709,Serra dos Aimorés,2025,ok,ok,835696.69,835696.69,835696.69,new_observed,4498471.13,4498471.13,4506117.928698754,new_observed,21654451288.89,5341814.618698753,1,
3166808,Serra do Salitre,2019,ok,ok,18669728.44,18669728.44,18669728.44,new_observed,15893804.84,15893804.84,16316020.305962356,new_observed,12828054857.945,60950717.54262101,1,
3166808,Serra do Salitre,2020,ok,ok,8344710.19,8344710.19,8344710.19,new_observed,17876570.98,17876570.98,17004660.208571993,new_observed,12945081975.46,43242450.19774019,1,
3166808,Serra do Salitre,2021,ok,ok,7767327.95,7767327.95,7767327.95,new_observed,25125778.42,25125778.42,24700929.745140012,new_observed,16790773533.8425,44105599.67070429,1,
3166808,Serra do Salitre,2022,ok,ok,14339520.98,14339520.98,14339520.98,new_observed,28290157.68,28290157.68,23945652.25421771,new_observed,17457373501.01,48664443.15785661,1,
3166808,Serra do Salitre,2023,ok,ok,46272471.07,46272471.07,46272471.07,new_observed,30536821.44,30536821.44,26473623.57865408,new_observed,17975926235.1,89798121.56582627,1,
3166808,Serra do Salitre,2024,ok,ok,27898426.93,27898426.93,27898426.93,new_observed,30047496.33,30047496.33,29862962.73883125,new_observed,20140666841.11,61962136.41338024,1,
3166808,Serra do Salitre,2025,ok,ok,24079546.82,24079546.82,24079546.82,new_observed,33114142.11,33114142.11,33170431.718509078,new_observed,21654451288.89,57249978.53850908,1,
3166907,Serrania,2019,ok,ok,252937.87,252937.87,252937.87,new_observed,4276653.72,4276653.72,4390262.095170501,new_observed,12828054857.945,8089190.0192267895,1,
3166907,Serrania,2020,ok,ok,323601.71,323601.71,323601.71,new_observed,4435529.61,4435529.61,4219191.3621182535,new_observed,12945081975.46,7749364.188973264,2,
3166907,Serrania,2021,ok,ok,356329.73,356329.73,356329.73,new_observed,5734382.38,5734382.38,5637420.4186804565,new_observed,16790773533.8425,8142042.824290345,1,
3166907,Serrania,2022,ok,ok,141114.24,141114.24,141114.24,new_observed,6055718.68,6055718.68,5125744.978196611,new_observed,17457373501.01,6694726.6890066955,1,
3166907,Serrania,2023,ok,ok,483353.7,483353.7,483353.7,new_observed,5518619.07,5518619.07,4784317.327205162,new_observed,17975926235.1,6502437.904802383,1,
3166907,Serrania,2024,ok,ok,521012.72,521012.72,521012.72,new_observed,5515293.25,5515293.25,5481421.646902237,new_observed,20140666841.11,6438966.568961422,1,
3166907,Serrania,2025,ok,ok,565695.83,565695.83,565695.83,new_observed,6589112.54,6589112.54,6600313.14921605,new_observed,21654451288.89,7166008.97921605,1,
3166956,Serranópolis de Minas,2019,ok,ok,42105.15,42105.15,42105.15,new_observed,2985073.9,2985073.9,3064371.7383910096,new_observed,12828054857.945,5411974.937333655,1,
3166956,Serranópolis de Minas,2020,ok,ok,53608.48,53608.48,53608.48,new_observed,3592156.07,3592156.07,3416952.471189715,new_observed,12945081975.46,5920287.436349791,4,
3166956,Serranópolis de Minas,2021,ok,ok,152251.84,152251.84,152251.84,new_observed,4508339.92,4508339.92,4432108.958761172,new_observed,16790773533.8425,6227497.146127924,1,
3166956,Serranópolis de Minas,2022,ok,ok,288922.19,288922.19,288922.19,new_observed,4859740.2,4859740.2,4113432.3177460083,new_observed,17457373501.01,5595851.150843487,1,
3166956,Serranópolis de Minas,2023,ok,ok,402935.73,402935.73,402935.73,new_observed,4848136.63,4848136.63,4203048.586857262,new_observed,17975926235.1,5685648.715756731,1,
3166956,Serranópolis de Minas,2024,ok,ok,538019.58,538019.58,538019.58,new_observed,6517138.4,6517138.4,6477114.068525333,new_observed,20140666841.11,7525315.27686868,1,
3166956,Serranópolis de Minas,2025,ok,ok,504622.51,504622.51,504622.51,new_observed,7359523.49,7359523.49,7372033.694694095,new_observed,21654451288.89,7876656.204694095,1,
3167004,Serranos,2019,ok,ok,42947.7,42947.7,42947.7,new_observed,2011234.68,2011234.68,2064662.691487767,new_observed,12828054857.945,3671791.2368901107,1,
3167004,Serranos,2020,ok,ok,40590.53,40590.53,40590.53,new_observed,2219724.52,2219724.52,2111459.813040474,new_observed,12945081975.46,3671094.323794319,1,
3167004,Serranos,2021,ok,ok,95630.24,95630.24,95630.24,new_observed,2747670.08,2747670.08,2701210.066983598,new_observed,16790773533.8425,3799289.7580449097,1,
3167004,Serranos,2022,ok,ok,63212.47,63212.47,63212.47,new_observed,2870911.23,2870911.23,2430026.8221873143,new_observed,17457373501.01,3169166.8487774427,1,
3167004,Serranos,2023,ok,ok,52157.53,52157.53,52157.53,new_observed,2844408.63,2844408.63,2465934.561082306,new_observed,17975926235.1,3108344.7269720635,1,
3167004,Serranos,2024,ok,ok,85900.98,85900.98,85900.98,new_observed,4798566.1,4798566.1,4769096.202569326,new_observed,20140666841.11,5208081.0284809815,4,
3167004,Serranos,2025,ok,ok,89384.96,89384.96,89384.96,new_observed,5432369.03,5432369.03,5441603.330105368,new_observed,21654451288.89,5530988.290105368,1,
3167103,Serro,2019,ok,ok,850324.53,850324.53,850324.53,new_observed,5828947.63,5828947.63,5983792.355001079,new_observed,12828054857.945,11906114.42777912,1,
3167103,Serro,2020,ok,ok,758733.61,758733.61,758733.61,new_observed,5853034.81,5853034.81,5567559.250839822,new_observed,12945081975.46,10791763.253678128,1,
3167103,Serro,2021,ok,ok,1379619.87,1379619.87,1379619.87,new_observed,7947074.41,7947074.41,7812698.313241354,new_observed,16790773533.8425,12487048.416412743,1,
3167103,Serro,2022,ok,ok,1733526.19,1733526.19,1733526.19,new_observed,7804139.88,7804139.88,6605662.005265724,new_observed,17457373501.01,10599976.848177632,1,
3167103,Serro,2023,ok,ok,3461362.04,3461362.04,3461362.04,new_observed,7631784.49,7631784.49,6616307.143120608,new_observed,17975926235.1,12439922.263549149,1,
3167103,Serro,2024,ok,ok,3337735.7,3337735.7,3337735.7,new_observed,10812646.48,10812646.48,10746241.729897732,new_observed,20140666841.11,15108246.802192105,1,
3167103,Serro,2025,ok,ok,3605071.47,3605071.47,3605071.47,new_observed,11864626.52,11864626.52,11884794.796735018,new_observed,21654451288.89,15489866.26673502,1,
3167202,Sete Lagoas,2019,ok,ok,48563587.07,48563587.07,48563587.07,new_observed,165646939.8,165646939.8,170047314.69933692,new_observed,12828054857.945,380854828.12535995,1,
3167202,Sete Lagoas,2020,ok,ok,47437467.42,47437467.42,47437467.42,new_observed,191328202.3,191328202.3,181996372.35062307,new_observed,12945081975.46,391381767.43499583,1,
3167202,Sete Lagoas,2021,ok,ok,62166174.64,62166174.64,62166174.64,new_observed,239264802.81,239264802.81,235219103.8980988,new_observed,16790773533.8425,403974742.541408,1,
3167202,Sete Lagoas,2022,ok,ok,74600426.75,74600426.75,74600426.75,new_observed,248922863.27,248922863.27,210695903.12681502,new_observed,17457373501.01,362641353.18125236,1,
3167202,Sete Lagoas,2023,ok,ok,88489453.72,88489453.72,88489453.72,new_observed,227006744.37,227006744.37,196801461.87039208,new_observed,17975926235.1,352164448.73836124,1,
3167202,Sete Lagoas,2024,ok,ok,97974639.86,97974639.86,97974639.86,new_observed,239400712.91,239400712.91,237930458.190723,new_observed,20140666841.11,360334085.220251,1,
3167202,Sete Lagoas,2025,ok,ok,133056721.31,133056721.31,133056721.31,new_observed,274778100.05,274778100.05,275245186.03481287,new_observed,21654451288.89,408301907.34481287,1,
3167301,Silveirânia,2019,ok,ok,38897.31,38897.31,38897.31,new_observed,1608228.58,1608228.58,1650950.8221638016,new_observed,12828054857.945,2943983.1898789452,1,
3167301,Silveirânia,2020,ok,ok,53616.28,53616.28,53616.28,new_observed,1971818.69,1971818.69,1875645.3267169893,new_observed,12945081975.46,3291048.1655028113,2,
3167301,Silveirânia,2021,ok,ok,41018.43,41018.43,41018.43,new_observed,2488648.01,2488648.01,2446567.7690789923,new_observed,16790773533.8425,3379192.1350731975,1,
3167301,Silveirânia,2022,ok,ok,71320.36,71320.36,71320.36,new_observed,2614273.64,2614273.64,2212800.939072318,new_observed,17457373501.01,2903356.0967410803,1,
3167301,Silveirânia,2023,ok,ok,33628.29,33628.29,33628.29,new_observed,2591124.14,2591124.14,2246351.8432232672,new_observed,17975926235.1,2814418.2056739414,1,
3167301,Silveirânia,2024,ok,ok,77652.8,77652.8,77652.8,new_observed,3474519.54,3474519.54,3453181.1375833554,new_observed,20140666841.11,3787616.8725834456,1,
3167301,Silveirânia,2025,ok,ok,177271.66,177271.66,177271.66,new_observed,3302621.85,3302621.85,3308235.865014265,new_observed,21654451288.89,3485507.525014265,1,
3167400,Silvianópolis,2019,ok,ok,154528.0,154528.0,154528.0,new_observed,3182412.02,3182412.02,3266952.102594125,new_observed,12828054857.945,5960760.44635117,5,
3167400,Silvianópolis,2020,ok,ok,214269.33,214269.33,214269.33,new_observed,3672741.64,3672741.64,3493607.565564201,new_observed,12945081975.46,6325114.962414166,1,
3167400,Silvianópolis,2021,ok,ok,288063.61,288063.61,288063.61,new_observed,5167826.97,5167826.97,5080444.823926366,new_observed,16790773533.8425,7292700.644389625,1,
3167400,Silvianópolis,2022,ok,ok,385419.95,385419.95,385419.95,new_observed,5641030.26,5641030.26,4774740.052331843,new_observed,17457373501.01,6559100.871312914,1,
3167400,Silvianópolis,2023,ok,ok,376595.14,376595.14,376595.14,new_observed,5231525.83,5231525.83,4535424.416635875,new_observed,17975926235.1,6063420.055892515,1,
3167400,Silvianópolis,2024,ok,ok,587092.05,587092.05,587092.05,new_observed,5645400.9,5645400.9,5610730.254225625,new_observed,20140666841.11,6648564.262080873,1,
3167400,Silvianópolis,2025,ok,ok,889905.9,889905.9,889905.9,new_observed,8059099.61,8059099.61,8072799.0004439885,new_observed,21654451288.89,8962704.900443988,1,
3167509,Simão Pereira,2019,ok,ok,1069612.38,1069612.38,1069612.38,new_observed,2851045.84,2851045.84,2926783.2521510627,new_observed,12828054857.945,6962354.389854675,1,
3167509,Simão Pereira,2020,ok,ok,1334325.96,1334325.96,1334325.96,new_observed,3034991.42,3034991.42,2886962.935496447,new_observed,12945081975.46,7200923.414021429,1,
3167509,Simão Pereira,2021,ok,ok,1510398.36,1510398.36,1510398.36,new_observed,3565697.24,3565697.24,3505405.3070678813,new_observed,16790773533.8425,6813578.684872285,1,
3167509,Simão Pereira,2022,ok,ok,1544952.63,1544952.63,1544952.63,new_observed,4318165.1,4318165.1,3655026.6361364177,new_observed,17457373501.01,6609715.303384322,1,
3167509,Simão Pereira,2023,ok,ok,1995199.77,1995199.77,1995199.77,new_observed,4053548.91,4053548.91,3514187.8866421916,new_observed,17975926235.1,6800814.049659387,1,
3167509,Simão Pereira,2024,ok,ok,3654803.21,3654803.21,3654803.21,new_observed,5575426.33,5575426.33,5541185.42581044,new_observed,20140666841.11,9864774.81886925,1,
3167509,Simão Pereira,2025,ok,ok,2561476.75,2561476.75,2561476.75,new_observed,5392919.55,5392919.55,5402086.791270575,new_observed,21654451288.89,7963563.541270575,1,
3167608,Simonésia,2019,ok,ok,407145.77,407145.77,407145.77,new_observed,5151012.89,5151012.89,5287848.426199364,new_observed,12828054857.945,9921582.218516136,1,
3167608,Simonésia,2020,ok,ok,570691.66,570691.66,570691.66,new_observed,6319131.67,6319131.67,6010922.731310972,new_observed,12945081975.46,11227305.769812236,1,
3167608,Simonésia,2021,ok,ok,504923.08,504923.08,504923.08,new_observed,8006879.71,8006879.71,7871492.372832007,new_observed,16790773533.8425,11378708.094133738,1,
3167608,Simonésia,2022,ok,ok,782933.71,782933.71,782933.71,new_observed,6577174.61,6577174.61,5567121.180723302,new_observed,17457373501.01,8071581.21992465,1,
3167608,Simonésia,2023,ok,ok,925551.03,925551.03,925551.03,new_observed,7558754.51,7558754.51,6552994.456688086,new_observed,17975926235.1,9231551.741610957,3,
3167608,Simonésia,2024,ok,ok,1191953.92,1191953.92,1191953.92,new_observed,9654153.35,9654153.35,9594863.365643114,new_observed,20140666841.11,11571297.85054132,1,
3167608,Simonésia,2025,ok,ok,1642773.76,1642773.76,1642773.76,new_observed,10558085.23,10558085.23,10576032.561452163,new_observed,21654451288.89,12218806.321452163,1,
3167707,Sobrália,2019,ok,ok,128328.63,128328.63,128328.63,new_observed,2385518.4,2385518.4,2448889.1770390472,new_observed,12828054857.945,4489921.760521955,1,
3167707,Sobrália,2020,ok,ok,92288.05,92288.05,92288.05,new_observed,2635358.26,2635358.26,2506821.4586169766,new_observed,12945081975.46,4433714.199512187,1,
3167707,Sobrália,2021,ok,ok,119769.51,119769.51,119769.51,new_observed,3409060.56,3409060.56,3351417.1772867073,new_observed,16790773533.8425,4715336.802154992,1,
3167707,Sobrália,2022,ok,ok,133320.83,133320.83,133320.83,new_observed,3334953.97,3334953.97,2822806.749709244,new_observed,17457373501.01,3757546.079001626,1,
3167707,Sobrália,2023,ok,ok,185474.96,185474.96,185474.96,new_observed,3239812.31,3239812.31,2808726.2365846857,new_observed,17975926235.1,3696056.0472977734,1,
3167707,Sobrália,2024,ok,ok,335894.19,335894.19,335894.19,new_observed,3848915.35,3848915.35,3825277.634436628,new_observed,20140666841.11,4463796.624415143,1,
3167707,Sobrália,2025,ok,ok,311941.35,311941.35,311941.35,new_observed,4288259.06,4288259.06,4295548.5263214,new_observed,21654451288.89,4607489.8763214,1,
3167806,Soledade de Minas,2019,ok,ok,210649.02,210649.02,210649.02,new_observed,2741971.76,2741971.76,2814811.642958071,new_observed,12828054857.945,5270831.836221599,1,
3167806,Soledade de Minas,2020,ok,ok,170435.79,170435.79,170435.79,new_observed,2852755.05,2852755.05,2713614.9509774605,new_observed,12945081975.46,4919783.749007787,1,
3167806,Soledade de Minas,2021,ok,ok,321087.82,321087.82,321087.82,new_observed,3738829.61,3738829.61,3675610.2032702407,new_observed,16790773533.8425,5429203.028822772,1,
3167806,Soledade de Minas,2022,ok,ok,450545.48,450545.48,450545.48,new_observed,4013053.64,4013053.64,3396770.9910962433,new_observed,17457373501.01,4890339.990694162,1,
3167806,Soledade de Minas,2023,ok,ok,780630.51,780630.51,780630.51,new_observed,3697245.4,3697245.4,3205293.7529804134,new_observed,17975926235.1,4920243.667347357,1,
3167806,Soledade de Minas,2024,ok,ok,858370.07,858370.07,858370.07,new_observed,3747981.35,3747981.35,3724963.5101589332,new_observed,20140666841.11,4916660.456925959,1,
3167806,Soledade de Minas,2025,ok,ok,971546.93,971546.93,971546.93,new_observed,3784300.45,3784300.45,3790733.2541506747,new_observed,21654451288.89,4762280.184150674,1,
3167905,Tabuleiro,2019,ok,ok,179302.68,179302.68,179302.68,new_observed,2378607.53,2378607.53,2441794.7212817897,new_observed,12828054857.945,4566366.966082487,1,
3167905,Tabuleiro,2020,ok,ok,137149.57,137149.57,137149.57,new_observed,2716168.66,2716168.66,2583690.417146897,new_observed,12945081975.46,4641369.22496693,1,
3167905,Tabuleiro,2021,ok,ok,171133.35,171133.35,171133.35,new_observed,3192938.5,3192938.5,3138949.4984272304,new_observed,16790773533.8425,4496489.78274091,1,
3167905,Tabuleiro,2022,ok,ok,384962.09,384962.09,384962.09,new_observed,3051031.63,3051031.63,2582486.2220633277,new_observed,17457373501.01,3771935.9090483715,1,
3167905,Tabuleiro,2023,ok,ok,243776.49,243776.49,243776.49,new_observed,3209189.92,3209189.92,2782178.430110079,new_observed,17975926235.1,3735252.9930454805,3,
3167905,Tabuleiro,2024,ok,ok,281473.76,281473.76,281473.76,new_observed,3605428.06,3605428.06,3583285.696446465,new_observed,20140666841.11,4145827.4120170176,2,
3167905,Tabuleiro,2025,ok,ok,273917.59,273917.59,273917.59,new_observed,4347209.34,4347209.34,4354599.01390557,new_observed,21654451288.89,4628516.60390557,3,
3168002,Taiobeiras,2019,ok,ok,1973866.51,1973866.51,1973866.51,new_observed,8575691.73,8575691.73,8803503.114132453,new_observed,12828054857.945,18775885.477904227,1,
3168002,Taiobeiras,2020,ok,ok,2017518.18,2017518.18,2017518.18,new_observed,8696081.44,8696081.44,8271939.299696133,new_observed,12945081975.46,17552363.061947692,1,
3168002,Taiobeiras,2021,ok,ok,2576498.95,2576498.95,2576498.95,new_observed,10893664.53,10893664.53,10709464.905909717,new_observed,16790773533.8425,18047947.27731613,1,
3168002,Taiobeiras,2022,ok,ok,3906273.57,3906273.57,3906273.57,new_observed,12383419.7,12383419.7,10481704.103892747,new_observed,17457373501.01,18288618.34799977,1,
3168002,Taiobeiras,2023,ok,ok,4874983.83,4874983.83,4874983.83,new_observed,11782666.8,11782666.8,10214877.348279266,new_observed,17975926235.1,18626995.64894972,1,
3168002,Taiobeiras,2024,ok,ok,5792127.32,5792127.32,5792127.32,new_observed,16090318.39,16090318.39,15991501.363684542,new_observed,20140666841.11,23367861.81592219,1,
3168002,Taiobeiras,2025,ok,ok,6635953.07,6635953.07,6635953.07,new_observed,17795230.78,17795230.78,17825480.290031318,new_observed,21654451288.89,24461433.360031318,1,
3168051,Taparuba,2019,ok,ok,113434.96,113434.96,113434.96,new_observed,2092090.93,2092090.93,2147666.8701689974,new_observed,12828054857.945,3939197.642629816,1,
3168051,Taparuba,2020,ok,ok,380510.87,380510.87,380510.87,new_observed,2281490.22,2281490.22,2170212.9565946637,new_observed,12945081975.46,4351175.0511137955,1,
3168051,Taparuba,2021,ok,ok,240974.34,240974.34,240974.34,new_observed,2879684.23,2879684.23,2830992.006074438,new_observed,16790773533.8425,4173027.05719612,1,
3168051,Taparuba,2022,ok,ok,242424.24,242424.24,242424.24,new_observed,3035054.68,3035054.68,2568962.8443179475,new_observed,17457373501.01,3573565.832457662,1,
3168051,Taparuba,2023,ok,ok,436406.34,436406.34,436406.34,new_observed,3144821.24,3144821.24,2726374.5800622585,new_observed,17975926235.1,3904151.651267801,1,
3168051,Taparuba,2024,ok,ok,949952.69,949952.69,949952.69,new_observed,4609869.61,4609869.61,4581558.572547484,new_observed,20140666841.11,5933795.176798964,5,
3168051,Taparuba,2025,ok,ok,138105.98,138105.98,138105.98,new_observed,4556363.67,4556363.67,4564108.878266525,new_observed,21654451288.89,4702214.858266526,2,
3168101,Tapira,2019,ok,ok,6242345.52,6242345.52,6242345.52,new_observed,24211466.78,24211466.78,24854639.12488893,new_observed,12828054857.945,54175874.33330523,3,
3168101,Tapira,2020,ok,ok,6678801.22,6678801.22,6678801.22,new_observed,17915307.14,17915307.14,17041507.053491067,new_observed,12945081975.46,40463500.0027166,1,
3168101,Tapira,2021,ok,ok,6761373.62,6761373.62,6761373.62,new_observed,20068294.08,20068294.08,19728961.781351615,new_observed,16790773533.8425,35985057.7547186,1,
3168101,Tapira,2022,ok,ok,11642481.5,11642481.5,11642481.5,new_observed,14196383.37,14196383.37,12016251.845987566,new_observed,17457373501.01,30072714.496004403,1,
3168101,Tapira,2023,ok,ok,8283914.13,8283914.13,8283914.13,new_observed,16776088.61,16776088.61,14543879.619426629,new_observed,17975926235.1,28178736.02825149,1,
3168101,Tapira,2024,ok,ok,7618029.49,7618029.49,7618029.49,new_observed,20212050.87,20212050.87,20087920.64993229,new_observed,20140666841.11,29720889.193896227,1,
3168101,Tapira,2025,ok,ok,13250099.92,13250099.92,13250099.92,new_observed,23582659.88,23582659.88,23622747.244722854,new_observed,21654451288.89,36872847.16472285,1,
3168200,Tapiraí,2019,ok,ok,102280.34,102280.34,102280.34,new_observed,2222877.36,2222877.36,2281927.6132136015,new_observed,12828054857.945,4153668.014207179,1,
3168200,Tapiraí,2020,ok,ok,126194.2,126194.2,126194.2,new_observed,2329118.17,2329118.17,2215517.9038961874,new_observed,12945081975.46,3994630.5347244698,1,
3168200,Tapiraí,2021,ok,ok,92055.82,92055.82,92055.82,new_observed,3239779.67,3239779.67,3184998.6368861278,new_observed,16790773533.8425,4451623.284859898,1,
3168200,Tapiraí,2022,ok,ok,51233.26,51233.26,51233.26,new_observed,3568681.68,3568681.68,3020641.0116862045,new_observed,17457373501.01,3904672.181264849,1,
3168200,Tapiraí,2023,ok,ok,69680.79,69680.79,69680.79,new_observed,3658742.32,3658742.32,3171913.852962279,new_observed,17975926235.1,4001439.6817004057,1,
3168200,Tapiraí,2024,ok,ok,68846.73,68846.73,68846.73,new_observed,5548924.21,5548924.21,5514846.065839544,new_observed,20140666841.11,5989771.656981308,1,
3168200,Tapiraí,2025,ok,ok,75476.52,75476.52,75476.52,new_observed,5747481.38,5747481.38,5757251.328915443,new_observed,21654451288.89,5832727.848915443,1,
3168309,Taquaraçu de Minas,2019,ok,ok,276435.38,276435.38,276435.38,new_observed,2640937.83,2640937.83,2711093.768599726,new_observed,12828054857.945,5204749.128247935,1,
3168309,Taquaraçu de Minas,2020,ok,ok,766358.34,766358.34,766358.34,new_observed,2742179.65,2742179.65,2608432.748723428,new_observed,12945081975.46,5756917.559976998,1,
3168309,Taquaraçu de Minas,2021,ok,ok,639821.63,639821.63,639821.63,new_observed,3421034.48,3421034.48,3363188.6317566913,new_observed,16790773533.8425,5437777.713252207,1,
3168309,Taquaraçu de Minas,2022,ok,ok,437770.5,437770.5,437770.5,new_observed,3755861.59,3755861.59,3179075.796127313,new_observed,17457373501.01,4597388.391370259,1,
3168309,Taquaraçu de Minas,2023,ok,ok,634401.61,634401.61,634401.61,new_observed,3949812.56,3949812.56,3424254.58802696,new_observed,17975926235.1,5010024.3102337085,1,
3168309,Taquaraçu de Minas,2024,ok,ok,755399.61,755399.61,755399.61,new_observed,4927750.14,4927750.14,4897486.872148009,new_observed,20140666841.11,6063997.51364042,1,
3168309,Taquaraçu de Minas,2025,ok,ok,781204.05,781204.05,781204.05,new_observed,4457218.57,4457218.57,4464795.244869343,new_observed,21654451288.89,5245999.294869343,1,
3168408,Tarumirim,2019,ok,ok,575245.42,575245.42,575245.42,new_observed,3642584.51,3642584.51,3739348.974625005,new_observed,12828054857.945,7516707.050270414,1,
3168408,Tarumirim,2020,ok,ok,1064754.81,1064754.81,1064754.81,new_observed,4261956.18,4261956.18,4054083.7918975153,new_observed,12945081975.46,8732016.607611394,1,
3168408,Tarumirim,2021,ok,ok,880670.22,880670.22,880670.22,new_observed,5056734.7,5056734.7,4971230.999358294,new_observed,16790773533.8425,7949352.100040679,1,
3168408,Tarumirim,2022,ok,ok,862794.3,862794.3,862794.3,new_observed,4926846.05,4926846.05,4170232.7557817316,new_observed,17457373501.01,6397501.653437384,1,
3168408,Tarumirim,2023,ok,ok,1710154.63,1710154.63,1710154.63,new_observed,5062539.07,5062539.07,4388922.860054209,new_observed,17975926235.1,7528729.955009557,1,
3168408,Tarumirim,2024,ok,ok,1865057.28,1865057.28,1865057.28,new_observed,7199302.01,7199302.01,7155088.2412645575,new_observed,20140666841.11,9676143.362574404,2,
3168408,Tarumirim,2025,ok,ok,3007941.63,3007941.63,3007941.63,new_observed,7880195.24,7880195.24,7893590.51696539,new_observed,21654451288.89,10901532.14696539,1,
3168507,Teixeiras,2019,ok,ok,607422.53,607422.53,607422.53,new_observed,4273668.37,4273668.37,4387197.439997574,new_observed,12828054857.945,8701419.34747615,1,
3168507,Teixeiras,2020,ok,ok,721960.45,721960.45,721960.45,new_observed,4341917.73,4341917.73,4130145.3021850293,new_observed,12945081975.46,8277007.990496262,1,
3168507,Teixeiras,2021,ok,ok,831013.23,831013.23,831013.23,new_observed,5398284.99,5398284.99,5307006.057814063,new_observed,16790773533.8425,8338021.215099299,1,
3168507,Teixeiras,2022,ok,ok,804706.79,804706.79,804706.79,new_observed,6354238.55,6354238.55,5378421.300430326,new_observed,17457373501.01,7859399.868812986,1,
3168507,Teixeiras,2023,ok,ok,787133.46,787133.46,787133.46,new_observed,6750418.66,6750418.66,5852214.938424269,new_observed,17975926235.1,8195642.906730349,1,
3168507,Teixeiras,2024,ok,ok,967343.92,967343.92,967343.92,new_observed,6411933.67,6411933.67,6372555.442494251,new_observed,20140666841.11,7873699.856718732,1,
3168507,Teixeiras,2025,ok,ok,1118464.81,1118464.81,1118464.81,new_observed,7104698.79,7104698.79,7116775.826818153,new_observed,21654451288.89,8235240.636818154,1,
3168606,Teófilo Otoni,2019,ok,ok,13602782.75,13602782.75,13602782.75,new_observed,33692920.21,33692920.21,34587965.301424295,new_observed,12828054857.945,83955918.56495453,1,
3168606,Teófilo Otoni,2020,ok,ok,14610441.63,14610441.63,14610441.63,new_observed,33634171.95,33634171.95,31993700.919841245,new_observed,12945081975.46,79500093.35669422,1,
3168606,Teófilo Otoni,2021,ok,ok,16791155.34,16791155.34,16791155.34,new_observed,42919975.33,42919975.33,42194246.78383646,new_observed,16790773533.8425,80127075.40136527,1,
3168606,Teófilo Otoni,2022,ok,ok,19627326.95,19627326.95,19627326.95,new_observed,43087642.41,43087642.41,36470694.62371208,new_observed,17457373501.01,71306428.87367643,1,
3168606,Teófilo Otoni,2023,ok,ok,22341280.23,22341280.23,22341280.23,new_observed,41951434.09,41951434.09,36369419.68127043,new_observed,17975926235.1,72472764.25366911,1,
3168606,Teófilo Otoni,2024,ok,ok,29864877.79,29864877.79,29864877.79,new_observed,68104351.24,68104351.24,67686095.41027926,new_observed,20140666841.11,104645451.63038853,1,
3168606,Teófilo Otoni,2025,ok,ok,34019413.97,34019413.97,34019413.97,new_observed,75277194.01,75277194.01,75405155.16225964,new_observed,21654451288.89,109424569.13225964,1,
3168705,Timóteo,2019,ok,ok,16772745.67,16772745.67,16772745.67,new_observed,60613902.1,60613902.1,62224097.215428896,new_observed,12828054857.945,137625016.75840986,1,
3168705,Timóteo,2020,ok,ok,17050203.0,17050203.0,17050203.0,new_observed,61258037.31,61258037.31,58270241.572949335,new_observed,12945081975.46,128486053.97713904,1,
3168705,Timóteo,2021,ok,ok,20617438.45,20617438.45,20617438.45,new_observed,81402107.85,81402107.85,80025689.69201155,new_observed,16790773533.8425,136715852.1753199,3,
3168705,Timóteo,2022,ok,ok,32929952.19,32929952.19,32929952.19,new_observed,73867433.73,73867433.73,62523648.71972858,new_observed,17457373501.01,121331469.6858295,1,
3168705,Timóteo,2023,ok,ok,41388063.07,41388063.07,41388063.07,new_observed,90130937.94,90130937.94,78138208.60507318,new_observed,17975926235.1,147543792.2272956,1,
3168705,Timóteo,2024,ok,ok,46105969.39,46105969.39,46105969.39,new_observed,106987107.64,106987107.64,106330057.383142,new_observed,20140666841.11,163522067.93126872,1,
3168705,Timóteo,2025,ok,ok,44096757.77,44096757.77,44096757.77,new_observed,97966087.88,97966087.88,98132617.1144163,new_observed,21654451288.89,142229374.8844163,1,
3168804,Tiradentes,2019,ok,ok,2219547.23,2219547.23,2219547.23,new_observed,4507256.91,4507256.91,4626991.2087173425,new_observed,12828054857.945,11927754.742454045,1,
3168804,Tiradentes,2020,ok,ok,1562996.19,1562996.19,1562996.19,new_observed,4348641.27,4348641.27,4136540.908659372,new_observed,12945081975.46,9722606.331588987,1,
3168804,Tiradentes,2021,ok,ok,2429966.35,2429966.35,2429966.35,new_observed,5999315.59,5999315.59,5897873.905851041,new_observed,16790773533.8425,11312722.47174265,1,
3168804,Tiradentes,2022,ok,ok,3931205.45,3931205.45,3931205.45,new_observed,6371199.08,6371199.08,5392777.210284952,new_observed,17457373501.01,11851753.194386434,1,
3168804,Tiradentes,2023,ok,ok,4924292.94,4924292.94,4924292.94,new_observed,6138426.68,6138426.68,5321653.977994617,new_observed,17975926235.1,12647645.09136583,1,
3168804,Tiradentes,2024,ok,ok,5889452.76,5889452.76,5889452.76,new_observed,5834328.06,5834328.06,5798497.137611519,new_observed,20140666841.11,12537966.106784152,4,
3168804,Tiradentes,2025,ok,ok,7257579.07,7257579.07,7257579.07,new_observed,6857053.8,6857053.8,6868709.873488043,new_observed,21654451288.89,14126288.943488043,1,
3168903,Tiros,2019,ok,ok,624187.29,624187.29,624187.29,new_observed,9491524.43,9491524.43,9743664.710458202,new_observed,12828054857.945,18062440.892495,1,
3168903,Tiros,2020,ok,ok,537985.98,537985.98,537985.98,new_observed,10063530.64,10063530.64,9572692.616677264,new_observed,12945081975.46,17247391.505502783,1,
3168903,Tiros,2021,ok,ok,718951.78,718951.78,718951.78,new_observed,11134097.0,11134097.0,10945831.933057943,new_observed,16790773533.8425,15845700.29978834,1,
3168903,Tiros,2022,ok,ok,991218.62,991218.62,991218.62,new_observed,12152637.61,12152637.61,10286363.104519375,new_observed,17457373501.01,14334981.101781862,1,
3168903,Tiros,2023,ok,ok,900809.24,900809.24,900809.24,new_observed,13064501.76,13064501.76,11326152.674942704,new_observed,17975926235.1,15093019.325939402,1,
3168903,Tiros,2024,ok,ok,1319472.48,1319472.48,1319472.48,new_observed,15388595.45,15388595.45,15294087.982547667,new_observed,20140666841.11,17821795.936599534,1,
3168903,Tiros,2025,ok,ok,1203282.74,1203282.74,1203282.74,new_observed,17958193.39,17958193.39,17988719.914652083,new_observed,21654451288.89,19192002.65465208,1,
3169000,Tocantins,2019,ok,ok,744565.87,744565.87,744565.87,new_observed,5420178.45,5420178.45,5564164.310711366,new_observed,12828054857.945,10990807.545358703,1,
3169000,Tocantins,2020,ok,ok,733927.46,733927.46,733927.46,new_observed,6187453.76,6187453.76,5885667.271579348,new_observed,12945081975.46,11292094.872923095,1,
3169000,Tocantins,2021,ok,ok,925622.74,925622.74,925622.74,new_observed,7910930.31,7910930.31,7777165.3693509195,new_observed,16790773533.8425,11822059.932321291,1,
3169000,Tocantins,2022,ok,ok,1585142.57,1585142.57,1585142.57,new_observed,7868464.87,7868464.87,6660108.638586718,new_observed,17457373501.01,10480573.153157257,1,
3169000,Tocantins,2023,ok,ok,1700628.54,1700628.54,1700628.54,new_observed,7885183.71,7885183.71,6835989.325124569,new_observed,17975926235.1,10537641.264672937,1,
3169000,Tocantins,2024,ok,ok,1742356.45,1742356.45,1742356.45,new_observed,8628538.17,8628538.17,8575546.895200944,new_observed,20140666841.11,11068281.740465079,1,
3169000,Tocantins,2025,ok,ok,1763573.74,1763573.74,1763573.74,new_observed,9620661.95,9620661.95,9637015.7873715,new_observed,21654451288.89,11400589.5273715,1,
3169059,Tocos do Moji,2019,ok,ok,96425.53,96425.53,96425.53,new_observed,2345327.43,2345327.43,2407630.542669385,new_observed,12828054857.945,4362462.427326801,1,
3169059,Tocos do Moji,2020,ok,ok,125642.72,125642.72,125642.72,new_observed,2747186.47,2747186.47,2613195.366393268,new_observed,12945081975.46,4672071.443526136,1,
3169059,Tocos do Moji,2021,ok,ok,127566.34,127566.34,127566.34,new_observed,3301398.28,3301398.28,3245575.3454426136,new_observed,16790773533.8425,4582150.302230903,1,
3169059,Tocos do Moji,2022,ok,ok,157329.56,157329.56,157329.56,new_observed,3683886.54,3683886.54,3118153.9187106183,new_observed,17457373501.01,4163480.692357076,1,
3169059,Tocos do Moji,2023,ok,ok,270817.57,270817.57,270817.57,new_observed,3593362.18,3593362.18,3115233.1267354013,new_observed,17975926235.1,4179756.9142651143,1,
3169059,Tocos do Moji,2024,ok,ok,326124.74,326124.74,326124.74,new_observed,5500645.27,5500645.27,5466863.625956498,new_observed,20140666841.11,6214288.427451268,1,
3169059,Tocos do Moji,2025,ok,ok,235795.51,235795.51,235795.51,new_observed,5298001.63,5298001.63,5307007.523513488,new_observed,21654451288.89,5542803.033513487,1,
3169109,Toledo,2019,ok,ok,104300.63,104300.63,104300.63,new_observed,2789572.35,2789572.35,2863676.732270177,new_observed,12828054857.945,5170686.818629265,1,
3169109,Toledo,2020,ok,ok,194932.77,194932.77,194932.77,new_observed,3099135.27,3099135.27,2947978.237309078,new_observed,12945081975.46,5361362.849356934,1,
3169109,Toledo,2021,ok,ok,181663.33,181663.33,181663.33,new_observed,4005728.3,4005728.3,3937995.936382978,new_observed,16790773533.8425,5596236.3022020925,1,
3169109,Toledo,2022,ok,ok,219892.38,219892.38,219892.38,new_observed,4216750.87,4216750.87,3569186.5389309484,new_observed,17457373501.01,4816313.995574263,1,
3169109,Toledo,2023,ok,ok,256619.6,256619.6,256619.6,new_observed,4323336.95,4323336.95,3748078.209216081,new_observed,17975926235.1,4943417.821165982,1,
3169109,Toledo,2024,ok,ok,497610.5,497610.5,497610.5,new_observed,4490845.37,4490845.37,4463265.307607839,new_observed,20140666841.11,5321659.767592196,1,
3169109,Toledo,2025,ok,ok,358329.77,358329.77,358329.77,new_observed,5240183.55,5240183.55,5249091.1605177475,new_observed,21654451288.89,5607420.930517748,1,
3169208,Tombos,2019,ok,ok,535765.89,535765.89,535765.89,new_observed,3483974.9,3483974.9,3576525.9348599864,new_observed,12828054857.945,7164263.920428379,1,
3169208,Tombos,2020,ok,ok,554595.05,554595.05,554595.05,new_observed,3785890.4,3785890.4,3601237.614916163,new_observed,12945081975.46,7089264.3177008685,1,
3169208,Tombos,2021,ok,ok,637978.59,637978.59,637978.59,new_observed,4961612.67,4961612.67,4877717.375980368,new_observed,16790773533.8425,7492643.444716249,1,
3169208,Tombos,2022,ok,ok,828184.67,828184.67,828184.67,new_observed,5048861.92,5048861.92,4273510.7093924815,new_observed,17457373501.01,6484786.245586337,1,
3169208,Tombos,2023,ok,ok,879429.61,879429.61,879429.61,new_observed,4871627.4,4871627.4,4223413.699309279,new_observed,17975926235.1,6298973.7941787345,1,
3169208,Tombos,2024,ok,ok,1167961.6,1167961.6,1167961.6,new_observed,4640743.08,4640743.08,4612242.436324444,new_observed,20140666841.11,6200574.34645085,1,
3169208,Tombos,2025,ok,ok,1283616.96,1283616.96,1283616.96,new_observed,5145220.12,5145220.12,5153966.305399753,new_observed,21654451288.89,6437583.265399753,1,
3169307,Três Corações,2019,ok,ok,10409681.08,10409681.08,10409681.08,new_observed,38379708.11,38379708.11,39399256.70181239,new_observed,12828054857.945,86775061.46520865,1,
3169307,Três Corações,2020,ok,ok,9775603.8,9775603.8,9775603.8,new_observed,41620297.59,41620297.59,39590311.75997925,new_observed,12945081975.46,84211288.54500087,1,
3169307,Três Corações,2021,ok,ok,10984701.23,10984701.23,10984701.23,new_observed,53946016.23,53946016.23,53033849.724103905,new_observed,16790773533.8425,86964216.13972025,1,
3169307,Três Corações,2022,ok,ok,13217067.31,13217067.31,13217067.31,new_observed,55554693.83,55554693.83,47023187.16601491,new_observed,17457373501.01,76571638.36842036,1,
3169307,Três Corações,2023,ok,ok,16333505.06,16333505.06,16333505.06,new_observed,54098593.89,54098593.89,46900290.96814654,new_observed,17975926235.1,78056095.38531046,1,
3169307,Três Corações,2024,ok,ok,19371469.55,19371469.55,19371469.55,new_observed,56939641.83,56939641.83,56589952.90845543,new_observed,20140666841.11,81485782.24157634,2,
3169307,Três Corações,2025,ok,ok,22117317.55,22117317.55,22117317.55,new_observed,63736142.43,63736142.43,63844485.33960478,new_observed,21654451288.89,85961802.88960478,6,
3169356,Três Marias,2019,ok,ok,8227959.85,8227959.85,8227959.85,new_observed,36911482.92,36911482.92,37892028.429229334,new_observed,12828054857.945,80348326.94557427,1,
3169356,Três Marias,2020,ok,ok,8082485.12,8082485.12,8082485.12,new_observed,43119742.07,43119742.07,41016622.42730718,new_observed,12945081975.46,83756151.71047895,1,
3169356,Três Marias,2021,ok,ok,8675158.57,8675158.57,8675158.57,new_observed,55737456.05,55737456.05,54794998.31010127,new_observed,16790773533.8425,86219265.49540627,1,
3169356,Três Marias,2022,ok,ok,13367409.49,13367409.49,13367409.49,new_observed,47580011.09,47580011.09,40273172.48282521,new_observed,17457373501.01,68182767.16161866,1,
3169356,Três Marias,2023,ok,ok,16427324.75,16427324.75,16427324.75,new_observed,52664179.58,52664179.58,45656738.34190521,new_observed,17975926235.1,76636859.6383542,1,
3169356,Três Marias,2024,ok,ok,14891433.82,14891433.82,14891433.82,new_observed,54203144.81,54203144.81,53870261.80189252,new_observed,20140666841.11,73762449.07830045,1,
3169356,Três Marias,2025,ok,ok,18110853.43,18110853.43,18110853.43,new_observed,51449335.22,51449335.22,51536792.20221521,new_observed,21654451288.89,69647645.6322152,1,
3169406,Três Pontas,2019,ok,ok,3537745.01,3537745.01,3537745.01,new_observed,24396947.41,24396947.41,25045047.007451218,new_observed,12828054857.945,49795752.421511605,1,
3169406,Três Pontas,2020,ok,ok,4818714.02,4818714.02,4818714.02,new_observed,26535551.83,26535551.83,25241308.460158654,new_observed,12945081975.46,51278158.17920419,1,
3169406,Três Pontas,2021,ok,ok,5489804.64,5489804.64,5489804.64,new_observed,35381942.46,35381942.46,34783673.57786507,new_observed,16790773533.8425,54708383.93308269,2,
3169406,Três Pontas,2022,ok,ok,7065402.35,7065402.35,7065402.35,new_observed,37494558.23,37494558.23,31736537.595752865,new_observed,17457373501.01,49321307.4772506,1,
3169406,Três Pontas,2023,ok,ok,8432208.9,8432208.9,8432208.9,new_observed,38050389.21,38050389.21,32987443.796207394,new_observed,17975926235.1,51128614.20248284,1,
3169406,Três Pontas,2024,ok,ok,10704812.08,10704812.08,10704812.08,new_observed,39802956.02,39802956.02,39558510.28206447,new_observed,20140666841.11,53918765.712600656,1,
3169406,Três Pontas,2025,ok,ok,14038850.08,14038850.08,14038850.08,new_observed,47608776.64,47608776.64,47689705.18677496,new_observed,21654451288.89,61728555.26677496,1,
3169505,Tumiritinga,2019,ok,ok,349886.33,349886.33,349886.33,new_observed,2789792.82,2789792.82,2863903.059007738,new_observed,12828054857.945,5598930.316261694,2,
3169505,Tumiritinga,2020,ok,ok,763950.79,763950.79,763950.79,new_observed,2886455.36,2886455.36,2745671.564134127,new_observed,12945081975.46,5986920.679894678,1,
3169505,Tumiritinga,2021,ok,ok,729309.63,729309.63,729309.63,new_observed,3666197.6,3666197.6,3604206.318930075,new_observed,16790773533.8425,5886743.951731406,2,
3169505,Tumiritinga,2022,ok,ok,1320297.77,1320297.77,1320297.77,new_observed,4010627.88,4010627.88,3394717.7538513597,new_observed,17457373501.01,5993275.8706652485,1,
3169505,Tumiritinga,2023,ok,ok,1275829.57,1275829.57,1275829.57,new_observed,3980099.82,3980099.82,3450511.8565525743,new_observed,17975926235.1,5834218.0983460015,1,
3169505,Tumiritinga,2024,ok,ok,615442.5,615442.5,615442.5,new_observed,3964727.74,3964727.74,3940378.7746208753,new_observed,20140666841.11,4887147.295304164,1,
3169505,Tumiritinga,2025,ok,ok,1440162.56,1440162.56,1440162.56,new_observed,3945938.91,3945938.91,3952646.4778937064,new_observed,21654451288.89,5392809.037893707,1,
3169604,Tupaciguara,2019,ok,partial,,,2839571.1421215353,imputed_temporal,21911197.18,21911197.18,22493263.363665733,new_observed,12828054857.945,44133811.50501744,1,
3169604,Tupaciguara,2020,ok,ok,2987134.03,2987134.03,2987134.03,new_observed,20534478.99,20534478.99,19532931.577071976,new_observed,12945081975.46,38416055.31624998,1,
3169604,Tupaciguara,2021,ok,ok,3389396.01,3389396.01,3389396.01,new_observed,29218783.77,29218783.77,28724726.974695943,new_observed,16790773533.8425,43624535.24418026,1,
3169604,Tupaciguara,2022,ok,ok,4279652.39,4279652.39,4279652.39,new_observed,34586845.14,34586845.14,29275360.5568776,new_observed,17457373501.01,42651916.71524204,1,
3169604,Tupaciguara,2023,ok,ok,6049598.93,6049598.93,6049598.93,new_observed,32753439.38,32753439.38,28395300.62931085,new_observed,17975926235.1,42518946.10822107,1,
3169604,Tupaciguara,2024,ok,ok,9664079.87,9664079.87,9664079.87,new_observed,36625308.07,36625308.07,36400377.528313875,new_observed,20140666841.11,49414534.68289486,4,
3169604,Tupaciguara,2025,ok,ok,8544435.46,8544435.46,8544435.46,new_observed,40987990.43,40987990.43,41057664.52656015,new_observed,21654451288.89,49602099.98656015,1,
3169703,Turmalina,2019,ok,ok,2308016.94,2308016.94,2308016.94,new_observed,7471166.01,7471166.01,7669635.908803305,new_observed,12828054857.945,17382652.146209188,1,
3169703,Turmalina,2020,ok,ok,1841659.34,1841659.34,1841659.34,new_observed,8236230.89,8236230.89,7834517.47208594,new_observed,12945081975.46,16506192.750441076,1,
3169703,Turmalina,2021,ok,ok,2057367.27,2057367.27,2057367.27,new_observed,10513867.37,10513867.37,10336089.689040964,new_observed,16790773533.8425,16835546.160316005,1,
3169703,Turmalina,2022,ok,ok,2837659.01,2837659.01,2837659.01,new_observed,10163054.79,10163054.79,8602319.527329745,new_observed,17457373501.01,14541404.366936741,1,
3169703,Turmalina,2023,ok,ok,3648719.46,3648719.46,3648719.46,new_observed,9592497.66,9592497.66,8316129.847663677,new_observed,17975926235.1,14769466.290054016,1,
3169703,Turmalina,2024,ok,ok,4327231.72,4327231.72,4327231.72,new_observed,10890539.36,10890539.36,10823656.238830969,new_observed,20140666841.11,16252749.316997517,1,
3169703,Turmalina,2025,ok,ok,6032645.68,6032645.68,6032645.68,new_observed,12100718.51,12100718.51,12121288.11151176,new_observed,21654451288.89,18153933.79151176,1,
3169802,Turvolândia,2019,ok,ok,110710.61,110710.61,110710.61,new_observed,3518578.18,3518578.18,3612048.443461073,new_observed,12828054857.945,6485636.114131405,1,
3169802,Turvolândia,2020,ok,ok,112716.51,112716.51,112716.51,new_observed,3966610.16,3966610.16,3773142.960477837,new_observed,12945081975.46,6628728.129556258,1,
3169802,Turvolândia,2021,ok,ok,145979.9,145979.9,145979.9,new_observed,5204242.99,5204242.99,5116245.089955204,new_observed,16790773533.8425,7148322.862390024,1,
3169802,Turvolândia,2022,ok,ok,172549.26,172549.26,172549.26,new_observed,5726242.38,5726242.38,4846866.189500998,new_observed,17457373501.01,6380199.884000858,1,
3169802,Turvolândia,2023,ok,ok,287851.44,287851.44,287851.44,new_observed,5783630.31,5783630.31,5014066.445844024,new_observed,17975926235.1,6544712.388266454,1,
3169802,Turvolândia,2024,ok,ok,367460.72,367460.72,367460.72,new_observed,5678628.65,5678628.65,5643753.939435448,new_observed,20140666841.11,6448385.415821087,1,
3169802,Turvolândia,2025,ok,ok,510047.21,510047.21,510047.21,new_observed,6583691.97,6583691.97,6594883.364972716,new_observed,21654451288.89,7104930.574972716,1,
3169901,Ubá,2019,ok,ok,15198961.6,15198961.6,15198961.6,new_observed,36975495.18,36975495.18,37957741.160982646,new_observed,12828054857.945,92607398.48695195,1,
3169901,Ubá,2020,ok,ok,14550513.39,14550513.39,14550513.39,new_observed,41075999.5,41075999.5,39072561.23148137,new_observed,12945081975.46,91473401.40249553,1,
3169901,Ubá,2021,ok,ok,16772715.22,16772715.22,16772715.22,new_observed,49500430.71,49500430.71,48663434.0589668,new_observed,16790773533.8425,88889913.07108416,1,
3169901,Ubá,2022,ok,ok,22689977.15,22689977.15,22689977.15,new_observed,53888338.5,53888338.5,45612733.19416055,new_observed,17457373501.01,86819859.60299037,3,
3169901,Ubá,2023,ok,ok,26336687.04,26336687.04,26336687.04,new_observed,51309108.36,51309108.36,44481971.49621258,new_observed,17975926235.1,87418885.35842133,1,
3169901,Ubá,2024,ok,ok,30461095.49,30461095.49,30461095.49,new_observed,49485194.24,49485194.24,49181286.037383035,new_observed,20140666841.11,85434442.22480448,1,
3169901,Ubá,2025,ok,ok,34644049.77,34644049.77,34644049.77,new_observed,55148334.48,55148334.48,55242079.265762374,new_observed,21654451288.89,89886129.03576237,1,
3170008,Ubaí,2019,ok,ok,271114.21,271114.21,271114.21,new_observed,3139241.85,3139241.85,3222635.1264249473,new_observed,12828054857.945,6086664.902197707,1,
3170008,Ubaí,2020,ok,ok,257113.27,257113.27,257113.27,new_observed,3479985.29,3479985.29,3310252.7019014955,new_observed,12945081975.46,6085423.146673239,1,
3170008,Ubaí,2021,ok,ok,297373.35,297373.35,297373.35,new_observed,4288162.42,4288162.42,4215654.41283429,new_observed,16790773533.8425,6130596.771755265,1,
3170008,Ubaí,2022,ok,ok,334218.27,334218.27,334218.27,new_observed,4435852.72,4435852.72,3754641.0269441013,new_observed,17457373501.01,5197366.082668468,1,
3170008,Ubaí,2023,ok,ok,448206.46,448206.46,448206.46,new_observed,5236544.94,5236544.94,4539775.689053043,new_observed,17975926235.1,6157188.637440122,1,
3170008,Ubaí,2024,ok,ok,1161409.83,1161409.83,1161409.83,new_observed,5704347.49,5704347.49,5669314.829839454,new_observed,20140666841.11,7327494.985869453,1,
3170008,Ubaí,2025,ok,ok,676761.48,676761.48,676761.48,new_observed,6358726.04,6358726.04,6369535.023008501,new_observed,21654451288.89,7046296.503008502,1,
3170057,Ubaporanga,2019,ok,ok,325398.0,325398.0,325398.0,new_observed,3599257.22,3599257.22,3694870.7045972273,new_observed,12828054857.945,7003945.064563578,1,
3170057,Ubaporanga,2020,ok,ok,383865.07,383865.07,383865.07,new_observed,4045832.4,4045832.4,3848501.219825734,new_observed,12945081975.46,7219819.886204892,1,
3170057,Ubaporanga,2021,ok,ok,490120.52,490120.52,490120.52,new_observed,5073445.01,5073445.01,4987658.756796485,new_observed,16790773533.8425,7441136.575155052,1,
3170057,Ubaporanga,2022,ok,ok,723302.34,723302.34,723302.34,new_observed,5181696.61,5181696.61,4385946.042203846,new_observed,17457373501.01,6494386.898918532,1,
3170057,Ubaporanga,2023,ok,ok,1709627.91,1709627.91,1709627.91,new_observed,4880518.95,4880518.95,4231122.148867242,new_observed,17975926235.1,7333289.828888708,1,
3170057,Ubaporanga,2024,ok,ok,2109685.04,2109685.04,2109685.04,new_observed,6357930.87,6357930.87,6318884.2951054275,new_observed,20140666841.11,9041544.289458979,1,
3170057,Ubaporanga,2025,ok,ok,2441292.94,2441292.94,2441292.94,new_observed,6966123.8,6966123.8,6977965.277886555,new_observed,21654451288.89,9419258.217886554,1,
3170107,Uberaba,2019,ok,partial,,,91932024.28044902,imputed_temporal,262125609.38,262125609.38,269088919.13617057,new_observed,12828054857.945,628955684.4684206,1,
3170107,Uberaba,2020,ok,ok,96709419.99,96709419.99,96709419.99,new_observed,294620382.42,294620382.42,280250586.0422924,new_observed,12945081975.46,643040597.5017633,1,
3170107,Uberaba,2021,ok,ok,113329099.72,113329099.72,113329099.72,new_observed,390280081.21,390280081.21,383680883.6625786,new_observed,16790773533.8425,675149358.6518079,1,
3170107,Uberaba,2022,ok,ok,140769694.04,140769694.04,140769694.04,new_observed,386370560.06,386370560.06,327035825.57282156,new_observed,17457373501.01,594629544.4154572,1,
3170107,Uberaba,2023,ok,ok,167809943.15,167809943.15,167809943.15,new_observed,393138604.33,393138604.33,340827988.45713276,new_observed,17975926235.1,627865056.3448879,1,
3170107,Uberaba,2024,ok,ok,175371946.54,175371946.54,175371946.54,new_observed,447994242.97,447994242.97,445242932.6588099,new_observed,20140666841.11,665749630.0827531,1,
3170107,Uberaba,2025,ok,ok,194724170.51,194724170.51,194724170.51,new_observed,517972864.63,517972864.63,518853349.1574716,new_observed,21654451288.89,713577519.6674716,1,
3170206,Uberlândia,2019,ok,ok,270292960.03,270292960.03,270292960.03,new_observed,666820968.31,666820968.31,684534922.18591,new_observed,12828054857.945,1663461456.07295,1,
3170206,Uberlândia,2020,ok,ok,283277019.53,283277019.53,283277019.53,new_observed,983174031.2,983174031.2,935220761.5852264,new_observed,12945081975.46,2078585337.1293328,1,
3170206,Uberlândia,2021,ok,ok,356095435.75,356095435.75,356095435.75,new_observed,769726203.9,769726203.9,756710998.8677205,new_observed,16790773533.8425,1511660883.5952294,1,
3170206,Uberlândia,2022,ok,ok,432066623.65,432066623.65,432066623.65,new_observed,816526295.87,816526295.87,691132759.2617186,new_observed,17457373501.01,1427703413.8060062,1,
3170206,Uberlândia,2023,ok,ok,487823069.42,487823069.42,487823069.42,new_observed,829989905.31,829989905.31,719552307.3818544,new_observed,17975926235.1,1490389846.8403096,1,
3170206,Uberlândia,2024,ok,ok,559385829.98,559385829.98,559385829.98,new_observed,778822017.83,778822017.83,774038962.9540447,new_observed,20140666841.11,1430399257.8860397,1,
3170206,Uberlândia,2025,ok,ok,614290133.37,614290133.37,614290133.37,new_observed,888958666.91,888958666.91,890469777.6364955,new_observed,21654451288.89,1504759911.0064955,1,
3170305,Umburatiba,2019,ok,ok,282658.78,282658.78,282658.78,new_observed,1782413.8,1782413.8,1829763.2346181197,new_observed,12828054857.945,3680173.846748461,1,
3170305,Umburatiba,2020,ok,ok,195837.05,195837.05,195837.05,new_observed,2141419.28,2141419.28,2036973.8279910814,new_observed,12945081975.46,3808860.4045937546,1,
3170305,Umburatiba,2021,ok,ok,159238.52,159238.52,159238.52,new_observed,3382451.96,3382451.96,3325258.4988079797,new_observed,16790773533.8425,4733417.851008114,1,
3170305,Umburatiba,2022,ok,ok,211336.88,211336.88,211336.88,new_observed,4642919.97,4642919.97,3929909.0624857526,new_observed,17457373501.01,5263954.966009707,6,
3170305,Umburatiba,2023,ok,ok,828019.82,828019.82,828019.82,new_observed,3979199.13,3979199.13,3449731.0114319418,new_observed,17975926235.1,5280475.756733245,1,
3170305,Umburatiba,2024,ok,ok,656378.42,656378.42,656378.42,new_observed,4387378.21,4387378.21,4360433.580470302,new_observed,20140666841.11,5381663.968191603,1,
3170305,Umburatiba,2025,ok,ok,299683.72,299683.72,299683.72,new_observed,4235517.97,4235517.97,4242717.78352899,new_observed,21654451288.89,4542401.50352899,1,
3170404,Unaí,2019,ok,ok,15836168.19,15836168.19,15836168.19,new_observed,78628629.53,78628629.53,80717381.95833234,new_observed,12828054857.945,168211582.53780335,1,
3170404,Unaí,2020,ok,ok,16766417.03,16766417.03,16766417.03,new_observed,76743718.07,76743718.07,73000624.69378543,new_observed,12945081975.46,153129910.92504323,1,
3170404,Unaí,2021,ok,ok,23466461.48,23466461.48,23466461.48,new_observed,97197390.31,97197390.31,95553891.67752847,new_observed,16790773533.8425,161679881.26500422,1,
3170404,Unaí,2022,ok,ok,29884996.16,29884996.16,29884996.16,new_observed,105517506.16,105517506.16,89313235.28910197,new_observed,17457373501.01,151513368.46211314,1,
3170404,Unaí,2023,ok,ok,35243908.74,35243908.74,35243908.74,new_observed,100887326.68,100887326.68,87463363.39002496,new_observed,17975926235.1,151470434.15816927,1,
3170404,Unaí,2024,ok,ok,38018408.79,38018408.79,38018408.79,new_observed,128439918.86,128439918.86,127651118.38170543,new_observed,20140666841.11,177717986.02852285,1,
3170404,Unaí,2025,ok,ok,42996179.46,42996179.46,42996179.46,new_observed,146042494.81,146042494.81,146290747.5000814,new_observed,21654451288.89,189286926.9600814,1,
3170438,União de Minas,2019,ok,ok,206125.92,206125.92,206125.92,new_observed,6119820.2,6119820.2,6282391.891508755,new_observed,12828054857.945,11304026.084197417,1,
3170438,União de Minas,2020,ok,ok,676756.94,676756.94,676756.94,new_observed,6151910.22,6151910.22,5851857.330009122,new_observed,12945081975.46,11136895.0389012,1,
3170438,União de Minas,2021,ok,ok,632288.15,632288.15,632288.15,new_observed,7401372.44,7401372.44,7276223.550253514,new_observed,16790773533.8425,10743097.283433037,1,
3170438,União de Minas,2022,ok,ok,388638.6,388638.6,388638.6,new_observed,7732029.15,7732029.15,6544625.284159058,new_observed,17457373501.01,8812900.600578224,1,
3170438,União de Minas,2023,ok,ok,1265689.18,1265689.18,1265689.18,new_observed,7962204.38,7962204.38,6902761.704475252,new_observed,17975926235.1,10083174.211224286,1,
3170438,União de Minas,2024,ok,ok,1232026.01,1232026.01,1232026.01,new_observed,11363659.08,11363659.08,11293870.3430011,new_observed,20140666841.11,13436852.938864212,1,
3170438,União de Minas,2025,ok,partial,,,1343232.9727269115,imputed_temporal,10319514.13,10319514.13,10337055.92252031,new_observed,21654451288.89,11680288.895247221,1,
3170479,Uruana de Minas,2019,ok,ok,97739.07,97739.07,97739.07,new_observed,3640291.49,3640291.49,3736995.041047828,new_observed,12828054857.945,6680714.4060481,1,
3170479,Uruana de Minas,2020,ok,partial,,,132645.70824908768,imputed_temporal,3884141.6,3884141.6,3694696.716941581,new_observed,12945081975.46,6528906.304526165,1,
3170479,Uruana de Minas,2021,ok,ok,201258.44,201258.44,201258.44,new_observed,4096677.78,4096677.78,4027407.5628919816,new_observed,16790773533.8425,5744313.4650427615,1,
3170479,Uruana de Minas,2022,ok,ok,418248.9,418248.9,418248.9,new_observed,4098516.01,4098516.01,3469108.9474975266,new_observed,17457373501.01,4941236.751012359,1,
3170479,Uruana de Minas,2023,ok,ok,360962.31,360962.31,360962.31,new_observed,4406117.72,4406117.72,3819844.2556213066,new_observed,17975926235.1,5160807.298812333,1,
3170479,Uruana de Minas,2024,ok,ok,458261.29,458261.29,458261.29,new_observed,6742156.5,6742156.5,6700750.243135779,new_observed,20140666841.11,7679656.804387567,1,
3170479,Uruana de Minas,2025,ok,ok,304604.43,304604.43,304604.43,new_observed,7463063.14,7463063.14,7475749.348237968,new_observed,21654451288.89,7780353.778237968,1,
3170503,Urucânia,2019,ok,ok,432099.44,432099.44,432099.44,new_observed,7420828.56,7420828.56,7617961.255401031,new_observed,12828054857.945,14024481.20259165,1,
3170503,Urucânia,2020,ok,ok,352801.69,352801.69,352801.69,new_observed,8388703.89,8388703.89,7979553.763379295,new_observed,12945081975.46,14213823.067689307,2,
3170503,Urucânia,2021,ok,ok,555545.46,555545.46,555545.46,new_observed,9717289.91,9717289.91,9552981.458636452,new_observed,16790773533.8425,13731646.635312157,1,
3170503,Urucânia,2022,ok,ok,597485.1,597485.1,597485.1,new_observed,11743273.16,11743273.16,9939864.549233165,new_observed,17457373501.01,13394069.027778443,1,
3170503,Urucânia,2023,ok,ok,719926.92,719926.92,719926.92,new_observed,12003766.04,12003766.04,10406557.352198053,new_observed,17975926235.1,13734584.545063004,1,
3170503,Urucânia,2024,ok,ok,699681.61,699681.61,699681.61,new_observed,13168686.67,13168686.67,13087812.542734865,new_observed,20140666841.11,14790201.523690699,1,
3170503,Urucânia,2025,ok,ok,968195.15,968195.15,968195.15,new_observed,14473745.32,14473745.32,14498348.749405375,new_observed,21654451288.89,15466543.899405375,1,
3170529,Urucuia,2019,ok,ok,595535.19,595535.19,595535.19,new_observed,4900452.93,4900452.93,5030632.395401472,new_observed,12828054857.945,9801675.357450534,1,
3170529,Urucuia,2020,ok,ok,367878.59,367878.59,367878.59,new_observed,4504209.05,4504209.05,4284521.035343706,new_observed,12945081975.46,7936337.508021242,1,
3170529,Urucuia,2021,ok,ok,552156.67,552156.67,552156.67,new_observed,6095569.46,6095569.46,5992500.231086614,new_observed,16790773533.8425,8890406.746545121,1,
3170529,Urucuia,2022,ok,ok,783228.66,783228.66,783228.66,new_observed,6559337.07,6559337.07,5552022.942857605,new_observed,17457373501.01,8052764.699062059,1,
3170529,Urucuia,2023,ok,ok,632892.88,632892.88,632892.88,new_observed,6678750.99,6678750.99,5790083.294432864,new_observed,17975926235.1,7928552.015222156,1,
3170529,Urucuia,2024,ok,ok,1044285.61,1044285.61,1044285.61,new_observed,8464252.43,8464252.43,8412270.099082557,new_observed,20140666841.11,10144291.856660228,1,
3170529,Urucuia,2025,ok,ok,1869171.46,1869171.46,1869171.46,new_observed,9507594.87,9507594.87,9523756.508472089,new_observed,21654451288.89,11392927.96847209,1,
3170578,Vargem Alegre,2019,ok,ok,134515.61,134515.61,134515.61,new_observed,2264578.53,2264578.53,2324736.565717538,new_observed,12828054857.945,4284406.939998238,1,
3170578,Vargem Alegre,2020,ok,ok,197836.62,197836.62,197836.62,new_observed,2528769.36,2528769.36,2405431.3190575913,new_observed,12945081975.46,4440807.895268797,1,
3170578,Vargem Alegre,2021,ok,partial,,,158965.68151199652,imputed_temporal,3259781.6,3259781.6,3204662.356729488,new_observed,16790773533.8425,4569226.753366618,1,
3170578,Vargem Alegre,2022,ok,ok,100605.24,100605.24,100605.24,new_observed,3271229.45,3271229.45,2768868.3725093985,new_observed,17457373501.01,3647399.8603753853,1,
3170578,Vargem Alegre,2023,ok,ok,209170.27,209170.27,209170.27,new_observed,3171283.87,3171283.87,2749316.119897951,new_observed,17975926235.1,3651969.5218554796,1,
3170578,Vargem Alegre,2024,ok,ok,352003.92,352003.92,352003.92,new_observed,3149097.18,3149097.18,3129757.325351792,new_observed,20140666841.11,3734975.326601654,1,
3170578,Vargem Alegre,2025,ok,ok,271031.44,271031.44,271031.44,new_observed,3428272.89,3428272.89,3434100.494961027,new_observed,21654451288.89,3705131.934961027,1,
3170602,Vargem Bonita,2019,ok,ok,77035.48,77035.48,77035.48,new_observed,2853294.85,2853294.85,2929092.0066121696,new_observed,12828054857.945,5237150.379831539,1,
3170602,Vargem Bonita,2020,ok,ok,97163.25,97163.25,97163.25,new_observed,3198719.19,3198719.19,3042705.0573313376,new_observed,12945081975.46,5356172.432388569,1,
3170602,Vargem Bonita,2021,ok,ok,155625.44,155625.44,155625.44,new_observed,3869354.6,3869354.6,3803928.162383052,new_observed,16790773533.8425,5378745.2256036075,1,
3170602,Vargem Bonita,2022,ok,ok,183749.72,183749.72,183749.72,new_observed,4054037.89,4054037.89,3431461.310234822,new_observed,17457373501.01,4595309.798083342,1,
3170602,Vargem Bonita,2023,ok,ok,225359.48,225359.48,225359.48,new_observed,4623238.94,4623238.94,4008075.5507648443,new_observed,17975926235.1,5225772.123846685,1,
3170602,Vargem Bonita,2024,ok,ok,269079.15,269079.15,269079.15,new_observed,5297142.34,5297142.34,5264610.488154618,new_observed,20140666841.11,5936131.97664576,1,
3170602,Vargem Bonita,2025,ok,ok,332272.62,332272.62,332272.62,new_observed,6059719.15,6059719.15,6070019.861324347,new_observed,21654451288.89,6402292.481324347,1,
3170651,Vargem Grande do Rio Pardo,2019,ok,ok,81610.31,81610.31,81610.31,new_observed,2191026.09,2191026.09,2249230.2211591336,new_observed,12828054857.945,4060693.5093240985,1,
3170651,Vargem Grande do Rio Pardo,2020,ok,ok,118953.54,118953.54,118953.54,new_observed,2479369.0,2479369.0,2358440.4091721918,new_observed,12945081975.46,4226084.623912248,1,
3170651,Vargem Grande do Rio Pardo,2021,ok,ok,162162.47,162162.47,162162.47,new_observed,3330703.53,3330703.53,3274385.0766005376,new_observed,16790773533.8425,4668282.226994648,1,
3170651,Vargem Grande do Rio Pardo,2022,ok,ok,322871.01,322871.01,322871.01,new_observed,3817219.47,3817219.47,3231010.9770533186,new_observed,17457373501.01,4517354.195856511,1,
3170651,Vargem Grande do Rio Pardo,2023,ok,ok,386863.87,386863.87,386863.87,new_observed,4016964.56,4016964.56,3482471.412395757,new_observed,17975926235.1,4776325.681064496,1,
3170651,Vargem Grande do Rio Pardo,2024,ok,ok,434778.16,434778.16,434778.16,new_observed,4354304.78,4354304.78,4327563.26752016,new_observed,20140666841.11,5108686.803952149,1,
3170651,Vargem Grande do Rio Pardo,2025,ok,ok,407448.41,407448.41,407448.41,new_observed,4600096.1,4600096.1,4607915.64754295,new_observed,21654451288.89,5015364.05754295,1,
3170701,Varginha,2019,ok,ok,40860260.99,40860260.99,40860260.99,new_observed,95288033.39,95288033.39,97819339.2556127,new_observed,12828054857.945,241601836.3611394,1,
3170701,Varginha,2020,ok,ok,43884706.16,43884706.16,43884706.16,new_observed,112623691.11,112623691.11,107130590.13964881,new_observed,12945081975.46,257610793.74588382,1,
3170701,Varginha,2021,ok,ok,54347413.67,54347413.67,54347413.67,new_observed,154896450.12,154896450.12,152277325.23264465,new_observed,16790773533.8425,280683617.2631451,1,
3170701,Varginha,2022,ok,ok,990662363.36,990662363.36,990662363.36,new_observed,2936967709.76,2936967709.76,2485939041.2481847,new_observed,17457373501.01,4419122525.632645,1,
3170701,Varginha,2023,ok,ok,990662363.36,990662363.36,990662363.36,new_observed,2936967709.76,2936967709.76,2546177825.469448,new_observed,17975926235.1,4365892172.897324,1,
3170701,Varginha,2024,ok,ok,90939230.82,90939230.82,90939230.82,new_observed,237625554.81,237625554.81,236166202.04060555,new_observed,20140666841.11,350894456.81054264,1,
3170701,Varginha,2025,ok,ok,98171147.0,98171147.0,98171147.0,new_observed,274439167.91,274439167.91,274905677.75554866,new_observed,21654451288.89,373076824.75554866,1,
3170750,Varjão de Minas,2019,ok,ok,257440.33,257440.33,257440.33,new_observed,6749087.33,6749087.33,6928375.365844322,new_observed,12828054857.945,12518829.480283353,1,
3170750,Varjão de Minas,2020,ok,ok,321602.1,321602.1,321602.1,new_observed,6501834.84,6501834.84,6184714.748155523,new_observed,12945081975.46,11098858.782422949,1,
3170750,Varjão de Minas,2021,ok,ok,260000.0,260000.0,260000.0,new_observed,7100000.0,7100000.0,6979946.979509106,new_observed,16790773533.8425,9834904.173596937,1,
3170750,Varjão de Minas,2022,ok,ok,630595.93,630595.93,630595.93,new_observed,6473706.01,6473706.01,5479542.202095609,new_observed,17457373501.01,7766622.028766555,1,
3170750,Varjão de Minas,2023,ok,ok,1122552.59,1122552.59,1122552.59,new_observed,6910781.58,6910781.58,5991240.134232396,new_observed,17975926235.1,8781299.215167286,1,
3170750,Varjão de Minas,2024,ok,ok,1056298.19,1056298.19,1056298.19,new_observed,12463610.9,12463610.9,12387066.922656683,new_observed,20140666841.11,14421045.403185586,1,
3170750,Varjão de Minas,2025,ok,ok,1672240.05,1672240.05,1672240.05,new_observed,14795607.1,14795607.1,14820757.651342886,new_observed,21654451288.89,16492997.701342886,1,
3170800,Várzea da Palma,2019,ok,ok,2346992.96,2346992.96,2346992.96,new_observed,14651255.08,14651255.08,15040462.482054368,new_observed,12828054857.945,30291702.290804088,1,
3170800,Várzea da Palma,2020,ok,ok,4189511.61,4189511.61,4189511.61,new_observed,15508042.98,15508042.98,14751654.647295797,new_observed,12945081975.46,32310957.85378444,1,
3170800,Várzea da Palma,2021,ok,ok,3368100.51,3368100.51,3368100.51,new_observed,19993038.27,19993038.27,19654978.462520633,new_observed,16790773533.8425,31275059.90261379,1,
3170800,Várzea da Palma,2022,ok,ok,4359182.96,4359182.96,4359182.96,new_observed,20507988.99,20507988.99,17358587.33424583,new_observed,17457373501.01,27605548.276718117,1,
3170800,Várzea da Palma,2023,ok,ok,5346717.0,5346717.0,5346717.0,new_observed,20470704.06,20470704.06,17746893.360832576,new_observed,17975926235.1,28506861.3042616,1,
3170800,Várzea da Palma,2024,ok,ok,5586364.68,5586364.68,5586364.68,new_observed,28425765.62,28425765.62,28251191.720265716,new_observed,20140666841.11,36298421.793340065,1,
3170800,Várzea da Palma,2025,ok,ok,7372100.19,7372100.19,7372100.19,new_observed,33022202.22,33022202.22,33078335.54300432,new_observed,21654451288.89,40450435.73300432,1,
3170909,Varzelândia,2019,ok,ok,418960.58,418960.58,418960.58,new_observed,4375608.97,4375608.97,4491846.069847113,new_observed,12828054857.945,8555403.264187679,1,
3170909,Varzelândia,2020,ok,ok,389566.75,389566.75,389566.75,new_observed,4730394.65,4730394.65,4499674.672826815,new_observed,12945081975.46,8340356.206370594,1,
3170909,Varzelândia,2021,ok,ok,357390.55,357390.55,357390.55,new_observed,5801051.71,5801051.71,5702962.445238118,new_observed,16790773533.8425,8232517.60476005,2,
3170909,Varzelândia,2022,ok,ok,517735.89,517735.89,517735.89,new_observed,6141613.7,6141613.7,5198449.142752864,new_observed,17457373501.01,7265866.603355765,1,
3170909,Varzelândia,2023,ok,ok,715761.81,715761.81,715761.81,new_observed,6012149.86,6012149.86,5212179.420992739,new_observed,17975926235.1,7317478.551484117,1,
3170909,Varzelândia,2024,ok,ok,800061.86,800061.86,800061.86,new_observed,9298160.2,9298160.2,9241056.510756673,new_observed,20140666841.11,10771367.340690097,1,
3170909,Varzelândia,2025,ok,ok,684843.05,684843.05,684843.05,new_observed,10046528.24,10046528.24,10063605.993052652,new_observed,21654451288.89,10748449.043052653,1,
3171006,Vazante,2019,ok,ok,8088084.3,8088084.3,8088084.3,new_observed,15327244.25,15327244.25,15734409.157212526,new_observed,12828054857.945,41502558.09628971,1,
3171006,Vazante,2020,ok,ok,6266315.44,6266315.44,6266315.44,new_observed,17136296.6,17136296.6,16300491.925566562,new_observed,12945081975.46,38495790.16299674,1,
3171006,Vazante,2021,ok,ok,8623831.29,8623831.29,8623831.29,new_observed,22386019.18,22386019.18,22007496.754742805,new_observed,16790773533.8425,41610273.78828735,1,
3171006,Vazante,2022,ok,ok,11052772.24,11052772.24,11052772.24,new_observed,21960560.43,21960560.43,18588088.101618305,new_observed,17457373501.01,37676621.03603707,1,
3171006,Vazante,2023,ok,ok,11130668.24,11130668.24,11130668.24,new_observed,21175686.79,21175686.79,18358071.818293925,new_observed,17975926235.1,36401039.497269034,5,
3171006,Vazante,2024,ok,ok,11279697.75,11279697.75,11279697.75,new_observed,25391418.93,25391418.93,25235480.156647198,new_observed,20140666841.11,39170775.62680986,1,
3171006,Vazante,2025,ok,ok,11388884.3,11388884.3,11388884.3,new_observed,29861487.16,29861487.16,29912247.690535612,new_observed,21654451288.89,41301131.99053562,1,
3171030,Verdelândia,2019,ok,ok,314473.68,314473.68,314473.68,new_observed,4190388.99,4190388.99,4301705.761395338,new_observed,12828054857.945,8042115.985612925,1,
3171030,Verdelândia,2020,ok,ok,384748.74,384748.74,384748.74,new_observed,4291312.62,4291312.62,4082008.402701893,new_observed,12945081975.46,7619657.618777301,1,
3171030,Verdelândia,2021,ok,ok,517465.75,517465.75,517465.75,new_observed,5596837.47,5596837.47,5502201.238525337,new_observed,16790773533.8425,8177248.832991551,1,
3171030,Verdelândia,2022,ok,ok,520832.35,520832.35,520832.35,new_observed,6829987.43,6829987.43,5781109.661862376,new_observed,17457373501.01,8010424.739211752,2,
3171030,Verdelândia,2023,ok,ok,509231.09,509231.09,509231.09,new_observed,7362664.52,7362664.52,6382995.9978438355,new_observed,17975926235.1,8507797.550956674,3,
3171030,Verdelândia,2024,ok,ok,557135.48,557135.48,557135.48,new_observed,7599122.9,7599122.9,7552453.672618497,new_observed,20140666841.11,8699365.99884411,1,
3171030,Verdelândia,2025,ok,ok,1130732.34,1130732.34,1130732.34,new_observed,7669867.78,7669867.78,7682905.528440484,new_observed,21654451288.89,8813637.868440485,1,
3171071,Veredinha,2019,ok,ok,511209.91,511209.91,511209.91,new_observed,3277655.48,3277655.48,3364725.684377335,new_observed,12828054857.945,6752493.918071368,1,
3171071,Veredinha,2020,ok,ok,497430.64,497430.64,497430.64,new_observed,3540370.02,3540370.02,3367692.2308013695,new_observed,12945081975.46,6593354.415547542,1,
3171071,Veredinha,2021,ok,ok,560442.12,560442.12,560442.12,new_observed,4089154.07,4089154.07,4020011.0703723757,new_observed,16790773533.8425,6222188.964429836,1,
3171071,Veredinha,2022,ok,ok,564104.26,564104.26,564104.26,new_observed,4519372.73,4519372.73,3825334.910603247,new_observed,17457373501.01,5579434.412008238,1,
3171071,Veredinha,2023,ok,ok,1104467.35,1104467.35,1104467.35,new_observed,4576191.58,4576191.58,3967288.263801901,new_observed,17975926235.1,6260598.996550687,1,
3171071,Veredinha,2024,ok,ok,1012764.78,1012764.78,1012764.78,new_observed,5053340.89,5053340.89,5022306.319545604,new_observed,20140666841.11,6473976.836057308,1,
3171071,Veredinha,2025,ok,ok,1289000.44,1289000.44,1289000.44,new_observed,5591708.18,5591708.18,5601213.335329213,new_observed,21654451288.89,6890213.775329214,1,
3171105,Veríssimo,2019,ok,ok,282703.34,282703.34,282703.34,new_observed,5651654.57,5651654.57,5801789.543453647,new_observed,12828054857.945,10600150.64483279,1,
3171105,Veríssimo,2020,ok,ok,476023.81,476023.81,476023.81,new_observed,5615111.41,5615111.41,5341240.312090633,new_observed,12945081975.46,9923432.027360164,1,
3171105,Veríssimo,2021,ok,ok,334129.1,334129.1,334129.1,new_observed,7282650.64,7282650.64,7159509.202463106,new_observed,16790773533.8425,10179524.08006686,3,
3171105,Veríssimo,2022,ok,ok,892201.18,892201.18,892201.18,new_observed,8602432.22,8602432.22,7281360.988179478,new_observed,17457373501.01,10389448.915306835,1,
3171105,Veríssimo,2023,ok,ok,1236802.85,1236802.85,1236802.85,new_observed,8166964.09,8166964.09,7080276.2993477145,new_observed,17975926235.1,10266641.64080378,1,
3171105,Veríssimo,2024,ok,ok,1373885.85,1373885.85,1373885.85,new_observed,7671808.28,7671808.28,7624692.66287442,new_observed,20140666841.11,9653007.874949196,1,
3171105,Veríssimo,2025,ok,ok,1546772.91,1546772.91,1546772.91,new_observed,9971048.87,9971048.87,9987998.318228275,new_observed,21654451288.89,11534771.228228275,5,
3171154,Vermelho Novo,2019,ok,ok,79485.4,79485.4,79485.4,new_observed,2388684.38,2388684.38,2452139.260608607,new_observed,12828054857.945,4410491.275551075,1,
3171154,Vermelho Novo,2020,ok,ok,117937.12,117937.12,117937.12,new_observed,2504384.52,2504384.52,2382235.8237411627,new_observed,12945081975.46,4264942.375513795,1,
3171154,Vermelho Novo,2021,ok,ok,149365.59,149365.59,149365.59,new_observed,3262783.92,3262783.92,3207613.9108725186,new_observed,16790773533.8425,4560195.233093968,2,
3171154,Vermelho Novo,2022,ok,ok,241202.89,241202.89,241202.89,new_observed,3732342.05,3732342.05,3159168.1401718524,new_observed,17457373501.01,4322225.77918294,1,
3171154,Vermelho Novo,2023,ok,ok,277782.59,277782.59,277782.59,new_observed,3643275.91,3643275.91,3158505.3874722603,new_observed,17975926235.1,4241770.050015329,1,
3171154,Vermelho Novo,2024,ok,ok,309080.65,309080.65,309080.65,new_observed,3626796.22,3626796.22,3604522.6261017416,new_observed,20140666841.11,4198223.440467557,1,
3171154,Vermelho Novo,2025,ok,ok,377136.61,377136.61,377136.61,new_observed,4034409.13,4034409.13,4041267.085423963,new_observed,21654451288.89,4418403.6954239635,1,
3171204,Vespasiano,2019,ok,ok,25561846.96,25561846.96,25561846.96,new_observed,46066162.83,46066162.83,47289900.41833484,new_observed,12828054857.945,126919286.74116835,1,
3171204,Vespasiano,2020,ok,ok,28447491.4,28447491.4,28447491.4,new_observed,46501449.88,46501449.88,44233391.02896236,new_observed,12945081975.46,123983333.28780676,1,
3171204,Vespasiano,2021,ok,ok,41571243.91,41571243.91,41571243.91,new_observed,53851446.5,53851446.5,52940879.0619537,new_observed,16790773533.8425,128387359.09298038,1,
3171204,Vespasiano,2022,ok,ok,43987488.99,43987488.99,43987488.99,new_observed,55055794.24,55055794.24,46600903.33758799,new_observed,17457373501.01,115147282.7932105,1,
3171204,Vespasiano,2023,ok,ok,48740092.99,48740092.99,48740092.99,new_observed,56194615.29,56194615.29,48717417.92962258,new_observed,17975926235.1,120302010.09869644,1,
3171204,Vespasiano,2024,ok,ok,56419097.63,56419097.63,56419097.63,new_observed,62138669.45,62138669.45,61757051.23801581,new_observed,20140666841.11,126770610.9383862,1,
3171204,Vespasiano,2025,ok,ok,59298842.24,59298842.24,59298842.24,new_observed,70544058.3,70544058.3,70663973.75519006,new_observed,21654451288.89,129962815.99519005,1,
3171303,Viçosa,2019,ok,ok,12596363.53,12596363.53,12596363.53,new_observed,22475777.24,22475777.24,23072841.370067216,new_observed,12828054857.945,62141406.45152763,1,
3171303,Viçosa,2020,ok,ok,13194447.66,13194447.66,13194447.66,new_observed,22552821.88,22552821.88,21452831.935324978,new_observed,12945081975.46,59103371.753659815,3,
3171303,Viçosa,2021,ok,ok,15242488.08,15242488.08,15242488.08,new_observed,28821272.97,28821272.97,28333937.63557168,new_observed,16790773533.8425,59195180.89752245,1,
3171303,Viçosa,2022,ok,ok,21005762.63,21005762.63,21005762.63,new_observed,28089140.09,28089140.09,23775504.835402727,new_observed,17457373501.01,56921655.591703996,3,
3171303,Viçosa,2023,ok,ok,23655758.38,23655758.38,23655758.38,new_observed,26949240.19,26949240.19,23363402.17735498,new_observed,17975926235.1,58040673.056675,1,
3171303,Viçosa,2024,ok,ok,27603794.67,27603794.67,27603794.67,new_observed,37545615.76,37545615.76,37315033.24381487,new_observed,20140666841.11,69640105.51088159,3,
3171303,Viçosa,2025,ok,ok,35177577.81,35177577.81,35177577.81,new_observed,41552306.45,41552306.45,41622939.80824767,new_observed,21654451288.89,76800517.61824767,5,
3171402,Vieiras,2019,ok,ok,71735.31,71735.31,71735.31,new_observed,2276913.84,2276913.84,2337399.560542655,new_observed,12828054857.945,4197094.653675822,1,
3171402,Vieiras,2020,ok,ok,53533.96,53533.96,53533.96,new_observed,2425246.13,2425246.13,2306957.3246985315,new_observed,12945081975.46,4026665.168241264,1,
3171402,Vieiras,2021,ok,ok,120680.35,120680.35,120680.35,new_observed,3124315.46,3124315.46,3071486.7969099446,new_observed,16790773533.8425,4336310.484706382,1,
3171402,Vieiras,2022,ok,ok,65252.11,65252.11,65252.11,new_observed,3721925.14,3721925.14,3150350.949852697,new_observed,17457373501.01,4087366.442541549,1,
3171402,Vieiras,2023,ok,ok,242869.21,242869.21,242869.21,new_observed,3899835.3,3899835.3,3380927.250526161,new_observed,17975926235.1,4473231.403882102,1,
3171402,Vieiras,2024,ok,ok,222755.04,222755.04,222755.04,new_observed,5632206.91,5632206.91,5597617.2937506735,new_observed,20140666841.11,6243663.917856373,1,
3171402,Vieiras,2025,ok,ok,258101.8,258101.8,258101.8,new_observed,5156005.4,5156005.4,5164769.9189319,new_observed,21654451288.89,5422871.718931899,1,
3171501,Mathias Lobato,2019,ok,ok,129416.8,129416.8,129416.8,new_observed,1935564.1,1935564.1,1986981.9390013195,new_observed,12828054857.945,3687101.9307058817,1,
3171501,Mathias Lobato,2020,ok,ok,94887.67,94887.67,94887.67,new_observed,2091235.91,2091235.91,1989238.0985871733,new_observed,12945081975.46,3555224.581003192,1,
3171501,Mathias Lobato,2021,ok,ok,156416.88,156416.88,156416.88,new_observed,2639209.56,2639209.56,2594583.492480783,new_observed,16790773533.8425,3737019.7767266603,1,
3171501,Mathias Lobato,2022,ok,ok,256490.03,256490.03,256490.03,new_observed,2861154.09,2861154.09,2421768.0813178383,new_observed,17457373501.01,3404345.040387762,1,
3171501,Mathias Lobato,2023,ok,ok,434649.03,434649.03,434649.03,new_observed,3101481.83,3101481.83,2688801.867109297,new_observed,17975926235.1,3855602.4858538453,1,
3171501,Mathias Lobato,2024,ok,ok,615161.07,615161.07,615161.07,new_observed,3361708.91,3361708.91,3341063.3224005136,new_observed,20140666841.11,4243944.21410781,2,
3171501,Mathias Lobato,2025,ok,ok,1459558.52,1459558.52,1459558.52,new_observed,4716800.16,4716800.16,4724818.088821468,new_observed,21654451288.89,6184376.608821468,1,
3171600,Virgem da Lapa,2019,ok,ok,794111.97,794111.97,794111.97,new_observed,3363671.84,3363671.84,3453027.050257512,new_observed,12828054857.945,7399189.100328602,2,
3171600,Virgem da Lapa,2020,ok,ok,608978.32,608978.32,608978.32,new_observed,3590606.31,3590606.31,3415478.2990884595,new_observed,12945081975.46,6865155.315009403,2,
3171600,Virgem da Lapa,2021,ok,ok,421980.16,421980.16,421980.16,new_observed,4626536.49,4626536.49,4548306.957600587,new_observed,16790773533.8425,6751747.996941754,3,
3171600,Virgem da Lapa,2022,ok,ok,390836.28,390836.28,390836.28,new_observed,4801586.32,4801586.32,4064209.100135667,new_observed,17457373501.01,5662826.73819835,1,
3171600,Virgem da Lapa,2023,ok,ok,461140.08,461140.08,461140.08,new_observed,4997313.86,4997313.86,4332376.449001852,new_observed,17975926235.1,5917139.360924717,1,
3171600,Virgem da Lapa,2024,ok,ok,718314.09,718314.09,718314.09,new_observed,5721622.7,5721622.7,5686483.945923859,new_observed,20140666841.11,6870592.481887806,1,
3171600,Virgem da Lapa,2025,ok,ok,1014202.78,1014202.78,1014202.78,new_observed,6653311.18,6653311.18,6664620.918309608,new_observed,21654451288.89,7678823.698309608,1,
3171709,Virgínia,2019,ok,ok,589070.17,589070.17,589070.17,new_observed,3278005.74,3278005.74,3365085.248957994,new_observed,12828054857.945,6888765.245830198,1,
3171709,Virgínia,2020,ok,ok,680150.87,680150.87,680150.87,new_observed,3615439.11,3615439.11,3439099.9056314505,new_observed,12945081975.46,7026860.774707054,1,
3171709,Virgínia,2021,ok,partial,,,1305352.924695999,imputed_temporal,4466122.02,4466122.02,4390604.91600255,new_observed,16790773533.8425,7737515.1639462225,1,
3171709,Virgínia,2022,ok,ok,2441267.07,2441267.07,2441267.07,new_observed,4755044.54,4755044.54,4024814.718111412,new_observed,17457373501.01,8219063.492453056,1,
3171709,Virgínia,2023,ok,ok,3668308.68,3668308.68,3668308.68,new_observed,5085225.62,5085225.62,4408590.76118722,new_observed,17975926235.1,9970162.678803038,1,
3171709,Virgínia,2024,ok,ok,4840940.07,4840940.07,4840940.07,new_observed,5055207.77,5055207.77,5024161.734295159,new_observed,20140666841.11,10582549.818039872,1,
3171709,Virgínia,2025,ok,ok,5054119.98,5054119.98,5054119.98,new_observed,5249729.65,5249729.65,5258653.487609786,new_observed,21654451288.89,10312773.467609785,1,
3171808,Virginópolis,2019,ok,ok,547167.79,547167.79,547167.79,new_observed,4174687.69,4174687.69,4285587.359778546,new_observed,12828054857.945,8419425.184398657,1,
3171808,Virginópolis,2020,ok,ok,518868.42,518868.42,518868.42,new_observed,4506444.62,4506444.62,4286647.567790281,new_observed,12945081975.46,8197532.42424402,1,
3171808,Virginópolis,2021,ok,ok,561008.81,561008.81,561008.81,new_observed,5451102.47,5451102.47,5358930.453587483,new_observed,16790773533.8425,8041776.484783673,1,
3171808,Virginópolis,2022,ok,ok,816768.75,816768.75,816768.75,new_observed,5794758.92,5794758.92,4904860.678575978,new_observed,17457373501.01,7272786.997562733,1,
3171808,Virginópolis,2023,ok,ok,1581560.88,1581560.88,1581560.88,new_observed,6583381.01,6583381.01,5707403.14528294,new_observed,17975926235.1,8997531.493512303,1,
3171808,Virginópolis,2024,ok,ok,2914003.1,2914003.1,2914003.1,new_observed,5757704.41,5757704.41,5722344.0638335,new_observed,20140666841.11,9264432.939492134,1,
3171808,Virginópolis,2025,ok,ok,1947997.12,1947997.12,1947997.12,new_observed,6257520.36,6257520.36,6268157.306901175,new_observed,21654451288.89,8216154.426901175,1,
3171907,Virgolândia,2019,ok,ok,217585.62,217585.62,217585.62,new_observed,2252824.48,2252824.48,2312670.271937798,new_observed,12828054857.945,4408106.663655488,1,
3171907,Virgolândia,2020,ok,ok,158721.22,158721.22,158721.22,new_observed,2454442.15,2454442.15,2334729.339818104,new_observed,12945081975.46,4253474.936779328,1,
3171907,Virgolândia,2021,ok,ok,143222.5,143222.5,143222.5,new_observed,2955807.97,2955807.97,2905828.57918457,new_observed,16790773533.8425,4141898.4516121144,1,
3171907,Virgolândia,2022,ok,ok,250850.96,250850.96,250850.96,new_observed,3062175.45,3062175.45,2591918.6911758007,new_observed,17457373501.01,3613456.343900788,1,
3171907,Virgolândia,2023,ok,ok,260496.34,260496.34,260496.34,new_observed,3010156.09,3010156.09,2609627.8355699475,new_observed,17975926235.1,3542894.7886704938,1,
3171907,Virgolândia,2024,ok,ok,289014.67,289014.67,289014.67,new_observed,3227859.77,3227859.77,3208036.203051012,new_observed,20140666841.11,3751376.905625991,1,
3171907,Virgolândia,2025,ok,ok,284191.95,284191.95,284191.95,new_observed,3476493.16,3476493.16,3482402.732964652,new_observed,21654451288.89,3766594.6829646523,1,
3172004,Visconde do Rio Branco,2019,ok,ok,2812660.52,2812660.52,2812660.52,new_observed,23592095.55,23592095.55,24218814.432982817,new_observed,12828054857.945,47093112.30075747,1,
3172004,Visconde do Rio Branco,2020,ok,ok,2797423.83,2797423.83,2797423.83,new_observed,22063586.86,22063586.86,20987458.834043898,new_observed,12945081975.46,40573654.8043399,1,
3172004,Visconde do Rio Branco,2021,ok,ok,3896694.73,3896694.73,3896694.73,new_observed,27362438.51,27362438.51,26899770.426743403,new_observed,16790773533.8425,41834599.695179634,1,
3172004,Visconde do Rio Branco,2022,ok,ok,5428926.03,5428926.03,5428926.03,new_observed,27236429.47,27236429.47,23053744.560647044,new_observed,17457373501.01,36204441.219653785,1,
3172004,Visconde do Rio Branco,2023,ok,ok,6235561.86,6235561.86,6235561.86,new_observed,24044207.82,24044207.82,20844910.408383712,new_observed,17975926235.1,33428262.404479463,1,
3172004,Visconde do Rio Branco,2024,ok,ok,6815673.57,6815673.57,6815673.57,new_observed,22622924.31,22622924.31,22483987.96003546,new_observed,20140666841.11,31430504.615604423,1,
3172004,Visconde do Rio Branco,2025,ok,ok,7607171.97,7607171.97,7607171.97,new_observed,23847376.99,23847376.99,23887914.33837147,new_observed,21654451288.89,31495086.30837147,1,
3172103,Volta Grande,2019,ok,ok,390471.81,390471.81,390471.81,new_observed,4679849.67,4679849.67,4804168.857818392,new_observed,12828054857.945,9049887.094846046,1,
3172103,Volta Grande,2020,ok,ok,364914.6,364914.6,364914.6,new_observed,4699574.34,4699574.34,4470357.590727614,new_observed,12945081975.46,8248292.30913899,1,
3172103,Volta Grande,2021,ok,ok,514150.3,514150.3,514150.3,new_observed,5806692.02,5806692.02,5708507.3839350175,new_observed,16790773533.8425,8452995.885164214,1,
3172103,Volta Grande,2022,ok,ok,427297.52,427297.52,427297.52,new_observed,5937030.36,5937030.36,5025283.564389557,new_observed,17457373501.01,6930798.526666289,1,
3172103,Volta Grande,2023,ok,ok,510475.84,510475.84,510475.84,new_observed,6438363.48,6438363.48,5581681.4977608025,new_observed,17975926235.1,7520187.686453443,1,
3172103,Volta Grande,2024,ok,ok,640243.64,640243.64,640243.64,new_observed,7793014.55,7793014.55,7745154.557102489,new_observed,20140666841.11,8995233.493313048,1,
3172103,Volta Grande,2025,ok,ok,1016533.27,1016533.27,1016533.27,new_observed,7385198.15,7385198.15,7397751.998178963,new_observed,21654451288.89,8414285.268178962,1,
3172202,Wenceslau Braz,2019,ok,ok,107734.27,107734.27,107734.27,new_observed,1564474.4,1564474.4,1606034.321896095,new_observed,12828054857.945,2985656.4207484405,1,
3172202,Wenceslau Braz,2020,ok,ok,180923.77,180923.77,180923.77,new_observed,1759620.9,1759620.9,1673797.258650866,new_observed,12945081975.46,3163892.4537808085,1,
3172202,Wenceslau Braz,2021,ok,ok,370805.15,370805.15,370805.15,new_observed,2196006.91,2196006.91,2158874.9011881165,new_observed,16790773533.8425,3436373.3551791585,1,
3172202,Wenceslau Braz,2022,ok,ok,391377.94,391377.94,391377.94,new_observed,2385530.88,2385530.88,2019186.0908064742,new_observed,17457373501.01,3064077.979689267,1,
3172202,Wenceslau Braz,2023,ok,ok,249975.41,249975.41,249975.41,new_observed,2447314.41,2447314.41,2121677.2870829585,new_observed,17975926235.1,2927579.24989882,1,
3172202,Wenceslau Braz,2024,ok,ok,324796.88,324796.88,324796.88,new_observed,3003010.53,3003010.53,2984567.8514043395,new_observed,20140666841.11,3550041.1278982004,1,
3172202,Wenceslau Braz,2025,ok,ok,240442.02,240442.02,240442.02,new_observed,3430996.77,3430996.77,3436829.005192374,new_observed,21654451288.89,3677271.025192374,1,
