codigo_ibge,municipio,ano,request_status,data_status,new_iss,legacy_iss,adjusted_iss,iss_source,new_cota_raw,legacy_cota_raw,adjusted_cota,cota_source,cota_target_pr,total_real_2025,api_attempts,api_error
2500106,Água Branca,2019,ok,ok,243248.68,243248.68,243248.68,new_observed,1861309.81,1861309.81,1864820.1525660374,new_observed,1432075762.41,3673379.480007872,1,
2500106,Água Branca,2020,ok,ok,278147.46,278147.46,278147.46,new_observed,1944360.94,1944360.94,1978883.1322775565,new_observed,1484614330.88,3850233.6517165727,1,
2500106,Água Branca,2021,ok,ok,292073.95,292073.95,292073.95,new_observed,2483259.03,2483259.03,2699996.0842846143,new_observed,1825911222.18,4064355.3657402624,1,
2500106,Água Branca,2022,ok,ok,320258.04,320258.04,320258.04,new_observed,2509630.32,2509630.32,2519701.381868715,new_observed,1872532230.78,3609183.4664771515,1,
2500106,Água Branca,2023,ok,ok,480025.05,480025.05,480025.05,new_observed,2637997.16,2637997.16,2612050.0343815056,new_observed,1987009964.89,3816189.2646636595,1,
2500106,Água Branca,2024,ok,ok,484660.11,484660.11,484660.11,new_observed,3854016.23,3854016.23,3849245.121652298,new_observed,2396385537.79,4648164.936015698,1,
2500106,Água Branca,2025,ok,ok,653260.14,653260.14,653260.14,new_observed,3921032.75,3921032.75,3934669.442863389,new_observed,2604121793.38,4587929.582863389,1,
2500205,Aguiar,2019,ok,ok,271135.51,271135.51,271135.51,new_observed,1690875.88,1690875.88,1694064.7922077156,new_observed,1432075762.41,3424426.3530275174,1,
2500205,Aguiar,2020,ok,ok,246536.44,246536.44,246536.44,new_observed,1754626.25,1754626.25,1785779.696632058,new_observed,1484614330.88,3466896.7301374995,1,
2500205,Aguiar,2021,ok,ok,135475.42,135475.42,135475.42,new_observed,2299737.39,2299737.39,2500456.808117565,new_observed,1825911222.18,3580586.4075099463,1,
2500205,Aguiar,2022,ok,ok,194361.03,194361.03,194361.03,new_observed,2389720.64,2389720.64,2399310.5083653084,new_observed,1872532230.78,3296186.6855058074,1,
2500205,Aguiar,2023,ok,ok,370236.5,370236.5,370236.5,new_observed,2853573.1,2853573.1,2825505.5869601993,new_observed,1987009964.89,3944133.40946757,1,
2500205,Aguiar,2024,ok,ok,600197.8,600197.8,600197.8,new_observed,3741867.32,3741867.32,3737235.047238024,new_observed,2396385537.79,4651948.345711314,1,
2500205,Aguiar,2025,ok,ok,1585209.42,1585209.42,1585209.42,new_observed,3755011.07,3755011.07,3768070.367365015,new_observed,2604121793.38,5353279.787365016,1,
2500304,Alagoa Grande,2019,ok,ok,433799.27,433799.27,433799.27,new_observed,3593937.58,3593937.58,3600715.576870255,new_observed,1432075762.41,7030275.207968588,1,
2500304,Alagoa Grande,2020,ok,ok,478502.1,478502.1,478502.1,new_observed,3635480.74,3635480.74,3700028.8198064347,new_observed,1484614330.88,7128091.403467556,1,
2500304,Alagoa Grande,2021,ok,ok,439770.29,439770.29,439770.29,new_observed,4354210.17,4354210.17,4734242.488248294,new_observed,1825911222.18,7028253.468909877,1,
2500304,Alagoa Grande,2022,ok,ok,966508.55,966508.55,966508.55,new_observed,4450486.09,4450486.09,4468345.740642986,new_observed,1872532230.78,6906924.8304942325,1,
2500304,Alagoa Grande,2023,ok,ok,567567.67,567567.67,567567.67,new_observed,5048027.65,5048027.65,4998375.660397334,new_observed,1987009964.89,6869397.60695924,1,
2500304,Alagoa Grande,2024,ok,ok,839987.15,839987.15,839987.15,new_observed,7304780.35,7304780.35,7295737.342283862,new_observed,2396385537.79,8725661.336092616,1,
2500304,Alagoa Grande,2025,ok,ok,1223289.63,1223289.63,1223289.63,new_observed,6650406.99,6650406.99,6673535.9877211135,new_observed,2604121793.38,7896825.617721113,1,
2500403,Alagoa Nova,2019,ok,ok,271240.63,271240.63,271240.63,new_observed,3646902.78,3646902.78,3653780.666740861,new_observed,1432075762.41,6839479.084983866,1,
2500403,Alagoa Nova,2020,ok,ok,284460.94,284460.94,284460.94,new_observed,4086230.6,4086230.6,4158781.758358301,new_observed,1484614330.88,7579659.140862587,1,
2500403,Alagoa Nova,2021,ok,ok,542259.62,542259.62,542259.62,new_observed,5339131.35,5339131.35,5805126.877352471,new_observed,1825911222.18,8622135.870262127,1,
2500403,Alagoa Nova,2022,ok,ok,498062.41,498062.41,498062.41,new_observed,5727456.21,5727456.21,5750440.2986849295,new_observed,1872532230.78,7940955.949146612,1,
2500403,Alagoa Nova,2023,ok,ok,849345.83,849345.83,849345.83,new_observed,6268304.29,6268304.29,6206649.758564652,new_observed,1987009964.89,8708396.10351204,1,
2500403,Alagoa Nova,2024,ok,ok,980694.31,980694.31,980694.31,new_observed,7770456.57,7770456.57,7760837.074908621,new_observed,2396385537.79,9375396.437757835,1,
2500403,Alagoa Nova,2025,ok,ok,988284.16,988284.16,988284.16,new_observed,6522775.16,6522775.16,6545460.275668534,new_observed,2604121793.38,7533744.435668535,1,
2500502,Alagoinha,2019,ok,ok,270876.79,270876.79,270876.79,new_observed,2113521.08,2113521.08,2117507.081132902,new_observed,1432075762.41,4161837.681515331,1,
2500502,Alagoinha,2020,ok,ok,240961.85,240961.85,240961.85,new_observed,2194735.94,2194735.94,2233703.548616507,new_observed,1484614330.88,4221493.508812918,2,
2500502,Alagoinha,2021,ok,ok,306235.41,306235.41,306235.41,new_observed,2595932.02,2595932.02,2822503.0914592305,new_observed,1825911222.18,4250002.496831383,1,
2500502,Alagoinha,2022,ok,ok,511336.59,511336.59,511336.59,new_observed,2717220.72,2717220.72,2728124.8351455624,new_observed,1872532230.78,4116893.546398833,1,
2500502,Alagoinha,2023,ok,ok,517914.53,517914.53,517914.53,new_observed,2945701.57,2945701.57,2916727.8888185592,new_observed,1987009964.89,4238980.351046552,1,
2500502,Alagoinha,2024,ok,ok,608680.78,608680.78,608680.78,new_observed,4439287.19,4439287.19,4433791.541070143,new_observed,2396385537.79,5408111.571625695,1,
2500502,Alagoinha,2025,ok,ok,1160421.05,1160421.05,1160421.05,new_observed,4100194.86,4100194.86,4114454.6485686786,new_observed,2604121793.38,5274875.698568678,1,
2500536,Alcantil,2019,ok,ok,164048.12,164048.12,164048.12,new_observed,1582042.62,1582042.62,1585026.2778093743,new_observed,1432075762.41,3047819.835227705,1,
2500536,Alcantil,2020,ok,ok,194438.41,194438.41,194438.41,new_observed,1634802.91,1634802.91,1663828.8892993624,new_observed,1484614330.88,3169989.504850728,1,
2500536,Alcantil,2021,ok,ok,122923.66,122923.66,122923.66,new_observed,2032285.8,2032285.8,2209662.236543735,new_observed,1825911222.18,3168528.107977362,1,
2500536,Alcantil,2022,ok,ok,243712.9,243712.9,243712.9,new_observed,2124201.14,2124201.14,2132725.4875630853,new_observed,1872532230.78,3020114.326792238,1,
2500536,Alcantil,2023,ok,ok,379403.22,379403.22,379403.22,new_observed,2284854.03,2284854.03,2262380.3915005806,new_observed,1987009964.89,3260446.781740902,1,
2500536,Alcantil,2024,ok,ok,420724.85,420724.85,420724.85,new_observed,3168139.88,3168139.88,3164217.8574328674,new_observed,2396385537.79,3844893.715860448,2,
2500536,Alcantil,2025,ok,ok,566420.06,566420.06,566420.06,new_observed,2298358.64,2298358.64,2306351.94504536,new_observed,2604121793.38,2872772.00504536,1,
2500577,Algodão de Jandaíra,2019,ok,ok,88707.54,88707.54,88707.54,new_observed,1408899.02,1408899.02,1411556.1371411572,new_observed,1432075762.41,2614258.946897477,3,
2500577,Algodão de Jandaíra,2020,ok,ok,94245.8,94245.8,94245.8,new_observed,1444591.23,1444591.23,1470239.9946807656,new_observed,1484614330.88,2668832.170428852,2,
2500577,Algodão de Jandaíra,2021,ok,ok,64176.46,64176.46,64176.46,new_observed,1764143.43,1764143.43,1918116.5941905095,new_observed,1825911222.18,2692698.8068296225,1,
2500577,Algodão de Jandaíra,2022,ok,ok,66915.32,66915.32,66915.32,new_observed,1802532.29,1802532.29,1809765.7913122359,new_observed,1872532230.78,2384994.0906343,1,
2500577,Algodão de Jandaíra,2023,ok,ok,140933.27,140933.27,140933.27,new_observed,1994575.81,1994575.81,1974957.3244752923,new_observed,1987009964.89,2611398.090759673,2,
2500577,Algodão de Jandaíra,2024,ok,ok,89015.23,89015.23,89015.23,new_observed,2641596.5,2641596.5,2638326.315766134,new_observed,2396385537.79,2925106.264203163,2,
2500577,Algodão de Jandaíra,2025,ok,ok,38164.9,38164.9,38164.9,new_observed,1673509.16,1673509.16,1679329.3435776527,new_observed,2604121793.38,1717494.2435776526,2,
2500601,Alhandra,2019,ok,ok,2062450.18,2062450.18,2062450.18,new_observed,27235426.34,27235426.34,27286791.07029467,new_observed,1432075762.41,51142021.02755852,1,
2500601,Alhandra,2020,ok,ok,3048151.3,3048151.3,3048151.3,new_observed,31589479.17,31589479.17,32150351.409006514,new_observed,1484614330.88,60044582.50762959,4,
2500601,Alhandra,2021,ok,ok,2581336.46,2581336.46,2581336.46,new_observed,47135571.18,47135571.18,51249529.78285102,new_observed,1825911222.18,73122543.10547537,1,
2500601,Alhandra,2022,ok,ok,3006858.88,3006858.88,3006858.88,new_observed,77871834.87,77871834.87,78184331.91809359,new_observed,1872532230.78,103182426.19792527,1,
2500601,Alhandra,2023,ok,ok,4485298.12,4485298.12,4485298.12,new_observed,98796438.41,98796438.41,97824684.67312936,new_observed,1987009964.89,126269332.84227182,1,
2500601,Alhandra,2024,ok,ok,5749038.73,5749038.73,5749038.73,new_observed,108816681.97,108816681.97,108681971.541,new_observed,2396385537.79,122728620.28681928,1,
2500601,Alhandra,2025,ok,ok,4974907.07,4974907.07,4974907.07,new_observed,122986108.78,122986108.78,123413833.79502219,new_observed,2604121793.38,128388740.86502218,1,
2500700,São João do Rio do Peixe,2019,ok,partial,,,655853.0129304576,imputed_temporal,3374687.92,3374687.92,3381052.4223461556,new_observed,1432075762.41,7034440.887125455,2,
2500700,São João do Rio do Peixe,2020,ok,ok,645986.79,645986.79,645986.79,new_observed,3492085.2,3492085.2,3554087.2872894155,new_observed,1484614330.88,7164841.543314576,1,
2500700,São João do Rio do Peixe,2021,ok,ok,1254452.5,1254452.5,1254452.5,new_observed,4220887.56,4220887.56,4589283.577156927,new_observed,1825911222.18,7937989.354865296,2,
2500700,São João do Rio do Peixe,2022,ok,ok,3110358.42,3110358.42,3110358.42,new_observed,4388945.48,4388945.48,4406558.170249733,new_observed,1872532230.78,9552929.125503292,3,
2500700,São João do Rio do Peixe,2023,ok,ok,2148830.76,2148830.76,2148830.76,new_observed,5062598.13,5062598.13,5012802.826340512,new_observed,1987009964.89,8838772.818841202,2,
2500700,São João do Rio do Peixe,2024,ok,ok,2134991.97,2134991.97,2134991.97,new_observed,6483559.97,6483559.97,6475533.598223228,new_observed,2396385537.79,9234891.14034528,1,
2500700,São João do Rio do Peixe,2025,ok,ok,2202014.24,2202014.24,2202014.24,new_observed,6208325.4,6208325.4,6229916.912255485,new_observed,2604121793.38,8431931.152255485,1,
2500734,Amparo,2019,ok,ok,48551.43,48551.43,48551.43,new_observed,1456390.58,1456390.58,1459137.2639847312,new_observed,1432075762.41,2627197.283677826,1,
2500734,Amparo,2020,ok,ok,39261.93,39261.93,39261.93,new_observed,1498692.35,1498692.35,1525301.6818412389,new_observed,1484614330.88,2668964.917521851,1,
2500734,Amparo,2021,ok,ok,45973.46,45973.46,45973.46,new_observed,1832597.35,1832597.35,1992545.1228784465,new_observed,1825911222.18,2769074.2013210277,1,
2500734,Amparo,2022,ok,ok,172632.58,172632.58,172632.58,new_observed,1872546.12,1872546.12,1880060.584451698,new_observed,1872532230.78,2608680.312064055,1,
2500734,Amparo,2023,ok,ok,280853.02,280853.02,280853.02,new_observed,2083440.12,2083440.12,2062947.5723460626,new_observed,1987009964.89,2892680.939153998,1,
2500734,Amparo,2024,ok,ok,187764.07,187764.07,187764.07,new_observed,2646982.0,2646982.0,2643705.148745947,new_observed,2396385537.79,3036784.4326316756,1,
2500734,Amparo,2025,ok,ok,317249.45,317249.45,317249.45,new_observed,4630655.58,4630655.58,4646760.221793822,new_observed,2604121793.38,4964009.671793822,1,
2500775,Aparecida,2019,ok,partial,,,85445.14070249672,imputed_temporal,1911314.75,1911314.75,1914919.3995258196,new_observed,1432075762.41,3485701.1977477223,1,
2500775,Aparecida,2020,ok,ok,84159.76,84159.76,84159.76,new_observed,2159349.11,2159349.11,2197688.4242889355,new_observed,1484614330.88,3892569.598887036,1,
2500775,Aparecida,2021,ok,ok,165243.21,165243.21,165243.21,new_observed,3158204.01,3158204.01,3433849.7745730407,new_observed,1825911222.18,4888920.618846756,1,
2500775,Aparecida,2022,ok,ok,286463.69,286463.69,286463.69,new_observed,3181211.83,3181211.83,3193977.9258277793,new_observed,1872532230.78,4423145.006635005,1,
2500775,Aparecida,2023,ok,ok,365280.19,365280.19,365280.19,new_observed,3232593.83,3232593.83,3200798.299871158,new_observed,1987009964.89,4401196.632880738,1,
2500775,Aparecida,2024,ok,ok,611532.98,611532.98,611532.98,new_observed,4303082.52,4303082.52,4297755.486664693,new_observed,2396385537.79,5265270.302838924,1,
2500775,Aparecida,2025,ok,ok,819439.02,819439.02,819439.02,new_observed,4635400.18,4635400.18,4651521.322715158,new_observed,2604121793.38,5470960.342715157,1,
2500809,Araçagi,2019,ok,ok,180373.86,180373.86,180373.86,new_observed,1989337.86,1989337.86,1993089.6574335438,new_observed,1432075762.41,3787331.875576224,1,
2500809,Araçagi,2020,ok,ok,186468.04,186468.04,186468.04,new_observed,1997726.03,1997726.03,2033195.721201233,new_observed,1484614330.88,3786490.1513137314,1,
2500809,Araçagi,2021,ok,ok,415630.9,415630.9,415630.9,new_observed,3146883.85,3146883.85,3421541.5991856847,new_observed,1825911222.18,5212322.057182438,5,
2500809,Araçagi,2022,ok,ok,459065.83,459065.83,459065.83,new_observed,3283907.28,3283907.28,3297085.489206527,new_observed,1872532230.78,4773532.725318366,1,
2500809,Araçagi,2023,ok,ok,348784.74,348784.74,348784.74,new_observed,3489319.0,3489319.0,3454998.3419686626,new_observed,1987009964.89,4694567.811706818,1,
2500809,Araçagi,2024,ok,ok,571597.21,571597.21,571597.21,new_observed,5056803.15,5056803.15,5050543.042547976,new_observed,2396385537.79,6029812.32639757,1,
2500809,Araçagi,2025,ok,ok,490862.15,490862.15,490862.15,new_observed,5418206.99,5418206.99,5437050.603227382,new_observed,2604121793.38,5927912.753227382,1,
2500908,Arara,2019,ok,ok,167995.84,167995.84,167995.84,new_observed,1651617.71,1651617.71,1654732.5831495882,new_observed,1432075762.41,3176164.4040221623,1,
2500908,Arara,2020,ok,ok,170656.17,170656.17,170656.17,new_observed,1727274.48,1727274.48,1757942.2950583894,new_observed,1484614330.88,3289966.355007911,1,
2500908,Arara,2021,ok,ok,243987.3,243987.3,243987.3,new_observed,2088813.64,2088813.64,2271123.7855844195,new_observed,1825911222.18,3416465.8978552087,2,
2500908,Arara,2022,ok,ok,428360.26,428360.26,428360.26,new_observed,2647430.31,2647430.31,2658054.358583029,new_observed,1872532230.78,3922392.878681843,3,
2500908,Arara,2023,ok,ok,586338.12,586338.12,586338.12,new_observed,3045255.39,3045255.39,3015302.5055379383,new_observed,1987009964.89,4445086.847916453,1,
2500908,Arara,2024,ok,ok,667689.47,667689.47,667689.47,new_observed,4106296.21,4106296.21,4101212.789755642,new_observed,2396385537.79,5114704.425281396,1,
2500908,Arara,2025,ok,absent_dca,,,772336.3533929567,imputed_temporal,,,4428138.558281886,imputed_temporal,2604121793.38,5200474.911674843,1,
2501005,Araruna,2019,ok,ok,337094.28,337094.28,337094.28,new_observed,2467401.43,2467401.43,2472054.8327923226,new_observed,1432075762.41,4895034.994968734,1,
2501005,Araruna,2020,ok,ok,238980.04,238980.04,238980.04,new_observed,2578069.18,2578069.18,2623842.8828685647,new_observed,1484614330.88,4883645.438501286,1,
2501005,Araruna,2021,ok,ok,284998.85,284998.85,284998.85,new_observed,3337888.11,3337888.11,3629216.573021048,new_observed,1825911222.18,5316975.2963428125,1,
2501005,Araruna,2022,ok,ok,1281341.19,1281341.19,1281341.19,new_observed,3585206.86,3585206.86,3599594.1742635616,new_observed,1872532230.78,6202972.860102378,1,
2501005,Araruna,2023,ok,ok,1163370.22,1163370.22,1163370.22,new_observed,3992102.17,3992102.17,3952836.1775806393,new_observed,1987009964.89,6314339.528451702,1,
2501005,Araruna,2024,ok,ok,918836.54,918836.54,918836.54,new_observed,5745969.61,5745969.61,5738856.343751013,new_observed,2396385537.79,7140454.846820575,1,
2501005,Araruna,2025,ok,ok,1316425.98,,1316425.98,new_observed,4694673.0,,4711000.283620634,new_observed,2604121793.38,6027426.263620634,1,
2501104,Areia,2019,ok,ok,857151.52,857151.52,857151.52,new_observed,3744653.67,3744653.67,3751715.910311767,new_observed,1432075762.41,8031103.530891705,1,
2501104,Areia,2020,ok,ok,782923.29,782923.29,782923.29,new_observed,3811638.46,3811638.46,3879314.2259041686,new_observed,1484614330.88,7953239.020086014,1,
2501104,Areia,2021,ok,ok,837434.87,837434.87,837434.87,new_observed,4520136.89,4520136.89,4914651.172507943,new_observed,1825911222.18,7813494.170652488,1,
2501104,Areia,2022,ok,ok,1392703.33,1392703.33,1392703.33,new_observed,4692497.12,4692497.12,4711327.952747625,new_observed,1872532230.78,7757353.367413878,1,
2501104,Areia,2023,ok,ok,1391518.68,1391518.68,1391518.68,new_observed,5183330.27,5183330.27,5132347.454825993,new_observed,1987009964.89,8051650.502790315,1,
2501104,Areia,2024,ok,ok,1843470.62,1843470.62,1843470.62,new_observed,7100641.45,7100641.45,7091851.157568842,new_observed,2396385537.79,9583238.940062977,1,
2501104,Areia,2025,ok,ok,1802476.72,1802476.72,1802476.72,new_observed,9221904.21,9221904.21,9253976.442839004,new_observed,2604121793.38,11056453.162839005,1,
2501153,Areia de Baraúnas,2019,ok,ok,75355.66,75355.66,75355.66,new_observed,1378346.15,1378346.15,1380945.645868492,new_observed,1432075762.41,2537653.0647598794,1,
2501153,Areia de Baraúnas,2020,ok,ok,706237.59,706237.59,706237.59,new_observed,1404720.83,1404720.83,1429661.6944207535,new_observed,1484614330.88,3643597.623218581,1,
2501153,Areia de Baraúnas,2021,ok,ok,945651.87,945651.87,945651.87,new_observed,1399663.59,1399663.59,1521825.217047835,new_observed,1825911222.18,3351761.029544825,1,
2501153,Areia de Baraúnas,2022,ok,ok,516056.23,516056.23,516056.23,new_observed,1694645.68,1694645.68,1701446.2359834132,new_observed,1872532230.78,2818129.433635839,1,
2501153,Areia de Baraúnas,2023,ok,ok,303483.51,303483.51,303483.51,new_observed,1947181.49,1947181.49,1928029.1711540476,new_observed,1987009964.89,2754097.0077976906,1,
2501153,Areia de Baraúnas,2024,ok,ok,357287.12,357287.12,357287.12,new_observed,4077321.49,4077321.49,4072273.9392279573,new_observed,2396385537.79,4750756.949430175,1,
2501153,Areia de Baraúnas,2025,ok,ok,709248.4,709248.4,709248.4,new_observed,3492029.24,3492029.24,3504173.9307618546,new_observed,2604121793.38,4213422.330761855,1,
2501203,Areial,2019,ok,ok,136285.97,136285.97,136285.97,new_observed,1737398.94,1737398.94,1740675.5925059416,new_observed,1432075762.41,3270667.438349337,1,
2501203,Areial,2020,ok,ok,131777.35,131777.35,131777.35,new_observed,1761340.2,1761340.2,1792612.8530345696,new_observed,1484614330.88,3282787.5457729856,1,
2501203,Areial,2021,ok,ok,57902.68,57902.68,57902.68,new_observed,2067107.82,2067107.82,2247523.4972946444,new_observed,1825911222.18,3131635.0040736515,1,
2501203,Areial,2022,ok,ok,139017.56,139017.56,139017.56,new_observed,2207312.09,2207312.09,2216169.9590035724,new_observed,1872532230.78,2993107.503081072,1,
2501203,Areial,2023,ok,ok,227726.75,227726.75,227726.75,new_observed,2487595.32,2487595.32,2463127.534653324,new_observed,1987009964.89,3321009.0161579154,2,
2501203,Areial,2024,ok,ok,491607.11,491607.11,491607.11,new_observed,3465970.27,3465970.27,3461679.546063925,new_observed,2396385537.79,4239946.984195922,1,
2501203,Areial,2025,ok,ok,376353.31,376353.31,376353.31,new_observed,5970722.78,5970722.78,5991487.950279004,new_observed,2604121793.38,6367841.2602790035,1,
2501302,Aroeiras,2019,ok,ok,264859.3,264859.3,264859.3,new_observed,2274649.69,2274649.69,2278939.5720963236,new_observed,1432075762.41,4432653.447397849,2,
2501302,Aroeiras,2020,ok,ok,206072.63,206072.63,206072.63,new_observed,2356212.65,2356212.65,2398047.2829000577,new_observed,1484614330.88,4442327.966691572,1,
2501302,Aroeiras,2021,ok,ok,195254.22,195254.22,195254.22,new_observed,2910804.74,2910804.74,3164857.6750034397,new_observed,1825911222.18,4564294.502956092,1,
2501302,Aroeiras,2022,ok,ok,335919.8,335919.8,335919.8,new_observed,3057962.08,3057962.08,3070233.578736063,new_observed,1872532230.78,4328735.250284074,1,
2501302,Aroeiras,2023,ok,ok,604920.0,604920.0,604920.0,new_observed,3441507.89,3441507.89,3407657.498159976,new_observed,1987009964.89,4952258.517089669,1,
2501302,Aroeiras,2024,ok,ok,732555.8,732555.8,732555.8,new_observed,5242774.12,5242774.12,5236283.788388437,new_observed,2396385537.79,6401651.489936264,1,
2501302,Aroeiras,2025,ok,ok,799179.71,799179.71,799179.71,new_observed,5923767.47,5923767.47,5944369.337602999,new_observed,2604121793.38,6743549.047602999,1,
2501351,Assunção,2019,ok,ok,101089.03,101089.03,101089.03,new_observed,1814065.06,1814065.06,1817486.3011944895,new_observed,1432075762.41,3343180.803010316,2,
2501351,Assunção,2020,ok,ok,222265.71,222265.71,222265.71,new_observed,1908530.29,1908530.29,1942416.307911325,new_observed,1484614330.88,3692697.644039283,1,
2501351,Assunção,2021,ok,ok,217275.74,217275.74,217275.74,new_observed,2309213.93,2309213.93,2510760.4536831127,new_observed,1825911222.18,3705698.200470299,1,
2501351,Assunção,2022,ok,ok,280682.67,280682.67,280682.67,new_observed,2358653.69,2358653.69,2368118.8877422973,new_observed,1872532230.78,3366249.0789716505,4,
2501351,Assunção,2023,ok,ok,1645237.41,1645237.41,1645237.41,new_observed,2836910.1,2836910.1,2809006.482873636,new_observed,1987009964.89,5497356.067463711,1,
2501351,Assunção,2024,ok,ok,686691.22,686691.22,686691.22,new_observed,3816945.65,3816945.65,3812220.4334553257,new_observed,2396385537.79,4825136.287036643,1,
2501351,Assunção,2025,ok,ok,344391.26,344391.26,344391.26,new_observed,3075512.02,3075512.02,3086208.133878263,new_observed,2604121793.38,3430599.3938782634,1,
2501401,Baía da Traição,2019,ok,ok,131137.7,131137.7,131137.7,new_observed,1871648.56,1871648.56,1875178.4009612051,new_observed,1432075762.41,3496071.98865003,1,
2501401,Baía da Traição,2020,ok,ok,296350.86,296350.86,296350.86,new_observed,2062846.48,2062846.48,2099472.3869273635,new_observed,1484614330.88,4086997.899118518,1,
2501401,Baía da Traição,2021,ok,ok,507700.57,507700.57,507700.57,new_observed,2940016.81,2940016.81,3196619.353370858,new_observed,1825911222.18,5031858.340364891,1,
2501401,Baía da Traição,2022,ok,ok,526406.21,526406.21,526406.21,new_observed,2986413.91,2986413.91,2998398.2883419073,new_observed,1872532230.78,4479523.904467954,1,
2501401,Baía da Traição,2023,ok,ok,355560.49,355560.49,355560.49,new_observed,2952071.49,2952071.49,2923035.1548032607,new_observed,1987009964.89,4046389.9360237885,1,
2501401,Baía da Traição,2024,ok,ok,330219.4,330219.4,330219.4,new_observed,4190792.46,4190792.46,4185604.4369881223,new_observed,2396385537.79,4843274.805136781,1,
2501401,Baía da Traição,2025,ok,ok,303068.38,303068.38,303068.38,new_observed,2999904.43,2999904.43,3010337.59338825,new_observed,2604121793.38,3313405.97338825,1,
2501500,Bananeiras,2019,ok,ok,1279773.9,1279773.9,1279773.9,new_observed,2074541.94,2074541.94,2078454.4283122018,new_observed,1432075762.41,5851823.640591081,2,
2501500,Bananeiras,2020,ok,ok,1278167.5,1278167.5,1278167.5,new_observed,2152299.2,2152299.2,2190513.3429056024,new_observed,1484614330.88,5917169.113309656,1,
2501500,Bananeiras,2021,ok,ok,1925583.0,1925583.0,1925583.0,new_observed,3373967.88,3373967.88,3668445.359283386,new_observed,1825911222.18,7598792.447247208,2,
2501500,Bananeiras,2022,ok,ok,1930046.29,1930046.29,1930046.29,new_observed,3456477.88,3456477.88,3470348.609206573,new_observed,1872532230.78,6863131.857651215,1,
2501500,Bananeiras,2023,ok,ok,2185438.0,2185438.0,2185438.0,new_observed,3773635.52,3773635.52,3736518.347790515,new_observed,1987009964.89,7308783.138675113,2,
2501500,Bananeiras,2024,ok,ok,2789259.07,2789259.07,2789259.07,new_observed,6281442.81,6281442.81,6273666.650679986,new_observed,2396385537.79,9720095.687583601,1,
2501500,Bananeiras,2025,ok,ok,2578491.06,2578491.06,2578491.06,new_observed,6281091.56,6281091.56,6302936.140729539,new_observed,2604121793.38,8881427.20072954,2,
2501534,Baraúna,2019,ok,ok,46346.83,46346.83,46346.83,new_observed,1290983.28,1290983.28,1293418.0136136517,new_observed,1432075762.41,2334584.4350707056,3,
2501534,Baraúna,2020,ok,ok,36300.56,36300.56,36300.56,new_observed,1325463.2,1325463.2,1348996.8425999307,new_observed,1484614330.88,2363157.458022574,1,
2501534,Baraúna,2021,ok,ok,51534.72,51534.72,51534.72,new_observed,1621655.64,1621655.64,1763192.5728094745,new_observed,1825911222.18,2465081.540662858,1,
2501534,Baraúna,2022,ok,ok,111775.11,111775.11,111775.11,new_observed,2103679.41,2103679.41,2112121.40455243,new_observed,1872532230.78,2826255.3576196264,1,
2501534,Baraúna,2023,ok,ok,183046.03,183046.03,183046.03,new_observed,2321897.03,2321897.03,2299059.0395638696,new_observed,1987009964.89,3063374.097246919,1,
2501534,Baraúna,2024,ok,ok,825460.53,825460.53,825460.53,new_observed,3117078.6,3117078.6,3113219.7891280744,new_observed,2396385537.79,4224281.514011432,1,
2501534,Baraúna,2025,ok,ok,514367.6,514367.6,514367.6,new_observed,3176739.76,3176739.76,3187787.9269437813,new_observed,2604121793.38,3702155.5269437814,1,
2501575,Barra de Santana,2019,ok,ok,149709.76,149709.76,149709.76,new_observed,1644551.12,1644551.12,1647652.6658939426,new_observed,1432075762.41,3131963.3170512957,1,
2501575,Barra de Santana,2020,ok,ok,135166.69,135166.69,135166.69,new_observed,1683176.33,1683176.33,1713061.1809584296,new_observed,1484614330.88,3152863.398995313,1,
2501575,Barra de Santana,2021,ok,ok,109207.19,109207.19,109207.19,new_observed,2081619.31,2081619.31,2263301.5396590508,new_observed,1825911222.18,3222758.316203949,1,
2501575,Barra de Santana,2022,ok,ok,172673.99,172673.99,172673.99,new_observed,2138324.86,2138324.86,2146905.885575301,new_observed,1872532230.78,2947855.265689255,1,
2501575,Barra de Santana,2023,ok,ok,166889.17,166889.17,166889.17,new_observed,2255089.76,2255089.76,2232908.880440713,new_observed,1987009964.89,2961792.0999756316,1,
2501575,Barra de Santana,2024,ok,ok,408841.36,408841.36,408841.36,new_observed,3381199.02,3381199.02,3377013.239269761,new_observed,2396385537.79,4060374.1107810326,1,
2501575,Barra de Santana,2025,ok,ok,669012.68,669012.68,669012.68,new_observed,2467510.14,2467510.14,2476091.7255316377,new_observed,2604121793.38,3145104.405531638,1,
2501609,Barra de Santa Rosa,2019,ok,ok,213364.8,213364.8,213364.8,new_observed,1927141.49,1927141.49,1930775.9880114426,new_observed,1432075762.41,3736236.052283843,1,
2501609,Barra de Santa Rosa,2020,ok,ok,159349.02,159349.02,159349.02,new_observed,1942371.34,1942371.34,1976858.2068642846,new_observed,1484614330.88,3644122.93748013,1,
2501609,Barra de Santa Rosa,2021,ok,ok,166180.37,166180.37,166180.37,new_observed,2300452.89,2300452.89,2501234.756440703,new_observed,1825911222.18,3623352.0130146635,1,
2501609,Barra de Santa Rosa,2022,ok,ok,350067.71,350067.71,350067.71,new_observed,3109645.44,3109645.44,3122124.342317377,new_observed,1872532230.78,4412660.98774441,1,
2501609,Barra de Santa Rosa,2023,ok,ok,786008.47,786008.47,786008.47,new_observed,3384121.9,3384121.9,3350835.9520926117,new_observed,1987009964.89,5105626.753022838,1,
2501609,Barra de Santa Rosa,2024,ok,ok,931837.68,931837.68,931837.68,new_observed,4668008.57,4668008.57,4662229.773719355,new_observed,2396385537.79,5999703.915577228,1,
2501609,Barra de Santa Rosa,2025,ok,ok,953575.3,953575.3,953575.3,new_observed,4225685.3,4225685.3,4240381.52322676,new_observed,2604121793.38,5193956.82322676,1,
2501708,Barra de São Miguel,2019,ok,ok,218765.13,218765.13,218765.13,new_observed,1237513.34,1237513.34,1239847.2318271974,new_observed,1432075762.41,2541680.15600316,1,
2501708,Barra de São Miguel,2020,ok,ok,225150.57,225150.57,225150.57,new_observed,1297745.28,1297745.28,1320786.7900210002,new_observed,1484614330.88,2637190.682024555,1,
2501708,Barra de São Miguel,2021,ok,ok,343804.19,343804.19,343804.19,new_observed,1530822.38,1530822.38,1664431.4514926998,new_observed,1825911222.18,2727938.5882166424,1,
2501708,Barra de São Miguel,2022,ok,ok,468060.11,468060.11,468060.11,new_observed,2017337.56,2017337.56,2025433.0676191635,new_observed,1872532230.78,3168874.273744002,1,
2501708,Barra de São Miguel,2023,ok,ok,527015.21,527015.21,527015.21,new_observed,2203304.33,2203304.33,2181632.807720468,new_observed,1987009964.89,3342969.7549032704,1,
2501708,Barra de São Miguel,2024,ok,ok,655508.19,655508.19,655508.19,new_observed,3163210.85,3163210.85,3159294.9293625886,new_observed,2396385537.79,4091421.7430786425,1,
2501708,Barra de São Miguel,2025,ok,ok,866043.6,866043.6,866043.6,new_observed,3467181.67,3467181.67,3479239.945089735,new_observed,2604121793.38,4345283.545089735,1,
2501807,Bayeux,2019,ok,ok,5530856.2,5530856.2,5530856.2,new_observed,26343564.32,26343564.32,26393247.0405642,new_observed,1432075762.41,55628802.98305808,1,
2501807,Bayeux,2020,ok,ok,4749447.66,4749447.66,4749447.66,new_observed,23743695.31,23743695.31,24165265.39917878,new_observed,1484614330.88,49325162.72977848,1,
2501807,Bayeux,2021,ok,ok,6749174.05,6749174.05,6749174.05,new_observed,27981289.17,27981289.17,30423475.875666298,new_observed,1825911222.18,50494426.0839433,1,
2501807,Bayeux,2022,ok,ok,7853387.6,7853387.6,7853387.6,new_observed,27365088.45,27365088.45,27474903.627409406,new_observed,1872532230.78,44897220.578227736,1,
2501807,Bayeux,2023,ok,ok,9582756.54,9582756.54,9582756.54,new_observed,29404156.81,29404156.81,29114939.913930643,new_observed,1987009964.89,47760073.65430534,1,
2501807,Bayeux,2024,ok,ok,10264079.36,10264079.36,10264079.36,new_observed,36506413.83,36506413.83,36461220.44072126,new_observed,2396385537.79,50113440.08455199,1,
2501807,Bayeux,2025,ok,ok,9931658.83,9931658.83,9931658.83,new_observed,44430014.82,44430014.82,44584534.943815894,new_observed,2604121793.38,54516193.77381589,1,
2501906,Belém,2019,ok,ok,352113.58,352113.58,352113.58,new_observed,3693433.89,3693433.89,3700399.532221008,new_observed,1432075762.41,7061637.779054427,1,
2501906,Belém,2020,ok,ok,374357.63,374357.63,374357.63,new_observed,3958594.85,3958594.85,4028879.831429757,new_observed,1484614330.88,7511414.824638346,1,
2501906,Belém,2021,ok,ok,269200.34,269200.34,269200.34,new_observed,3955665.83,3955665.83,4300913.486153094,new_observed,1825911222.18,6207931.77918048,5,
2501906,Belém,2022,ok,ok,338156.9,338156.9,338156.9,new_observed,5164113.11,5164113.11,5184836.521816229,new_observed,1872532230.78,7018937.098180371,1,
2501906,Belém,2023,ok,ok,333626.09,333626.09,333626.09,new_observed,5702097.59,5702097.59,5646012.2216379475,new_observed,1987009964.89,7379973.289364264,1,
2501906,Belém,2024,ok,ok,475384.36,475384.36,475384.36,new_observed,6768667.56,6768667.56,6760288.237140134,new_observed,2396385537.79,7760344.96760189,1,
2501906,Belém,2025,ok,ok,526329.66,526329.66,526329.66,new_observed,6927084.49,6927084.49,6951175.725562588,new_observed,2604121793.38,7477505.385562588,1,
2502003,Belém do Brejo do Cruz,2019,ok,ok,813054.19,813054.19,813054.19,new_observed,1714108.27,1714108.27,1717340.997400162,new_observed,1432075762.41,4409297.08466493,1,
2502003,Belém do Brejo do Cruz,2020,ok,ok,755299.97,755299.97,755299.97,new_observed,1758425.87,1758425.87,1789646.7790098104,new_observed,1484614330.88,4341385.379706578,1,
2502003,Belém do Brejo do Cruz,2021,ok,ok,954203.59,954203.59,954203.59,new_observed,2158822.36,2158822.36,2347242.816093201,new_observed,1825911222.18,4484604.725676826,1,
2502003,Belém do Brejo do Cruz,2022,ok,ok,1075179.28,1075179.28,1075179.28,new_observed,2233426.65,2233426.65,2242389.31585247,new_observed,1872532230.78,4216156.622820955,1,
2502003,Belém do Brejo do Cruz,2023,ok,ok,1336319.68,1336319.68,1336319.68,new_observed,2379500.07,2379500.07,2356095.500745078,new_observed,1987009964.89,4557119.341834821,1,
2502003,Belém do Brejo do Cruz,2024,ok,ok,1401881.43,1401881.43,1401881.43,new_observed,3268128.25,3268128.25,3264082.4460789994,new_observed,2396385537.79,5004301.783783515,1,
2502003,Belém do Brejo do Cruz,2025,ok,ok,1753466.51,1753466.51,1753466.51,new_observed,3553734.7,3553734.7,3566093.991980376,new_observed,2604121793.38,5319560.501980376,1,
2502052,Bernardino Batista,2019,ok,ok,118664.83,118664.83,118664.83,new_observed,1424640.6,1424640.6,1427327.4050190342,new_observed,1432075762.41,2693942.467456184,1,
2502052,Bernardino Batista,2020,ok,ok,158825.38,158825.38,158825.38,new_observed,1453846.03,1453846.03,1479659.113958384,new_observed,1484614330.88,2795065.409409648,1,
2502052,Bernardino Batista,2021,ok,ok,151966.17,151966.17,151966.17,new_observed,1781855.37,1781855.37,1937374.4195189793,new_observed,1825911222.18,2838109.5825187555,1,
2502052,Bernardino Batista,2022,ok,ok,236245.59,236245.59,236245.59,new_observed,1838138.98,1838138.98,1845515.369758822,new_observed,1872532230.78,2645621.3350313418,1,
2502052,Bernardino Batista,2023,ok,ok,330177.0,330177.0,330177.0,new_observed,1966131.26,1966131.26,1946792.5527567866,new_observed,1987009964.89,2810199.146549688,1,
2502052,Bernardino Batista,2024,ok,ok,387340.17,387340.17,387340.17,new_observed,2865904.52,2865904.52,2862356.651967517,new_observed,2396385537.79,3485338.514149338,1,
2502052,Bernardino Batista,2025,ok,ok,524843.32,524843.32,524843.32,new_observed,2855424.56,2855424.56,2865355.246684343,new_observed,2604121793.38,3390198.566684343,1,
2502102,Boa Ventura,2019,ok,ok,172677.02,172677.02,172677.02,new_observed,1598816.09,1598816.09,1601831.3817831518,new_observed,1432075762.41,3092139.426148267,1,
2502102,Boa Ventura,2020,ok,ok,116360.94,116360.94,116360.94,new_observed,1652422.92,1652422.92,1681761.7431549649,new_observed,1484614330.88,3067389.7324590483,1,
2502102,Boa Ventura,2021,ok,ok,145554.03,145554.03,145554.03,new_observed,2027731.79,2027731.79,2204710.7558406554,new_observed,1825911222.18,3192542.6824194486,1,
2502102,Boa Ventura,2022,ok,ok,287305.75,287305.75,287305.75,new_observed,2078260.86,2078260.86,2086600.8507681983,new_observed,1872532230.78,3016896.7867913535,2,
2502102,Boa Ventura,2023,ok,ok,185738.18,185738.18,185738.18,new_observed,2208955.84,2208955.84,2187228.7299275286,new_observed,1987009964.89,2928677.538527142,1,
2502102,Boa Ventura,2024,ok,ok,286857.99,286857.99,286857.99,new_observed,3005332.57,3005332.57,3001612.0959654762,new_observed,2396385537.79,3526923.3012032723,1,
2502102,Boa Ventura,2025,ok,ok,214827.09,214827.09,214827.09,new_observed,2286923.35,2286923.35,2294876.8850287655,new_observed,2604121793.38,2509703.9750287654,1,
2502151,Boa Vista,2019,ok,ok,189624.09,189624.09,189624.09,new_observed,6131108.44,6131108.44,6142671.421518872,new_observed,1432075762.41,11034233.813440103,1,
2502151,Boa Vista,2020,ok,ok,513877.16,513877.16,513877.16,new_observed,7864092.44,7864092.44,8003719.6592662735,new_observed,1484614330.88,14530036.950983489,1,
2502151,Boa Vista,2021,ok,ok,437224.48,437224.48,437224.48,new_observed,9301654.53,9301654.53,10113496.21805996,new_observed,1825911222.18,14331843.102008019,1,
2502151,Boa Vista,2022,ok,ok,393764.05,393764.05,393764.05,new_observed,9190233.54,9190233.54,9227113.637371983,new_observed,1872532230.78,12226763.669536363,1,
2502151,Boa Vista,2023,ok,ok,751554.6,751554.6,751554.6,new_observed,11530847.64,11530847.64,11417431.15997513,new_observed,1987009964.89,15018766.217428727,1,
2502151,Boa Vista,2024,ok,ok,819699.16,819699.16,819699.16,new_observed,13711130.83,13711130.83,13694157.032575322,new_observed,2396385537.79,15566283.486771764,6,
2502151,Boa Vista,2025,ok,ok,414199.73,414199.73,414199.73,new_observed,18558270.12,18558270.12,18622812.664232064,new_observed,2604121793.38,19037012.394232064,1,
2502201,Bom Jesus,2019,ok,ok,94937.05,94937.05,94937.05,new_observed,1140411.92,1140411.92,1142562.6831260978,new_observed,1432075762.41,2156384.1066077827,1,
2502201,Bom Jesus,2020,ok,ok,82385.31,82385.31,82385.31,new_observed,1185026.05,1185026.05,1206066.2263944165,new_observed,1484614330.88,2197949.5896091284,1,
2502201,Bom Jesus,2021,ok,ok,94183.69,94183.69,94183.69,new_observed,1477052.92,1477052.92,1605969.0318658203,new_observed,1825911222.18,2309446.2223526803,1,
2502201,Bom Jesus,2022,ok,ok,532912.13,532912.13,532912.13,new_observed,1883868.88,1883868.88,1891428.7823058611,new_observed,1872532230.78,3080991.6051691165,1,
2502201,Bom Jesus,2023,ok,ok,497975.1,497975.1,497975.1,new_observed,2070781.71,2070781.71,2050413.6694377991,new_observed,1987009964.89,3145180.371990624,1,
2502201,Bom Jesus,2024,ok,ok,542226.17,542226.17,542226.17,new_observed,2669568.72,2669568.72,2666263.907346226,new_observed,2396385537.79,3441143.7901675636,1,
2502201,Bom Jesus,2025,ok,ok,876149.2,876149.2,876149.2,new_observed,1697721.01,1697721.01,1703625.3983224626,new_observed,2604121793.38,2579774.5983224623,1,
2502300,Bom Sucesso,2019,ok,ok,665.4,665.4,665.4,new_observed,1586229.35,1586229.35,1589220.9037848064,new_observed,1432075762.41,2770429.3302224125,1,
2502300,Bom Sucesso,2020,ok,partial,,,60967.73330141465,imputed_temporal,1626517.45,1626517.45,1655396.3206852446,new_observed,1484614330.88,2927918.9488466857,1,
2502300,Bom Sucesso,2021,ok,ok,144437.62,144437.62,144437.62,new_observed,1995033.13,1995033.13,2169158.1804166753,new_observed,1825911222.18,3142732.4219788583,1,
2502300,Bom Sucesso,2022,ok,ok,497828.35,497828.35,497828.35,new_observed,2017218.67,2017218.67,2025313.700517601,new_observed,1872532230.78,3206553.7634721724,1,
2502300,Bom Sucesso,2023,ok,ok,392175.88,392175.88,392175.88,new_observed,2277882.62,2277882.62,2255477.551722624,new_observed,1987009964.89,3267691.2193129435,1,
2502300,Bom Sucesso,2024,ok,ok,413791.54,413791.54,413791.54,new_observed,2885973.14,2885973.14,2882400.42786861,new_observed,2396385537.79,3535205.111437622,1,
2502300,Bom Sucesso,2025,ok,ok,555399.44,555399.44,555399.44,new_observed,3479114.45,3479114.45,3491214.2252929327,new_observed,2604121793.38,4046613.6652929327,1,
2502409,Bonito de Santa Fé,2019,ok,ok,225949.81,225949.81,225949.81,new_observed,1990242.12,1990242.12,1993995.62282528,new_observed,1432075762.41,3868328.146453976,1,
2502409,Bonito de Santa Fé,2020,ok,ok,259458.57,259458.57,259458.57,new_observed,2004842.9,2004842.9,2040438.9514615636,new_observed,1484614330.88,3923359.684591239,1,
2502409,Bonito de Santa Fé,2021,ok,ok,345034.27,345034.27,345034.27,new_observed,2393712.81,2393712.81,2602634.3348893095,new_observed,1825911222.18,4004041.5409495626,1,
2502409,Bonito de Santa Fé,2022,ok,ok,168278.44,168278.44,168278.44,new_observed,2448033.87,2448033.87,2457857.7473914246,new_observed,1872532230.78,3337444.6251819115,1,
2502409,Bonito de Santa Fé,2023,ok,ok,354454.12,354454.12,354454.12,new_observed,2418972.01,2418972.01,2395179.197951979,new_observed,1987009964.89,3393553.1522931163,1,
2502409,Bonito de Santa Fé,2024,ok,ok,353540.37,353540.37,353540.37,new_observed,3869304.04,3869304.04,3864514.0059930496,new_observed,2396385537.79,4523913.5146533,1,
2502409,Bonito de Santa Fé,2025,ok,ok,327128.78,327128.78,327128.78,new_observed,3129813.7,3129813.7,3140698.6659943615,new_observed,2604121793.38,3467827.4459943613,1,
2502508,Boqueirão,2019,ok,ok,949069.56,949069.56,949069.56,new_observed,3174930.39,3174930.39,3180918.1590604456,new_observed,1432075762.41,7196639.8371415185,2,
2502508,Boqueirão,2020,ok,ok,521813.67,521813.67,521813.67,new_observed,3400852.91,3400852.91,3461235.1649874444,new_observed,1484614330.88,6794621.53210073,1,
2502508,Boqueirão,2021,ok,ok,496654.48,496654.48,496654.48,new_observed,4218715.37,4218715.37,4586921.799982871,new_observed,1825911222.18,6905406.723087726,1,
2502508,Boqueirão,2022,ok,ok,562564.93,562564.93,562564.93,new_observed,4293386.39,4293386.39,4310615.60484308,new_observed,1872532230.78,6193117.577694386,1,
2502508,Boqueirão,2023,ok,ok,928751.47,928751.47,928751.47,new_observed,4571680.94,4571680.94,4526714.257913861,new_observed,1987009964.89,6733047.929452123,3,
2502508,Boqueirão,2024,ok,ok,2199758.43,2199758.43,2199758.43,new_observed,6365965.61,6365965.61,6358084.815044695,new_observed,2396385537.79,9178388.72179725,2,
2502508,Boqueirão,2025,ok,ok,2502257.77,2502257.77,2502257.77,new_observed,5672325.61,5672325.61,5692053.005075878,new_observed,2604121793.38,8194310.775075879,1,
2502607,Igaracy,2019,ok,ok,106701.77,106701.77,106701.77,new_observed,1675717.78,1675717.78,1678878.1047456153,new_observed,1432075762.41,3111431.833002113,1,
2502607,Igaracy,2020,ok,ok,155261.58,155261.58,155261.58,new_observed,1719820.35,1719820.35,1750355.816735695,new_observed,1484614330.88,3250763.3052525474,2,
2502607,Igaracy,2021,ok,ok,195651.07,195651.07,195651.07,new_observed,2129508.78,2129508.78,2315370.768006311,new_observed,1825911222.18,3410911.1631245757,1,
2502607,Igaracy,2022,ok,ok,168535.06,168535.06,168535.06,new_observed,2209039.04,2209039.04,2217903.8391957027,new_observed,1872532230.78,3032823.5510729873,2,
2502607,Igaracy,2023,ok,ok,328339.95,328339.95,328339.95,new_observed,2378484.35,2378484.35,2355089.771284429,new_observed,1987009964.89,3311845.7396364915,1,
2502607,Igaracy,2024,ok,ok,329277.16,329277.16,329277.16,new_observed,3115961.87,3115961.87,3112104.4415923683,new_observed,2396385537.79,3690922.721416474,1,
2502607,Igaracy,2025,ok,ok,256395.52,256395.52,256395.52,new_observed,2095585.67,2095585.67,2102873.7647374664,new_observed,2604121793.38,2359269.2847374664,1,
2502706,Borborema,2019,ok,ok,83792.95,83792.95,83792.95,new_observed,1228431.53,1228431.53,1230748.293961622,new_observed,1432075762.41,2290631.480621436,1,
2502706,Borborema,2020,ok,ok,60157.13,60157.13,60157.13,new_observed,1253927.86,1253927.86,1276191.3902914003,new_observed,1484614330.88,2279656.315183371,1,
2502706,Borborema,2021,ok,ok,88836.73,88836.73,88836.73,new_observed,1904645.2,1904645.2,2070881.2571806037,new_observed,1825911222.18,2933708.5325885355,1,
2502706,Borborema,2022,ok,ok,71088.18,71088.18,71088.18,new_observed,1954916.79,1954916.79,1962761.8051735018,new_observed,1872532230.78,2584733.3181094793,1,
2502706,Borborema,2023,ok,ok,89082.82,89082.82,89082.82,new_observed,2148308.99,2148308.99,2127178.397414043,new_observed,1987009964.89,2735273.8969072076,2,
2502706,Borborema,2024,ok,ok,146819.08,146819.08,146819.08,new_observed,2798721.52,2798721.52,2795256.821667122,new_observed,2396385537.79,3155411.4163249037,1,
2502706,Borborema,2025,ok,ok,212259.04,212259.04,212259.04,new_observed,3598087.73,3598087.73,3610601.2743639275,new_observed,2604121793.38,3822860.3143639276,3,
2502805,Brejo do Cruz,2019,ok,ok,243574.47,243574.47,243574.47,new_observed,1841183.55,1841183.55,1844655.9353883585,new_observed,1432075762.41,3638810.3662368525,1,
2502805,Brejo do Cruz,2020,ok,ok,396371.78,396371.78,396371.78,new_observed,1899796.33,1899796.33,1933527.2761649936,new_observed,1484614330.88,3974538.8395896326,4,
2502805,Brejo do Cruz,2021,ok,ok,397249.07,397249.07,397249.07,new_observed,2861808.88,2861808.88,3111585.491736212,new_observed,1825911222.18,4766315.766367817,1,
2502805,Brejo do Cruz,2022,ok,ok,440547.33,440547.33,440547.33,new_observed,2950675.61,2950675.61,2962516.571748828,new_observed,1872532230.78,4324808.965571508,2,
2502805,Brejo do Cruz,2023,ok,ok,510904.07,510904.07,510904.07,new_observed,3267110.15,3267110.15,3234975.1201535277,new_observed,1987009964.89,4623103.761094552,1,
2502805,Brejo do Cruz,2024,ok,ok,677265.49,677265.49,677265.49,new_observed,4715556.16,4715556.16,4709718.501823083,new_observed,2396385537.79,5777604.438324003,1,
2502805,Brejo do Cruz,2025,ok,ok,779386.65,779386.65,779386.65,new_observed,4940367.29,4940367.29,4957549.057065338,new_observed,2604121793.38,5736935.707065338,1,
2502904,Brejo dos Santos,2019,ok,ok,97139.17,97139.17,97139.17,new_observed,1733145.93,1733145.93,1736414.5615295533,new_observed,1432075762.41,3195027.8609707267,1,
2502904,Brejo dos Santos,2020,ok,ok,107863.92,107863.92,107863.92,new_observed,1754079.68,1754079.68,1785223.4222637769,new_observed,1484614330.88,3229388.478721313,1,
2502904,Brejo dos Santos,2021,ok,ok,74709.65,74709.65,74709.65,new_observed,2136835.45,2136835.45,2323336.90447128,new_observed,1825911222.18,3257448.278041602,1,
2502904,Brejo dos Santos,2022,ok,ok,281374.28,281374.28,281374.28,new_observed,2198562.24,2198562.24,2207384.9961505006,new_observed,1872532230.78,3162858.1599991834,1,
2502904,Brejo dos Santos,2023,ok,ok,223106.29,223106.29,223106.29,new_observed,2296670.58,2296670.58,2274080.7148753684,new_observed,1987009964.89,3081987.978881558,1,
2502904,Brejo dos Santos,2024,ok,ok,161267.62,161267.62,161267.62,new_observed,3183106.05,3183106.05,3179165.4999502734,new_observed,2396385537.79,3582654.273531212,1,
2502904,Brejo dos Santos,2025,ok,ok,206774.43,206774.43,206774.43,new_observed,2564008.86,2564008.86,2572926.0518604424,new_observed,2604121793.38,2779700.4818604426,1,
2503001,Caaporã,2019,ok,ok,1560380.98,1560380.98,1560380.98,new_observed,12841931.77,12841931.77,12866151.04799455,new_observed,1432075762.41,25138707.949495498,1,
2503001,Caaporã,2020,ok,ok,944633.68,944633.68,944633.68,new_observed,13566605.9,13566605.9,13807481.432828607,new_observed,1484614330.88,25165405.482649524,1,
2503001,Caaporã,2021,ok,ok,1083858.81,1083858.81,1083858.81,new_observed,16861716.4,16861716.4,18333394.82684481,new_observed,1825911222.18,26375926.399636827,1,
2503001,Caaporã,2022,ok,ok,1439321.4,1439321.4,1439321.4,new_observed,18321388.45,18321388.45,18394911.564193454,new_observed,1872532230.78,25206481.872025967,1,
2503001,Caaporã,2023,ok,ok,1765574.71,1765574.71,1765574.71,new_observed,20304771.55,20304771.55,20105055.467643537,new_observed,1987009964.89,26992379.491989914,1,
2503001,Caaporã,2024,ok,ok,2100444.48,2100444.48,2100444.48,new_observed,22601221.58,22601221.58,22573242.22793884,new_observed,2396385537.79,26462822.620224543,1,
2503001,Caaporã,2025,ok,ok,3737585.41,3737585.41,3737585.41,new_observed,23650315.75,23650315.75,23732567.57307006,new_observed,2604121793.38,27470152.98307006,1,
2503100,Cabaceiras,2019,ok,ok,288568.72,288568.72,288568.72,new_observed,1694698.3,1694698.3,1697894.4211116603,new_observed,1432075762.41,3461477.5512188915,1,
2503100,Cabaceiras,2020,ok,ok,262715.09,262715.09,262715.09,new_observed,1737828.11,1737828.11,1768683.3051052683,new_observed,1484614330.88,3465331.169031632,1,
2503100,Cabaceiras,2021,ok,ok,349160.51,349160.51,349160.51,new_observed,2158120.57,2158120.57,2346479.774368959,new_observed,1825911222.18,3661692.3829793,1,
2503100,Cabaceiras,2022,ok,ok,675746.94,675746.94,675746.94,new_observed,2228110.96,2228110.96,2237052.2941677044,new_observed,1872532230.78,3701752.481451959,1,
2503100,Cabaceiras,2023,ok,ok,2043306.54,2043306.54,2043306.54,new_observed,2409340.02,2409340.02,2385641.947422619,new_observed,1987009964.89,5466136.885492652,1,
2503100,Cabaceiras,2024,ok,ok,1075798.46,1075798.46,1075798.46,new_observed,3153143.23,3153143.23,3149239.7726484067,new_observed,2396385537.79,4531403.784026636,1,
2503100,Cabaceiras,2025,ok,ok,988529.96,988529.96,988529.96,new_observed,3986541.09,3986541.09,4000405.6098593683,new_observed,2604121793.38,4988935.569859369,1,
2503209,Cabedelo,2019,ok,ok,24993177.76,24993177.76,24993177.76,new_observed,118168876.4,118168876.4,118391737.33082363,new_observed,1432075762.41,249852944.41081914,1,
2503209,Cabedelo,2020,ok,ok,24035973.97,24035973.97,24035973.97,new_observed,128710626.18,128710626.18,130995887.57038292,new_observed,1484614330.88,264466459.79605854,1,
2503209,Cabedelo,2021,ok,ok,29714707.6,29714707.6,29714707.6,new_observed,167434262.95,167434262.95,182047804.46930683,new_observed,1825911222.18,287653060.3660509,2,
2503209,Cabedelo,2022,ok,ok,38004771.53,38004771.53,38004771.53,new_observed,163107198.54,163107198.54,163761742.22901997,new_observed,1872532230.78,256416468.4679263,1,
2503209,Cabedelo,2023,ok,ok,58443178.18,58443178.18,58443178.18,new_observed,174750058.75,174750058.75,173031231.37786382,new_observed,1987009964.89,285681987.8860645,1,
2503209,Cabedelo,2024,ok,ok,50786570.91,50786570.91,50786570.91,new_observed,150088575.43,150088575.43,149902772.15040958,new_observed,2396385537.79,215241708.70939368,1,
2503209,Cabedelo,2025,ok,ok,60279041.61,60279041.61,60279041.61,new_observed,124472911.82,124472911.82,124905807.68609574,new_observed,2604121793.38,185184849.29609573,1,
2503308,Cachoeira dos Índios,2019,ok,ok,179536.42,179536.42,179536.42,new_observed,2049810.69,2049810.69,2053676.5363404462,new_observed,1432075762.41,3891447.2438374376,1,
2503308,Cachoeira dos Índios,2020,ok,ok,84857.34,84857.34,84857.34,new_observed,2100419.8,2100419.8,2137712.822456616,new_observed,1484614330.88,3791448.1363570685,3,
2503308,Cachoeira dos Índios,2021,ok,ok,98826.6,98826.6,98826.6,new_observed,2169778.29,2169778.29,2359154.971749269,new_observed,1825911222.18,3338862.5518648326,2,
2503308,Cachoeira dos Índios,2022,ok,ok,2295470.72,2295470.72,2295470.72,new_observed,3247781.52,3247781.52,3260814.757749531,new_observed,1872532230.78,7061246.554052963,6,
2503308,Cachoeira dos Índios,2023,ok,ok,4497334.74,4497334.74,4497334.74,new_observed,3691558.9,3691558.9,3655249.026752687,new_observed,1987009964.89,10061787.570134632,1,
2503308,Cachoeira dos Índios,2024,ok,ok,2861966.19,2861966.19,2861966.19,new_observed,4440764.85,4440764.85,4435267.371789844,new_observed,2396385537.79,7826369.834786858,1,
2503308,Cachoeira dos Índios,2025,ok,ok,543153.72,543153.72,543153.72,new_observed,3724209.4,3724209.4,3737161.574333852,new_observed,2604121793.38,4280315.294333852,1,
2503407,Cacimba de Areia,2019,ok,ok,9386.87,9386.87,9386.87,new_observed,1502728.64,1502728.64,1505562.7153816773,new_observed,1432075762.41,2639849.62645339,1,
2503407,Cacimba de Areia,2020,ok,ok,19763.78,19763.78,19763.78,new_observed,1545552.81,1545552.81,1572994.1508458708,new_observed,1484614330.88,2717061.1711527444,1,
2503407,Cacimba de Areia,2021,ok,ok,6515.56,6515.56,6515.56,new_observed,1885995.71,1885995.71,2050604.0531654009,new_observed,1825911222.18,2794341.389718627,1,
2503407,Cacimba de Areia,2022,ok,ok,4589.66,4589.66,4589.66,new_observed,1936340.98,1936340.98,1944111.4510742053,new_observed,1872532230.78,2476521.240774195,1,
2503407,Cacimba de Areia,2023,ok,ok,77195.49,77195.49,77195.49,new_observed,2131827.23,2131827.23,2110858.750665573,new_observed,1987009964.89,2700461.300537912,1,
2503407,Cacimba de Areia,2024,ok,ok,536811.12,536811.12,536811.12,new_observed,2705352.46,2705352.46,2702003.3485964444,new_observed,2396385537.79,3473667.060654849,1,
2503407,Cacimba de Areia,2025,ok,ok,465271.12,465271.12,465271.12,new_observed,3191788.68,3191788.68,3202889.184558143,new_observed,2604121793.38,3668160.304558143,1,
2503506,Cacimba de Dentro,2019,ok,ok,298545.86,298545.86,298545.86,new_observed,2282133.13,2282133.13,2286437.1255114204,new_observed,1432075762.41,4504418.123571721,1,
2503506,Cacimba de Dentro,2020,ok,ok,320862.3,320862.3,320862.3,new_observed,2313289.96,2313289.96,2354362.4991309606,new_observed,1484614330.88,4563624.694659906,1,
2503506,Cacimba de Dentro,2021,ok,ok,401154.5,401154.5,401154.5,new_observed,2807558.99,2807558.99,3052600.710525985,new_observed,1825911222.18,4691497.311563064,1,
2503506,Cacimba de Dentro,2022,ok,ok,807180.89,807180.89,807180.89,new_observed,2917387.26,2917387.26,2929094.636722505,new_observed,1872532230.78,4748273.427222741,1,
2503506,Cacimba de Dentro,2023,ok,ok,470103.95,470103.95,470103.95,new_observed,3256140.35,3256140.35,3224113.2182145743,new_observed,1987009964.89,4559343.325744812,1,
2503506,Cacimba de Dentro,2024,ok,ok,715657.75,715657.75,715657.75,new_observed,4763193.77,4763193.77,4757297.138485875,new_observed,2396385537.79,5869809.248080184,1,
2503506,Cacimba de Dentro,2025,ok,ok,732358.83,732358.83,732358.83,new_observed,6082973.9,6082973.9,6104129.46080737,new_observed,2604121793.38,6836488.29080737,1,
2503555,Cacimbas,2019,ok,ok,185529.76,185529.76,185529.76,new_observed,1675536.44,1675536.44,1678696.422746923,new_observed,1432075762.41,3248475.619014889,1,
2503555,Cacimbas,2020,ok,ok,223179.11,223179.11,223179.11,new_observed,1687830.43,1687830.43,1717797.9146566147,new_observed,1484614330.88,3311082.7487723273,1,
2503555,Cacimbas,2021,ok,ok,167580.53,167580.53,167580.53,new_observed,1999807.4,1999807.4,2174349.145253444,new_observed,1825911222.18,3181220.470355228,1,
2503555,Cacimbas,2022,ok,ok,147788.21,147788.21,147788.21,new_observed,2056034.08,2056034.08,2064284.875449374,new_observed,1872532230.78,2811229.4651694684,1,
2503555,Cacimbas,2023,ok,ok,277080.86,277080.86,277080.86,new_observed,2261985.56,2261985.56,2239736.8539124844,new_observed,1987009964.89,3106215.883780627,1,
2503555,Cacimbas,2024,ok,ok,325523.13,325523.13,325523.13,new_observed,3536268.89,3536268.89,3531891.139359133,new_observed,2396385537.79,4137122.7085383167,1,
2503555,Cacimbas,2025,ok,ok,337547.4,337547.4,337547.4,new_observed,2009687.69,2009687.69,2016677.046000626,new_observed,2604121793.38,2354224.446000626,1,
2503605,Caiçara,2019,ok,ok,79672.57,79672.57,79672.57,new_observed,1431931.57,1431931.57,1434632.1254447834,new_observed,1432075762.41,2638725.884465247,1,
2503605,Caiçara,2020,ok,ok,97513.9,97513.9,97513.9,new_observed,1443497.22,1443497.22,1469126.5604973247,new_observed,1484614330.88,2672507.781589597,1,
2503605,Caiçara,2021,ok,ok,82780.2,82780.2,82780.2,new_observed,2186373.17,2186373.17,2377198.240887879,new_observed,1825911222.18,3341575.0504712136,6,
2503605,Caiçara,2022,ok,ok,129669.28,129669.28,129669.28,new_observed,2223776.12,2223776.12,2232700.058600922,new_observed,1872532230.78,3002234.5717111304,1,
2503605,Caiçara,2023,ok,ok,227875.93,227875.93,227875.93,new_observed,2341527.73,2341527.73,2318496.653594482,new_observed,1987009964.89,3142692.027897786,1,
2503605,Caiçara,2024,ok,ok,227552.09,227552.09,227552.09,new_observed,3279562.19,3279562.19,3275502.231347071,new_observed,2396385537.79,3757067.447281474,1,
2503605,Caiçara,2025,ok,ok,336579.59,336579.59,336579.59,new_observed,2496243.12,2496243.12,2504924.634006683,new_observed,2604121793.38,2841504.2240066826,1,
2503704,Cajazeiras,2019,ok,ok,7175523.54,7175523.54,7175523.54,new_observed,16485810.6,16485810.6,16516902.061708253,new_observed,1432075762.41,41284833.15745901,1,
2503704,Cajazeiras,2020,ok,ok,7162841.12,7162841.12,7162841.12,new_observed,16526592.1,16526592.1,16820022.28491667,new_observed,1484614330.88,40911996.524137795,1,
2503704,Cajazeiras,2021,ok,ok,5090697.32,5090697.32,5090697.32,new_observed,19193231.01,19193231.01,20868402.347768787,new_observed,1825911222.18,35262211.383935206,1,
2503704,Cajazeiras,2022,ok,ok,4391045.52,4391045.52,4391045.52,new_observed,19555675.05,19555675.05,19634151.314708598,new_observed,1872532230.78,30532599.34877264,1,
2503704,Cajazeiras,2023,ok,ok,8767509.11,8767509.11,8767509.11,new_observed,19913266.41,19913266.41,19717401.14037446,new_observed,1987009964.89,35155617.42063272,1,
2503704,Cajazeiras,2024,ok,ok,9204998.77,9204998.77,9204998.77,new_observed,23030603.69,23030603.69,23002092.78112976,new_observed,2396385537.79,34542488.964839295,1,
2503704,Cajazeiras,2025,ok,ok,12949075.23,12949075.23,12949075.23,new_observed,26344518.5,26344518.5,26436140.307397135,new_observed,2604121793.38,39385215.53739713,1,
2503753,Cajazeirinhas,2019,ok,ok,60449.0,60449.0,60449.0,new_observed,1455061.69,1455061.69,1457805.8677608303,new_observed,1432075762.41,2645609.190031033,1,
2503753,Cajazeirinhas,2020,ok,ok,89348.53,89348.53,89348.53,new_observed,1489778.64,1489778.64,1516229.7086277604,new_observed,1484614330.88,2738931.1363256066,1,
2503753,Cajazeirinhas,2021,ok,ok,73876.62,73876.62,73876.62,new_observed,1829906.68,1829906.68,1989619.613144529,new_observed,1825911222.18,2803003.2356415126,1,
2503753,Cajazeirinhas,2022,ok,ok,193965.39,193965.39,193965.39,new_observed,1878436.47,1878436.47,1885974.5722276706,new_observed,1872532230.78,2643307.106830995,2,
2503753,Cajazeirinhas,2023,ok,ok,246378.83,246378.83,246378.83,new_observed,2056904.16,2056904.16,2036672.6178914693,new_observed,1987009964.89,2817705.3235629895,1,
2503753,Cajazeirinhas,2024,ok,ok,200172.88,200172.88,200172.88,new_observed,2685460.84,2685460.84,2682136.353576872,new_observed,2396385537.79,3091310.9535527453,1,
2503753,Cajazeirinhas,2025,ok,ok,258763.22,258763.22,258763.22,new_observed,4780453.41,4780453.41,4797079.023468776,new_observed,2604121793.38,5055842.243468775,2,
2503803,Caldas Brandão,2019,ok,ok,246528.14,246528.14,246528.14,new_observed,1853252.67,1853252.67,1856747.8171797825,new_observed,1432075762.41,3665027.7365438445,1,
2503803,Caldas Brandão,2020,ok,ok,347203.86,347203.86,347203.86,new_observed,1893827.92,1893827.92,1927452.8968496402,new_observed,1484614330.88,3880301.8538128715,1,
2503803,Caldas Brandão,2021,ok,ok,192757.39,192757.39,192757.39,new_observed,2259835.92,2259835.92,2457072.7666399423,new_observed,1825911222.18,3599465.0165382624,2,
2503803,Caldas Brandão,2022,ok,ok,435481.67,435481.67,435481.67,new_observed,2313527.33,2313527.33,2322811.4371809307,new_observed,1872532230.78,3505397.225564834,1,
2503803,Caldas Brandão,2023,ok,ok,619728.74,619728.74,619728.74,new_observed,2621865.66,2621865.66,2596077.2025041487,new_observed,1987009964.89,3968895.8968086233,1,
2503803,Caldas Brandão,2024,ok,ok,289082.89,289082.89,289082.89,new_observed,3448070.17,3448070.17,3443801.6056272057,new_observed,2396385537.79,4003563.044260648,1,
2503803,Caldas Brandão,2025,ok,ok,180565.97,180565.97,180565.97,new_observed,2565897.15,2565897.15,2574820.909015681,new_observed,2604121793.38,2755386.8790156813,1,
2503902,Camalaú,2019,ok,ok,157181.37,157181.37,157181.37,new_observed,1732133.29,1732133.29,1735400.0117382458,new_observed,1432075762.41,3297885.488615531,1,
2503902,Camalaú,2020,ok,ok,206671.84,206671.84,206671.84,new_observed,1838816.46,1838816.46,1871464.7065726018,new_observed,1484614330.88,3545061.060249883,1,
2503902,Camalaú,2021,ok,ok,171339.03,171339.03,171339.03,new_observed,2239098.6,2239098.6,2434525.5083305435,new_observed,1825911222.18,3539743.1869566166,1,
2503902,Camalaú,2022,ok,ok,186299.23,186299.23,186299.23,new_observed,2259027.46,2259027.46,2268092.8610399375,new_observed,1872532230.78,3119182.368248333,2,
2503902,Camalaú,2023,ok,ok,337370.55,337370.55,337370.55,new_observed,2553788.29,2553788.29,2528669.4359813435,new_observed,1987009964.89,3537220.386996695,1,
2503902,Camalaú,2024,ok,ok,337953.09,337953.09,337953.09,new_observed,3533999.78,3533999.78,3529624.838420905,new_observed,2396385537.79,4148023.3538333536,1,
2503902,Camalaú,2025,ok,ok,444441.4,444441.4,444441.4,new_observed,2781828.66,2781828.66,2791503.392514028,new_observed,2604121793.38,3235944.792514028,1,
2504009,Campina Grande,2019,ok,ok,60270600.94,60270600.94,60270600.94,new_observed,200738432.91,200738432.91,201117016.13236192,new_observed,1432075762.41,455476545.1908891,2,
2504009,Campina Grande,2020,ok,ok,64773563.7,64773563.7,64773563.7,new_observed,205793645.41,205793645.41,209447518.33564276,new_observed,1484614330.88,467789511.4387198,1,
2504009,Campina Grande,2021,ok,ok,77992482.28,77992482.28,77992482.28,new_observed,257991912.79,257991912.79,280509260.5704117,new_observed,1825911222.18,486980072.48673403,4,
2504009,Campina Grande,2022,ok,ok,98450808.3,98450808.3,98450808.3,new_observed,260787383.64,260787383.64,261833914.6188012,new_observed,1872532230.78,457870508.70156777,1,
2504009,Campina Grande,2023,ok,ok,122266300.74,122266300.74,122266300.74,new_observed,268169801.72,268169801.72,265532105.3502603,new_observed,1987009964.89,478614546.4741682,1,
2504009,Campina Grande,2024,ok,ok,148179634.34,148179634.34,148179634.34,new_observed,291953669.6,291953669.6,291592243.3612292,new_observed,2396385537.79,471660572.2818987,1,
2504009,Campina Grande,2025,ok,ok,174286709.88,174286709.88,174286709.88,new_observed,328592040.72,328592040.72,329734828.60838294,new_observed,2604121793.38,504021538.48838294,1,
2504033,Capim,2019,ok,ok,101409.68,101409.68,101409.68,new_observed,2249480.14,2249480.14,2253722.553511428,new_observed,1432075762.41,4103895.606081913,1,
2504033,Capim,2020,ok,ok,109253.15,109253.15,109253.15,new_observed,2225778.79,2225778.79,2265297.5654366673,new_observed,1484614330.88,4050709.415974818,1,
2504033,Capim,2021,ok,ok,123966.01,123966.01,123966.01,new_observed,2562776.9,2562776.9,2786454.2165361876,new_observed,1825911222.18,3953444.2472064593,1,
2504033,Capim,2022,ok,ok,140253.14,140253.14,140253.14,new_observed,2395184.05,2395184.05,2404795.842845454,new_observed,1872532230.78,3234394.350682709,1,
2504033,Capim,2023,ok,ok,226784.04,226784.04,226784.04,new_observed,2738806.57,2738806.57,2711867.8912197133,new_observed,1987009964.89,3626836.880239271,1,
2504033,Capim,2024,ok,ok,312540.76,312540.76,312540.76,new_observed,3897414.43,3897414.43,3892589.5965245515,new_observed,2396385537.79,4510052.349972743,1,
2504033,Capim,2025,ok,ok,256198.53,256198.53,256198.53,new_observed,3486253.63,3486253.63,3498378.2341610296,new_observed,2604121793.38,3754576.7641610294,1,
2504074,Caraúbas,2019,ok,ok,254154.15,254154.15,254154.15,new_observed,1199262.74,1199262.74,1201524.4929985965,new_observed,1432075762.41,2536568.0541691897,1,
2504074,Caraúbas,2020,ok,ok,60205.51,60205.51,60205.51,new_observed,1227083.19,1227083.19,1248870.0922948678,new_observed,1484614330.88,2233131.8653110308,1,
2504074,Caraúbas,2021,ok,ok,61680.16,61680.16,61680.16,new_observed,1505868.95,1505868.95,1637300.1041481297,new_observed,1825911222.18,2307853.584225432,1,
2504074,Caraúbas,2022,ok,ok,142573.8,142573.8,142573.8,new_observed,1940762.12,1940762.12,1948550.3329599786,new_observed,1872532230.78,2657520.593045789,1,
2504074,Caraúbas,2023,ok,ok,280169.51,280169.51,280169.51,new_observed,2219108.88,2219108.88,2197281.9054514463,new_observed,1987009964.89,3057630.632298415,1,
2504074,Caraúbas,2024,ok,ok,347429.73,347429.73,347429.73,new_observed,2860505.35,2860505.35,2856964.1659105835,new_observed,2396385537.79,3436750.5868317694,1,
2504074,Caraúbas,2025,ok,ok,286863.79,286863.79,286863.79,new_observed,2490307.88,2490307.88,2498968.7522395486,new_observed,2604121793.38,2785832.5422395486,1,
2504108,Carrapateira,2019,ok,ok,37677.37,37677.37,37677.37,new_observed,1120764.18,1120764.18,1122877.8884145834,new_observed,1432075762.41,2022305.821241165,1,
2504108,Carrapateira,2020,ok,partial,,,41676.980188832546,imputed_temporal,1437180.63,1437180.63,1462697.8192346487,new_observed,1484614330.88,2566289.7513895845,1,
2504108,Carrapateira,2021,ok,ok,55073.22,55073.22,55073.22,new_observed,1767104.85,1767104.85,1921336.4847888427,new_observed,1825911222.18,2684707.007695514,1,
2504108,Carrapateira,2022,ok,ok,103690.24,103690.24,103690.24,new_observed,1818572.27,1818572.27,1825870.1392112311,new_observed,1872532230.78,2452196.099913323,1,
2504108,Carrapateira,2023,ok,ok,175121.77,175121.77,175121.77,new_observed,2008026.95,2008026.95,1988276.1601557182,new_observed,1987009964.89,2670030.8792492445,1,
2504108,Carrapateira,2024,ok,ok,222076.34,222076.34,222076.34,new_observed,2558364.59,2558364.59,2555197.443334452,new_observed,2396385537.79,2978659.183207203,1,
2504108,Carrapateira,2025,ok,ok,442092.87,442092.87,442092.87,new_observed,3888842.64,3888842.64,3902367.381071273,new_observed,2604121793.38,4344460.251071272,1,
2504157,Casserengue,2019,ok,ok,253191.04,253191.04,253191.04,new_observed,1771270.82,1771270.82,1774611.35327502,new_observed,1432075762.41,3533512.5617792024,1,
2504157,Casserengue,2020,ok,ok,294271.66,294271.66,294271.66,new_observed,1777155.28,1777155.28,1808708.7302988085,new_observed,1484614330.88,3587441.7898154953,1,
2504157,Casserengue,2021,ok,ok,93423.17,93423.17,93423.17,new_observed,2215324.03,2215324.03,2408675.91103519,new_observed,1825911222.18,3398790.706465064,2,
2504157,Casserengue,2022,ok,ok,135492.29,135492.29,135492.29,new_observed,2283831.87,2283831.87,2292996.810301054,new_observed,1872532230.78,3086263.360607874,1,
2504157,Casserengue,2023,ok,ok,204995.14,204995.14,204995.14,new_observed,2579035.52,2579035.52,2553668.3362794537,new_observed,1987009964.89,3404698.0282508796,1,
2504157,Casserengue,2024,ok,ok,227134.1,227134.1,227134.1,new_observed,3596417.43,3596417.43,3591965.218022135,new_observed,2396385537.79,4096029.4672673526,1,
2504157,Casserengue,2025,ok,ok,391797.61,391797.61,391797.61,new_observed,3328940.43,3328940.43,3340517.925292389,new_observed,2604121793.38,3732315.535292389,2,
2504207,Catingueira,2019,ok,ok,148347.62,148347.62,148347.62,new_observed,1589997.75,1589997.75,1592996.4108095772,new_observed,1432075762.41,3034349.4157274943,1,
2504207,Catingueira,2020,ok,ok,205407.47,205407.47,205407.47,new_observed,1611377.06,1611377.06,1639987.1125640902,new_observed,1484614330.88,3148030.136053185,3,
2504207,Catingueira,2021,ok,ok,359531.89,359531.89,359531.89,new_observed,2008020.35,2008020.35,2183278.915596583,new_observed,1825911222.18,3454092.52569845,1,
2504207,Catingueira,2022,ok,ok,205556.28,205556.28,205556.28,new_observed,2059401.26,2059401.26,2067665.5678291987,new_observed,1872532230.78,2888940.8227604795,1,
2504207,Catingueira,2023,ok,ok,315926.1,315926.1,315926.1,new_observed,2214869.53,2214869.53,2193084.253353422,new_observed,1987009964.89,3096580.1651328667,1,
2504207,Catingueira,2024,ok,ok,376908.09,376908.09,376908.09,new_observed,2995832.1,2995832.1,2992123.387143692,new_observed,2396385537.79,3613326.3519521374,1,
2504207,Catingueira,2025,ok,ok,176883.79,176883.79,176883.79,new_observed,1728336.57,1728336.57,1734347.4340943263,new_observed,2604121793.38,1911231.2240943264,1,
2504306,Catolé do Rocha,2019,ok,ok,2014865.05,2014865.05,2014865.05,new_observed,5997007.67,5997007.67,6008317.743787691,new_observed,1432075762.41,13980660.68040911,3,
2504306,Catolé do Rocha,2020,ok,ok,2201931.55,2201931.55,2201931.55,new_observed,6245203.84,6245203.84,6356087.639063057,new_observed,1484614330.88,14598992.847729513,2,
2504306,Catolé do Rocha,2021,ok,ok,2410019.18,2410019.18,2410019.18,new_observed,7668416.89,7668416.89,8337710.776657078,new_observed,1825911222.18,14599455.700678742,5,
2504306,Catolé do Rocha,2022,ok,ok,3325843.64,3325843.64,3325843.64,new_observed,7980721.54,7980721.54,8012747.906491432,new_observed,1872532230.78,14409733.050272524,1,
2504306,Catolé do Rocha,2023,ok,ok,3738992.81,3738992.81,3738992.81,new_observed,8766602.92,8766602.92,8680375.326330908,new_observed,1987009964.89,15327784.113383546,1,
2504306,Catolé do Rocha,2024,ok,ok,4135036.55,4135036.55,4135036.55,new_observed,12038732.13,12038732.13,12023828.691110957,new_observed,2396385537.79,17330575.267539833,1,
2504306,Catolé do Rocha,2025,ok,ok,4495760.5,4495760.5,4495760.5,new_observed,12970918.25,12970918.25,13016028.923541652,new_observed,2604121793.38,17511789.42354165,1,
2504355,Caturité,2019,ok,ok,53242.92,53242.92,53242.92,new_observed,1991460.04,1991460.04,1995215.8397649915,new_observed,1432075762.41,3569506.9617834096,1,
2504355,Caturité,2020,ok,ok,70584.56,70584.56,70584.56,new_observed,2138399.33,2138399.33,2176366.680257745,new_observed,1484614330.88,3833039.4406735515,1,
2504355,Caturité,2021,ok,ok,106866.31,106866.31,106866.31,new_observed,2346511.08,2346511.08,2551312.8719924404,new_observed,1825911222.18,3610806.130082164,1,
2504355,Caturité,2022,ok,ok,229924.24,229924.24,229924.24,new_observed,2146862.64,2146862.64,2155477.927398613,new_observed,1872532230.78,3031506.0127897235,1,
2504355,Caturité,2023,ok,ok,266724.46,266724.46,266724.46,new_observed,2374938.71,2374938.71,2351579.0059112376,new_observed,1987009964.89,3231467.9642524794,1,
2504355,Caturité,2024,ok,ok,355421.51,355421.51,355421.51,new_observed,3324637.37,3324637.37,3320521.610189334,new_observed,2396385537.79,3942492.7414801894,1,
2504355,Caturité,2025,ok,ok,435067.12,435067.12,435067.12,new_observed,3218458.8,3218458.8,3229652.05875283,new_observed,2604121793.38,3664719.1787528303,1,
2504405,Conceição,2019,ok,ok,425049.99,425049.99,425049.99,new_observed,2778502.42,2778502.42,2783742.5445952513,new_observed,1432075762.41,5591426.84057277,1,
2504405,Conceição,2020,ok,ok,339911.87,339911.87,339911.87,new_observed,2856082.58,2856082.58,2906792.4199062367,new_observed,1484614330.88,5538502.737597057,1,
2504405,Conceição,2021,ok,ok,568342.28,568342.28,568342.28,new_observed,3413058.68,3413058.68,3710947.976069019,new_observed,1825911222.18,5812884.095132016,1,
2504405,Conceição,2022,ok,ok,725171.52,725171.52,725171.52,new_observed,3540891.56,3540891.56,3555101.0384586332,new_observed,1872532230.78,5439616.08431703,1,
2504405,Conceição,2023,ok,ok,1014908.47,1014908.47,1014908.47,new_observed,3964186.4,3964186.4,3925194.9848250393,new_observed,1987009964.89,6096996.113017135,1,
2504405,Conceição,2024,ok,ok,1374038.27,1374038.27,1374038.27,new_observed,5638163.71,5638163.71,5631183.902874879,new_observed,2396385537.79,7513184.145132471,1,
2504405,Conceição,2025,ok,ok,1590836.53,1590836.53,1590836.53,new_observed,6745877.04,6745877.04,6769338.066508557,new_observed,2604121793.38,8360174.596508557,1,
2504504,Condado,2019,ok,ok,160814.34,160814.34,160814.34,new_observed,1793798.42,1793798.42,1797181.4392667478,new_observed,1432075762.41,3411872.234145933,1,
2504504,Condado,2020,ok,ok,229860.4,229860.4,229860.4,new_observed,1899979.56,1899979.56,1933713.7594196547,new_observed,1484614330.88,3690807.7653373447,1,
2504504,Condado,2021,ok,ok,169733.33,169733.33,169733.33,new_observed,2921238.16,2921238.16,3176201.7163641574,new_observed,1825911222.18,4545037.015605823,1,
2504504,Condado,2022,ok,ok,274558.77,274558.77,274558.77,new_observed,3444611.41,3444611.41,3458434.5194625095,new_observed,1872532230.78,4744102.171689788,1,
2504504,Condado,2023,ok,ok,274751.34,274751.34,274751.34,new_observed,3623204.1,3623204.1,3587566.5590088093,new_observed,1987009964.89,4766810.540069393,1,
2504504,Condado,2024,ok,ok,353690.64,353690.64,353690.64,new_observed,4555900.08,4555900.08,4550260.069266838,new_observed,2396385537.79,5259545.494508446,2,
2504504,Condado,2025,ok,ok,405811.55,405811.55,405811.55,new_observed,3944021.99,3944021.99,3957738.635576113,new_observed,2604121793.38,4363550.185576113,1,
2504603,Conde,2019,ok,ok,3316595.34,3316595.34,3316595.34,new_observed,20001314.07,20001314.07,20039035.605544157,new_observed,1432075762.41,40697957.35918465,1,
2504603,Conde,2020,ok,ok,3261997.42,3261997.42,3261997.42,new_observed,22947099.88,22947099.88,23354526.39118555,new_observed,1484614330.88,45404717.16253089,1,
2504603,Conde,2021,ok,ok,3834085.78,3834085.78,3834085.78,new_observed,24554802.22,24554802.22,26697927.61989198,new_observed,1825911222.18,41473946.487477325,1,
2504603,Conde,2022,ok,ok,7379761.46,7379761.46,7379761.46,new_observed,32613515.55,32613515.55,32744392.488425087,new_observed,1872532230.78,50992078.23953698,2,
2504603,Conde,2023,ok,ok,7645858.21,7645858.21,7645858.21,new_observed,39391817.94,39391817.94,39004363.220969886,new_observed,1987009964.89,57574951.88855016,1,
2504603,Conde,2024,ok,ok,8470727.21,8470727.21,8470727.21,new_observed,45454103.7,45454103.7,45397833.45082143,new_observed,2396385537.79,57774672.36444481,1,
2504603,Conde,2025,ok,ok,12390330.31,12390330.31,12390330.31,new_observed,50667581.25,50667581.25,50843794.58145892,new_observed,2604121793.38,63234124.89145892,2,
2504702,Congo,2019,ok,ok,280868.01,280868.01,280868.01,new_observed,1379203.33,1379203.33,1381804.4424695678,new_observed,1432075762.41,2897261.595315933,1,
2504702,Congo,2020,ok,ok,141538.58,141538.58,141538.58,new_observed,1426320.63,1426320.63,1451644.999578369,new_observed,1484614330.88,2717787.27875593,1,
2504702,Congo,2021,ok,ok,123607.29,123607.29,123607.29,new_observed,1725775.0,1725775.0,1876399.395336652,new_observed,1825911222.18,2716760.5737570743,1,
2504702,Congo,2022,ok,ok,185367.42,185367.42,185367.42,new_observed,2161335.72,2161335.72,2170009.0873807324,new_observed,1872532230.78,2993347.6803599973,1,
2504702,Congo,2023,ok,ok,494159.17,494159.17,494159.17,new_observed,2355502.44,2355502.44,2332333.9094829503,new_observed,1987009964.89,3488412.2319838577,1,
2504702,Congo,2024,ok,ok,444883.67,444883.67,444883.67,new_observed,3146070.21,3146070.21,3142175.5087466566,new_observed,2396385537.79,3847163.656531275,1,
2504702,Congo,2025,ok,ok,543736.3,543736.3,543736.3,new_observed,3797362.3,3797362.3,3810568.8878246266,new_observed,2604121793.38,4354305.187824626,1,
2504801,Coremas,2019,ok,ok,1127510.15,1127510.15,1127510.15,new_observed,2608851.55,2608851.55,2613771.721051179,new_observed,1432075762.41,6519307.074672733,1,
2504801,Coremas,2020,ok,ok,2402965.96,2402965.96,2402965.96,new_observed,2639864.95,2639864.95,2686735.838792223,new_observed,1484614330.88,8682443.742659878,1,
2504801,Coremas,2021,ok,ok,2611190.62,2611190.62,2611190.62,new_observed,3193004.68,3193004.68,3471687.821911373,new_observed,1825911222.18,8262834.54305553,1,
2504801,Coremas,2022,ok,ok,1120109.86,1120109.86,1120109.86,new_observed,3275185.05,3275185.05,3288328.257191584,new_observed,1872532230.78,5602496.233937757,4,
2504801,Coremas,2023,ok,ok,1094164.29,1094164.29,1094164.29,new_observed,3609077.83,3609077.83,3573579.2338521816,new_observed,1987009964.89,5760853.87314942,1,
2504801,Coremas,2024,ok,ok,1830733.25,1830733.25,1830733.25,new_observed,5606706.53,5606706.53,5599765.665527202,new_observed,2396385537.79,7969298.512576971,1,
2504801,Coremas,2025,ok,ok,1439835.97,1439835.97,1439835.97,new_observed,8483264.21,8483264.21,8512767.577068472,new_observed,2604121793.38,9952603.547068473,1,
2504850,Coxixola,2019,ok,ok,38597.65,38597.65,38597.65,new_observed,1132801.94,1132801.94,1134938.3510625258,new_observed,1432075762.41,2044925.193503394,1,
2504850,Coxixola,2020,ok,ok,21516.13,21516.13,21516.13,new_observed,1163590.64,1163590.64,1184250.2299866437,new_observed,1484614330.88,2056898.2233615506,1,
2504850,Coxixola,2021,ok,ok,18393.55,18393.55,18393.55,new_observed,1429103.74,1429103.74,1553834.8820728934,new_observed,1825911222.18,2135676.9697380085,1,
2504850,Coxixola,2022,ok,ok,21113.73,21113.73,21113.73,new_observed,1824706.1,1824706.1,1832028.5840642357,new_observed,1872532230.78,2355079.6358029917,1,
2504850,Coxixola,2023,ok,ok,109913.86,109913.86,109913.86,new_observed,2019801.31,2019801.31,1999934.708507916,new_observed,1987009964.89,2603941.119630483,1,
2504850,Coxixola,2024,ok,ok,185790.85,185790.85,185790.85,new_observed,2449651.73,2449651.73,2446619.165236264,new_observed,2396385537.79,2823291.067989697,1,
2504850,Coxixola,2025,ok,ok,187565.58,187565.58,187565.58,new_observed,3977487.91,3977487.91,3991320.944420973,new_observed,2604121793.38,4178886.524420973,1,
2504900,Cruz do Espírito Santo,2019,ok,ok,321529.73,321529.73,321529.73,new_observed,4170765.23,4170765.23,4178631.0966285206,new_observed,1432075762.41,7841678.688048545,1,
2504900,Cruz do Espírito Santo,2020,ok,ok,449773.58,449773.58,449773.58,new_observed,4007337.78,4007337.78,4078488.193750996,new_observed,1484614330.88,7724691.869366485,1,
2504900,Cruz do Espírito Santo,2021,ok,ok,527724.3,527724.3,527724.3,new_observed,4580420.22,4580420.22,4980195.98800294,new_observed,1825911222.18,7481825.331660992,1,
2504900,Cruz do Espírito Santo,2022,ok,ok,888882.23,888882.23,888882.23,new_observed,4414101.55,4414101.55,4431815.190710573,new_observed,1872532230.78,6761847.726796131,1,
2504900,Cruz do Espírito Santo,2023,ok,ok,1006587.47,1006587.47,1006587.47,new_observed,4822783.02,4822783.02,4775346.518267495,new_observed,1987009964.89,7135969.797911265,1,
2504900,Cruz do Espírito Santo,2024,ok,ok,943306.58,943306.58,943306.58,new_observed,6523095.84,6523095.84,6515020.524495923,new_observed,2396385537.79,7999144.5764116235,1,
2504900,Cruz do Espírito Santo,2025,ok,ok,1293411.19,1293411.19,1293411.19,new_observed,6240692.6,6240692.6,6262396.679936854,new_observed,2604121793.38,7555807.869936854,1,
2505006,Cubati,2019,ok,ok,58117.92,58117.92,58117.92,new_observed,1760042.71,1760042.71,1763362.0675888136,new_observed,1432075762.41,3173988.9638751345,1,
2505006,Cubati,2020,ok,ok,116565.15,116565.15,116565.15,new_observed,1775782.24,1775782.24,1807311.3119285638,new_observed,1484614330.88,3281911.162749476,1,
2505006,Cubati,2021,ok,ok,129276.1,129276.1,129276.1,new_observed,2185180.43,2185180.43,2375901.399402289,new_observed,1825911222.18,3402972.3553118315,1,
2505006,Cubati,2022,ok,ok,602749.35,602749.35,602749.35,new_observed,2272586.66,2272586.66,2281706.4736524257,new_observed,1872532230.78,3665732.0482628094,1,
2505006,Cubati,2023,ok,ok,295603.67,295603.67,295603.67,new_observed,2514832.94,2514832.94,2490097.247637197,new_observed,1987009964.89,3438067.2028788077,1,
2505006,Cubati,2024,ok,ok,952278.07,952278.07,952278.07,new_observed,3564372.16,3564372.16,3559959.618704892,new_observed,2396385537.79,4839428.618426532,1,
2505006,Cubati,2025,ok,ok,383312.68,383312.68,383312.68,new_observed,5307642.32,5307642.32,5326101.40788866,new_observed,2604121793.38,5709414.08788866,1,
2505105,Cuité,2019,ok,ok,1036822.1,1036822.1,1036822.1,new_observed,2539371.67,2539371.67,2544160.8052725373,new_observed,1432075762.41,6239980.838991432,1,
2505105,Cuité,2020,ok,ok,874000.64,874000.64,874000.64,new_observed,2613407.72,2613407.72,2659808.8598056016,new_observed,1484614330.88,6028271.083901219,1,
2505105,Cuité,2021,ok,ok,1553455.82,1553455.82,1553455.82,new_observed,3109387.96,3109387.96,3380773.0949927224,new_observed,1825911222.18,6702536.884714439,1,
2505105,Cuité,2022,ok,ok,1481505.31,1481505.31,1481505.31,new_observed,4069093.59,4069093.59,4085422.72539811,new_observed,1872532230.78,7074771.727268645,1,
2505105,Cuité,2023,ok,ok,1651348.11,1651348.11,1651348.11,new_observed,4301038.94,4301038.94,4258734.270624915,new_observed,1987009964.89,7294128.479654958,1,
2505105,Cuité,2024,ok,ok,1878206.36,1878206.36,1878206.36,new_observed,5764209.99,5764209.99,5757074.14293555,new_observed,2396385537.79,8188929.202048744,1,
2505105,Cuité,2025,ok,ok,2360744.06,2360744.06,2360744.06,new_observed,6182877.47,6182877.47,6204380.478632191,new_observed,2604121793.38,8565124.538632192,1,
2505204,Cuitegi,2019,ok,ok,84633.81,84633.81,84633.81,new_observed,1781800.57,1781800.57,1785160.9618871843,new_observed,1432075762.41,3258179.0692838877,4,
2505204,Cuitegi,2020,ok,ok,94789.02,94789.02,94789.02,new_observed,1785324.8,1785324.8,1817023.3003944228,new_observed,1484614330.88,3261331.129907764,6,
2505204,Cuitegi,2021,ok,ok,84483.19,84483.19,84483.19,new_observed,2167294.29,2167294.29,2356454.1700236583,new_observed,1825911222.18,3315710.1080423193,1,
2505204,Cuitegi,2022,ok,ok,99669.86,99669.86,99669.86,new_observed,2243815.23,2243815.23,2252819.584873787,new_observed,1872532230.78,2989678.6355889644,1,
2505204,Cuitegi,2023,ok,ok,174003.55,174003.55,174003.55,new_observed,2452597.47,2452597.47,2428473.92066089,new_observed,1987009964.89,3211935.7758259894,1,
2505204,Cuitegi,2024,ok,ok,239073.97,239073.97,239073.97,new_observed,3379403.88,3379403.88,3375220.321576811,new_observed,2396385537.79,3876373.63914949,1,
2505204,Cuitegi,2025,ok,ok,272947.69,272947.69,272947.69,new_observed,2446392.49,2446392.49,2454900.63189436,new_observed,2604121793.38,2727848.32189436,1,
2505238,Cuité de Mamanguape,2019,ok,ok,124666.63,124666.63,124666.63,new_observed,1716146.51,1716146.51,1719383.0814247266,new_observed,1432075762.41,3213317.4521709215,1,
2505238,Cuité de Mamanguape,2020,ok,ok,100040.62,100040.62,100040.62,new_observed,1737199.89,1737199.89,1768043.9310385583,new_observed,1484614330.88,3186736.603070377,1,
2505238,Cuité de Mamanguape,2021,ok,ok,862879.18,862879.18,862879.18,new_observed,2185126.82,2185126.82,2375843.1103602154,new_observed,1825911222.18,4399401.808158345,1,
2505238,Cuité de Mamanguape,2022,ok,ok,137545.8,137545.8,137545.8,new_observed,2325709.49,2325709.49,2335042.483778322,new_observed,1872532230.78,3142307.1345666475,1,
2505238,Cuité de Mamanguape,2023,ok,ok,1263154.8,1263154.8,1263154.8,new_observed,2629531.06,2629531.06,2603667.206252882,new_observed,1987009964.89,4772369.436681751,1,
2505238,Cuité de Mamanguape,2024,ok,ok,1962020.23,1962020.23,1962020.23,new_observed,3596982.14,3596982.14,3592529.228935148,new_observed,2396385537.79,5957320.395892472,1,
2505238,Cuité de Mamanguape,2025,ok,ok,576612.44,576612.44,576612.44,new_observed,2191742.89,2191742.89,2199365.40338667,new_observed,2604121793.38,2775977.84338667,1,
2505279,Curral de Cima,2019,ok,ok,67283.68,67283.68,67283.68,new_observed,1337461.76,1337461.76,1339984.149836099,new_observed,1432075762.41,2452210.615296974,1,
2505279,Curral de Cima,2020,ok,ok,90162.35,90162.35,90162.35,new_observed,1353581.78,1353581.78,1377614.6689103055,new_observed,1484614330.88,2503858.1624726728,1,
2505279,Curral de Cima,2021,ok,ok,94710.92,94710.92,94710.92,new_observed,1785807.76,1785807.76,1941671.771263056,new_observed,1825911222.18,2766172.8579540006,3,
2505279,Curral de Cima,2022,ok,ok,204991.63,204991.63,204991.63,new_observed,2373307.7,2373307.7,2382831.7037904067,new_observed,1872532230.78,3288754.4514049334,1,
2505279,Curral de Cima,2023,ok,ok,240917.43,240917.43,240917.43,new_observed,2671346.66,2671346.66,2645071.511410543,new_observed,1987009964.89,3561841.0664668363,6,
2505279,Curral de Cima,2024,ok,ok,329996.2,329996.2,329996.2,new_observed,3603352.39,3603352.39,3598891.5928363,new_observed,2396385537.79,4213778.913028834,1,
2505279,Curral de Cima,2025,ok,ok,3722342.62,3722342.62,3722342.62,new_observed,3376721.72,3376721.72,3388465.390588004,new_observed,2604121793.38,7110808.010588004,1,
2505303,Curral Velho,2019,ok,ok,86637.43,86637.43,86637.43,new_observed,1413161.04,1413161.04,1415826.1951099802,new_observed,1432075762.41,2618092.4288032465,1,
2505303,Curral Velho,2020,ok,ok,71328.29,71328.29,71328.29,new_observed,1451139.26,1451139.26,1476904.2851682343,new_observed,1484614330.88,2641106.05411922,1,
2505303,Curral Velho,2021,ok,ok,41720.05,41720.05,41720.05,new_observed,1818610.26,1818610.26,1977337.249767224,new_observed,1825911222.18,2742638.4663512753,2,
2505303,Curral Velho,2022,ok,ok,73032.42,73032.42,73032.42,new_observed,1864043.14,1864043.14,1871523.482279613,new_observed,1872532230.78,2471253.271474587,1,
2505303,Curral Velho,2023,ok,ok,133485.23,133485.23,133485.23,new_observed,1980289.23,1980289.23,1960811.2661147919,new_observed,1987009964.89,2584747.0023822654,1,
2505303,Curral Velho,2024,ok,ok,209212.16,209212.16,209212.16,new_observed,2504929.8,2504929.8,2501828.803334195,new_observed,2396385537.79,2907623.695561974,1,
2505303,Curral Velho,2025,ok,ok,285240.95,285240.95,285240.95,new_observed,1528900.98,1528900.98,1534218.2406331315,new_observed,2604121793.38,1819459.1906331314,2,
2505352,Damião,2019,ok,ok,67738.67,67738.67,67738.67,new_observed,1230647.66,1230647.66,1232968.6034783414,new_observed,1432075762.41,2266525.3307105433,1,
2505352,Damião,2020,ok,ok,88627.19,88627.19,88627.19,new_observed,1252165.58,1252165.58,1274397.8209521857,new_observed,1484614330.88,2325163.328869089,1,
2505352,Damião,2021,ok,ok,87647.11,87647.11,87647.11,new_observed,1523639.55,1523639.55,1656621.7092790245,new_observed,1825911222.18,2369372.459099257,1,
2505352,Damião,2022,ok,absent_dca,,,94292.3834982567,imputed_temporal,,,1822419.947681225,imputed_temporal,1872532230.78,2435868.06290842,1,
2505352,Damião,2023,ok,ok,94199.22,94199.22,94199.22,new_observed,2090855.29,2090855.29,2070289.8073367341,new_observed,1987009964.89,2671377.493815602,1,
2505352,Damião,2024,ok,ok,165476.46,165476.46,165476.46,new_observed,2987167.15,2987167.15,2983469.1639836454,new_observed,2396385537.79,3377281.6553352685,1,
2505352,Damião,2025,ok,ok,204763.32,204763.32,204763.32,new_observed,2352648.47,2352648.47,2360830.5859491494,new_observed,2604121793.38,2565593.9059491493,1,
2505402,Desterro,2019,ok,ok,231652.78,231652.78,231652.78,new_observed,1851288.9,1851288.9,1854780.3436021279,new_observed,1432075762.41,3635678.5434370744,1,
2505402,Desterro,2020,ok,ok,287818.46,287818.46,287818.46,new_observed,1856948.25,1856948.25,1889918.427098894,new_observed,1484614330.88,3714967.7438938064,1,
2505402,Desterro,2021,ok,ok,249427.83,249427.83,249427.83,new_observed,2374940.01,2374940.01,2582223.058466383,new_observed,1825911222.18,3846445.8888219893,1,
2505402,Desterro,2022,ok,ok,523340.72,523340.72,523340.72,new_observed,2293135.19,2293135.19,2302337.4642105773,new_observed,1872532230.78,3591034.049820111,1,
2505402,Desterro,2023,ok,ok,546249.8,546249.8,546249.8,new_observed,2665324.27,2665324.27,2639108.357149013,new_observed,1987009964.89,3931317.730549994,1,
2505402,Desterro,2024,ok,ok,545957.55,545957.55,545957.55,new_observed,3834393.95,3834393.95,3829647.13320125,new_observed,2396385537.79,4692888.094040782,1,
2505402,Desterro,2025,ok,ok,594466.85,594466.85,594466.85,new_observed,3252714.3,3252714.3,3264026.6936242185,new_observed,2604121793.38,3858493.5436242186,1,
2505501,Vista Serrana,2019,ok,ok,127785.96,127785.96,127785.96,new_observed,1580118.44,1580118.44,1583098.468896593,new_observed,1432075762.41,2981272.554617524,1,
2505501,Vista Serrana,2020,ok,ok,138102.89,138102.89,138102.89,new_observed,1621326.38,1621326.38,1650113.0830670933,new_observed,1484614330.88,3050490.028623119,2,
2505501,Vista Serrana,2021,ok,ok,185546.68,185546.68,185546.68,new_observed,1962001.24,1962001.24,2133243.2909190143,new_observed,1825911222.18,3149788.057211273,2,
2505501,Vista Serrana,2022,ok,ok,309923.18,309923.18,309923.18,new_observed,2010558.6,2010558.6,2018626.9038812178,new_observed,1872532230.78,2959255.1213559494,1,
2505501,Vista Serrana,2023,ok,ok,204966.39,204966.39,204966.39,new_observed,2215970.33,2215970.33,2194174.2259741086,new_observed,1987009964.89,2960980.7049463363,1,
2505501,Vista Serrana,2024,ok,ok,250672.44,250672.44,250672.44,new_observed,2827807.53,2827807.53,2824306.8244225155,new_observed,2396385537.79,3297951.854479033,1,
2505501,Vista Serrana,2025,ok,ok,281409.14,281409.14,281409.14,new_observed,2489300.43,2489300.43,2497957.7984977798,new_observed,2604121793.38,2779366.93849778,4,
2505600,Diamante,2019,ok,ok,182732.97,182732.97,182732.97,new_observed,1645961.17,1645961.17,1649065.3751817776,new_observed,1432075762.41,3191969.0423544697,1,
2505600,Diamante,2020,ok,ok,114968.72,114968.72,114968.72,new_observed,1711556.42,1711556.42,1741945.1603874336,new_observed,1484614330.88,3167680.72841792,1,
2505600,Diamante,2021,ok,ok,100632.46,100632.46,100632.46,new_observed,2116666.78,2116666.78,2301407.9275231,new_observed,1825911222.18,3262873.4039938813,1,
2505600,Diamante,2022,ok,ok,225532.81,225532.81,225532.81,new_observed,2191681.16,2191681.16,2200476.3026084374,new_observed,1872532230.78,3083111.649879779,1,
2505600,Diamante,2023,ok,ok,161509.51,161509.51,161509.51,new_observed,2382357.7,2382357.7,2358925.0233287,new_observed,1987009964.89,3110679.7040475113,1,
2505600,Diamante,2024,ok,ok,347081.5,347081.5,347081.5,new_observed,3059327.49,3059327.49,3055540.1725485916,new_observed,2396385537.79,3649352.236259591,1,
2505600,Diamante,2025,ok,ok,348924.62,348924.62,348924.62,new_observed,1903299.55,1903299.55,1909918.9059312597,new_observed,2604121793.38,2258843.5259312596,1,
2505709,Dona Inês,2019,ok,ok,181933.97,181933.97,181933.97,new_observed,1908982.3,1908982.3,1912582.5506350633,new_observed,1432075762.41,3649764.1294154967,1,
2505709,Dona Inês,2020,ok,ok,148573.8,148573.8,148573.8,new_observed,1967433.72,1967433.72,2002365.5702433959,new_observed,1484614330.88,3669254.2734904806,1,
2505709,Dona Inês,2021,ok,ok,462262.92,462262.92,462262.92,new_observed,2351125.19,2351125.19,2556329.698180105,new_observed,1825911222.18,4100383.0004325453,1,
2505709,Dona Inês,2022,ok,ok,368993.61,368993.61,368993.61,new_observed,2381990.14,2381990.14,2391548.9861294213,new_observed,1872532230.78,3508256.0052566836,1,
2505709,Dona Inês,2023,ok,ok,780932.97,780932.97,780932.97,new_observed,2617569.03,2617569.03,2591822.833807548,new_observed,1987009964.89,4162600.8876162083,1,
2505709,Dona Inês,2024,ok,ok,312845.26,312845.26,312845.26,new_observed,3866974.41,3866974.41,3862187.259976011,new_observed,2396385537.79,4477772.062099092,1,
2505709,Dona Inês,2025,ok,ok,282608.23,282608.23,282608.23,new_observed,3434951.88,3434951.88,3446898.0652972483,new_observed,2604121793.38,3729506.2952972483,1,
2505808,Duas Estradas,2019,ok,ok,109360.0,109360.0,109360.0,new_observed,1337476.38,1337476.38,1339998.7974087298,new_observed,1432075762.41,2525555.5147549165,1,
2505808,Duas Estradas,2020,ok,ok,111811.43,111811.43,111811.43,new_observed,1332187.88,1332187.88,1355840.9195139445,new_observed,1484614330.88,2503645.490873603,2,
2505808,Duas Estradas,2021,ok,ok,209615.65,209615.65,209615.65,new_observed,1581801.15,1581801.15,1719859.6117123151,new_observed,1825911222.18,2620952.3985552485,2,
2505808,Duas Estradas,2022,ok,ok,147614.08,147614.08,147614.08,new_observed,2009724.8,2009724.8,2017789.7578699272,new_observed,1872532230.78,2751919.506210324,1,
2505808,Duas Estradas,2023,ok,ok,193803.96,193803.96,193803.96,new_observed,2107741.62,2107741.62,2087010.0447675728,new_observed,1987009964.89,2814943.9072982823,1,
2505808,Duas Estradas,2024,ok,ok,196233.35,196233.35,196233.35,new_observed,2786844.68,2786844.68,2783394.6846904326,new_observed,2396385537.79,3195686.525876619,1,
2505808,Duas Estradas,2025,ok,ok,158578.02,158578.02,158578.02,new_observed,1459372.75,1459372.75,1464448.203135389,new_observed,2604121793.38,1623026.223135389,3,
2505907,Emas,2019,ok,ok,51194.5,51194.5,51194.5,new_observed,1481676.21,1481676.21,1484470.5814910352,new_observed,1432075762.41,2675947.061769897,1,
2505907,Emas,2020,ok,ok,121067.56,121067.56,121067.56,new_observed,1508179.5,1508179.5,1534957.2765007298,new_observed,1484614330.88,2824987.209030019,4,
2505907,Emas,2021,ok,ok,316869.87,316869.87,316869.87,new_observed,1839739.18,1839739.18,2000310.286641739,new_observed,1825911222.18,3147601.3245410086,1,
2505907,Emas,2022,ok,ok,148392.16,148392.16,148392.16,new_observed,1882631.02,1882631.02,1890185.9548154124,new_observed,1872532230.78,2590742.096685518,1,
2505907,Emas,2023,ok,ok,145947.0,145947.0,145947.0,new_observed,1994075.92,1994075.92,1974462.3513526954,new_observed,1987009964.89,2616975.0677135237,1,
2505907,Emas,2024,ok,ok,144992.83,144992.83,144992.83,new_observed,2662016.07,2662016.07,2658720.6072060377,new_observed,2396385537.79,3007016.026626099,1,
2505907,Emas,2025,ok,ok,168779.43,168779.43,168779.43,new_observed,2743819.84,2743819.84,2753362.384226531,new_observed,2604121793.38,2922141.814226531,1,
2506004,Esperança,2019,ok,ok,1175558.34,1175558.34,1175558.34,new_observed,9489705.95,9489705.95,9507603.088110212,new_observed,1432075762.41,18615761.19592969,1,
2506004,Esperança,2020,ok,ok,1453390.78,1453390.78,1453390.78,new_observed,9111671.04,9111671.04,9273449.058238076,new_observed,1484614330.88,18298750.518964723,1,
2506004,Esperança,2021,ok,ok,1959051.88,1959051.88,1959051.88,new_observed,10556234.77,10556234.77,11477575.315124938,new_observed,1825911222.18,18251988.493649945,1,
2506004,Esperança,2022,ok,ok,2574106.43,2574106.43,2574106.43,new_observed,11255977.56,11255977.56,11301147.418483233,new_observed,1872532230.78,17633469.125473358,1,
2506004,Esperança,2023,ok,ok,2369690.14,2369690.14,2369690.14,new_observed,11748008.78,11748008.78,11632456.320655487,new_observed,1987009964.89,17281223.627236098,1,
2506004,Esperança,2024,ok,ok,3714030.64,3714030.64,3714030.64,new_observed,13606551.09,13606551.09,13589706.757850178,new_observed,2396385537.79,18558464.280043013,1,
2506004,Esperança,2025,ok,ok,4049445.1,4049445.1,4049445.1,new_observed,14542082.55,14542082.55,14592657.46889819,new_observed,2604121793.38,18642102.56889819,1,
2506103,Fagundes,2019,ok,ok,233453.59,233453.59,233453.59,new_observed,1459008.61,1459008.61,1461760.2314659064,new_observed,1432075762.41,2953966.0042402893,1,
2506103,Fagundes,2020,ok,ok,138953.32,138953.32,138953.32,new_observed,1544316.8,1544316.8,1571736.1954477716,new_observed,1484614330.88,2918238.841135633,1,
2506103,Fagundes,2021,ok,ok,171897.46,171897.46,171897.46,new_observed,1996185.53,1996185.53,2170411.161056206,new_observed,1825911222.18,3181735.2211428545,1,
2506103,Fagundes,2022,ok,ok,235484.2,235484.2,235484.2,new_observed,2458038.13,2458038.13,2467902.1541495374,new_observed,1872532230.78,3435618.5717879953,1,
2506103,Fagundes,2023,ok,ok,227210.78,227210.78,227210.78,new_observed,2687760.44,2687760.44,2661323.846804767,new_observed,1987009964.89,3564982.910376681,1,
2506103,Fagundes,2024,ok,ok,247436.41,247436.41,247436.41,new_observed,3868750.77,3868750.77,3863961.4209178025,new_observed,2396385537.79,4409523.100807925,1,
2506103,Fagundes,2025,ok,ok,388207.08,388207.08,388207.08,new_observed,3360734.85,3360734.85,3372422.920941192,new_observed,2604121793.38,3760630.0009411923,2,
2506202,Frei Martinho,2019,ok,ok,71335.1,71335.1,71335.1,new_observed,1190953.88,1190953.88,1193199.962880287,new_observed,1432075762.41,2203494.0605239454,1,
2506202,Frei Martinho,2020,ok,ok,69449.21,69449.21,69449.21,new_observed,1213608.15,1213608.15,1235155.8025175978,new_observed,1484614330.88,2225505.555210335,1,
2506202,Frei Martinho,2021,ok,ok,61618.08,61618.08,61618.08,new_observed,1479567.09,1479567.09,1608702.6368072373,new_observed,1825911222.18,2268923.15021823,1,
2506202,Frei Martinho,2022,ok,ok,114576.15,114576.15,114576.15,new_observed,1911768.19,1911768.19,1919440.0512963408,new_observed,1872532230.78,2584944.555100329,1,
2506202,Frei Martinho,2023,ok,ok,61390.73,61390.73,61390.73,new_observed,2030655.11,2030655.11,2010681.7514134399,new_observed,1987009964.89,2557318.481403128,1,
2506202,Frei Martinho,2024,ok,ok,443788.35,443788.35,443788.35,new_observed,2637239.87,2637239.87,2633975.079088975,new_observed,2396385537.79,3300937.9042163966,3,
2506202,Frei Martinho,2025,ok,ok,988063.13,988063.13,988063.13,new_observed,1877749.32,1877749.32,1884279.8165257627,new_observed,2604121793.38,2872342.946525763,1,
2506251,Gado Bravo,2019,ok,ok,130794.62,130794.62,130794.62,new_observed,1611244.3,1611244.3,1614283.0308013891,new_observed,1432075762.41,3040855.3717248486,1,
2506251,Gado Bravo,2020,ok,ok,58184.65,58184.65,58184.65,new_observed,1653724.54,1653724.54,1683086.4734607667,new_observed,1484614330.88,2970407.5342397974,1,
2506251,Gado Bravo,2021,ok,ok,70620.46,70620.46,70620.46,new_observed,2034091.67,2034091.67,2211625.7215728126,new_observed,1825911222.18,3100147.860086265,1,
2506251,Gado Bravo,2022,ok,ok,206856.6,206856.6,206856.6,new_observed,2070862.92,2070862.92,2079173.2230843795,new_observed,1872532230.78,2905217.932980467,1,
2506251,Gado Bravo,2023,ok,ok,96040.85,96040.85,96040.85,new_observed,2258545.53,2258545.53,2236330.6597679183,new_observed,1987009964.89,2878575.349525862,1,
2506251,Gado Bravo,2024,ok,ok,126702.93,126702.93,126702.93,new_observed,3350499.54,3350499.54,3346351.7639216767,new_observed,2396385537.79,3724892.4898611223,1,
2506251,Gado Bravo,2025,ok,ok,332888.04,332888.04,332888.04,new_observed,4943673.67,4943673.67,4960866.936099247,new_observed,2604121793.38,5293754.976099247,1,
2506301,Guarabira,2019,ok,ok,4123027.34,4123027.34,4123027.34,new_observed,12189999.27,12189999.27,12212989.034029368,new_observed,1432075762.41,28466047.410979055,1,
2506301,Guarabira,2020,ok,ok,4185617.58,4185617.58,4185617.58,new_observed,12741809.78,12741809.78,12968041.030659257,new_observed,1484614330.88,29262161.469495986,2,
2506301,Guarabira,2021,ok,ok,4215401.4,4215401.4,4215401.4,new_observed,15531883.79,15531883.79,16887495.387286957,new_observed,1825911222.18,28665663.17207869,6,
2506301,Guarabira,2022,ok,ok,6111186.51,6111186.51,6111186.51,new_observed,19523142.34,19523142.34,19601488.052040122,new_observed,1872532230.78,32677142.91747118,1,
2506301,Guarabira,2023,ok,ok,6930124.99,6930124.99,6930124.99,new_observed,20070587.03,20070587.03,19873174.367544997,new_observed,1987009964.89,33080200.342641257,1,
2506301,Guarabira,2024,ok,ok,10119684.34,10119684.34,10119684.34,new_observed,25889384.25,25889384.25,25857334.292257078,new_observed,2396385537.79,38585780.62286922,1,
2506301,Guarabira,2025,ok,ok,12951295.71,12951295.71,12951295.71,new_observed,28445027.87,28445027.87,28543954.895935632,new_observed,2604121793.38,41495250.60593563,1,
2506400,Gurinhém,2019,ok,ok,290156.83,290156.83,290156.83,new_observed,2243109.0,2243109.0,2247339.3978417013,new_observed,1432075762.41,4421670.881877663,1,
2506400,Gurinhém,2020,ok,ok,277839.9,277839.9,277839.9,new_observed,2116860.18,2116860.18,2154445.1019428694,new_observed,1484614330.88,4149197.444238411,1,
2506400,Gurinhém,2021,ok,ok,298855.11,298855.11,298855.11,new_observed,3190420.39,3190420.39,3468877.9769470096,new_observed,1825911222.18,5117997.243761555,1,
2506400,Gurinhém,2022,ok,ok,746531.17,746531.17,746531.17,new_observed,3239731.09,3239731.09,3252732.0216453387,new_observed,1872532230.78,5082493.249103985,1,
2506400,Gurinhém,2023,ok,ok,714214.06,714214.06,714214.06,new_observed,3607084.97,3607084.97,3571605.9754611384,new_observed,1987009964.89,5289490.055471516,1,
2506400,Gurinhém,2024,ok,ok,814588.0,814588.0,814588.0,new_observed,5138677.43,5138677.43,5132315.9656679155,new_observed,2396385537.79,6378125.273526516,1,
2506400,Gurinhém,2025,ok,ok,840561.29,840561.29,840561.29,new_observed,4494832.98,4494832.98,4510465.253619876,new_observed,2604121793.38,5351026.543619876,1,
2506509,Gurjão,2019,ok,ok,47499.34,47499.34,47499.34,new_observed,1210710.51,1210710.51,1212993.8529532088,new_observed,1432075762.41,2196450.968846091,1,
2506509,Gurjão,2020,ok,ok,114300.69,114300.69,114300.69,new_observed,1244924.38,1244924.38,1267028.0532086263,new_observed,1484614330.88,2356387.383220361,1,
2506509,Gurjão,2021,ok,ok,61492.47,61492.47,61492.47,new_observed,1538937.34,1538937.34,1673254.6793394247,new_observed,1825911222.18,2356438.4535892312,1,
2506509,Gurjão,2022,ok,ok,83100.48,83100.48,83100.48,new_observed,1974219.3,1974219.3,1982141.7754954,new_observed,1872532230.78,2624628.4173663636,1,
2506509,Gurjão,2023,ok,ok,133104.75,133104.75,133104.75,new_observed,2182416.98,2182416.98,2160950.9039970995,new_observed,1987009964.89,2831286.537492293,1,
2506509,Gurjão,2024,ok,ok,216489.65,216489.65,216489.65,new_observed,2820326.11,2820326.11,2816834.666102614,new_observed,2396385537.79,3253276.4266967103,1,
2506509,Gurjão,2025,ok,ok,245506.37,245506.37,245506.37,new_observed,4193687.43,4193687.43,4208272.370013053,new_observed,2604121793.38,4453778.740013053,1,
2506608,Ibiara,2019,ok,ok,140494.42,140494.42,140494.42,new_observed,1690106.9,1690106.9,1693294.3619476827,new_observed,1432075762.41,3195437.4440779695,1,
2506608,Ibiara,2020,ok,ok,109912.59,109912.59,109912.59,new_observed,1719081.19,1719081.19,1749603.5329256456,new_observed,1484614330.88,3172119.8538001073,1,
2506608,Ibiara,2021,ok,ok,172427.77,172427.77,172427.77,new_observed,2105314.35,2105314.35,2289064.6656334554,new_observed,1825911222.18,3343631.624213598,1,
2506608,Ibiara,2022,ok,ok,384654.99,384654.99,384654.99,new_observed,2152858.03,2152858.03,2161497.3766965647,new_observed,1872532230.78,3235796.5942225074,1,
2506608,Ibiara,2023,ok,ok,395593.68,395593.68,395593.68,new_observed,2385559.85,2385559.85,2362095.6772416085,new_observed,1987009964.89,3403495.786224641,2,
2506608,Ibiara,2024,ok,ok,506943.39,506943.39,506943.39,new_observed,3033336.12,3033336.12,3029580.9787603593,new_observed,2396385537.79,3792964.4714381183,2,
2506608,Ibiara,2025,ok,ok,424032.7,424032.7,424032.7,new_observed,2183752.3,2183752.3,2191347.0234576957,new_observed,2604121793.38,2615379.723457696,1,
2506707,Imaculada,2019,ok,ok,254461.82,254461.82,254461.82,new_observed,1765043.3,1765043.3,1768372.0884658433,new_observed,1432075762.41,3524854.813102873,1,
2506707,Imaculada,2020,ok,ok,341559.63,341559.63,341559.63,new_observed,1788860.0,1788860.0,1820621.2679864005,new_observed,1484614330.88,3688431.0221623476,1,
2506707,Imaculada,2021,ok,ok,328833.41,328833.41,328833.41,new_observed,2179544.18,2179544.18,2369773.221573797,new_observed,1825911222.18,3665721.797077394,1,
2506707,Imaculada,2022,ok,ok,562442.82,562442.82,562442.82,new_observed,2253145.87,2253145.87,2262187.6684175497,new_observed,1872532230.78,3589702.5778614013,1,
2506707,Imaculada,2023,ok,ok,619011.67,619011.67,619011.67,new_observed,2515688.82,2515688.82,2490944.7092710924,new_observed,1987009964.89,3838258.070799904,1,
2506707,Imaculada,2024,ok,ok,831798.41,831798.41,831798.41,new_observed,3646464.0,3646464.0,3641949.8324947963,new_observed,2396385537.79,4798148.229327616,1,
2506707,Imaculada,2025,ok,ok,408307.08,408307.08,408307.08,new_observed,4025256.91,4025256.91,4039256.076974034,new_observed,2604121793.38,4447563.156974033,4,
2506806,Ingá,2019,ok,ok,212413.01,212413.01,212413.01,new_observed,2932610.95,2932610.95,2938141.716018696,new_observed,1432075762.41,5489945.53802662,1,
2506806,Ingá,2020,ok,partial,,,388966.6273488659,imputed_temporal,2898043.05,2898043.05,2949497.8994276663,new_observed,1484614330.88,5695035.109420596,1,
2506806,Ingá,2021,ok,ok,677307.74,677307.74,677307.74,new_observed,2775147.09,2775147.09,3017359.9233076554,new_observed,1825911222.18,5018746.944398261,1,
2506806,Ingá,2022,ok,ok,1022599.39,1022599.39,1022599.39,new_observed,3567642.13,3567642.13,3581958.957594219,new_observed,1872532230.78,5851737.081380965,1,
2506806,Ingá,2023,ok,ok,774075.75,774075.75,774075.75,new_observed,3726754.16,3726754.16,3690098.1090364098,new_observed,1987009964.89,5509611.471758473,1,
2506806,Ingá,2024,ok,ok,1018847.6,1018847.6,1018847.6,new_observed,5759778.3,5759778.3,5752647.93917948,new_observed,2396385537.79,7262509.549061123,1,
2506806,Ingá,2025,ok,ok,841657.42,841657.42,841657.42,new_observed,6542435.32,6542435.32,6565188.810400566,new_observed,2604121793.38,7406846.230400566,1,
2506905,Itabaiana,2019,ok,ok,805686.71,805686.71,805686.71,new_observed,3511731.63,3511731.63,3518354.5903234556,new_observed,1432075762.41,7534784.603774156,1,
2506905,Itabaiana,2020,ok,ok,485213.47,485213.47,485213.47,new_observed,3591896.5,3591896.5,3655670.740195384,new_observed,1484614330.88,7063870.462592049,1,
2506905,Itabaiana,2021,ok,ok,696616.48,696616.48,696616.48,new_observed,4292137.96,4292137.96,4666752.660599146,new_observed,1825911222.18,7285470.558930884,1,
2506905,Itabaiana,2022,ok,ok,1053703.82,1053703.82,1053703.82,new_observed,5622894.82,5622894.82,5645459.307351867,new_observed,1872532230.78,8513681.080190253,1,
2506905,Itabaiana,2023,ok,ok,1029279.22,1029279.22,1029279.22,new_observed,6134262.46,6134262.46,6073926.353108045,new_observed,1987009964.89,8766661.90601776,1,
2506905,Itabaiana,2024,ok,ok,1371404.87,1371404.87,1371404.87,new_observed,7587867.58,7587867.58,7578474.122320608,new_observed,2396385537.79,9598851.726120463,1,
2506905,Itabaiana,2025,ok,absent_dca,,1636895.08,1636895.08,legacy_snapshot,,7409000.13,7434767.3871588735,legacy_snapshot,2604121793.38,9071662.467158873,1,
2507002,Itaporanga,2019,ok,ok,1059528.13,1059528.13,1059528.13,new_observed,4686753.64,4686753.64,4695592.636447895,new_observed,1432075762.41,10028487.780782472,1,
2507002,Itaporanga,2020,ok,ok,1039201.32,1039201.32,1039201.32,new_observed,4891299.41,4891299.41,4978144.591491415,new_observed,1484614330.88,10264897.51699134,1,
2507002,Itaporanga,2021,ok,ok,1271631.49,1271631.49,1271631.49,new_observed,6245578.93,6245578.93,6790688.547336318,new_observed,1825911222.18,10951659.997456495,1,
2507002,Itaporanga,2022,ok,ok,1839950.26,1839950.26,1839950.26,new_observed,6689423.75,6689423.75,6716268.181992798,new_observed,1872532230.78,10873733.581759203,1,
2507002,Itaporanga,2023,ok,ok,2534263.62,2534263.62,2534263.62,new_observed,7095363.8,7095363.8,7025574.378457363,new_observed,1987009964.89,11798598.076066475,1,
2507002,Itaporanga,2024,ok,ok,2506631.71,2506631.71,2506631.71,new_observed,8839706.12,8839706.12,8828762.939394774,new_observed,2396385537.79,12157345.656847505,1,
2507002,Itaporanga,2025,ok,ok,2480484.18,2480484.18,2480484.18,new_observed,9114897.05,9114897.05,9146597.129922122,new_observed,2604121793.38,11627081.309922121,1,
2507101,Itapororoca,2019,ok,ok,266144.75,266144.75,266144.75,new_observed,3837990.83,3837990.83,3845229.0997959403,new_observed,1432075762.41,7164204.555928925,1,
2507101,Itapororoca,2020,ok,ok,269868.16,269868.16,269868.16,new_observed,3299476.98,3299476.98,3358059.3020244953,new_observed,1484614330.88,6188825.4630071325,1,
2507101,Itapororoca,2021,ok,ok,302915.03,302915.03,302915.03,new_observed,4236208.79,4236208.79,4605942.033043595,new_observed,1825911222.18,6668072.376388564,1,
2507101,Itapororoca,2022,ok,ok,455918.08,455918.08,455918.08,new_observed,4801647.98,4801647.98,4820916.831469078,new_observed,1872532230.78,6706104.732042903,1,
2507101,Itapororoca,2023,ok,ok,1419972.08,1419972.08,1419972.08,new_observed,5824827.13,5824827.13,5767534.603859401,new_observed,1987009964.89,8870704.979057463,1,
2507101,Itapororoca,2024,ok,ok,970427.5,970427.5,970427.5,new_observed,7678318.9,7678318.9,7668813.467429442,new_observed,2396385537.79,9265688.74771777,1,
2507101,Itapororoca,2025,ok,ok,728805.67,728805.67,728805.67,new_observed,8426676.37,8426676.37,8455982.934072146,new_observed,2604121793.38,9184788.604072146,1,
2507200,Itatuba,2019,ok,ok,306995.19,306995.19,306995.19,new_observed,2782620.05,2782620.05,2787867.940251341,new_observed,1432075762.41,5392901.095292899,1,
2507200,Itatuba,2020,ok,ok,256199.58,256199.58,256199.58,new_observed,2905785.8,2905785.8,2957378.12220793,new_observed,1484614330.88,5481992.602927656,1,
2507200,Itatuba,2021,ok,ok,221595.08,221595.08,221595.08,new_observed,2829648.24,2829648.24,3076617.894309178,new_observed,1825911222.18,4480212.510364162,1,
2507200,Itatuba,2022,ok,ok,279357.13,279357.13,279357.13,new_observed,3680271.44,3680271.44,3695040.245218255,new_observed,1872532230.78,5050892.342119887,1,
2507200,Itatuba,2023,ok,ok,453293.03,453293.03,453293.03,new_observed,3716708.82,3716708.82,3680151.5741840466,new_observed,1987009964.89,5101430.752521424,2,
2507200,Itatuba,2024,ok,ok,573669.68,573669.68,573669.68,new_observed,5323550.81,5323550.81,5316960.480278164,new_observed,2396385537.79,6317770.9475669945,1,
2507200,Itatuba,2025,ok,ok,506363.58,506363.58,506363.58,new_observed,4918214.31,4918214.31,4935319.032724337,new_observed,2604121793.38,5441682.612724337,1,
2507309,Jacaraú,2019,ok,ok,280114.7,280114.7,280114.7,new_observed,3482743.85,3482743.85,3489312.1407367582,new_observed,1432075762.41,6568350.612773244,1,
2507309,Jacaraú,2020,ok,ok,262479.78,262479.78,262479.78,new_observed,3501745.16,3501745.16,3563918.7601961256,new_observed,1484614330.88,6527394.212001257,1,
2507309,Jacaraú,2021,ok,ok,170551.45,170551.45,170551.45,new_observed,1864844.83,1864844.83,2027607.1396379492,new_observed,1825911222.18,2985925.314638945,4,
2507309,Jacaraú,2022,ok,ok,335442.53,335442.53,335442.53,new_observed,3077274.96,3077274.96,3089623.9606724214,new_observed,1872532230.78,4352771.118675257,2,
2507309,Jacaraú,2023,ok,ok,386901.02,386901.02,386901.02,new_observed,3428447.14,3428447.14,3394725.2126352456,new_observed,1987009964.89,4667222.185142944,1,
2507309,Jacaraú,2024,ok,ok,573554.85,573554.85,573554.85,new_observed,5206479.85,5206479.85,5200034.449152667,new_observed,2396385537.79,6192243.23118054,1,
2507309,Jacaraú,2025,ok,ok,568232.82,568232.82,568232.82,new_observed,4208175.53,4208175.53,4222810.857189715,new_observed,2604121793.38,4791043.677189715,1,
2507408,Jericó,2019,ok,ok,216127.95,216127.95,216127.95,new_observed,1780243.35,1780243.35,1783600.8050436662,new_observed,1432075762.41,3484593.3210907043,5,
2507408,Jericó,2020,ok,ok,197533.08,197533.08,197533.08,new_observed,1818557.2,1818557.2,1850845.7427466644,new_observed,1484614330.88,3494297.8184643583,1,
2507408,Jericó,2021,ok,ok,244517.69,244517.69,244517.69,new_observed,1839642.11,1839642.11,2000204.7444422606,new_observed,1825911222.18,3049176.512074619,1,
2507408,Jericó,2022,ok,ok,369962.86,369962.86,369962.86,new_observed,2374102.72,2374102.72,2383629.9141788646,new_observed,1872532230.78,3499423.7725544274,1,
2507408,Jericó,2023,ok,ok,408469.15,408469.15,408469.15,new_observed,2636615.81,2636615.81,2610682.2712278133,new_observed,1987009964.89,3726188.054190876,1,
2507408,Jericó,2024,ok,ok,568096.68,568096.68,568096.68,new_observed,3402685.3,3402685.3,3398472.9201680054,new_observed,2396385537.79,4254193.099819476,1,
2507408,Jericó,2025,ok,ok,465417.79,465417.79,465417.79,new_observed,3380901.66,3380901.66,3392659.867716766,new_observed,2604121793.38,3858077.657716766,1,
2507507,João Pessoa,2019,ok,ok,264045293.57,264045293.57,264045293.57,new_observed,382658850.5,382658850.5,383380527.05484563,new_observed,1432075762.41,1128160849.1956415,1,
2507507,João Pessoa,2020,ok,ok,246031422.98,246031422.98,246031422.98,new_observed,363089531.32,363089531.32,369536197.8603168,new_observed,1484614330.88,1050087303.5464097,1,
2507507,João Pessoa,2021,ok,ok,291308040.7,291308040.7,291308040.7,new_observed,322885340.8,322885340.8,351066540.09948504,new_observed,1825911222.18,872586050.5841314,1,
2507507,João Pessoa,2022,ok,ok,367204153.43,367204153.43,367204153.43,new_observed,425345185.0,425345185.0,427052080.8880347,new_observed,1872532230.78,1009386418.331568,1,
2507507,João Pessoa,2023,ok,ok,431909921.89,431909921.89,431909921.89,new_observed,435081672.59,435081672.59,430802244.6269322,new_observed,1987009964.89,1064745460.0913042,1,
2507507,João Pessoa,2024,ok,ok,498674249.4,498674249.4,498674249.4,new_observed,497069024.36,497069024.36,496453674.0267432,new_observed,2396385537.79,1067286540.2640165,1,
2507507,João Pessoa,2025,ok,ok,579833833.53,579833833.53,579833833.53,new_observed,563950578.26,563950578.26,565911903.5832486,new_observed,2604121793.38,1145745737.1132486,1,
2507606,Juarez Távora,2019,ok,ok,122114.77,122114.77,122114.77,new_observed,1720902.29,1720902.29,1724147.830601636,new_observed,1432075762.41,3217173.4845586764,1,
2507606,Juarez Távora,2020,ok,ok,215226.16,215226.16,215226.16,new_observed,1764488.74,1764488.74,1795817.2954655627,new_observed,1484614330.88,3430607.9916641647,1,
2507606,Juarez Távora,2021,ok,ok,139110.46,139110.46,139110.46,new_observed,2147648.37,2147648.37,2335093.5683178552,new_observed,1825911222.18,3360898.7434126637,1,
2507606,Juarez Távora,2022,ok,ok,196490.96,196490.96,196490.96,new_observed,2242275.01,2242275.01,2251273.1840228513,new_observed,1872532230.78,3110759.192689362,1,
2507606,Juarez Távora,2023,ok,ok,184859.67,184859.67,184859.67,new_observed,2527346.85,2527346.85,2502488.071835714,new_observed,1987009964.89,3316681.2974927896,1,
2507606,Juarez Távora,2024,ok,ok,212415.35,212415.35,212415.35,new_observed,3528795.2,3528795.2,3524426.701469819,new_observed,2396385537.79,4007807.5699982233,1,
2507606,Juarez Távora,2025,ok,ok,292846.46,292846.46,292846.46,new_observed,2862297.55,2862297.55,2872252.139788361,new_observed,2604121793.38,3165098.5997883608,1,
2507705,Juazeirinho,2019,ok,ok,467645.76,467645.76,467645.76,new_observed,2979601.97,2979601.97,2985221.358867424,new_observed,1432075762.41,6016734.855001073,1,
2507705,Juazeirinho,2020,ok,ok,694097.99,694097.99,694097.99,new_observed,3158620.63,3158620.63,3214702.0429092287,new_observed,1484614330.88,6667961.646612551,1,
2507705,Juazeirinho,2021,ok,ok,532452.31,532452.31,532452.31,new_observed,4035815.92,4035815.92,4388059.018109565,new_observed,1825911222.18,6683903.247394882,1,
2507705,Juazeirinho,2022,ok,ok,767433.26,767433.26,767433.26,new_observed,4528813.35,4528813.35,4546987.325296774,new_observed,1872532230.78,6753870.764018833,1,
2507705,Juazeirinho,2023,ok,ok,1063004.35,1063004.35,1063004.35,new_observed,5063199.74,5063199.74,5013398.518953458,new_observed,1987009964.89,7499398.547402994,1,
2507705,Juazeirinho,2024,ok,ok,1079753.16,1079753.16,1079753.16,new_observed,6697139.14,6697139.14,6688848.366285076,new_observed,2396385537.79,8331917.586160396,1,
2507705,Juazeirinho,2025,ok,ok,1220416.39,1220416.39,1220416.39,new_observed,6504420.95,6504420.95,6527042.232811103,new_observed,2604121793.38,7747458.622811102,1,
2507804,Junco do Seridó,2019,ok,ok,186245.86,186245.86,186245.86,new_observed,2480256.45,2480256.45,2484934.096754102,new_observed,1432075762.41,4654619.189357733,1,
2507804,Junco do Seridó,2020,ok,ok,173749.12,173749.12,173749.12,new_observed,2596651.76,2596651.76,2642755.3971860954,new_observed,1484614330.88,4804631.58513896,4,
2507804,Junco do Seridó,2021,ok,ok,317375.05,317375.05,317375.05,new_observed,3244994.58,3244994.58,3528215.362826969,new_observed,1825911222.18,5223756.746907029,3,
2507804,Junco do Seridó,2022,ok,ok,7781146.3,7781146.3,7781146.3,new_observed,3330642.77,3330642.77,3344008.527152336,new_observed,1872532230.78,14138485.414603524,1,
2507804,Junco do Seridó,2023,ok,ok,12554135.14,12554135.14,12554135.14,new_observed,3728738.23,3728738.23,3692062.663885178,new_observed,1987009964.89,20050795.64980559,2,
2507804,Junco do Seridó,2024,ok,ok,2498360.18,2498360.18,2498360.18,new_observed,4606970.86,4606970.86,4601267.625811035,new_observed,2396385537.79,7614435.309918303,4,
2507804,Junco do Seridó,2025,ok,ok,514700.18,514700.18,514700.18,new_observed,6406361.17,6406361.17,6428641.417377997,new_observed,2604121793.38,6943341.597377997,1,
2507903,Juripiranga,2019,ok,ok,302724.34,302724.34,302724.34,new_observed,2458145.56,2458145.56,2462781.5066577913,new_observed,1432075762.41,4818985.164060716,1,
2507903,Juripiranga,2020,ok,ok,166124.42,166124.42,166124.42,new_observed,2496282.67,2496282.67,2540604.250700378,new_observed,1484614330.88,4617366.662930495,1,
2507903,Juripiranga,2021,ok,ok,81684.9,81684.9,81684.9,new_observed,2953867.78,2953867.78,3211679.2260268102,new_observed,1825911222.18,4473625.952460007,1,
2507903,Juripiranga,2022,ok,ok,115425.03,115425.03,115425.03,new_observed,3126026.67,3126026.67,3138571.309641118,new_observed,1872532230.78,4135365.3501436557,1,
2507903,Juripiranga,2023,ok,ok,234089.54,234089.54,234089.54,new_observed,3396237.98,3396237.98,3362832.8593146685,new_observed,1987009964.89,4439263.689108814,1,
2507903,Juripiranga,2024,ok,ok,367966.45,367966.45,367966.45,new_observed,4460335.54,4460335.54,4454813.8341071205,new_observed,2396385537.79,5172489.2475666925,1,
2507903,Juripiranga,2025,ok,ok,641827.99,641827.99,641827.99,new_observed,3696362.53,3696362.53,3709217.8576004514,new_observed,2604121793.38,4351045.847600452,1,
2508000,Juru,2019,ok,ok,329456.99,329456.99,329456.99,new_observed,1826454.67,1826454.67,1829899.2774149466,new_observed,1432075762.41,3762749.527060319,1,
2508000,Juru,2020,ok,ok,207433.32,207433.32,207433.32,new_observed,1860799.84,1860799.84,1893838.4022057017,new_observed,1484614330.88,3584526.9992875317,1,
2508000,Juru,2021,ok,ok,275187.26,275187.26,275187.26,new_observed,2309066.2,2309066.2,2510599.82991543,new_observed,1825911222.18,3784145.6172381514,1,
2508000,Juru,2022,ok,ok,203191.34,203191.34,203191.34,new_observed,2423071.21,2423071.21,2432794.9130783933,new_observed,1872532230.78,3349962.6541182995,1,
2508000,Juru,2023,ok,ok,284826.64,284826.64,284826.64,new_observed,2726270.07,2726270.07,2699454.6992146,new_observed,1987009964.89,3683151.9606273905,1,
2508000,Juru,2024,ok,ok,544737.62,544737.62,544737.62,new_observed,3771479.47,3771479.47,3766810.5386544513,new_observed,2396385537.79,4624186.709168104,1,
2508000,Juru,2025,ok,ok,605047.58,605047.58,605047.58,new_observed,4412849.54,4412849.54,4428196.688995205,new_observed,2604121793.38,5033244.268995205,1,
2508109,Lagoa,2019,ok,ok,94061.65,94061.65,94061.65,new_observed,1267057.24,1267057.24,1269446.8502300014,new_observed,1432075762.41,2375958.539961144,1,
2508109,Lagoa,2020,ok,ok,105859.07,105859.07,105859.07,new_observed,1294082.64,1294082.64,1317059.1197276416,new_observed,1484614330.88,2427334.178133847,1,
2508109,Lagoa,2021,ok,ok,96307.13,96307.13,96307.13,new_observed,1565889.11,1565889.11,1702558.7803556363,new_observed,1825911222.18,2443535.8234351096,1,
2508109,Lagoa,2022,ok,ok,136999.31,136999.31,136999.31,new_observed,2012541.29,2012541.29,2020617.5503493468,new_observed,1872532230.78,2742023.368151205,1,
2508109,Lagoa,2023,ok,ok,261903.51,261903.51,261903.51,new_observed,2224987.86,2224987.86,2203103.0602820786,new_observed,1987009964.89,3042271.404841219,1,
2508109,Lagoa,2024,ok,ok,205829.81,205829.81,205829.81,new_observed,2833891.35,2833891.35,2830383.1129118376,new_observed,2396385537.79,3256374.4918750883,1,
2508109,Lagoa,2025,ok,ok,365642.19,365642.19,365642.19,new_observed,1960746.88,1960746.88,1967566.0280893415,new_observed,2604121793.38,2333208.2180893417,2,
2508208,Lagoa de Dentro,2019,ok,ok,166853.43,166853.43,166853.43,new_observed,1817612.6,1817612.6,1821040.531687711,new_observed,1432075762.41,3463970.8032714063,1,
2508208,Lagoa de Dentro,2020,ok,ok,165017.69,165017.69,165017.69,new_observed,1860907.95,1860907.95,1893948.4317022983,new_observed,1484614330.88,3512358.528345402,1,
2508208,Lagoa de Dentro,2021,ok,ok,123887.09,123887.09,123887.09,new_observed,2305452.06,2305452.06,2506670.250387008,new_observed,1825911222.18,3573285.290377785,1,
2508208,Lagoa de Dentro,2022,ok,ok,230734.55,230734.55,230734.55,new_observed,2395227.75,2395227.75,2404839.7182120807,new_observed,1872532230.78,3349439.08009943,1,
2508208,Lagoa de Dentro,2023,ok,ok,275666.45,275666.45,275666.45,new_observed,2859469.47,2859469.47,2831343.9607442054,new_observed,1987009964.89,3834622.2038951414,1,
2508208,Lagoa de Dentro,2024,ok,ok,352052.04,352052.04,352052.04,new_observed,3913303.77,3913303.77,3908459.26619672,new_observed,2396385537.79,4569449.077549843,1,
2508208,Lagoa de Dentro,2025,ok,ok,784330.56,784330.56,784330.56,new_observed,3135918.21,3135918.21,3146824.4064541045,new_observed,2604121793.38,3931154.9664541045,1,
2508307,Lagoa Seca,2019,ok,ok,860944.2,860944.2,860944.2,new_observed,3422861.81,3422861.81,3429317.1660319474,new_observed,1432075762.41,7475921.953966182,1,
2508307,Lagoa Seca,2020,ok,ok,670525.39,670525.39,670525.39,new_observed,3545211.65,3545211.65,3608156.999152063,new_observed,1484614330.88,7298938.2492581075,1,
2508307,Lagoa Seca,2021,ok,ok,712424.94,712424.94,712424.94,new_observed,4478413.9,4478413.9,4869286.630080548,new_observed,1825911222.18,7582061.6195220435,1,
2508307,Lagoa Seca,2022,ok,ok,1168511.82,1168511.82,1168511.82,new_observed,4606195.27,4606195.27,4624679.77633301,new_observed,1872532230.78,7362320.449586352,6,
2508307,Lagoa Seca,2023,ok,ok,1511550.07,1511550.07,1511550.07,new_observed,4930357.34,4930357.34,4881862.746000874,new_observed,1987009964.89,7890647.117925959,1,
2508307,Lagoa Seca,2024,ok,ok,2053499.15,2053499.15,2053499.15,new_observed,7669558.93,7669558.93,7660064.341900118,new_observed,2396385537.79,10417912.440046327,1,
2508307,Lagoa Seca,2025,ok,ok,2017247.14,2017247.14,2017247.14,new_observed,8220608.93,8220608.93,8249198.8261513235,new_observed,2604121793.38,10266445.966151323,1,
2508406,Lastro,2019,ok,ok,123075.61,123075.61,123075.61,new_observed,1464951.31,1464951.31,1467714.1391179883,new_observed,1432075762.41,2772003.6135176024,1,
2508406,Lastro,2020,ok,ok,227862.62,227862.62,227862.62,new_observed,1490544.95,1490544.95,1517009.6244869505,new_observed,1484614330.88,2976550.631017642,1,
2508406,Lastro,2021,ok,ok,140373.95,140373.95,140373.95,new_observed,1458821.35,1458821.35,1586146.2236063208,new_observed,1825911222.18,2345263.1292881574,1,
2508406,Lastro,2022,ok,ok,187573.61,187573.61,187573.61,new_observed,1872117.42,1872117.42,1879630.1640930502,new_observed,1872532230.78,2627121.22780489,1,
2508406,Lastro,2023,ok,ok,183827.7,183827.7,183827.7,new_observed,2054640.47,2054640.47,2034431.1933622903,new_observed,1987009964.89,2737739.396385692,1,
2508406,Lastro,2024,ok,ok,198079.72,198079.72,198079.72,new_observed,2671273.09,2671273.09,2667966.167408579,new_observed,2396385537.79,3073868.3212474417,1,
2508406,Lastro,2025,ok,ok,102910.98,102910.98,102910.98,new_observed,2214742.6,2214742.6,2222445.1025122944,new_observed,2604121793.38,2325356.0825122944,1,
2508505,Livramento,2019,ok,ok,150469.38,150469.38,150469.38,new_observed,1696334.23,1696334.23,1699533.4363985278,new_observed,1432075762.41,3223690.9339639596,1,
2508505,Livramento,2020,ok,ok,188325.11,188325.11,188325.11,new_observed,1725305.64,1725305.64,1755938.4982395985,new_observed,1484614330.88,3316689.280980477,1,
2508505,Livramento,2021,ok,ok,201558.08,201558.08,201558.08,new_observed,2072237.15,2072237.15,2253100.511511725,new_observed,1825911222.18,3334348.696104788,1,
2508505,Livramento,2022,ok,ok,412338.25,412338.25,412338.25,new_observed,2124137.5,2124137.5,2132661.5921779103,new_observed,1872532230.78,3234331.8999013826,1,
2508505,Livramento,2023,ok,ok,784665.13,784665.13,784665.13,new_observed,2382437.86,2382437.86,2359004.394881456,new_observed,1987009964.89,3879866.292089927,1,
2508505,Livramento,2024,ok,ok,447533.01,447533.01,447533.01,new_observed,3428644.37,3428644.37,3424399.8539422653,new_observed,2396385537.79,4152694.0740053495,1,
2508505,Livramento,2025,ok,ok,411435.51,411435.51,411435.51,new_observed,3115324.49,3115324.49,3126159.064957305,new_observed,2604121793.38,3537594.5749573046,1,
2508554,Logradouro,2019,ok,ok,74261.31,74261.31,74261.31,new_observed,1199432.26,1199432.26,1201694.332705326,new_observed,1432075762.41,2223394.797601882,1,
2508554,Logradouro,2020,ok,ok,96152.81,96152.81,96152.81,new_observed,1237469.98,1237469.98,1259441.3000920732,new_observed,1484614330.88,2312487.0697824527,1,
2508554,Logradouro,2021,ok,ok,147434.39,147434.39,147434.39,new_observed,1914078.14,1914078.14,2081137.4973696473,new_observed,1825911222.18,3027238.000642044,2,
2508554,Logradouro,2022,ok,ok,161135.26,161135.26,161135.26,new_observed,1996962.41,1996962.41,2004976.1528291067,new_observed,1872532230.78,2752818.733088109,2,
2508554,Logradouro,2023,ok,ok,207244.63,207244.63,207244.63,new_observed,2200156.32,2200156.32,2178515.7612909204,new_observed,1987009964.89,2944467.04715947,1,
2508554,Logradouro,2024,ok,ok,272039.0,272039.0,272039.0,new_observed,2931794.89,2931794.89,2928165.452488932,new_observed,2396385537.79,3432257.3589061284,1,
2508554,Logradouro,2025,ok,ok,298037.85,298037.85,298037.85,new_observed,3725280.57,3725280.57,3738236.469683072,new_observed,2604121793.38,4036274.319683072,1,
2508604,Lucena,2019,ok,ok,37239.08,37239.08,37239.08,new_observed,7310097.07,7310097.07,7323883.568501659,new_observed,1432075762.41,12826999.03774614,2,
2508604,Lucena,2020,ok,ok,70637.21,70637.21,70637.21,new_observed,6982262.24,6982262.24,7106232.53513543,new_observed,1484614330.88,12242911.328385254,1,
2508604,Lucena,2021,ok,ok,21485.73,21485.73,21485.73,new_observed,7619950.26,7619950.26,8285014.014201946,new_observed,1825911222.18,11283347.788996268,1,
2508604,Lucena,2022,ok,ok,632573.02,632573.02,632573.02,new_observed,7644470.33,7644470.33,7675147.331721508,new_observed,1872532230.78,10557927.943146193,2,
2508604,Lucena,2023,ok,ok,582041.6,582041.6,582041.6,new_observed,8463338.06,8463338.06,8380093.354840952,new_observed,1987009964.89,11060922.60692049,1,
2508604,Lucena,2024,ok,ok,842627.55,842627.55,842627.55,new_observed,9583081.24,9583081.24,9571217.792579887,new_observed,2396385537.79,11168973.058512347,5,
2508604,Lucena,2025,ok,ok,1035026.61,1035026.61,1035026.61,new_observed,8290508.48,8290508.48,8319341.475037616,new_observed,2604121793.38,9354368.085037615,4,
2508703,Mãe d'Água,2019,ok,ok,80181.27,80181.27,80181.27,new_observed,1487188.04,1487188.04,1489992.8065426068,new_observed,1432075762.41,2736080.1240019463,1,
2508703,Mãe d'Água,2020,ok,ok,52655.37,52655.37,52655.37,new_observed,1510465.41,1510465.41,1537283.7729077728,new_observed,1484614330.88,2712252.6443151147,2,
2508703,Mãe d'Água,2021,ok,ok,77383.79,77383.79,77383.79,new_observed,1848862.15,1848862.15,2010229.5028730985,new_observed,1825911222.18,2835763.264648362,3,
2508703,Mãe d'Água,2022,ok,ok,169897.23,169897.23,169897.23,new_observed,1911775.84,1911775.84,1919447.7319955332,new_observed,1872532230.78,2655259.5204475448,2,
2508703,Mãe d'Água,2023,ok,ok,39343.33,39343.33,39343.33,new_observed,2139064.95,2139064.95,2118025.2810400194,new_observed,1987009964.89,2662589.590711724,1,
2508703,Mãe d'Água,2024,ok,ok,49541.95,49541.95,49541.95,new_observed,2745280.76,2745280.76,2741882.219057472,new_observed,2396385537.79,2993835.6402899446,1,
2508703,Mãe d'Água,2025,ok,ok,86131.7,86131.7,86131.7,new_observed,2947755.19,2947755.19,2958006.9870966934,new_observed,2604121793.38,3044138.6870966936,5,
2508802,Malta,2019,ok,ok,383440.94,383440.94,383440.94,new_observed,1797305.99,1797305.99,1800695.6243784332,new_observed,1432075762.41,3805930.0119514936,1,
2508802,Malta,2020,ok,ok,321432.77,321432.77,321432.77,new_observed,1959730.7,1959730.7,1994525.782870586,new_observed,1484614330.88,3950757.95018138,1,
2508802,Malta,2021,ok,ok,201663.72,201663.72,201663.72,new_observed,3354846.87,3354846.87,3647655.4813431986,new_observed,1825911222.18,5228821.84279048,1,
2508802,Malta,2022,ok,ok,328152.83,328152.83,328152.83,new_observed,3867303.39,3867303.39,3882822.7481283247,new_observed,1872532230.78,5351549.503590898,1,
2508802,Malta,2023,ok,ok,401986.06,401986.06,401986.06,new_observed,3639827.55,3639827.55,3604026.502105958,new_observed,1987009964.89,4944156.178754129,1,
2508802,Malta,2024,ok,ok,352413.71,352413.71,352413.71,new_observed,4430064.66,4430064.66,4424580.428170446,new_observed,2396385537.79,5123383.061177608,1,
2508802,Malta,2025,ok,ok,351205.79,351205.79,351205.79,new_observed,4778952.61,4778952.61,4795573.003938628,new_observed,2604121793.38,5146778.793938628,1,
2508901,Mamanguape,2019,ok,ok,2511357.73,2511357.73,2511357.73,new_observed,15140169.42,15140169.42,15168723.065871581,new_observed,1432075762.41,30808124.002944022,1,
2508901,Mamanguape,2020,ok,ok,2226615.86,2226615.86,2226615.86,new_observed,14700093.69,14700093.69,14961094.335725928,new_observed,1484614330.88,29320249.54289941,1,
2508901,Mamanguape,2021,ok,ok,2609014.71,2609014.71,2609014.71,new_observed,18656189.4,18656189.4,20284488.133995485,new_observed,1825911222.18,31097979.010651752,1,
2508901,Mamanguape,2022,ok,ok,3121050.55,3121050.55,3121050.55,new_observed,19586440.96,19586440.96,19665040.68726824,new_observed,1872532230.78,28957872.82237801,1,
2508901,Mamanguape,2023,ok,ok,3684284.38,3684284.38,3684284.38,new_observed,23557228.41,23557228.41,23325521.426366314,new_observed,1987009964.89,33335067.275548667,1,
2508901,Mamanguape,2024,ok,ok,5790527.9,5790527.9,5790527.9,new_observed,27521900.99,27521900.99,27487830.045893464,new_observed,2396385537.79,35691434.92168806,1,
2508901,Mamanguape,2025,ok,ok,6602507.34,6602507.34,6602507.34,new_observed,31158882.49,31158882.49,31267247.84616351,new_observed,2604121793.38,37869755.186163515,1,
2509008,Manaíra,2019,ok,ok,205838.72,205838.72,205838.72,new_observed,1855421.53,1855421.53,1858920.7675475103,new_observed,1432075762.41,3597911.51765961,1,
2509008,Manaíra,2020,ok,ok,316595.18,316595.18,316595.18,new_observed,1923481.45,1923481.45,1957632.9262476217,new_observed,1484614330.88,3879570.625366803,1,
2509008,Manaíra,2021,ok,ok,407590.89,407590.89,407590.89,new_observed,2339344.2,2339344.2,2543520.4718832434,new_observed,1825911222.18,4008718.0985504547,1,
2509008,Manaíra,2022,ok,ok,362403.62,362403.62,362403.62,new_observed,2395360.84,2395360.84,2404973.3422977636,new_observed,1872532230.78,3516941.5101229474,1,
2509008,Manaíra,2023,ok,ok,359996.78,359996.78,359996.78,new_observed,2670577.73,2670577.73,2644310.144543515,new_observed,1987009964.89,3707867.2154854713,1,
2509008,Manaíra,2024,ok,ok,581685.68,581685.68,581685.68,new_observed,3828232.51,3828232.51,3823493.320802189,new_observed,2396385537.79,4724606.901613062,1,
2509008,Manaíra,2025,ok,ok,1001733.36,1001733.36,1001733.36,new_observed,5847851.93,5847851.93,5868189.7761146445,new_observed,2604121793.38,6869923.136114645,1,
2509057,Marcação,2019,ok,ok,235900.86,235900.86,235900.86,new_observed,1427694.92,1427694.92,1430387.485322584,new_observed,1432075762.41,2903562.407890449,1,
2509057,Marcação,2020,ok,ok,90395.65,90395.65,90395.65,new_observed,1453197.14,1453197.14,1478998.7028951459,new_observed,1484614330.88,2677205.604126685,1,
2509057,Marcação,2021,ok,ok,135226.91,135226.91,135226.91,new_observed,1837606.15,1837606.15,1997991.0873241948,new_observed,1825911222.18,2897711.5890909513,1,
2509057,Marcação,2022,ok,ok,144882.89,144882.89,144882.89,new_observed,2638445.52,2638445.52,2649033.5129236574,new_observed,1872532230.78,3550669.3548164116,1,
2509057,Marcação,2023,ok,ok,191475.57,191475.57,191475.57,new_observed,3446960.5,3446960.5,3413056.476731268,new_observed,1987009964.89,4448655.393380741,1,
2509057,Marcação,2024,ok,ok,155503.63,155503.63,155503.63,new_observed,4501733.5,4501733.5,4496160.545191511,new_observed,2396385537.79,4988965.184409975,1,
2509057,Marcação,2025,ok,absent_dca,,,179875.69361183365,imputed_temporal,,,4854569.34205418,imputed_temporal,2604121793.38,5034445.035666013,1,
2509107,Mari,2019,ok,ok,1280398.4,1280398.4,1280398.4,new_observed,3209841.22,3209841.22,3215894.829240252,new_observed,1432075762.41,7834939.272018326,1,
2509107,Mari,2020,ok,ok,1163203.06,1163203.06,1163203.06,new_observed,3327907.36,3327907.36,3386994.4643540997,new_observed,1484614330.88,7762111.72775773,1,
2509107,Mari,2021,ok,ok,810975.18,810975.18,810975.18,new_observed,4020427.1,4020427.1,4371327.073016523,new_observed,1825911222.18,7039513.690384431,1,
2509107,Mari,2022,ok,ok,895651.64,895651.64,895651.64,new_observed,4133497.57,4133497.57,4150085.1563986433,new_observed,1872532230.78,6412411.980793163,2,
2509107,Mari,2023,ok,ok,904722.97,904722.97,904722.97,new_observed,4698020.77,4698020.77,4651811.41961636,new_observed,1987009964.89,6857785.243798468,1,
2509107,Mari,2024,ok,ok,888363.23,888363.23,888363.23,new_observed,6380798.7,6380798.7,6372899.542309485,new_observed,2396385537.79,7787790.73500353,3,
2509107,Mari,2025,ok,ok,498904.26,498904.26,498904.26,new_observed,6356283.75,6356283.75,6378389.836528173,new_observed,2604121793.38,6877294.0965281725,1,
2509156,Marizópolis,2019,ok,ok,110521.01,110521.01,110521.01,new_observed,1786668.61,1786668.61,1790038.182781162,new_observed,1432075762.41,3311787.08752336,6,
2509156,Marizópolis,2020,ok,ok,144901.93,144901.93,144901.93,new_observed,1834775.48,1834775.48,1867351.978840131,new_observed,1484614330.88,3432672.88539336,1,
2509156,Marizópolis,2021,ok,ok,98544.43,98544.43,98544.43,new_observed,2284159.04,2284159.04,2483518.790983035,new_observed,1825911222.18,3507412.0547422734,1,
2509156,Marizópolis,2022,ok,ok,254566.66,254566.66,254566.66,new_observed,2337519.98,2337519.98,2346900.368876533,new_observed,1872532230.78,3306093.6423621415,1,
2509156,Marizópolis,2023,ok,ok,284021.24,284021.24,284021.24,new_observed,2551530.76,2551530.76,2526434.1108629047,new_observed,1987009964.89,3468618.7256429046,1,
2509156,Marizópolis,2024,ok,ok,363504.54,363504.54,363504.54,new_observed,3521554.94,3521554.94,3517195.404604083,new_observed,2396385537.79,4162096.8723466382,1,
2509156,Marizópolis,2025,ok,ok,419638.08,419638.08,419638.08,new_observed,6406563.5,6406563.5,6428844.45104773,new_observed,2604121793.38,6848482.53104773,1,
2509206,Massaranduba,2019,ok,ok,331077.83,331077.83,331077.83,new_observed,2070803.46,2070803.46,2074708.8977151408,new_observed,1432075762.41,4192162.733181173,1,
2509206,Massaranduba,2020,ok,ok,191212.66,191212.66,191212.66,new_observed,2188468.11,2188468.11,2227324.4330892307,new_observed,1484614330.88,4125745.09871411,1,
2509206,Massaranduba,2021,ok,ok,170767.28,170767.28,170767.28,new_observed,2804870.71,2804870.71,3049677.799389541,new_observed,1825911222.18,4374574.488066156,1,
2509206,Massaranduba,2022,ok,ok,268189.06,268189.06,268189.06,new_observed,2840716.65,2840716.65,2852116.350149319,new_observed,1872532230.78,3965463.2421683716,1,
2509206,Massaranduba,2023,ok,ok,358921.06,358921.06,358921.06,new_observed,3031749.17,3031749.17,3001929.131619914,new_observed,1987009964.89,4147907.1728195683,1,
2509206,Massaranduba,2024,ok,ok,432106.31,432106.31,432106.31,new_observed,4416409.66,4416409.66,4410942.332480289,new_observed,2396385537.79,5194227.3031228455,1,
2509206,Massaranduba,2025,ok,ok,562807.74,562807.74,562807.74,new_observed,4057439.19,4057439.19,4071550.281534726,new_observed,2604121793.38,4634358.021534726,1,
2509305,Mataraca,2019,ok,ok,1276320.59,1276320.59,1276320.59,new_observed,10853712.23,10853712.23,10874181.819659816,new_observed,1432075762.41,21172651.25973176,1,
2509305,Mataraca,2020,ok,ok,1179749.34,1179749.34,1179749.34,new_observed,11680563.69,11680563.69,11887952.481515441,new_observed,1484614330.88,22291990.84671043,1,
2509305,Mataraca,2021,ok,ok,1277182.79,1277182.79,1277182.79,new_observed,12958657.63,12958657.63,14089679.906886293,new_observed,1825911222.18,20873973.58384916,1,
2509305,Mataraca,2022,ok,ok,1095066.98,1095066.98,1095066.98,new_observed,14188670.2,14188670.2,14245608.8551797,new_observed,1872532230.78,19495811.511448998,1,
2509305,Mataraca,2023,ok,ok,1352327.88,1352327.88,1352327.88,new_observed,14441466.2,14441466.2,14299421.112428093,new_observed,1987009964.89,19317136.501574278,1,
2509305,Mataraca,2024,ok,ok,1552356.01,1552356.01,1552356.01,new_observed,12455926.74,12455926.74,12440506.831909066,new_observed,2396385537.79,15007511.918169428,1,
2509305,Mataraca,2025,ok,ok,1496769.07,1496769.07,1496769.07,new_observed,14113296.62,14113296.62,14162380.293503324,new_observed,2604121793.38,15659149.363503324,1,
2509339,Matinhas,2019,ok,ok,35857.74,35857.74,35857.74,new_observed,1459074.14,1459074.14,1461825.8850523974,new_observed,1432075762.41,2609763.121024151,1,
2509339,Matinhas,2020,ok,ok,46209.22,46209.22,46209.22,new_observed,1495600.98,1495600.98,1522155.4244654714,new_observed,1484614330.88,2675449.040409315,1,
2509339,Matinhas,2021,ok,ok,58292.2,58292.2,58292.2,new_observed,1843015.45,1843015.45,2003872.5071206312,new_observed,1825911222.18,2801194.5229851105,1,
2509339,Matinhas,2022,ok,ok,128041.39,128041.39,128041.39,new_observed,1886975.65,1886975.65,1894548.0196691349,new_observed,1872532230.78,2570422.7323241946,1,
2509339,Matinhas,2023,ok,ok,166102.2,166102.2,166102.2,new_observed,2072928.21,2072928.21,2052539.0566382918,new_observed,1987009964.89,2738211.3029821552,1,
2509339,Matinhas,2024,ok,ok,153846.28,153846.28,153846.28,new_observed,2831610.7,2831610.7,2828105.2862596405,new_observed,2396385537.79,3198178.5411354755,1,
2509339,Matinhas,2025,ok,ok,194700.14,194700.14,194700.14,new_observed,2982207.35,2982207.35,2992578.965918508,new_observed,2604121793.38,3187279.105918508,1,
2509370,Mato Grosso,2019,ok,ok,42116.0,42116.0,42116.0,new_observed,1448509.0,1448509.0,1451240.8196963612,new_observed,1432075762.41,2602223.519962119,1,
2509370,Mato Grosso,2020,ok,ok,61581.8,61581.8,61581.8,new_observed,1485582.07,1485582.07,1511958.6283897352,new_observed,1484614330.88,2684278.3303212007,1,
2509370,Mato Grosso,2021,ok,ok,68342.4,68342.4,68342.4,new_observed,1672962.08,1672962.08,1818977.001829988,new_observed,1825911222.18,2563688.9009275613,1,
2509370,Mato Grosso,2022,ok,ok,121329.86,121329.86,121329.86,new_observed,2201227.58,2201227.58,2210061.0320700654,new_observed,1872532230.78,2962865.383484228,1,
2509370,Mato Grosso,2023,ok,absent_dca,,,150000.271510321,imputed_temporal,,,2347160.285116195,imputed_temporal,1987009964.89,3081955.33687883,4,
2509370,Mato Grosso,2024,ok,absent_dca,,,174651.56991435812,imputed_temporal,,,2830736.162130361,imputed_temporal,2396385537.79,3223314.107838978,1,
2509370,Mato Grosso,2025,ok,absent_dca,,,201964.629467035,imputed_temporal,,,3056386.632550024,imputed_temporal,2604121793.38,3258351.262017059,1,
2509396,Maturéia,2019,ok,ok,189256.75,189256.75,189256.75,new_observed,1706406.6,1706406.6,1709624.8024135719,new_observed,1432075762.41,3308863.7438421967,1,
2509396,Maturéia,2020,ok,ok,221912.28,221912.28,221912.28,new_observed,1833695.93,1833695.93,1866253.2613944644,new_observed,1484614330.88,3562169.3677261504,1,
2509396,Maturéia,2021,ok,ok,239316.63,239316.63,239316.63,new_observed,2196195.15,2196195.15,2387877.476207088,new_observed,1825911222.18,3568716.754638726,1,
2509396,Maturéia,2022,ok,ok,290629.03,290629.03,290629.03,new_observed,2146628.11,2146628.11,2155242.4562376295,new_observed,1872532230.78,3108353.8945243526,1,
2509396,Maturéia,2023,ok,ok,301312.88,301312.88,301312.88,new_observed,2265147.8,2265147.8,2242867.990376908,new_observed,1987009964.89,3139987.0507468823,1,
2509396,Maturéia,2024,ok,ok,316935.19,316935.19,316935.19,new_observed,3348480.67,3348480.67,3344335.393196961,new_observed,2396385537.79,3926756.2709472743,2,
2509396,Maturéia,2025,ok,ok,331996.18,331996.18,331996.18,new_observed,3176707.19,3176707.19,3187755.243670796,new_observed,2604121793.38,3519751.423670796,1,
2509404,Mogeiro,2019,ok,ok,599911.51,599911.51,599911.51,new_observed,2892971.97,2892971.97,2898427.978770858,new_observed,1432075762.41,6095971.959563393,1,
2509404,Mogeiro,2020,ok,ok,461835.24,461835.24,461835.24,new_observed,3146604.73,3146604.73,3202472.800210528,new_observed,1484614330.88,6250886.529826533,2,
2509404,Mogeiro,2021,ok,ok,692709.5,692709.5,692709.5,new_observed,3648938.29,3648938.29,3967414.988035379,new_observed,1825911222.18,6330200.079187891,2,
2509404,Mogeiro,2022,ok,ok,1051306.63,1051306.63,1051306.63,new_observed,3412752.32,3412752.32,3426447.580008383,new_observed,1872532230.78,5690587.10390891,1,
2509404,Mogeiro,2023,ok,ok,617947.18,617947.18,617947.18,new_observed,3730227.08,3730227.08,3693536.869677609,new_observed,1987009964.89,5321164.168443665,1,
2509404,Mogeiro,2024,ok,ok,484555.42,484555.42,484555.42,new_observed,5466148.94,5466148.94,5459382.079851771,new_observed,2396385537.79,6374943.703636664,1,
2509404,Mogeiro,2025,ok,ok,446201.65,446201.65,446201.65,new_observed,5495291.82,5495291.82,5514403.521309823,new_observed,2604121793.38,5960605.171309823,1,
2509503,Montadas,2019,ok,ok,90993.02,90993.02,90993.02,new_observed,1617769.36,1617769.36,1620820.396756981,new_observed,1432075762.41,2982891.346608947,1,
2509503,Montadas,2020,ok,ok,168374.36,168374.36,168374.36,new_observed,1586951.5,1586951.5,1615127.8759449709,new_observed,1484614330.88,3042448.937219645,1,
2509503,Montadas,2021,ok,ok,219391.57,219391.57,219391.57,new_observed,1930209.08,1930209.08,2098676.334160198,new_observed,1825911222.18,3148807.2192389024,1,
2509503,Montadas,2022,ok,ok,181077.78,181077.78,181077.78,new_observed,1982276.23,1982276.23,1990231.0376838718,new_observed,1872532230.78,2759423.8935442623,1,
2509503,Montadas,2023,ok,ok,113892.43,113892.43,113892.43,new_observed,2091269.29,2091269.29,2070699.735266389,new_observed,1987009964.89,2696188.4628443653,1,
2509503,Montadas,2024,ok,ok,175518.43,175518.43,175518.43,new_observed,3097227.55,3097227.55,3093393.3138845656,new_observed,2396385537.79,3505946.746570021,1,
2509503,Montadas,2025,ok,ok,255678.16,255678.16,255678.16,new_observed,3116126.29,3116126.29,3126963.65348294,new_observed,2604121793.38,3382641.81348294,1,
2509602,Monte Horebe,2019,ok,partial,,,148182.56134532447,imputed_temporal,1238636.91,1238636.91,1240972.920827256,new_observed,1432075762.41,2420649.252017887,1,
2509602,Monte Horebe,2020,ok,ok,145953.4,145953.4,145953.4,new_observed,1571109.61,1571109.61,1599004.7126683022,new_observed,1484614330.88,2976697.1122228964,1,
2509602,Monte Horebe,2021,ok,ok,178697.85,178697.85,178697.85,new_observed,1903255.27,1903255.27,2069370.0150942598,new_observed,1825911222.18,3053720.863933153,1,
2509602,Monte Horebe,2022,ok,ok,372787.98,372787.98,372787.98,new_observed,1965571.75,1965571.75,1973459.5231687785,new_observed,1872532230.78,2981746.0177399362,1,
2509602,Monte Horebe,2023,ok,ok,440542.4,440542.4,440542.4,new_observed,2181472.59,2181472.59,2160015.802940368,new_observed,1987009964.89,3209567.046519231,1,
2509602,Monte Horebe,2024,ok,ok,450259.85,450259.85,450259.85,new_observed,2947048.29,2947048.29,2943399.9694278007,new_observed,2396385537.79,3639740.5421381895,1,
2509602,Monte Horebe,2025,ok,ok,432923.17,432923.17,432923.17,new_observed,3828334.3,3828334.3,3841648.6032349006,new_observed,2604121793.38,4274571.773234901,1,
2509701,Monteiro,2019,ok,ok,1984393.01,1984393.01,1984393.01,new_observed,5044983.47,5044983.47,5054498.071021576,new_observed,1432075762.41,12265499.901899008,1,
2509701,Monteiro,2020,ok,ok,1528385.62,1528385.62,1528385.62,new_observed,5292428.44,5292428.44,5386395.680578742,new_observed,1484614330.88,11795818.695963318,1,
2509701,Monteiro,2021,ok,ok,1735229.77,1735229.77,1735229.77,new_observed,6635411.54,6635411.54,7214545.465930288,new_observed,1825911222.18,12157157.615135718,1,
2509701,Monteiro,2022,ok,ok,2546235.47,2546235.47,2546235.47,new_observed,6887777.51,6887777.51,6915417.928944713,new_observed,1872532230.78,12024412.303235797,1,
2509701,Monteiro,2023,ok,ok,3583986.78,3583986.78,3583986.78,new_observed,7638687.37,7638687.37,7563553.861990538,new_observed,1987009964.89,13758115.105369586,1,
2509701,Monteiro,2024,ok,ok,4783666.96,4783666.96,4783666.96,new_observed,10462801.26,10462801.26,10449848.756571667,new_observed,2396385537.79,16338126.890471257,1,
2509701,Monteiro,2025,ok,ok,7522276.53,7522276.53,7522276.53,new_observed,11560214.33,11560214.33,11600418.812416822,new_observed,2604121793.38,19122695.342416823,1,
2509800,Mulungu,2019,ok,ok,248430.61,248430.61,248430.61,new_observed,1945594.91,1945594.91,1949264.210291733,new_observed,1432075762.41,3829555.7201291462,1,
2509800,Mulungu,2020,ok,ok,336776.56,336776.56,336776.56,new_observed,1959391.08,1959391.08,1994180.1329063443,new_observed,1484614330.88,3976343.045782837,1,
2509800,Mulungu,2021,ok,ok,283297.6,283297.6,283297.6,new_observed,2376116.28,2376116.28,2583501.99246227,new_observed,1825911222.18,3894191.035843141,1,
2509800,Mulungu,2022,ok,ok,404836.71,404836.71,404836.71,new_observed,2510412.91,2510412.91,2520487.112376003,new_observed,1872532230.78,3717669.4471444064,2,
2509800,Mulungu,2023,ok,ok,349880.5,349880.5,349880.5,new_observed,2886562.21,2886562.21,2858170.21875598,new_observed,1987009964.89,3959324.524573092,3,
2509800,Mulungu,2024,ok,ok,724404.93,724404.93,724404.93,new_observed,3867722.04,3867722.04,3862933.9644418354,new_observed,2396385537.79,4919975.555311414,1,
2509800,Mulungu,2025,ok,ok,501786.23,501786.23,501786.23,new_observed,3392062.96,3392062.96,3403859.984842192,new_observed,2604121793.38,3905646.214842192,1,
2509909,Natuba,2019,ok,ok,195405.89,195405.89,195405.89,new_observed,1740916.23,1740916.23,1744199.5159490888,new_observed,1432075762.41,3379826.4019932216,1,
2509909,Natuba,2020,ok,ok,351796.66,351796.66,351796.66,new_observed,1769692.78,1769692.78,1801113.7333664894,new_observed,1484614330.88,3672616.6114148367,1,
2509909,Natuba,2021,ok,ok,262189.19,262189.19,262189.19,new_observed,2144590.92,2144590.92,2331769.266290492,new_observed,1825911222.18,3523570.2538802032,1,
2509909,Natuba,2022,ok,ok,410821.68,410821.68,410821.68,new_observed,2196502.16,2196502.16,2205316.6491189105,new_observed,1872532230.78,3324738.772943503,1,
2509909,Natuba,2023,ok,ok,566073.45,566073.45,566073.45,new_observed,2399770.86,2399770.86,2376166.9089024854,new_observed,1987009964.89,3631265.659886048,1,
2509909,Natuba,2024,ok,ok,719596.36,719596.36,719596.36,new_observed,3477482.72,3477482.72,3473177.744139953,new_observed,2396385537.79,4496800.122246306,1,
2509909,Natuba,2025,ok,ok,670578.08,670578.08,670578.08,new_observed,2703870.38,2703870.38,2713273.9867192945,new_observed,2604121793.38,3383852.0667192945,1,
2510006,Nazarezinho,2019,ok,ok,114024.4,114024.4,114024.4,new_observed,1751488.74,1751488.74,1754791.9652045977,new_observed,1432075762.41,3256474.1633645957,1,
2510006,Nazarezinho,2020,ok,ok,88265.04,88265.04,88265.04,new_observed,1793848.65,1793848.65,1825698.4916308112,new_observed,1484614330.88,3265000.847953515,1,
2510006,Nazarezinho,2021,ok,ok,61841.13,61841.13,61841.13,new_observed,2187674.57,2187674.57,2378613.2261397745,new_observed,1825911222.18,3315054.0072810934,1,
2510006,Nazarezinho,2022,ok,ok,238705.5,238705.5,238705.5,new_observed,2243286.38,2243286.38,2252288.6126165655,new_observed,1872532230.78,3165698.318475214,1,
2510006,Nazarezinho,2023,ok,ok,585675.84,585675.84,585675.84,new_observed,2462807.28,2462807.28,2438583.3077997025,new_observed,1987009964.89,3732491.928055045,1,
2510006,Nazarezinho,2024,ok,ok,488363.96,488363.96,488363.96,new_observed,3302984.74,3302984.74,3298895.785225322,new_observed,2396385537.79,4061881.1465401263,1,
2510006,Nazarezinho,2025,ok,ok,375062.49,375062.49,375062.49,new_observed,2655500.18,2655500.18,2664735.563293683,new_observed,2604121793.38,3039798.0532936826,1,
2510105,Nova Floresta,2019,ok,ok,157602.82,157602.82,157602.82,new_observed,1697182.8,1697182.8,1700383.6067615494,new_observed,1432075762.41,3237602.6383783757,1,
2510105,Nova Floresta,2020,ok,ok,113821.03,113821.03,113821.03,new_observed,1722727.53,1722727.53,1753314.6138119695,new_observed,1484614330.88,3185117.8768782425,1,
2510105,Nova Floresta,2021,ok,ok,108736.75,108736.75,108736.75,new_observed,2063876.01,2063876.01,2244009.6172524355,new_observed,1825911222.18,3195913.602421628,1,
2510105,Nova Floresta,2022,ok,ok,200660.38,200660.38,200660.38,new_observed,2649672.51,2649672.51,2660305.5564560387,new_observed,1872532230.78,3635879.7511328636,1,
2510105,Nova Floresta,2023,ok,ok,524298.66,524298.66,524298.66,new_observed,2792024.0,2792024.0,2764561.8789043683,new_observed,1987009964.89,4059058.7029853105,1,
2510105,Nova Floresta,2024,ok,ok,264165.53,264165.53,264165.53,new_observed,3844075.12,3844075.12,3839316.318324112,new_observed,2396385537.79,4401033.115273083,1,
2510105,Nova Floresta,2025,ok,ok,172828.92,172828.92,172828.92,new_observed,4500054.36,4500054.36,4515704.792701914,new_observed,2604121793.38,4688533.712701914,1,
2510204,Nova Olinda,2019,ok,ok,194288.87,194288.87,194288.87,new_observed,1650684.42,1650684.42,1653797.5330086402,new_observed,1432075762.41,3220351.520414993,1,
2510204,Nova Olinda,2020,ok,ok,153558.86,153558.86,153558.86,new_observed,1686484.35,1686484.35,1716427.9349620547,new_observed,1484614330.88,3189981.611619698,1,
2510204,Nova Olinda,2021,ok,ok,144775.17,144775.17,144775.17,new_observed,2062719.66,2062719.66,2242752.3418597584,new_observed,1825911222.18,3243159.4656840363,1,
2510204,Nova Olinda,2022,ok,ok,229450.91,229450.91,229450.91,new_observed,2112020.28,2112020.28,2120495.7461825497,new_observed,1872532230.78,2986447.1137466137,1,
2510204,Nova Olinda,2023,ok,ok,426569.32,426569.32,426569.32,new_observed,2236551.54,2236551.54,2214553.00086563,new_observed,1987009964.89,3259630.627490745,3,
2510204,Nova Olinda,2024,ok,ok,343810.6,343810.6,343810.6,new_observed,3165861.37,3165861.37,3161942.168131441,new_observed,2396385537.79,3759961.5635702214,1,
2510204,Nova Olinda,2025,ok,ok,301295.2,301295.2,301295.2,new_observed,2000733.19,2000733.19,2007691.4037546844,new_observed,2604121793.38,2308986.6037546843,6,
2510303,Nova Palmeira,2019,ok,ok,125596.44,125596.44,125596.44,new_observed,1309135.83,1309135.83,1311604.798467304,new_observed,1432075762.41,2504370.5672558076,1,
2510303,Nova Palmeira,2020,ok,ok,73255.42,73255.42,73255.42,new_observed,1322824.43,1322824.43,1346311.2211520115,new_observed,1484614330.88,2421616.82314743,1,
2510303,Nova Palmeira,2021,ok,ok,85801.25,85801.25,85801.25,new_observed,1621039.75,1621039.75,1762522.9283751806,new_observed,1825911222.18,2510718.735165823,1,
2510303,Nova Palmeira,2022,ok,ok,218542.75,218542.75,218542.75,new_observed,2062539.27,2062539.27,2070816.1705575392,new_observed,1872532230.78,2909448.7411624063,1,
2510303,Nova Palmeira,2023,ok,ok,270626.67,270626.67,270626.67,new_observed,2200615.0,2200615.0,2178969.9297517277,new_observed,1987009964.89,3023252.6674231817,1,
2510303,Nova Palmeira,2024,ok,ok,11873011.6,11873011.6,11873011.6,new_observed,2999549.33,2999549.33,2995836.015370885,new_observed,2396385537.79,15947016.012248693,1,
2510303,Nova Palmeira,2025,ok,ok,24876711.41,24876711.41,24876711.41,new_observed,3430045.2,3430045.2,3441974.320688916,new_observed,2604121793.38,28318685.730688915,1,
2510402,Olho d'Água,2019,ok,ok,166971.63,166971.63,166971.63,new_observed,1739594.72,1739594.72,1742875.5136435202,new_observed,1432075762.41,3327971.6482843943,1,
2510402,Olho d'Água,2020,ok,ok,362973.8,362973.8,362973.8,new_observed,1763310.44,1763310.44,1794618.0747104066,new_observed,1484614330.88,3680602.6781841153,1,
2510402,Olho d'Água,2021,ok,ok,224873.7,224873.7,224873.7,new_observed,1698262.37,1698262.37,1846485.4828647939,new_observed,1825911222.18,2813684.075835731,1,
2510402,Olho d'Água,2022,ok,ok,228322.23,228322.23,228322.23,new_observed,2177297.54,2177297.54,2186034.9616262824,new_observed,1872532230.78,3068303.719795405,1,
2510402,Olho d'Água,2023,ok,ok,437858.49,437858.49,437858.49,new_observed,2376211.55,2376211.55,2352839.3263604688,new_observed,1987009964.89,3444234.294797333,1,
2510402,Olho d'Água,2024,ok,ok,290243.14,290243.14,290243.14,new_observed,3098696.11,3098696.11,3094860.05586968,new_observed,2396385537.79,3630563.4615451326,1,
2510402,Olho d'Água,2025,ok,ok,292336.11,292336.11,292336.11,new_observed,2922629.78,2922629.78,2932794.195143753,new_observed,2604121793.38,3225130.305143753,1,
2510501,Olivedos,2019,ok,ok,66047.46,66047.46,66047.46,new_observed,1515777.79,1515777.79,1518636.4754634863,new_observed,1432075762.41,2761364.0318110134,1,
2510501,Olivedos,2020,ok,ok,89824.64,89824.64,89824.64,new_observed,1553768.45,1553768.45,1581355.659803598,new_observed,1484614330.88,2850840.6799646667,1,
2510501,Olivedos,2021,ok,ok,113034.39,113034.39,113034.39,new_observed,1878695.38,1878695.38,2042666.5556366045,new_observed,1825911222.18,2928251.880783372,1,
2510501,Olivedos,2022,ok,ok,298050.03,298050.03,298050.03,new_observed,1920812.88,1920812.88,1928521.0373323937,new_observed,1872532230.78,2829654.3328300943,1,
2510501,Olivedos,2023,ok,ok,210572.15,210572.15,210572.15,new_observed,2130991.17,2130991.17,2110030.9140837686,new_observed,1987009964.89,2864050.9234184627,1,
2510501,Olivedos,2024,ok,ok,898237.17,898237.17,898237.17,new_observed,2763092.98,2763092.98,2759672.388285898,new_observed,2396385537.79,3923151.531732725,1,
2510501,Olivedos,2025,ok,ok,404803.52,404803.52,404803.52,new_observed,2371374.99,2371374.99,2379622.2336381846,new_observed,2604121793.38,2784425.7536381846,1,
2510600,Ouro Velho,2019,ok,ok,83248.13,83248.13,83248.13,new_observed,1517552.55,1517552.55,1520414.5825771901,new_observed,1432075762.41,2794435.1769881193,1,
2510600,Ouro Velho,2020,ok,ok,54723.5,54723.5,54723.5,new_observed,1559810.18,1559810.18,1587504.6609179564,new_observed,1484614330.88,2801451.673095166,1,
2510600,Ouro Velho,2021,ok,ok,105423.03,105423.03,105423.03,new_observed,1922154.47,1922154.47,2089918.7236178773,new_observed,1825911222.18,2982098.992908034,1,
2510600,Ouro Velho,2022,ok,ok,152450.08,152450.08,152450.08,new_observed,1958998.81,1958998.81,1966860.2061821476,new_observed,1872532230.78,2693341.1746392064,1,
2510600,Ouro Velho,2023,ok,ok,339180.39,339180.39,339180.39,new_observed,2159271.8,2159271.8,2138033.378106069,new_observed,1987009964.89,3057337.3317725686,1,
2510600,Ouro Velho,2024,ok,ok,269595.73,269595.73,269595.73,new_observed,2750100.12,2750100.12,2746695.612894552,new_observed,2396385537.79,3235008.360232409,1,
2510600,Ouro Velho,2025,ok,ok,431234.89,431234.89,431234.89,new_observed,6139119.52,6139119.52,6160470.345836859,new_observed,2604121793.38,6591705.235836859,1,
2510659,Parari,2019,ok,ok,86296.89,86296.89,86296.89,new_observed,1386932.48,1386932.48,1389548.1692821425,new_observed,1432075762.41,2571708.699776621,1,
2510659,Parari,2020,ok,ok,143576.35,143576.35,143576.35,new_observed,1415092.82,1415092.82,1440217.8394434731,new_observed,1484614330.88,2701770.0630433187,1,
2510659,Parari,2021,ok,ok,70815.5,70815.5,70815.5,new_observed,1751070.21,1751070.21,1903902.3529927272,new_observed,1825911222.18,2682408.8372493717,1,
2510659,Parari,2022,ok,ok,130947.14,130947.14,130947.14,new_observed,1797334.83,1797334.83,1804547.4740804743,new_observed,1872532230.78,2459737.6662509753,1,
2510659,Parari,2023,ok,ok,159914.3,159914.3,159914.3,new_observed,1968050.42,1968050.42,1948692.8360550383,new_observed,1987009964.89,2602408.9636930656,1,
2510659,Parari,2024,ok,ok,302194.49,302194.49,302194.49,new_observed,2395014.32,2395014.32,2392049.394028472,new_observed,2396385537.79,2889608.628115155,1,
2510659,Parari,2025,ok,ok,108821.21,108821.21,108821.21,new_observed,2477723.17,2477723.17,2486340.2747333874,new_observed,2604121793.38,2595161.4847333874,1,
2510709,Passagem,2019,ok,ok,56526.52,56526.52,56526.52,new_observed,1559202.34,1559202.34,1562142.922117905,new_observed,1432075762.41,2820584.8982426138,1,
2510709,Passagem,2020,ok,ok,105718.67,105718.67,105718.67,new_observed,1590398.15,1590398.15,1618635.7213287933,new_observed,1484614330.88,2941549.5419935016,1,
2510709,Passagem,2021,ok,ok,122554.63,122554.63,122554.63,new_observed,1806638.8,1806638.8,1964320.9293863536,new_observed,1825911222.18,2834761.14537275,1,
2510709,Passagem,2022,ok,ok,166215.75,166215.75,166215.75,new_observed,1853746.38,1853746.38,1861185.4017288603,new_observed,1872532230.78,2576537.7703607194,3,
2510709,Passagem,2023,ok,ok,189661.38,189661.38,189661.38,new_observed,2048008.86,2048008.86,2027864.8113391555,new_observed,1987009964.89,2736835.1073504724,6,
2510709,Passagem,2024,ok,ok,316659.44,316659.44,316659.44,new_observed,2689173.26,2689173.26,2685844.177758641,new_observed,2396385537.79,3220220.8609451368,1,
2510709,Passagem,2025,ok,ok,275169.02,275169.02,275169.02,new_observed,3418106.56,3418106.56,3429994.160105624,new_observed,2604121793.38,3705163.180105624,1,
2510808,Patos,2019,ok,ok,8757137.83,8757137.83,8757137.83,new_observed,26812305.58,26812305.58,26862872.32448574,new_observed,1432075762.41,62069042.698140204,1,
2510808,Patos,2020,ok,ok,9456085.72,9456085.72,9456085.72,new_observed,29055231.95,29055231.95,29571108.546475396,new_observed,1484614330.88,66575888.342405364,1,
2510808,Patos,2021,ok,ok,14969016.73,14969016.73,14969016.73,new_observed,35222335.9,35222335.9,38296515.93348174,new_observed,1825911222.18,72354607.68270308,1,
2510808,Patos,2022,ok,ok,15956095.24,15956095.24,15956095.24,new_observed,35166275.17,35166275.17,35307396.24672071,new_observed,1872532230.78,65148587.857646376,1,
2510808,Patos,2023,ok,ok,19857408.95,19857408.95,19857408.95,new_observed,36190986.64,36190986.64,35835015.03743567,new_observed,1987009964.89,68734692.63973612,1,
2510808,Patos,2024,ok,ok,21898920.93,21898920.93,21898920.93,new_observed,42458307.54,42458307.54,42405745.95918554,new_observed,2396385537.79,68967520.48787348,1,
2510808,Patos,2025,ok,ok,26443530.91,26443530.91,26443530.91,new_observed,48607563.29,48607563.29,48776612.22523867,new_observed,2604121793.38,75220143.13523868,1,
2510907,Paulista,2019,ok,ok,316032.93,316032.93,316032.93,new_observed,2615288.85,2615288.85,2620221.1614955477,new_observed,1432075762.41,5116519.613194851,1,
2510907,Paulista,2020,ok,ok,462784.11,462784.11,462784.11,new_observed,2844681.87,2844681.87,2895189.289926168,new_observed,1484614330.88,5728314.995021083,1,
2510907,Paulista,2021,ok,ok,691000.0,691000.0,691000.0,new_observed,3275741.23,3275741.23,3561645.55822824,new_observed,1825911222.18,5776690.583818168,1,
2510907,Paulista,2022,ok,ok,820426.19,820426.19,820426.19,new_observed,3469688.89,3469688.89,3483612.6345443297,new_observed,1872532230.78,5469819.619605554,1,
2510907,Paulista,2023,ok,ok,734174.77,734174.77,734174.77,new_observed,3780494.06,3780494.06,3743309.4277486173,new_observed,1987009964.89,5526038.877405616,1,
2510907,Paulista,2024,ok,absent_dca,,968765.88,968765.88,legacy_snapshot,,4864286.38,4858264.600129802,legacy_snapshot,2396385537.79,6249559.533748256,1,
2510907,Paulista,2025,ok,ok,1174380.14,1174380.14,1174380.14,new_observed,5670076.18,5670076.18,5689795.751936418,new_observed,2604121793.38,6864175.891936418,1,
2511004,Pedra Branca,2019,ok,ok,119638.68,119638.68,119638.68,new_observed,1524266.58,1524266.58,1527141.2749212943,new_observed,1432075762.41,2869568.3940892722,1,
2511004,Pedra Branca,2020,ok,ok,126781.07,126781.07,126781.07,new_observed,1553585.08,1553585.08,1581169.0340632324,new_observed,1484614330.88,2913565.7215355993,1,
2511004,Pedra Branca,2021,ok,ok,138597.0,138597.0,138597.0,new_observed,1886740.9,1886740.9,2051414.2828102913,new_observed,1825911222.18,2974858.2106467616,1,
2511004,Pedra Branca,2022,ok,ok,258714.51,258714.51,258714.51,new_observed,1938517.94,1938517.94,1946297.147141295,new_observed,1872532230.78,2802255.3967011017,1,
2511004,Pedra Branca,2023,ok,ok,176988.4,176988.4,176988.4,new_observed,2047943.96,2047943.96,2027800.5496902794,new_observed,1987009964.89,2721115.008867938,1,
2511004,Pedra Branca,2024,ok,ok,276693.27,276693.27,276693.27,new_observed,2772081.44,2772081.44,2768649.720954309,new_observed,2396385537.79,3266166.5985018117,2,
2511004,Pedra Branca,2025,ok,ok,338807.33,338807.33,338807.33,new_observed,4371076.28,4371076.28,4386278.1486181095,new_observed,2604121793.38,4725085.47861811,1,
2511103,Pedra Lavrada,2019,ok,ok,148915.25,148915.25,148915.25,new_observed,1875662.59,1875662.59,1879200.0012325777,new_observed,1432075762.41,3534057.727090551,1,
2511103,Pedra Lavrada,2020,ok,ok,138335.84,138335.84,138335.84,new_observed,1885467.68,1885467.68,1918944.2205141692,new_observed,1484614330.88,3509482.3025877187,1,
2511103,Pedra Lavrada,2021,ok,ok,217490.24,217490.24,217490.24,new_observed,2120602.96,2120602.96,2305687.654470087,new_observed,1825911222.18,3427423.6553953676,1,
2511103,Pedra Lavrada,2022,ok,ok,598876.5,598876.5,598876.5,new_observed,2563171.64,2563171.64,2573457.561380874,new_observed,1872532230.78,4031584.238955175,1,
2511103,Pedra Lavrada,2023,ok,ok,417705.65,417705.65,417705.65,new_observed,2905258.24,2905258.24,2876682.356124732,new_observed,1987009964.89,4065880.6139970063,1,
2511103,Pedra Lavrada,2024,ok,ok,5028944.84,5028944.84,5028944.84,new_observed,3978237.39,3978237.39,3973312.5011339854,new_observed,2396385537.79,9655028.128544454,1,
2511103,Pedra Lavrada,2025,ok,ok,4486632.53,4486632.53,4486632.53,new_observed,4769812.36,4769812.36,4786400.965685407,new_observed,2604121793.38,9273033.495685406,1,
2511202,Pedras de Fogo,2019,ok,ok,1081085.0,1081085.0,1081085.0,new_observed,11558873.12,11558873.12,11580672.609859543,new_observed,1432075762.41,22063530.310950864,1,
2511202,Pedras de Fogo,2020,ok,ok,941061.14,941061.14,941061.14,new_observed,14376287.83,14376287.83,14631539.292058662,new_observed,1484614330.88,26565058.725121167,1,
2511202,Pedras de Fogo,2021,ok,ok,1626290.27,1626290.27,1626290.27,new_observed,16516267.07,16516267.07,17957794.9288677,new_observed,1825911222.18,26602546.347202554,1,
2511202,Pedras de Fogo,2022,ok,ok,2436412.44,2436412.44,2436412.44,new_observed,15133692.47,15133692.47,15194423.467690323,new_observed,1872532230.78,22406278.402505007,1,
2511202,Pedras de Fogo,2023,ok,ok,2751051.89,2751051.89,2751051.89,new_observed,17287124.84,17287124.84,17117090.085373472,new_observed,1987009964.89,24520940.807101954,1,
2511202,Pedras de Fogo,2024,ok,ok,3327666.33,3327666.33,3327666.33,new_observed,23282347.94,23282347.94,23253525.38244408,new_observed,2396385537.79,28508644.43756858,4,
2511202,Pedras de Fogo,2025,ok,ok,3047246.48,3047246.48,3047246.48,new_observed,23400970.32,23400970.32,23482354.961574115,new_observed,2604121793.38,26529601.441574115,1,
2511301,Piancó,2019,ok,ok,400825.4,400825.4,400825.4,new_observed,2952053.67,2952053.67,2957621.1040721536,new_observed,1432075762.41,5852203.819049803,1,
2511301,Piancó,2020,ok,ok,592109.48,592109.48,592109.48,new_observed,2958446.49,2958446.49,3010973.8044864982,new_observed,1484614330.88,6146444.163997139,1,
2511301,Piancó,2021,ok,ok,991192.29,991192.29,991192.29,new_observed,3602987.6,3602987.6,3917453.7550059855,new_observed,1825911222.18,6667785.734604248,1,
2511301,Piancó,2022,ok,ok,693855.85,693855.85,693855.85,new_observed,3719219.86,3719219.86,3734144.963914673,new_observed,1872532230.78,5627357.631966543,1,
2511301,Piancó,2023,ok,ok,795178.88,795178.88,795178.88,new_observed,3894961.33,3894961.33,3856650.8069861354,new_observed,1987009964.89,5741213.272015711,1,
2511301,Piancó,2024,ok,ok,1050986.77,1050986.77,1050986.77,new_observed,5090004.71,5090004.71,5083703.500427324,new_observed,2396385537.79,6579528.320107177,1,
2511301,Piancó,2025,ok,ok,1110660.44,1110660.44,1110660.44,new_observed,4874702.28,4874702.28,4891655.675197432,new_observed,2604121793.38,6002316.115197431,1,
2511400,Picuí,2019,ok,ok,662274.1,662274.1,662274.1,new_observed,2936318.82,2936318.82,2941856.5788867394,new_observed,1432075762.41,6280316.598094125,1,
2511400,Picuí,2020,ok,ok,728227.55,728227.55,728227.55,new_observed,3009073.1,3009073.1,3062499.2916079345,new_observed,1484614330.88,6466542.411946766,1,
2511400,Picuí,2021,ok,ok,781906.57,781906.57,781906.57,new_observed,3800587.98,3800587.98,4132300.553430051,new_observed,1825911222.18,6675339.768658653,2,
2511400,Picuí,2022,ok,ok,988301.27,988301.27,988301.27,new_observed,3985372.34,3985372.34,4001365.504844297,new_observed,1872532230.78,6341154.9785977565,2,
2511400,Picuí,2023,ok,ok,1221145.53,1221145.53,1221145.53,new_observed,4287321.27,4287321.27,4245151.526511901,new_observed,1987009964.89,6746415.78074612,1,
2511400,Picuí,2024,ok,ok,6245841.23,6245841.23,6245841.23,new_observed,6482759.58,6482759.58,6474734.1990720425,new_observed,2396385537.79,13642968.527212873,1,
2511400,Picuí,2025,ok,ok,5006061.6,5006061.6,5006061.6,new_observed,6364495.64,6364495.64,6386630.2861013515,new_observed,2604121793.38,11392691.88610135,1,
2511509,Pilar,2019,ok,ok,423138.9,423138.9,423138.9,new_observed,1878040.01,1878040.01,1881581.9049346342,new_observed,1432075762.41,4016052.02885561,1,
2511509,Pilar,2020,ok,ok,129490.8,129490.8,129490.8,new_observed,1972701.45,1972701.45,2007726.8289623621,new_observed,1484614330.88,3645846.5668244087,2,
2511509,Pilar,2021,ok,ok,261338.85,261338.85,261338.85,new_observed,2493693.7,2493693.7,2711341.48474443,new_observed,1825911222.18,4038016.8681572396,1,
2511509,Pilar,2022,ok,ok,301011.98,301011.98,301011.98,new_observed,2650418.22,2650418.22,2661054.2589651295,new_observed,1872532230.78,3764363.8194128075,1,
2511509,Pilar,2023,ok,ok,247826.45,247826.45,247826.45,new_observed,2910294.99,2910294.99,2881669.5650611785,new_observed,1987009964.89,3862373.5745644188,1,
2511509,Pilar,2024,ok,ok,485434.46,485434.46,485434.46,new_observed,4258570.35,4258570.35,4253298.420839972,new_observed,2396385537.79,5082347.407367618,1,
2511509,Pilar,2025,ok,absent_dca,,,561516.5394890519,imputed_temporal,,,4592347.606114607,imputed_temporal,2604121793.38,5153864.14560366,1,
2511608,Pilões,2019,ok,ok,84575.67,84575.67,84575.67,new_observed,1698234.68,1698234.68,1701437.4705576473,new_observed,1432075762.41,3112186.8129717987,1,
2511608,Pilões,2020,ok,ok,108227.47,108227.47,108227.47,new_observed,1724818.8,1724818.8,1755443.014379427,new_observed,1484614330.88,3179206.714884521,1,
2511608,Pilões,2021,ok,ok,200310.03,200310.03,200310.03,new_observed,2146211.84,2146211.84,2333531.6590171736,new_observed,1825911222.18,3441909.0952714314,1,
2511608,Pilões,2022,ok,ok,324892.55,324892.55,324892.55,new_observed,2245845.69,2245845.69,2254858.1930413153,new_observed,1872532230.78,3278495.339658863,1,
2511608,Pilões,2023,ok,ok,305759.68,305759.68,305759.68,new_observed,2494279.74,2494279.74,2469746.207241593,new_observed,1987009964.89,3425484.6605773144,1,
2511608,Pilões,2024,ok,ok,257126.98,257126.98,257126.98,new_observed,3486891.17,3486891.17,3482574.546878588,new_observed,2396385537.79,4010874.3914029384,1,
2511608,Pilões,2025,ok,ok,248589.06,248589.06,248589.06,new_observed,2659209.54,2659209.54,2668457.8238242995,new_observed,2604121793.38,2917046.8838242996,1,
2511707,Pilõezinhos,2019,ok,ok,84142.33,84142.33,84142.33,new_observed,1509564.11,1509564.11,1512411.0767558976,new_observed,1432075762.41,2782046.9770785137,1,
2511707,Pilõezinhos,2020,ok,ok,92442.41,92442.41,92442.41,new_observed,1539771.78,1539771.78,1567110.478468565,new_observed,1484614330.88,2831005.658428995,1,
2511707,Pilõezinhos,2021,ok,ok,280677.18,280677.18,280677.18,new_observed,1529831.07,1529831.07,1663353.6206720015,new_observed,1825911222.18,2640724.289652105,1,
2511707,Pilõezinhos,2022,ok,ok,105478.88,105478.88,105478.88,new_observed,1877310.01,1877310.01,1884843.5917816658,new_observed,1872532230.78,2529416.0553130605,1,
2511707,Pilõezinhos,2023,ok,ok,197617.19,197617.19,197617.19,new_observed,2127584.9,2127584.9,2106658.147878587,new_observed,1987009964.89,2843899.506728966,1,
2511707,Pilõezinhos,2024,ok,ok,162153.11,162153.11,162153.11,new_observed,2932579.84,2932579.84,2928949.430754182,new_observed,2396385537.79,3315244.2602176727,6,
2511707,Pilõezinhos,2025,ok,ok,246741.18,246741.18,246741.18,new_observed,4881914.33,4881914.33,4898892.807495141,new_observed,2604121793.38,5145633.987495141,1,
2511806,Pirpirituba,2019,ok,ok,291805.37,291805.37,291805.37,new_observed,1603088.28,1603088.28,1606111.6289321154,new_observed,1432075762.41,3307182.9775828524,1,
2511806,Pirpirituba,2020,ok,ok,270467.76,270467.76,270467.76,new_observed,1651187.34,1651187.34,1680504.2253915297,new_observed,1484614330.88,3328132.998024963,1,
2511806,Pirpirituba,2021,ok,ok,231631.41,231631.41,231631.41,new_observed,2010587.26,2010587.26,2186069.8636471014,new_observed,1825911222.18,3284146.771869962,1,
2511806,Pirpirituba,2022,ok,ok,566977.76,566977.76,566977.76,new_observed,2585607.14,2585607.14,2595983.0942860213,new_observed,1872532230.78,4019672.229292605,1,
2511806,Pirpirituba,2023,ok,ok,499538.52,499538.52,499538.52,new_observed,2714243.97,2714243.97,2687546.886956578,new_observed,1987009964.89,3933449.47444144,1,
2511806,Pirpirituba,2024,ok,ok,590997.36,590997.36,590997.36,new_observed,3586527.34,3586527.34,3582087.3715333557,new_observed,2396385537.79,4475683.035814945,1,
2511806,Pirpirituba,2025,ok,ok,1158583.77,1158583.77,1158583.77,new_observed,2670713.1,2670713.1,2680001.391272479,new_observed,2604121793.38,3838585.161272479,1,
2511905,Pitimbu,2019,ok,ok,1000820.41,1000820.41,1000820.41,new_observed,16171587.49,16171587.49,16202086.341734169,new_observed,1432075762.41,29976632.49040498,1,
2511905,Pitimbu,2020,ok,ok,1184586.67,1184586.67,1184586.67,new_observed,16562559.71,16562559.71,16856628.501012195,new_observed,1484614330.88,30776230.50700261,1,
2511905,Pitimbu,2021,ok,ok,1292438.58,1292438.58,1292438.58,new_observed,19842411.5,19842411.5,21574242.841981735,new_observed,1825911222.18,31061545.441507563,1,
2511905,Pitimbu,2022,ok,ok,1612423.41,1612423.41,1612423.41,new_observed,21108780.99,21108780.99,21193489.81648702,new_observed,1872532230.78,28983063.74419549,1,
2511905,Pitimbu,2023,ok,ok,1806114.95,1806114.95,1806114.95,new_observed,23083271.9,23083271.9,22856226.71406994,new_observed,1987009964.89,30437864.8420553,1,
2511905,Pitimbu,2024,ok,ok,2454951.8,2454951.8,2454951.8,new_observed,25987948.85,25987948.85,25955776.873469982,new_observed,2396385537.79,30470844.60043259,1,
2511905,Pitimbu,2025,ok,ok,3351740.54,3351740.54,3351740.54,new_observed,28276853.27,28276853.27,28375195.41294336,new_observed,2604121793.38,31726935.95294336,1,
2512002,Pocinhos,2019,ok,ok,347300.4,347300.4,347300.4,new_observed,3221471.98,3221471.98,3227547.5243053786,new_observed,1432075762.41,6229290.432280391,1,
2512002,Pocinhos,2020,ok,ok,392384.59,392384.59,392384.59,new_observed,3112171.65,3112171.65,3167428.359745496,new_observed,1484614330.88,6072629.96780907,1,
2512002,Pocinhos,2021,ok,ok,379613.61,379613.61,379613.61,new_observed,3610501.74,3610501.74,3925623.7237171303,new_observed,1825911222.18,5848129.976096026,1,
2512002,Pocinhos,2022,ok,ok,736153.41,736153.41,736153.41,new_observed,3685226.8,3685226.8,3700015.490910878,new_observed,1872532230.78,5637738.105825586,1,
2512002,Pocinhos,2023,ok,ok,2004036.94,2004036.94,2004036.94,new_observed,4038680.61,4038680.61,3998956.4758312395,new_observed,1987009964.89,7408797.78277574,1,
2512002,Pocinhos,2024,ok,ok,9483185.13,9483185.13,9483185.13,new_observed,6098945.21,6098945.21,6091394.974955036,new_observed,2396385537.79,16703922.50580427,1,
2512002,Pocinhos,2025,ok,ok,7277272.71,7277272.71,7277272.71,new_observed,5824005.76,5824005.76,5844260.673143412,new_observed,2604121793.38,13121533.383143412,1,
2512036,Poço Dantas,2019,ok,ok,217094.26,217094.26,217094.26,new_observed,1472434.9,1472434.9,1475211.842815978,new_observed,1432075762.41,2948899.2085753293,1,
2512036,Poço Dantas,2020,ok,ok,272496.87,272496.87,272496.87,new_observed,1496714.83,1496714.83,1523289.0509087634,new_observed,1484614330.88,3063403.4858095045,1,
2512036,Poço Dantas,2021,ok,ok,187328.07,187328.07,187328.07,new_observed,1841038.39,1841038.39,2001722.8907520175,new_observed,1825911222.18,2973553.7324541854,3,
2512036,Poço Dantas,2022,ok,absent_dca,,,337532.640078148,imputed_temporal,,,1972531.120295706,imputed_temporal,1872532230.78,2935761.640200918,2,
2512036,Poço Dantas,2023,ok,ok,537609.9,537609.9,537609.9,new_observed,2034037.24,2034037.24,2014030.6150576987,new_observed,1987009964.89,3149193.6240583886,3,
2512036,Poço Dantas,2024,ok,ok,463394.61,463394.61,463394.61,new_observed,2925376.73,2925376.73,2921755.2378983246,new_observed,2396385537.79,3630613.49640103,1,
2512036,Poço Dantas,2025,ok,ok,552539.7,552539.7,552539.7,new_observed,2083076.34,2083076.34,2090320.9293902754,new_observed,2604121793.38,2642860.629390275,1,
2512077,Poço de José de Moura,2019,ok,ok,118390.57,118390.57,118390.57,new_observed,1611126.58,1611126.58,1614165.0887870183,new_observed,1432075762.41,3019035.387574511,1,
2512077,Poço de José de Moura,2020,ok,ok,77670.45,77670.45,77670.45,new_observed,1642401.21,1642401.21,1671562.097365137,new_observed,1484614330.88,2983988.8043993902,4,
2512077,Poço de José de Moura,2021,ok,ok,76946.45,76946.45,76946.45,new_observed,1911885.23,1911885.23,2078753.1917689592,new_observed,1825911222.18,2928250.1096411864,1,
2512077,Poço de José de Moura,2022,ok,ok,207632.58,207632.58,207632.58,new_observed,1967527.63,1967527.63,1975423.252049281,new_observed,1872532230.78,2774352.673759089,1,
2512077,Poço de José de Moura,2023,ok,ok,297651.09,297651.09,297651.09,new_observed,2172147.16,2172147.16,2150782.0971117686,new_observed,1987009964.89,3021816.802282192,1,
2512077,Poço de José de Moura,2024,ok,ok,1093195.73,1093195.73,1093195.73,new_observed,2851567.31,2851567.31,2848037.1908243545,new_observed,2396385537.79,4227019.209707593,1,
2512077,Poço de José de Moura,2025,ok,ok,667120.09,667120.09,667120.09,new_observed,3491515.82,3491515.82,3503658.7251733886,new_observed,2604121793.38,4170778.8151733885,1,
2512101,Pombal,2019,ok,ok,1493091.94,1493091.94,1493091.94,new_observed,6165170.17,6165170.17,6176797.390336101,new_observed,1432075762.41,13365035.166187042,1,
2512101,Pombal,2020,ok,ok,1387386.22,1387386.22,1387386.22,new_observed,6241254.2,6241254.2,6352067.873075281,new_observed,1484614330.88,13202615.284449605,1,
2512101,Pombal,2021,ok,ok,1558235.76,1558235.76,1558235.76,new_observed,7307788.31,7307788.31,7945606.794705133,new_observed,1825911222.18,12909789.222765278,1,
2512101,Pombal,2022,ok,ok,1989100.59,1989100.59,1989100.59,new_observed,7475189.07,7475189.07,7505186.751731992,new_observed,1872532230.78,12065885.391142212,1,
2512101,Pombal,2023,ok,ok,2620577.16,2620577.16,2620577.16,new_observed,7983009.81,7983009.81,7904489.574461254,new_observed,1987009964.89,12989867.834970057,1,
2512101,Pombal,2024,ok,ok,3530968.68,3530968.68,3530968.68,new_observed,10835156.21,10835156.21,10821742.746963758,new_observed,2396385537.79,15393453.807971293,1,
2512101,Pombal,2025,ok,ok,3894385.27,3894385.27,3894385.27,new_observed,12395605.56,12395605.56,12438715.392703498,new_observed,2604121793.38,16333100.662703497,1,
2512200,Prata,2019,ok,ok,56161.01,56161.01,56161.01,new_observed,1611353.05,1611353.05,1614391.9858987634,new_observed,1432075762.41,2910993.7021982693,1,
2512200,Prata,2020,ok,ok,96292.87,96292.87,96292.87,new_observed,1662904.07,1662904.07,1692428.9863170658,new_observed,1484614330.88,3051353.0070513017,1,
2512200,Prata,2021,ok,ok,55053.18,55053.18,55053.18,new_observed,2039925.14,2039925.14,2217968.3326204373,new_observed,1825911222.18,3087617.293513906,1,
2512200,Prata,2022,ok,ok,73012.48,73012.48,73012.48,new_observed,2107410.48,2107410.48,2115867.447210557,new_observed,1872532230.78,2781754.2682330813,1,
2512200,Prata,2023,ok,ok,194344.31,194344.31,194344.31,new_observed,2273209.4,2273209.4,2250850.2971346495,new_observed,1987009964.89,3017819.7990386863,1,
2512200,Prata,2024,ok,ok,145870.71,145870.71,145870.71,new_observed,2974350.72,2974350.72,2970668.6001794557,new_observed,2396385537.79,3342525.4981332044,1,
2512200,Prata,2025,ok,ok,263297.91,263297.91,263297.91,new_observed,2695502.31,2695502.31,2704876.813978327,new_observed,2604121793.38,2968174.723978327,1,
2512309,Princesa Isabel,2019,ok,ok,1365932.33,1365932.33,1365932.33,new_observed,3076108.63,3076108.63,3081910.0258791978,new_observed,1432075762.41,7750512.026928652,1,
2512309,Princesa Isabel,2020,ok,ok,719120.43,719120.43,719120.43,new_observed,3121460.28,3121460.28,3176881.9096758747,new_observed,1484614330.88,6646130.259248997,1,
2512309,Princesa Isabel,2021,ok,ok,578078.84,578078.84,578078.84,new_observed,3908070.37,3908070.37,4249163.928786247,new_observed,1825911222.18,6557209.498519708,1,
2512309,Princesa Isabel,2022,ok,ok,844904.16,844904.16,844904.16,new_observed,4754672.67,4754672.67,4773753.011133693,new_observed,1872532230.78,7140512.082568921,1,
2512309,Princesa Isabel,2023,ok,ok,1190132.95,1190132.95,1190132.95,new_observed,5205121.21,5205121.21,5153924.060911575,new_observed,1987009964.89,7829732.978265509,1,
2512309,Princesa Isabel,2024,ok,ok,1559885.83,1559885.83,1559885.83,new_observed,7301100.19,7301100.19,7292061.738165584,new_observed,2396385537.79,9493819.108294182,1,
2512309,Princesa Isabel,2025,ok,ok,2068187.29,2068187.29,2068187.29,new_observed,14498278.31,14498278.31,14548700.88511402,new_observed,2604121793.38,16616888.17511402,1,
2512408,Puxinanã,2019,ok,ok,255576.29,255576.29,255576.29,new_observed,2055609.98,2055609.98,2059486.763528028,new_observed,1432075762.41,4034073.7381912908,1,
2512408,Puxinanã,2020,ok,ok,367487.48,367487.48,367487.48,new_observed,2111468.91,2111468.91,2148958.1097671497,new_observed,1484614330.88,4292765.69204949,1,
2512408,Puxinanã,2021,ok,ok,337030.8,337030.8,337030.8,new_observed,2631056.42,2631056.42,2860693.123718107,new_observed,1825911222.18,4343710.621274652,1,
2512408,Puxinanã,2022,ok,ok,446201.27,446201.27,446201.27,new_observed,2785917.97,2785917.97,2797097.76489387,new_observed,1872532230.78,4121770.601172126,1,
2512408,Puxinanã,2023,ok,ok,483489.15,483489.15,483489.15,new_observed,3108148.59,3108148.59,3077577.0931354333,new_observed,1987009964.89,4395010.598692456,1,
2512408,Puxinanã,2024,ok,ok,496016.3,496016.3,496016.3,new_observed,5044100.18,5044100.18,5037855.798285125,new_observed,2396385537.79,5935143.680527114,1,
2512408,Puxinanã,2025,ok,ok,593856.16,593856.16,593856.16,new_observed,7206937.53,7206937.53,7232002.047398444,new_observed,2604121793.38,7825858.207398444,1,
2512507,Queimadas,2019,ok,ok,1091175.78,1091175.78,1091175.78,new_observed,11751495.7,11751495.7,11773658.466965867,new_observed,1432075762.41,22417398.050035708,1,
2512507,Queimadas,2020,ok,ok,1277921.2,1277921.2,1277921.2,new_observed,11332299.82,11332299.82,11533505.17507824,new_observed,1484614330.88,21854814.51806106,1,
2512507,Queimadas,2021,ok,ok,2188560.59,2188560.59,2188560.59,new_observed,13719002.07,13719002.07,14916386.660352757,new_observed,1825911222.18,23234945.486260086,1,
2512507,Queimadas,2022,ok,ok,2342732.44,2342732.44,2342732.44,new_observed,13648897.24,13648897.24,13703669.804488216,new_observed,1872532230.78,20392689.14593878,2,
2512507,Queimadas,2023,ok,ok,4550201.5,4550201.5,4550201.5,new_observed,15097948.26,15097948.26,14949446.068252472,new_observed,1987009964.89,24066150.945223477,1,
2512507,Queimadas,2024,ok,ok,5150172.31,5150172.31,5150172.31,new_observed,20921854.52,20921854.52,20895954.153008092,new_observed,2396385537.79,27934780.590074927,2,
2512507,Queimadas,2025,ok,ok,4093217.8,4093217.8,4093217.8,new_observed,25735104.32,25735104.32,25824606.68730849,new_observed,2604121793.38,29917824.48730849,1,
2512606,Quixaba,2019,ok,ok,83524.97,83524.97,83524.97,new_observed,1470640.63,1470640.63,1473414.1889073336,new_observed,1432075762.41,2713017.843439775,2,
2512606,Quixaba,2020,ok,ok,102947.07,102947.07,102947.07,new_observed,1503904.5,1503904.5,1530606.3737354819,new_observed,1484614330.88,2786653.606941626,1,
2512606,Quixaba,2021,ok,ok,85772.38,85772.38,85772.38,new_observed,1795957.33,1795957.33,1952707.1884008213,new_observed,1825911222.18,2769021.205000868,3,
2512606,Quixaba,2022,ok,ok,118697.17,118697.17,118697.17,new_observed,1802036.75,1802036.75,1809268.2627269218,new_observed,1872532230.78,2450169.150360185,1,
2512606,Quixaba,2023,ok,ok,271070.7,271070.7,271070.7,new_observed,1988276.01,1988276.01,1968719.4887959708,new_observed,1987009964.89,2764312.9744023946,1,
2512606,Quixaba,2024,ok,ok,401589.68,401589.68,401589.68,new_observed,2497105.35,2497105.35,2494014.0396708595,new_observed,2396385537.79,3105569.448097829,5,
2512606,Quixaba,2025,ok,ok,606771.49,606771.49,606771.49,new_observed,2440440.55,2440440.55,2448927.992047432,new_observed,2604121793.38,3055699.482047432,1,
2512705,Remígio,2019,ok,ok,393632.91,393632.91,393632.91,new_observed,2719492.71,2719492.71,2724621.5450637024,new_observed,1432075762.41,5433661.250392454,1,
2512705,Remígio,2020,ok,ok,296774.43,296774.43,296774.43,new_observed,2737973.27,2737973.27,2786586.075232423,new_observed,1484614330.88,5259857.0964162545,1,
2512705,Remígio,2021,ok,ok,252077.74,252077.74,252077.74,new_observed,3303625.78,3303625.78,3591963.8516090303,new_observed,1825911222.18,5221652.865729258,1,
2512705,Remígio,2022,ok,ok,585972.0,585972.0,585972.0,new_observed,3413418.88,3413418.88,3427116.8148911917,new_observed,1872532230.78,5100063.644810499,1,
2512705,Remígio,2023,ok,ok,888940.63,888940.63,888940.63,new_observed,3674720.99,3674720.99,3638576.7330666645,new_observed,1987009964.89,5587789.0041500535,1,
2512705,Remígio,2024,ok,ok,1191953.56,1191953.56,1191953.56,new_observed,5376030.28,5376030.28,5369374.982923994,new_observed,2396385537.79,7037102.944512446,1,
2512705,Remígio,2025,ok,ok,868075.43,868075.43,868075.43,new_observed,5191505.26,5191505.26,5209560.4427141175,new_observed,2604121793.38,6077635.872714117,1,
2512721,Pedro Régis,2019,ok,ok,64360.47,64360.47,64360.47,new_observed,1699976.7,1699976.7,1703182.775925255,new_observed,1432075762.41,3080002.4123049807,2,
2512721,Pedro Régis,2020,ok,ok,68949.02,68949.02,68949.02,new_observed,1653746.66,1653746.66,1683108.9862020921,new_observed,1484614330.88,2988808.71102042,1,
2512721,Pedro Régis,2021,ok,ok,35724.03,35724.03,35724.03,new_observed,1665009.59,1665009.59,1810330.4242474984,new_observed,1825911222.18,2507635.596960035,1,
2512721,Pedro Régis,2022,ok,ok,46619.17,46619.17,46619.17,new_observed,2042742.17,2042742.17,2050939.625462645,new_observed,1872532230.78,2665698.131547977,1,
2512721,Pedro Régis,2023,ok,ok,125568.19,125568.19,125568.19,new_observed,2231825.18,2231825.18,2209873.128958376,new_observed,1987009964.89,2882364.0585828847,1,
2512721,Pedro Régis,2024,ok,ok,161160.85,161160.85,161160.85,new_observed,3042468.36,3042468.36,3038701.9134352393,new_observed,2396385537.79,3431890.893329818,1,
2512721,Pedro Régis,2025,ok,ok,193807.25,193807.25,193807.25,new_observed,1979566.97,1979566.97,1986451.5711991098,new_observed,2604121793.38,2180258.82119911,1,
2512747,Riachão,2019,ok,ok,117590.03,117590.03,117590.03,new_observed,1464412.75,1464412.75,1467174.563419214,new_observed,1432075762.41,2761504.5809595482,1,
2512747,Riachão,2020,ok,ok,114877.7,114877.7,114877.7,new_observed,1486813.47,1486813.47,1513211.8919371332,new_observed,1484614330.88,2777332.90648946,1,
2512747,Riachão,2021,ok,ok,122303.03,122303.03,122303.03,new_observed,1811609.92,1811609.92,1969725.9251489216,new_observed,1825911222.18,2841761.3931875993,1,
2512747,Riachão,2022,ok,ok,165915.11,165915.11,165915.11,new_observed,1844689.53,1844689.53,1852092.206895138,new_observed,1872532230.78,2564599.5457834196,1,
2512747,Riachão,2023,ok,ok,2002603.94,2002603.94,2002603.94,new_observed,2029651.49,2029651.49,2009688.002938174,new_observed,1987009964.89,4951906.089434397,1,
2512747,Riachão,2024,ok,ok,461031.48,461031.48,461031.48,new_observed,2628702.69,2628702.69,2625448.4677550965,new_observed,2396385537.79,3310286.474215594,1,
2512747,Riachão,2025,ok,absent_dca,,,533288.8836221392,imputed_temporal,,,2834734.550201462,imputed_temporal,2604121793.38,3368023.4338236013,1,
2512754,Riachão do Bacamarte,2019,ok,ok,90292.99,90292.99,90292.99,new_observed,1555174.86,1555174.86,1558107.8464804667,new_observed,1432075762.41,2872392.8336744537,1,
2512754,Riachão do Bacamarte,2020,ok,ok,27572.58,27572.58,27572.58,new_observed,1615335.71,1615335.71,1644016.04852471,new_observed,1484614330.88,2851537.2416277505,1,
2512754,Riachão do Bacamarte,2021,ok,ok,44171.82,44171.82,44171.82,new_observed,2008974.18,2008974.18,2184315.995189956,new_observed,1825911222.18,3027123.7990322146,1,
2512754,Riachão do Bacamarte,2022,ok,ok,158307.74,158307.74,158307.74,new_observed,2013600.43,2013600.43,2021680.9406424607,new_observed,1872532230.78,2770454.7616757555,1,
2512754,Riachão do Bacamarte,2023,ok,ok,356689.67,356689.67,356689.67,new_observed,2185232.94,2185232.94,2163739.166443454,new_observed,1987009964.89,3110672.6730435016,1,
2512754,Riachão do Bacamarte,2024,ok,ok,459260.15,459260.15,459260.15,new_observed,3000539.15,3000539.15,2996824.6100157793,new_observed,2396385537.79,3706692.033798583,6,
2512754,Riachão do Bacamarte,2025,ok,ok,497055.74,497055.74,497055.74,new_observed,2479792.27,2479792.27,2488416.5707154167,new_observed,2604121793.38,2985472.3107154164,1,
2512762,Riachão do Poço,2019,ok,ok,458857.78,458857.78,458857.78,new_observed,1535670.72,1535670.72,1538566.922591783,new_observed,1432075762.41,3480578.433689088,1,
2512762,Riachão do Poço,2020,ok,ok,491233.72,491233.72,491233.72,new_observed,1569881.76,1569881.76,1597755.062151271,new_observed,1484614330.88,3563573.7214270555,1,
2512762,Riachão do Poço,2021,ok,ok,88808.65,88808.65,88808.65,new_observed,2019202.65,2019202.65,2195437.1986627257,new_observed,1825911222.18,3102864.159361835,1,
2512762,Riachão do Poço,2022,ok,ok,405528.57,405528.57,405528.57,new_observed,2127535.1,2127535.1,2136072.826632169,new_observed,1872532230.78,3230012.9602077506,1,
2512762,Riachão do Poço,2023,ok,ok,720942.54,720942.54,720942.54,new_observed,2353982.12,2353982.12,2330828.543226881,new_observed,1987009964.89,3766446.715620729,1,
2512762,Riachão do Poço,2024,ok,ok,324574.22,324574.22,324574.22,new_observed,3260814.41,3260814.41,3256777.660302177,new_observed,2396385537.79,3841042.5110306167,1,
2512762,Riachão do Poço,2025,ok,ok,148653.96,148653.96,148653.96,new_observed,2715938.32,2715938.32,2725383.8969862536,new_observed,2604121793.38,2874037.8569862535,1,
2512788,Riacho de Santo Antônio,2019,ok,ok,67831.24,67831.24,67831.24,new_observed,1383733.39,1383733.39,1386343.0459491964,new_observed,1432075762.41,2533946.6623861026,1,
2512788,Riacho de Santo Antônio,2020,ok,ok,49791.73,49791.73,49791.73,new_observed,1413905.07,1413905.07,1439009.0009032572,new_observed,1484614330.88,2539722.1882755207,1,
2512788,Riacho de Santo Antônio,2021,ok,ok,50985.62,50985.62,50985.62,new_observed,1738208.31,1738208.31,1889917.8756518918,new_observed,1825911222.18,2636476.2343615717,1,
2512788,Riacho de Santo Antônio,2022,ok,ok,100882.71,100882.71,100882.71,new_observed,1784806.22,1784806.22,1791968.5871909128,new_observed,1872532230.78,2405544.091128596,1,
2512788,Riacho de Santo Antônio,2023,ok,ok,110126.04,110126.04,110126.04,new_observed,1961833.75,1961833.75,1942537.3127157944,new_observed,1987009964.89,2533364.0473900074,1,
2512788,Riacho de Santo Antônio,2024,ok,ok,479614.08,479614.08,479614.08,new_observed,2522725.43,2522725.43,2519602.4031003364,new_observed,2396385537.79,3216695.369905992,1,
2512788,Riacho de Santo Antônio,2025,ok,ok,186765.16,186765.16,186765.16,new_observed,2287189.55,2287189.55,2295144.0108276233,new_observed,2604121793.38,2481909.1708276235,1,
2512804,Riacho dos Cavalos,2019,ok,ok,235921.62,235921.62,235921.62,new_observed,1950362.78,1950362.78,1954041.0722698122,new_observed,1432075762.41,3816082.231989794,1,
2512804,Riacho dos Cavalos,2020,ok,ok,241081.68,241081.68,241081.68,new_observed,1981169.52,1981169.52,2016345.2498230205,new_observed,1484614330.88,3850909.7578181936,1,
2512804,Riacho dos Cavalos,2021,ok,ok,375116.98,375116.98,375116.98,new_observed,2360837.7,2360837.7,2566889.9090367937,new_observed,1825911222.18,3996350.803453182,1,
2512804,Riacho dos Cavalos,2022,ok,ok,322984.65,322984.65,322984.65,new_observed,2473743.33,2473743.33,2483670.378587679,new_observed,1872532230.78,3566858.3315948104,1,
2512804,Riacho dos Cavalos,2023,ok,ok,346839.66,346839.66,346839.66,new_observed,2671735.23,2671735.23,2645456.2594676106,new_observed,1987009964.89,3693043.426483706,1,
2512804,Riacho dos Cavalos,2024,ok,ok,689992.81,689992.81,689992.81,new_observed,3819386.71,3819386.71,3814658.4715267587,new_observed,2396385537.79,4831292.106446944,1,
2512804,Riacho dos Cavalos,2025,ok,ok,901075.49,901075.49,901075.49,new_observed,4174522.52,4174522.52,4189040.807677281,new_observed,2604121793.38,5090116.297677281,1,
2512903,Rio Tinto,2019,ok,ok,634019.46,634019.46,634019.46,new_observed,5988727.05,5988727.05,6000021.506928691,new_observed,1432075762.41,11560035.223225588,1,
2512903,Rio Tinto,2020,ok,ok,684203.35,684203.35,684203.35,new_observed,7624973.11,7624973.11,7760354.757717433,new_observed,1484614330.88,14405441.340252494,1,
2512903,Rio Tinto,2021,ok,ok,561949.46,561949.46,561949.46,new_observed,11384908.02,11384908.02,12378574.567768915,new_observed,1825911222.18,17578093.98346135,1,
2512903,Rio Tinto,2022,ok,ok,1109300.11,1109300.11,1109300.11,new_observed,11594856.18,11594856.18,11641385.946960911,new_observed,1872532230.78,16204303.818095695,1,
2512903,Rio Tinto,2023,ok,ok,2721292.86,2721292.86,2721292.86,new_observed,13305304.08,13305304.08,13174434.190679867,new_observed,1987009964.89,19618250.291280366,1,
2512903,Rio Tinto,2024,ok,ok,3932110.6,3932110.6,3932110.6,new_observed,15054805.77,15054805.77,15036168.560088126,new_observed,2396385537.79,20343705.128703304,1,
2512903,Rio Tinto,2025,ok,ok,3506499.89,3506499.89,3506499.89,new_observed,15571153.19,15571153.19,15625307.04361951,new_observed,2604121793.38,19131806.93361951,1,
2513000,Salgadinho,2019,ok,ok,87443.24,87443.24,87443.24,new_observed,1151192.81,1151192.81,1153363.9053764646,new_observed,1432075762.41,2162147.3815562744,1,
2513000,Salgadinho,2020,ok,ok,210512.52,210512.52,210512.52,new_observed,1175147.98,1175147.98,1196012.7709375008,new_observed,1484614330.88,2399369.7851003907,1,
2513000,Salgadinho,2021,ok,ok,184539.25,184539.25,184539.25,new_observed,1444772.71,1444772.71,1570871.4284555612,new_observed,1825911222.18,2384507.29037312,1,
2513000,Salgadinho,2022,ok,ok,232981.33,232981.33,232981.33,new_observed,1848384.5,1848384.5,1855802.004685182,new_observed,1872532230.78,2654545.7722202875,1,
2513000,Salgadinho,2023,ok,ok,1142249.38,1142249.38,1142249.38,new_observed,2045677.42,2045677.42,2025556.3031934686,new_observed,1987009964.89,3909654.7499141805,1,
2513000,Salgadinho,2024,ok,ok,624116.69,624116.69,624116.69,new_observed,2667452.19,2667452.19,2664149.997520441,new_observed,2396385537.79,3526705.1539504556,1,
2513000,Salgadinho,2025,ok,ok,525573.43,525573.43,525573.43,new_observed,2749038.3,2749038.3,2758598.9931533006,new_observed,2604121793.38,3284172.423153301,1,
2513109,Salgado de São Félix,2019,ok,ok,331570.81,331570.81,331570.81,new_observed,2269270.71,2269270.71,2273550.4475935902,new_observed,1432075762.41,4539509.726979856,1,
2513109,Salgado de São Félix,2020,ok,ok,463762.35,463762.35,463762.35,new_observed,2386884.95,2386884.95,2429264.1705928114,new_observed,1484614330.88,4935169.289688193,1,
2513109,Salgado de São Félix,2021,ok,ok,235383.86,235383.86,235383.86,new_observed,2640400.97,2640400.97,2870853.259291802,new_observed,1825911222.18,4219437.165037394,1,
2513109,Salgado de São Félix,2022,ok,ok,224148.21,224148.21,224148.21,new_observed,3181202.75,3181202.75,3193968.809390045,new_observed,1872532230.78,4343939.331622254,1,
2513109,Salgado de São Félix,2023,ok,ok,396314.48,396314.48,396314.48,new_observed,2658207.92,2658207.92,2632062.0029891124,new_observed,1987009964.89,3737573.476827329,1,
2513109,Salgado de São Félix,2024,ok,ok,680272.55,680272.55,680272.55,new_observed,3962169.18,3962169.18,3957264.1828952776,new_observed,2396385537.79,4973813.334425499,2,
2513109,Salgado de São Félix,2025,ok,ok,877736.79,877736.79,877736.79,new_observed,4256217.82,4256217.82,4271020.230199462,new_observed,2604121793.38,5148757.020199462,1,
2513158,Santa Cecília,2019,ok,ok,119532.03,119532.03,119532.03,new_observed,1690534.36,1690534.36,1693722.6281170936,new_observed,1432075762.41,3159656.055940178,1,
2513158,Santa Cecília,2020,ok,ok,78916.81,78916.81,78916.81,new_observed,1733486.92,1733486.92,1764265.0371343985,new_observed,1484614330.88,3144255.4648356596,1,
2513158,Santa Cecília,2021,ok,ok,114392.73,114392.73,114392.73,new_observed,2095921.58,2095921.58,2278852.1014529937,new_observed,1825911222.18,3250925.7339532124,3,
2513158,Santa Cecília,2022,ok,ok,122217.18,122217.18,122217.18,new_observed,2197520.2,2197520.2,2206338.77447911,new_observed,1872532230.78,2959262.582048763,4,
2513158,Santa Cecília,2023,ok,ok,222510.02,222510.02,222510.02,new_observed,2380539.15,2380539.15,2357124.3604386672,new_observed,1987009964.89,3183743.201810528,5,
2513158,Santa Cecília,2024,ok,ok,223442.91,223442.91,223442.91,new_observed,3525481.58,3525481.58,3521117.1835905937,new_observed,2396385537.79,4016085.2620202983,1,
2513158,Santa Cecília,2025,ok,ok,231745.96,231745.96,231745.96,new_observed,2311513.08,2311513.08,2319552.133976702,new_observed,2604121793.38,2551298.093976702,1,
2513208,Santa Cruz,2019,ok,ok,349783.92,349783.92,349783.92,new_observed,1353992.01,1353992.01,1356545.575108421,new_observed,1432075762.41,2973335.43223718,1,
2513208,Santa Cruz,2020,ok,ok,625414.91,625414.91,625414.91,new_observed,1457817.78,1457817.78,1483701.3825099336,new_observed,1484614330.88,3597908.9306942,1,
2513208,Santa Cruz,2021,ok,ok,145344.66,145344.66,145344.66,new_observed,1767047.75,1767047.75,1921274.4011420903,new_observed,1825911222.18,2807245.2094532005,1,
2513208,Santa Cruz,2022,ok,ok,156070.48,156070.48,156070.48,new_observed,2246479.24,2246479.24,2255494.2854561075,new_observed,1872532230.78,3064754.944313915,1,
2513208,Santa Cruz,2023,ok,ok,240744.58,240744.58,240744.58,new_observed,2453681.98,2453681.98,2429547.763508692,new_observed,1987009964.89,3295631.799591233,1,
2513208,Santa Cruz,2024,ok,ok,158403.18,158403.18,158403.18,new_observed,3108164.06,3108164.06,3104316.284949844,new_observed,2396385537.79,3499305.4537221314,1,
2513208,Santa Cruz,2025,ok,ok,162684.78,162684.78,162684.78,new_observed,4154296.58,4154296.58,4168744.525257506,new_observed,2604121793.38,4331429.305257506,1,
2513307,Santa Helena,2019,ok,ok,118880.95,118880.95,118880.95,new_observed,1638470.24,1638470.24,1641560.3176408936,new_observed,1432075762.41,3067626.9808701924,1,
2513307,Santa Helena,2020,ok,ok,153675.22,153675.22,153675.22,new_observed,1686204.28,1686204.28,1716142.8923100163,new_observed,1484614330.88,3189693.8584870817,1,
2513307,Santa Helena,2021,ok,ok,122984.16,122984.16,122984.16,new_observed,2075178.63,2075178.63,2256298.7217612616,new_observed,1825911222.18,3231960.160121197,1,
2513307,Santa Helena,2022,ok,ok,334368.51,334368.51,334368.51,new_observed,2118287.14,2118287.14,2126787.7548804595,new_observed,1872532230.78,3127778.6686748816,1,
2513307,Santa Helena,2023,ok,ok,5094564.29,5094564.29,5094564.29,new_observed,2352004.7,2352004.7,2328870.572969253,new_observed,1987009964.89,9161883.737587111,1,
2513307,Santa Helena,2024,ok,ok,897581.76,897581.76,897581.76,new_observed,3145380.48,3145380.48,3141486.632603092,new_observed,2396385537.79,4331948.91746844,1,
2513307,Santa Helena,2025,ok,ok,2021145.43,2021145.43,2021145.43,new_observed,3927929.27,3927929.27,3941589.9478007923,new_observed,2604121793.38,5962735.377800792,1,
2513356,Santa Inês,2019,ok,ok,85784.48,85784.48,85784.48,new_observed,1437447.26,1437447.26,1440158.217776133,new_observed,1432075762.41,2659005.487432587,1,
2513356,Santa Inês,2020,ok,ok,92073.33,92073.33,92073.33,new_observed,1473268.14,1473268.14,1499426.064158607,new_observed,1484614330.88,2714914.252842553,1,
2513356,Santa Inês,2021,ok,ok,185287.75,185287.75,185287.75,new_observed,1797574.99,1797574.99,1954466.0365970582,new_observed,1825911222.18,2906589.646721999,1,
2513356,Santa Inês,2022,ok,ok,325092.47,325092.47,325092.47,new_observed,1840755.32,1840755.32,1848142.2090430392,new_observed,1872532230.78,2761871.3887171545,1,
2513356,Santa Inês,2023,ok,ok,175581.05,175581.05,175581.05,new_observed,1949082.96,1949082.96,1929911.938449701,new_observed,1987009964.89,2598565.5328785633,1,
2513356,Santa Inês,2024,ok,ok,120450.66,120450.66,120450.66,new_observed,2558286.5,2558286.5,2555119.450006554,new_observed,2396385537.79,2869580.783251859,1,
2513356,Santa Inês,2025,ok,ok,248307.32,248307.32,248307.32,new_observed,1969186.18,1969186.18,1976034.678556277,new_observed,2604121793.38,2224341.998556277,1,
2513406,Santa Luzia,2019,ok,ok,852762.33,852762.33,852762.33,new_observed,3583223.65,3583223.65,3589981.440903292,new_observed,1432075762.41,7741627.574420159,1,
2513406,Santa Luzia,2020,ok,ok,4913205.84,4913205.84,4913205.84,new_observed,7081452.61,7081452.61,7207184.033408878,new_observed,1484614330.88,20675986.01551648,1,
2513406,Santa Luzia,2021,ok,ok,7205644.92,7205644.92,7205644.92,new_observed,9157911.86,9157911.86,9957207.791659025,new_observed,1825911222.18,23313602.86047562,1,
2513406,Santa Luzia,2022,ok,ok,7505780.03,7505780.03,7505780.03,new_observed,6098119.79,6098119.79,6122591.3391355425,new_observed,1872532230.78,17319716.697969217,1,
2513406,Santa Luzia,2023,ok,ok,5646408.55,5646408.55,5646408.55,new_observed,7962128.32,7962128.32,7883813.473099401,new_observed,1987009964.89,16698782.087756403,1,
2513406,Santa Luzia,2024,ok,ok,4724823.97,4724823.97,4724823.97,new_observed,35872743.23,35872743.23,35828334.29800139,new_observed,2396385537.79,43493744.839952245,1,
2513406,Santa Luzia,2025,ok,ok,5649577.13,5649577.13,5649577.13,new_observed,45982902.63,45982902.63,46142823.43661209,new_observed,2604121793.38,51792400.566612095,1,
2513505,Santana de Mangueira,2019,ok,ok,95317.13,95317.13,95317.13,new_observed,1552824.86,1552824.86,1555753.4144912371,new_observed,1432075762.41,2877044.8879493796,1,
2513505,Santana de Mangueira,2020,ok,ok,76802.51,76802.51,76802.51,new_observed,1584837.57,1584837.57,1612976.41304847,new_observed,1484614330.88,2882567.7843016726,1,
2513505,Santana de Mangueira,2021,ok,ok,86481.58,86481.58,86481.58,new_observed,1939576.26,1939576.26,2108861.074863945,new_observed,1825911222.18,2982100.2171388343,1,
2513505,Santana de Mangueira,2022,ok,ok,165873.58,165873.58,165873.58,new_observed,1989920.7,1989920.7,1997906.184684269,new_observed,1872532230.78,2749855.5407730397,1,
2513505,Santana de Mangueira,2023,ok,ok,189620.65,189620.65,189620.65,new_observed,2118425.13,2118425.13,2097588.4726316934,new_observed,1987009964.89,2822836.6587591334,1,
2513505,Santana de Mangueira,2024,ok,ok,232940.83,232940.83,232940.83,new_observed,2886560.42,2886560.42,2882986.980840922,new_observed,2396385537.79,3341869.65781556,1,
2513505,Santana de Mangueira,2025,ok,ok,361308.57,361308.57,361308.57,new_observed,3893839.12,3893839.12,3907381.2379889125,new_observed,2604121793.38,4268689.807988913,1,
2513604,Santana dos Garrotes,2019,ok,ok,291928.46,291928.46,291928.46,new_observed,1718608.39,1718608.39,1721849.6044143622,new_observed,1432075762.41,3509074.7061163425,1,
2513604,Santana dos Garrotes,2020,ok,ok,414637.41,414637.41,414637.41,new_observed,1747210.21,1747210.21,1778231.9845985628,new_observed,1484614330.88,3740782.0548780826,1,
2513604,Santana dos Garrotes,2021,ok,ok,263008.64,263008.64,263008.64,new_observed,2125159.06,2125159.06,2310641.4075868567,new_observed,1825911222.18,3495983.804051665,1,
2513604,Santana dos Garrotes,2022,ok,ok,267080.24,267080.24,267080.24,new_observed,2184312.15,2184312.15,2193077.721019733,new_observed,1872532230.78,3126509.9668191755,1,
2513604,Santana dos Garrotes,2023,ok,ok,387449.9,387449.9,387449.9,new_observed,2387520.45,2387520.45,2364036.992939389,new_observed,1987009964.89,3395840.804686789,1,
2513604,Santana dos Garrotes,2024,ok,ok,429507.06,429507.06,429507.06,new_observed,3175410.66,3175410.66,3171479.6365161403,new_observed,2396385537.79,3862101.085081638,1,
2513604,Santana dos Garrotes,2025,ok,ok,371111.39,371111.39,371111.39,new_observed,2073991.04,2073991.04,2081204.0322439184,new_observed,2604121793.38,2452315.4222439183,1,
2513653,Joca Claudino,2019,ok,ok,150824.81,150824.81,150824.81,new_observed,1428190.12,1428190.12,1430883.619246442,new_observed,1432075762.41,2756179.114074233,1,
2513653,Joca Claudino,2020,ok,ok,96938.64,96938.64,96938.64,new_observed,1463235.82,1463235.82,1489215.6199878808,new_observed,1484614330.88,2705796.070959026,1,
2513653,Joca Claudino,2021,ok,ok,87966.16,87966.16,87966.16,new_observed,1797351.82,1797351.82,1954223.3884806714,new_observed,1825911222.18,2774060.7519605146,1,
2513653,Joca Claudino,2022,ok,ok,169420.09,169420.09,169420.09,new_observed,1847738.46,1847738.46,1855153.3721484414,new_observed,1872532230.78,2572944.1801131302,1,
2513653,Joca Claudino,2023,ok,ok,345854.26,345854.26,345854.26,new_observed,2034034.36,2034034.36,2014027.763385145,new_observed,1987009964.89,2912528.3823166043,1,
2513653,Joca Claudino,2024,ok,ok,333896.14,333896.14,333896.14,new_observed,2587925.08,2587925.08,2584721.338703764,new_observed,2396385537.79,3130251.9785328284,1,
2513653,Joca Claudino,2025,ok,ok,359020.03,359020.03,359020.03,new_observed,1851096.21,1851096.21,1857534.0114889962,new_observed,2604121793.38,2216554.0414889962,1,
2513703,Santa Rita,2019,ok,ok,7901622.91,7901622.91,7901622.91,new_observed,59224704.51,59224704.51,59336399.5110608,new_observed,1432075762.41,117164472.0619419,1,
2513703,Santa Rita,2020,ok,ok,8505862.0,8505862.0,8505862.0,new_observed,58720019.96,58720019.96,59762595.84079355,new_observed,1484614330.88,116458108.55588692,1,
2513703,Santa Rita,2021,ok,ok,9009366.73,9009366.73,9009366.73,new_observed,70340990.84,70340990.84,76480301.70767161,new_observed,1825911222.18,116127092.16316262,1,
2513703,Santa Rita,2022,ok,ok,11151514.05,11151514.05,11151514.05,new_observed,75278082.23,75278082.23,75580170.63619067,new_observed,1872532230.78,110223603.89330225,2,
2513703,Santa Rita,2023,ok,ok,13036011.91,13036011.91,13036011.91,new_observed,80414138.16,80414138.16,79623191.23405999,new_observed,1987009964.89,114358496.0458297,1,
2513703,Santa Rita,2024,ok,ok,16723569.69,16723569.69,16723569.69,new_observed,84234455.14,84234455.14,84130176.46339397,new_observed,2396385537.79,108166842.94624276,1,
2513703,Santa Rita,2025,ok,ok,19140771.97,19140771.97,19140771.97,new_observed,96199421.32,96199421.32,96533986.73830122,new_observed,2604121793.38,115674758.70830122,2,
2513802,Santa Teresinha,2019,ok,ok,97292.55,97292.55,97292.55,new_observed,1760963.59,1760963.59,1764284.6843250864,new_observed,1432075762.41,3243859.7390084807,1,
2513802,Santa Teresinha,2020,ok,ok,125767.58,125767.58,125767.58,new_observed,1791846.69,1791846.69,1823660.9867653337,new_observed,1484614330.88,3325500.1040120954,1,
2513802,Santa Teresinha,2021,ok,ok,227586.9,227586.9,227586.9,new_observed,2152180.1,2152180.1,2340020.824438629,new_observed,1825911222.18,3487776.0588359325,1,
2513802,Santa Teresinha,2022,ok,ok,373768.92,373768.92,373768.92,new_observed,2191636.43,2191636.43,2200431.3931084555,new_observed,1872532230.78,3271441.5346674044,1,
2513802,Santa Teresinha,2023,ok,ok,353705.36,353705.36,353705.36,new_observed,2323772.27,2323772.27,2300915.834855671,new_observed,1987009964.89,3276290.720341028,2,
2513802,Santa Teresinha,2024,ok,ok,314624.03,314624.03,314624.03,new_observed,2994474.67,2994474.67,2990767.6375843585,new_observed,2396385537.79,3545071.898862578,3,
2513802,Santa Teresinha,2025,ok,ok,322661.48,322661.48,322661.48,new_observed,2942862.57,2942862.57,2953097.3513866775,new_observed,2604121793.38,3275758.8313866775,1,
2513851,Santo André,2019,ok,ok,110862.01,110862.01,110862.01,new_observed,1181186.7,1181186.7,1183414.3624391977,new_observed,1432075762.41,2255319.273512498,1,
2513851,Santo André,2020,ok,ok,185793.04,185793.04,185793.04,new_observed,1220246.52,1220246.52,1241912.0369947301,new_observed,1484614330.88,2435500.055240599,1,
2513851,Santo André,2021,ok,ok,118214.29,118214.29,118214.29,new_observed,1832494.49,1832494.49,1992433.28533195,new_observed,1825911222.18,2867052.475273405,1,
2513851,Santo André,2022,ok,ok,88659.9,88659.9,88659.9,new_observed,1887238.22,1887238.22,1894811.643353693,new_observed,1872532230.78,2520709.502176471,1,
2513851,Santo André,2023,ok,ok,138291.3,138291.3,138291.3,new_observed,2082760.73,2082760.73,2062274.8647708737,new_observed,1987009964.89,2715903.3157373867,1,
2513851,Santo André,2024,ok,ok,152194.42,152194.42,152194.42,new_observed,2641276.76,2641276.76,2638006.971590669,new_observed,2396385537.79,2992524.196905296,1,
2513851,Santo André,2025,ok,ok,192209.02,192209.02,192209.02,new_observed,1943765.84,1943765.84,1950525.9308863685,new_observed,2604121793.38,2142734.9508863683,1,
2513901,São Bento,2019,ok,ok,1155480.33,1155480.33,1155480.33,new_observed,7666108.52,7666108.52,7680566.439315225,new_observed,1432075762.41,15397102.971862098,1,
2513901,São Bento,2020,ok,ok,1204389.15,1204389.15,1204389.15,new_observed,7565801.66,7565801.66,7700132.71668147,new_observed,1484614330.88,15190086.417458253,1,
2513901,São Bento,2021,ok,ok,1560660.96,1560660.96,1560660.96,new_observed,9072295.9,9072295.9,9864119.332517384,new_observed,1825911222.18,15519144.4559214,1,
2513901,São Bento,2022,ok,ok,2185315.98,2185315.98,2185315.98,new_observed,9396396.13,9396396.13,9434103.550895438,new_observed,1872532230.78,14766625.374307249,1,
2513901,São Bento,2023,ok,ok,2603815.78,2603815.78,2603815.78,new_observed,10378987.18,10378987.18,10276900.305823,new_observed,1987009964.89,15897172.321651611,1,
2513901,São Bento,2024,ok,ok,3809631.12,3809631.12,3809631.12,new_observed,13583815.48,13583815.48,13566999.293569392,new_observed,2396385537.79,18636642.906855606,1,
2513901,São Bento,2025,ok,ok,4162012.19,4162012.19,4162012.19,new_observed,14431446.55,14431446.55,14481636.695485719,new_observed,2604121793.38,18643648.88548572,2,
2513927,São Bentinho,2019,ok,ok,96233.41,96233.41,96233.41,new_observed,1736143.12,1736143.12,1739417.4040886166,new_observed,1432075762.41,3198682.0965067497,1,
2513927,São Bentinho,2020,ok,ok,101775.47,101775.47,101775.47,new_observed,1777202.4,1777202.4,1808756.6869159543,new_observed,1484614330.88,3259147.3187882504,1,
2513927,São Bentinho,2021,ok,ok,172081.13,172081.13,172081.13,new_observed,2177808.19,2177808.19,2367885.7156206393,new_observed,1825911222.18,3450229.3594437395,1,
2513927,São Bentinho,2022,ok,ok,297157.92,297157.92,297157.92,new_observed,2208689.57,2208689.57,2217552.966784374,new_observed,1872532230.78,3195838.9565933114,1,
2513927,São Bentinho,2023,ok,ok,350609.23,350609.23,350609.23,new_observed,2344951.91,2344951.91,2321887.15363836,new_observed,1987009964.89,3298351.990418491,1,
2513927,São Bentinho,2024,ok,ok,387189.11,387189.11,387189.11,new_observed,3097051.18,3097051.18,3093217.1622231323,new_observed,2396385537.79,3732777.145075923,1,
2513927,São Bentinho,2025,ok,ok,422213.74,422213.74,422213.74,new_observed,4011379.66,4011379.66,4025330.5642310004,new_observed,2604121793.38,4447544.304231,1,
2513943,São Domingos do Cariri,2019,ok,ok,74335.04,74335.04,74335.04,new_observed,1120756.71,1120756.71,1122870.4043265157,new_observed,1432075762.41,2086169.9791792566,1,
2513943,São Domingos do Cariri,2020,ok,ok,79638.38,79638.38,79638.38,new_observed,1129347.58,1129347.58,1149399.1833329457,new_observed,1484614330.88,2096596.2099756605,1,
2513943,São Domingos do Cariri,2021,ok,ok,60322.79,60322.79,60322.79,new_observed,1446675.61,1446675.61,1572940.4121929465,new_observed,1825911222.18,2218585.1211488,1,
2513943,São Domingos do Cariri,2022,ok,ok,160994.6,160994.6,160994.6,new_observed,1838550.77,1838550.77,1845928.8122582098,new_observed,1872532230.78,2550513.483478597,1,
2513943,São Domingos do Cariri,2023,ok,ok,146358.36,146358.36,146358.36,new_observed,2000478.92,2000478.92,1980802.371965206,new_observed,1987009964.89,2625307.5129200653,1,
2513943,São Domingos do Cariri,2024,ok,ok,138446.07,138446.07,138446.07,new_observed,2619528.5,2619528.5,2616285.6350125344,new_observed,2396385537.79,2954482.5359479114,1,
2513943,São Domingos do Cariri,2025,ok,ok,204223.0,204223.0,204223.0,new_observed,8724252.72,8724252.72,8754594.204601277,new_observed,2604121793.38,8958817.204601277,1,
2513968,São Domingos,2019,ok,ok,78786.5,78786.5,78786.5,new_observed,1496893.78,1496893.78,1499716.8511107522,new_observed,1432075762.41,2750594.1596962805,1,
2513968,São Domingos,2020,ok,ok,88081.86,88081.86,88081.86,new_observed,1609262.54,1609262.54,1637835.0491921199,new_observed,1484614330.88,2944215.017100207,1,
2513968,São Domingos,2021,ok,ok,78265.1,78265.1,78265.1,new_observed,1996518.68,1996518.68,2170773.388147546,new_observed,1825911222.18,3055039.334747516,1,
2513968,São Domingos,2022,ok,ok,135805.0,135805.0,135805.0,new_observed,1975590.24,1975590.24,1983518.2170314023,new_observed,1872532230.78,2693357.6079047592,1,
2513968,São Domingos,2023,ok,ok,180151.43,180151.43,180151.43,new_observed,2090292.19,2090292.19,2069732.2459425589,new_observed,1987009964.89,2776770.1936615235,1,
2513968,São Domingos,2024,ok,ok,195313.6,195313.6,195313.6,new_observed,2718038.95,2718038.95,2714674.1332608336,new_observed,2396385537.79,3120996.4738481357,1,
2513968,São Domingos,2025,ok,ok,272133.57,272133.57,272133.57,new_observed,3791852.56,3791852.56,3805039.9858749756,new_observed,2604121793.38,4077173.5558749754,1,
2513984,São Francisco,2019,ok,ok,68608.99,68608.99,68608.99,new_observed,1542947.51,1542947.51,1545857.436274721,new_observed,1432075762.41,2813261.004490195,1,
2513984,São Francisco,2020,ok,partial,,,71879.5390229115,imputed_temporal,1606358.12,1606358.12,1634879.061119736,new_observed,1484614330.88,2911533.1533874823,1,
2513984,São Francisco,2021,ok,ok,90728.63,90728.63,90728.63,new_observed,1582476.16,1582476.16,1720593.536097502,new_observed,1825911222.18,2460456.099124308,1,
2513984,São Francisco,2022,ok,ok,195174.27,195174.27,195174.27,new_observed,2019853.08,2019853.08,2027958.6823161193,new_observed,1872532230.78,2825284.9788960093,1,
2513984,São Francisco,2023,ok,ok,228384.73,228384.73,228384.73,new_observed,2208696.14,2208696.14,2186971.584315617,new_observed,1987009964.89,2980993.858650936,1,
2513984,São Francisco,2024,ok,ok,278214.52,278214.52,278214.52,new_observed,2798685.91,2798685.91,2795221.25575079,new_observed,2396385537.79,3296296.4445105237,3,
2513984,São Francisco,2025,ok,ok,335827.22,335827.22,335827.22,new_observed,3022596.94,3022596.94,3033109.024123908,new_observed,2604121793.38,3368936.2441239078,1,
2514008,São João do Cariri,2019,ok,ok,102904.07,102904.07,102904.07,new_observed,1643395.87,1643395.87,1646495.2371468968,new_observed,1432075762.41,3048386.0004661838,1,
2514008,São João do Cariri,2020,ok,ok,88355.45,88355.45,88355.45,new_observed,1681636.11,1681636.11,1711493.6143018003,new_observed,1484614330.88,3070334.739411979,1,
2514008,São João do Cariri,2021,ok,ok,199273.09,199273.09,199273.09,new_observed,2037335.19,2037335.19,2215152.333655362,new_observed,1825911222.18,3279696.9366927347,1,
2514008,São João do Cariri,2022,ok,ok,173004.07,173004.07,173004.07,new_observed,2102716.35,2102716.35,2111154.4798251167,new_observed,1872532230.78,2902839.8114986643,2,
2514008,São João do Cariri,2023,ok,ok,179241.56,179241.56,179241.56,new_observed,2347355.79,2347355.79,2324267.3892700956,new_observed,1987009964.89,3089790.4208250996,1,
2514008,São João do Cariri,2024,ok,ok,430867.68,430867.68,430867.68,new_observed,3035290.34,3035290.34,3031532.7795190285,new_observed,2396385537.79,3713465.696674968,2,
2514008,São João do Cariri,2025,ok,ok,602977.53,602977.53,602977.53,new_observed,2262667.25,2262667.25,2270536.426389893,new_observed,2604121793.38,2873513.956389893,1,
2514107,São João do Tigre,2019,ok,ok,126243.89,126243.89,126243.89,new_observed,1481431.54,1481431.54,1484225.450054948,new_observed,1432075762.41,2806295.949899608,1,
2514107,São João do Tigre,2020,ok,ok,109104.95,109104.95,109104.95,new_observed,1503942.32,1503942.32,1530644.8652308227,new_observed,1484614330.88,2797223.9014389743,5,
2514107,São João do Tigre,2021,ok,ok,184651.89,184651.89,184651.89,new_observed,1840800.88,1840800.88,2001464.6510507895,new_observed,1825911222.18,2969567.687902634,1,
2514107,São João do Tigre,2022,ok,ok,345416.25,345416.25,345416.25,new_observed,1894487.16,1894487.16,1902089.6731055346,new_observed,1872532230.78,2856259.5493510356,1,
2514107,São João do Tigre,2023,ok,ok,257275.98,257275.98,257275.98,new_observed,2050815.2,2050815.2,2030643.5484070473,new_observed,1987009964.89,2823713.430124472,1,
2514107,São João do Tigre,2024,ok,ok,310271.51,310271.51,310271.51,new_observed,2853926.76,2853926.76,2850393.7199254995,new_observed,2396385537.79,3389851.0721755344,1,
2514107,São João do Tigre,2025,ok,ok,330877.17,330877.17,330877.17,new_observed,2206543.99,2206543.99,2214217.9791247244,new_observed,2604121793.38,2545095.1491247243,1,
2514206,São José da Lagoa Tapada,2019,ok,ok,221117.11,221117.11,221117.11,new_observed,1425954.29,1425954.29,1428643.5725764513,new_observed,1432075762.41,2874762.4103542054,5,
2514206,São José da Lagoa Tapada,2020,ok,ok,122217.61,122217.61,122217.61,new_observed,1446220.58,1446220.58,1471898.273843469,new_observed,1484614330.88,2719377.682212316,4,
2514206,São José da Lagoa Tapada,2021,ok,ok,146297.46,146297.46,146297.46,new_observed,1790987.17,1790987.17,1947303.23642636,new_observed,1825911222.18,2843896.408418297,1,
2514206,São José da Lagoa Tapada,2022,ok,ok,168070.35,168070.35,168070.35,new_observed,2258440.5,2258440.5,2267503.545589246,new_observed,1872532230.78,3095267.1251759934,1,
2514206,São José da Lagoa Tapada,2023,ok,ok,274373.33,274373.33,274373.33,new_observed,2501883.38,2501883.38,2477275.0584566654,new_observed,1987009964.89,3396040.1198529815,1,
2514206,São José da Lagoa Tapada,2024,ok,ok,393471.99,393471.99,393471.99,new_observed,3376517.69,3376517.69,3372337.704557406,new_observed,2396385537.79,4038875.7119352827,1,
2514206,São José da Lagoa Tapada,2025,ok,ok,685102.89,685102.89,685102.89,new_observed,5082965.71,5082965.71,5100643.410402376,new_observed,2604121793.38,5785746.300402376,1,
2514305,São José de Caiana,2019,ok,ok,101547.64,101547.64,101547.64,new_observed,1589158.27,1589158.27,1592155.3475898674,new_observed,1432075762.41,2951333.326373131,1,
2514305,São José de Caiana,2020,ok,ok,298747.2,298747.2,298747.2,new_observed,1622508.73,1622508.73,1651316.4257301323,new_observed,1484614330.88,3326583.4412984652,1,
2514305,São José de Caiana,2021,ok,ok,338127.19,338127.19,338127.19,new_observed,1985397.57,1985397.57,2158681.6357004,new_observed,1825911222.18,3391604.5519266627,1,
2514305,São José de Caiana,2022,ok,ok,281491.76,281491.76,281491.76,new_observed,2050761.19,2050761.19,2058990.8255195653,new_observed,1872532230.78,2974419.6294454685,1,
2514305,São José de Caiana,2023,ok,ok,202383.01,202383.01,202383.01,new_observed,2192541.62,2192541.62,2170975.958861109,new_observed,1987009964.89,2929161.411348019,1,
2514305,São José de Caiana,2024,ok,ok,360338.9,360338.9,360338.9,new_observed,3082840.14,3082840.14,3079023.7148868702,new_observed,2396385537.79,3688757.334148141,1,
2514305,São José de Caiana,2025,ok,ok,337881.62,337881.62,337881.62,new_observed,3050378.51,3050378.51,3060987.2137548844,new_observed,2604121793.38,3398868.8337548845,1,
2514404,São José de Espinharas,2019,ok,ok,84884.74,84884.74,84884.74,new_observed,1555127.02,1555127.02,1558059.9162564815,new_observed,1432075762.41,2862885.2596501205,1,
2514404,São José de Espinharas,2020,ok,ok,176499.78,176499.78,176499.78,new_observed,1582471.83,1582471.83,1610568.669257158,new_observed,1484614330.88,3048532.485466958,1,
2514404,São José de Espinharas,2021,ok,ok,109914.87,109914.87,109914.87,new_observed,1924822.71,1924822.71,2092819.8456775972,new_observed,1825911222.18,2992141.413263118,1,
2514404,São José de Espinharas,2022,ok,ok,198604.36,198604.36,198604.36,new_observed,1976138.0,1976138.0,1984068.1751738158,new_observed,1872532230.78,2773865.5580858756,1,
2514404,São José de Espinharas,2023,ok,ok,464456.16,464456.16,464456.16,new_observed,2144885.55,2144885.55,2123788.6300915857,new_observed,1987009964.89,3194370.0307151037,1,
2514404,São José de Espinharas,2024,ok,ok,551575.18,551575.18,551575.18,new_observed,2774674.75,2774674.75,2771239.820546711,new_observed,2396385537.79,3563758.630808781,1,
2514404,São José de Espinharas,2025,ok,ok,481441.31,481441.31,481441.31,new_observed,2317201.26,2317201.26,2325260.0965106813,new_observed,2604121793.38,2806701.4065106814,1,
2514453,São José dos Ramos,2019,ok,ok,214326.21,214326.21,214326.21,new_observed,1559231.15,1559231.15,1562171.786452207,new_observed,1432075762.41,3095606.360490228,1,
2514453,São José dos Ramos,2020,ok,ok,216992.74,216992.74,216992.74,new_observed,1581321.69,1581321.69,1609398.108483726,new_observed,1484614330.88,3115611.9593945085,1,
2514453,São José dos Ramos,2021,ok,ok,311568.71,311568.71,311568.71,new_observed,1939840.45,1939840.45,2109148.3231763,new_observed,1825911222.18,3288243.306471035,1,
2514453,São José dos Ramos,2022,ok,ok,643453.39,643453.39,643453.39,new_observed,1990627.85,1990627.85,1998616.1724533795,new_observed,1872532230.78,3357693.6728957505,1,
2514453,São José dos Ramos,2023,ok,ok,235999.4,235999.4,235999.4,new_observed,2222885.7,2222885.7,2201021.5769569506,new_observed,1987009964.89,3007732.036327159,1,
2514453,São José dos Ramos,2024,ok,ok,259927.28,259927.28,259927.28,new_observed,3152738.53,3152738.53,3148835.573649813,new_observed,2396385537.79,3655938.7260729675,1,
2514453,São José dos Ramos,2025,ok,ok,133249.7,133249.7,133249.7,new_observed,2248517.8,2248517.8,2256337.766981011,new_observed,2604121793.38,2389587.466981011,1,
2514503,São José de Piranhas,2019,ok,ok,1501168.54,1501168.54,1501168.54,new_observed,2344823.98,2344823.98,2349246.2074994934,new_observed,1432075762.41,6709474.711870565,1,
2514503,São José de Piranhas,2020,ok,ok,1872383.41,1872383.41,1872383.41,new_observed,2376687.89,2376687.89,2418886.0614579804,new_observed,1484614330.88,7320410.358691177,2,
2514503,São José de Piranhas,2021,ok,ok,2219702.35,2219702.35,2219702.35,new_observed,2882093.84,2882093.84,3133640.908391586,new_observed,1825911222.18,7271851.643705084,1,
2514503,São José de Piranhas,2022,ok,ok,1429451.74,1429451.74,1429451.74,new_observed,3757792.56,3757792.56,3772872.4548593983,new_observed,1872532230.78,6611412.235948693,2,
2514503,São José de Piranhas,2023,ok,ok,2267468.37,2267468.37,2267468.37,new_observed,4353355.08,4353355.08,4310535.833324742,new_observed,1987009964.89,8118466.834922133,1,
2514503,São José de Piranhas,2024,ok,ok,2378586.73,2378586.73,2378586.73,new_observed,6154077.96,6154077.96,6146459.472952954,new_observed,2396385537.79,9143213.503856976,1,
2514503,São José de Piranhas,2025,ok,ok,1752930.84,1752930.84,1752930.84,new_observed,5477039.59,5477039.59,5496087.813121689,new_observed,2604121793.38,7249018.653121688,1,
2514552,São José de Princesa,2019,ok,ok,96370.04,96370.04,96370.04,new_observed,1448293.57,1448293.57,1451024.983405536,new_observed,1432075762.41,2696386.8724937066,1,
2514552,São José de Princesa,2020,ok,ok,140442.23,140442.23,140442.23,new_observed,1478594.61,1478594.61,1504847.1058082005,new_observed,1484614330.88,2806673.684093393,1,
2514552,São José de Princesa,2021,ok,ok,279688.04,279688.04,279688.04,new_observed,1678033.21,1678033.21,1824490.736393111,new_observed,1825911222.18,2858265.4156873305,1,
2514552,São José de Princesa,2022,ok,ok,164192.78,164192.78,164192.78,new_observed,1852019.81,1852019.81,1859451.9030616572,new_observed,1872532230.78,2571763.834331349,1,
2514552,São José de Princesa,2023,ok,ok,119836.94,119836.94,119836.94,new_observed,2052361.7,2052361.7,2032174.8371587652,new_observed,1987009964.89,2655978.272618742,1,
2514552,São José de Princesa,2024,ok,ok,96332.31,96332.31,96332.31,new_observed,2502104.37,2502104.37,2499006.871096492,new_observed,2396385537.79,2783532.157218211,1,
2514552,São José de Princesa,2025,ok,ok,159847.7,159847.7,159847.7,new_observed,3874379.82,3874379.82,3887854.261814201,new_observed,2604121793.38,4047701.961814201,1,
2514602,São José do Bonfim,2019,ok,ok,200329.02,200329.02,200329.02,new_observed,1497262.98,1497262.98,1500086.7474045495,new_observed,1432075762.41,2963030.56663594,1,
2514602,São José do Bonfim,2020,ok,ok,195078.74,195078.74,195078.74,new_observed,1532090.42,1532090.42,1559292.7356697656,new_observed,1484614330.88,2992755.222878581,4,
2514602,São José do Bonfim,2021,ok,ok,183886.11,183886.11,183886.11,new_observed,1866530.29,1866530.29,2029439.7053692082,new_observed,1825911222.18,3006528.1062106253,2,
2514602,São José do Bonfim,2022,ok,ok,265836.19,265836.19,265836.19,new_observed,1920324.33,1920324.33,1928030.526797714,new_observed,1872532230.78,2788091.766716396,2,
2514602,São José do Bonfim,2023,ok,ok,283193.23,283193.23,283193.23,new_observed,2126908.92,2126908.92,2105988.8167629153,new_observed,1987009964.89,2948689.99922993,1,
2514602,São José do Bonfim,2024,ok,ok,352333.17,352333.17,352333.17,new_observed,2719064.94,2719064.94,2715698.8531288044,new_observed,2396385537.79,3290500.855516798,1,
2514602,São José do Bonfim,2025,ok,ok,479290.93,479290.93,479290.93,new_observed,1451215.11,1451215.11,1456262.1922345923,new_observed,2604121793.38,1935553.1222345922,1,
2514651,São José do Brejo do Cruz,2019,ok,ok,20363.36,20363.36,20363.36,new_observed,1383372.27,1383372.27,1385981.2448938985,new_observed,1432075762.41,2450601.8653805954,1,
2514651,São José do Brejo do Cruz,2020,ok,ok,32374.98,32374.98,32374.98,new_observed,1415000.08,1415000.08,1440123.4528417308,new_observed,1484614330.88,2511912.3496266506,2,
2514651,São José do Brejo do Cruz,2021,ok,ok,53258.93,53258.93,53258.93,new_observed,1747909.68,1747909.68,1900465.9742174272,new_observed,1825911222.18,2653892.5247901278,2,
2514651,São José do Brejo do Cruz,2022,ok,ok,57090.89,57090.89,57090.89,new_observed,1803337.18,1803337.18,1810573.9113086713,new_observed,1872532230.78,2373535.646283681,4,
2514651,São José do Brejo do Cruz,2023,ok,ok,44419.1,44419.1,44419.1,new_observed,1902878.91,1902878.91,1884162.3477294955,new_observed,1987009964.89,2380224.1588602806,1,
2514651,São José do Brejo do Cruz,2024,ok,ok,48819.21,48819.21,48819.21,new_observed,2499119.47,2499119.47,2496025.6662758733,new_observed,2396385537.79,2729376.414397271,1,
2514651,São José do Brejo do Cruz,2025,ok,ok,86197.02,86197.02,86197.02,new_observed,1695562.91,1695562.91,1701459.7928133921,new_observed,2604121793.38,1787656.8128133921,1,
2514701,São José do Sabugi,2019,ok,ok,502814.73,502814.73,502814.73,new_observed,2108083.45,2108083.45,2112059.196019033,new_observed,1432075762.41,4556504.073424291,1,
2514701,São José do Sabugi,2020,ok,ok,2002545.9,2002545.9,2002545.9,new_observed,8326396.12,8326396.12,8474231.556271283,new_observed,1484614330.88,17872172.961101234,1,
2514701,São José do Sabugi,2021,ok,ok,3611278.87,3611278.87,3611278.87,new_observed,11299518.23,11299518.23,12285732.018581493,new_observed,1825911222.18,21594114.029381562,1,
2514701,São José do Sabugi,2022,ok,ok,4136054.22,4136054.22,4136054.22,new_observed,5336155.28,5336155.28,5357569.091244499,new_observed,1872532230.78,12065041.503078796,1,
2514701,São José do Sabugi,2023,ok,ok,1740514.91,1740514.91,1740514.91,new_observed,5539004.48,5539004.48,5484523.282209794,new_observed,1987009964.89,8917025.762138335,1,
2514701,São José do Sabugi,2024,ok,ok,2196760.23,2196760.23,2196760.23,new_observed,17722962.98,17722962.98,17701022.704823766,new_observed,2396385537.79,21340608.98854457,1,
2514701,São José do Sabugi,2025,ok,ok,2355526.2,2355526.2,2355526.2,new_observed,19552681.24,19552681.24,19620682.17896834,new_observed,2604121793.38,21976208.37896834,1,
2514800,São José dos Cordeiros,2019,ok,ok,85967.0,85967.0,85967.0,new_observed,1495510.58,1495510.58,1498331.0424607515,new_observed,1432075762.41,2760691.6005242234,1,
2514800,São José dos Cordeiros,2020,ok,ok,225319.68,225319.68,225319.68,new_observed,1566092.71,1566092.71,1593898.7374442148,new_observed,1484614330.88,3103376.619985539,1,
2514800,São José dos Cordeiros,2021,ok,ok,182823.93,182823.93,182823.93,new_observed,1921805.9,1921805.9,2089539.7306800769,new_observed,1825911222.18,3086723.683393478,1,
2514800,São José dos Cordeiros,2022,ok,ok,337020.62,337020.62,337020.62,new_observed,1960631.5,1960631.5,1968499.448112076,new_observed,1872532230.78,2929987.2552355235,1,
2514800,São José dos Cordeiros,2023,ok,ok,961268.51,961268.51,961268.51,new_observed,2183839.36,2183839.36,2162359.293583047,new_observed,1987009964.89,3855131.122478201,1,
2514800,São José dos Cordeiros,2024,ok,ok,1138741.52,1138741.52,1138741.52,new_observed,2715810.98,2715810.98,2712448.921393034,new_observed,2396385537.79,4130447.5789788305,1,
2514800,São José dos Cordeiros,2025,ok,ok,1161751.1,1161751.1,1161751.1,new_observed,4030422.95,4030422.95,4044440.083592854,new_observed,2604121793.38,5206191.183592854,1,
2514909,São Mamede,2019,ok,ok,258025.64,258025.64,258025.64,new_observed,1883408.0,1883408.0,1886960.0187107462,new_observed,1432075762.41,3737708.267347288,1,
2514909,São Mamede,2020,ok,ok,653403.24,653403.24,653403.24,new_observed,1872346.38,1872346.38,1905589.9514022039,new_observed,1484614330.88,4365346.9889869895,1,
2514909,São Mamede,2021,ok,ok,976367.85,976367.85,976367.85,new_observed,2402884.75,2402884.75,2612606.795186894,new_observed,1825911222.18,4875176.112031995,1,
2514909,São Mamede,2022,ok,ok,628970.73,628970.73,628970.73,new_observed,2470352.92,2470352.92,2480266.362986647,new_observed,1872532230.78,3951396.989320662,1,
2514909,São Mamede,2023,ok,ok,370801.47,370801.47,370801.47,new_observed,2553451.51,2553451.51,2528335.968522046,new_observed,1987009964.89,3578068.7298171963,1,
2514909,São Mamede,2024,ok,ok,990723.48,990723.48,990723.48,new_observed,7206089.42,7206089.42,7197168.587462135,new_observed,2396385537.79,8781611.681284674,1,
2514909,São Mamede,2025,ok,ok,670381.34,670381.34,670381.34,new_observed,7500514.16,7500514.16,7526599.687573677,new_observed,2604121793.38,8196981.027573677,1,
2515005,São Miguel de Taipu,2019,ok,ok,263757.58,263757.58,263757.58,new_observed,1909829.18,1909829.18,1913431.027810824,new_observed,1432075762.41,3793822.9684388894,1,
2515005,São Miguel de Taipu,2020,ok,ok,420096.05,420096.05,420096.05,new_observed,1952882.88,1952882.88,1987556.379601832,new_observed,1484614330.88,4107177.1192679363,1,
2515005,São Miguel de Taipu,2021,ok,ok,502541.46,502541.46,502541.46,new_observed,2290809.43,2290809.43,2490749.6222181343,new_observed,1825911222.18,4066014.0076381997,1,
2515005,São Miguel de Taipu,2022,ok,ok,722680.8,722680.8,722680.8,new_observed,2389914.71,2389914.71,2399505.357161675,new_observed,1872532230.78,3967853.4034394636,1,
2515005,São Miguel de Taipu,2023,ok,ok,720224.28,720224.28,720224.28,new_observed,2675869.37,2675869.37,2649549.7364026415,new_observed,1987009964.89,4158920.813629133,1,
2515005,São Miguel de Taipu,2024,ok,ok,799138.59,799138.59,799138.59,new_observed,3834612.7,3834612.7,3829865.6123980433,new_observed,2396385537.79,4964662.093926959,1,
2515005,São Miguel de Taipu,2025,ok,ok,754041.79,754041.79,754041.79,new_observed,2519789.72,2519789.72,2528553.1251238068,new_observed,2604121793.38,3282594.915123807,1,
2515104,São Sebastião de Lagoa de Roça,2019,ok,ok,72743.54,72743.54,72743.54,new_observed,1918868.38,1918868.38,1922487.275315948,new_observed,1432075762.41,3476755.512740775,1,
2515104,São Sebastião de Lagoa de Roça,2020,ok,ok,98388.09,98388.09,98388.09,new_observed,1952521.54,1952521.54,1987188.623998278,new_observed,1484614330.88,3557753.127027692,1,
2515104,São Sebastião de Lagoa de Roça,2021,ok,ok,96557.68,96557.68,96557.68,new_observed,2370560.73,2370560.73,2577461.5580714825,new_observed,1825911222.18,3632322.878079633,1,
2515104,São Sebastião de Lagoa de Roça,2022,ok,ok,169221.87,169221.87,169221.87,new_observed,2445020.02,2445020.02,2454831.802912978,new_observed,1872532230.78,3334798.0462320745,1,
2515104,São Sebastião de Lagoa de Roça,2023,ok,ok,199991.77,199991.77,199991.77,new_observed,2739126.04,2739126.04,2712184.2189387637,new_observed,1987009964.89,3594160.698727778,1,
2515104,São Sebastião de Lagoa de Roça,2024,ok,ok,247380.46,247380.46,247380.46,new_observed,3823842.77,3823842.77,3819109.015113803,new_observed,2396385537.79,4361358.354782159,1,
2515104,São Sebastião de Lagoa de Roça,2025,ok,ok,221812.48,221812.48,221812.48,new_observed,3832023.16,3832023.16,3845350.2924699625,new_observed,2604121793.38,4067162.7724699625,1,
2515203,São Sebastião do Umbuzeiro,2019,ok,ok,78392.36,78392.36,78392.36,new_observed,1507191.3,1507191.3,1510033.7917480832,new_observed,1432075762.41,2767884.9671321134,1,
2515203,São Sebastião do Umbuzeiro,2020,ok,ok,99523.37,99523.37,99523.37,new_observed,1555949.44,1555949.44,1583575.3733525986,new_observed,1484614330.88,2871172.1688622716,1,
2515203,São Sebastião do Umbuzeiro,2021,ok,ok,194947.26,194947.26,194947.26,new_observed,1920910.4,1920910.4,2088566.0720869673,new_observed,1825911222.18,3101869.126611578,4,
2515203,São Sebastião do Umbuzeiro,2022,ok,ok,169976.95,169976.95,169976.95,new_observed,1961574.47,1961574.47,1969446.202218896,new_observed,1872532230.78,2718901.7594152866,1,
2515203,São Sebastião do Umbuzeiro,2023,ok,ok,211984.34,211984.34,211984.34,new_observed,2175138.45,2175138.45,2153743.9650264955,new_observed,1987009964.89,2919743.7689514942,1,
2515203,São Sebastião do Umbuzeiro,2024,ok,ok,374497.53,374497.53,374497.53,new_observed,2804059.41,2804059.41,2800588.1035860926,new_observed,2396385537.79,3405317.1267096363,2,
2515203,São Sebastião do Umbuzeiro,2025,ok,ok,463276.0,463276.0,463276.0,new_observed,4344328.25,4344328.25,4359437.093465536,new_observed,2604121793.38,4822713.093465536,1,
2515302,Sapé,2019,ok,ok,4613943.12,4613943.12,4613943.12,new_observed,8449930.48,8449930.48,8465866.650585165,new_observed,1432075762.41,22791999.99138021,1,
2515302,Sapé,2020,ok,ok,2131627.07,2131627.07,2131627.07,new_observed,8107669.47,8107669.47,8251621.407424855,new_observed,1484614330.88,17712623.319639873,1,
2515302,Sapé,2021,ok,ok,2832781.0,2832781.0,2832781.0,new_observed,11770429.65,11770429.65,12797744.247142646,new_observed,1825911222.18,21232126.397319444,1,
2515302,Sapé,2022,ok,ok,3492288.96,3492288.96,3492288.96,new_observed,12383142.44,12383142.44,12432835.573147336,new_observed,1872532230.78,20238562.46819362,1,
2515302,Sapé,2023,ok,ok,2815895.52,2815895.52,2815895.52,new_observed,14535206.94,14535206.94,14392239.826129796,new_observed,1987009964.89,21238003.470383186,1,
2515302,Sapé,2024,ok,ok,2876039.03,2876039.03,2876039.03,new_observed,18264074.47,18264074.47,18241464.32178927,new_observed,2396385537.79,22648773.650862306,3,
2515302,Sapé,2025,ok,ok,3125633.96,3125633.96,3125633.96,new_observed,20635556.6,20635556.6,20707323.597462412,new_observed,2604121793.38,23832957.557462413,1,
2515401,São Vicente do Seridó,2019,ok,ok,89096.38,89096.38,89096.38,new_observed,1758612.61,1758612.61,1761929.2704876238,new_observed,1432075762.41,3225473.256104629,1,
2515401,São Vicente do Seridó,2020,ok,ok,76607.32,76607.32,76607.32,new_observed,1795247.91,1795247.91,1827122.595538016,new_observed,1484614330.88,3247543.4802093464,1,
2515401,São Vicente do Seridó,2021,ok,ok,146077.74,146077.74,146077.74,new_observed,1698881.2,1698881.2,1847158.323900164,new_observed,1825911222.18,2707563.5258105127,6,
2515401,São Vicente do Seridó,2022,ok,ok,322065.75,322065.75,322065.75,new_observed,2270342.19,2270342.19,2279452.9966699816,new_observed,1872532230.78,3306159.368303012,1,
2515401,São Vicente do Seridó,2023,ok,ok,239299.83,239299.83,239299.83,new_observed,2544775.09,2544775.09,2519744.889083845,new_observed,1987009964.89,3405168.551979329,1,
2515401,São Vicente do Seridó,2024,ok,ok,1861722.83,1861722.83,1861722.83,new_observed,3828712.42,3828712.42,3823972.636693999,new_observed,2396385537.79,6097976.049899639,1,
2515401,São Vicente do Seridó,2025,ok,ok,1560217.62,1560217.62,1560217.62,new_observed,3443069.18,3443069.18,3455043.5959023056,new_observed,2604121793.38,5015261.215902306,1,
2515500,Serra Branca,2019,ok,ok,273013.35,273013.35,273013.35,new_observed,2445716.35,2445716.35,2450328.855753601,new_observed,1432075762.41,4745513.628925242,1,
2515500,Serra Branca,2020,ok,ok,275488.23,275488.23,275488.23,new_observed,2501017.82,2501017.82,2545423.4734439715,new_observed,1484614330.88,4812149.73615451,1,
2515500,Serra Branca,2021,ok,ok,299455.06,299455.06,299455.06,new_observed,3105591.34,3105591.34,3376645.10874172,new_observed,1825911222.18,4993525.310110727,1,
2515500,Serra Branca,2022,ok,ok,284631.95,284631.95,284631.95,new_observed,3248016.53,3248016.53,3261050.7108367374,new_observed,1872532230.78,4506057.071916236,2,
2515500,Serra Branca,2023,ok,ok,324786.86,324786.86,324786.86,new_observed,3581558.97,3581558.97,3546331.047122087,new_observed,1987009964.89,4777671.368339855,3,
2515500,Serra Branca,2024,ok,ok,406322.17,406322.17,406322.17,new_observed,4584414.35,4584414.35,4578739.039812059,new_observed,2396385537.79,5346537.4715880295,1,
2515500,Serra Branca,2025,ok,ok,5913548.49,5913548.49,5913548.49,new_observed,4995450.85,4995450.85,5012824.188428658,new_observed,2604121793.38,10926372.678428657,3,
2515609,Serra da Raiz,2019,ok,ok,27634.88,27634.88,27634.88,new_observed,1493850.7,1493850.7,1496668.0320053124,new_observed,1432075762.41,2656148.1066350113,1,
2515609,Serra da Raiz,2020,ok,ok,42407.58,42407.58,42407.58,new_observed,1525158.03,1525158.03,1552237.2608578878,new_observed,1484614330.88,2720280.0218191403,1,
2515609,Serra da Raiz,2021,ok,ok,24714.16,24714.16,24714.16,new_observed,1877320.95,1877320.95,2041172.1663790639,new_observed,1825911222.18,2806249.88032265,1,
2515609,Serra da Raiz,2022,ok,ok,95524.61,95524.61,95524.61,new_observed,1942185.72,1942185.72,1949979.6458187855,new_observed,1872532230.78,2599544.2342806445,1,
2515609,Serra da Raiz,2023,ok,ok,73820.43,73820.43,73820.43,new_observed,2134157.91,2134157.91,2113166.506286558,new_observed,1987009964.89,2699144.050664551,1,
2515609,Serra da Raiz,2024,ok,ok,88557.03,88557.03,88557.03,new_observed,2686943.33,2686943.33,2683617.008317238,new_observed,2396385537.79,2973189.645987397,1,
2515609,Serra da Raiz,2025,ok,ok,92346.03,92346.03,92346.03,new_observed,1353732.09,1353732.09,1358440.1426758273,new_observed,2604121793.38,1450786.1726758273,1,
2515708,Serra Grande,2019,ok,ok,88114.94,88114.94,88114.94,new_observed,1473757.72,1473757.72,1476537.157592145,new_observed,1432075762.41,2726457.8935262123,5,
2515708,Serra Grande,2020,ok,ok,174580.47,174580.47,174580.47,new_observed,1494492.05,1494492.05,1521026.8053769413,new_observed,1484614330.88,2892510.2805823707,1,
2515708,Serra Grande,2021,ok,ok,158094.23,158094.23,158094.23,new_observed,1823415.34,1823415.34,1982561.713678536,new_observed,1825911222.18,2907815.1150208125,1,
2515708,Serra Grande,2022,ok,ok,176517.65,176517.65,176517.65,new_observed,1875991.93,1875991.93,1883520.2223710618,new_observed,1872532230.78,2618014.3885246366,1,
2515708,Serra Grande,2023,ok,ok,394318.84,394318.84,394318.84,new_observed,2039309.41,2039309.41,2019250.9284221625,new_observed,1987009964.89,2978788.9324853756,1,
2515708,Serra Grande,2024,ok,ok,249331.99,249331.99,249331.99,new_observed,2721284.06,2721284.06,2717915.2259525284,new_observed,2396385537.79,3182407.9504439137,1,
2515708,Serra Grande,2025,ok,ok,310881.74,310881.74,310881.74,new_observed,3176782.52,3176782.52,3187830.8356558746,new_observed,2604121793.38,3498712.575655875,1,
2515807,Serra Redonda,2019,ok,ok,31545.26,31545.26,31545.26,new_observed,1887025.19,1887025.19,1890584.0305605843,new_observed,1432075762.41,3349373.69444086,1,
2515807,Serra Redonda,2020,ok,ok,68500.57,68500.57,68500.57,new_observed,1934278.68,1934278.68,1968621.8614204917,new_observed,1484614330.88,3475095.7142353733,1,
2515807,Serra Redonda,2021,ok,ok,190706.57,190706.57,190706.57,new_observed,2362690.03,2362690.03,2568903.909061109,new_observed,1825911222.18,3748587.943933859,1,
2515807,Serra Redonda,2022,ok,ok,99940.65,99940.65,99940.65,new_observed,2488482.85,2488482.85,2498469.0477845357,new_observed,1872532230.78,3302208.2104986385,1,
2515807,Serra Redonda,2023,ok,ok,610864.53,610864.53,610864.53,new_observed,2533997.46,2533997.46,2509073.2669763933,new_observed,1987009964.89,3850576.975759714,1,
2515807,Serra Redonda,2024,ok,ok,577032.56,577032.56,577032.56,new_observed,3027961.48,3027961.48,3024212.992336328,new_observed,2396385537.79,3862378.711029269,1,
2515807,Serra Redonda,2025,ok,ok,609971.63,609971.63,609971.63,new_observed,1816852.86,1816852.86,1823171.5688732658,new_observed,2604121793.38,2433143.1988732656,1,
2515906,Serraria,2019,ok,ok,120895.17,120895.17,120895.17,new_observed,1261650.34,1261650.34,1264029.7530714637,new_observed,1432075762.41,2413277.363229945,1,
2515906,Serraria,2020,ok,ok,113914.94,113914.94,113914.94,new_observed,1316891.58,1316891.58,1340273.0332056251,new_observed,1484614330.88,2480676.81914224,1,
2515906,Serraria,2021,ok,ok,332745.5,332745.5,332745.5,new_observed,1580508.39,1580508.39,1718454.0205533775,new_observed,1825911222.18,2786299.6794987293,1,
2515906,Serraria,2022,ok,ok,343186.59,343186.59,343186.59,new_observed,2041678.78,2041678.78,2049871.9681144247,new_observed,1872532230.78,3041236.1936407634,1,
2515906,Serraria,2023,ok,ok,351423.0,351423.0,351423.0,new_observed,2239844.3,2239844.3,2217813.3735459438,new_observed,1987009964.89,3170910.1491856603,1,
2515906,Serraria,2024,ok,ok,137324.57,137324.57,137324.57,new_observed,2785546.01,2785546.01,2782097.6223887163,new_observed,2396385537.79,3131115.0435363282,1,
2515906,Serraria,2025,ok,ok,164447.22,164447.22,164447.22,new_observed,3723247.96,3723247.96,3736196.79060713,new_observed,2604121793.38,3900644.0106071304,1,
2515930,Sertãozinho,2019,ok,ok,62924.66,62924.66,62924.66,new_observed,2376792.31,2376792.31,2381274.8282629987,new_observed,1432075762.41,4259098.235564745,1,
2515930,Sertãozinho,2020,ok,ok,43988.88,43988.88,43988.88,new_observed,2396710.4,2396710.4,2439264.0717799007,new_observed,1484614330.88,4236142.883211623,1,
2515930,Sertãozinho,2021,ok,ok,65399.22,65399.22,65399.22,new_observed,2497790.02,2497790.02,2715795.3285949347,new_observed,1825911222.18,3777907.2204946065,3,
2515930,Sertãozinho,2022,ok,ok,106275.84,106275.84,106275.84,new_observed,2647976.61,2647976.61,2658602.8508665115,new_observed,1872532230.78,3513766.5633701817,1,
2515930,Sertãozinho,2023,ok,ok,189436.8,189436.8,189436.8,new_observed,3428976.37,3428976.37,3395249.237171988,new_observed,1987009964.89,4424161.768045091,3,
2515930,Sertãozinho,2024,ok,ok,250815.0,250815.0,250815.0,new_observed,4342808.14,4342808.14,4337431.928034951,new_observed,2396385537.79,4920949.432145965,1,
2515930,Sertãozinho,2025,ok,ok,173934.97,173934.97,173934.97,new_observed,3724346.31,3724346.31,3737298.960483821,new_observed,2604121793.38,3911233.9304838213,6,
2515971,Sobrado,2019,ok,ok,237265.37,237265.37,237265.37,new_observed,2175489.9,2175489.9,2179592.771406429,new_observed,1432075762.41,4211455.036753041,1,
2515971,Sobrado,2020,ok,ok,665385.84,665385.84,665385.84,new_observed,2061108.56,2061108.56,2097703.610100748,new_observed,1484614330.88,4713511.6466213465,1,
2515971,Sobrado,2021,ok,ok,350865.97,350865.97,350865.97,new_observed,2658312.45,2658312.45,2890328.040327328,new_observed,1825911222.18,4402759.332613264,1,
2515971,Sobrado,2022,ok,ok,751525.74,751525.74,751525.74,new_observed,2613841.46,2613841.46,2624330.7176603368,new_observed,1872532230.78,4290232.183729791,1,
2515971,Sobrado,2023,ok,ok,524369.28,524369.28,524369.28,new_observed,2896317.6,2896317.6,2867829.6555329724,new_observed,1987009964.89,4186597.2876185216,1,
2515971,Sobrado,2024,ok,ok,425380.15,425380.15,425380.15,new_observed,3968158.45,3968158.45,3963246.038433483,new_observed,2396385537.79,4706853.813363061,1,
2515971,Sobrado,2025,ok,ok,300548.11,300548.11,300548.11,new_observed,3485296.03,3485296.03,3497417.303789181,new_observed,2604121793.38,3797965.413789181,1,
2516003,Solânea,2019,ok,ok,895548.62,895548.62,895548.62,new_observed,4410509.89,4410509.89,4418827.903756557,new_observed,1432075762.41,9260476.398979902,1,
2516003,Solânea,2020,ok,ok,971051.04,971051.04,971051.04,new_observed,4580313.41,4580313.41,4661637.024859025,new_observed,1484614330.88,9608715.633339345,1,
2516003,Solânea,2021,ok,ok,1214052.04,1214052.04,1214052.04,new_observed,5472252.06,5472252.06,5949866.266757687,new_observed,1825911222.18,9731292.876223441,1,
2516003,Solânea,2022,ok,ok,1629622.17,1629622.17,1629622.17,new_observed,6054129.52,6054129.52,6078424.537665046,new_observed,1872532230.78,9795828.25089547,1,
2516003,Solânea,2023,ok,ok,1965864.5,1965864.5,1965864.5,new_observed,7113323.12,7113323.12,7043357.052045787,new_observed,1987009964.89,11119036.126760378,2,
2516003,Solânea,2024,ok,ok,2461469.16,2461469.16,2461469.16,new_observed,8692904.9,8692904.9,8682143.453068012,new_observed,2396385537.79,11951657.14061018,1,
2516003,Solânea,2025,ok,ok,2747948.57,2747948.57,2747948.57,new_observed,9965143.51,9965143.51,9999800.604201894,new_observed,2604121793.38,12747749.174201895,2,
2516102,Soledade,2019,ok,ok,291307.72,291307.72,291307.72,new_observed,3187628.16,3187628.16,3193639.8764561373,new_observed,1432075762.41,6072636.1454441305,1,
2516102,Soledade,2020,ok,ok,408797.43,408797.43,408797.43,new_observed,3052027.33,3052027.33,3106216.175370766,new_observed,1484614330.88,5996207.457685994,1,
2516102,Soledade,2021,ok,ok,528399.26,528399.26,528399.26,new_observed,3699322.01,3699322.01,4022196.1627208455,new_observed,1825911222.18,6181418.453352027,1,
2516102,Soledade,2022,ok,ok,897527.88,897527.88,897527.88,new_observed,3944070.62,3944070.62,3959898.0424343143,new_observed,1872532230.78,6173095.711822423,1,
2516102,Soledade,2023,ok,ok,945183.26,945183.26,945183.26,new_observed,4390889.57,4390889.57,4347701.137132344,new_observed,1987009964.89,6532392.6697215,1,
2516102,Soledade,2024,ok,ok,698559.65,698559.65,698559.65,new_observed,6193320.85,6193320.85,6185653.78192244,new_observed,2396385537.79,7383400.830412391,1,
2516102,Soledade,2025,ok,ok,621692.52,621692.52,621692.52,new_observed,5886630.07,5886630.07,5907102.779967796,new_observed,2604121793.38,6528795.299967796,1,
2516151,Sossêgo,2019,ok,ok,70653.03,70653.03,70653.03,new_observed,1582990.8,1582990.8,1585976.2460321602,new_observed,1432075762.41,2886731.161026357,1,
2516151,Sossêgo,2020,ok,ok,71763.06,71763.06,71763.06,new_observed,1610171.77,1610171.77,1638760.4226005988,new_observed,1484614330.88,2917955.608264239,1,
2516151,Sossêgo,2021,ok,ok,89961.62,89961.62,89961.62,new_observed,1896226.63,1896226.63,2061727.9204724005,new_observed,1825911222.18,2922802.885299819,1,
2516151,Sossêgo,2022,ok,ok,230598.25,230598.25,230598.25,new_observed,1949672.86,1949672.86,1957496.831459197,new_observed,1872532230.78,2780756.8411967196,3,
2516151,Sossêgo,2023,ok,ok,179026.65,179026.65,179026.65,new_observed,2058528.26,2058528.26,2038280.743375895,new_observed,1987009964.89,2736565.070428425,1,
2516151,Sossêgo,2024,ok,ok,272043.31,272043.31,272043.31,new_observed,2832746.22,2832746.22,2829239.4005341255,new_observed,2396385537.79,3326162.6134544327,3,
2516151,Sossêgo,2025,ok,ok,180438.04,180438.04,180438.04,new_observed,2021641.94,2021641.94,2028672.870872874,new_observed,2604121793.38,2209110.910872874,1,
2516201,Sousa,2019,ok,ok,4978783.57,4978783.57,4978783.57,new_observed,19534579.98,19534579.98,19571421.27705063,new_observed,1432075762.41,42779541.78819279,2,
2516201,Sousa,2020,ok,ok,4678211.67,4678211.67,4678211.67,new_observed,20292846.44,20292846.44,20653146.594281342,new_observed,1484614330.88,43212373.09167622,1,
2516201,Sousa,2021,ok,ok,6187118.44,6187118.44,6187118.44,new_observed,24321784.38,24321784.38,26444572.151143935,new_observed,1825911222.18,44326097.0590891,1,
2516201,Sousa,2022,ok,ok,7839957.5,7839957.5,7839957.5,new_observed,25747652.11,25747652.11,25850976.569904502,new_observed,1872532230.78,42816373.106929645,2,
2516201,Sousa,2023,ok,ok,9624977.53,9624977.53,9624977.53,new_observed,28617321.99,28617321.99,28335844.337257024,new_observed,1987009964.89,46850634.908373386,1,
2516201,Sousa,2024,ok,ok,12920793.67,12920793.67,12920793.67,new_observed,30512495.69,30512495.69,30474722.51671584,new_observed,2396385537.79,46542207.53287968,2,
2516201,Sousa,2025,ok,ok,11271100.59,11271100.59,11271100.59,new_observed,35870098.63,35870098.63,35994848.80404453,new_observed,2604121793.38,47265949.39404453,1,
2516300,Sumé,2019,ok,ok,1015348.95,1015348.95,1015348.95,new_observed,3426070.75,3426070.75,3432532.157941529,new_observed,1432075762.41,7750579.553675585,1,
2516300,Sumé,2020,ok,ok,941766.42,941766.42,941766.42,new_observed,3385734.29,3385734.29,3445848.1133933547,new_observed,1484614330.88,7484763.9128297465,2,
2516300,Sumé,2021,ok,ok,1424885.27,1424885.27,1424885.27,new_observed,4008247.26,4008247.26,4358084.185379782,new_observed,1825911222.18,7855445.449659915,1,
2516300,Sumé,2022,ok,ok,1400260.29,1400260.29,1400260.29,new_observed,4175693.29,4175693.29,4192450.206400488,new_observed,1872532230.78,7107537.558800718,1,
2516300,Sumé,2023,ok,ok,1864958.73,1864958.73,1864958.73,new_observed,4652019.9,4652019.9,4606263.010434192,new_observed,1987009964.89,7986677.639182479,1,
2516300,Sumé,2024,ok,ok,2016941.07,2016941.07,2016941.07,new_observed,6062390.78,6062390.78,6054885.7977862945,new_observed,2396385537.79,8657130.373413706,1,
2516300,Sumé,2025,ok,ok,2640757.71,2640757.71,2640757.71,new_observed,5672444.22,5672444.22,5692172.027581521,new_observed,2604121793.38,8332929.737581521,1,
2516409,Tacima,2019,ok,ok,299619.22,299619.22,299619.22,new_observed,1387501.29,1387501.29,1390118.052030991,new_observed,1432075762.41,2944422.936193987,1,
2516409,Tacima,2020,ok,ok,256147.57,256147.57,256147.57,new_observed,1514991.81,1514991.81,1541890.5392882687,new_observed,1484614330.88,3067245.459205189,1,
2516409,Tacima,2021,ok,ok,203208.61,203208.61,203208.61,new_observed,2371622.72,2371622.72,2578616.2377915233,new_observed,1825911222.18,3778763.4036361515,1,
2516409,Tacima,2022,ok,ok,167343.73,167343.73,167343.73,new_observed,2307293.38,2307293.38,2316552.4705497413,new_observed,1872532230.78,3156677.8843518156,1,
2516409,Tacima,2023,ok,ok,219481.1,219481.1,219481.1,new_observed,2495510.46,2495510.46,2470964.8219797197,new_observed,1987009964.89,3320505.0215237066,1,
2516409,Tacima,2024,ok,ok,484845.0,484845.0,484845.0,new_observed,3338797.89,3338797.89,3334664.6000672104,new_observed,2396385537.79,4096469.4996432033,1,
2516409,Tacima,2025,ok,ok,725285.85,725285.85,725285.85,new_observed,2674831.54,2674831.54,2684134.1545145777,new_observed,2604121793.38,3409420.004514578,1,
2516508,Taperoá,2019,ok,ok,329442.71,329442.71,329442.71,new_observed,2274460.72,2274460.72,2278750.2457078113,new_observed,1432075762.41,4544862.262270567,1,
2516508,Taperoá,2020,ok,ok,305126.62,305126.62,305126.62,new_observed,2355768.62,2355768.62,2397595.3691328405,new_observed,1484614330.88,4610531.726684692,1,
2516508,Taperoá,2021,ok,ok,264730.52,264730.52,264730.52,new_observed,2846199.25,2846199.25,3094613.4645058783,new_observed,1825911222.18,4563251.391960891,1,
2516508,Taperoá,2022,ok,ok,597737.3,597737.3,597737.3,new_observed,2991546.8,2991546.8,3003551.7764564357,new_observed,1872532230.78,4576724.897075728,1,
2516508,Taperoá,2023,ok,ok,535243.19,535243.19,535243.19,new_observed,3388144.72,3388144.72,3354819.2039621137,new_observed,1987009964.89,4801052.348856353,1,
2516508,Taperoá,2024,ok,ok,540117.76,540117.76,540117.76,new_observed,4671222.08,4671222.08,4665439.305530507,new_observed,2396385537.79,5583021.900827965,1,
2516508,Taperoá,2025,ok,ok,1105643.48,1105643.48,1105643.48,new_observed,5420816.69,5420816.69,5439669.379325347,new_observed,2604121793.38,6545312.8593253475,1,
2516607,Tavares,2019,ok,ok,396870.17,396870.17,396870.17,new_observed,2158999.19,2158999.19,2163070.9607046833,new_observed,1432075762.41,4460781.865510625,1,
2516607,Tavares,2020,ok,ok,674452.84,674452.84,674452.84,new_observed,2197062.64,2197062.64,2236071.5592513382,new_observed,1484614330.88,4965018.650824556,1,
2516607,Tavares,2021,ok,ok,1027898.02,1027898.02,1027898.02,new_observed,2695406.33,2695406.33,2930659.447377893,new_observed,1825911222.18,5377208.453937576,1,
2516607,Tavares,2022,ok,ok,1329738.8,1329738.8,1329738.8,new_observed,2831452.77,2831452.77,2842815.2945111855,new_observed,1872532230.78,5302721.276553324,1,
2516607,Tavares,2023,ok,ok,1163056.77,1163056.77,1163056.77,new_observed,3151639.29,3151639.29,3120640.0221456657,new_observed,1987009964.89,5286869.5827709325,1,
2516607,Tavares,2024,ok,ok,871386.19,871386.19,871386.19,new_observed,4508154.62,4508154.62,4502573.716117764,new_observed,2396385537.79,5763635.9514136305,1,
2516607,Tavares,2025,ok,ok,987192.2,987192.2,987192.2,new_observed,5321275.1,5321275.1,5339781.600406123,new_observed,2604121793.38,6326973.8004061235,1,
2516706,Teixeira,2019,ok,ok,335846.58,335846.58,335846.58,new_observed,2527370.27,2527370.27,2532136.7711978415,new_observed,1432075762.41,4997555.5961663965,1,
2516706,Teixeira,2020,ok,ok,391587.35,391587.35,391587.35,new_observed,2543445.77,2543445.77,2588604.7330881385,new_observed,1484614330.88,5083863.677410981,1,
2516706,Teixeira,2021,ok,ok,449475.03,449475.03,449475.03,new_observed,3101094.95,3101094.95,3371756.277070618,new_observed,1825911222.18,5190667.928446557,1,
2516706,Teixeira,2022,ok,ok,836205.35,836205.35,836205.35,new_observed,3231647.43,3231647.43,3244615.9221902783,new_observed,1872532230.78,5186141.939854193,1,
2516706,Teixeira,2023,ok,ok,569399.28,569399.28,569399.28,new_observed,3448736.56,3448736.56,3414815.067549487,new_observed,1987009964.89,4917253.173455383,1,
2516706,Teixeira,2024,ok,ok,692213.75,692213.75,692213.75,new_observed,4903493.36,4903493.36,4897423.043554343,new_observed,2396385537.79,5994951.979823765,1,
2516706,Teixeira,2025,ok,ok,1017615.33,1017615.33,1017615.33,new_observed,5628311.41,5628311.41,5647885.731086116,new_observed,2604121793.38,6665501.061086116,1,
2516755,Tenório,2019,ok,ok,65903.94,65903.94,65903.94,new_observed,1625568.42,1625568.42,1628634.1654165203,new_observed,1432075762.41,2952788.5467342623,3,
2516755,Tenório,2020,ok,ok,128751.6,128751.6,128751.6,new_observed,1648928.41,1648928.41,1678205.1880152717,new_observed,1484614330.88,3082459.6955921687,1,
2516755,Tenório,2021,ok,ok,64343.93,64343.93,64343.93,new_observed,2060125.62,2060125.62,2239931.8959224382,new_observed,1825911222.18,3130072.394669948,2,
2516755,Tenório,2022,ok,ok,216831.68,216831.68,216831.68,new_observed,2131056.18,2131056.18,2139608.0366075058,new_observed,1872532230.78,2994698.8676808896,1,
2516755,Tenório,2023,ok,ok,131907.01,131907.01,131907.01,new_observed,2254372.0,2254372.0,2232198.180269725,new_observed,1987009964.89,2917740.546862422,1,
2516755,Tenório,2024,ok,ok,264056.0,264056.0,264056.0,new_observed,3300761.28,3300761.28,3296675.0777743342,new_observed,2396385537.79,3818926.45492436,1,
2516755,Tenório,2025,ok,ok,268024.78,268024.78,268024.78,new_observed,3356546.06,3356546.06,3368219.563033617,new_observed,2604121793.38,3636244.3430336174,2,
2516805,Triunfo,2019,ok,ok,287484.96,287484.96,287484.96,new_observed,1875134.22,1875134.22,1878670.634751663,new_observed,1432075762.41,3774597.5792352324,3,
2516805,Triunfo,2020,ok,ok,148528.96,148528.96,148528.96,new_observed,1911126.41,1911126.41,1945058.5221070945,new_observed,1484614330.88,3571418.5727040567,1,
2516805,Triunfo,2021,ok,ok,233598.22,233598.22,233598.22,new_observed,2327237.06,2327237.06,2530356.629449985,new_observed,1825911222.18,3754489.231302961,1,
2516805,Triunfo,2022,ok,ok,486818.58,486818.58,486818.58,new_observed,2406892.77,2406892.77,2416551.5495440857,new_observed,1872532230.78,3689769.4340009307,1,
2516805,Triunfo,2023,ok,ok,4582613.23,4582613.23,4582613.23,new_observed,2717594.54,2717594.54,2690864.501022431,new_observed,1987009964.89,8976809.060718557,1,
2516805,Triunfo,2024,ok,ok,2703877.36,2703877.36,2703877.36,new_observed,3742636.8,3742636.8,3738003.5746544767,new_observed,2396385537.79,6908993.963172852,1,
2516805,Triunfo,2025,ok,ok,1893286.11,1893286.11,1893286.11,new_observed,3681858.45,3681858.45,3694663.3348480347,new_observed,2604121793.38,5587949.4448480345,1,
2516904,Uiraúna,2019,ok,partial,,,479588.80976820656,imputed_temporal,2925464.23,2925464.23,2930981.517641647,new_observed,1432075762.41,5943031.300634071,1,
2516904,Uiraúna,2020,ok,ok,472374.19,472374.19,472374.19,new_observed,2515956.42,2515956.42,2560627.3087770566,new_observed,1484614330.88,5173950.44455922,1,
2516904,Uiraúna,2021,ok,ok,509544.79,509544.79,509544.79,new_observed,3880603.04,3880603.04,4219299.270065666,new_observed,1825911222.18,6423547.079128504,1,
2516904,Uiraúna,2022,ok,ok,882198.95,882198.95,882198.95,new_observed,3914168.19,3914168.19,3929875.614990804,new_observed,1872532230.78,6115460.603303967,1,
2516904,Uiraúna,2023,ok,ok,1868250.48,1868250.48,1868250.48,new_observed,4290632.91,4290632.91,4248430.593490071,new_observed,1987009964.89,7549109.258675481,1,
2516904,Uiraúna,2024,ok,ok,6017639.57,6017639.57,6017639.57,new_observed,5492875.3,5492875.3,5486075.3537536105,new_observed,2396385537.79,12337871.154170623,1,
2516904,Uiraúna,2025,ok,ok,4419781.18,4419781.18,4419781.18,new_observed,8381895.6,8381895.6,8411046.42408077,new_observed,2604121793.38,12830827.60408077,1,
2517001,Umbuzeiro,2019,ok,ok,280409.79,280409.79,280409.79,new_observed,1702605.59,1702605.59,1705816.6238878781,new_observed,1432075762.41,3461065.046222486,1,
2517001,Umbuzeiro,2020,ok,ok,238088.79,238088.79,238088.79,new_observed,1748169.74,1748169.74,1779208.551085192,new_observed,1484614330.88,3441276.3986184476,1,
2517001,Umbuzeiro,2021,ok,ok,270055.45,270055.45,270055.45,new_observed,2127976.54,2127976.54,2313704.795205969,new_observed,1825911222.18,3509717.2512875544,1,
2517001,Umbuzeiro,2022,ok,ok,419318.77,419318.77,419318.77,new_observed,2213990.48,2213990.48,2222875.149157498,new_observed,1872532230.78,3357851.712534273,1,
2517001,Umbuzeiro,2023,ok,ok,694710.86,694710.86,694710.86,new_observed,2477509.71,2477509.71,2453141.1258934084,new_observed,1987009964.89,3885028.218103402,1,
2517001,Umbuzeiro,2024,ok,ok,793858.08,793858.08,793858.08,new_observed,3690581.07,3690581.07,3686012.2874365314,new_observed,2396385537.79,4804714.281183169,1,
2517001,Umbuzeiro,2025,ok,ok,660398.77,660398.77,660398.77,new_observed,3069394.16,3069394.16,3080068.996989464,new_observed,2604121793.38,3740467.766989464,1,
2517100,Várzea,2019,ok,ok,105975.94,105975.94,105975.94,new_observed,1545703.44,1545703.44,1548618.563828796,new_observed,1432075762.41,2883185.503340583,2,
2517100,Várzea,2020,ok,ok,69443.11,69443.11,69443.11,new_observed,1572853.4,1572853.4,1600779.46371696,new_observed,1484614330.88,2849206.909815287,2,
2517100,Várzea,2021,ok,ok,96652.31,96652.31,96652.31,new_observed,1918970.33,1918970.33,2086456.674178833,new_observed,1825911222.18,2965482.2955922135,1,
2517100,Várzea,2022,ok,ok,167791.87,167791.87,167791.87,new_observed,1953911.65,1953911.65,1961752.6315805675,new_observed,1872532230.78,2706347.403081738,1,
2517100,Várzea,2023,ok,ok,180755.68,180755.68,180755.68,new_observed,2087458.08,2087458.08,2066926.0120181297,new_observed,1987009964.89,2774052.5405696523,1,
2517100,Várzea,2024,ok,ok,231339.84,231339.84,231339.84,new_observed,2710677.82,2710677.82,2707322.116027022,new_observed,2396385537.79,3151749.918998685,5,
2517100,Várzea,2025,ok,ok,203422.39,203422.39,203422.39,new_observed,3398889.21,3398889.21,3410709.9753923463,new_observed,2604121793.38,3614132.3653923464,1,
2517209,Vieirópolis,2019,ok,ok,81756.44,81756.44,81756.44,new_observed,1722287.34,1722287.34,1725535.4927406495,new_observed,1432075762.41,3149265.8102781847,1,
2517209,Vieirópolis,2020,ok,ok,119811.68,119811.68,119811.68,new_observed,1866076.21,1866076.21,1899208.4543281514,new_observed,1484614330.88,3444215.285021533,1,
2517209,Vieirópolis,2021,ok,ok,84799.98,84799.98,84799.98,new_observed,2371576.31,2371576.31,2578565.777160249,new_observed,1825911222.18,3617851.447996368,1,
2517209,Vieirópolis,2022,ok,ok,147254.2,147254.2,147254.2,new_observed,2560301.85,2560301.85,2570576.255010351,new_observed,1872532230.78,3453974.964352462,1,
2517209,Vieirópolis,2023,ok,ok,171949.78,171949.78,171949.78,new_observed,2892136.34,2892136.34,2863689.5220664307,new_observed,1987009964.89,3746537.131149326,1,
2517209,Vieirópolis,2024,ok,ok,249339.85,249339.85,249339.85,new_observed,3408421.71,3408421.71,3404202.2287361473,new_observed,2396385537.79,3918467.3579410017,1,
2517209,Vieirópolis,2025,ok,ok,401901.74,401901.74,401901.74,new_observed,3384018.57,3384018.57,3395787.61780586,new_observed,2604121793.38,3797689.35780586,2,
2517407,Zabelê,2019,ok,ok,65573.3,65573.3,65573.3,new_observed,1443241.98,1443241.98,1445963.86634491,new_observed,1432075762.41,2633903.373715717,1,
2517407,Zabelê,2020,ok,ok,68503.52,68503.52,68503.52,new_observed,1479655.21,1479655.21,1505926.536795995,new_observed,1484614330.88,2685795.9336886625,1,
2517407,Zabelê,2021,ok,ok,74918.53,74918.53,74918.53,new_observed,1803474.52,1803474.52,1960880.4733137623,new_observed,1825911222.18,2765379.990400285,1,
2517407,Zabelê,2022,ok,ok,112333.56,112333.56,112333.56,new_observed,1841212.22,1841212.22,1848600.942567336,new_observed,1872532230.78,2492068.1369643165,1,
2517407,Zabelê,2023,ok,ok,169393.92,169393.92,169393.92,new_observed,1999130.4,1999130.4,1979467.1158983023,new_observed,1987009964.89,2652089.6785045033,1,
2517407,Zabelê,2024,ok,ok,222375.63,222375.63,222375.63,new_observed,2598222.55,2598222.55,2595006.060873411,new_observed,2396385537.79,3021675.39134161,1,
2517407,Zabelê,2025,ok,ok,329698.2,329698.2,329698.2,new_observed,4005792.7,4005792.7,4019724.1737231677,new_observed,2604121793.38,4349422.373723168,1,
