codigo_ibge,municipio,ano,request_status,data_status,new_iss,legacy_iss,adjusted_iss,iss_source,new_cota_raw,legacy_cota_raw,adjusted_cota,cota_source,cota_target_pr,total_real_2025,api_attempts,api_error
3300100,Angra dos Reis,2019,ok,ok,101403911.88,101403911.88,101403911.88,new_observed,482727117.74,482727117.74,480929161.4071806,new_observed,9237387540.52,1014206292.3826007,1,
3300100,Angra dos Reis,2020,ok,ok,85396175.86,85396175.86,85396175.86,new_observed,261660864.97,261660864.97,267071300.25049582,new_observed,9673165815.34,601015381.2373646,1,
3300100,Angra dos Reis,2021,ok,ok,103837483.49,103837483.49,103837483.49,new_observed,569400302.64,569400302.64,558592544.2568446,new_observed,11856514124.26,899505630.0243837,1,
3300100,Angra dos Reis,2022,ok,ok,122100950.27,122100950.27,122100950.27,new_observed,841336923.59,841336923.59,843231190.7637717,new_observed,11221255159.38,1226933084.070858,1,
3300100,Angra dos Reis,2023,ok,ok,157964911.79,157964911.79,157964911.79,new_observed,796415102.44,796415102.44,772861608.3231431,new_observed,10969274045.47,1149013016.03375,1,
3300100,Angra dos Reis,2024,ok,ok,162746083.48,162746083.48,162746083.48,new_observed,652753250.95,652753250.95,652007967.7595856,new_observed,12558214518.56,874045059.3848729,1,
3300100,Angra dos Reis,2025,ok,ok,210272887.4,210272887.4,210272887.4,new_observed,657678083.79,657678083.79,649904552.7564317,new_observed,13895903874.91,860177440.1564317,1,
3300159,Aperibé,2019,ok,ok,601782.29,601782.29,601782.29,new_observed,16268754.79,16268754.79,16208160.492255324,new_observed,9237387540.52,29276629.692552514,1,
3300159,Aperibé,2020,ok,ok,703087.68,703087.68,703087.68,new_observed,17436493.87,17436493.87,17797033.15665723,new_observed,9673165815.34,31545767.854323056,1,
3300159,Aperibé,2021,ok,ok,907965.37,907965.37,907965.37,new_observed,21266490.33,21266490.33,20862832.15124826,new_observed,11856514124.26,29562299.59425626,1,
3300159,Aperibé,2022,ok,ok,1304225.33,1304225.33,1304225.33,new_observed,20286703.5,20286703.5,20332378.942770436,new_observed,11221255159.38,27500032.87032604,1,
3300159,Aperibé,2023,ok,ok,1609870.44,1609870.44,1609870.44,new_observed,20689549.96,20689549.96,20077669.055468824,new_observed,10969274045.47,26771116.451442253,1,
3300159,Aperibé,2024,ok,ok,1970001.34,1970001.34,1970001.34,new_observed,24248507.12,24248507.12,24220821.306527793,new_observed,12558214518.56,28096772.394803934,1,
3300159,Aperibé,2025,ok,ok,1646391.51,1646391.51,1646391.51,new_observed,25364295.52,25364295.52,25064498.182626244,new_observed,13895903874.91,26710889.692626245,1,
3300209,Araruama,2019,ok,partial,,,20259126.417051103,imputed_temporal,45223002.98,45223002.98,45054566.23466514,new_observed,9237387540.52,113752010.84182018,1,
3300209,Araruama,2020,ok,ok,19348543.49,19348543.49,19348543.49,new_observed,51149040.15,51149040.15,52206663.23560275,new_observed,9673165815.34,122013470.07751887,1,
3300209,Araruama,2021,ok,ok,23483372.67,23483372.67,23483372.67,new_observed,71799862.44,71799862.44,70437032.87774399,new_observed,11856514124.26,127533369.60240401,1,
3300209,Araruama,2022,ok,ok,30914129.38,30914129.38,30914129.38,new_observed,65720978.07,65720978.07,65868948.62483426,new_observed,11221255159.38,123010884.37309936,1,
3300209,Araruama,2023,ok,ok,32225819.41,32225819.41,32225819.41,new_observed,66737284.47,66737284.47,64763569.71707369,new_observed,10969274045.47,119723781.08718263,1,
3300209,Araruama,2024,ok,ok,39768455.4,39768455.4,39768455.4,new_observed,92032817.16,92032817.16,91927738.38559942,new_observed,12558214518.56,141279944.96371928,1,
3300209,Araruama,2025,ok,ok,40588898.15,40588898.15,40588898.15,new_observed,142183320.23,142183320.23,140502761.7934251,new_observed,13895903874.91,181091659.94342512,1,
3300225,Areal,2019,ok,ok,1888446.64,1888446.64,1888446.64,new_observed,22188893.99,22188893.99,22106249.653269228,new_observed,9237387540.52,41789781.62286499,1,
3300225,Areal,2020,ok,ok,2937387.94,2937387.94,2937387.94,new_observed,22007814.0,22007814.0,22462875.75837889,new_observed,9673165815.34,43311653.4287692,1,
3300225,Areal,2021,ok,ok,2747123.58,2747123.58,2747123.58,new_observed,27489420.89,27489420.89,26967645.580618363,new_observed,11856514124.26,40349321.491002515,1,
3300225,Areal,2022,ok,ok,3508213.89,3508213.89,3508213.89,new_observed,25746396.75,25746396.75,25804364.673240934,new_observed,11221255159.38,37256163.85273586,1,
3300225,Areal,2023,ok,ok,4662926.05,4662926.05,4662926.05,new_observed,27274828.23,27274828.23,26468191.71057013,new_observed,10969274045.47,38428277.16836713,1,
3300225,Areal,2024,ok,ok,5407795.19,5407795.19,5407795.19,new_observed,28816918.68,28816918.68,28784016.867469028,new_observed,12558214518.56,36680007.119668715,1,
3300225,Areal,2025,ok,ok,6851770.44,6851770.44,6851770.44,new_observed,33182383.96,33182383.96,32790179.4790564,new_observed,13895903874.91,39641949.9190564,2,
3300233,Armação dos Búzios,2019,ok,ok,18019661.99,18019661.99,18019661.99,new_observed,35034543.3,35034543.3,34904054.299737126,new_observed,9237387540.52,92173308.6089935,4,
3300233,Armação dos Búzios,2020,ok,ok,16598474.59,16598474.59,16598474.59,new_observed,36276836.19,36276836.19,37026942.53245838,new_observed,9673165815.34,91440211.36793701,1,
3300233,Armação dos Búzios,2021,ok,ok,19813386.54,19813386.54,19813386.54,new_observed,48424390.86,48424390.86,47505249.9430742,new_observed,11856514124.26,91411152.85497193,1,
3300233,Armação dos Búzios,2022,ok,ok,28463118.42,28463118.42,28463118.42,new_observed,44841593.06,44841593.06,44942553.75169381,new_observed,11221255159.38,93298300.05397053,1,
3300233,Armação dos Búzios,2023,ok,ok,36444492.66,36444492.66,36444492.66,new_observed,41167896.13,41167896.13,39950380.5450612,new_observed,10969274045.47,94301893.82678275,1,
3300233,Armação dos Búzios,2024,ok,partial,,,45011348.17378494,imputed_temporal,48537790.57,48537790.57,48482372.386545494,new_observed,12558214518.56,100297414.18890706,1,
3300233,Armação dos Búzios,2025,ok,ok,54888411.26,54888411.26,54888411.26,new_observed,59921047.05,59921047.05,59212800.67493026,new_observed,13895903874.91,114101211.93493026,1,
3300258,Arraial do Cabo,2019,ok,partial,4703207.11,4703207.11,4703207.11,new_observed,,,23463041.04865712,imputed_temporal,9237387540.52,49055063.889926486,1,
3300258,Arraial do Cabo,2020,ok,ok,3431577.02,3431577.02,3431577.02,new_observed,24133473.59,24133473.59,24632488.209428165,new_observed,9673165815.34,47853875.90668759,1,
3300258,Arraial do Cabo,2021,ok,ok,5898781.25,5898781.25,5898781.25,new_observed,43431317.28,43431317.28,42606949.640488625,new_observed,11856514124.26,65865338.52163529,1,
3300258,Arraial do Cabo,2022,ok,ok,7135706.36,7135706.36,7135706.36,new_observed,51536267.48,51536267.48,51652301.20799748,new_observed,11221255159.38,74719309.93050887,1,
3300258,Arraial do Cabo,2023,ok,ok,9023691.78,9023691.78,9023691.78,new_observed,58806834.97,58806834.97,57067658.45607746,new_observed,10969274045.47,81583216.6656228,1,
3300258,Arraial do Cabo,2024,ok,ok,13084277.34,13084277.34,13084277.34,new_observed,77589394.59,77589394.59,77500806.64124879,new_observed,12558214518.56,97177111.28568794,1,
3300258,Arraial do Cabo,2025,ok,ok,14476161.4,14476161.4,14476161.4,new_observed,115948893.16,115948893.16,114578416.71946993,new_observed,13895903874.91,129054578.11946994,1,
3300308,Barra do Piraí,2019,ok,ok,12677669.06,12677669.06,12677669.06,new_observed,33303412.65,33303412.65,33179371.386358343,new_observed,9237387540.52,79865803.78855477,1,
3300308,Barra do Piraí,2020,ok,ok,13250632.4,13250632.4,13250632.4,new_observed,33494897.85,33494897.85,34187481.271158606,new_observed,9673165815.34,80889834.96541065,1,
3300308,Barra do Piraí,2021,ok,ok,17624426.58,17624426.58,17624426.58,new_observed,41712410.78,41712410.78,40920669.617940605,new_observed,11856514124.26,79497669.8436925,1,
3300308,Barra do Piraí,2022,ok,ok,19689204.25,19689204.25,19689204.25,new_observed,39615570.59,39615570.59,39704764.91017635,new_observed,11221255159.38,75489484.56110217,1,
3300308,Barra do Piraí,2023,ok,ok,22035486.49,22035486.49,22035486.49,new_observed,40551856.34,40551856.34,39352559.758599766,new_observed,10969274045.47,75777454.38532333,1,
3300308,Barra do Piraí,2024,ok,ok,31258609.83,31258609.83,31258609.83,new_observed,43697469.43,43697469.43,43647577.69926955,new_observed,12558214518.56,80357235.44756255,1,
3300308,Barra do Piraí,2025,ok,ok,34535085.12,34535085.12,34535085.12,new_observed,46733848.19,46733848.19,46181470.01566657,new_observed,13895903874.91,80716555.13566656,1,
3300407,Barra Mansa,2019,ok,ok,6820387.79,6820387.79,6820387.79,new_observed,57887769.45,57887769.45,57672161.75395282,new_observed,9237387540.52,112321886.83711752,1,
3300407,Barra Mansa,2020,ok,partial,,,24563291.81614495,imputed_temporal,60336055.96,60336055.96,61583641.55477123,new_observed,9673165815.34,146894778.984146,1,
3300407,Barra Mansa,2021,ok,ok,50035758.51,50035758.51,50035758.51,new_observed,76617711.5,76617711.5,75163434.58809283,new_observed,11856514124.26,170006452.52947757,1,
3300407,Barra Mansa,2022,ok,ok,60967070.22,60967070.22,60967070.22,new_observed,67960998.22,67960998.22,68114012.17245507,new_observed,11221255159.38,164061511.87028465,1,
3300407,Barra Mansa,2023,ok,ok,70947212.36,70947212.36,70947212.36,new_observed,63434607.47,63434607.47,61558567.38829859,new_observed,10969274045.47,163565242.65336797,1,
3300407,Barra Mansa,2024,ok,ok,99636996.39,99636996.39,99636996.39,new_observed,69453987.52,69453987.52,69374688.19926804,new_observed,12558214518.56,181310946.13007906,1,
3300407,Barra Mansa,2025,ok,ok,103524140.62,103524140.62,103524140.62,new_observed,74941139.43,74941139.43,74055360.67682494,new_observed,13895903874.91,177579501.29682493,1,
3300456,Belford Roxo,2019,ok,partial,,,33000151.794236936,imputed_temporal,140555049.59,140555049.59,140031540.89899623,new_observed,9237387540.52,301356456.5729994,1,
3300456,Belford Roxo,2020,ok,partial,,,31663598.04335183,imputed_temporal,127604138.51,127604138.51,130242645.16253641,new_observed,9673165815.34,276076940.6553445,1,
3300456,Belford Roxo,2021,ok,ok,37179297.94,37179297.94,37179297.94,new_observed,171313361.21,171313361.21,168061670.95416516,new_observed,11856514124.26,278694200.5933854,1,
3300456,Belford Roxo,2022,ok,ok,50824669.03,50824669.03,50824669.03,new_observed,156420591.51,156420591.51,156772771.93081763,new_observed,11221255159.38,263855472.80183536,1,
3300456,Belford Roxo,2023,ok,partial,,,51967015.09678416,imputed_temporal,169063444.5,169063444.5,164063495.56230855,new_observed,10969274045.47,266668238.65046695,1,
3300456,Belford Roxo,2024,ok,ok,51336070.98,51336070.98,51336070.98,new_observed,161017454.23,161017454.23,160833612.01730123,new_observed,12558214518.56,227609623.90172124,1,
3300456,Belford Roxo,2025,ok,ok,53669669.61,53669669.61,53669669.61,new_observed,162486494.49,162486494.49,160565959.44620642,new_observed,13895903874.91,214235629.0562064,1,
3300506,Bom Jardim,2019,ok,ok,2692499.51,2692499.51,2692499.51,new_observed,20853256.46,20853256.46,20775586.813662965,new_observed,9237387540.52,40872624.12433718,1,
3300506,Bom Jardim,2020,ok,ok,2727181.24,2727181.24,2727181.24,new_observed,20392059.74,20392059.74,20813712.093216535,new_observed,9673165815.34,40141119.2245603,1,
3300506,Bom Jardim,2021,ok,ok,3433846.38,3433846.38,3433846.38,new_observed,31614434.4,31614434.4,31014362.417545605,new_observed,11856514124.26,46776801.26162634,1,
3300506,Bom Jardim,2022,ok,ok,4890768.12,4890768.12,4890768.12,new_observed,29189455.64,29189455.64,29255175.598424245,new_observed,11221255159.38,43399350.60081101,1,
3300506,Bom Jardim,2023,ok,ok,5832303.41,5832303.41,5832303.41,new_observed,29212765.49,29212765.49,28348815.650277223,new_observed,10969274045.47,42193201.261695854,1,
3300506,Bom Jardim,2024,ok,ok,6362525.87,6362525.87,6362525.87,new_observed,31901984.53,31901984.53,31865560.33329709,new_observed,12558214518.56,41010007.65187412,1,
3300506,Bom Jardim,2025,ok,ok,6790851.06,6790851.06,6790851.06,new_observed,34551362.68,34551362.68,34142977.3366763,new_observed,13895903874.91,40933828.3966763,1,
3300605,Bom Jesus do Itabapoana,2019,ok,ok,3435789.21,3435789.21,3435789.21,new_observed,20445491.55,20445491.55,20369340.657168396,new_observed,9237387540.52,41459627.84834096,1,
3300605,Bom Jesus do Itabapoana,2020,ok,ok,3900113.49,3900113.49,3900113.49,new_observed,27254875.36,27254875.36,27818432.08152259,new_observed,9673165815.34,54085369.717877656,1,
3300605,Bom Jesus do Itabapoana,2021,ok,ok,4904883.64,4904883.64,4904883.64,new_observed,34067519.3,34067519.3,33420885.436967667,new_observed,11856514124.26,52042092.92414742,1,
3300605,Bom Jesus do Itabapoana,2022,ok,ok,12275853.3,12275853.3,12275853.3,new_observed,31460772.25,31460772.25,31531606.069916505,new_observed,11221255159.38,55679096.287502654,1,
3300605,Bom Jesus do Itabapoana,2023,ok,ok,15730034.73,15730034.73,15730034.73,new_observed,30984827.9,30984827.9,30068470.388171602,new_observed,10969274045.47,56533712.091992274,1,
3300605,Bom Jesus do Itabapoana,2024,ok,ok,17450585.08,17450585.08,17450585.08,new_observed,34677750.32,34677750.32,34638156.88349506,new_observed,12558214518.56,55879326.39733322,1,
3300605,Bom Jesus do Itabapoana,2025,ok,ok,13218241.72,13218241.72,13218241.72,new_observed,36591847.3,36591847.3,36159344.12318292,new_observed,13895903874.91,49377585.84318292,4,
3300704,Cabo Frio,2019,ok,ok,44099659.46,44099659.46,44099659.46,new_observed,121311897.3,121311897.3,120860061.2916605,new_observed,9237387540.52,287298102.15245026,1,
3300704,Cabo Frio,2020,ok,ok,42485033.01,42485033.01,42485033.01,new_observed,126449958.17,126449958.17,129064599.51110625,new_observed,9673165815.34,292520515.4488642,1,
3300704,Cabo Frio,2021,ok,ok,50498019.09,50498019.09,50498019.09,new_observed,155586683.45,155586683.45,152633500.47034988,new_observed,11856514124.26,275829805.1515423,1,
3300704,Cabo Frio,2022,ok,ok,56243488.36,56243488.36,56243488.36,new_observed,130299550.33,130299550.33,130592919.31693822,new_observed,11221255159.38,237468286.96939272,1,
3300704,Cabo Frio,2023,ok,ok,66748357.02,66748357.02,66748357.02,new_observed,113224001.22,113224001.22,109875469.9849043,new_observed,10969274045.47,218024596.18969646,1,
3300704,Cabo Frio,2024,ok,ok,73216729.31,73216729.31,73216729.31,new_observed,125912279.55,125912279.55,125768518.78698763,new_observed,12558214518.56,213465735.73342308,1,
3300704,Cabo Frio,2025,ok,ok,80185470.73,80185470.73,80185470.73,new_observed,142967844.95,142967844.95,141278013.69833845,new_observed,13895903874.91,221463484.42833847,1,
3300803,Cachoeiras de Macacu,2019,ok,ok,5662926.23,5662926.23,5662926.23,new_observed,32789826.57,32789826.57,32667698.19940091,new_observed,9237387540.52,66757603.630184226,1,
3300803,Cachoeiras de Macacu,2020,ok,ok,5100281.51,5100281.51,5100281.51,new_observed,40196051.81,40196051.81,41027196.875863776,new_observed,9673165815.34,78654984.88974673,1,
3300803,Cachoeiras de Macacu,2021,ok,ok,6996114.75,6996114.75,6996114.75,new_observed,53751717.71,53751717.71,52731459.07122554,new_observed,11856514124.26,81103341.74105573,1,
3300803,Cachoeiras de Macacu,2022,ok,ok,10698555.44,10698555.44,10698555.44,new_observed,51248250.81,51248250.81,51363636.069461055,new_observed,11221255159.38,78880783.92516233,1,
3300803,Cachoeiras de Macacu,2023,ok,ok,11914062.5,11914062.5,11914062.5,new_observed,50317869.21,50317869.21,48829748.71507281,new_observed,10969274045.47,74982210.13420613,1,
3300803,Cachoeiras de Macacu,2024,ok,ok,15001099.14,15001099.14,15001099.14,new_observed,57751627.93,57751627.93,57685689.81716386,new_observed,12558214518.56,77976327.54805169,1,
3300803,Cachoeiras de Macacu,2025,ok,ok,15167551.02,15167551.02,15167551.02,new_observed,61022760.71,61022760.71,60301492.45456478,new_observed,13895903874.91,75469043.47456478,1,
3300902,Cambuci,2019,ok,ok,598468.02,598468.02,598468.02,new_observed,22108238.22,22108238.22,22025894.292231392,new_observed,9237387540.52,39403172.635693684,1,
3300902,Cambuci,2020,ok,ok,585708.27,585708.27,585708.27,new_observed,21929427.67,21929427.67,22382868.6121923,new_observed,9673165815.34,39165224.9554025,1,
3300902,Cambuci,2021,ok,ok,706370.66,706370.66,706370.66,new_observed,26968163.59,26968163.59,26456282.239100184,new_observed,11856514124.26,36883834.04394238,1,
3300902,Cambuci,2022,ok,ok,1662229.54,1662229.54,1662229.54,new_observed,26070986.15,26070986.15,26129684.885152467,new_observed,11221255159.38,35323406.14015954,1,
3300902,Cambuci,2023,ok,ok,2053154.92,2053154.92,2053154.92,new_observed,25165762.89,25165762.89,24421500.700144697,new_observed,10969274045.47,32680336.50229451,1,
3300902,Cambuci,2024,ok,ok,2393944.98,2393944.98,2393944.98,new_observed,28329243.35,28329243.35,28296898.34239539,new_observed,12558214518.56,32924267.063762937,1,
3300902,Cambuci,2025,ok,ok,3178680.49,3178680.49,3178680.49,new_observed,30367019.4,30367019.4,30008091.569620535,new_observed,13895903874.91,33186772.059620537,1,
3300936,Carapebus,2019,ok,ok,1489206.9,1489206.9,1489206.9,new_observed,33462050.12,33462050.12,33337417.99822478,new_observed,9237387540.52,60654947.71719619,1,
3300936,Carapebus,2020,ok,ok,1571981.43,1571981.43,1571981.43,new_observed,34840321.73,34840321.73,35560724.85904044,new_observed,9673165815.34,63317409.80176684,1,
3300936,Carapebus,2021,ok,ok,1937692.05,1937692.05,1937692.05,new_observed,42900239.47,42900239.47,42085952.19157471,new_observed,11856514124.26,59779167.898198605,1,
3300936,Carapebus,2022,ok,ok,4011833.32,4011833.32,4011833.32,new_observed,36330113.02,36330113.02,36411910.14381997,new_observed,11221255159.38,51378407.627285965,1,
3300936,Carapebus,2023,ok,partial,4516322.32,4516322.32,4516322.32,new_observed,,,36006467.76456188,imputed_temporal,10969274045.47,50021365.149228245,1,
3300936,Carapebus,2024,ok,ok,5972613.25,5972613.25,5972613.25,new_observed,42013544.99,42013544.99,41965575.88558697,new_observed,12558214518.56,51426730.933181055,2,
3300936,Carapebus,2025,ok,ok,4815393.9,4815393.9,4815393.9,new_observed,47998332.51,47998332.51,47431008.5615177,new_observed,13895903874.91,52246402.4615177,1,
3300951,Comendador Levy Gasparian,2019,ok,ok,1116800.44,1116800.44,1116800.44,new_observed,19536835.51,19536835.51,19464068.98034468,new_observed,9237387540.52,35844172.73604597,1,
3300951,Comendador Levy Gasparian,2020,ok,ok,1974484.59,1974484.59,1974484.59,new_observed,18470425.65,18470425.65,18852343.83479998,new_observed,9673165815.34,35513189.36948464,1,
3300951,Comendador Levy Gasparian,2021,ok,ok,2289167.04,2289167.04,2289167.04,new_observed,25075073.18,25075073.18,24599124.48254959,new_observed,11856514124.26,36511282.0874619,1,
3300951,Comendador Levy Gasparian,2022,ok,ok,2786672.96,2786672.96,2786672.96,new_observed,23430959.73,23430959.73,23483714.45479814,new_observed,11221255159.38,33389551.720568802,1,
3300951,Comendador Levy Gasparian,2023,ok,ok,4070176.2,4070176.2,4070176.2,new_observed,25033891.31,25033891.31,24293529.14222388,new_observed,10969274045.47,35012181.020798445,1,
3300951,Comendador Levy Gasparian,2024,ok,ok,5013409.89,5013409.89,5013409.89,new_observed,26378294.6,26378294.6,26348177.094604865,new_observed,12558214518.56,33643821.85845952,1,
3300951,Comendador Levy Gasparian,2025,ok,ok,5394206.38,5394206.38,5394206.38,new_observed,27692683.55,27692683.55,27365365.45884791,new_observed,13895903874.91,32759571.83884791,1,
3301009,Campos dos Goytacazes,2019,ok,ok,87375915.45,87375915.45,87375915.45,new_observed,307729737.31,307729737.31,306583572.9250703,new_observed,9237387540.52,686130000.8230565,1,
3301009,Campos dos Goytacazes,2020,ok,ok,81553809.87,81553809.87,81553809.87,new_observed,318713696.27,318713696.27,325303828.9857736,new_observed,9673165815.34,693759610.4599997,1,
3301009,Campos dos Goytacazes,2021,ok,ok,104429377.38,104429377.38,104429377.38,new_observed,398642777.12,398642777.12,391076158.70352364,new_observed,11856514124.26,672840905.0709778,1,
3301009,Campos dos Goytacazes,2022,ok,ok,129383596.34,129383596.34,129383596.34,new_observed,324080790.48,324080790.48,324810457.25896025,new_observed,11221255159.38,577278728.4923949,1,
3301009,Campos dos Goytacazes,2023,ok,ok,159416060.23,159416060.23,159416060.23,new_observed,273760395.76,273760395.76,265664097.9233485,new_observed,10969274045.47,524719294.1134874,1,
3301009,Campos dos Goytacazes,2024,ok,ok,179527949.17,179527949.17,179527949.17,new_observed,307860681.78,307860681.78,307509180.8249512,new_observed,12558214518.56,522479632.4257816,1,
3301009,Campos dos Goytacazes,2025,ok,ok,179791196.66,179791196.66,179791196.66,new_observed,334231414.87,334231414.87,330280913.34056944,new_observed,13895903874.91,510072110.00056946,1,
3301108,Cantagalo,2019,ok,ok,3970082.6,3970082.6,3970082.6,new_observed,33868052.63,33868052.63,33741908.3189212,new_observed,9237387540.52,65680175.56059932,1,
3301108,Cantagalo,2020,ok,ok,4027606.24,4027606.24,4027606.24,new_observed,34229800.34,34229800.34,34937579.546589024,new_observed,9673165815.34,66442090.626171626,1,
3301108,Cantagalo,2021,ok,ok,4619953.66,4619953.66,4619953.66,new_observed,42487129.86,42487129.86,41680683.79421534,new_observed,11856514124.26,62871069.123244345,1,
3301108,Cantagalo,2022,ok,ok,5381432.65,5381432.65,5381432.65,new_observed,39987732.89,39987732.89,40077765.13230771,new_observed,11221255159.38,57778448.85046942,1,
3301108,Cantagalo,2023,ok,ok,6807300.28,6807300.28,6807300.28,new_observed,39168144.0,39168144.0,38009769.872681506,new_observed,10969274045.47,55322227.96968592,1,
3301108,Cantagalo,2024,ok,ok,6992873.49,6992873.49,6992873.49,new_observed,44597914.25,44597914.25,44546994.433408216,new_observed,12558214518.56,55290509.87996503,1,
3301108,Cantagalo,2025,ok,ok,7035242.46,7035242.46,7035242.46,new_observed,47947554.36,47947554.36,47380830.59196248,new_observed,13895903874.91,54416073.05196248,1,
3301157,Cardoso Moreira,2019,ok,ok,686763.16,686763.16,686763.16,new_observed,22360028.67,22360028.67,22276746.92826263,new_observed,9237387540.52,39993841.145309344,1,
3301157,Cardoso Moreira,2020,ok,ok,813039.84,813039.84,813039.84,new_observed,23622354.18,23622354.18,24110800.239667706,new_observed,9673165815.34,42499272.30926862,4,
3301157,Cardoso Moreira,2021,ok,ok,738536.4,738536.4,738536.4,new_observed,29566976.23,29566976.23,29005766.947650228,new_observed,11856514124.26,40389425.60223025,3,
3301157,Cardoso Moreira,2022,ok,ok,2136613.5,2136613.5,2136613.5,new_observed,27188955.95,27188955.95,27250171.79029076,new_observed,11221255159.38,37350480.290164895,1,
3301157,Cardoso Moreira,2023,ok,ok,2525322.82,2525322.82,2525322.82,new_observed,26624890.99,26624890.99,25837475.9706544,new_observed,10969274045.47,35011061.972801276,1,
3301157,Cardoso Moreira,2024,ok,ok,2060411.53,2060411.53,2060411.53,new_observed,29862858.92,29862858.92,29828762.90172909,new_observed,12558214518.56,34209802.72207207,1,
3301157,Cardoso Moreira,2025,ok,ok,2056842.18,2056842.18,2056842.18,new_observed,33191243.17,33191243.17,32798933.97621046,new_observed,13895903874.91,34855776.15621046,1,
3301207,Carmo,2019,ok,ok,3011281.33,3011281.33,3011281.33,new_observed,25953533.32,25953533.32,25856867.278510146,new_observed,9237387540.52,50277511.80765973,1,
3301207,Carmo,2020,ok,ok,4384733.57,4384733.57,4384733.57,new_observed,26627440.92,26627440.92,27178024.003180604,new_observed,9673165815.34,53819725.39730391,1,
3301207,Carmo,2021,ok,ok,5485365.32,5485365.32,5485365.32,new_observed,31739417.69,31739417.69,31136973.40603121,new_observed,11856514124.26,49729025.69162258,1,
3301207,Carmo,2022,ok,ok,5517245.31,5517245.31,5517245.31,new_observed,29491542.25,29491542.25,29557942.355381917,new_observed,11221255159.38,44580415.74225964,1,
3301207,Carmo,2023,ok,ok,3605214.82,3605214.82,3605214.82,new_observed,29512420.17,29512420.17,28639608.2246732,new_observed,10969274045.47,39803035.87990927,1,
3301207,Carmo,2024,ok,ok,5241731.41,5241731.41,5241731.41,new_observed,30609335.19,30609335.19,30574386.87997066,new_observed,12558214518.56,38422516.81972619,1,
3301207,Carmo,2025,ok,absent_dca,,,5808670.734110407,imputed_temporal,,,32658890.601970557,imputed_temporal,13895903874.91,38467561.33608096,1,
3301306,Casimiro de Abreu,2019,ok,ok,6000784.38,6000784.38,6000784.38,new_observed,60069080.31,60069080.31,59845348.14459849,new_observed,9237387540.52,114679321.85018234,1,
3301306,Casimiro de Abreu,2020,ok,ok,6425725.72,6425725.72,6425725.72,new_observed,60049650.89,60049650.89,61291314.4066056,new_observed,9673165815.34,115468760.79766001,1,
3301306,Casimiro de Abreu,2021,ok,ok,6609257.99,6609257.99,6609257.99,new_observed,70305923.96,70305923.96,68971450.76857181,new_observed,11856514124.26,102630119.71364008,1,
3301306,Casimiro de Abreu,2022,ok,ok,12313642.66,12313642.66,12313642.66,new_observed,57091720.52,57091720.52,57220262.331303984,new_observed,11221255159.38,88377300.28040782,1,
3301306,Casimiro de Abreu,2023,ok,ok,15107989.54,15107989.54,15107989.54,new_observed,51169425.27,51169425.27,49656120.52054532,new_observed,10969274045.47,79944870.30984432,1,
3301306,Casimiro de Abreu,2024,ok,ok,17380868.9,17380868.9,17380868.9,new_observed,52803425.48,52803425.48,52743136.99373161,new_observed,12558214518.56,75227046.49635243,1,
3301306,Casimiro de Abreu,2025,ok,ok,15172677.77,15172677.77,15172677.77,new_observed,54920546.07,54920546.07,54271403.914014794,new_observed,13895903874.91,69444081.6840148,1,
3301405,Conceição de Macabu,2019,ok,ok,1130668.15,1130668.15,1130668.15,new_observed,24045146.47,24045146.47,23955588.370236084,new_observed,9237387540.52,43690871.0534466,1,
3301405,Conceição de Macabu,2020,ok,ok,1235475.79,1235475.79,1235475.79,new_observed,23999358.55,23999358.55,24495600.035034742,new_observed,9673165815.34,43875742.85515837,1,
3301405,Conceição de Macabu,2021,ok,ok,1373664.06,1373664.06,1373664.06,new_observed,29985377.7,29985377.7,29416226.760482233,new_observed,11856514124.26,41809216.03910758,1,
3301405,Conceição de Macabu,2022,ok,ok,1999011.46,1999011.46,1999011.46,new_observed,26457147.1,26457147.1,26516715.27519589,new_observed,11221255159.38,36243368.53662445,1,
3301405,Conceição de Macabu,2023,ok,ok,3727805.46,3727805.46,3727805.46,new_observed,26900113.19,26900113.19,26104558.640843038,new_observed,10969274045.47,36825094.59094497,1,
3301405,Conceição de Macabu,2024,ok,ok,4010006.56,4010006.56,4010006.56,new_observed,29349962.56,29349962.56,29316452.142850142,new_observed,12558214518.56,35751680.56139506,1,
3301405,Conceição de Macabu,2025,ok,ok,3548269.1,3548269.1,3548269.1,new_observed,32188742.23,32188742.23,31808282.256004073,new_observed,13895903874.91,35356551.356004074,1,
3301504,Cordeiro,2019,ok,ok,2547825.24,2547825.24,2547825.24,new_observed,19922748.93,19922748.93,19848545.03448743,new_observed,9237387540.52,39006095.82535936,1,
3301504,Cordeiro,2020,ok,ok,2448378.17,2448378.17,2448378.17,new_observed,20079257.65,20079257.65,20494442.106445868,new_observed,9673165815.34,39121305.679806076,1,
3301504,Cordeiro,2021,ok,ok,2605828.51,2605828.51,2605828.51,new_observed,25161190.18,25161190.18,24683606.900122482,new_observed,11856514124.26,37055990.464509666,2,
3301504,Cordeiro,2022,ok,ok,5091684.32,5091684.32,5091684.32,new_observed,23118419.05,23118419.05,23170470.090538014,new_observed,11221255159.38,35921079.180347204,1,
3301504,Cordeiro,2023,ok,ok,6515967.0,6515967.0,6515967.0,new_observed,22466739.15,22466739.15,21802298.951950956,new_observed,10969274045.47,34956090.600364484,1,
3301504,Cordeiro,2024,ok,ok,7638685.7,7638685.7,7638685.7,new_observed,25464412.75,25464412.75,25435338.67223979,new_observed,12558214518.56,35480876.16446887,1,
3301504,Cordeiro,2025,ok,ok,8001064.04,8001064.04,8001064.04,new_observed,27870280.82,27870280.82,27540863.589582283,new_observed,13895903874.91,35541927.629582286,1,
3301603,Duas Barras,2019,ok,ok,938642.2,938642.2,938642.2,new_observed,21438933.2,21438933.2,21359082.15310565,new_observed,9237387540.52,38834291.545690805,1,
3301603,Duas Barras,2020,ok,ok,946633.06,946633.06,946633.06,new_observed,21974910.21,21974910.21,22429291.607460957,new_observed,9673165815.34,39859820.34661723,1,
3301603,Duas Barras,2021,ok,ok,1283674.85,1283674.85,1283674.85,new_observed,27720764.32,27720764.32,27194597.89265903,new_observed,11856514124.26,38670298.13325633,1,
3301603,Duas Barras,2022,ok,ok,1500195.18,1500195.18,1500195.18,new_observed,25829223.41,25829223.41,25887377.81717947,new_observed,11221255159.38,34809489.8887963,6,
3301603,Duas Barras,2023,ok,ok,1703503.09,1703503.09,1703503.09,new_observed,25294407.79,25294407.79,24546341.005171508,new_observed,10969274045.47,32402828.97240893,1,
3301603,Duas Barras,2024,ok,ok,1889751.2,1889751.2,1889751.2,new_observed,27771072.5,27771072.5,27739364.78581565,new_observed,12558214518.56,31785276.062074136,1,
3301603,Duas Barras,2025,ok,ok,2250048.31,2250048.31,2250048.31,new_observed,30392919.36,30392919.36,30033685.400911383,new_observed,13895903874.91,32283733.710911382,1,
3301702,Duque de Caxias,2019,ok,ok,274587522.12,274587522.12,274587522.12,new_observed,869286621.39,869286621.39,866048892.808932,new_observed,9237387540.52,1986561784.669839,1,
3301702,Duque de Caxias,2020,ok,ok,250581128.87,250581128.87,250581128.87,new_observed,903003761.12,903003761.12,921675423.801174,new_observed,9673165815.34,1998891434.4278262,1,
3301702,Duque de Caxias,2021,ok,ok,377300907.83,377300907.83,377300907.83,new_observed,1159767505.97,1159767505.97,1137754017.5207617,new_observed,11856514124.26,2057274546.8446555,1,
3301702,Duque de Caxias,2022,ok,ok,403939112.76,403939112.76,403939112.76,new_observed,1012811622.47,1012811622.47,1015091964.3352695,new_observed,11221255159.38,1803582520.2591908,1,
3301702,Duque de Caxias,2023,ok,ok,442968671.34,442968671.34,442968671.34,new_observed,1046509543.06,1046509543.06,1015559657.3908552,new_observed,10969274045.47,1800408559.2254086,1,
3301702,Duque de Caxias,2024,ok,ok,523236847.27,523236847.27,523236847.27,new_observed,1686147633.23,1686147633.23,1684222468.574329,new_observed,12558214518.56,2368099803.703197,1,
3301702,Duque de Caxias,2025,ok,ok,635169590.93,635169590.93,635169590.93,new_observed,1476728901.51,1476728901.51,1459274468.6696918,new_observed,13895903874.91,2094444059.5996919,1,
3301801,Engenheiro Paulo de Frontin,2019,ok,ok,1017922.01,1017922.01,1017922.01,new_observed,21080157.51,21080157.51,21001642.75228476,new_observed,9237387540.52,38349841.63164996,1,
3301801,Engenheiro Paulo de Frontin,2020,ok,ok,829947.22,829947.22,829947.22,new_observed,21671336.48,21671336.48,22119440.798084904,new_observed,9673165815.34,39132504.7662824,1,
3301801,Engenheiro Paulo de Frontin,2021,ok,ok,626277.65,626277.65,626277.65,new_observed,27019125.62,27019125.62,26506276.961382926,new_observed,11856514124.26,36842963.94729556,1,
3301801,Engenheiro Paulo de Frontin,2022,ok,ok,2141307.79,2141307.79,2141307.79,new_observed,24970635.14,24970635.14,25026856.43865892,new_observed,11221255159.38,34530622.268430084,1,
3301801,Engenheiro Paulo de Frontin,2023,ok,ok,2569327.07,2569327.07,2569327.07,new_observed,25143146.75,25143146.75,24399553.41878236,new_observed,10969274045.47,33290408.08345576,1,
3301801,Engenheiro Paulo de Frontin,2024,ok,ok,3802665.33,3802665.33,3802665.33,new_observed,26267052.37,26267052.37,26237061.875790123,new_observed,12558214518.56,32225768.14382649,1,
3301801,Engenheiro Paulo de Frontin,2025,ok,ok,3788195.54,3788195.54,3788195.54,new_observed,29718347.7,29718347.7,29367086.94826407,new_observed,13895903874.91,33155282.48826407,2,
3301850,Guapimirim,2019,ok,ok,11112237.85,11112237.85,11112237.85,new_observed,29307893.94,29307893.94,29198734.31010864,new_observed,9237387540.52,70206628.28930555,1,
3301850,Guapimirim,2020,ok,ok,11208416.34,11208416.34,11208416.34,new_observed,28971117.7,28971117.7,29570161.646971002,new_observed,9673165815.34,69534224.44990002,1,
3301850,Guapimirim,2021,ok,ok,11479648.57,11479648.57,11479648.57,new_observed,50263848.97,50263848.97,49309793.391602054,new_observed,11856514124.26,82545239.49720216,1,
3301850,Guapimirim,2022,ok,ok,14270537.47,14270537.47,14270537.47,new_observed,32902158.71,32902158.71,32976237.806546286,new_observed,11221255159.38,60050452.31414054,1,
3301850,Guapimirim,2023,ok,ok,18152018.82,18152018.82,18152018.82,new_observed,33229399.23,33229399.23,32246659.88104415,new_observed,10969274045.47,62212170.11668703,1,
3301850,Guapimirim,2024,ok,ok,24410989.92,24410989.92,24410989.92,new_observed,35268478.86,35268478.86,35228210.9572242,new_observed,12558214518.56,63979244.77097357,1,
3301850,Guapimirim,2025,ok,ok,27964896.33,27964896.33,27964896.33,new_observed,39085274.1,39085274.1,38623299.46733323,new_observed,13895903874.91,66588195.797333226,1,
3301876,Iguaba Grande,2019,ok,ok,3029476.49,3029476.49,3029476.49,new_observed,17654425.18,17654425.18,17588669.840413373,new_observed,9237387540.52,35909095.16358187,1,
3301876,Iguaba Grande,2020,ok,ok,2931524.56,2931524.56,2931524.56,new_observed,24890591.15,24890591.15,25405260.902107544,new_observed,9673165815.34,48318909.03945685,1,
3301876,Iguaba Grande,2021,ok,ok,3237410.43,3237410.43,3237410.43,new_observed,28999887.33,28999887.33,28449441.93341662,new_observed,11856514124.26,43027189.14417518,1,
3301876,Iguaba Grande,2022,ok,ok,4997319.87,4997319.87,4997319.87,new_observed,30852857.57,30852857.57,30922322.672116905,new_observed,11221255159.38,45653714.33269255,1,
3301876,Iguaba Grande,2023,ok,ok,7562994.65,7562994.65,7562994.65,new_observed,32608627.85,32608627.85,31644247.43849015,new_observed,10969274045.47,48397451.62931715,1,
3301876,Iguaba Grande,2024,ok,partial,,,7594434.294614333,imputed_temporal,33565933.55,33565933.55,33527609.533981737,new_observed,12558214518.56,44114563.3894165,1,
3301876,Iguaba Grande,2025,ok,ok,7520000.6,7520000.6,7520000.6,new_observed,34701655.1,34701655.1,34291493.35144132,new_observed,13895903874.91,41811493.95144132,1,
3301900,Itaboraí,2019,ok,ok,62704447.82,62704447.82,62704447.82,new_observed,57149942.17,57149942.17,56937082.571546376,new_observed,9237387540.52,208370773.56509754,1,
3301900,Itaboraí,2020,ok,ok,62522446.52,62522446.52,62522446.52,new_observed,55644303.36,55644303.36,56794876.26700339,new_observed,9673165815.34,203455782.7417005,1,
3301900,Itaboraí,2021,ok,ok,67480065.97,67480065.97,67480065.97,new_observed,68554638.96,68554638.96,67253406.82069682,new_observed,11856514124.26,182952934.2747192,1,
3301900,Itaboraí,2022,ok,ok,71704814.18,71704814.18,71704814.18,new_observed,65256486.44,65256486.44,65403411.19353573,new_observed,11221255159.38,174263976.77889946,1,
3301900,Itaboraí,2023,ok,ok,66739997.87,66739997.87,66739997.87,new_observed,65841923.93,65841923.93,63894688.9225566,new_observed,10969274045.47,161255563.9818844,1,
3301900,Itaboraí,2024,ok,ok,97502508.2,97502508.2,97502508.2,new_observed,65001543.13,65001543.13,64927327.40242565,new_observed,12558214518.56,174250125.03957397,1,
3301900,Itaboraí,2025,ok,ok,98972498.97,98972498.97,98972498.97,new_observed,64939838.0,64939838.0,64172271.22462743,new_observed,13895903874.91,163144770.19462743,1,
3302007,Itaguaí,2019,ok,ok,118952489.51,118952489.51,118952489.51,new_observed,47272509.64,47272509.64,47096439.340752214,new_observed,9237387540.52,289195095.05648917,1,
3302007,Itaguaí,2020,ok,ok,152650088.99,152650088.99,152650088.99,new_observed,48669456.46,48669456.46,49675808.49641908,new_observed,9673165815.34,344999140.7827687,1,
3302007,Itaguaí,2021,ok,ok,196563214.74,196563214.74,196563214.74,new_observed,73889007.99,73889007.99,72486524.46158528,new_observed,11856514124.26,365339349.1107044,1,
3302007,Itaguaí,2022,ok,ok,214315583.57,214315583.57,214315583.57,new_observed,96249548.27,96249548.27,96466253.79505913,new_observed,11221255159.38,395002405.89024365,1,
3302007,Itaguaí,2023,ok,ok,225257803.75,225257803.75,225257803.75,new_observed,86109854.56,86109854.56,83563207.78425637,new_observed,10969274045.47,381208908.652966,1,
3302007,Itaguaí,2024,ok,ok,242148064.36,242148064.36,242148064.36,new_observed,83200377.8,83200377.8,83105383.49254887,new_observed,12558214518.56,348922682.50878435,1,
3302007,Itaguaí,2025,ok,ok,270316926.18,270316926.18,270316926.18,new_observed,104314419.24,104314419.24,103081458.32006502,new_observed,13895903874.91,373398384.500065,1,
3302056,Italva,2019,ok,ok,820142.32,820142.32,820142.32,new_observed,18230966.54,18230966.54,18163063.825320385,new_observed,9237387540.52,33061641.19015326,1,
3302056,Italva,2020,ok,ok,995925.5,995925.5,995925.5,new_observed,18653805.19,18653805.19,19039515.165112413,new_observed,9673165815.34,34163742.26206955,1,
3302056,Italva,2021,ok,ok,1458269.14,1458269.14,1458269.14,new_observed,23805622.75,23805622.75,23353769.42703959,new_observed,11856514124.26,33691963.601570845,1,
3302056,Italva,2022,ok,ok,1620226.48,1620226.48,1620226.48,new_observed,22658346.33,22658346.33,22709361.518400054,new_observed,11221255159.38,30922803.839394797,1,
3302056,Italva,2023,ok,ok,1643750.08,1643750.08,1643750.08,new_observed,22716453.29,22716453.29,22044627.94755909,new_observed,10969274045.47,29240953.16824973,1,
3302056,Italva,2024,ok,ok,2184496.29,2184496.29,2184496.29,new_observed,24758382.53,24758382.53,24730114.564586423,new_observed,12558214518.56,28873231.875222825,1,
3302056,Italva,2025,ok,ok,2320604.1,2320604.1,2320604.1,new_observed,26323035.97,26323035.97,26011906.64692548,new_observed,13895903874.91,28332510.74692548,1,
3302106,Itaocara,2019,ok,ok,2508540.74,2508540.74,2508540.74,new_observed,22362846.3,22362846.3,22279554.063770987,new_observed,9237387540.52,43171584.92174965,1,
3302106,Itaocara,2020,ok,ok,2318500.58,2318500.58,2318500.58,new_observed,22282273.75,22282273.75,22743010.589804024,new_observed,9673165815.34,42734024.30294677,1,
3302106,Itaocara,2021,ok,ok,2750826.39,2750826.39,2750826.39,new_observed,28395864.84,28395864.84,27856884.36378924,new_observed,11856514124.26,41561835.95546924,1,
3302106,Itaocara,2022,ok,ok,4978274.68,4978274.68,4978274.68,new_observed,25144207.25,25144207.25,25200819.3456643,new_observed,11221255159.38,38357501.354632,1,
3302106,Itaocara,2023,ok,ok,4217243.58,4217243.58,4217243.58,new_observed,26581430.74,26581430.74,25795301.031216133,new_observed,10969274045.47,37047509.55998681,1,
3302106,Itaocara,2024,ok,ok,4091805.39,4091805.39,4091805.39,new_observed,28453855.83,28453855.83,28421368.545682825,new_observed,12558214518.56,34879211.70832944,1,
3302106,Itaocara,2025,ok,ok,5784207.89,5784207.89,5784207.89,new_observed,30608736.11,30608736.11,30246951.270404585,new_observed,13895903874.91,36031159.160404585,1,
3302205,Itaperuna,2019,ok,ok,17295998.62,17295998.62,17295998.62,new_observed,52697207.7,52697207.7,52500932.67250685,new_observed,9237387540.52,121560134.83188643,1,
3302205,Itaperuna,2020,ok,ok,24092599.44,24092599.44,24092599.44,new_observed,50660842.52,50660842.52,51708371.005932644,new_observed,9673165815.34,129253199.90784761,1,
3302205,Itaperuna,2021,ok,ok,25162811.88,25162811.88,25162811.88,new_observed,65115192.85,65115192.85,63879244.663579196,new_observed,11856514124.26,120909119.17493539,1,
3302205,Itaperuna,2022,ok,ok,31335418.44,31335418.44,31335418.44,new_observed,59671342.45,59671342.45,59805692.27115799,new_observed,11221255159.38,115839967.71384045,1,
3302205,Itaperuna,2023,ok,ok,32662569.81,32662569.81,32662569.81,new_observed,57605901.95,57605901.95,55902242.30251387,new_observed,10969274045.47,109324476.34548771,1,
3302205,Itaperuna,2024,ok,ok,39056559.48,39056559.48,39056559.48,new_observed,63049442.67,63049442.67,62977455.759603836,new_observed,12558214518.56,109459200.32394132,1,
3302205,Itaperuna,2025,ok,ok,42211204.35,42211204.35,42211204.35,new_observed,63218335.28,63218335.28,62471116.080665216,new_observed,13895903874.91,104682320.43066522,1,
3302254,Itatiaia,2019,ok,ok,24104062.88,24104062.88,24104062.88,new_observed,103352482.04,103352482.04,102967537.33155604,new_observed,9237387540.52,221311174.70315832,1,
3302254,Itatiaia,2020,ok,ok,21569551.63,21569551.63,21569551.63,new_observed,120920874.79,120920874.79,123421189.71935423,new_observed,9673165815.34,247233210.42152563,1,
3302254,Itatiaia,2021,ok,partial,,,22036464.39679835,imputed_temporal,157025159.06,157025159.06,154044672.447456,new_observed,11856514124.26,239098421.4155065,1,
3302254,Itatiaia,2022,ok,ok,20889488.03,20889488.03,20889488.03,new_observed,136926205.26,136926205.26,137234494.1375954,new_observed,11221255159.38,200974915.11956805,1,
3302254,Itatiaia,2023,ok,ok,24806370.6,24806370.6,24806370.6,new_observed,148994936.67,148994936.67,144588501.6921265,new_observed,10969274045.47,209101168.59301543,1,
3302254,Itatiaia,2024,ok,ok,25024329.44,25024329.44,25024329.44,new_observed,168241496.61,168241496.61,168049406.32294115,new_observed,12558214518.56,207124032.80944866,1,
3302254,Itatiaia,2025,ok,ok,26707099.39,26707099.39,26707099.39,new_observed,190002629.5,190002629.5,187756863.10868835,new_observed,13895903874.91,214463962.49868834,1,
3302270,Japeri,2019,ok,ok,5847382.29,5847382.29,5847382.29,new_observed,31579450.65,31579450.65,31461830.422760755,new_observed,9237387540.52,64978686.65354381,1,
3302270,Japeri,2020,ok,ok,5869377.3,5869377.3,5869377.3,new_observed,35465918.64,35465918.64,36199257.41225794,new_observed,9673165815.34,71733984.67493446,1,
3302270,Japeri,2021,ok,ok,5609686.24,5609686.24,5609686.24,new_observed,44234848.24,44234848.24,43395228.81992441,new_observed,11856514124.26,66543174.59792821,1,
3302270,Japeri,2022,ok,ok,8667183.89,8667183.89,8667183.89,new_observed,38729550.16,38729550.16,38816749.60824243,new_observed,11221255159.38,60351879.4147101,1,
3302270,Japeri,2023,ok,ok,12041234.22,12041234.22,12041234.22,new_observed,34528416.57,34528416.57,33507259.57027178,new_observed,10969274045.47,56225097.904809624,1,
3302270,Japeri,2024,ok,ok,12029802.23,12029802.23,12029802.23,new_observed,33057330.25,33057330.25,33019586.933487296,new_observed,12558214518.56,48327708.17984418,1,
3302270,Japeri,2025,ok,ok,12022411.79,12022411.79,12022411.79,new_observed,38417426.6,38417426.6,37963345.697404064,new_observed,13895903874.91,49985757.48740406,1,
3302304,Laje do Muriaé,2019,ok,ok,163858.02,163858.02,163858.02,new_observed,17063233.94,17063233.94,16999680.54017355,new_observed,9237387540.52,29892461.214709125,1,
3302304,Laje do Muriaé,2020,ok,ok,196646.42,196646.42,196646.42,new_observed,18114477.52,18114477.52,18489035.665228147,new_observed,9673165815.34,31862180.494103104,1,
3302304,Laje do Muriaé,2021,ok,ok,308501.38,308501.38,308501.38,new_observed,21271991.54,21271991.54,20868228.943059128,new_observed,11856514124.26,28755623.014087476,1,
3302304,Laje do Muriaé,2022,ok,ok,419967.78,419967.78,419967.78,new_observed,20402483.74,20402483.74,20448419.861580376,new_observed,11221255159.38,26523632.768770147,1,
3302304,Laje do Muriaé,2023,ok,ok,632040.72,632040.72,632040.72,new_observed,20736455.61,20736455.61,20123187.499289613,new_observed,10969274045.47,25620270.6513089,1,
3302304,Laje do Muriaé,2024,ok,ok,576781.83,576781.83,576781.83,new_observed,22640326.01,22640326.01,22614476.342646837,new_observed,12558214518.56,24878924.622567344,2,
3302304,Laje do Muriaé,2025,ok,ok,472791.36,472791.36,472791.36,new_observed,24471130.97,24471130.97,24181890.53351535,new_observed,13895903874.91,24654681.89351535,1,
3302403,Macaé,2019,ok,ok,577292274.96,577292274.96,577292274.96,new_observed,269103134.08,269103134.08,268100837.6141087,new_observed,9237387540.52,1472358438.2210426,2,
3302403,Macaé,2020,ok,ok,585956810.0,585956810.0,585956810.0,new_observed,300740734.36,300740734.36,306959235.08860576,new_observed,9673165815.34,1522569637.272435,4,
3302403,Macaé,2021,ok,ok,673186528.25,673186528.25,673186528.25,new_observed,333331277.93,333331277.93,327004333.7806683,new_observed,11856514124.26,1358146934.485509,1,
3302403,Macaé,2022,ok,ok,730086088.7,730086088.7,730086088.7,new_observed,299310399.08,299310399.08,299984295.4083894,new_observed,11221255159.38,1309215118.2604673,1,
3302403,Macaé,2023,ok,ok,879576773.5,879576773.5,879576773.5,new_observed,305981675.57,305981675.57,296932452.90543234,new_observed,10969274045.47,1452283949.1716714,4,
3302403,Macaé,2024,ok,ok,1020010798.5,1020010798.5,1020010798.5,new_observed,353848759.97,353848759.97,353444751.97406775,new_observed,12558214518.56,1473404196.456807,1,
3302403,Macaé,2025,ok,ok,1186094926.42,1186094926.42,1186094926.42,new_observed,376101197.59,376101197.59,371655809.4840439,new_observed,13895903874.91,1557750735.904044,1,
3302452,Macuco,2019,ok,ok,847524.7,847524.7,847524.7,new_observed,19875767.06,19875767.06,19801738.152275745,new_observed,9237387540.52,35963288.500209205,1,
3302452,Macuco,2020,ok,ok,873334.46,873334.46,873334.46,new_observed,19952905.07,19952905.07,20365476.898620564,new_observed,9673165815.34,36215688.45611198,1,
3302452,Macuco,2021,ok,ok,961299.78,961299.78,961299.78,new_observed,24537835.41,24537835.41,24072083.99552528,new_observed,11856514124.26,33992525.55207452,1,
3302452,Macuco,2022,ok,ok,1209371.95,1209371.95,1209371.95,new_observed,22407243.87,22407243.87,22457693.702079784,new_observed,11221255159.38,30080740.728592236,1,
3302452,Macuco,2023,ok,ok,1668647.59,1668647.59,1668647.59,new_observed,23093088.36,23093088.36,22410124.263562243,new_observed,10969274045.47,29722855.625651047,1,
3302452,Macuco,2024,ok,ok,2092567.34,2092567.34,2092567.34,new_observed,24365031.67,24365031.67,24337212.81423615,new_observed,12558214518.56,28353119.237998694,1,
3302452,Macuco,2025,ok,ok,1720689.05,1720689.05,1720689.05,new_observed,27152137.56,27152137.56,26831208.538412333,new_observed,13895903874.91,28551897.588412333,1,
3302502,Magé,2019,ok,ok,17622067.19,17622067.19,17622067.19,new_observed,47279824.96,47279824.96,47103727.41424909,new_observed,9237387540.52,112728112.44694644,1,
3302502,Magé,2020,ok,ok,18228598.14,18228598.14,18228598.14,new_observed,46760682.72,46760682.72,47727566.50507563,new_observed,9673165815.34,112466176.67125542,1,
3302502,Magé,2021,ok,ok,18939615.49,18939615.49,18939615.49,new_observed,58619826.06,58619826.06,57507166.10252956,new_observed,11856514124.26,103806149.41870336,1,
3302502,Magé,2022,ok,ok,26991474.75,26991474.75,26991474.75,new_observed,59834318.21,59834318.21,59969034.970517986,new_observed,11221255159.38,110526441.46864298,1,
3302502,Magé,2023,ok,ok,32874453.52,32874453.52,32874453.52,new_observed,52053593.82,52053593.82,50514140.32138557,new_observed,10969274045.47,102934948.28752564,1,
3302502,Magé,2024,ok,ok,55090515.36,55090515.36,55090515.36,new_observed,57374954.01,57374954.01,57309445.96586201,new_observed,12558214518.56,120579493.55692296,1,
3302502,Magé,2025,ok,absent_dca,,41656069.84,41656069.84,legacy_snapshot,,44578310.88,44051410.42278425,legacy_snapshot,13895903874.91,85707480.26278424,1,
3302601,Mangaratiba,2019,ok,ok,20622233.82,20622233.82,20622233.82,new_observed,104492044.83,104492044.83,104102855.72744676,new_observed,9237387540.52,217224431.23992234,1,
3302601,Mangaratiba,2020,ok,ok,18688829.79,18688829.79,18688829.79,new_observed,94168662.85,94168662.85,96115814.77070914,new_observed,9673165815.34,195760919.5035175,1,
3302601,Mangaratiba,2021,ok,ok,29768803.8,29768803.8,29768803.8,new_observed,108956463.54,108956463.54,106888366.40909998,new_observed,11856514124.26,185565099.46324885,1,
3302601,Mangaratiba,2022,ok,ok,41462416.38,41462416.38,41462416.38,new_observed,121789636.91,121789636.91,122063845.8563039,new_observed,11221255159.38,207841190.3257545,1,
3302601,Mangaratiba,2023,ok,ok,50348576.72,50348576.72,50348576.72,new_observed,87768660.49,87768660.49,85172955.53392608,new_observed,10969274045.47,167287890.00733593,1,
3302601,Mangaratiba,2024,ok,ok,52806175.3,52806175.3,52806175.3,new_observed,44636286.57,44636286.57,44585322.941684514,new_observed,12558214518.56,104478839.638446,1,
3302601,Mangaratiba,2025,ok,ok,104162050.96,104162050.96,104162050.96,new_observed,50576185.75,50576185.75,49978392.45389151,new_observed,13895903874.91,154140443.4138915,1,
3302700,Maricá,2019,ok,ok,52053598.21,52053598.21,52053598.21,new_observed,279911579.89,279911579.89,278869026.4903715,new_observed,9237387540.52,576343374.0219113,1,
3302700,Maricá,2020,ok,ok,54608320.85,54608320.85,54608320.85,new_observed,352546356.74,352546356.74,359836056.8896003,new_observed,9673165815.34,706696255.8859226,4,
3302700,Maricá,2021,ok,ok,62074765.85,62074765.85,62074765.85,new_observed,663464160.05,663464160.05,650870980.3406504,new_observed,11856514124.26,968100306.0530118,1,
3302700,Maricá,2022,ok,ok,85936016.6,85936016.6,85936016.6,new_observed,671130338.08,671130338.08,672641385.7151407,new_observed,11221255159.38,964148682.2683289,1,
3302700,Maricá,2023,ok,ok,115737508.61,115737508.61,115737508.61,new_observed,745651737.16,745651737.16,723599538.8144201,new_observed,10969274045.47,1036078336.2863045,1,
3302700,Maricá,2024,ok,ok,155606961.03,155606961.03,155606961.03,new_observed,958911431.45,958911431.45,957816591.1410232,new_observed,12558214518.56,1194449236.916608,1,
3302700,Maricá,2025,ok,ok,154851618.8,154851618.8,154851618.8,new_observed,1374155585.91,1374155585.91,1357913534.7373881,new_observed,13895903874.91,1512765153.537388,1,
3302809,Mendes,2019,ok,ok,1781954.68,1781954.68,1781954.68,new_observed,19637301.48,19637301.48,19564160.756684627,new_observed,9237387540.52,37176944.92535617,1,
3302809,Mendes,2020,ok,ok,2059898.15,2059898.15,2059898.15,new_observed,20102463.81,20102463.81,20518128.106741447,new_observed,9673165815.34,38499271.50165958,1,
3302809,Mendes,2021,ok,ok,1764633.78,1764633.78,1764633.78,new_observed,25237859.18,25237859.18,24758820.649706148,new_observed,11856514124.26,36015874.26277341,1,
3302809,Mendes,2022,ok,ok,1403579.22,1403579.22,1403579.22,new_observed,23745628.32,23745628.32,23799091.52004027,new_observed,11221255159.38,32032488.325505976,1,
3302809,Mendes,2023,ok,ok,2717337.33,2717337.33,2717337.33,new_observed,23115574.19,23115574.19,22431945.088763878,new_observed,10969274045.47,31044294.74093196,1,
3302809,Mendes,2024,ok,ok,7078287.65,7078287.65,7078287.65,new_observed,25825316.89,25825316.89,25795830.7487403,new_observed,12558214518.56,35266422.700613216,1,
3302809,Mendes,2025,ok,absent_dca,,,7843866.673849686,imputed_temporal,,,27554541.57486171,imputed_temporal,13895903874.91,35398408.24871139,1,
3302858,Mesquita,2019,ok,partial,,,15658662.280177245,imputed_temporal,36375386.26,36375386.26,36239903.18129683,new_observed,9237387540.52,90387879.4991602,1,
3302858,Mesquita,2020,ok,ok,14954855.5,14954855.5,14954855.5,new_observed,30751592.34,30751592.34,31387451.661747776,new_observed,9673165815.34,79021303.50746283,1,
3302858,Mesquita,2021,ok,partial,,,19654644.77661244,imputed_temporal,43470736.65,43470736.65,42645620.79341778,new_observed,11856514124.26,84596768.39056665,1,
3302858,Mesquita,2022,ok,ok,24236209.68,24236209.68,24236209.68,new_observed,44524381.61,44524381.61,44624628.101211175,new_observed,11221255159.38,87521834.69217847,1,
3302858,Mesquita,2023,ok,ok,26684407.53,26684407.53,26684407.53,new_observed,43521481.59,43521481.59,42234360.141089275,new_observed,10969274045.47,85073383.05473089,1,
3302858,Mesquita,2024,ok,ok,31958060.61,31958060.61,31958060.61,new_observed,44396417.38,44396417.38,44345727.6231282,new_observed,12558214518.56,81856541.88039581,1,
3302858,Mesquita,2025,ok,ok,26378442.53,26378442.53,26378442.53,new_observed,44627851.71,44629180.71,44100365.697040595,new_observed,13895903874.91,70478808.22704059,1,
3302908,Miguel Pereira,2019,ok,ok,2539825.61,2539825.61,2539825.61,new_observed,21774219.54,21774219.54,21693119.69191724,new_observed,9237387540.52,42204722.238139935,1,
3302908,Miguel Pereira,2020,ok,ok,2328416.03,2328416.03,2328416.03,new_observed,22997488.03,22997488.03,23473013.556580212,new_observed,9673165815.34,43995707.66236084,1,
3302908,Miguel Pereira,2021,ok,ok,2529198.63,2529198.63,2529198.63,new_observed,33693339.34,33693339.34,33053807.767888043,new_observed,11856514124.26,48317729.0391882,2,
3302908,Miguel Pereira,2022,ok,ok,4702724.72,4702724.72,4702724.72,new_observed,30331367.8,30331367.8,30399658.76970328,new_observed,11221255159.38,44614981.520389356,1,
3302908,Miguel Pereira,2023,ok,ok,7794328.01,7794328.01,7794328.01,new_observed,31760051.7,31760051.7,30820767.41398487,new_observed,10969274045.47,47666505.3034273,1,
3302908,Miguel Pereira,2024,ok,ok,6976660.28,6976660.28,6976660.28,new_observed,33355750.87,33355750.87,33317666.830754116,new_observed,12558214518.56,43226612.34860936,1,
3302908,Miguel Pereira,2025,ok,ok,6220495.25,6220495.25,6220495.25,new_observed,35302632.05,35302632.05,34885366.95850435,new_observed,13895903874.91,41105862.20850435,3,
3303005,Miracema,2019,ok,ok,1675197.22,1675197.22,1675197.22,new_observed,22129753.88,22129753.88,22047329.81540931,new_observed,9237387540.52,41315764.62713357,1,
3303005,Miracema,2020,ok,ok,2066068.44,2066068.44,2066068.44,new_observed,22503831.78,22503831.78,22969149.83748947,new_observed,9673165815.34,42689190.5699946,1,
3303005,Miracema,2021,ok,ok,2980956.57,2980956.57,2980956.57,new_observed,27312612.23,27312612.23,26794192.916862957,new_observed,11856514124.26,40431311.19727301,1,
3303005,Miracema,2022,ok,ok,5661113.69,5661113.69,5661113.69,new_observed,24257895.01,24257895.01,24312511.576721177,new_observed,11221255159.38,38096351.42770599,1,
3303005,Miracema,2023,ok,ok,4838294.96,4838294.96,4838294.96,new_observed,24540548.06,24540548.06,23814776.21993221,new_observed,10969274045.47,35369374.447004184,1,
3303005,Miracema,2024,ok,ok,3833362.85,3833362.85,3833362.85,new_observed,27066557.89,27066557.89,27035654.55770953,new_observed,12558214518.56,33115407.17376584,1,
3303005,Miracema,2025,ok,absent_dca,,,4247974.73551226,imputed_temporal,,,28878894.220159408,imputed_temporal,13895903874.91,33126868.955671668,1,
3303104,Natividade,2019,ok,ok,854852.82,854852.82,854852.82,new_observed,20149167.77,20149167.77,20074120.55913951,new_observed,9237387540.52,36450439.56444385,1,
3303104,Natividade,2020,ok,ok,882492.41,882492.41,882492.41,new_observed,20698822.96,20698822.96,21126818.34257416,new_observed,9673165815.34,37529517.44286084,1,
3303104,Natividade,2021,ok,ok,1306236.14,1306236.14,1306236.14,new_observed,25462257.88,25462257.88,24978960.04931616,new_observed,11856514124.26,35692346.31317328,1,
3303104,Natividade,2022,ok,ok,1503691.86,1503691.86,1503691.86,new_observed,23634925.38,23634925.38,23688139.332753714,new_observed,11221255159.38,32018711.30657446,1,
3303104,Natividade,2023,ok,ok,1464571.81,1464571.81,1464571.81,new_observed,23417316.66,23417316.66,22724763.70803556,new_observed,10969274045.47,29859335.50330299,1,
3303104,Natividade,2024,ok,ok,1532275.23,1532275.23,1532275.23,new_observed,26425149.73,26425149.73,26394978.727604702,new_observed,12558214518.56,29959566.70199256,1,
3303104,Natividade,2025,ok,ok,2300853.05,2300853.05,2300853.05,new_observed,27928058.9,27928058.9,27597958.752348136,new_observed,13895903874.91,29898811.802348137,1,
3303203,Nilópolis,2019,ok,ok,18176.41,18176.41,18176.41,new_observed,35155758.84,35155758.84,35024818.36261938,new_observed,9237387540.52,61031783.06823388,2,
3303203,Nilópolis,2020,ok,ok,18959526.69,18959526.69,18959526.69,new_observed,34952945.04,34952945.04,35675676.912889466,new_observed,9673165815.34,93162064.43989071,5,
3303203,Nilópolis,2021,ok,ok,19460421.24,19460421.24,19460421.24,new_observed,43118235.8,43118235.8,42299810.74424629,new_observed,11856514124.26,83863463.39159618,1,
3303203,Nilópolis,2022,ok,ok,24149482.72,24149482.72,24149482.72,new_observed,37828710.61,37828710.61,37913881.821111076,new_observed,11221255159.38,78882274.84344724,1,
3303203,Nilópolis,2023,ok,ok,24836429.54,24836429.54,24836429.54,new_observed,34693949.29,34693949.29,33667896.76037195,new_observed,10969274045.47,72217788.12795544,6,
3303203,Nilópolis,2024,ok,ok,27629960.25,27629960.25,27629960.25,new_observed,37628974.68,37628974.68,37586011.67328849,new_observed,12558214518.56,69961846.72639453,1,
3303203,Nilópolis,2025,ok,ok,27291647.75,27291647.75,27291647.75,new_observed,34672728.84,34672728.84,34262908.989986114,new_observed,13895903874.91,61554556.739986114,1,
3303302,Niterói,2019,ok,ok,305094347.65,305094347.65,305094347.65,new_observed,475835390.01,475835390.01,474063102.4765102,new_observed,9237387540.52,1357000701.015284,1,
3303302,Niterói,2020,ok,ok,276753625.0,276753625.0,276753625.0,new_observed,552134041.57,552134041.57,563550672.4001992,new_observed,9673165815.34,1432857900.055016,1,
3303302,Niterói,2021,ok,ok,363312030.71,363312030.71,363312030.71,new_observed,578715894.28,578715894.28,567731317.1224701,new_observed,11856514124.26,1264252370.9569967,1,
3303302,Niterói,2022,ok,ok,463834102.98,463834102.98,463834102.98,new_observed,623431821.46,623431821.46,624835476.049932,new_observed,11221255159.38,1383694448.1128466,1,
3303302,Niterói,2023,ok,ok,548866599.16,548866599.16,548866599.16,new_observed,618322258.48,618322258.48,600035752.3190655,new_observed,10969274045.47,1418206000.2338226,1,
3303302,Niterói,2024,ok,ok,634849823.05,634849823.05,634849823.05,new_observed,644538541.74,644538541.74,643802637.7210864,new_observed,12558214518.56,1371702128.15381,1,
3303302,Niterói,2025,ok,ok,776567575.92,776567575.92,776567575.92,new_observed,732378549.53,732378549.53,723722084.4243313,new_observed,13895903874.91,1500289660.3443313,1,
3303401,Nova Friburgo,2019,ok,ok,38087780.54,38087780.54,38087780.54,new_observed,84329843.69,84329843.69,84015750.34215172,new_observed,9237387540.52,212658657.08736762,1,
3303401,Nova Friburgo,2020,ok,ok,32584507.26,32584507.26,32584507.26,new_observed,77208280.91,77208280.91,78804738.24430479,new_observed,9673165815.34,189937098.8531291,1,
3303401,Nova Friburgo,2021,ok,ok,41256883.67,41256883.67,41256883.67,new_observed,100036186.03,100036186.03,98137404.23594081,new_observed,11856514124.26,189281798.09589088,1,
3303401,Nova Friburgo,2022,ok,ok,55272423.56,55272423.56,55272423.56,new_observed,94633790.32,94633790.32,94846857.97162266,new_observed,11221255159.38,190800974.3370303,1,
3303401,Nova Friburgo,2023,ok,ok,59618612.25,59618612.25,59618612.25,new_observed,92819362.94,92819362.94,90074286.51912387,new_observed,10969274045.47,184781036.3983174,1,
3303401,Nova Friburgo,2024,ok,ok,64012960.91,64012960.91,64012960.91,new_observed,97625201.51,97625201.51,97513737.61220965,new_observed,12558214518.56,173281265.1711154,1,
3303401,Nova Friburgo,2025,ok,ok,68475224.93,68475224.93,68475224.93,new_observed,103207084.47,103207084.47,101987211.87003691,new_observed,13895903874.91,170462436.8000369,1,
3303500,Nova Iguaçu,2019,ok,ok,117234610.85,117234610.85,117234610.85,new_observed,188867263.09,188867263.09,188163811.63832948,new_observed,9237387540.52,531889765.4618274,1,
3303500,Nova Iguaçu,2020,ok,ok,120649587.4,120649587.4,120649587.4,new_observed,186966928.47,186966928.47,190832896.22255635,new_observed,9673165815.34,531129185.90106833,1,
3303500,Nova Iguaçu,2021,ok,ok,130319905.67,130319905.67,130319905.67,new_observed,225386528.81,225386528.81,221108478.49126554,new_observed,11856514124.26,477200303.2209103,1,
3303500,Nova Iguaçu,2022,ok,ok,155475260.88,155475260.88,155475260.88,new_observed,191930085.04,191930085.04,192362214.9626939,new_observed,11221255159.38,442099966.2707476,3,
3303500,Nova Iguaçu,2023,ok,ok,184763271.2,184763271.2,184763271.2,new_observed,176609248.36,176609248.36,171386136.84505585,new_observed,10969274045.47,439631119.92849445,1,
3303500,Nova Iguaçu,2024,ok,ok,198386659.3,198386659.3,198386659.3,new_observed,182468058.98,182468058.98,182259725.46814477,new_observed,12558214518.56,408346655.6234113,1,
3303500,Nova Iguaçu,2025,ok,ok,229215904.02,229215904.02,229215904.02,new_observed,170250503.26,170250503.26,168238200.27592364,new_observed,13895903874.91,397454104.29592365,2,
3303609,Paracambi,2019,ok,ok,14752221.05,14752221.05,14752221.05,new_observed,19295371.95,19295371.95,19223504.770973414,new_observed,9237387540.52,59172999.94895514,1,
3303609,Paracambi,2020,ok,ok,12074135.23,12074135.23,12074135.23,new_observed,26963542.54,26963542.54,27521075.290884588,new_observed,9673165815.34,67516387.0692083,1,
3303609,Paracambi,2021,ok,ok,8904451.93,8904451.93,8904451.93,new_observed,33427374.23,33427374.23,32792890.92820666,new_observed,11856514124.26,56620311.711394295,1,
3303609,Paracambi,2022,ok,partial,,,9922605.245249545,imputed_temporal,30109478.31,30109478.31,30177269.69628393,new_observed,11221255159.38,50966772.09999802,5,
3303609,Paracambi,2023,ok,partial,,,11706083.18738933,imputed_temporal,21294649.22,21294649.22,20664872.871476285,new_observed,10969274045.47,39958734.57555992,1,
3303609,Paracambi,2024,ok,ok,13006000.0,13006000.0,13006000.0,new_observed,26000000.0,26000000.0,25970314.413719777,new_observed,12558214518.56,41812685.674299836,1,
3303609,Paracambi,2025,ok,ok,20005987.0,20005987.0,20005987.0,new_observed,26000000.0,26000000.0,25692688.852108214,new_observed,13895903874.91,45698675.85210821,1,
3303708,Paraíba do Sul,2019,ok,ok,3619737.29,3619737.29,3619737.29,new_observed,32251515.59,32251515.59,32131392.202340443,new_observed,9237387540.52,62265088.75108235,1,
3303708,Paraíba do Sul,2020,ok,ok,3605679.39,3605679.39,3605679.39,new_observed,28144913.35,28144913.35,28726873.637308523,new_observed,9673165815.34,55132354.05014574,1,
3303708,Paraíba do Sul,2021,ok,ok,4545455.45,4545455.45,4545455.45,new_observed,40000126.3,40000126.3,39240885.92316545,new_observed,11856514124.26,59456937.23652239,1,
3303708,Paraíba do Sul,2022,ok,ok,5945403.06,5945403.06,5945403.06,new_observed,38506757.59,38506757.59,38593455.42154159,new_observed,11221255159.38,56608701.47681278,1,
3303708,Paraíba do Sul,2023,ok,ok,6163837.52,6163837.52,6163837.52,new_observed,39534496.64,39534496.64,38365287.85532192,new_observed,10969274045.47,54966788.70153434,1,
3303708,Paraíba do Sul,2024,ok,ok,6735467.11,6735467.11,6735467.11,new_observed,40732356.17,40732356.17,40685849.86717379,new_observed,12558214518.56,50872245.12767042,1,
3303708,Paraíba do Sul,2025,ok,ok,6895505.48,6895505.48,6895505.48,new_observed,40628268.31,40628268.31,40148056.01110764,new_observed,13895903874.91,47043561.49110764,1,
3303807,Paraty,2019,ok,ok,13103069.42,13103069.42,13103069.42,new_observed,47608092.49,47608092.49,47430772.28518824,new_observed,9237387540.52,105427299.21372254,2,
3303807,Paraty,2020,ok,ok,11940170.09,11940170.09,11940170.09,new_observed,56116664.39,56116664.39,57277004.43884226,new_observed,9673165815.34,118026738.2304059,1,
3303807,Paraty,2021,ok,ok,16094142.35,16094142.35,16094142.35,new_observed,80268998.53,80268998.53,78745416.72340833,new_observed,11856514124.26,128781476.92930765,1,
3303807,Paraty,2022,ok,ok,22826096.22,22826096.22,22826096.22,new_observed,67712971.9,67712971.9,67865427.42205338,new_observed,11221255159.38,115268544.44323,1,
3303807,Paraty,2023,ok,ok,28165782.62,28165782.62,28165782.62,new_observed,61309662.01,61309662.01,59496465.9028006,new_observed,10969274045.47,108210351.11380368,1,
3303807,Paraty,2024,ok,ok,31262843.9,31262843.9,31262843.9,new_observed,61964757.92,61964757.92,61894009.45201664,new_observed,12558214518.56,99936032.59326173,1,
3303807,Paraty,2025,ok,ok,30614271.29,30614271.29,30614271.29,new_observed,90887703.72,90887703.72,89813442.00617531,new_observed,13895903874.91,120427713.2961753,1,
3303856,Paty do Alferes,2019,ok,ok,1343501.67,1343501.67,1343501.67,new_observed,23670341.26,23670341.26,23582179.152663544,new_observed,9237387540.52,43411208.279078506,1,
3303856,Paty do Alferes,2020,ok,ok,1659995.73,1659995.73,1659995.73,new_observed,24562688.2,24562688.2,25070577.810608506,new_observed,9673165815.34,45580051.880207606,1,
3303856,Paty do Alferes,2021,ok,ok,1769273.44,1769273.44,1769273.44,new_observed,34078220.81,34078220.81,33431383.822146907,new_observed,11856514124.26,47798541.82570405,1,
3303856,Paty do Alferes,2022,ok,ok,2951077.72,2951077.72,2951077.72,new_observed,27597153.69,27597153.69,27659288.586090658,new_observed,11221255159.38,38905646.605997115,1,
3303856,Paty do Alferes,2023,ok,ok,4099164.78,4099164.78,4099164.78,new_observed,27102419.35,27102419.35,26300881.718735773,new_observed,10969274045.47,37525842.20616409,1,
3303856,Paty do Alferes,2024,ok,ok,5810530.43,5810530.43,5810530.43,new_observed,30589232.73,30589232.73,30554307.372021068,new_observed,12558214518.56,39011167.5637956,1,
3303856,Paty do Alferes,2025,ok,ok,4189856.51,4189856.51,4189856.51,new_observed,31868245.91,31868245.91,31491574.09338847,new_observed,13895903874.91,35681430.60338847,1,
3303906,Petrópolis,2019,ok,ok,95114192.73,95114192.73,95114192.73,new_observed,268005407.03,268005407.03,267007199.1376086,new_observed,9237387540.52,630679951.192391,1,
3303906,Petrópolis,2020,ok,ok,91184108.55,91184108.55,91184108.55,new_observed,271309470.54,271309470.54,276919412.75092465,new_observed,9673165815.34,627677426.1013969,1,
3303906,Petrópolis,2021,ok,ok,99020461.77,99020461.77,99020461.77,new_observed,289694946.74,289694946.74,284196261.58884984,new_observed,11856514124.26,520365300.09553766,1,
3303906,Petrópolis,2022,ok,ok,122247597.21,122247597.21,122247597.21,new_observed,305193718.27,305193718.27,305880860.8711987,new_observed,11221255159.38,544149466.4101206,1,
3303906,Petrópolis,2023,ok,ok,143420791.67,143420791.67,143420791.67,new_observed,496435114.3,496435114.3,481753346.57831484,new_observed,10969274045.47,771715466.4305037,1,
3303906,Petrópolis,2024,ok,ok,181576549.65,181576549.65,181576549.65,new_observed,341738658.15,341738658.15,341348476.9030077,new_observed,12558214518.56,560979150.937609,1,
3303906,Petrópolis,2025,ok,ok,182567699.06,182567699.06,182567699.06,new_observed,151549868.22,151549868.22,149758600.37517166,new_observed,13895903874.91,332326299.43517166,1,
3303955,Pinheiral,2019,ok,ok,2453773.82,2453773.82,2453773.82,new_observed,19425716.86,19425716.86,19353364.20077607,new_observed,9237387540.52,37979873.74249626,1,
3303955,Pinheiral,2020,ok,ok,2636755.99,2636755.99,2636755.99,new_observed,19506091.99,19506091.99,19909424.93892758,new_observed,9673165815.34,38444969.947235644,1,
3303955,Pinheiral,2021,ok,ok,2815827.79,2815827.79,2815827.79,new_observed,24455313.42,24455313.42,23991128.351249162,new_observed,11856514124.26,36400837.76831055,1,
3303955,Pinheiral,2022,ok,ok,4096578.42,4096578.42,4096578.42,new_observed,22958096.22,22958096.22,23009786.29424073,new_observed,11221255159.38,34452075.34598121,1,
3303955,Pinheiral,2023,ok,ok,6129403.96,6129403.96,6129403.96,new_observed,22889872.12,22889872.12,22212918.020734105,new_observed,10969274045.47,34985785.381925456,1,
3303955,Pinheiral,2024,ok,ok,7781553.06,7781553.06,7781553.06,new_observed,26086273.0,26086273.0,26056488.91123573,new_observed,12558214518.56,36300492.595549524,1,
3303955,Pinheiral,2025,ok,ok,6150902.28,6150902.28,6150902.28,new_observed,29145115.12,29145115.12,28800629.782193635,new_observed,13895903874.91,34951532.06219363,1,
3304003,Piraí,2019,ok,ok,23311232.91,23311232.91,23311232.91,new_observed,74280146.02,74280146.02,74003483.58685419,new_observed,9237387540.52,169485818.92388126,1,
3304003,Piraí,2020,ok,ok,15378124.96,15378124.96,15378124.96,new_observed,79512073.03,79512073.03,81156166.52176535,new_observed,9673165815.34,164606943.70337793,1,
3304003,Piraí,2021,ok,ok,16274659.14,16274659.14,16274659.14,new_observed,101995004.65,101995004.65,100059042.61865744,new_observed,11856514124.26,157968110.30655813,1,
3304003,Piraí,2022,ok,ok,22085484.62,22085484.62,22085484.62,new_observed,100493999.25,100493999.25,100720261.14176153,new_observed,11221255159.38,156085585.45221847,1,
3304003,Piraí,2023,ok,ok,19926510.72,19926510.72,19926510.72,new_observed,91783449.54,91783449.54,89069009.63028207,new_observed,10969274045.47,134544159.2667803,1,
3304003,Piraí,2024,ok,ok,31407241.76,31407241.76,31407241.76,new_observed,95509415.95,95509415.95,95400367.75739394,new_observed,12558214518.56,136035610.28319722,1,
3304003,Piraí,2025,ok,ok,38918467.58,38918467.58,38918467.58,new_observed,106820432.69,106820432.69,105557851.54429765,new_observed,13895903874.91,144476319.12429765,1,
3304102,Porciúncula,2019,ok,ok,1243363.05,1243363.05,1243363.05,new_observed,19204283.56,19204283.56,19132755.647075582,new_observed,9237387540.52,35487573.598138176,1,
3304102,Porciúncula,2020,ok,partial,,,1060943.6080635523,imputed_temporal,18793789.81,18793789.81,19182394.286461942,new_observed,9673165815.34,34518241.445860125,5,
3304102,Porciúncula,2021,ok,ok,1097180.55,1097180.55,1097180.55,new_observed,23867558.36,23867558.36,23414529.440354638,new_observed,11856514124.26,33284151.10172963,1,
3304102,Porciúncula,2022,ok,ok,2100853.88,2100853.88,2100853.88,new_observed,22428932.61,22428932.61,22479431.274202883,new_observed,11221255159.38,31241438.868171066,1,
3304102,Porciúncula,2023,ok,ok,3679333.25,3679333.25,3679333.25,new_observed,21953754.73,21953754.73,21304485.735361706,new_observed,10969274045.47,30840046.54371298,1,
3304102,Porciúncula,2024,ok,ok,3354157.89,3354157.89,3354157.89,new_observed,24350408.36,24350408.36,24322606.200448867,new_observed,12558214518.56,29690848.270362265,1,
3304102,Porciúncula,2025,ok,ok,3544086.01,3544086.01,3544086.01,new_observed,26095174.55,26095174.55,25786738.471330885,new_observed,13895903874.91,29330824.481330886,1,
3304110,Porto Real,2019,ok,ok,11274984.39,11274984.39,11274984.39,new_observed,84719207.15,84719207.15,84403663.58634047,new_observed,9237387540.52,166636399.8123966,1,
3304110,Porto Real,2020,ok,ok,11255898.17,11255898.17,11255898.17,new_observed,90094285.29,90094285.29,91957190.16024093,new_observed,9673165815.34,175995397.69178247,1,
3304110,Porto Real,2021,ok,ok,13775147.58,13775147.58,13775147.58,new_observed,101464758.17,101464758.17,99538860.72031078,new_observed,11856514124.26,153867705.5046057,1,
3304110,Porto Real,2022,ok,ok,16521910.48,16521910.48,16521910.48,new_observed,76761632.24,76761632.24,76934460.78951487,new_observed,11221255159.38,118782654.12874669,1,
3304110,Porto Real,2023,ok,ok,18526804.14,18526804.14,18526804.14,new_observed,82627109.86,82627109.86,80183463.14860804,new_observed,10969274045.47,121848034.4941127,1,
3304110,Porto Real,2024,ok,ok,16688037.88,16688037.88,16688037.88,new_observed,115880077.83,115880077.83,115747771.36659302,new_observed,12558214518.56,142073383.47260743,1,
3304110,Porto Real,2025,ok,ok,16114808.82,16114808.82,16114808.82,new_observed,111729550.65,111729550.65,110408945.40139674,new_observed,13895903874.91,126523754.22139674,1,
3304128,Quatis,2019,ok,ok,899967.57,899967.57,899967.57,new_observed,20268963.25,20268963.25,20193469.851150487,new_observed,9237387540.52,36736874.379723445,1,
3304128,Quatis,2020,ok,ok,1047097.74,1047097.74,1047097.74,new_observed,19776040.65,19776040.65,20184955.40327633,new_observed,9673165815.34,36204164.5804443,1,
3304128,Quatis,2021,ok,ok,1695401.59,1695401.59,1695401.59,new_observed,24656793.62,24656793.62,24188784.265750024,new_observed,11856514124.26,35147819.2874773,1,
3304128,Quatis,2022,ok,ok,1915966.69,1915966.69,1915966.69,new_observed,23613979.65,23613979.65,23667146.44351506,new_observed,11221255159.38,32516029.004714537,1,
3304128,Quatis,2023,ok,ok,4551732.83,4551732.83,4551732.83,new_observed,23208377.28,23208377.28,22522003.583605338,new_observed,10969274045.47,33419842.3226255,1,
3304128,Quatis,2024,ok,ok,4036779.09,4036779.09,4036779.09,new_observed,26407843.34,26407843.34,26377692.097232915,new_observed,12558214518.56,32627782.86841234,1,
3304128,Quatis,2025,ok,ok,3003546.38,3003546.38,3003546.38,new_observed,29422444.2,29422444.2,29074680.926889077,new_observed,13895903874.91,32078227.306889076,1,
3304144,Queimados,2019,ok,ok,16385560.9,16385560.9,16385560.9,new_observed,55661311.62,55661311.62,55453996.546861485,new_observed,9237387540.52,125117625.1991047,1,
3304144,Queimados,2020,ok,partial,,,17084330.31117147,imputed_temporal,46875003.7,46875003.7,47844251.33212462,new_observed,9673165815.34,110713977.5850227,1,
3304144,Queimados,2021,ok,ok,21745630.97,21745630.97,21745630.97,new_observed,56173396.21,56173396.21,55107171.813939616,new_observed,11856514124.26,104357480.62695909,1,
3304144,Queimados,2022,ok,ok,24151589.24,24151589.24,24151589.24,new_observed,49165660.78,49165660.78,49276357.09521097,new_observed,11221255159.38,93326610.42195429,1,
3304144,Queimados,2023,ok,ok,29278783.1,29278783.1,29278783.1,new_observed,47170020.52,47170020.52,45774995.74283797,new_observed,10969274045.47,92646445.851647,1,
3304144,Queimados,2024,ok,ok,31498000.05,31498000.05,31498000.05,new_observed,54949560.17,54949560.17,54886821.32732743,new_observed,12558214518.56,92671188.5823997,1,
3304144,Queimados,2025,ok,ok,38092871.78,38092871.78,38092871.78,new_observed,63908221.3,63908221.3,63152847.88279133,new_observed,13895903874.91,101245719.66279134,1,
3304151,Quissamã,2019,ok,ok,2503066.65,2503066.65,2503066.65,new_observed,91639800.05,91639800.05,91298480.1763422,new_observed,9237387540.52,163367192.0598292,1,
3304151,Quissamã,2020,ok,ok,2869225.54,2869225.54,2869225.54,new_observed,90640197.54,90640197.54,92514390.39133736,new_observed,9673165815.34,162644851.44949806,1,
3304151,Quissamã,2021,ok,ok,4124561.63,4124561.63,4124561.63,new_observed,106741174.84,106741174.84,104715125.99201715,new_observed,11856514124.26,147792080.19765976,1,
3304151,Quissamã,2022,ok,ok,2827228.54,2827228.54,2827228.54,new_observed,21517392.84,21517392.84,21565839.175563212,new_observed,11221255159.38,31003486.29245342,1,
3304151,Quissamã,2023,ok,ok,6956605.11,6956605.11,6956605.11,new_observed,105710938.38,105710938.38,102584601.42632787,new_observed,10969274045.47,135217754.74014542,1,
3304151,Quissamã,2024,ok,ok,8419508.03,8419508.03,8419508.03,new_observed,118553149.97,118553149.97,118417791.51760666,new_observed,12558214518.56,136067460.90631586,1,
3304151,Quissamã,2025,ok,ok,8763644.52,8763644.52,8763644.52,new_observed,123843023.74,123843023.74,122379241.36369504,new_observed,13895903874.91,131142885.88369504,1,
3304201,Resende,2019,ok,ok,62607790.43,62607790.43,62607790.43,new_observed,167330501.04,167330501.04,166707265.00671637,new_observed,9237387540.52,399381012.05405545,1,
3304201,Resende,2020,ok,ok,65853954.05,65853954.05,65853954.05,new_observed,198478899.67,198478899.67,202582903.68806997,new_observed,9673165815.34,457729269.5823917,1,
3304201,Resende,2021,ok,ok,74803354.28,74803354.28,74803354.28,new_observed,253503019.59,253503019.59,248691291.57997602,new_observed,11856514124.26,439269421.7433574,1,
3304201,Resende,2022,ok,partial,,,82841021.36454234,imputed_temporal,215233269.59,215233269.59,215717866.55211616,new_observed,11221255159.38,379467088.6396356,1,
3304201,Resende,2023,ok,ok,93508905.61,93508905.61,93508905.61,new_observed,212419342.4,212419342.4,206137169.0507045,new_observed,10969274045.47,369883359.08899605,1,
3304201,Resende,2024,ok,ok,108711600.34,108711600.34,108711600.34,new_observed,282083455.77,282083455.77,281761386.04828906,new_observed,12558214518.56,418888355.39595395,1,
3304201,Resende,2025,ok,ok,108651552.75,108651552.75,108651552.75,new_observed,308910120.93,308910120.93,305258908.4739081,new_observed,13895903874.91,413910461.2239081,1,
3304300,Rio Bonito,2019,ok,partial,,,18745671.824386884,imputed_temporal,29322944.74,29322944.74,29213729.05218237,new_observed,9237387540.52,83527328.91049229,1,
3304300,Rio Bonito,2020,ok,ok,17903113.84,17903113.84,17903113.84,new_observed,29104981.59,29104981.59,29706793.47826526,new_observed,9673165815.34,81182771.56611305,1,
3304300,Rio Bonito,2021,ok,ok,21074746.32,21074746.32,21074746.32,new_observed,36422258.66,36422258.66,35730929.60811689,new_observed,11856514124.26,77135732.3406376,1,
3304300,Rio Bonito,2022,ok,ok,24928684.47,24928684.47,24928684.47,new_observed,34916447.87,34916447.87,34995062.131623775,new_observed,11221255159.38,76162829.45709844,1,
3304300,Rio Bonito,2023,ok,ok,33742447.75,33742447.75,33742447.75,new_observed,36741413.3,36741413.3,35654808.262808666,new_observed,10969274045.47,85664029.45422235,1,
3304300,Rio Bonito,2024,ok,ok,40001828.45,40001828.45,40001828.45,new_observed,38875838.62,38875838.62,38831452.0022473,new_observed,12558214518.56,84570109.45764178,1,
3304300,Rio Bonito,2025,ok,ok,36073899.39,36073899.39,36073899.39,new_observed,37835530.75,37835530.75,37388327.65823548,new_observed,13895903874.91,73462227.04823548,1,
3304409,Rio Claro,2019,ok,ok,940039.53,940039.53,940039.53,new_observed,33373874.34,33373874.34,33249570.636074588,new_observed,9237387540.52,59545506.43810104,1,
3304409,Rio Claro,2020,ok,ok,1046684.51,1046684.51,1046684.51,new_observed,37015536.65,37015536.65,37780917.30958242,new_observed,9673165815.34,66207487.19184879,1,
3304409,Rio Claro,2021,ok,ok,915049.22,915049.22,915049.22,new_observed,46219310.4,46219310.4,45342024.003903575,new_observed,11856514124.26,62811913.78790064,1,
3304409,Rio Claro,2022,ok,ok,4504694.65,4504694.65,4504694.65,new_observed,43369976.06,43369976.06,43467623.41110776,new_observed,11221255159.38,60972614.13642698,1,
3304409,Rio Claro,2023,ok,ok,2686690.05,2686690.05,2686690.05,new_observed,45097958.7,45097958.7,43764213.8957285,new_observed,10969274045.47,57339033.73712215,1,
3304409,Rio Claro,2024,ok,ok,3190639.14,3190639.14,3190639.14,new_observed,48116992.78,48116992.78,48062055.04381863,new_observed,12558214518.56,54982438.02945815,1,
3304409,Rio Claro,2025,ok,ok,5421506.44,5421506.44,5421506.44,new_observed,52138533.43,52138533.43,51522273.716239706,new_observed,13895903874.91,56943780.1562397,2,
3304508,Rio das Flores,2019,ok,ok,1352184.86,1352184.86,1352184.86,new_observed,19494614.17,19494614.17,19422004.897152603,new_observed,9237387540.52,36180864.418229416,1,
3304508,Rio das Flores,2020,ok,ok,1239105.06,1239105.06,1239105.06,new_observed,19857436.05,19857436.05,20268033.83884942,new_observed,9673165815.34,36673231.32124878,1,
3304508,Rio das Flores,2021,ok,ok,1572297.85,1572297.85,1572297.85,new_observed,27862867.75,27862867.75,27334004.064632062,new_observed,11856514124.26,39251513.709056824,1,
3304508,Rio das Flores,2022,ok,ok,1945104.93,1945104.93,1945104.93,new_observed,26313501.5,26313501.5,26372746.257624272,new_observed,11221255159.38,35991869.549359545,1,
3304508,Rio das Flores,2023,ok,ok,2353601.14,2353601.14,2353601.14,new_observed,28044238.85,28044238.85,27214847.47765976,new_observed,10969274045.47,36499317.10313385,1,
3304508,Rio das Flores,2024,ok,ok,2270137.7,2270137.7,2270137.7,new_observed,29236639.51,29236639.51,29203258.479818545,new_observed,12558214518.56,33763767.59487118,4,
3304508,Rio das Flores,2025,ok,ok,2220985.6,2220985.6,2220985.6,new_observed,32705154.44,32705154.44,32318590.64950252,new_observed,13895903874.91,34539576.24950252,1,
3304524,Rio das Ostras,2019,ok,ok,58251442.15,58251442.15,58251442.15,new_observed,72483070.98,72483070.98,72213101.89870866,new_observed,9237387540.52,227220413.15653384,1,
3304524,Rio das Ostras,2020,ok,ok,72449239.48,72449239.48,72449239.48,new_observed,71537282.53,71537282.53,73016479.03619318,new_observed,9673165815.34,248043125.10119173,1,
3304524,Rio das Ostras,2021,ok,ok,113719167.59,113719167.59,113719167.59,new_observed,85971171.65,85971171.65,84339357.18344285,new_observed,11856514124.26,268941247.5971268,1,
3304524,Rio das Ostras,2022,ok,ok,121423582.14,121423582.14,121423582.14,new_observed,70785578.77,70785578.77,70944952.25579482,new_observed,11221255159.38,244499596.7208413,1,
3304524,Rio das Ostras,2023,ok,ok,149155982.26,149155982.26,149155982.26,new_observed,58249574.95,58249574.95,56526879.06353217,new_observed,10969274045.47,253895091.866395,1,
3304524,Rio das Ostras,2024,ok,ok,156451652.63,156451652.63,156451652.63,new_observed,65183970.11,65183970.11,65109546.095815845,new_observed,12558214518.56,237684575.8582715,1,
3304524,Rio das Ostras,2025,ok,ok,204539357.98,204539357.98,204539357.98,new_observed,64714423.25,64714423.25,63949520.80022646,new_observed,13895903874.91,268488878.78022647,1,
3304557,Rio de Janeiro,2019,ok,ok,6252382547.99,6252382547.99,6252382547.99,new_observed,2393320764.79,2393320764.79,2384406647.3365035,new_observed,9237387540.52,15042054710.092709,1,
3304557,Rio de Janeiro,2020,ok,ok,5890601114.04,5890601114.04,5890601114.04,new_observed,2472550129.27,2472550129.27,2523675743.540711,new_observed,9673165815.34,14347734631.294722,1,
3304557,Rio de Janeiro,2021,ok,ok,6719120155.95,6719120155.95,6719120155.95,new_observed,2975172240.1,2975172240.1,2918700646.0910277,new_observed,11856514124.26,13087078950.948597,1,
3304557,Rio de Janeiro,2022,ok,ok,7275939777.35,7275939777.35,7275939777.35,new_observed,2405703015.49,2405703015.49,2411119447.509459,new_observed,11221255159.38,12312211460.819958,1,
3304557,Rio de Janeiro,2023,ok,ok,8119082350.95,8119082350.95,8119082350.95,new_observed,2138244500.21,2138244500.21,2075007214.6515033,new_observed,10969274045.47,12583592478.721188,1,
3304557,Rio de Janeiro,2024,ok,ok,8708893856.86,8708893856.86,8708893856.86,new_observed,2344912097.75,2344912097.75,2342234786.5808735,new_observed,12558214518.56,11855337665.066462,1,
3304557,Rio de Janeiro,2025,ok,ok,9533786982.39,9533786982.39,9533786982.39,new_observed,2960481364.39,2960481364.39,2925489482.605272,new_observed,13895903874.91,12459276464.995272,1,
3304607,Santa Maria Madalena,2019,ok,ok,602867.56,602867.56,602867.56,new_observed,30326438.5,30326438.5,30213485.21822,new_observed,9237387540.52,53670554.41231931,1,
3304607,Santa Maria Madalena,2020,ok,ok,684676.58,684676.58,684676.58,new_observed,31442438.23,31442438.23,32092582.366471864,new_observed,9673165815.34,55890651.24253883,1,
3304607,Santa Maria Madalena,2021,ok,ok,1082732.77,1082732.77,1082732.77,new_observed,40562450.44,40562450.44,39792536.61706794,new_observed,11856514124.26,55504028.202782646,1,
3304607,Santa Maria Madalena,2022,ok,ok,2071815.05,2071815.05,2071815.05,new_observed,36390467.83,36390467.83,36472400.842465945,new_observed,11221255159.38,48989536.00300951,1,
3304607,Santa Maria Madalena,2023,ok,ok,1899714.08,1899714.08,1899714.08,new_observed,37254912.02,37254912.02,36153120.569287024,new_observed,10969274045.47,46972450.14430429,1,
3304607,Santa Maria Madalena,2024,ok,ok,2112836.23,2112836.23,2112836.23,new_observed,41055145.31,41055145.31,41008270.46160203,new_observed,12558214518.56,46259101.38361462,1,
3304607,Santa Maria Madalena,2025,ok,ok,2346448.38,2346448.38,2346448.38,new_observed,44058381.35,44058381.35,43537626.28281067,new_observed,13895903874.91,45884074.662810676,1,
3304706,Santo Antônio de Pádua,2019,ok,ok,3685258.68,3685258.68,3685258.68,new_observed,30946866.16,30946866.16,30831602.04504043,new_observed,9237387540.52,60115454.44777762,1,
3304706,Santo Antônio de Pádua,2020,ok,ok,4061264.75,4061264.75,4061264.75,new_observed,30929688.21,30929688.21,31569230.070129924,new_observed,9673165815.34,60755890.62658099,1,
3304706,Santo Antônio de Pádua,2021,ok,ok,5961790.06,5961790.06,5961790.06,new_observed,37609483.14,37609483.14,36895619.44023048,new_observed,11856514124.26,58195552.01149538,1,
3304706,Santo Antônio de Pádua,2022,ok,ok,9363838.87,9363838.87,9363838.87,new_observed,35044614.53,35044614.53,35123517.358415514,new_observed,11221255159.38,56543242.33008127,1,
3304706,Santo Antônio de Pádua,2023,ok,ok,7726185.64,7726185.64,7726185.64,new_observed,35014412.58,35014412.58,33978882.54273484,new_observed,10969274045.47,51480770.19841748,1,
3304706,Santo Antônio de Pádua,2024,ok,ok,8401135.16,8401135.16,8401135.16,new_observed,37683136.41,37683136.41,37640111.56395352,new_observed,12558214518.56,49391744.865541,1,
3304706,Santo Antônio de Pádua,2025,ok,ok,8746533.32,8746533.32,8746533.32,new_observed,38967690.75,38967690.75,38507105.91249713,new_observed,13895903874.91,47253639.23249713,1,
3304755,São Francisco de Itabapoana,2019,ok,ok,2179609.35,2179609.35,2179609.35,new_observed,42991293.5,42991293.5,42831168.93777051,new_observed,9237387540.52,78391931.79739311,1,
3304755,São Francisco de Itabapoana,2020,ok,ok,2045318.61,2045318.61,2045318.61,new_observed,41360890.79,41360890.79,42216121.558990255,new_observed,9673165815.34,75473080.89481999,1,
3304755,São Francisco de Itabapoana,2021,ok,ok,1492208.94,1492208.94,1492208.94,new_observed,51270909.6,51270909.6,50297739.054652154,new_observed,11856514124.26,70324936.74586682,1,
3304755,São Francisco de Itabapoana,2022,ok,ok,2354588.23,2354588.23,2354588.23,new_observed,47279997.15,47279997.15,47386447.90006943,new_observed,11221255159.38,63220647.35003058,1,
3304755,São Francisco de Itabapoana,2023,ok,ok,3412144.96,3412144.96,3412144.96,new_observed,44933621.54,44933621.54,43604736.90766569,new_observed,10969274045.47,58037677.34583081,1,
3304755,São Francisco de Itabapoana,2024,ok,ok,4254502.94,4254502.94,4254502.94,new_observed,46556722.49,46556722.49,46503566.19759995,new_observed,12558214518.56,54451818.29551794,1,
3304755,São Francisco de Itabapoana,2025,ok,absent_dca,,,4714664.82785021,imputed_temporal,,,49674091.160397135,imputed_temporal,13895903874.91,54388755.98824734,1,
3304805,São Fidélis,2019,ok,ok,1756820.99,1756820.99,1756820.99,new_observed,28823495.46,28823495.46,28716140.011565864,new_observed,9237387540.52,53072494.44181286,1,
3304805,São Fidélis,2020,ok,ok,1592444.08,1592444.08,1592444.08,new_observed,29499748.21,29499748.21,30109722.798670053,new_observed,9673165815.34,54057441.33583921,1,
3304805,São Fidélis,2021,ok,ok,2040426.22,2040426.22,2040426.22,new_observed,37259355.65,37259355.65,36552137.70243271,new_observed,11856514124.26,52404370.38064129,1,
3304805,São Fidélis,2022,ok,ok,3604340.9,3604340.9,3604340.9,new_observed,34572448.17,34572448.17,34650287.917488925,new_observed,11221255159.38,48621472.050815694,1,
3304805,São Fidélis,2023,ok,ok,3225307.82,3225307.82,3225307.82,new_observed,35343735.51,35343735.51,34298465.94661268,new_observed,10969274045.47,46319376.95898805,1,
3304805,São Fidélis,2024,ok,ok,3573462.23,3573462.23,3573462.23,new_observed,38201756.87,38201756.87,38158139.88732229,new_observed,12558214518.56,44768480.24918254,1,
3304805,São Fidélis,2025,ok,ok,3838185.41,3838185.41,3838185.41,new_observed,39637703.37,39637703.37,39169199.21144505,new_observed,13895903874.91,43007384.621445045,1,
3304904,São Gonçalo,2019,ok,ok,110478513.0,110478513.0,110478513.0,new_observed,196742722.06,196742722.06,196009937.82214734,new_observed,9237387540.52,533788186.90781015,1,
3304904,São Gonçalo,2020,ok,ok,80292016.48,80292016.48,80292016.48,new_observed,196786625.12,196786625.12,200855637.50135487,new_observed,9673165815.34,479403280.8536996,1,
3304904,São Gonçalo,2021,ok,ok,104388604.5,104388604.5,104388604.5,new_observed,229959795.57,229959795.57,225594940.30589643,new_observed,11856514124.26,448080618.2320909,1,
3304904,São Gonçalo,2022,ok,ok,134948100.79,134948100.79,134948100.79,new_observed,206313479.49,206313479.49,206777993.57555437,new_observed,11221255159.38,434332426.16206485,1,
3304904,São Gonçalo,2023,ok,ok,163356929.89,163356929.89,163356929.89,new_observed,195569155.86,195569155.86,189785316.5683108,new_observed,10969274045.47,435919077.21180564,1,
3304904,São Gonçalo,2024,ok,ok,178231274.05,178231274.05,178231274.05,new_observed,199683514.46,199683514.46,199455525.14472154,new_observed,12558214518.56,405171696.0827479,1,
3304904,São Gonçalo,2025,ok,ok,180184336.58,180184336.58,180184336.58,new_observed,198557777.22,198557777.22,196210891.89537233,new_observed,13895903874.91,376395228.4753723,1,
3305000,São João da Barra,2019,ok,ok,82743320.46,82743320.46,82743320.46,new_observed,73849150.66,73849150.66,73574093.50405626,new_observed,9237387540.52,272246437.8614088,1,
3305000,São João da Barra,2020,ok,ok,87561558.04,87561558.04,87561558.04,new_observed,81393262.34,81393262.34,83076253.71209332,new_observed,9673165815.34,290965710.12850994,1,
3305000,São João da Barra,2021,ok,ok,110390449.51,110390449.51,110390449.51,new_observed,110587065.85,110587065.85,108488018.339018,new_observed,11856514124.26,297212393.5730517,1,
3305000,São João da Barra,2022,ok,ok,122954113.45,122954113.45,122954113.45,new_observed,84053752.48,84053752.48,84242999.21301606,new_observed,11221255159.38,263346657.22201172,1,
3305000,São João da Barra,2023,ok,ok,174624440.48,174624440.48,174624440.48,new_observed,78255271.45,78255271.45,75940919.21074237,new_observed,10969274045.47,309298084.4774882,5,
3305000,São João da Barra,2024,ok,ok,207842396.94,207842396.94,207842396.94,new_observed,122817319.15,122817319.15,122677092.0682949,new_observed,12558214518.56,354571942.24268126,1,
3305000,São João da Barra,2025,ok,ok,234064254.65,234064254.65,234064254.65,new_observed,165008444.14,165008444.14,163058100.50998074,new_observed,13895903874.91,397122355.1599808,1,
3305109,São João de Meriti,2019,ok,partial,,,42618715.40777719,imputed_temporal,92832648.63,92832648.63,92486885.89498289,new_observed,9237387540.52,235303398.1118561,1,
3305109,São João de Meriti,2020,ok,ok,40703140.48,40703140.48,40703140.48,new_observed,88536895.79,88536895.79,90367598.0796325,new_observed,9673165815.34,223497301.86108,1,
3305109,São João de Meriti,2021,ok,ok,47515732.05,47515732.05,47515732.05,new_observed,108339020.22,108339020.22,106282642.7495689,new_observed,11856514124.26,208840931.458623,1,
3305109,São João de Meriti,2022,ok,ok,66584737.41,66584737.41,66584737.41,new_observed,94635727.64,94635727.64,94848799.65349194,new_observed,11221255159.38,205181345.44827926,1,
3305109,São João de Meriti,2023,ok,ok,46029470.0,46029470.0,46029470.0,new_observed,110392870.0,110392870.0,107128067.75538933,new_observed,10969274045.47,189057789.59030116,1,
3305109,São João de Meriti,2024,ok,ok,100115449.09,100115449.09,100115449.09,new_observed,93492176.57,93492176.57,93385431.5671502,new_observed,12558214518.56,207582261.74842343,1,
3305109,São João de Meriti,2025,ok,ok,105969548.78,105969548.78,105969548.78,new_observed,90845064.2,90845064.2,89771306.47078441,new_observed,13895903874.91,195740855.2507844,1,
3305133,São José de Ubá,2019,ok,ok,601166.57,601166.57,601166.57,new_observed,18313562.48,18313562.48,18245352.130037572,new_observed,9237387540.52,32823582.811787438,1,
3305133,São José de Ubá,2020,ok,ok,566861.55,566861.55,566861.55,new_observed,19787290.51,19787290.51,20196437.879794862,new_observed,9673165815.34,35404861.91875368,1,
3305133,São José de Ubá,2021,ok,ok,346228.14,346228.14,346228.14,new_observed,24152015.57,24152015.57,23693587.38241999,new_observed,11856514124.26,32643371.377222948,1,
3305133,São José de Ubá,2022,ok,ok,1128781.86,1128781.86,1128781.86,new_observed,21889590.8,21889590.8,21938875.13798294,new_observed,11221255159.38,29318894.854692057,1,
3305133,São José de Ubá,2023,ok,ok,1008725.29,1008725.29,1008725.29,new_observed,22773399.6,22773399.6,22099890.104943883,new_observed,10969274045.47,28525293.701431043,1,
3305133,São José de Ubá,2024,ok,ok,1384527.96,1384527.96,1384527.96,new_observed,24222058.72,24222058.72,24194403.10407626,new_observed,12558214518.56,27440352.44364534,1,
3305133,São José de Ubá,2025,ok,ok,1094389.99,1094389.99,1094389.99,new_observed,25053524.42,25053524.42,24757400.291221343,new_observed,13895903874.91,25851790.28122134,3,
3305158,São José do Vale do Rio Preto,2019,ok,ok,2034300.69,2034300.69,2034300.69,new_observed,22636961.65,22636961.65,22552648.44890006,new_observed,9237387540.52,42821264.446482785,1,
3305158,São José do Vale do Rio Preto,2020,ok,ok,1988361.31,1988361.31,1988361.31,new_observed,23286261.01,23286261.01,23767757.576686744,new_observed,9673165815.34,43918445.41998002,1,
3305158,São José do Vale do Rio Preto,2021,ok,ok,1868409.78,1868409.78,1868409.78,new_observed,30464197.79,30464197.79,29885958.390539855,new_observed,11856514124.26,43118868.0326301,1,
3305158,São José do Vale do Rio Preto,2022,ok,ok,2823022.49,2823022.49,2823022.49,new_observed,27735615.29,27735615.29,27798061.9319042,new_observed,11221255159.38,38919269.286038056,1,
3305158,São José do Vale do Rio Preto,2023,ok,ok,2839951.99,2839951.99,2839951.99,new_observed,27296672.23,27296672.23,26489389.687505133,new_observed,10969274045.47,36204163.301082455,2,
3305158,São José do Vale do Rio Preto,2024,ok,ok,3733449.43,3733449.43,3733449.43,new_observed,30204534.88,30204534.88,30170048.752067912,new_observed,12558214518.56,36370712.16377,1,
3305158,São José do Vale do Rio Preto,2025,ok,ok,3885866.24,3885866.24,3885866.24,new_observed,32098115.66,32098115.66,31718726.861206237,new_observed,13895903874.91,35604593.101206236,1,
3305208,São Pedro da Aldeia,2019,ok,ok,11701973.49,11701973.49,11701973.49,new_observed,35032317.06,35032317.06,34901836.35154872,new_observed,9237387540.52,81166396.61816265,1,
3305208,São Pedro da Aldeia,2020,ok,ok,11462404.06,11462404.06,11462404.06,new_observed,36091270.77,36091270.77,36837540.124090545,new_observed,9673165815.34,82359398.62560324,1,
3305208,São Pedro da Aldeia,2021,ok,ok,13852902.08,13852902.08,13852902.08,new_observed,45959582.69,45959582.69,45087226.17244785,new_observed,11856514124.26,80034079.03739704,1,
3305208,São Pedro da Aldeia,2022,ok,ok,19452016.14,19452016.14,19452016.14,new_observed,39885840.0,39885840.0,39975642.83081826,new_observed,11221255159.38,75532304.16848452,1,
3305208,São Pedro da Aldeia,2023,ok,ok,21505937.41,21505937.41,21505937.41,new_observed,39170299.71,39170299.71,38011861.82886437,new_observed,10969274045.47,73468819.95028064,2,
3305208,São Pedro da Aldeia,2024,ok,ok,27272498.46,27272498.46,27272498.46,new_observed,46520327.62,46520327.62,46467212.881563544,new_observed,12558214518.56,79105872.84653792,6,
3305208,São Pedro da Aldeia,2025,ok,ok,28144121.16,28144121.16,28144121.16,new_observed,45120972.44,45120972.44,44587657.907902695,new_observed,13895903874.91,72731779.0679027,1,
3305307,São Sebastião do Alto,2019,ok,ok,383088.18,383088.18,383088.18,new_observed,22780985.75,22780985.75,22696136.11944922,new_observed,9237387540.52,40195371.998504855,1,
3305307,São Sebastião do Alto,2020,ok,ok,549497.41,549497.41,549497.41,new_observed,24639103.68,24639103.68,25148573.35497547,new_observed,9673165815.34,43819463.76531672,1,
3305307,São Sebastião do Alto,2021,ok,ok,560043.84,560043.84,560043.84,new_observed,30146119.95,30146119.95,29573917.969954316,new_observed,11856514124.26,40918538.060826585,4,
3305307,São Sebastião do Alto,2022,ok,ok,1564067.63,1564067.63,1564067.63,new_observed,27387287.07,27387287.07,27448949.452121533,new_observed,11221255159.38,36875422.47235971,1,
3305307,São Sebastião do Alto,2023,ok,ok,1580236.28,1580236.28,1580236.28,new_observed,27594770.41,27594770.41,26778671.794445537,new_observed,10969274045.47,35006259.26953802,1,
3305307,São Sebastião do Alto,2024,ok,ok,1403636.78,1403636.78,1403636.78,new_observed,30425490.52,30425490.52,30390752.11523271,new_observed,12558214518.56,34108119.48435173,1,
3305307,São Sebastião do Alto,2025,ok,ok,978636.66,978636.66,978636.66,new_observed,32548020.73,32548020.73,32163314.206456084,new_observed,13895903874.91,33141950.866456084,1,
3305406,Sapucaia,2019,ok,ok,6498633.34,6498633.34,6498633.34,new_observed,34060181.77,34060181.77,33933321.85834422,new_observed,9237387540.52,70417335.4675145,1,
3305406,Sapucaia,2020,ok,ok,6217508.29,6217508.29,6217508.29,new_observed,31790990.34,31790990.34,32448341.586458493,new_observed,9673165815.34,65931673.35837034,1,
3305406,Sapucaia,2021,ok,ok,6588760.94,6588760.94,6588760.94,new_observed,40300805.3,40300805.3,39535857.75025419,new_observed,11856514124.26,62632055.3972037,1,
3305406,Sapucaia,2022,ok,ok,6680163.93,6680163.93,6680163.93,new_observed,39152041.39,39152041.39,39240192.07578563,new_observed,11221255159.38,58364579.0095362,1,
3305406,Sapucaia,2023,ok,ok,6050984.17,6050984.17,6050984.17,new_observed,39733443.03,39733443.03,38558350.52637677,new_observed,10969274045.47,55065799.15289969,1,
3305406,Sapucaia,2024,ok,ok,8504855.62,8504855.62,8504855.62,new_observed,44227089.82,44227089.82,44176593.39343174,new_observed,12558214518.56,56515165.72562077,1,
3305406,Sapucaia,2025,ok,ok,6937601.38,6937601.38,6937601.38,new_observed,47407470.88,47407470.88,46847130.71481619,new_observed,13895903874.91,53784732.09481619,1,
3305505,Saquarema,2019,ok,ok,18821063.42,18821063.42,18821063.42,new_observed,31379685.79,31379685.79,31262809.60319667,new_observed,9237387540.52,87227364.36775802,1,
3305505,Saquarema,2020,ok,ok,21607844.88,21607844.88,21607844.88,new_observed,43652447.71,43652447.71,44555061.64578004,new_observed,9673165815.34,112818705.79428388,1,
3305505,Saquarema,2021,ok,ok,23425302.47,23425302.47,23425302.47,new_observed,124970672.51,124970672.51,122598610.48754185,new_observed,11856514124.26,198284084.84178215,1,
3305505,Saquarema,2022,ok,ok,33928569.67,33928569.67,33928569.67,new_observed,219900053.97,219900053.97,220395158.18100807,new_observed,11221255159.38,323244386.5698639,1,
3305505,Saquarema,2023,ok,ok,45611012.61,45611012.61,45611012.61,new_observed,303505909.6,303505909.6,294529906.21395993,new_observed,10969274045.47,419870227.77015823,1,
3305505,Saquarema,2024,ok,ok,55675361.3,55675361.3,55675361.3,new_observed,338742841.65,338742841.65,338356080.8864381,new_observed,12558214518.56,422705765.9441796,1,
3305505,Saquarema,2025,ok,ok,54242142.15,54242142.15,54242142.15,new_observed,641458255.2,641458255.2,633876437.0180703,new_observed,13895903874.91,688118579.1680703,1,
3305554,Seropédica,2019,ok,ok,17241264.14,17241264.14,17241264.14,new_observed,56982867.89,56982867.89,56770630.5732636,new_observed,9237387540.52,128901023.78288344,1,
3305554,Seropédica,2020,ok,ok,23073603.29,23073603.29,23073603.29,new_observed,61252443.88,61252443.88,62518977.88546902,new_observed,9673165815.34,145949516.74388754,1,
3305554,Seropédica,2021,ok,ok,71890795.2,71890795.2,71890795.2,new_observed,67709385.86,67709385.86,66424197.427092925,new_observed,11856514124.26,187816236.2416305,1,
3305554,Seropédica,2022,ok,ok,33901389.25,33901389.25,33901389.25,new_observed,64785732.22,64785732.22,64931597.07203746,new_observed,11221255159.38,125616309.20749387,2,
3305554,Seropédica,2023,ok,ok,37097125.34,37097125.34,37097125.34,new_observed,63686541.46,63686541.46,61803050.58318795,new_observed,10969274045.47,122082457.86761412,1,
3305554,Seropédica,2024,ok,ok,39752192.15,39752192.15,39752192.15,new_observed,65049723.38,65049723.38,64975452.64246532,new_observed,12558214518.56,112348849.78184792,1,
3305554,Seropédica,2025,ok,ok,48204013.75,,48204013.75,new_observed,64018193.16,,63261519.91284778,new_observed,13895903874.91,111465533.66284779,1,
3305604,Silva Jardim,2019,ok,ok,4465917.21,4465917.21,4465917.21,new_observed,32390394.86,32390394.86,32269754.205226544,new_observed,9237387540.52,63979792.34445548,1,
3305604,Silva Jardim,2020,ok,ok,4923118.87,4923118.87,4923118.87,new_observed,37348001.38,37348001.38,38120256.506289236,new_observed,9673165815.34,73396078.82973437,1,
3305604,Silva Jardim,2021,ok,ok,4660842.11,4660842.11,4660842.11,new_observed,46237301.38,46237301.38,45359673.49802095,new_observed,11856514124.26,67922246.15658921,1,
3305604,Silva Jardim,2022,ok,ok,5288728.27,5288728.27,5288728.27,new_observed,45198054.16,45198054.16,45299817.42262766,new_observed,11221255159.38,64297828.43327468,1,
3305604,Silva Jardim,2023,ok,ok,7613046.04,7613046.04,7613046.04,new_observed,48634693.71,48634693.71,47196352.110670626,new_observed,10969274045.47,67656765.80469774,1,
3305604,Silva Jardim,2024,ok,ok,10136596.61,10136596.61,10136596.61,new_observed,50486832.0,50486832.0,50429188.49202494,new_observed,12558214518.56,64973258.07174683,1,
3305604,Silva Jardim,2025,ok,ok,9312233.6,9312233.6,9312233.6,new_observed,50557809.57,50557809.57,49960233.474082656,new_observed,13895903874.91,59272467.07408266,1,
3305703,Sumidouro,2019,ok,ok,1144188.73,1144188.73,1144188.73,new_observed,24706346.11,24706346.11,24614325.318507552,new_observed,9237387540.52,44861692.09478948,1,
3305703,Sumidouro,2020,ok,ok,1238160.97,1238160.97,1238160.97,new_observed,24257440.02,24257440.02,24759017.928158965,new_observed,9673165815.34,44329492.63572551,1,
3305703,Sumidouro,2021,ok,ok,1535731.61,1535731.61,1535731.61,new_observed,30936658.01,30936658.01,30349450.86696871,new_observed,11856514124.26,43296499.178852014,1,
3305703,Sumidouro,2022,ok,ok,2898307.07,2898307.07,2898307.07,new_observed,28335541.26,28335541.26,28399338.633150864,new_observed,11221255159.38,39779175.82398255,1,
3305703,Sumidouro,2023,ok,ok,2737665.52,2737665.52,2737665.52,new_observed,27314427.28,27314427.28,26506619.64265894,new_observed,10969274045.47,36099169.46974547,1,
3305703,Sumidouro,2024,ok,ok,2949297.26,2949297.26,2949297.26,new_observed,30373025.07,30373025.07,30338346.56783435,new_observed,12558214518.56,35710041.06333233,1,
3305703,Sumidouro,2025,ok,ok,3894138.16,3894138.16,3894138.16,new_observed,33389935.53,33389935.53,32995277.860163197,new_observed,13895903874.91,36889416.02016319,1,
3305752,Tanguá,2019,ok,ok,2321714.55,2321714.55,2321714.55,new_observed,20944267.88,20944267.88,20866259.254241806,new_observed,9237387540.52,40384772.93950162,1,
3305752,Tanguá,2020,ok,ok,2567398.59,2567398.59,2567398.59,new_observed,21398060.34,21398060.34,21840514.050496552,new_observed,9673165815.34,41619530.63787804,1,
3305752,Tanguá,2021,ok,ok,410683.4,410683.4,410683.4,new_observed,2805365.54,2805365.54,2752117.0383884376,new_observed,11856514124.26,4294728.019275754,1,
3305752,Tanguá,2022,ok,ok,3935029.27,3935029.27,3935029.27,new_observed,23802554.58,23802554.58,23856145.949317787,new_observed,11221255159.38,35322466.61265811,1,
3305752,Tanguá,2023,ok,ok,4295130.34,4295130.34,4295130.34,new_observed,24248740.43,24248740.43,23531598.623786923,new_observed,10969274045.47,34349336.941053346,1,
3305752,Tanguá,2024,ok,ok,5231055.73,5231055.73,5231055.73,new_observed,26045537.14,26045537.14,26015799.561539065,new_observed,12558214518.56,33520740.949163694,1,
3305752,Tanguá,2025,ok,ok,5271413.74,5271413.74,5271413.74,new_observed,28803895.61,28803895.61,28463443.370628297,new_observed,13895903874.91,33734857.1106283,1,
3305802,Teresópolis,2019,ok,ok,39087561.56,39087561.56,39087561.56,new_observed,71084041.29,71084041.29,70819283.00834782,new_observed,9237387540.52,191416593.7852609,1,
3305802,Teresópolis,2020,ok,ok,35089626.57,35089626.57,35089626.57,new_observed,71327854.7,71327854.7,72802720.80806398,new_observed,9673165815.34,183974308.8003187,1,
3305802,Teresópolis,2021,ok,ok,42102116.65,42102116.65,42102116.65,new_observed,84395740.02,84395740.02,82793828.74163447,new_observed,11856514124.26,169594676.17903182,1,
3305802,Teresópolis,2022,ok,ok,50691687.19,50691687.19,50691687.19,new_observed,73749681.63,73749681.63,73915728.78313303,new_observed,11221255159.38,158375500.69998944,1,
3305802,Teresópolis,2023,ok,ok,53556071.46,53556071.46,53556071.46,new_observed,72100237.42,72100237.42,69967916.5829226,new_observed,10969274045.47,152478111.64261147,1,
3305802,Teresópolis,2024,ok,ok,59929297.6,59929297.6,59929297.6,new_observed,74847567.98,74847567.98,74762110.52087943,new_observed,12558214518.56,144493126.03052986,1,
3305802,Teresópolis,2025,ok,ok,66551289.74,66551289.74,66551289.74,new_observed,80404072.77,80404072.77,79453724.00468756,new_observed,13895903874.91,146005013.74468756,1,
3305901,Trajano de Moraes,2019,ok,ok,802248.86,802248.86,802248.86,new_observed,25286685.83,25286685.83,25192503.516114432,new_observed,9237387540.52,45273130.85612991,1,
3305901,Trajano de Moraes,2020,ok,ok,531877.79,531877.79,531877.79,new_observed,26294214.38,26294214.38,26837907.2443142,new_observed,9673165815.34,46670013.26847594,1,
3305901,Trajano de Moraes,2021,ok,ok,476881.29,476881.29,476881.29,new_observed,32346006.44,32346006.44,31732048.52560716,new_observed,11856514124.26,43736111.72902764,3,
3305901,Trajano de Moraes,2022,ok,ok,2131366.8,2131366.8,2131366.8,new_observed,30889405.12,30889405.12,30958952.508799337,new_observed,11221255159.38,42057656.42378448,1,
3305901,Trajano de Moraes,2023,ok,ok,1468167.32,1468167.32,1468167.32,new_observed,30113636.65,30113636.65,29223044.09154663,new_observed,10969274045.47,37885256.412144534,1,
3305901,Trajano de Moraes,2024,ok,ok,1793317.78,1793317.78,1793317.78,new_observed,33588732.11,33588732.11,33550382.063650202,new_observed,12558214518.56,37915719.69691293,1,
3305901,Trajano de Moraes,2025,ok,ok,2564025.67,2564025.67,2564025.67,new_observed,36343015.14,36343015.14,35913453.07459532,new_observed,13895903874.91,38477478.74459532,1,
3306008,Três Rios,2019,ok,partial,,,19842989.896227665,imputed_temporal,60034252.59,60034252.59,59810650.14326859,new_observed,9237387540.52,138726832.8814223,1,
3306008,Três Rios,2020,ok,partial,,,18995907.36529039,imputed_temporal,59752362.24,59752362.24,60987878.635595985,new_observed,9673165815.34,136385592.6980919,1,
3306008,Três Rios,2021,ok,partial,,,22286222.799638074,imputed_temporal,73617544.61,73617544.61,72220213.71428905,new_observed,11856514124.26,128329133.881453,1,
3306008,Três Rios,2022,ok,ok,24834475.27,24834475.27,24834475.27,new_observed,69877017.08,69877017.08,70034344.94229198,new_observed,11221255159.38,120577870.78401963,1,
3306008,Três Rios,2023,ok,partial,,,30180476.43468952,imputed_temporal,67003989.85,67003989.85,65022387.44705359,new_observed,10969274045.47,117518492.86644283,1,
3306008,Três Rios,2024,ok,ok,35723332.43,35723332.43,35723332.43,new_observed,73320159.4,73320159.4,73236445.8646943,new_observed,12558214518.56,116888962.68175015,1,
3306008,Três Rios,2025,ok,ok,38521328.22,38521328.22,38521328.22,new_observed,69261181.06,69261181.06,68442537.48092733,new_observed,13895903874.91,106963865.70092733,1,
3306107,Valença,2019,ok,ok,7403452.17,7403452.17,7403452.17,new_observed,44261719.48,44261719.48,44096863.11308795,new_observed,9237387540.52,89694276.72200434,1,
3306107,Valença,2020,ok,ok,6333392.86,6333392.86,6333392.86,new_observed,44488293.53,44488293.53,45408190.48482877,new_observed,9673165815.34,88227962.99670021,1,
3306107,Valença,2021,ok,ok,7553138.66,7553138.66,7553138.66,new_observed,55870532.68,55870532.68,54810056.92130446,new_observed,11856514124.26,84682220.28294419,1,
3306107,Valença,2022,ok,ok,8033953.01,8033953.01,8033953.01,new_observed,50977334.24,50977334.24,51092109.53174064,new_observed,11221255159.38,75148976.37782721,1,
3306107,Valença,2023,ok,ok,13194967.7,13194967.7,13194967.7,new_observed,51831957.25,51831957.25,50299058.51865653,new_observed,10969274045.47,78377077.7789579,1,
3306107,Valença,2024,ok,ok,14059312.31,14059312.31,14059312.31,new_observed,53091031.02,53091031.02,53030414.15915191,new_observed,12558214518.56,71971957.50868542,1,
3306107,Valença,2025,ok,ok,16046200.72,16046200.72,16046200.72,new_observed,59207877.08,59207877.08,58508060.13116575,new_observed,13895903874.91,74554260.85116576,1,
3306156,Varre-Sai,2019,ok,ok,243008.45,243008.45,243008.45,new_observed,16548926.47,16548926.47,16487288.650091726,new_observed,9237387540.52,29137916.7193129,1,
3306156,Varre-Sai,2020,ok,ok,230129.19,230129.19,230129.19,new_observed,17852599.11,17852599.11,18221742.321707897,new_observed,9673165815.34,31463494.76987036,2,
3306156,Varre-Sai,2021,ok,ok,253498.38,253498.38,253498.38,new_observed,21934550.76,21934550.76,21518212.15997116,new_observed,11856514124.26,29563539.371209543,2,
3306156,Varre-Sai,2022,ok,ok,512645.76,512645.76,512645.76,new_observed,20286133.61,20286133.61,20331807.76966507,new_observed,11221255159.38,26493212.613366127,1,
3306156,Varre-Sai,2023,ok,ok,795934.99,795934.99,795934.99,new_observed,21291803.27,21291803.27,20662111.088723216,new_observed,10969274045.47,26487829.59053211,1,
3306156,Varre-Sai,2024,ok,ok,942104.62,942104.62,942104.62,new_observed,22648475.98,22648475.98,22622617.007391542,new_observed,12558214518.56,25279565.63439636,3,
3306156,Varre-Sai,2025,ok,ok,692768.07,692768.07,692768.07,new_observed,24369566.78,24369566.78,24081526.797662027,new_observed,13895903874.91,24774294.867662027,1,
3306206,Vassouras,2019,ok,ok,6422595.46,6422595.46,6422595.46,new_observed,28111052.79,28111052.79,28006350.892119005,new_observed,9237387540.52,59962340.50955587,1,
3306206,Vassouras,2020,ok,ok,7324938.55,7324938.55,7324938.55,new_observed,28246106.92,28246106.92,28830159.615209684,new_observed,9673165815.34,61650426.15343529,1,
3306206,Vassouras,2021,ok,ok,7455197.95,7455197.95,7455197.95,new_observed,36722582.82,36722582.82,36025553.33040575,new_observed,11856514124.26,59041980.18837651,1,
3306206,Vassouras,2022,ok,ok,9707037.57,9707037.57,9707037.57,new_observed,33514174.83,33514174.83,33589631.87872386,new_observed,11221255159.38,55029884.44975107,1,
3306206,Vassouras,2023,ok,ok,10213831.31,10213831.31,10213831.31,new_observed,34941404.16,34941404.16,33908033.30252146,new_observed,10969274045.47,54464065.68358607,1,
3306206,Vassouras,2024,ok,ok,11677877.3,11677877.3,11677877.3,new_observed,35345779.87,35345779.87,35305423.70853951,new_observed,12558214518.56,50402354.00809391,1,
3306206,Vassouras,2025,ok,ok,9640572.66,9640572.66,9640572.66,new_observed,35225237.79,35225237.79,34808887.47230746,new_observed,13895903874.91,44449460.132307455,1,
3306305,Volta Redonda,2019,ok,ok,105653238.39,105653238.39,105653238.39,new_observed,204910442.24,204910442.24,204147236.6653659,new_observed,9237387540.52,539556493.6929502,1,
3306305,Volta Redonda,2020,ok,ok,92945677.75,92945677.75,92945677.75,new_observed,220586008.0,220586008.0,225147126.91323054,new_observed,9673165815.34,542400877.3042113,1,
3306305,Volta Redonda,2021,ok,ok,114709785.46,114709785.46,114709785.46,new_observed,243070051.07,243070051.07,238456350.7084694,new_observed,11856514124.26,479559975.4105644,1,
3306305,Volta Redonda,2022,ok,ok,147258779.09,147258779.09,147258779.09,new_observed,227901562.6,227901562.6,228414682.180016,new_observed,11221255159.38,477479386.4689827,1,
3306305,Volta Redonda,2023,ok,ok,174929964.35,174929964.35,174929964.35,new_observed,331712005.07,331712005.07,321901823.50015,new_observed,10969274045.47,613289564.3645301,1,
3306305,Volta Redonda,2024,ok,ok,227063114.2,227063114.2,227063114.2,new_observed,321219319.59,321219319.59,320852566.36590135,new_observed,12558214518.56,587788416.430102,1,
3306305,Volta Redonda,2025,ok,absent_dca,,,251621985.76853615,imputed_temporal,,,342727685.93669105,imputed_temporal,13895903874.91,594349671.7052271,1,
