codigo_ibge,municipio,complete_years_new,years_with_any_new_component,imputed_iss_years,imputed_cota_years,legacy_iss_years,legacy_cota_years,unresolved,r0_2025_adjusted,historical_mean_adjusted,base_2025_to_prev_median_ratio,iss_2025_to_prev_median_ratio,cota_2025_to_prev_median_ratio,coef_cpt_adjusted_pct,coef_destino_pct,old_pre_2025,old_variacao_2033,adjusted_variacao_2033,delta_variacao_pp,adjusted_revenue_2033,adjusted_counterfactual_2033,flags
4300034,Aceguá,7,7,0,0,0,0,False,21521920.160304654,22226515.050551336,1.3084220596764977,2.036120590336669,1.2625963918373448,0.0021858159222834608,0.0010024168466521175,22043594.87404841,-0.0005616589445291264,0.012745577431955583,1.330723637648471,25602354.485622436,25280144.44708114,
4300059,Água Santa,7,7,0,0,0,0,False,13813178.708715443,15184569.541375328,1.1669433000527532,1.190693134251229,1.1720195875705237,0.0014932918543942115,0.0009504190982514841,14161600.149586398,0.06277070625554945,0.07803054271246504,1.5259836456915588,17491346.016125254,16225278.712525856,
4300109,Agudo,7,7,0,0,0,0,False,22518965.83442616,23682946.015563715,1.2579740286504428,1.639712335970715,1.2482758188696002,0.0023290453033083442,0.0032206873801858484,23030670.74328628,0.06825873525589612,0.0825103800464875,1.4251644790591378,28633803.916389365,26451297.321656823,
4300208,Ajuricaba,7,7,0,0,0,0,False,14165806.370425759,16873868.399353836,1.05938797553783,1.1997425393296042,1.0603179531254174,0.0016594220971635606,0.0016284741854441368,14506628.077072337,0.1645402657012933,0.18073644643488482,1.6196180733591525,19646844.391065456,16639483.307546854,
4300307,Alecrim,7,7,0,0,0,0,False,9230737.602316802,9090615.263150776,1.3759052074660645,1.8351033370659897,1.350639742386743,0.0008939958216731384,0.001268754073207476,9455803.87578799,0.0030328698212790193,0.017076668762246325,1.4043798940967305,11027793.692306018,10842637.562148124,
4300406,Alegrete,6,6,0,0,1,1,False,104818190.60988386,107598023.3624777,1.1931301801407326,1.4558347703070764,1.154359973737322,0.010581482168348186,0.01376915045673648,107101800.82298318,0.03624040012690352,0.04866408902416876,1.2423688897265237,129113480.87354212,123121867.35953577,legacy_snapshot_used
4300455,Alegria,7,7,0,0,0,0,False,6679112.695689618,7530938.59603951,1.1514062449865643,1.4577042133991098,1.1429491767464932,0.0007406129775866003,0.0008708451615535846,6848007.404149112,0.12195749349310343,0.13845230595536526,1.6494812462261823,8931659.28160509,7845440.019650036,
4300471,Almirante Tamandaré do Sul,7,7,0,0,0,0,False,9092549.031308286,11096777.371680379,1.0008295440276362,1.4403832454379248,0.9862217208182992,0.0010912872580288793,0.0005443087896910771,9319789.53403573,0.1685863602303077,0.184945594909982,1.6359234679674288,12655595.855584892,10680318.075317468,
4300505,Alpestre,7,7,0,0,0,0,False,34297544.63504588,41927095.81831097,1.024327346952111,1.7488753320055292,1.060676136975781,0.004123224599373042,0.001471910517369942,35161278.27081586,0.15899295482980452,0.17597361862404376,1.6980663794239237,47376082.26400434,40286687.99512447,
4300554,Alto Alegre,7,7,0,0,0,0,False,4581386.5459699575,5677984.201802641,1.0495154060246503,1.3338254637963876,1.038925211357122,0.0005583884044145867,0.0004549633714039485,4695962.510978746,0.19789779938723603,0.21539223945768557,1.7494440070449535,6540514.762177605,5381402.439344205,
4300570,Alto Feliz,6,6,0,0,1,1,False,9317161.851309441,8947050.271247424,1.3925383718818325,2.3983614409892087,1.3488580860991035,0.0008798772500270152,0.000730903645131373,9544789.746372994,-0.0703165145042335,-0.058205243645535656,1.2111270858697842,10307146.361045113,10944153.480894728,legacy_snapshot_used
4300604,Alvorada,7,7,0,0,0,0,False,95790191.97397459,90896961.56181239,1.4811813716855848,1.5664584222771054,1.4786090140357444,0.008939054341947719,0.035281443749891894,97547562.6779914,0.19303544941036307,0.2074064540856805,1.4371004675317434,135854200.7503661,112517371.66937949,
4300638,Amaral Ferrador,7,7,0,0,0,0,False,8357595.900632914,8613226.850728065,1.3169351558311946,1.9260591485871998,1.257547971095275,0.0008470481472125259,0.0011561098510120388,8559445.249519935,0.04429620713399211,0.059034191989732795,1.4737984855740682,10396565.302803779,9817025.155033495,
4300646,Ametista do Sul,6,7,1,0,0,0,False,12276074.208384069,9780860.441192793,1.739706113428534,4.492736093260245,1.4858209225291512,0.0009618764092061892,0.001494051444713125,12536682.443953374,-0.18565780472333301,-0.16703418235862677,1.8623622364706245,12011167.402307408,14419760.268576495,temporal_imputation
4300661,André da Rocha,7,7,0,0,0,0,False,5945810.414281004,7150459.4131366545,1.0622569946354712,1.2663896560494676,1.0704519340126322,0.0007031956202458311,0.00037718294373821604,6092886.988959503,0.15092605813680537,0.16743926428711825,1.6513206150312876,8153496.484277884,6984086.2250394765,
4300703,Anta Gorda,7,7,0,0,0,0,False,15840527.409195589,15263637.703057975,1.4340938212852683,2.0674284059708827,1.3984251890352175,0.0015010676323944305,0.0015123225928704233,16223722.864752756,-0.05513601636599558,-0.04246903290802454,1.2666983457971035,17816442.913564753,18606649.31565957,
4300802,Antônio Prado,7,7,0,0,0,0,False,29277908.782914806,29472812.649337642,1.3081478288144401,2.1493688512357587,1.2045408529548263,0.002898436530282852,0.002854073721770348,29882633.339020867,-0.013002458035013173,-0.0018403048778005435,1.1162153157212629,34327218.780588746,34390507.799842834,
4300851,Arambaré,6,6,0,0,1,1,False,10038696.134928714,9920641.002888186,1.3777514737077763,1.2962408076953216,1.3781030724271384,0.0009756228096960823,0.0008323278463278009,10288154.805119615,-0.04376263546891247,-0.0307868489065016,1.2975786562410871,11428655.51021815,11791684.313532026,legacy_snapshot_used
4300877,Araricá,7,7,0,0,0,0,False,9132959.421853999,7539678.785961548,1.6840392538670712,2.4282513386752527,1.5760581776248597,0.0007414725116274484,0.0013490646546196498,9328561.865839187,-0.1262646717978535,-0.11608691591474302,1.0177755883110484,9482429.57185658,10727785.053289201,
4300901,Aratiba,7,7,0,0,0,0,False,61648507.21368373,61404433.7943491,1.2367576311480406,1.2684222132435212,1.2460872287215456,0.006038678973344475,0.0015050748435523169,63175658.4854254,-0.07535407264591007,-0.06314912162660026,1.2204951019309809,67840894.92704377,72413760.28256707,
4301008,Arroio do Meio,7,7,0,0,0,0,False,55719392.88380931,56118569.25474691,1.3308443777726644,1.607674591569865,1.2927636509374298,0.005518852682654366,0.004562027546149543,56966225.09631575,-0.024508422036356267,-0.01235190985409226,1.2156512182264008,64640861.98731598,65449285.6638506,
4301057,Arroio do Sal,7,7,0,0,0,0,False,9513233.237508822,8827213.570459086,1.5126741392023353,1.532669153649487,1.5001270936770557,0.0008680921830445704,0.0021205967011744364,9703264.027481308,0.03580199649063557,0.04833157035355421,1.2529573862918642,11714542.826034348,11174463.459193135,
4301073,Arroio do Padre,7,7,0,0,0,0,False,4878851.857378636,5018994.017975994,1.2847051832466732,2.0837291141148087,1.275929692821726,0.0004935815179926392,0.0006593466715994417,5000901.085896292,0.03906137029842612,0.05428938009229877,1.5228009793872648,6041934.2981509315,5730812.063782701,
4301107,Arroio dos Ratos,6,7,1,0,0,0,False,13112187.675179193,15262205.797907723,1.1951048833142448,1.103096410754968,1.2107041839684107,0.001500926814948713,0.0027320558780000318,13366026.123363012,0.18820959395044326,0.24635394038814964,5.814434643770639,19196191.902842302,15401878.455861477,temporal_imputation
4301206,Arroio do Tigre,7,7,0,0,0,0,False,15787148.083627515,15890071.256219033,1.3632044305852762,1.876272457769752,1.3348919647531003,0.0015626728112377091,0.0024692925104457886,16151612.282667307,0.04066622201759249,0.05484861477089474,1.4182392753302249,19561058.627170525,18543948.72710625,
4301305,Arroio Grande,6,6,0,0,1,1,False,42463670.25137283,43494981.652659275,1.3751388902983985,1.739749246951493,1.3265551347287614,0.004277414755285774,0.003270844196316744,43410899.68878676,-0.00784365242930387,0.0044291728062182375,1.2272825235522107,50099729.59121626,49878807.73240132,legacy_snapshot_used
4301404,Arvorezinha,7,7,0,0,0,0,False,14038137.697642151,14697700.505175853,1.2526664363451028,1.4807640489072167,1.2646920937508046,0.0014454118296142937,0.0020400752425287897,14358652.044896808,0.06617607986595164,0.08050408865215777,1.432800878620613,17816994.575289488,16489520.736117491,
4301503,Augusto Pestana,7,7,0,0,0,0,False,14129825.855822807,17321422.43231327,1.0494263514533384,1.4675183314383886,1.0343194132715292,0.0017034357776303348,0.0016266692880831824,14468008.378668854,0.19544011039076858,0.21206991657012955,1.6629806179360966,20116990.774842672,16597219.764160953,
4301552,Áurea,7,7,0,0,0,0,False,7185823.765820727,7641692.14497429,1.2572550582739885,1.662318691606609,1.2040659401362948,0.0007515047827193639,0.000769011331863411,7361702.968261128,0.044174663379563814,0.058355260912978726,1.4180597533414914,8933189.975722509,8440634.544601204,
4301602,Bagé,7,7,0,0,0,0,False,115117686.09248537,109690797.4403385,1.4124564675480982,1.5338967807125408,1.3692331849928918,0.010787291261259347,0.022714353427547514,117261590.75211123,0.03467792458451555,0.04608314164096918,1.140521705645363,141451250.07355034,135219892.6097391,
4301636,Balneário Pinhal,7,7,0,0,0,0,False,10651080.661912555,9293436.426771875,1.5509522946516943,1.2112891101972243,1.6447930342097306,0.0009139418063590309,0.002767245722163063,10895608.079927085,0.019589211137295358,0.03418650300510689,1.459729186781153,12938712.8423374,12511005.32132308,
4301651,Barão,7,7,0,0,0,0,False,15196979.36604982,15139071.682359425,1.3001608333401913,2.363877969364101,1.2199654491542093,0.0014888174712333524,0.0014733633550581575,15539815.945373774,-0.02376261469687842,-0.01175422797682909,1.200838672004933,17640901.455317594,17850722.92209511,
4301701,Barão de Cotegipe,7,7,0,0,0,0,False,14789134.125464413,15217094.813258976,1.270773493428375,1.9779552367960263,1.209302984734846,0.0014964904780650021,0.0015380898935733593,15130174.987740587,0.011407878345478737,0.0244570271244313,1.3049148778952564,17796517.606466815,17371658.48373378,
4301750,Barão do Triunfo,6,7,1,0,0,0,False,8302225.218651901,8680406.69040206,1.3012959586826973,1.3239444987423012,1.2997547351354615,0.0008536547953029663,0.0012832235635540704,8505682.139223963,0.06489634486711807,0.08812613275544236,2.322978788832429,10611390.239693895,9751985.473249191,temporal_imputation
4301800,Barracão,6,7,1,0,0,0,False,12143653.823147612,13403414.880846443,1.197476897160826,1.698571546570794,1.1742190595358362,0.001318128262253083,0.0011193732761292086,12440992.0395805,0.060101961068798344,0.08178262175667211,2.1680660687873767,15430781.22622747,14264216.225964066,temporal_imputation
4301859,Barra do Guarita,7,7,0,0,0,0,False,4802260.51149454,5026784.7976593245,1.2802327104769409,1.6432714414137033,1.2741562376350373,0.0004943476844492382,0.0007090968332488007,4924480.647247319,0.06681647343099392,0.08254901546810155,1.5732542037107624,6106492.392079272,5640846.100108256,
4301875,Barra do Quaraí,6,7,1,0,0,0,False,12258995.810477499,13270017.489779817,1.1675727838953345,2.4455189381185414,1.1359266084250725,0.0013050096001181806,0.0008550998325956811,12561783.58853422,0.04297028116308156,0.061201704467101214,1.8231423304019654,15280985.746586302,14399699.587987266,temporal_imputation
4301909,Barra do Ribeiro,6,7,1,0,0,0,False,16874101.752945773,18463373.88636088,1.1949275173819403,1.2261890151643087,1.2294476208826133,0.0018157383885009533,0.002499968466416161,17257501.71131512,0.09119135603717544,0.12562825481391202,3.4436898776736573,22310750.76654725,19820709.609173454,temporal_imputation
4301925,Barra do Rio Azul,7,7,0,0,0,0,False,7710807.527562666,6749803.248954876,1.5864452125011688,2.2163336037611754,1.5221152856178572,0.0006637940037064078,0.000509593804913028,7890896.358756188,-0.15209702639305858,-0.14152776883460105,1.0569257558457528,7775434.182439887,9057292.595107622,
4301958,Barra Funda,7,7,0,0,0,0,False,6506743.666604474,7830749.329612441,1.0803848840063794,1.2876984850356243,1.0634315580842397,0.0007700971802888562,0.0006487496315524676,6664817.898910222,0.16354969282215276,0.1801734365747796,1.6623743752626847,9020031.79610856,7642971.377399768,
4302006,Barros Cassal,6,6,1,1,0,0,False,12179759.993886743,12277096.598332286,1.3051887721710245,2.5712993409831433,1.2459075780238509,0.0012073630599764742,0.0019553972698460086,12468610.302656788,-0.07624759770406966,0.06015575272019458,13.640335042426424,15167253.306155756,14306627.367949422,temporal_imputation;projection_changed_10pp
4302055,Benjamin Constant do Sul,7,7,0,0,0,0,False,4510969.70698367,4639222.389097513,1.330343118421537,2.398787654400493,1.310289841109127,0.00045623374343841284,0.0005124787075794537,4623654.905285691,0.01856332193538117,0.03326314080746448,1.4699818872083312,5474940.238823064,5298689.1940658605,
4302105,Bento Gonçalves,7,7,0,0,0,0,False,251372101.69999596,252354363.14988416,1.318594306675994,1.7323921694634286,1.1432177839251292,0.024817214204573956,0.02765795122785207,254998707.46651766,-8.859624278484253e-06,0.007785251468179246,0.7794111092457731,297566207.3888106,295267475.8390292,
4302154,Boa Vista das Missões,6,7,1,0,0,0,False,6529407.459523686,7939917.368691625,1.0265690893519188,2.1731862211830215,1.012244434252075,0.0007808330620715393,0.000518020417445321,6692021.36620577,0.1716179583954865,0.19214891886251273,2.053096046702624,9143296.755050654,7669592.791959848,temporal_imputation
4302204,Boa Vista do Buricá,7,7,0,0,0,0,False,16073374.4327318,15748375.050856438,1.3841949517321532,1.443402647798912,1.3739316066071396,0.0015487380211410935,0.0015073768467199896,16429688.78026246,-0.04126740148453538,-0.02954923385915882,1.1718167625376559,18322262.638085857,18880156.806869637,
4302220,Boa Vista do Cadeado,7,7,0,0,0,0,False,13546028.350784866,17495575.2655593,0.9344943186032472,1.564185686955975,0.922077899023087,0.0017205624407601225,0.0006301766405109695,13891321.1716186,0.2151744385754163,0.23222836460555737,1.7053926030141082,19606574.184820157,15911477.732535658,
4302238,Boa Vista do Incra,7,7,0,0,0,0,False,10089247.150846928,12848709.052149635,1.0789475444147119,0.909029254984279,1.0710687729081454,0.0012635769828558726,0.0005651763649677782,10347766.182179067,0.22650706950039023,0.2450219989328904,1.851492943250016,14754833.777528962,11851062.704253696,
4302253,Boa Vista do Sul,6,6,0,0,1,1,False,12682644.798029184,13759712.348132616,1.2636653187257065,1.3028982414535293,1.2508013055877236,0.001353167523931853,0.0007344026147761765,12998701.131778175,0.04941889119986353,0.06395211953314973,1.4533228333286206,15850043.139752809,14897327.472506592,legacy_snapshot_used
4302303,Bom Jesus,7,7,0,0,0,0,False,29615713.05254152,28381645.839119874,1.3989727510046353,1.625439811627659,1.3860219681749433,0.002791128219366063,0.0020204950592253084,30338424.43838495,-0.0725576210054953,-0.06016387429851934,1.239374670697596,32694361.72195364,34787300.496191315,
4302352,Bom Princípio,7,7,0,0,0,0,False,29302048.02429127,29518464.35253204,1.2813766242305415,1.94786521778113,1.172569945140502,0.0029029260428985147,0.00294179682473721,29906093.39943567,-0.008912250378794105,0.0016229823774184444,1.053523275621255,34474723.51721508,34418862.31023478,
4302378,Bom Progresso,7,7,0,0,0,0,False,5058745.9188965745,5486365.152366866,1.1912503769208935,1.7630589003514447,1.179316286729929,0.0005395440660953797,0.0005060769984643423,5186322.924499419,0.0552628017912951,0.07057177821754995,1.5308976426254852,6361465.7423732225,5942119.782911478,
4302402,Bom Retiro do Sul,7,7,0,0,0,0,False,14697624.887574367,13643926.633436399,1.459456835815738,2.068659457646622,1.417283792385095,0.0013417808419360318,0.002513248571884924,15018043.403693475,-0.013795059947700354,-0.0013392403230140658,1.2455819624686288,17241048.747497734,17264169.61959565,
4302451,Boqueirão do Leão,6,6,1,1,0,0,False,8682211.895068519,9047202.335173292,1.287018542305874,1.2667254690967074,1.2977634354622816,0.0008897264762993671,0.0014544780000341011,8895648.5815801,-0.04123796826465833,0.09746533811659662,13.870330638125495,11192309.948945608,10198326.598772742,temporal_imputation;projection_changed_10pp
4302501,Bossoroca,7,7,0,0,0,0,False,16587468.18920255,20926856.07959714,1.021071031731201,1.421774209426205,1.0131729291876126,0.002058003925405446,0.0012057338611678728,17004439.706755348,0.2191567884413346,0.2371511473281483,1.7994358886813693,24104681.66348884,19484023.20569096,
4302584,Bozano,7,7,0,0,0,0,False,6433837.379050571,8125325.527918538,0.9952932185415819,0.8788816468356843,0.9997268517061023,0.0007990666045606665,0.000535494603831683,6599222.319034189,0.22033944024974406,0.23849451000187954,1.8155069752135489,9359716.630043063,7557333.968342628,
4302600,Braga,7,7,0,0,0,0,False,6333798.798211221,7395097.09099284,1.05876987776348,1.181542867100919,1.065746738901148,0.0007272539546375396,0.0007110110108610856,6495305.704034848,0.14025425123937263,0.15692748373973353,1.6673232500360902,8607339.568153456,7439826.340999773,
4302659,Brochier,7,7,0,0,0,0,False,8506725.033351216,8447025.436766926,1.3741712620711244,1.5466312533006603,1.3574246613500858,0.0008307034482745217,0.0011560760133979384,8716875.25290533,0.0085635201418887,0.02291599356821625,1.435247342632755,10221176.770206075,9992195.678309575,
4302709,Butiá,6,7,1,0,0,0,False,22216462.735936772,22425142.78184257,1.3517563270641721,1.5646369361699461,1.325592150288672,0.002205349513432409,0.0036717402359780537,22618485.980945528,0.02214674791872953,0.06597101339991536,4.382426548118583,27817547.795666143,26095970.19617077,temporal_imputation
4302808,Caçapava do Sul,7,7,0,0,0,0,False,47283129.37327058,53705612.11538224,1.177866203999514,1.5189163514005892,1.1382287570339304,0.005281555916921404,0.00616566999332268,48287788.83024735,0.13188238927115203,0.1459174777549603,1.4035088483808273,63644091.378641695,55539855.717473544,
4302907,Cacequi,7,7,0,0,0,0,False,24658922.6723918,26546161.86134114,1.2345318576211937,3.0176770282292016,1.1400215669937008,0.0026106217344492827,0.0022160164210709675,25225605.04374798,0.042651468103842155,0.055727649048553145,1.307618094471099,30579088.057116006,28964940.043651037,
4303004,Cachoeira do Sul,7,7,0,0,0,0,False,100574164.11378351,102221025.50756156,1.3323334877530513,1.4873678158369086,1.2968334552557923,0.010052693579645515,0.015699775578913628,102661519.03073084,0.0508441036811501,0.06340158059779795,1.2557476916647845,125626791.6037719,118136735.82575455,
4303103,Cachoeirinha,6,6,0,0,1,1,False,189604337.61974585,201867705.0128808,1.2391198097863525,1.5087042434740183,1.1432790158929742,0.019852218973978576,0.026522933738787086,192986290.30566132,0.08010411808590132,0.09115507687810313,1.1050958792201817,243015112.08740664,222713633.6868776,legacy_snapshot_used
4303202,Cacique Doble,7,7,0,0,0,0,False,7737608.380537531,8321633.251190884,1.2070050726549297,2.126704447281183,1.1754297782787249,0.0008183720398131112,0.0009675694711071739,7926638.557580354,0.07150558677030827,0.08655058564740342,1.504499887709515,9875412.164841348,9088773.495950256,
4303301,Caibaté,6,7,1,0,0,0,False,7388617.297318265,8968877.576989036,1.0272799295024477,1.3977407096384067,1.0122875663461761,0.0008820238066204376,0.001072408256518386,7569638.356965773,0.20487679288252783,0.2302343072337645,2.5357514351236676,10677007.342421915,8678840.510007912,temporal_imputation
4303400,Caiçara,6,6,1,1,0,0,False,8565696.044139137,8122039.352278225,1.4706067462434638,1.9259966636793224,1.4509337609694521,0.0007987434331133352,0.0011459645382268175,8777986.282902868,-0.15477258411706665,-0.019342467945117833,13.543011617194884,9866850.837022388,10061464.389456393,temporal_imputation;projection_changed_10pp
4303509,Camaquã,7,7,0,0,0,0,False,86378829.55167189,89566728.67104013,1.27795700425222,1.5024773065772272,1.2352573734183974,0.00880823562266662,0.012140630768362377,88217142.0323151,0.053860609490065006,0.06685104219140627,1.299043270134126,108245446.43803924,101462568.02233003,
4303558,Camargo,7,7,0,0,0,0,False,14721334.350076515,13811487.314900393,1.4978033700657178,4.449067331669041,1.4189102066999084,0.0013582592149360122,0.0007498663285816391,15074464.684284622,-0.09196684666536666,-0.07996340643973578,1.200344022563088,15909290.534203207,17292019.30179652,
4303608,Cambará do Sul,6,7,1,0,0,0,False,15519440.031173076,15323713.615925599,1.3605602094849993,1.7395380425764304,1.277853786778096,0.0015069756610076928,0.0012947490292459633,15832979.508850414,-0.06946461505754235,-0.03269719057947425,3.6767424478068107,17633439.470373467,18229492.666248936,temporal_imputation
4303673,Campestre da Serra,6,6,0,0,1,1,False,10791533.712209513,11776691.016170206,1.266239748962394,3.6723661003344787,1.1503833528139613,0.0011581518144617498,0.000722619671561295,11026588.522784377,0.05709099756951333,0.07006311079757156,1.2972113228058233,13564103.639574852,12675984.71782178,legacy_snapshot_used
4303707,Campina das Missões,7,7,0,0,0,0,False,11273059.720269568,11291609.99881635,1.3369516083908974,1.512242072014431,1.328742947535701,0.0011104476283165983,0.0013575131662499735,11553522.624222463,0.001707949790985063,0.015773201657131516,1.4065251866146453,13450458.655741952,13241596.287240976,
4303806,Campinas do Sul,7,7,0,0,0,0,False,13839665.626812559,14256402.783745253,1.273894329804449,1.3586110202366461,1.2775165656060699,0.001402013411833703,0.0011944540483129413,14171956.666733796,-0.002760980708142155,0.010250367144253664,1.301134785239582,16423024.83294823,16256390.858211078,
4303905,Campo Bom,7,7,0,0,0,0,False,121898821.70105122,137082297.49211314,1.2376047763082918,1.1676922321791763,1.3004979186586225,0.01348104585176642,0.01352833234021527,123499352.78937618,0.10812514120031466,0.11707133974524245,0.8946198544927786,159948050.91117665,143185171.09896863,
4304002,Campo Novo,7,7,0,0,0,0,False,11027531.278092762,11178483.07301477,1.3031053027491832,2.2588828880819976,1.2197300794177672,0.0010993224188497214,0.0009603492243768842,11276316.160618374,-0.01754006889525608,-0.005546729039408601,1.1993339855847478,12881345.057570767,12953192.908831242,
4304101,Campos Borges,7,7,0,0,0,0,False,6244824.048054018,6957560.762365473,1.1966323237065148,2.0157961241877818,1.1703567895515739,0.000684225442452161,0.0008095761685616502,6397597.32354818,0.10987196185067903,0.125696283814299,1.5824321963619978,8257336.3235598095,7335314.544684048,
4304200,Candelária,7,7,0,0,0,0,False,38217533.516361564,37752169.81536901,1.36365143798161,1.6959858267112138,1.3514000095227232,0.0037126510249359005,0.005482450083993111,39092992.81823073,0.011981784787913133,0.025563450793611,1.3581666005697868,46038771.380679876,44891197.463261515,
4304309,Cândido Godói,6,6,0,0,1,1,False,15115622.081364783,14023130.192173589,1.4371624904284805,2.09962696244147,1.4188697691078938,0.0013790727509280238,0.0014587077104506745,15470781.105505133,-0.08548276703582464,-0.07368134057986994,1.1801426455954696,16446934.875769258,17755158.77664058,legacy_snapshot_used
4304358,Candiota,7,7,0,0,0,0,False,53087391.76007059,56288712.74915838,1.2478009152930678,1.082135138173517,1.4328994370385326,0.005535585056502074,0.0019076815937193446,54023601.06831674,0.021038055251859877,0.030850471933610703,0.9812416681750826,64281440.10493218,62357676.36052658,
4304408,Canela,6,7,1,0,0,0,False,55063575.190070264,53518176.83849085,1.378766349178293,1.6936758851058755,1.1076090158208693,0.0052631230221695715,0.010006392226695504,55665364.59013316,-0.001995907961768146,0.04818772798719983,5.0183635948967975,67795678.56254563,64678947.0553442,temporal_imputation
4304507,Canguçu,6,6,0,0,1,1,False,72236911.09846911,71875157.23957287,1.3722287481033901,1.6525855043897577,1.349538605593867,0.007068398386052368,0.009825683699548723,73863248.23345265,0.011626858167681884,0.024835993449020474,1.320913528133859,86958506.47089446,84851144.01402035,legacy_snapshot_used
4304606,Canoas,7,7,0,0,0,0,False,1024114047.6086402,1068739366.5481693,1.399838812106244,1.7353872431558215,1.3131702166542467,0.10510273512779869,0.07163693115824396,1045405629.804141,0.010837259686740132,0.023200293243710517,1.2363033556970386,1230856757.8066845,1202948011.190135,
4304614,Canudos do Vale,7,7,0,0,0,0,False,7284532.610053062,7233850.17025043,1.3861348681061312,3.899663952376187,1.3186014613111976,0.0007113964940335571,0.0004653278806273419,7461372.075165827,-0.03901925809331968,-0.026148805754470796,1.2870452338848883,8332835.8781913165,8556580.232616551,
4304622,Capão Bonito do Sul,7,7,0,0,0,0,False,9435123.211745214,11305380.19163536,1.025179981178437,1.2781488713231328,1.0198286121428126,0.0011118018265185317,0.0004551483933992054,9668628.528696015,0.13404027951023392,0.14961933795979596,1.5579058449562033,12740901.8935416,11082713.619059851,
4304630,Capão da Canoa,7,7,0,0,0,0,False,54468770.448763005,46216393.48155861,1.6727143836708105,1.8473002630988233,1.5477774732819103,0.0045450457938525325,0.011738376168252011,55226871.235172525,-0.037977238163563576,-0.03011820848078958,0.7859029682773997,62053304.38851477,63980275.66979608,
4304655,Capão do Cipó,6,6,0,0,1,1,False,12868607.255082406,18088454.380744446,0.8987607616174313,1.0195932366963987,0.8976392877086621,0.0017788677849408727,0.000800569204856507,13200444.283241883,0.35282233529016516,0.373580835863172,2.0758500573006824,20762722.745982565,15115763.269174516,legacy_snapshot_used;projection_outlier_30pct
4304663,Capão do Leão,7,7,0,0,0,0,False,29805073.537210125,30536971.7443331,1.306705369400744,1.4221630098687286,1.3257536106503924,0.0030030888290527454,0.00446658101384051,30413456.30724852,0.0520235946707008,0.06473275834241381,1.2709163671713006,37276003.93705658,35009727.69457025,
4304671,Capivari do Sul,6,6,0,0,1,1,False,12543022.66242767,13550754.838905632,1.1832288607492272,1.2807076502757064,1.1654582443519297,0.0013326180743348185,0.0009616690286756276,12816855.57412339,0.04659612011272403,0.05936030614044689,1.2764186027722864,15607898.715904543,14733324.087598288,legacy_snapshot_used
4304689,Capela de Santana,7,7,0,0,0,0,False,12047880.331817117,11388836.304081796,1.4776287547386866,2.0716857325600695,1.3131443507272909,0.0011200091275273677,0.0022049762947361383,12264641.868132692,0.015083650873559456,0.025509915724040384,1.0426264850480929,14512727.616808292,14151718.4712562,
4304697,Capitão,7,7,0,0,0,0,False,13590175.505750064,13918784.17664204,1.3225657428509745,3.342803602113286,1.283436449283255,0.0013688110800517323,0.0006814678860031069,13927314.777703796,-0.009490139564262022,0.004351458593542434,1.3841598157804458,16032797.787208436,15963334.00029128,
4304705,Carazinho,7,7,0,0,0,0,False,127233786.56693923,136428851.92387757,1.2138687522304585,1.5430336372144828,1.1727641705584746,0.01341678423791709,0.012823857678914948,129941322.9833335,0.047871626746600976,0.06028116233865487,1.240953559205389,158460868.88004088,149451744.036011,
4304713,Caraá,6,7,1,0,0,0,False,9109651.47713917,8734155.582482927,1.3983657660539768,2.77298570193796,1.3559154398910813,0.0008589406074893684,0.0015547586920669975,9334236.05737639,0.006751548521939767,0.02571721864682175,1.8965670124881984,10975591.709664054,10700407.003153961,temporal_imputation
4304804,Carlos Barbosa,7,7,0,0,0,0,False,94025916.5851413,109958134.19564834,1.1200272666803919,1.6119431554125074,1.0563114589378517,0.01081358188464492,0.007096049244982867,95935015.69856769,0.1344663475190962,0.1467070694835314,1.2240721964435208,126648077.25766759,110445013.0535159,
4304853,Carlos Gomes,7,7,0,0,0,0,False,3101489.749402685,3978239.707582674,1.0031064196802133,0.7429799143412377,1.0069190851842624,0.000391230909376358,0.0003822276213829685,3180826.1233240524,0.2523858399950651,0.2709221256152028,1.8536285620137705,4630072.865200878,3643081.485389708,
4304903,Casca,7,7,0,0,0,0,False,25789980.004932325,25908676.535712164,1.3284989731664265,1.3475813356955928,1.325140188858555,0.002547929694252576,0.0022440083519305247,26363201.864747982,-0.025969374357291734,-0.013780888468793644,1.218848588849809,29876034.678077992,30293506.10706822,
4304952,Caseiros,7,7,0,0,0,0,False,9467582.967286,9577661.482562756,1.3061484265864856,1.3564215278518437,1.3224855545635554,0.0009418932711319218,0.0007400618160908745,9705672.764764301,-0.02179063768102577,-0.00789384280631058,1.3896794874715188,11033055.42209811,11120841.597542994,
4305009,Catuípe,7,7,0,0,0,0,False,17659382.427425012,20974722.120001752,1.1021311490710937,1.6653099912750997,1.0754946802027192,0.0020627112019629763,0.0018112662042153837,18090568.605477765,0.14976168316155106,0.1657087352191225,1.5947052057571436,24180434.34332571,20743118.42467272,
4305108,Caxias do Sul,7,7,0,0,0,0,False,935469337.219658,955518795.0194311,1.2833231744822382,1.6140492951177796,1.1872681878755986,0.09396831628549751,0.10746734631381272,949938156.0252095,0.01938514736920097,0.028204550526188005,0.8819403156987035,1129815721.0542374,1098823887.2080944,
4305116,Centenário,7,7,0,0,0,0,False,6485815.047922161,6850386.884556509,1.2152228111639292,1.93209076116397,1.1911683005273161,0.0006736856719107649,0.000632623041316686,6645560.997366384,0.028510456776424463,0.04272401742950387,1.4213560653079411,7943876.286187436,7618388.138570428,
4305124,Cerrito,7,7,0,0,0,0,False,9416033.463680452,9209528.213863628,1.3648399103780555,2.0411435515460874,1.3472005756371792,0.0009056900445615535,0.0011438429277754517,9642741.073795218,-0.017744457898202958,-0.004384226354937607,1.336023154326535,11011799.543634607,11060290.360124728,
4305132,Cerro Branco,6,7,1,0,0,0,False,5879899.876732149,5987828.131696013,1.3636241530528748,2.6750572430504684,1.2786022717094603,0.0005888592989224962,0.000922221279609172,6015579.290935119,0.04610082520033509,0.0658956990009052,1.9794873800570107,7361785.781557281,6906666.185497976,temporal_imputation
4305157,Cerro Grande,7,7,0,0,0,0,False,4526339.416885501,4715332.366192171,1.2707979204145443,1.3906603270943496,1.2927082993973305,0.000463718605523169,0.0005916161485328461,4640338.3464093385,0.04648227479464841,0.06171342678359643,1.5231151988948026,5644857.22841278,5316742.81026432,
4305173,Cerro Grande do Sul,7,7,0,0,0,0,False,10011065.253859049,10484816.928199595,1.259488165714375,1.0349709500740898,1.3145371998314697,0.0010311054041428484,0.0020464648545729953,10254379.196284913,0.12096013466387033,0.13778233811530305,1.6822203451432718,13379442.431763051,11759228.44252059,
4305207,Cerro Largo,7,7,0,0,0,0,False,19042480.97406779,18499927.893260755,1.3279127698330886,1.771227913748037,1.2587694912869238,0.0018193332089270653,0.002958703811849296,19433487.42028643,0.010567900766024962,0.022401175354855366,1.1833274588830405,22868801.538219776,22367737.918809086,
4305306,Chapada,7,7,0,0,0,0,False,21117331.907890458,24765920.856961656,1.0595627745292757,1.9301025537663052,1.0335552035821407,0.002435547993738048,0.0019671424786832656,21631146.03939895,0.1344490559427605,0.15010933041979502,1.5660274477034526,28528353.534336694,24804905.742242537,
4305355,Charqueadas,6,7,1,0,0,0,False,56171399.728544,59469272.68294047,1.3067783047000976,1.5626275355809622,1.276930088176625,0.005848369968091948,0.007619872907411578,57306497.96672885,0.04609211362015723,0.08171505140701732,3.562293778686009,71371800.68457644,65980223.34231286,temporal_imputation
4305371,Charrua,7,7,0,0,0,0,False,6368591.755521685,6756557.560120843,1.234215705198087,2.9424489926289183,1.1842859066482463,0.0006644582410309298,0.0007201070440241643,6525064.023144368,0.04745375713826324,0.061926912540177854,1.4473155401914615,7943951.294206934,7480694.9521644935,
4305405,Chiapetta,7,7,0,0,0,0,False,10949133.144044189,13586112.738340462,0.9879976329490127,1.7059122819458938,0.9690269787190134,0.0013360952663006923,0.0008973097860301169,11219157.976396073,0.19997926422867832,0.21683334953125682,1.6854085302578508,15649821.049995858,12861104.650052872,
4305439,Chuí,7,7,0,0,0,0,False,10938872.599390468,12947251.559370765,1.082562181254045,1.3787477294942672,1.1024476883939027,0.0012732679209456177,0.0013100891804463319,11168410.206822606,0.1641613551788712,0.1785719872558556,1.4410632076984398,15143533.194723016,12849052.3773458,
4305447,Chuvisca,7,7,0,0,0,0,False,7311963.6735179275,7252758.323126934,1.3493102403808857,1.5754053853610495,1.3476733194001282,0.0007132559731972692,0.0010862011612801257,7493629.067712638,0.019212403326097364,0.03414211759889844,1.4929714272801073,8882041.260456892,8588801.393254803,
4305454,Cidreira,5,5,0,0,2,2,False,11593601.748570748,10971581.622607479,1.4747283990437172,1.406905146171422,1.47068319260214,0.0010789751676672837,0.003194465051465129,11841845.67096503,0.10093007172943672,0.11564867329488557,1.4718601565448852,15193028.983058486,13618112.356274636,legacy_snapshot_used
4305504,Ciríaco,6,7,1,0,0,0,False,10041504.244857598,10637942.814531302,1.2271875636304643,1.8984300623052868,1.216198098781466,0.0010461642201424043,0.0009910322980111177,10290841.159575755,0.02754697767450628,0.046698969971706,1.915199229719972,12345796.331165973,11794982.784304928,temporal_imputation
4305587,Colinas,6,6,0,0,1,1,False,12231385.21691631,11861857.073287379,1.454034822915511,1.993985725601585,1.4301698374923788,0.0011665272760787164,0.0006570896434361965,12533303.528162701,-0.06142732292861065,-0.048928747735112424,1.249857519349823,13664295.137694348,14367267.547151806,legacy_snapshot_used
4305603,Colorado,7,7,0,0,0,0,False,9827572.35749019,12370814.681897713,1.0018081152405014,1.5422635069626647,0.9856231059082049,0.0012165795511266746,0.0007976138227421347,10070151.287704486,0.21693681347415672,0.23439819206230075,1.7461378588144032,14249514.32299977,11543693.448864505,
4305702,Condor,7,7,0,0,0,0,False,19470643.911770463,21939272.72680011,1.1699461647124116,1.299465045975142,1.1570795989094111,0.002157567731175626,0.0014435558623086698,19929661.36068948,0.09030355520562865,0.10494181444512415,1.4638259239495508,25270757.39022245,22870667.99342084,
4305801,Constantina,7,7,0,0,0,0,False,17719544.74634653,17635101.211283866,1.291224738581766,1.2543168780307512,1.298100117536137,0.001734283801623163,0.00220408450277401,18128402.05558358,0.0007247086609070531,0.013838469554714987,1.3113760893807935,21101817.42430223,20813786.473865308,
4305835,Coqueiro Baixo,7,7,0,0,0,0,False,6870458.11879508,6482636.203662903,1.3732530254165372,1.4076879937577844,1.381237142510647,0.0006375200700654191,0.000449075523374234,7040872.2991980985,-0.08686160249586475,-0.07463002058729112,1.2231581908573625,7467919.672017567,8070198.7725570295,
4305850,Coqueiros do Sul,7,7,0,0,0,0,False,7316705.851109887,8919287.971027248,1.0228371759515655,1.2886733610757466,1.0186490047048193,0.0008771470299397698,0.0006463220122097931,7503056.912271902,0.1781757025038661,0.19547886383790172,1.7303161334035617,10274389.672960887,8594371.664570073,
4305871,Coronel Barros,7,7,0,0,0,0,False,9413283.646850113,9742598.811834496,1.3363372803385687,2.0278364807109486,1.3018980704451937,0.0009581136565446198,0.0006929429412302529,9640371.33766699,0.0012380923175178684,0.014953983631740216,1.3715891314222346,11222407.461436694,11057060.361771598,
4305900,Coronel Bicaco,7,7,0,0,0,0,False,15492693.491262825,17788407.213178564,1.1082563734880284,1.7454203301866136,1.0848754321575493,0.0017493603306769038,0.0013113185466621284,15876047.019582218,0.11054028123555239,0.12600478064297177,1.5464499407419383,20491120.08219942,18198075.562786307,
4305934,Coronel Pilar,7,7,0,0,0,0,False,5585839.064942698,5971169.352845374,1.2305021770187259,2.0901813805259066,1.1888324775875818,0.0005872210293163655,0.0005240065444376738,5720721.134548498,0.036518493210076206,0.05060084079906701,1.4082347588990802,6893260.613218971,6561255.564935668,
4305959,Cotiporã,7,7,0,0,0,0,False,10874315.59778551,12631981.99310017,1.1298895078076252,2.2642854532701087,1.0740076779291097,0.0012422634546044775,0.0009141175010920718,11122206.613069268,0.12437822954011017,0.13908462591187168,1.4706396371761508,14549781.068262657,12773222.23238253,
4305975,Coxilha,5,6,1,0,1,1,False,14103410.360359449,14957936.74749117,1.2545893289153254,1.6802816745269327,1.222786983249482,0.0014710041692462292,0.0006462728563221286,14448433.086061448,0.011892953880785411,0.03190129744008952,2.000834355930411,17094674.516061287,16566191.513150778,temporal_imputation;legacy_snapshot_used
4306007,Crissiumal,7,7,0,0,0,0,False,22279513.63217523,21341854.79570151,1.4267317577743543,2.420941128708878,1.3229361010266907,0.00209881602749725,0.002736329812677289,22769698.39809157,-0.03286833178235371,-0.021195513059167108,1.1672818723186602,25615343.99618857,26170031.23498858,
4306056,Cristal,7,7,0,0,0,0,False,15932595.103726268,15434910.14488043,1.4378256722595613,2.088575491509827,1.3343472976550614,0.0015179110300000576,0.0015245101843363875,16231362.221554954,-0.047500698690959686,-0.03760924575170755,0.9891452939252137,18010944.863264237,18714794.155864775,
4306072,Cristal do Sul,7,7,0,0,0,0,False,8010314.729771513,7457921.820622259,1.4202435316709512,0.6851621156401415,1.4803740140860813,0.0007334323093649817,0.0006296394000506221,8216018.700709484,-0.0990809773490457,-0.08682022610608649,1.226075124295921,8592200.423869068,9409100.671635382,
4306106,Cruz Alta,7,7,0,0,0,0,False,89400810.39792976,102696570.2685562,1.1212604159392012,1.3239914450818573,1.0687258965779247,0.010099459944411943,0.012149081988016132,91174237.57421115,0.14993783794407292,0.16279388543734322,1.2856047493270295,122107609.77035101,105012256.51390883,
4306130,Cruzaltense,7,7,0,0,0,0,False,6718419.379566435,7389506.65148487,1.1710070837257989,1.2118521964099502,1.1763404935675867,0.0007267041756163438,0.0004847004859567828,6887170.492367624,0.06367771231525128,0.07864894106800473,1.4971228752753447,8512277.372009274,7891610.558279505,
4306205,Cruzeiro do Sul,7,7,0,0,0,0,False,23771553.333935946,23274264.50413867,1.385838570246994,2.2256531216008946,1.3169842797957971,0.002288854452300706,0.0024716019206577015,24318679.276805133,-0.03232788499928724,-0.020351771476538116,1.197611352274912,27354340.835602757,27922615.525811303,
4306304,David Canabarro,7,7,0,0,0,0,False,9195516.105541492,9754467.197633198,1.2440270066087034,1.8433841071399348,1.2200842686026236,0.0009592808258733069,0.0010178464800802507,9422079.298418611,0.044808972731993635,0.05951043835306047,1.4701465621066834,11444053.627983486,10801265.578631314,
4306320,Derrubadas,7,7,0,0,0,0,False,8771578.058377359,9319573.00717395,1.2484495537745934,2.20490555959782,1.2340805951751133,0.0009165121487391549,0.0006687462718144158,8994292.255729225,0.027411904123605033,0.041985381546481765,1.457347742287673,10735886.062367117,10303298.158015667,
4306353,Dezesseis de Novembro,7,7,0,0,0,0,False,5200105.438010891,5040235.263671766,1.465031405939365,1.1315272146738276,1.4753426401658518,0.0004956704398477008,0.0005930139927655916,5333477.011044908,-0.033786495244043584,-0.019471661388080066,1.4314833855963518,5989227.838701386,6108163.938617018,
4306379,Dilermando de Aguiar,5,7,2,0,0,0,False,9011900.455181595,10444964.282711923,1.1145088413302238,1.2204962890388265,1.10671748188981,0.001027186186629264,0.0006915780336885195,9230347.783128748,0.09886524139328424,0.1346859328355261,3.5820691442241857,12011315.973564845,10585586.395302476,temporal_imputation
4306403,Dois Irmãos,7,7,0,0,0,0,False,59819395.64052541,56105391.21755422,1.3715486417983735,1.9148704839589383,1.1564225370497805,0.0055175567186467505,0.006908153283517733,60618347.78246718,-0.0527815655513649,-0.04623146481199962,0.6550100739365281,67016778.45085831,70265243.58726975,
4306429,Dois Irmãos das Missões,7,7,0,0,0,0,False,7906355.779703387,8759458.82384478,1.1595558627695546,2.6804177472812527,1.1451891823277769,0.0008614289970424912,0.000489352688836506,8108307.621008933,0.07130342724846514,0.08651571770258462,1.5212290454119481,10090458.5277933,9286988.08805948,
4306452,Dois Lajeados,5,7,2,0,0,0,False,10509111.457615338,10775667.427861791,1.2978370622993605,1.5672892380669057,1.2639709906836254,0.0010597084330801246,0.0007757108487453218,10757159.955728307,-0.03748386288298493,0.002977075280452149,4.046093816343708,12380994.762012606,12344245.015321648,temporal_imputation
4306502,Dom Feliciano,7,7,0,0,0,0,False,20122780.56495009,20532904.242575437,1.2872311009704478,1.105139458771048,1.3546291352475734,0.002019261630627502,0.0026468669736756907,20601146.05854453,0.0288236317230535,0.04331701812541646,1.449338640236296,24660553.382505096,23636682.766676262,
4306551,Dom Pedro de Alcântara,7,7,0,0,0,0,False,4583229.168220488,4434803.878882952,1.305847437230295,1.3552176469156478,1.297771203332372,0.0004361306713454548,0.0005844754993640797,4685809.271213729,-0.01998082899008768,-0.00794388849173291,1.2036940498354771,5340800.371439677,5383566.825993159,
4306601,Dom Pedrito,7,7,0,0,0,0,False,76156073.14289887,81583105.34243049,1.2764415172472776,1.6601932538427338,1.2459800980908353,0.008023104397663546,0.007004638656003073,77960857.14556254,0.037278081601917416,0.050880858928049874,1.3602777326132458,94006213.32900405,89454682.26045625,
4306700,Dona Francisca,7,7,0,0,0,0,False,4824373.323945648,5219947.596426314,1.2328930747287536,2.2471917838728714,1.1737727890509604,0.0005133438392750145,0.0006806068544167659,4938104.667399899,0.09294192180627746,0.10785677411215022,1.4914852305872763,6278025.279505417,5666820.320286169,
4306734,Doutor Maurício Cardoso,7,7,0,0,0,0,False,11917806.240160162,13092976.88387586,1.184090825077739,0.8865641927466603,1.19739157434284,0.001287598945573577,0.0010452364448481917,12220106.22118136,0.061967209695170895,0.077401671235156,1.5434461539985103,15082471.05077151,13998930.439267509,
4306759,Doutor Ricardo,6,7,1,0,0,0,False,5491744.1566429855,5348220.789596365,1.4281902554344412,2.6283839406221183,1.352150830730961,0.0005259585738564615,0.0005338178689259593,5619995.069691794,-0.05090515642839288,-0.031562005819575835,1.9343150608817041,6247131.550203074,6450729.512620925,temporal_imputation
4306767,Eldorado do Sul,7,7,0,0,0,0,False,130111623.80863166,122701556.8156282,1.2903990128968184,1.2601339600965942,1.3765024300433568,0.012066804713495376,0.007697121865446993,131057554.26789814,-0.07946577188376969,-0.07580491720453349,0.36608546792362,141246692.0604757,152832118.12081778,
4306809,Encantado,7,7,0,0,0,0,False,38666151.53587316,42647726.00668437,1.1629248607395977,1.901042951296582,1.0272751902780242,0.004194093331436624,0.0049687979696871375,39422252.80554056,0.10275692249869753,0.11457934085542627,1.1822418356728746,50622136.76049028,45418154.549355276,
4306908,Encruzilhada do Sul,7,7,0,0,0,0,False,45812064.55329698,47889162.7476343,1.2919164645029797,1.297447367237707,1.2907932827029527,0.0047095504716114485,0.004583740588826341,46809061.609386,0.0228626160383377,0.03538505606762061,1.2522440029282909,55716046.42451664,53811909.00719147,
4306924,Engenho Velho,7,7,0,0,0,0,False,3853780.964006415,4171020.519587683,1.1899306660633726,1.8214481642997657,1.1709454420937213,0.00041018949858536807,0.00035061386976442167,3951377.8065292654,0.0464139058494402,0.061449615411511525,1.5035709562071329,4804906.558870044,4526740.119461288,
4306932,Entre-Ijuís,7,7,0,0,0,0,False,16379105.930764174,18997183.383292522,1.1401372087008468,1.182091103694621,1.1349082674629851,0.0018682346658168325,0.0017325665147990138,16759003.151836013,0.12851960754183253,0.14374975913587693,1.5230151594044394,22004917.388185088,19239276.085015476,
4306957,Entre Rios do Sul,5,7,2,0,0,0,False,9330357.124652987,11349089.82083849,1.081244992596915,1.5250886612550563,1.0700349900405077,0.0011161003502975413,0.0006418635096832895,9560849.108619051,0.16316669607387838,0.19169433025316293,2.852763417928456,13060556.286461178,10959652.953695433,temporal_imputation
4306973,Erebango,7,7,0,0,0,0,False,7935593.747760121,8325326.7114639,1.2619539739799137,2.241086272931084,1.2307724615903997,0.0008187352647385987,0.0006769516239361118,8133131.510003351,0.01492895340442574,0.028894192525686233,1.3965239121260493,9590664.032733837,9321331.68055996,
4307005,Erechim,7,7,0,0,0,0,False,192447426.94789526,179471534.4703785,1.4267506076241183,1.8131230879399476,1.2320218671638299,0.017649718669336213,0.02342620401665875,195276425.60866654,-0.05246326924353226,-0.045006676583498745,0.7456592660033512,215879289.1638085,226053192.06996912,
4307054,Ernestina,6,7,1,0,0,0,False,7133178.935479812,9015573.40170968,1.082524451982765,1.3460918737298013,1.084260037221815,0.0008866160009858791,0.0007451123480900208,7306915.175377544,0.21171794582643494,0.23854859956600102,2.6830653739566084,10377546.932586227,8378796.711104123,temporal_imputation
4307104,Herval,7,7,0,0,0,0,False,15287917.982166868,15561690.35976977,1.3181864892887933,2.5666517750615925,1.2520317241689398,0.0015303789410380843,0.0012460118114571718,15648459.154892478,-0.014397164695550427,-0.001744807321335419,1.2652357374215006,17926209.070802208,17957541.520720746,
4307203,Erval Grande,7,7,0,0,0,0,False,8885752.236280806,9271353.53676228,1.2497970004426904,1.53524556482211,1.2461895432284769,0.0009117701149137808,0.0010059431284727815,9098871.402956193,0.03208321694649824,0.04631961473842606,1.423639779192782,10920866.58418459,10437409.784117203,
4307302,Erval Seco,7,7,0,0,0,0,False,14377380.605848264,13793216.882327111,1.3476066225497247,1.5270989746250503,1.3509487550025492,0.0013564624509208323,0.0013387276131051266,14730802.44637945,-0.061124810013191054,-0.04852595102611795,1.25988589870731,16068496.86995834,16888003.290565226,
4307401,Esmeralda,7,7,0,0,0,0,False,12318342.55688202,13210780.749274487,1.213884225000396,0.8311335389180317,1.2289003056323293,0.0012991840979966723,0.0007138052654139557,12633036.367252674,0.036580998440073086,0.05170635066406151,1.5125352223988426,15217570.01596941,14469409.646866573,
4307450,Esperança do Sul,7,7,0,0,0,0,False,7841165.034920112,7346374.372481981,1.4961515070675777,1.4375697615542464,1.4983810167816622,0.0007224624300257975,0.0006784483422738691,8039404.292948079,-0.08748865244166919,-0.07506216323720823,1.2426489204460962,8519059.969572777,9210413.533723308,
4307500,Espumoso,7,7,0,0,0,0,False,24602299.27403512,29061111.161729064,1.1439335759960636,1.4994304782745487,1.1207179825804852,0.0028579486866062384,0.003236005387991141,25145483.751225915,0.1725399820199624,0.18779345047109156,1.5253468451129155,34325364.567156725,28898428.892281666,
4307559,Estação,6,6,0,0,1,1,False,14030935.354150034,14636188.181592567,1.282894263635304,1.682924615097947,1.2931788254489216,0.001439362540465761,0.001255580896167432,14365256.308721341,0.009430056121840037,0.023217705770540765,1.3787649648700728,16863713.115173053,16481060.697120877,legacy_snapshot_used
4307609,Estância Velha,7,7,0,0,0,0,False,51113270.93479343,50237424.55621397,1.3378627874012008,1.8224090475508734,1.2340894701940326,0.004940484922613306,0.01011788809622121,51979494.73849818,0.06312039004709863,0.07364842292328716,1.0528032876188531,64460593.47826932,60038828.44884975,
4307708,Esteio,7,7,0,0,0,0,False,152065592.17374736,161302126.67133936,1.218506503256848,1.429825503777625,1.2142527970719093,0.015862889705134022,0.016033307336302885,155254456.86531863,0.04175873184263116,0.054406314493607125,1.2647582650975966,188337799.006656,178619756.36698246,
4307807,Estrela,7,7,0,0,0,0,False,65885491.01528724,62090358.69419479,1.4288712467134803,1.9278618948448236,1.2916415201210547,0.006106134692973191,0.006967754936269858,67109564.6993661,-0.06099151295348072,-0.05158154259306732,0.9409970360413404,73398691.77877672,77390619.30474846,
4307815,Estrela Velha,7,7,0,0,0,0,False,7721589.985224638,9246101.891083945,1.1087213013151198,2.0066393105475764,1.0847088363764483,0.0009092867994204597,0.0007782911875228737,7913850.645742751,0.15757459409956948,0.17429353186884286,1.6718937769273383,10650792.91847187,9069957.918887233,
4307831,Eugênio de Castro,7,7,0,0,0,0,False,8319321.036124285,10536143.785193672,1.0152217192354442,1.261180370225529,1.013316108813055,0.0010361530268134856,0.0006123231662576976,8528887.135984428,0.22372383183783554,0.24191272227196178,1.8188890434126248,12136053.852383876,9772066.615262717,
4307864,Fagundes Varela,7,7,0,0,0,0,False,10170204.032707432,9605230.164064752,1.4664322160458791,1.6192415643163849,1.4621770263075806,0.0009446044502279864,0.0006873030445947234,10420815.919837303,-0.08595809300595006,-0.07375679927652001,1.2201293729430045,11065046.258193407,11946156.52730363,
4307906,Farroupilha,7,7,0,0,0,0,False,139631956.18742427,141534089.38754565,1.288657360382391,1.7302038638516304,1.1834139324986706,0.01391884717084849,0.01500157065451714,142327251.71328384,0.0033539275011049367,0.014012832659430673,1.0658905158325735,166313234.0284596,164014920.39531028,
4308003,Faxinal do Soturno,7,7,0,0,0,0,False,10567014.166567832,9327393.584771652,1.5317603781104587,3.1009815484876952,1.2522573928323408,0.0009172812456036716,0.0014823599913783006,10759168.926194875,-0.08069356405873206,-0.07192565103110975,0.8767913027622309,11519499.07414894,12412258.874461234,
4308052,Faxinalzinho,4,4,3,3,0,0,False,5537053.085514356,5765041.697896758,1.2664334992076125,2.1174215534172034,1.242278494783675,0.0005669498752832253,0.0006112128464093298,5672856.769001233,-0.35510455344352404,0.041604062798441775,39.67086162419658,6774541.188832788,6503950.426836721,temporal_imputation;projection_changed_10pp
4308078,Fazenda Vilanova,7,7,0,0,0,0,False,11142210.24028498,9885616.902843729,1.581816430682639,2.117936895625826,1.5210559796707392,0.0009721784444698332,0.0009489913226958946,11394395.209125288,-0.13157853071412906,-0.12098568886236442,1.0592841851764636,11504449.175505726,13087897.466215843,
4308102,Feliz,7,7,0,0,0,0,False,24369415.590261474,23372484.87594253,1.4064466700142575,1.7381505585975816,1.2889770925815447,0.0022985137107176547,0.0030663299644376873,24801618.369325615,-0.026824519527932106,-0.017237591440341885,0.9586928087590221,28131454.38127101,28624878.33911008,
4308201,Flores da Cunha,7,7,0,0,0,0,False,84976045.13623463,83842149.95322171,1.3054913828569776,1.7929879566586504,1.2063722349071422,0.008245264986860078,0.006820982670585858,86678868.62941094,-0.04284851347333392,-0.03251876544164595,1.032974803168797,96568970.168615,99814825.0520826,
4308250,Floriano Peixoto,7,7,0,0,0,0,False,4518166.29490471,4871854.719725231,1.209136611184078,1.2211865282883485,1.2241514681196513,0.00047911143934204316,0.00045317850061858504,4632833.204050288,0.04997906672988973,0.06521070254018396,1.5231635810294235,5653224.961544156,5307142.472435771,
4308300,Fontoura Xavier,6,7,1,0,0,0,False,14253701.080567174,13722117.883226259,1.4436343315048945,2.0080127884943653,1.3466168742572393,0.0013494703820364571,0.0019173613905336686,14546630.098076815,-0.03419976281614133,-0.005613269997984177,2.858649281815715,16648745.019773249,16742726.463917613,temporal_imputation
4308409,Formigueiro,7,7,0,0,0,0,False,11031920.755959006,12405520.323416842,1.1939425310182712,1.3883793941599347,1.1720237595550684,0.0012199925982756786,0.0012995299366224424,11299279.18791381,0.10825948803997533,0.12360178855208236,1.5342300512107028,14560023.990501001,12958348.890903443,
4308433,Forquetinha,7,7,0,0,0,0,False,5731567.52837048,5400353.083864081,1.3988572626310443,3.406325986396121,1.298551330838164,0.0005310854054185111,0.00058274300933499,5864358.266181053,-0.06728791340566438,-0.05568476314911872,1.160315025654566,6357537.725381708,6732431.583528117,
4308458,Fortaleza dos Valos,6,6,0,0,1,1,False,13278520.286800109,16619916.8417197,1.0827162314202123,2.261547204276856,1.055884055506813,0.0016344478105107545,0.0010362744524157186,13607742.452440353,0.20967852703659406,0.22736613948286716,1.7687612446273093,19143544.598497733,15597256.582753364,legacy_snapshot_used
4308508,Frederico Westphalen,7,7,0,0,0,0,False,46541408.5503024,48771222.34603192,1.334155007508464,1.5894007385604774,1.264896198877171,0.0047962946107711615,0.006960543887106657,47423736.224592775,0.07316730148984472,0.08541655806655146,1.2249256576706737,59338218.092700765,54668613.30952949,
4308607,Garibaldi,7,7,0,0,0,0,False,90314513.07225391,90223145.60850087,1.3161539059601397,1.659443970734639,1.2030643824502967,0.008872789449044483,0.007955060021816694,91941780.01000085,-0.0270173251391201,-0.017791044478648953,0.9226280660471147,104198140.69985932,106085512.776201,
4308656,Garruchos,7,7,0,0,0,0,False,9785758.420923613,10765185.611754822,1.1378667396217381,2.480922121020049,1.0554456022870016,0.0010586776227849007,0.0006287605602040497,10009472.904050875,0.06561097605864809,0.07877890227615074,1.316792621750265,12400108.05716018,11494577.833323203,
4308706,Gaurama,7,7,0,0,0,0,False,14173897.287140772,13911702.156620616,1.450548013032453,1.5346356619190478,1.4418057240099913,0.001368114614947349,0.0014138616526282112,14508317.184242992,-0.03493515030995282,-0.022247532467472922,1.2687617842479897,16278588.20444388,16648987.085171776,
4308805,General Câmara,7,7,0,0,0,0,False,10039527.56431467,10734190.459801136,1.2307130168532903,1.127490520307598,1.2334217537912107,0.001055629475268303,0.0015861946585347757,10277072.435707673,0.09718069502878664,0.11266833407742116,1.5487639048634525,13121320.390977824,11792660.929689784,
4308854,Gentil,7,7,0,0,0,0,False,7434006.609235423,7945769.878299466,1.2369093755483802,1.8715417372286998,1.2174881598024057,0.000781408613778905,0.000539944816212746,7621411.027718217,0.03356965371677665,0.048206833029844035,1.4637179313067386,9153105.422768211,8732155.844005654,
4308904,Getúlio Vargas,7,7,0,0,0,0,False,29732033.688854765,26966709.65641094,1.4723282688207784,1.970244681376232,1.3436409489302108,0.002651979548054073,0.003608260220307162,30262542.35267283,-0.07721008904239707,-0.0683401848565227,0.8869904185874369,32537225.337307762,34923933.401911266,
4309001,Giruá,7,7,0,0,0,0,False,28440494.42779681,32403412.47464374,1.1366187598743407,1.6706055908896669,1.0877946707468615,0.0031866396851825806,0.003096400680932508,29094010.32491279,0.11370055636773296,0.12831776928785893,1.4617212920125966,37693555.51326202,33406861.55909112,
4309050,Glorinha,7,7,0,0,0,0,False,15508181.92204379,18055968.525717456,1.1726866734164245,1.2159785301099633,1.0804379456277111,0.0017756730376309374,0.0016031723982739728,15780271.547384117,0.13323919885260097,0.145424616144129,1.2185417291528027,20865362.504552074,18216268.63127113,
4309100,Gramado,7,7,0,0,0,0,False,125391062.72112998,119924871.1543773,1.3516864981675059,1.380215624416126,1.4646293495945524,0.011793737895969799,0.00886067309223559,126502827.52744555,-0.06735758208510423,-0.06264890447801283,0.47086776070913994,138059853.94341543,147287238.05089638,
4309126,Gramado dos Loureiros,7,7,0,0,0,0,False,5098459.616866854,5123653.065744668,1.36651748878552,1.054616569963074,1.3624692694243723,0.0005038739733102405,0.0004856356571740729,5228514.576997011,-0.019529111395053343,-0.005531873921347941,1.39972374737054,5955639.29790812,5988768.409694702,
4309159,Gramado Xavier,7,7,0,0,0,0,False,4810633.331431605,5341100.3752222825,1.1618369296937938,1.5298747169728024,1.1511894679506536,0.0005252583329470464,0.0007971152144804314,4930448.00740396,0.14010788216611114,0.1569905240422649,1.6882641876153763,6537784.380373248,5650681.007768066,
4309209,Gravataí,7,7,0,0,0,0,False,362707150.63992196,388752869.7486525,1.2788539325501855,1.5963711243754315,1.2563235401267527,0.03823101420071316,0.05259482113073498,369456466.1989715,0.090109242913422,0.10249635050998401,1.2387107596562017,469712170.6872443,426044195.4932264,
4309258,Guabiju,7,7,0,0,0,0,False,5841134.880575962,5895295.491863697,1.3286016579976372,0.9978669744023771,1.3726848478779614,0.0005797593875321418,0.00041519406389685945,5987245.8082560925,-0.024113404740638698,-0.01022998587295407,1.3883418867684627,6790942.643101734,6861131.925774885,
4309308,Guaíba,7,7,0,0,0,0,False,280628311.25452775,235664487.88302976,1.6055247746305843,1.5259442002884147,1.614451930745543,0.02317588649232379,0.01823721988479665,287034317.515072,-0.1863057581444559,-0.17644542600751909,0.9860332136936822,271470349.1783554,329632495.22409177,
4309407,Guaporé,7,7,0,0,0,0,False,36690722.457424484,37337597.70178217,1.2644769690035143,1.5275871134748589,1.2037208946573394,0.0036718808760955696,0.005415785230583727,37369821.35982102,0.04530768056141368,0.056339701213651734,1.1032020652238053,45525885.41430671,43097769.93329042,
4309506,Guarani das Missões,7,7,0,0,0,0,False,9844183.534847004,11119121.087717393,1.1594975599219706,1.6814304683927226,1.1398171670022805,0.0010934845998148322,0.0016243173953717027,10080054.564973315,0.1569423705821389,0.17360290275183768,1.6660532169698787,13570611.330317592,11563205.321406012,
4309555,Harmonia,7,7,0,0,0,0,False,19358917.322721377,18680533.808425598,1.3701729902155984,1.7070494852166447,1.3525968179864556,0.0018370944856781904,0.0011969089291352531,19840083.564722687,-0.06607786271251163,-0.053636263601093415,1.244159911141822,21519773.227056436,22739431.361712202,
4309571,Herveiras,6,6,0,0,1,1,False,4185446.1076971013,4343384.206866538,1.2455411442309796,2.2080424757332064,1.2259509255790504,0.00042714021223619136,0.0006480247327734276,4288383.414075104,0.06586431218942157,0.08135993757923599,1.5495625389814416,5316313.27981771,4916321.656708463,legacy_snapshot_used
4309605,Horizontina,7,7,0,0,0,0,False,134663559.481922,88577607.8630345,2.271685601666085,1.604565262052075,2.379949271046646,0.008710962793062731,0.004168314749268726,137859762.41647926,-0.3627628911533312,-0.354930976177417,0.7831914975914234,102036325.95499434,158178926.88497466,projection_outlier_30pct
4309654,Hulha Negra,7,7,0,0,0,0,False,11748580.094192259,14415164.053831061,1.1509576528025096,2.902878755228139,1.0966312162006684,0.001417626426793819,0.001232932714754552,12026686.418641835,0.18654088058799595,0.2032384251101496,1.6697544522153662,16604874.963748788,13800153.500108432,
4309704,Humaitá,7,7,0,0,0,0,False,12329828.3798589,12659917.527666183,1.2921512077892623,1.848216643739002,1.2672351959559476,0.0012450107110283035,0.0010490749263280955,12633300.689432522,-0.006556629479264134,0.006974840082587306,1.3531469561851441,14583917.07931002,14482901.159788577,
4309753,Ibarama,7,7,0,0,0,0,False,5936199.467113628,6394166.871812594,1.2340273874766141,2.432767220624289,1.2043319816820581,0.0006288197554298421,0.0008856303451029314,6080250.501995774,0.09568460504980605,0.11132669755999956,1.5642092510193508,7749055.4455870055,6972796.984541659,
4309803,Ibiaçá,7,7,0,0,0,0,False,11690900.01275776,14715203.609015431,1.0149949149098136,1.4687931909517888,1.0007191731342988,0.0014471331324354924,0.0010409543718450287,11976980.677048894,0.21676185071112758,0.23428788931550368,1.7526038604376097,16949736.423746444,13732401.144392839,
4309902,Ibiraiaras,6,6,0,0,1,1,False,15425327.131411266,15839548.772557352,1.2974465923188807,1.481708497936016,1.300107586207,0.00155770429282761,0.0016418472350096889,15782351.195796754,0.011423023990208215,0.02493454479526252,1.3511520805054305,18570733.138479933,18118945.48074732,legacy_snapshot_used
4309951,Ibirapuitã,7,7,0,0,0,0,False,7605987.492919873,8337604.284264473,1.1885693866086544,2.496042750487845,1.1370620940034355,0.0008199426746295982,0.0008831417746598831,7786939.985254681,0.08194916086607923,0.09653786135821417,1.458870049213494,9796654.087665187,8934168.561704447,
4310009,Ibirubá,6,6,0,0,1,1,False,59876011.636500575,57684670.09037299,1.3623444930111315,1.2124570131723542,1.3956083796609229,0.005672867296939478,0.005169940183095261,61191444.62035296,-0.06285681381519906,-0.0514299133688991,1.142690044629996,66714590.43752351,70331746.04363085,legacy_snapshot_used
4310108,Igrejinha,7,7,0,0,0,0,False,51945471.683179736,58341914.553478755,1.1862679018158002,1.4999720782968822,1.1496373141985134,0.005737502504439252,0.007044458532701691,52965717.35507554,0.12629062446810316,0.13954324637794174,1.3252621909838584,69530770.3209021,61016350.66673149,
4310207,Ijuí,7,7,0,0,0,0,False,121688467.5858669,122346808.25372542,1.3138494464197936,1.6949431240824422,1.1873310957960188,0.012031917775383367,0.018207245551980916,123840274.1011408,0.03699873709155755,0.04730629774055106,1.0307560648993512,149699955.87159434,142938084.29735947,
4310306,Ilópolis,7,7,0,0,0,0,False,7213453.027872795,7427654.297531453,1.298818702269698,1.4270830796872918,1.2870997318474051,0.0007304557188491273,0.000990531961725367,7382485.426592272,0.04304147183570141,0.057256297598212345,1.4214825762510936,8958226.191403728,8473088.513877181,
4310330,Imbé,7,7,0,0,0,0,False,20471581.63434005,16956287.917331852,1.7810039258173815,2.088784618842942,1.6358397767843,0.0016675274566539506,0.004928019029438363,20798092.66413959,-0.03317544508102872,-0.02395768438293696,0.9217760698091764,23470296.67453408,24046392.557986524,
4310363,Imigrante,7,7,0,0,0,0,False,14948106.955899546,14497802.386416804,1.3680936412539435,3.2987861347420164,1.24720167858237,0.001425753305107673,0.0008157251517095952,15284275.48067821,-0.05990800720828999,-0.04889123911409069,1.1016768094199296,16699940.117466066,17558391.641678207,
4310405,Independência,7,7,0,0,0,0,False,15691303.382389093,16765159.91624893,1.207393964417989,1.8158318362311663,1.176293920070499,0.0016487314093648862,0.0013726834699197676,16072421.726808216,0.033820061303236296,0.04781208171537721,1.3992020412140913,19312609.36838917,18431367.327596016,
4310413,Inhacorá,7,7,0,0,0,0,False,4840164.231724664,5482021.086064391,1.1410103953069892,2.8039558199597083,1.101763979877865,0.0005391168588040067,0.0005008873328197786,4957349.391832704,0.10223050131020976,0.11707894091878104,1.4848439608571282,6351005.629638808,5685368.685238305,
4310439,Ipê,7,7,0,0,0,0,False,16592496.549670447,15964201.70059387,1.4829674004703497,4.53509895871595,1.2722164419858193,0.0015699630006925985,0.0013290587482156489,16941417.454056334,-0.0667928763928702,-0.05649784643680974,1.0295029956060457,18388790.582494233,19489929.6340214,
4310462,Ipiranga do Sul,5,6,1,0,1,1,False,7966324.975464396,8642763.467246342,1.1775005266525556,1.59175141225149,1.1644623592848589,0.0008499528583887581,0.0005639117192700809,8166471.514102183,0.044069071735701966,0.06352592971142315,1.9456857975721185,9951868.685704723,9357429.29032775,temporal_imputation;legacy_snapshot_used
4310504,Iraí,7,7,0,0,0,0,False,9832689.353567045,9575809.44716982,1.361157427023281,2.2238498034882506,1.2923484669078167,0.0009417111369358363,0.001473918070412397,10059258.157667484,0.006088118418715203,0.01924945399768103,1.3161335578965827,11772029.486282613,11549703.990628183,
4310538,Itaara,7,7,0,0,0,0,False,14851843.421472212,9951320.414247079,2.43951331625312,4.568116699168813,1.3365363639633328,0.0009786399064241134,0.00129173230782371,14992293.433472808,-0.3166433284410469,-0.31432040273537526,0.23229257056716635,11961898.806234252,17445318.271031752,projection_outlier_30pct
4310553,Itacurubi,7,7,0,0,0,0,False,9043881.547506416,10165120.488256434,1.1780440662181146,1.2826448924050922,1.1698783746958226,0.0009996655870084135,0.00070052659510542,9274625.11310263,0.08685635036330497,0.10230601776890108,1.5449667405596113,11709964.514971498,10623152.124917908,
4310579,Itapuca,7,7,0,0,0,0,False,5936103.070633629,5597254.24338682,1.4241083628501996,1.7082863709911293,1.4128717033645253,0.0005504492008053279,0.0005471799745387577,6084561.060530127,-0.077037412189894,-0.06420465030214145,1.283276188775255,6525005.03285223,6972683.755010074,
4310603,Itaqui,7,7,0,0,0,0,False,64491134.28098969,74586941.57034804,1.1169557448987473,1.7627293057002469,1.0430875568381195,0.007335082630277157,0.006709438825400395,65907360.93880266,0.12534541457926113,0.1391086630599897,1.3763248480728574,86290643.03179702,75752775.68339644,
4310652,Itati,7,7,0,0,0,0,False,4988700.835172346,5187195.432272429,1.3017358471448859,2.4734204056111784,1.2418918623323445,0.000510122902401466,0.0005714331213528597,5107359.277526803,0.030331292949495457,0.04436904703842131,1.4037754088925851,6119838.868969268,5859843.209949256,
4310702,Itatiba do Sul,7,7,0,0,0,0,False,7028843.275605173,6708083.231599231,1.4290928663193332,3.1020438396351806,1.3156031724510984,0.000659691143766084,0.0007131221675321306,7188725.619092516,-0.056687785446299904,-0.04497722982269881,1.171055562360109,7884898.757978602,8256241.63548976,
4310751,Ivorá,5,7,1,1,0,0,False,4584368.207892827,4351573.599267076,1.4147064920283454,4.063108760084291,1.2527009744317672,0.00042794557935119836,0.0005187841339650825,4679272.423327541,-0.17667965937195038,-0.038312084869517135,13.836757450243326,5178597.839799975,5384904.768297247,temporal_imputation;projection_changed_10pp
4310801,Ivoti,7,7,0,0,0,0,False,33559006.44726914,32508019.011328377,1.3584763472498487,1.819110799285102,1.2967361317905388,0.0031969269764174036,0.0053680380946300454,34130818.71491418,0.014323157640928357,0.02428262690185051,0.9959469260922152,40376385.32143428,39419183.98397599,
4310850,Jaboticaba,6,7,1,0,0,0,False,7284084.35328732,7273964.25145661,1.3310533274959677,2.6426245250434652,1.2891286902635148,0.0007153414218465237,0.0007927400893191407,7463320.1065162085,-0.015420959875710079,0.0018743879368436351,1.7295347812553714,8572091.063709494,8556053.699867476,temporal_imputation
4310876,Jacuizinho,7,7,0,0,0,0,False,5262992.343778647,6387707.564512447,1.1244463082466756,1.8237579005010112,1.1156219979237991,0.000628184529587578,0.0005416364852556439,5396787.447294909,0.17251032170467487,0.1902317352340051,1.7721413529330237,7358051.091737848,6182032.350440749,
4310900,Jacutinga,7,7,0,0,0,0,False,10193520.651855962,9660545.17757571,1.4623919073695864,1.459537462548013,1.45434144777174,0.0009500442790539893,0.0008334166467093755,10442968.34364675,-0.08197172123690778,-0.06994058113528061,1.2031140101627176,11136108.087401692,11973544.766629023,
4311007,Jaguarão,7,7,0,0,0,0,False,37423562.82101629,39334555.64675566,1.2435503479619276,1.3071446310662092,1.2315619585714404,0.0038682671499817786,0.005036653037550149,38240743.136156864,0.06038774605419483,0.07381602894326988,1.3428282889075056,47203429.04693345,43958581.148565836,
4311106,Jaguari,6,7,1,0,0,0,False,15753200.050330801,17034423.051665194,1.2148963108200863,1.9190491351398367,1.1435212090016065,0.001675211478207808,0.002233712868046888,16096357.193344789,0.0795622853477835,0.10795209783698265,2.838981248919914,20501626.037085056,18504072.58320074,temporal_imputation
4311122,Jaquirana,6,7,1,0,0,0,False,7785059.726227549,8320654.070445056,1.2272976954331198,1.5934593547180995,1.2191005003500306,0.0008182757445162482,0.0007327561646790696,7977293.148778553,0.029008077364476623,0.050736344445531344,2.172826708105472,9608469.999399636,9144510.942438163,temporal_imputation
4311130,Jari,6,7,1,0,0,0,False,11303271.764358701,12472418.325896336,1.1258039493732241,4.09202925356419,1.0836512281191182,0.0012265715297301177,0.0007335410961944673,11580705.529554488,0.06469197964034602,0.08185744237899135,1.7165462738645332,14363912.194687469,13277084.051944405,temporal_imputation
4311155,Jóia,7,7,0,0,0,0,False,20328853.93468941,25730331.748473328,0.9930854794903778,1.6176029093094497,0.9815271944926841,0.0025303907829695295,0.0017100740713803697,20841796.818243664,0.22327994444857752,0.24121351970547694,1.7933575256899426,29638616.5423412,23878741.305826284,
4311205,Júlio de Castilhos,7,7,0,0,0,0,False,39367800.736581855,49338718.070351936,1.053704846755049,1.247282346030086,1.0187287243444243,0.0048521036832787166,0.0036891177417219386,40271528.441765785,0.21271118861134036,0.22893702075772024,1.6225832146379875,56828908.68771048,46242327.904380105,
4311239,Lagoa Bonita do Sul,7,7,0,0,0,0,False,4117040.4155134223,4610241.739782545,1.1612536030724374,1.1289945734835147,1.1733560815007424,0.00045338370758858676,0.0006167008777553739,4220622.295208476,0.13323117117925465,0.15021133554463265,1.6980164365377997,5562388.376058796,4835970.750909848,
4311254,Lagoão,7,7,0,0,0,0,False,7413212.731307729,7578882.312111788,1.3081985411537762,2.890601273313716,1.2687155948031108,0.0007453278929804837,0.0011653768375218922,7592997.537778507,0.054905691139838786,0.06982841817907635,1.4922727039237569,9315777.94769327,8707730.87477839,
4311270,Lagoa dos Três Cantos,7,7,0,0,0,0,False,6405058.107199259,7188429.555302344,1.155468537096503,1.5564007919789886,1.1483846654329353,0.000706929707264348,0.0004972984169215231,6565985.063754299,0.08504991640800137,0.10061512364813555,1.5565207240134173,8280509.988808491,7523529.170998157,
4311304,Lagoa Vermelha,7,7,0,0,0,0,False,45026915.71088275,46630025.36103494,1.3438850273373932,1.6339621912029356,1.2159547112371336,0.00458572347751401,0.005588104951564553,45981140.838868484,0.037232043687732516,0.04982662339775054,1.2594579710018026,55524967.968228504,52889655.04468028,
4311403,Lajeado,7,7,0,0,0,0,False,168505510.66964465,157439203.35808212,1.4736082078039026,1.9876095093829862,1.2149211165942286,0.015482999323512178,0.01991640863487291,170927231.22753376,-0.053978185169297144,-0.04683916427228998,0.7139020897007166,188659566.7637842,197930464.2954074,
4311429,Lajeado do Bugre,7,7,0,0,0,0,False,4033092.0783374985,4152975.6041323566,1.3153304715583654,2.1496576211380964,1.3003079987899762,0.0004084149125367319,0.0005706275085759194,4135724.224187022,0.04578592680157621,0.06130277496344442,1.5516848161868206,5027776.599116905,4737363.095361813,
4311502,Lavras do Sul,7,7,0,0,0,0,False,21907024.15384163,23268305.134687245,1.1971863867084698,1.4096420125190012,1.1904858313989575,0.002288268391705778,0.0014670877640972505,22432346.42209302,0.027609836649630685,0.041564574846145036,1.3954738196514351,26802056.7678715,25732496.491473485,
4311601,Liberato Salzano,7,7,0,0,0,0,False,9687048.30376379,9165195.511869488,1.411830290909488,1.5631839977516933,1.405490833732475,0.0009013302461101883,0.0010827892128049733,9929598.272646736,-0.0557587971557819,-0.04242541107214354,1.3333386083638363,10895887.56732934,11378630.650097832,
4311627,Lindolfo Collor,7,7,0,0,0,0,False,7740864.671069569,7943542.920829977,1.2211792442311777,1.612705063750512,1.1851286696036571,0.0007811896087264266,0.0012601091122783265,7921127.545957819,0.06457498002934506,0.07865637956763966,1.4081399538294597,9807789.281803748,9092598.410009893,
4311643,Linha Nova,7,7,0,0,0,0,False,5059935.586215893,4909910.669578106,1.4615443815424014,1.6046061712785549,1.4550052291532967,0.00048285396492182234,0.000473323703406238,5186168.004145336,-0.05139845906588233,-0.038248135646091495,1.3150323419790833,5716188.741782488,5943517.193618901,
4311700,Machadinho,7,7,0,0,0,0,False,11288169.553600121,11560145.458782364,1.3219326515088536,1.3713738108024696,1.2892572248446945,0.0011368561355772479,0.0011420168307596796,11530568.93601301,0.005061591818373026,0.017376227161291554,1.2314635342918527,13489742.03100323,13259344.646417229,
4311718,Maçambará,7,7,0,0,0,0,False,18542010.045206245,22599688.58316653,1.0716497505986733,1.076098973439363,1.0715076014169937,0.0022225148221114307,0.0009116390619977369,19012797.5381729,0.17743454994916352,0.19472297954854398,1.7288429599380457,26020915.013135187,21779873.20790284,
4311734,Mampituba,7,7,0,0,0,0,False,4895683.3031385215,5020418.498460496,1.3306172605043205,2.5155920844299784,1.3061872227037394,0.0004937216052765397,0.0006616833360718814,5016355.503471346,0.03639168607432439,0.05138620607471184,1.4994520000387443,6046083.29473965,5750582.66867733,
4311759,Manoel Viana,7,7,0,0,0,0,False,14517355.173245052,17347423.901330512,1.0987625884029213,2.6365593265343272,1.027667595179613,0.0017059928327895167,0.0014161237519455996,14857444.073333012,0.1569557030648279,0.1718559580470884,1.4900254982260497,19982980.7378269,17052420.649999313,
4311775,Maquiné,7,7,0,0,0,0,False,11094285.453146208,10030201.375021052,1.4584253086464993,1.4855975794268246,1.429500637332895,0.0009863972745779884,0.0014017785645977288,11347150.006878156,-0.07919659740014427,-0.06613634056956605,1.3060256830578223,12169741.310474962,13031603.904468583,
4311791,Maratá,7,7,0,0,0,0,False,9727780.90250786,9442432.77304941,1.39176301668465,2.6359742875954075,1.3585357193261396,0.0009285945121617526,0.000668057426867266,9970395.967966117,-0.06099750063570106,-0.04805694535513622,1.2940555280564834,10877354.563660383,11426476.101260426,
4311809,Marau,7,7,0,0,0,0,False,93110142.29476771,96943274.64863013,1.270974426270367,1.475786581518563,1.2201345671277435,0.00953366521037305,0.009742041086380472,94946633.49706163,0.02486027338334813,0.03604751608614199,1.118724270279386,113311815.8685974,109369323.42317021,
4311908,Marcelino Ramos,7,7,0,0,0,0,False,9769338.408198202,9240191.110467732,1.4395389989221272,1.9115656996897585,1.378972495720939,0.0009087055171836963,0.0010209604294829492,9988975.786697106,-0.061158784878576504,-0.04969771555308856,1.1461069325487947,10904994.783657977,11475290.507172493,
4311981,Mariana Pimentel,7,7,0,0,0,0,False,7186235.018748771,7981182.68561482,1.1805307749595315,0.8778404418713232,1.2903544988465727,0.0007848912055350397,0.0008335951866595624,7347161.593799725,0.09454929247742902,0.10939158111525259,1.4842288637823566,9364504.813721241,8441117.611787952,
4312005,Mariano Moro,7,7,0,0,0,0,False,5798093.654175871,5386306.07627613,1.4881469463005599,1.2751409063567076,1.4875606393735983,0.0005297039844995616,0.0005511214789709642,5944131.511686972,-0.08676992049184805,-0.07395357146479693,1.2816349027051115,6306908.38392302,6810574.707252129,
4312054,Marques de Souza,7,7,0,0,0,0,False,12427521.334015444,12606197.656953057,1.2475869019484949,1.1277973772151282,1.3748060919860368,0.0012397277528821118,0.000912939941247679,12687900.690086115,-0.017202963709918175,-0.0053834662512266636,1.181949745869151,14519067.58457335,14597653.559859956,
4312104,Mata,7,7,0,0,0,0,False,7259229.128158967,8168953.661308051,1.1197050449469979,1.3087132406928224,1.1545294102350443,0.000803357113819784,0.0010050433361386687,7439835.130619706,0.12767053454864175,0.14423910200777235,1.65685674591306,9756764.545029394,8526858.17842565,
4312138,Mato Castelhano,6,7,1,0,0,0,False,7962499.573765368,7733890.048049213,1.3549073330428825,1.6060553887864613,1.3460579798505137,0.0007605717751868725,0.0006104171620720622,8162801.574263273,-0.06756884143951795,-0.04802661656165364,1.9542224877864314,8903746.019666575,9352935.885148324,temporal_imputation
4312153,Mato Leitão,7,7,0,0,0,0,False,10904293.252695711,11400432.491790375,1.3563841587361123,1.7375008659028826,1.3317983558314668,0.0011211495281557861,0.0010150195198877518,11166900.661758997,0.014217372259690168,0.02880816376277947,1.4590791503089302,13177422.161896225,12808434.678143406,
4312179,Mato Queimado,7,7,0,0,0,0,False,4355012.56466678,5043879.384224639,1.0861425044847481,1.4370862200937344,1.0835233012944383,0.0004960288125709582,0.00043491310950935074,4465493.915170488,0.12033276701442414,0.13655295391952701,1.6220186905102878,5814034.741174938,5115498.333029362,
4312203,Maximiliano de Almeida,4,7,3,0,0,0,False,6931912.47772587,7476261.323879373,1.2576841345401457,1.2975937472640282,1.2329978907408368,0.0007352358659790076,0.0009185884630545471,7272804.445150459,0.01995727900650388,0.09648937291136302,7.653209390485914,8928038.054433294,8142384.481782853,temporal_imputation
4312252,Minas do Leão,7,7,0,0,0,0,False,22228420.264439452,19266584.953345824,1.7026298944103821,2.0303679364831453,1.3353861866936743,0.001894728348698354,0.001470098810240599,22441130.796177372,-0.1543241789178771,-0.15042342388767105,0.3900755030206038,22182457.813111436,26110015.78529694,
4312302,Miraguaí,7,7,0,0,0,0,False,11552960.848775113,10571055.808137016,1.4141242905422056,3.0159255256801702,1.3597557194944223,0.0010395863700728822,0.0009717073394488497,11834557.829559445,-0.10845833946025413,-0.09705194882617803,1.14063906340761,12253343.313951416,13570374.616814569,
4312351,Montauri,7,7,0,0,0,0,False,5948443.727370013,6902653.426739544,1.0881853772698855,1.1984679963159444,1.1378572515809502,0.0006788257057778171,0.0004854175742011215,6097028.148670745,0.12141529365877367,0.13793485592436658,1.651956226559291,7950954.955872046,6987179.375407506,
4312377,Monte Alegre dos Campos,7,7,0,0,0,0,False,8540320.870385403,9350262.638513828,1.16289903124953,1.8246491656349626,1.145068965779635,0.0009195302505279034,0.0006736366365288917,8753055.876956055,0.05904078098528049,0.07371139622548183,1.4670615240201337,10771105.651154157,10031658.124351509,
4312385,Monte Belo do Sul,7,7,0,0,0,0,False,6320162.4987484235,7109746.345634215,1.1670929449711305,1.9014615660237097,1.1314992981827403,0.0006991917864918921,0.0006430268944376615,6466243.813690847,0.09400147286531062,0.10850028188884009,1.449880902352947,8229294.179340884,7423808.828734348,
4312401,Montenegro,7,7,0,0,0,0,False,186053920.9517483,152543073.70062947,1.7532420329476506,1.6432347374797023,1.7865808816999493,0.015001500620792302,0.013039254871127445,189866678.13749906,-0.2049120340530339,-0.19601242518566803,0.8899608867365877,175706043.30918187,218543232.27539724,
4312427,Mormaço,7,7,0,0,0,0,False,6619626.848282411,6779286.424194287,1.316741551828214,3.447150286071532,1.239954910095835,0.0006666934593219735,0.0006811021197314982,6770111.498963207,0.006343307744083111,0.01905899405251381,1.2715686308430698,7923761.046523997,7775566.569520579,
4312443,Morrinhos do Sul,6,7,1,0,0,0,False,4890912.188822725,5306475.49331397,1.2098414254802117,2.486973881992525,1.1855045982515968,0.0005218532279177495,0.0006907102100950689,5013621.388806138,0.09232084813072367,0.1106669334187413,1.8346085288017635,6380757.550545943,5744978.407617978,temporal_imputation
4312450,Morro Redondo,7,7,0,0,0,0,False,8725990.77997952,8618026.174950011,1.3556537880135486,1.7675995595650436,1.3525649575078544,0.0008475201258055116,0.0012889417102844355,8927163.807602528,0.015702111407658353,0.029493498723534413,1.379138731587606,10552051.285054084,10249750.288017882,
4312476,Morro Reuter,7,7,0,0,0,0,False,10470440.659050439,9857660.78532835,1.4199600619514787,2.9313005709591504,1.2357525082388032,0.0009694291638628029,0.0013597510965882502,10681824.766772542,-0.03955153539010961,-0.0291663311786866,1.038520421142301,11940109.904138708,12298821.402264679,
4312500,Mostardas,7,7,0,0,0,0,False,28939250.928336512,28775556.03393961,1.346322462256407,3.2230133977059268,1.2691008029597182,0.002829866418936643,0.002267682149766084,29627495.850622848,-0.037073318082947886,-0.02482848756506403,1.2244830517883856,33148724.824209705,33992712.462897554,
4312609,Muçum,7,7,0,0,0,0,False,8744006.47606515,9062497.642958889,1.2344833535967044,2.492692242723526,1.1620827913980603,0.0008912306584537868,0.0011328298861538596,8941336.992149383,0.04241151833049282,0.055817053973122914,1.340553564263009,10844203.986841105,10270911.940694185,
4312617,Muitos Capões,6,7,1,0,0,0,False,22642798.904924832,25655518.63601882,1.1417811397120923,1.4178475113684947,1.1321821655021294,0.002523033458079563,0.0006797606905477591,23218962.18737084,0.054867046043955266,0.07332534376136976,1.8458297717414494,28546970.67315681,26596754.50606298,temporal_imputation
4312625,Muliterno,6,7,1,0,0,0,False,4917832.316229036,5504063.492361936,1.1537599464709432,1.1760686237909674,1.156039781379105,0.0005412845689709417,0.0005349905047438968,5551478.143631336,-0.008900516944917858,0.11014808394249659,11.904860088741446,6412880.767783159,5776599.410962307,temporal_imputation;projection_changed_10pp
4312658,Não-Me-Toque,6,6,0,0,1,1,False,67965860.29091974,55389321.09144541,1.7694410376908118,1.644889122958262,1.791013923972819,0.005447136435504732,0.0038657265769933436,69502472.2252767,-0.210205412205475,-0.200795454069973,0.9409958135501995,63803910.785650924,79834269.09991221,legacy_snapshot_used
4312674,Nicolau Vergueiro,7,7,0,0,0,0,False,6523666.58204253,6895957.576660737,1.2752966227288725,1.942789732696479,1.2600785180212712,0.0006781672176755577,0.0005384950897414028,6687180.7584282085,0.022014760058717046,0.036653202399966466,1.463844234124942,7943717.395614431,7662849.424690774,
4312708,Nonoai,7,7,0,0,0,0,False,20328339.518824607,22484290.594166838,1.1727143780309923,1.5188159553025258,1.1409970853746554,0.002211166270114803,0.002438136484610199,20803125.80439499,0.09446716524848871,0.10908922260922642,1.4622057360737712,26482984.47042043,23878137.061071575,
4312757,Nova Alvorada,7,7,0,0,0,0,False,12680333.117238747,14165775.971422452,1.1501688298886714,1.3668267277744977,1.1367726546263832,0.0013931009247024348,0.0009208817549759351,12989626.996870646,0.08069175052495813,0.09553471827850846,1.4842967753550331,16317564.69150759,14894612.118864236,
4312807,Nova Araçá,7,7,0,0,0,0,False,12640288.765194627,13952426.868557151,1.10062537577041,1.2340205349691995,1.1050747472748461,0.0013721195938465975,0.0011533383026849106,12946821.59949195,0.06790220985539178,0.0824850524413005,1.4582842585908722,16072278.108768439,14847575.098169759,
4312906,Nova Bassano,7,7,0,0,0,0,False,26249502.49554541,24706080.447310276,1.4619845400926401,1.6605115680611024,1.3705429020423963,0.002429663125151386,0.0021477219401309605,26750465.593286417,-0.08509067311726624,-0.07573212849408456,0.9358544623181684,28498202.532111973,30833271.836745415,
4312955,Nova Boa Vista,7,7,0,0,0,0,False,7610231.497848765,8358508.329766533,1.1310074442122315,1.5856461686738306,1.1135713514871561,0.0008219984353007885,0.0005551634656952966,7798124.94679143,0.06252156916941587,0.07711059485995361,1.4589025690537745,9628457.12478157,8939153.667904887,
4313003,Nova Bréscia,7,7,0,0,0,0,False,14967815.076547354,14969407.401386913,1.3005896520644749,1.876943607710075,1.2794528593537795,0.0014721322245381764,0.0008669982780879627,15337707.352146097,-0.032236249597714074,-0.019202125809055448,1.3034123788658627,17243938.288228113,17581541.25533006,
4313011,Nova Candelária,7,7,0,0,0,0,False,13062103.258309761,14244216.325088445,1.2115185705430733,1.95170152127334,1.1939647968208453,0.0014008149623553337,0.000778218584225617,13391621.408856673,0.05430750202048303,0.06928468042800094,1.4977178407517908,16406086.330548283,15343048.143158138,
4313037,Nova Esperança do Sul,7,7,0,0,0,0,False,6280268.643388572,7204819.241794765,1.0909560943036278,1.3432544687431052,1.0858117305062793,0.0007085415135963298,0.001104215188226908,6432508.572739262,0.18287880869561518,0.19993555368139002,1.7056744985774834,8851862.884726062,7376948.58492078,
4313060,Nova Hartz,6,7,1,0,0,0,False,24427731.1910507,19693202.13497752,1.7294604596676502,4.8951746174662905,1.3563929859086559,0.0019366830422798441,0.00394721974094735,24869206.162323806,-0.13933165692347954,-0.12010412981756641,1.9227527105913134,25247184.091539823,28693377.190536406,temporal_imputation
4313086,Nova Pádua,6,7,1,0,0,0,False,6941420.318645249,8380346.454779978,1.0814619189491508,1.1144461070953187,1.07754256830548,0.0008241460558908196,0.0006624196709158888,7112608.585615501,0.15700278367863604,0.18306939164291638,2.6066607964280344,9646218.527579961,8153552.611300641,temporal_imputation
4313102,Nova Palma,6,6,0,0,1,1,False,11703286.063288478,12720278.198510777,1.1948305967908202,1.8774681924973964,1.1582467962197993,0.0012509467435152565,0.0013305488083469865,11978254.494724244,0.0714272391546425,0.08585793278325521,1.4430693628612712,14927234.80179555,13746950.08538942,legacy_snapshot_used
4313201,Nova Petrópolis,7,7,0,0,0,0,False,36017384.36782089,36242080.609973304,1.3377981327447115,1.7854468869864248,1.208203464619646,0.0035641447466590263,0.00484016475733311,36661388.634325355,0.02309225182113561,0.033360175033108196,1.0267923211972587,43718215.43309746,42306851.46318587,
4313300,Nova Prata,7,7,0,0,0,0,False,48770106.88071349,49840802.081193365,1.304765048866902,1.7063038441851146,1.237948057543381,0.004901479990033288,0.005683631063749429,49666946.44306904,0.019429071495127036,0.030271867736639285,1.084279624151225,59020663.00250241,57286493.83794436,
4313334,Nova Ramada,7,7,0,0,0,0,False,7965358.353646269,10616195.534990426,0.9971918622498105,1.5880695246095478,0.9773100013390219,0.0010440255335431475,0.0006761967326036293,8166020.349157387,0.28862332643714467,0.3070379179875285,1.841459155038383,12229030.865174688,9356293.874017032,projection_outlier_30pct
4313359,Nova Roma do Sul,7,7,0,0,0,0,False,11987474.225381896,15203243.368799457,1.0003231375502109,1.6391605389568513,0.9839196797286279,0.0014951282893558239,0.000913458143878148,12283043.08627728,0.22598857919711293,0.2436672193922258,1.7678640195112867,17511784.689920258,14080764.063619995,
4313375,Nova Santa Rita,7,7,0,0,0,0,False,82782138.83871284,79020024.12569356,1.3631101909072938,1.532754556570325,1.2992213015490583,0.007771044021985791,0.005548680504139617,84284116.79729459,-0.07312790503845225,-0.06408875576173811,0.9039149276714133,91005961.66177274,97237812.048986,
4313391,Novo Cabrais,7,7,0,0,0,0,False,8090268.208982868,7844856.409036635,1.4163699843378432,2.7223111006033447,1.3142077864833466,0.0007714845088355127,0.0008767000217826824,8274779.332393775,-0.036711685351924275,-0.02457414701369234,1.2137538338231935,9269487.365581235,9503015.874761065,
4313409,Novo Hamburgo,7,7,0,0,0,0,False,327517234.48766327,332331793.03346735,1.320817408923738,1.5687562287701446,1.207022159392983,0.03268241211190441,0.05002462508240081,332119080.96775484,0.050163367654505575,0.058655832901310614,0.8492465246805039,407274752.15046877,384709307.30557406,
4313425,Novo Machado,7,7,0,0,0,0,False,9152186.771805173,9974920.037822934,1.1908646747779017,1.5110670544923148,1.1861784766806875,0.0009809607575721534,0.0006905541250681109,9387475.093486033,0.053595531129737466,0.06887205193188703,1.5276520802149565,11490769.979550099,10750369.942577878,
4313441,Novo Tiradentes,6,6,0,0,1,1,False,5639379.095908381,5381226.075227802,1.4169995192658837,3.107563976784246,1.381765622405336,0.0005292044033843306,0.0005428670823600345,5777088.121879889,-0.06256903426124569,-0.05011117449489485,1.2457859766350838,6292201.239706544,6624144.921760349,legacy_snapshot_used
4313466,Novo Xingu,7,7,0,0,0,0,False,6419202.368969371,5672309.459090469,1.5185913888097133,1.997440910266879,1.5094527780872657,0.0005578303347870758,0.00048726435266551783,6583274.003295552,-0.14483172080646292,-0.133127665656626,1.1704055149836912,6536341.664948866,7540143.347520624,
4313490,Novo Barreiro,7,7,0,0,0,0,False,6834966.280861977,7410855.403140964,1.1951055509387198,1.3096913126350598,1.1823886711586427,0.0007288036698998441,0.0008688770028724424,7007209.509791912,0.08089166281110388,0.09643482657945383,1.5543163768349952,8802737.136331005,8028509.240073021,
4313508,Osório,7,7,0,0,0,0,False,66489978.393592566,73670187.67208944,1.1883449549314138,1.3676597710955882,1.1226276431537878,0.0072449265593379384,0.009748740254554824,67636247.5550527,0.12523485939434448,0.13654877422855347,1.1313914834208987,88765214.09398592,78100664.13932513,
4313607,Paim Filho,7,7,0,0,0,0,False,8440216.973711196,8298571.926482252,1.6135575134190798,1.7090939943910537,1.6026899256386098,0.0008161041264392679,0.0008357863626026478,8648143.476649716,-0.03437816543568337,-0.021406661113579393,1.2971504322103973,9701846.557953035,9914073.77552063,
4313656,Palmares do Sul,6,7,1,0,0,0,False,21398484.028068192,22808082.14752844,1.2938577085150949,1.6081237872537908,1.2557963532097025,0.002243008811837111,0.0022105850416108607,21883941.05708936,0.029272197684734266,0.05696247440559334,2.7690276720859077,26566914.054333396,25135153.515524663,temporal_imputation
4313706,Palmeira das Missões,7,7,0,0,0,0,False,51389809.50639751,59053494.363187775,1.1387235913764557,1.3128301693956532,1.1122350568240293,0.005807481197657685,0.006256567620789074,52531462.560219176,0.13490930337533036,0.14952098692721727,1.4611683551886911,69389290.61680305,60363657.04143206,
4313805,Palmitinho,7,7,0,0,0,0,False,15498260.804087523,15750860.893523978,1.2522113791984744,1.483535852305884,1.248084749993796,0.0015489824856678373,0.001491524209160913,15877288.933784937,-0.007838357266783428,0.00562045914984381,1.3458816416627237,18306933.352268115,18204615.057001606,
4313904,Panambi,7,7,0,0,0,0,False,81127689.6158282,75374512.82079403,1.4486421705435266,1.6327012537169143,1.4359928719500608,0.007412534528392638,0.009195002164596735,82741950.69431536,-0.06668631838798346,-0.05622750710519104,1.045881128279242,89936287.9818355,95294457.78396894,
4313953,Pantano Grande,7,7,0,0,0,0,False,22069702.173019208,23477628.4240979,1.2603045011286351,1.9652061230274671,1.2701031456485332,0.0023088538131206034,0.0018368423394910286,22523247.61805945,0.030846746782641356,0.043061998335199504,1.2215251552558148,27039903.08813577,25923581.849682342,
4314001,Paraí,7,7,0,0,0,0,False,19995273.411871158,18755693.05036179,1.441289876190752,1.682938092010705,1.4181886476373038,0.001844485849882486,0.001750522855899056,20465863.30128696,-0.08498584493996512,-0.07308078422713597,1.1905060712829152,21770468.123994824,23486909.92002214,
4314027,Paraíso do Sul,6,6,0,0,1,1,False,9917935.734968144,10253536.65757155,1.29166491092319,1.6742333925938335,1.2673279190237166,0.001008360673495735,0.0013158061979974545,10150874.604359662,0.042264455843068545,0.05649663607914286,1.4232180236074317,12308012.924050463,11649836.358900117,legacy_snapshot_used
4314035,Pareci Novo,7,7,0,0,0,0,False,2408036.596006774,8274687.21258012,0.3374551935189301,1.775999458515483,0.2523097329900453,0.0008137552387334028,0.0009257153320168107,2452945.49286997,2.4188330963281146,2.4570842347816884,3.825113845357375,9778485.12786086,2828535.3968178225,projection_outlier_30pct
4314050,Parobé,7,7,0,0,0,0,False,36348542.26876348,34768410.35610955,1.4066346658947604,1.6636562553313095,1.4175606894808015,0.003419220007096177,0.010373538275119661,37095729.41841233,0.11971371346457921,0.13429255150811006,1.4578838043530857,48429570.09525016,42695837.18138688,
4314068,Passa Sete,7,7,0,0,0,0,False,7379238.749282881,7696982.245252125,1.308596405169658,2.2794338854857155,1.2764583630217121,0.0007569421615102843,0.0009951703974914487,7557341.101887093,0.05225180995661786,0.06689200373001476,1.4640193773396906,9247632.383019704,8667824.250897553,
4314076,Passo do Sobrado,7,7,0,0,0,0,False,10331588.442915538,9781492.481998395,1.42670046564397,2.838421959702152,1.3295367610174096,0.0009619385658174832,0.001283607548537963,10568139.853129422,-0.04204042590763231,-0.02984582427938318,1.2194601628249129,11773521.744809628,12135722.382542364,
4314100,Passo Fundo,7,7,0,0,0,0,False,343958421.5863541,320962459.8098337,1.4635525116384815,1.7423476442062147,1.377032810195223,0.03156432097033571,0.04485350063501618,349148264.4031147,-0.044344192817545966,-0.03613137470786356,0.8212818109682406,389423652.96379066,404021505.3641374,
4314134,Paulo Bento,7,7,0,0,0,0,False,7856600.349565748,7660545.34004357,1.3723145935921461,2.1446339643829133,1.3313262122487854,0.0007533588571828875,0.0006806046556193853,8046267.238197555,-0.053209207491581825,-0.04069736197008928,1.2511845521492544,8852966.806566281,9228544.210768916,
4314159,Paverama,7,7,0,0,0,0,False,11024052.094777532,10646236.750184761,1.400556705238391,1.7464477312918945,1.3741787245897614,0.001046979868325149,0.0016177459752589696,11268457.807447791,-0.004017520126474075,0.008892393289364158,1.2909913415838234,13064254.724657152,12949106.179760981,
4314175,Pedras Altas,7,7,0,0,0,0,False,12867608.865299199,13605441.663817445,1.2755670413128886,1.6322038554355116,1.2283582457867586,0.001337996125385984,0.0005019450209873315,13177526.587484915,0.0007864545933708965,0.013686425529975288,1.2899970936604392,15321455.255285636,15114590.537478369,
4314209,Pedro Osório,7,7,0,0,0,0,False,12578972.7486154,12300854.165876469,1.4107770299572553,1.7338203753105714,1.3118090216429394,0.0012096994437637973,0.001433679885865894,12839759.975296197,-0.023042085122447785,-0.011778947103143983,1.1263138019303802,14601511.444943905,14775551.88906496,
4314308,Pejuçara,7,7,0,0,0,0,False,11785870.53070874,14926785.891336838,1.0150901132172363,1.5581345993289961,1.0075424344913413,0.0014679407093551918,0.0008574467554184569,12082126.23246077,0.22387360801964779,0.24194688209276138,1.8073274073113599,17193457.627412274,13843955.708025273,
4314407,Pelotas,7,7,0,0,0,0,False,309277603.199995,308521657.89406335,1.3365551002009632,1.579299887781296,1.285188241382817,0.030340858684340007,0.0675867649685243,313687684.7498311,0.09717934532761052,0.1066854734825715,0.9506128154960978,402041806.3476859,363284615.1694042,
4314423,Picada Café,7,7,0,0,0,0,False,10372893.784793876,11490410.62719974,1.231010941216312,1.3094171033480067,1.2277265316224562,0.0011299982226356834,0.0012802160646680641,10599669.871990083,0.09957424730085601,0.11395282109986934,1.4378573799013332,13572669.179323358,12184240.591017388,
4314456,Pinhal,7,7,0,0,0,0,False,13902221.087791437,14018501.424192477,1.2342593627933522,1.6725092154405612,1.2106748817763975,0.0013786175452994915,0.0006251036112645697,14246421.045316165,-0.02525938835653906,-0.01300541780735662,1.2253970549182438,16117493.165926572,16329869.947331414,
4314464,Pinhal da Serra,6,7,1,0,0,0,False,16724510.153284255,18693180.85617798,1.2376556983093878,1.2493150938237338,1.2378474407249616,0.0018383382307405253,0.0004996624464872723,17153415.439764515,0.036544548045084224,0.05457819904194508,1.8033650996860855,20717184.35585529,19644995.861545663,temporal_imputation
4314472,Pinhal Grande,7,7,0,0,0,0,False,12154390.39629794,17477195.03063953,0.9310463470891437,1.150370414722474,0.9233286553996736,0.0017187548784836446,0.000997647953046404,12459518.903761484,0.38868623768200833,0.4099806721923928,2.1294434510384486,20130051.050580554,14276827.652736643,projection_outlier_30pct
4314498,Pinheirinho do Vale,7,7,0,0,0,0,False,11160624.041940063,10376789.932724806,1.437888376677459,2.27431817324855,1.4184712013276992,0.0010204817356906327,0.0010488129278718988,11442592.965727987,-0.08680133223641112,-0.0742838754848691,1.251745675154202,12135700.290653624,13109526.742887868,
4314506,Pinheiro Machado,7,7,0,0,0,0,False,22364653.433923423,24675928.082333438,1.2120655047725233,1.445883288040653,1.1975647969039585,0.0024266978595975657,0.0022231514359517925,22881506.004868187,0.07255611224989933,0.08685828264680087,1.4302170396901541,28551808.833900105,26270038.41233886,
4314548,Pinto Bandeira,6,7,1,0,0,0,False,7226486.618802541,7714684.521864669,1.1984666642227306,1.4939228697561446,1.1692422479810172,0.0007586830515235122,0.0007888756636950311,7394741.330147192,0.03821266690543564,0.06412248440481079,2.5909817499375145,9032695.243696209,8488398.070780745,temporal_imputation
4314555,Pirapó,7,7,0,0,0,0,False,4830539.858722827,5461521.458231648,1.1415576910001553,1.2584233847207753,1.1435239346137251,0.0005371008696659982,0.0005280052445424811,4952516.279586369,0.10477147722877528,0.12090505291494122,1.613357568616594,6360086.643246824,5674063.674445272,
4314605,Piratini,7,7,0,0,0,0,False,37609894.2283092,39170138.19909706,1.2867575579600838,1.3020883463678987,1.2710116870946564,0.0038520978911404354,0.003422063310804281,38470137.6256576,0.010551463459269658,0.02318161406531886,1.2630150606049204,45201554.92647659,44177450.32270583,
4314704,Planalto,7,7,0,0,0,0,False,13513818.448960587,12886775.396670029,1.4251881440512086,1.8301841309352775,1.3548013398905907,0.001267320530675518,0.001907373972712039,13814858.05366316,-0.019879923274724647,-0.00740431043767668,1.2475612837047967,15756109.855686976,15873643.23799804,
4314753,Poço das Antas,7,7,0,0,0,0,False,7534135.783559725,10272093.094120571,0.9205962417488986,1.2161430983550252,0.9112759161548164,0.001010185563919512,0.0005614771628327573,7723795.4025071515,0.3176935578634117,0.33698890553396493,1.9295347670553242,11832044.152169405,8849769.884548098,projection_outlier_30pct
4314779,Pontão,7,7,0,0,0,0,False,12622439.380501224,14885814.603944784,1.1136288281871587,1.8823518321848336,1.1085763839970704,0.0014639114815552278,0.0008279047223668128,12943477.224181453,0.13959082665183467,0.15647382754927983,1.6883000897445155,17146585.027003285,14826608.79869556,
4314787,Ponte Preta,7,7,0,0,0,0,False,7569173.676859212,7071209.145362171,1.4882571416507446,1.5109385287647925,1.4864530257818476,0.0006954019334374083,0.00047843590444171915,7752686.453675246,-0.09531007652075857,-0.0837851227281587,1.1524953792599866,8145998.860081461,8890926.203182073,
4314803,Portão,7,7,0,0,0,0,False,45327060.293946624,44282479.3028548,1.3646636323634889,1.7130093369039732,1.2520313421370661,0.004354859415352513,0.006891488841951694,46150556.19659721,0.013624259178492968,0.024078150234436706,1.0453891055943738,54524185.778097905,53242211.803480014,
4314902,Porto Alegre,6,6,0,0,1,1,False,2656053421.2196198,2808169901.7117505,1.264161895209011,1.4586555385330284,1.0611500868512735,0.27616306333576424,0.36271237949136625,2676713375.044371,0.07656279860386854,0.08129641414912733,0.4733615545258793,3373495255.2359037,3119861687.4083586,legacy_snapshot_used
4315008,Porto Lucena,7,7,0,0,0,0,False,7089862.294681767,7645367.259077883,1.2234499169011779,1.7581671365348959,1.2019481501150602,0.0007518662034326684,0.000981776447987728,7265836.161055723,0.08645944906447875,0.10207746002428428,1.5618010959805528,9178008.495459361,8327915.984469117,
4315057,Porto Mauá,7,7,0,0,0,0,False,4760519.871086126,4901917.436822005,1.297831851402383,2.6605826546534876,1.2303110257788747,0.0004820678886795924,0.0005355055603793705,4874538.076064384,0.01955610998300818,0.03332644809224049,1.3770338109232307,5778171.964919299,5591816.579927031,
4315073,Porto Vera Cruz,7,7,0,0,0,0,False,3994370.0666801026,3901574.3388069966,1.4158493484986594,2.4066689148846776,1.3772018469686436,0.0003836914285636225,0.00039586493874671177,4093338.622450141,-0.04012551210707286,-0.02712105382117354,1.3004458285899319,4564630.6144947205,4691879.3262236845,
4315107,Porto Xavier,7,7,0,0,0,0,False,13169633.419073785,13704340.761818502,1.173302643575293,1.8874934960400447,1.1267134012125557,0.0013477221315825706,0.001989427242570656,13479480.745576592,0.0664715043879378,0.08030348372769569,1.3831979339757896,16711598.695242545,15469355.55329091,
4315131,Pouso Novo,7,7,0,0,0,0,False,6949326.987840854,6290321.134029741,1.4867188661209407,2.322482248449573,1.2930745315475205,0.0006186072832275747,0.00045922521756437,7073343.366726579,-0.12045246201476006,-0.11247269075136702,0.7979771263393041,7244743.392212876,8162839.967534255,
4315149,Presidente Lucena,6,7,1,0,0,0,False,11430256.148968916,9853477.882165303,1.4649690003527962,2.933289781156048,1.3267794302984641,0.000969017805792752,0.0006913519780783828,11656123.350959482,-0.17213716835776777,-0.1554502914729742,1.668687688479356,11339129.479400458,13426242.842682365,temporal_imputation
4315156,Progresso,6,7,1,0,0,0,False,10693110.521464584,9931759.204749012,1.437152139191854,1.7338308217551133,1.4300749851820704,0.0009767162038966254,0.0012035448467216815,10955204.089374473,-0.07677267995032702,-0.05724189677367033,1.9530783176656692,11841394.900701849,12560374.564989619,temporal_imputation
4315172,Protásio Alves,7,7,0,0,0,0,False,8433521.259199323,8191756.783440225,1.3919721014033701,2.465621639631127,1.3603115795837923,0.0008055996348502251,0.0005555300526981648,8634006.146055147,-0.059902873245363364,-0.047461506942137285,1.2441366303226078,9436045.235249504,9906208.834624287,
4315206,Putinga,7,7,0,0,0,0,False,9973828.102934783,9198920.85786785,1.5018375423058425,3.0168401410637022,1.4454383790899257,0.0009046468883323305,0.000884377250583555,10209843.627602128,-0.09789625258207532,-0.08610026101821096,1.1795991563864363,10706782.179294677,11715488.825090941,
4315305,Quaraí,7,7,0,0,0,0,False,31088697.405881673,32634335.90097948,1.2754708311399463,1.3532013997582675,1.2702622310655103,0.0032093493227917567,0.004178006901062703,31849096.494538803,0.05756113474304585,0.07241813346265273,1.4856998719606884,39162031.263524875,36517501.93469542,
4315313,Quatro Irmãos,7,7,0,0,0,0,False,7023583.754369842,7934913.786337064,1.146987674108976,1.4322877784865453,1.1393049604877767,0.0007803409961784299,0.0004841441956292653,7202672.142279017,0.09216439292545459,0.10792913989939087,1.5764746973936288,9140485.957522454,8250063.680383463,
4315321,Quevedos,5,5,1,1,1,1,False,8249787.953614094,10877245.17490455,0.9483387158934701,0.36809640875316846,1.0496982284535263,0.001069697864906516,0.0006123740398721039,8456169.769457914,0.09127312093362605,0.27734067162011283,18.606755068648678,12377931.123963634,9690391.450750649,temporal_imputation;legacy_snapshot_used;projection_changed_10pp
4315354,Quinze de Novembro,7,7,0,0,0,0,False,10068129.813954866,12025326.824091438,1.1021331670927987,1.0721563015935012,1.1097159563329044,0.001182603335834668,0.0010563867951277701,10318918.487334779,0.15700627631390482,0.17396055516954584,1.695427885564102,13883560.163845697,11826257.79265693,
4315404,Redentora,7,7,0,0,0,0,False,12267855.503729878,12546283.421872023,1.3091918525003021,1.3215061120810947,1.293227604303309,0.0012338356241019723,0.0018043113503227962,12575328.389425643,0.0452961501150451,0.06037829461226413,1.5082144497219028,15280164.037193153,14410106.388287086,
4315453,Relvado,7,7,0,0,0,0,False,8150675.841247019,7312686.204435201,1.5353772188628942,2.4896245744191794,1.4914960143879423,0.0007191494439844979,0.0005190597295088446,8349025.292482787,-0.13127949015610885,-0.12009372370440133,1.118576645170752,8424198.117581958,9573972.074671172,
4315503,Restinga Sêca,7,7,0,0,0,0,False,26347632.03492868,27112777.408944108,1.2991059224194748,2.146360167210279,1.1802638656825728,0.0026663442479853486,0.0028989729361007287,26897747.06786003,0.018678586825633746,0.03035943179918651,1.1680844973552766,31888117.060061425,30948537.059906594,
4315552,Rio dos Índios,7,7,0,0,0,0,False,6450873.518789591,7079199.886516035,1.1523205509855912,0.8449580052347359,1.1667917257737548,0.0006961877646486997,0.0006472993160188484,6615243.99903926,0.06690010623738513,0.08242457504886085,1.552446881147572,8201904.454084857,7577345.011512347,
4315602,Rio Grande,7,7,0,0,0,0,False,394680187.3848609,429610929.3658083,1.2014649293200559,1.5354014005829832,1.0294484103957453,0.04224910687343608,0.03860954187811121,399974187.3881606,0.06433432226822358,0.07200497989921456,0.7670657630990979,496982004.8464455,463600462.8384932,
4315701,Rio Pardo,7,7,0,0,0,0,False,47364623.79840598,48297760.70714707,1.3394852584264993,1.9704773929211834,1.2724310131276324,0.004749733105896862,0.006762496800326064,48421709.89290487,0.040119771750029606,0.05354197912597455,1.3422207375944941,58614420.06522246,55635580.95126819,
4315750,Riozinho,7,7,0,0,0,0,False,5908123.535386548,6304957.334979153,1.264257440730064,1.5891683182879535,1.2507015944528086,0.0006200466470236625,0.0009723769437595703,6050267.168822863,0.10133724113308021,0.11720063840859307,1.5863397275512865,7753169.487428804,6939818.346750033,
4315800,Roca Sales,6,7,1,0,0,0,False,19710604.359328058,21992652.773901712,1.17935300116046,1.6581144895488162,1.1588020710164526,0.002162817270143906,0.0023037430031755675,20181716.36795551,0.09053759151766363,0.11487131774669967,2.433372622903604,25812092.830722954,23152531.076763693,temporal_imputation
4315909,Rodeio Bonito,7,7,0,0,0,0,False,23177266.21425765,19430573.627489008,1.70196138392448,1.7960622078841517,1.6956153435894208,0.0019108554407863887,0.0013782860841719809,23744132.8919268,-0.18771850366267645,-0.17774804189182392,0.9970461770852534,22385441.314434614,27224552.150582496,
4315958,Rolador,6,6,0,0,1,1,False,6951137.923968798,7915363.313202892,1.0528673340055796,2.358273160339086,1.037663734621142,0.0007784183494941588,0.000526087337585591,7120877.549477008,0.10184916584241527,0.11671709302948004,1.486792718706477,9117958.36360235,8164967.1349318605,legacy_snapshot_used
4316006,Rolante,7,7,0,0,0,0,False,25039279.872218784,27577617.954324506,1.2568267361259653,1.188932360451417,1.3955111624552548,0.0027120579310843194,0.004129338501227247,25494513.224048458,0.13502354298161026,0.14824463095127416,1.3221087969663898,33771845.437079795,29411716.394529264,
4316105,Ronda Alta,7,7,0,0,0,0,False,4423372.816197388,16545166.543212363,0.30755957026783154,0.5228551045358155,0.2964714775284967,0.0016270966629151388,0.0023530443189185572,4525793.80032626,2.816477026870099,2.8724716009606266,5.599457409052766,20120571.92458221,5195795.863187477,projection_outlier_30pct
4316204,Rondinha,7,7,0,0,0,0,False,12788480.03308234,13560116.488628402,1.225308829955038,1.8410804824701814,1.205060728606152,0.0013335387244221726,0.0012740315639120834,13104459.039699342,0.033959885482077234,0.04844060644634626,1.4480720964269027,15749301.52815109,15021643.983756801,
4316303,Roque Gonzales,7,7,0,0,0,0,False,11085154.653207304,12702467.288732307,1.1360591612933086,1.5715710001374614,1.1070732080173329,0.001249195170221126,0.0014321178226007916,11352166.13806357,0.13787324237085885,0.15379794428398003,1.5924701913121175,15023463.026056843,13020878.655993838,
4316402,Rosário do Sul,5,6,1,0,1,1,False,53742444.35398379,58088957.87891853,1.2363634693687016,1.3637626353425507,1.2227319181756202,0.005712626057292946,0.007262491561837648,55000614.6033303,0.07275018997584072,0.1011242081489271,2.837401817308638,69510795.91014266,63127116.265108325,temporal_imputation;legacy_snapshot_used
4316428,Sagrada Família,7,7,0,0,0,0,False,4764778.448393766,4871395.356951944,1.25247447423617,1.416843026420321,1.2462639392101957,0.0004790662643579455,0.0005866299428499645,4885476.012152524,0.022208801242980955,0.03699344603861535,1.4784644795634398,5803864.417563432,5596818.803180082,
4316436,Saldanha Marinho,7,7,0,0,0,0,False,7924748.229870912,10052029.1587692,1.026481707105099,1.3803557496137238,1.0344614770867968,0.0009885438781798732,0.0006494233575040224,8122645.9182666605,0.2256032452924688,0.2438333336472819,1.82300883548131,11578337.373142675,9308592.284781124,
4316451,Salto do Jacuí,7,7,0,0,0,0,False,19634739.053142186,24326534.003972948,1.0903645943630895,1.8153146101857622,1.0360811430224786,0.0023923374959555392,0.0022509080209951533,20089592.68888846,0.20680422004624224,0.2233492126058966,1.654499255965436,28214614.172111433,23063417.93608593,
4316477,Salvador das Missões,7,7,0,0,0,0,False,10156537.317777347,11572488.286361665,1.1693172815040336,1.6722811340905774,1.16779080989657,0.0011380699628006103,0.0006674810265818495,10409119.705704335,0.10112001363805907,0.11730553581144007,1.6185522173380997,13329570.446851045,11930103.288327916,
4316501,Salvador do Sul,7,7,0,0,0,0,False,19161188.625945073,18168477.46020019,1.447652840664125,2.4233369144992287,1.3424531379578513,0.0017867374721512474,0.0016492025632843296,19581500.26111653,-0.07646362898234473,-0.06535623416167519,1.1107394820669538,21036190.49020781,22507174.668136247,
4316600,Sananduva,7,7,0,0,0,0,False,30249233.444665886,31481767.460665055,1.252361680230115,1.8876994030451868,1.1509623038522379,0.003096002608624877,0.003398286390044938,30877468.0371096,0.031461893117446946,0.04310527234064105,1.1643379223194104,37063040.92971324,35531448.17928767,
4316709,Santa Bárbara do Sul,7,7,0,0,0,0,False,27624563.514575332,32478109.186487626,1.0951758566286902,1.6281079565247047,1.0809435711200497,0.0031939855629200147,0.001710621761464074,28277604.197430976,0.13724615642021715,0.15284936213168884,1.5603205711471695,37408175.190546624,32448450.265329223,
4316733,Santa Cecília do Sul,6,6,0,0,1,1,False,7777312.108432582,8447097.43749734,1.1681717147731951,1.4853282097873164,1.1594919546137847,0.0008307105290221151,0.0004894360968226059,7975153.563759108,0.048479850960124485,0.06312813663497586,1.464828567485138,9712111.84833627,9135410.411652867,legacy_snapshot_used
4316758,Santa Clara do Sul,6,7,1,0,0,0,False,14125599.308374198,13911671.789662404,1.3474958688735776,1.5404288200103449,1.342201887334437,0.001368111628578113,0.0014577834057151232,14468497.123061629,-0.037337998388744256,-0.01590867468820242,2.142932370054184,16328294.374173567,16592255.163920017,temporal_imputation
4316808,Santa Cruz do Sul,6,6,0,0,1,1,False,261193358.0342483,264424795.70829853,1.2517151117561172,1.7821584979401528,1.156745643941837,0.026004253360961016,0.028019041115128075,265568355.15461388,0.0035370360203376507,0.012732022991712576,0.9194986971374925,310709982.7444234,306803750.3411364,legacy_snapshot_used
4316907,Santa Maria,7,7,0,0,0,0,False,305749790.5912521,306920992.25335723,1.3393796862231988,1.5133784622099264,1.238110899746971,0.030183444873144238,0.06106381245864499,309967388.68825144,0.08531740563421841,0.09418449848773731,0.8867092853518901,392966257.84671736,359140765.007942,
4316956,Santa Maria do Herval,7,7,0,0,0,0,False,10703200.662583446,10798812.634006148,1.2820543531473927,1.8676213410562752,1.2188982764023564,0.0010619845955824247,0.0013571100946739329,10946075.165331738,0.015533367399414908,0.02846364617946771,1.2930278780052802,12930078.089613438,12572226.677769346,
4316972,Santa Margarida do Sul,7,7,0,0,0,0,False,13458966.23583568,13848779.489703108,1.352960631406821,4.804949027072333,1.1244358415588105,0.001361926628800712,0.0006185338551623693,13739468.415977318,-0.006871666426172999,0.0035519139874204014,1.04235804135934,15865365.524933655,15809212.56170563,
4317004,Santana da Boa Vista,7,7,0,0,0,0,False,14619723.231729627,16375398.047122357,1.1779456942712825,1.1418629947291832,1.2333914123736547,0.0016104011674219554,0.0014134808294841517,14962900.840617426,0.08428740283086548,0.09927440473079562,1.498700189993013,18877470.584992625,17172664.53558116,
4317103,Sant'Ana do Livramento,7,7,0,0,0,0,False,97955461.62650293,98744603.21553485,1.334402446874128,1.7053055101223091,1.2670004706713782,0.009710812759318503,0.014920129117996315,100017926.68386948,0.039733289317288555,0.05227989620366368,1.2546606886375127,121076111.33953539,115060747.4079327,
4317202,Santa Rosa,7,7,0,0,0,0,False,116531062.12106243,116602198.15717469,1.2919130352135324,1.4656079113801372,1.2250745199467161,0.011466977199328487,0.01570283426502311,118622122.65580365,0.018399791626613256,0.028660006939839913,1.0260215313226655,140803060.6824876,136880076.73338303,
4317251,Santa Tereza,7,7,0,0,0,0,False,5051069.420419904,4977590.159494474,1.3532035583790476,4.624944490625145,1.1616328845581387,0.0004895097499756088,0.0004939810940207353,5155272.844146226,-0.031158032909046497,-0.020582155067934746,1.0575877841111752,5810986.748851404,5933102.79051988,
4317301,Santa Vitória do Palmar,7,7,0,0,0,0,False,80972133.84999248,90917827.48118408,1.12649399557612,1.2805238296444037,1.1185719791838657,0.008941106353191586,0.00561575439561194,82840375.43337753,0.08663629916718653,0.10102047412224131,1.4384174955054785,104719971.29566565,95111738.38901661,
4317400,Santiago,7,7,0,0,0,0,False,54774012.77577969,59612027.916825354,1.1947265132952163,1.455230388525628,1.128066538832508,0.005862408905932865,0.010284901476920526,55853142.59592168,0.145371531547872,0.1585597273286277,1.3188195780755696,74540366.16872156,64338820.35636997,
4317509,Santo Ângelo,7,7,0,0,0,0,False,88063782.7315242,94512350.34682691,1.196031215738723,1.5681071303065466,1.0757711779519519,0.009294601505034526,0.015921307235125172,89632442.55815914,0.12686698606380667,0.13827005412147383,1.1403068057667165,117744649.71704584,103441752.93965906,
4317558,Santo Antônio do Palma,7,7,0,0,0,0,False,9519587.939403757,9399764.95581697,1.3621556116710474,1.220826099902805,1.3667645720768202,0.0009243984430045486,0.0005646678544350712,9761987.731814813,-0.045411903734593334,-0.03166314281973637,1.3748760914856968,10827872.860634554,11181927.838794284,
4317608,Santo Antônio da Patrulha,7,7,0,0,0,0,False,66531047.23942303,62675632.73481725,1.449204251847657,1.6379123445941857,1.383761087103768,0.006163692133443825,0.00815869170522568,67767103.32496625,-0.04561772240487625,-0.035625217532620664,0.9992504872255586,75364832.82940555,78148904.55408068,
4317707,Santo Antônio das Missões,7,7,0,0,0,0,False,23712527.536730334,26355117.694427464,1.159875151091931,2.8293587662972817,1.0906419355078896,0.0025918339316403608,0.001980302908072786,24273557.6084367,0.07628837310194876,0.08999160626277644,1.370323316082768,30359844.08965381,27853282.46127303,
4317756,Santo Antônio do Planalto,7,7,0,0,0,0,False,7481785.500287791,8073299.128539496,1.192596597525764,1.2494152425595986,1.1854403904408723,0.0007939501869898891,0.0005447705077510296,7654869.54311875,0.04483292565353503,0.058165768271781666,1.3332842618246639,9299454.976406695,8788278.032840505,
4317806,Santo Augusto,7,7,0,0,0,0,False,23692750.31806607,25294344.729294132,1.2323996008923355,1.3685134849214122,1.2159601998238148,0.0024875146340877395,0.0028739799336450753,24239323.340941016,0.06182599309409096,0.07586157820612889,1.4035585112037932,29941283.32576339,27830051.6834953,
4317905,Santo Cristo,7,7,0,0,0,0,False,29900543.49047934,29730054.92683189,1.347507933895107,1.3734092046854878,1.3468172802477887,0.00292373443527392,0.0031682715487966685,30535145.60775572,-0.01659914927398436,-0.004767435917792671,1.1831713356191689,34954427.64713676,35121868.90646143,
4317954,Santo Expedito do Sul,7,7,0,0,0,0,False,5744532.197845073,6393870.748608162,1.1607871780302774,1.3246840379578413,1.1597251735909615,0.0006287906338687816,0.0006179920291951006,5891182.488141149,0.08751882540314408,0.10344353243278658,1.5924707029642493,7445661.988756658,6747660.183698789,
4318002,São Borja,7,7,0,0,0,0,False,89840701.23997614,93034838.929875,1.3044801381410438,1.7637829696427525,1.2148947841480628,0.009149299015049756,0.011144366756366663,91675437.35857357,0.037790022079482066,0.04972383309213552,1.1933811012653457,110776266.97134544,105528962.45580667,
4318051,São Domingos do Sul,7,7,0,0,0,0,False,7201342.911426845,6985577.732191579,1.3748393633003408,1.6838343840735948,1.3611435239796443,0.0006869807074408808,0.0008313663927010706,7380244.547544917,-0.03096686289965585,-0.017412777375958925,1.3554085523696926,8311571.38111655,8458863.691428985,
4318101,São Francisco de Assis,7,7,0,0,0,0,False,28841031.253109504,33877058.641264185,1.1103482578937436,1.7451506634604317,1.0677426004069546,0.0033315620559404313,0.0035020551276419756,29522099.10865242,0.1563815962217427,0.17210186537752925,1.572026915578656,39707695.00688441,33877341.36409272,
4318200,São Francisco de Paula,7,7,0,0,0,0,False,48275155.91829885,45527164.8904778,1.3869993204868278,1.798571554071434,1.3157434721673138,0.0044772651802452695,0.004147198289752005,49298110.256284475,-0.08045761327747945,-0.07010719903242998,1.0350414245049468,52729676.36335912,56705113.00710464,
4318309,São Gabriel,7,7,0,0,0,0,False,79167956.58254181,89442712.98269685,1.1641326995480923,1.319706077098439,1.1434656404717798,0.00879603958268567,0.011179459508200387,80966760.51259926,0.13575992956870153,0.15091147747493316,1.5151547906231633,107026147.19908945,92992510.10503584,
4318408,São Jerônimo,6,7,1,0,0,0,False,22506144.92848655,25035137.54456398,1.1684785575761514,1.6038572554742305,1.1190596937473434,0.0024620234947766587,0.004423913458148666,22982274.123745553,0.1528858413787054,0.18863341266796388,3.5747571289258486,31422995.304054305,26436237.589454412,temporal_imputation
4318424,São João da Urtiga,6,6,0,0,1,1,False,10347363.060599094,10587820.73298509,1.3240466125113295,1.6879023995271305,1.2937362693181018,0.0010412350783650037,0.0010954052748118651,10597675.279170802,0.007783439506784994,0.021133217256668623,1.334977774988363,12411110.0526971,12154251.61277217,legacy_snapshot_used
4318432,São João do Polêsine,7,7,0,0,0,0,False,6493295.632180585,6703077.522528336,1.4007258642978526,1.8065138378107022,1.149958337031793,0.000659198868725908,0.0006639346363992083,6596892.185535947,0.01705171811926242,0.02579476353562278,0.8743045416360361,7823916.181311016,7627175.005596833,
4318440,São Jorge,7,7,0,0,0,0,False,7099220.241085964,7557186.671253218,1.2263553421629807,1.6920744622340544,1.1992631115460373,0.0007431942846696463,0.0006760445971847566,7274133.753786874,0.033723191365736725,0.04794951878050668,1.422632741476995,8738754.672312915,8338908.044427711,
4318457,São José das Missões,7,7,0,0,0,0,False,4405218.169186388,4919659.264073621,1.158214757717206,1.8784675662468244,1.1380633680017505,0.0004838126682102019,0.0005613463439200808,4515541.704957608,0.10989016526195321,0.1259418093531654,1.6051644091212194,5826153.235169757,5174470.995545306,
4318465,São José do Herval,7,7,0,0,0,0,False,5536235.936066806,5361509.153795549,1.3803954654329869,2.188799020816668,1.2269739788002405,0.0005272653877218657,0.0004765364862520699,5643423.585282432,-0.05685931603896168,-0.04716387188610161,0.9695444152860069,6196284.36943351,6502990.5842243945,
4318481,São José do Hortêncio,7,7,0,0,0,0,False,7970858.2735438915,7799341.024370879,1.3368313866994141,1.9572312344183598,1.3214180887102371,0.0007670084021545961,0.0010538283644499328,8161923.463566642,-0.007378893788655211,0.0063333232056175465,1.3712216994272757,9422051.55543115,9362754.20694382,
4318499,São José do Inhacorá,6,6,0,0,1,1,False,8107421.047269729,7589417.945488183,1.4486044688859794,1.22305692842427,1.4592650898727904,0.000746363995812308,0.0005653105312985972,8311780.314974969,-0.09427041026974245,-0.08190972660754268,1.2360683662199765,8743124.235492157,9523163.994740114,legacy_snapshot_used
4318507,São José do Norte,7,7,0,0,0,0,False,28759110.848408192,37614066.046153024,0.9371127267234198,0.6218586396822812,1.0029630837977441,0.0036990695247775037,0.004633063747348465,29435281.23599316,0.3102210237903614,0.3300684682673273,1.9847444476965848,44931196.90173179,33781115.764862396,projection_outlier_30pct
4318606,São José do Ouro,6,7,1,0,0,0,False,13897727.700263392,14599137.956354469,1.2890414642112746,1.3320118616666645,1.275643520168786,0.0014357189205790881,0.0015812946038373525,14225020.706588479,0.023615985157384806,0.05322514116349684,2.9609156006112034,17193470.61944738,16324591.910570772,temporal_imputation
4318614,São José do Sul,7,7,0,0,0,0,False,9336480.43464908,9150299.007496083,1.4068397547072937,2.6093648035844366,1.3377891819369196,0.0008998652833676396,0.0005945514441178844,9556500.464121755,-0.0512995974708764,-0.03891231491467018,1.238728255620622,10540100.18794887,10966845.53502844,
4318622,São José dos Ausentes,7,7,0,0,0,0,False,16457529.244260672,13249631.677910933,1.6974564388760622,5.044787624774337,1.4273096419878624,0.0013030048039515151,0.0007568814135783419,16793082.166551664,-0.21799347654701473,-0.21049286894985636,0.7500607597158371,15262273.353101663,19331393.920154873,iss_2025_anomaly
4318705,São Leopoldo,7,7,0,0,0,0,False,319559804.18094534,327318438.9548246,1.1962999489186006,1.5006327717725687,1.0631837925218608,0.03218938524088037,0.04604341240941204,324179209.57897615,0.050722850752617,0.05891552739121349,0.8192676638596484,397476995.291676,375362325.8985692,
4318804,São Lourenço do Sul,7,7,0,0,0,0,False,61438769.777925976,60436496.76904212,1.3858182435805524,1.5545958905704216,1.3814001882692735,0.005943489414528272,0.008366891992836504,62784481.6805506,0.0020782401229150764,0.014837922650830379,1.2759682527915304,73238212.11401725,72167397.84685393,
4318903,São Luiz Gonzaga,7,7,0,0,0,0,False,47238510.80545237,50688788.9932515,1.226082053259714,1.7042615772474021,1.1577168826981632,0.004984873328577321,0.006857241840763675,48261163.96073603,0.09033768627257438,0.10375161650745378,1.3413930234879399,61244357.90633281,55487445.71729397,
4319000,São Marcos,7,7,0,0,0,0,False,41246191.7184684,41275134.58227055,1.2848179507435962,1.6243344780732836,1.2175227746319128,0.004059108958787568,0.0041830109767369925,42084075.71612078,-0.014423708114315077,-0.003397142297521884,1.1026565816793192,48284142.10355495,48448729.33122725,
4319109,São Martinho,6,7,1,0,0,0,False,12358344.03367411,13312159.32380797,1.2217937432776522,1.758518786676194,1.1953206389507,0.0013091539426569666,0.0011879860645444057,12660284.614100285,0.03895562745172996,0.06019803888210507,2.124241143037511,15390254.89451434,14516396.305299854,temporal_imputation
4319125,São Martinho da Serra,6,6,1,1,0,0,False,9244793.9474205,11425948.717343459,0.9996594903367424,0.5530100794426529,1.0691409712117237,0.0011236588631533626,0.0007304051061465756,9473147.243483737,0.01811133058526734,0.19694071939159205,17.88293888063247,12997756.9813314,10859148.469723875,temporal_imputation;projection_changed_10pp
4319158,São Miguel das Missões,7,7,0,0,0,0,False,19579740.611729547,25134924.198945906,1.0037221127899623,1.4148607455407682,1.0026739068553943,0.0024718367856809385,0.001474177379632449,20065888.388990168,0.24067996942262787,0.2588206063628572,1.8140636940229327,28951382.869145293,22998815.49666975,
4319208,São Nicolau,6,7,1,0,0,0,False,8852136.823631963,10281636.4724012,1.0996584670115113,1.1829225963077,1.096806995162244,0.0010111240856873524,0.0010411228902277594,9075844.38085066,0.13494015099045295,0.15663474358142307,2.169459259097012,12026600.557524325,10397924.344106212,temporal_imputation
4319307,São Paulo das Missões,7,7,0,0,0,0,False,10443201.714681009,10717186.302367661,1.29134460441512,1.5004358555543114,1.2833165063776457,0.0010539572401932777,0.0012502479524874063,10705565.698544882,0.022502164919201435,0.037183128318968015,1.468096339976658,12722944.870999187,12266825.90915272,
4319356,São Pedro da Serra,6,7,1,0,0,0,False,9649542.022101136,9491061.24563714,1.4090810274155885,2.9708384917677737,1.3322893213908018,0.0009333767683731665,0.0008800846659277376,9875859.056193886,-0.04705970006994204,-0.028623224752292915,1.8436475317649126,11010142.820496101,11334574.90548757,temporal_imputation
4319364,São Pedro das Missões,7,7,0,0,0,0,False,4223268.06157577,4361026.55996558,1.260257798097061,1.5281643700889165,1.254764238801933,0.00042887520920817395,0.0004580769124774206,4331905.363001821,0.01742060469725763,0.03206702133786639,1.464641664060876,5119824.615484979,4960748.197193784,
4319372,São Pedro do Butiá,7,7,0,0,0,0,False,8743350.056996617,10106874.177400623,1.107926370256736,1.2134102531566597,1.103296950524079,0.000993937486431542,0.0007634921669008921,8961919.650935471,0.11761705783035407,0.13361420596213958,1.5997148131785501,11642377.616594803,10270140.895696957,
4319406,São Pedro do Sul,7,7,0,0,0,0,False,19388386.320851274,19624628.025578115,1.273167784916448,1.5147376348337394,1.2874828632195383,0.001929939277913693,0.003079815445605239,19827006.011850473,0.048387949001776766,0.062286527896473765,1.3898578894696998,24192562.599363696,22774046.327472024,
4319505,São Sebastião do Caí,7,7,0,0,0,0,False,37129691.41836843,36323550.6516169,1.3080502839722836,1.9352740688576524,1.1614642082745628,0.0035721567320651346,0.0049380775900594275,37810737.206300795,-0.0030442150976218553,0.006916597854493996,0.9960812952115851,43915049.312891915,43613393.012355454,
4319604,São Sepé,7,7,0,0,0,0,False,37545348.205084674,42026491.93167748,1.1989411132824237,1.5121015812932448,1.1622627294264458,0.0041329994834120145,0.004319543907428223,38399127.326739244,0.10188393606494665,0.11631858629039642,1.4434650225449763,49231472.68537437,44101633.07320175,
4319703,São Valentim,7,7,0,0,0,0,False,6022877.091449037,7337327.447735104,1.087991877532492,1.895592815672936,1.0251241409920235,0.0007215727308482859,0.0007908348457170177,6159770.278317849,0.2051627592238483,0.22081414944166294,1.5651390217814642,8636784.629265089,7074610.523817328,
4319711,São Valentim do Sul,7,7,0,0,0,0,False,6864067.151576622,6608791.655994533,1.379064292572188,3.138880564889049,1.2868454714810125,0.0006499265402548386,0.0005561705834651663,7024587.163579176,-0.06733957860368321,-0.05575269785811469,1.1586880745568524,7613174.9753069095,8062691.794869361,
4319737,São Valério do Sul,7,7,0,0,0,0,False,4795825.769707723,5354335.195354077,1.1555281256130634,2.073315470367693,1.1468850532702775,0.0005265598811432814,0.0005675690673338236,4919541.991678394,0.10061378090573757,0.1168972106505172,1.628342974477963,6291803.323167935,5633287.703801664,
4319752,São Vendelino,7,7,0,0,0,0,False,7509287.42076948,7398219.944003991,1.4087223475252082,3.401252782227338,1.2608538351010246,0.0007275610644934571,0.0006255386373929907,7663956.088773422,-0.044521221899060055,-0.03391054167649908,1.0610680222560973,8521471.695874942,8820582.423767092,
4319802,São Vicente do Sul,7,7,0,0,0,0,False,18815451.26844256,19962295.94001228,1.2601051451471745,1.7807644777145166,1.2052794618967366,0.0019631464587126523,0.001670178853777482,19242128.323050693,0.027954574585215136,0.04045524884957401,1.250067426435887,22995167.61067555,22101063.58356228,
4319901,Sapiranga,7,7,0,0,0,0,False,81097120.12503313,81412812.35661961,1.3836650323699433,1.6678891030443144,1.3964381767406493,0.008006357322425165,0.014855889714487357,82682277.63947743,0.06552808610516624,0.07830236815785392,1.2774282052687687,102717520.21846034,95258550.15410984,
4320008,Sapucaia do Sul,7,7,0,0,0,0,False,117921066.87316073,129876413.10017815,1.1962139787774024,1.789318384581598,1.0510775896462705,0.01277239958840924,0.025551625231938144,120073587.67252131,0.18542149022254362,0.19816368941594717,1.2742199193403554,165961017.56300598,138512808.4159392,
4320107,Sarandi,7,7,0,0,0,0,False,36537837.32762526,38221965.92177024,1.2549571260036214,1.6542702943784835,1.1430136693080994,0.003758852051379455,0.004824800503040322,37218958.05683799,0.05582391320499306,0.06690636669640584,1.1082453491412785,45789687.52186939,42918187.52910217,
4320206,Seberi,7,7,0,0,0,0,False,25592965.680531505,22759018.30253267,1.5669646552044412,1.4312858048145445,1.5909303654017843,0.0022381837399193453,0.002203306383164265,26171667.24343221,-0.1291183449648225,-0.11826129990942738,1.0857045055395114,26506906.864021353,30062088.531782206,
4320230,Sede Nova,7,7,0,0,0,0,False,9783790.649795597,9982684.15402593,1.290074964255183,2.059059483913241,1.272670373651183,0.0009817243018696005,0.0007050291503845974,10031118.080383731,-0.012949309579419947,0.0006753795895569987,1.3624689168976947,11500028.086106537,11492266.443912568,
4320263,Segredo,7,7,0,0,0,0,False,8114751.750672363,8757748.80537521,1.2320654065118608,1.6294216101791472,1.2226872997589635,0.0008612608291767829,0.0014223797898968405,8317936.376791756,0.1214288547277004,0.13835821169236853,1.692935696466813,10850574.124976072,9531774.808251962,
4320305,Selbach,7,7,0,0,0,0,False,13311111.455185298,14840881.430373784,1.156739398919543,1.4717897941943427,1.1460309596885716,0.0014594926310963574,0.0012681795085984855,13630729.563065844,0.07906014805780573,0.09340677361582662,1.4346625558020896,17096004.166228253,15635538.921798386,
4320321,Senador Salgado Filho,7,7,0,0,0,0,False,6371085.148495451,7574687.026844835,1.0488569024658596,1.5473869088738552,1.0614993564870843,0.0007449153172206683,0.0006277006856772191,6531346.602830809,0.14946107783919454,0.16597149656103347,1.651041872183892,8725691.982477281,7483623.749133845,
4320354,Sentinela do Sul,7,7,0,0,0,0,False,7738920.636834382,6669527.8140459815,1.507163537041978,3.1018638235196105,1.3610552770887239,0.000655899499174635,0.0010715360210855815,7904887.257365854,-0.10256420068030259,-0.09242981648576123,1.0134384194541353,8250098.764265738,9090314.902501756,
4320404,Serafina Corrêa,7,7,0,0,0,0,False,32230908.790962003,32589595.91539384,1.2770697143235505,1.4969477378138867,1.237002068785789,0.00320494947096463,0.003756721973429975,32917159.52674624,0.008511718984532625,0.020565268370773573,1.2053549386240947,38637753.793168634,37859169.80581731,
4320453,Sério,6,7,1,0,0,0,False,7372240.904755625,6710368.936316012,1.4838392562651614,1.6917741508090114,1.4377550999581898,0.0006599159261825903,0.0005206422494041362,7539238.406318336,-0.137487693266998,-0.10902392794553065,2.8463765321467354,7715500.332664107,8659604.421107758,temporal_imputation
4320503,Sertão,7,7,0,0,0,0,False,16699614.993101282,17732256.0894694,1.2560656879500685,1.6274166382009534,1.2313332072712624,0.001743838276500689,0.0010509556328955607,17101706.699889105,0.02765018913538187,0.04129729245583702,1.364710332045515,20425830.93766728,19615753.431466423,
4320552,Sertão Santana,7,7,0,0,0,0,False,9148283.371265551,9623689.03891494,1.2447057512957016,1.4205197765059372,1.2347295009921466,0.0009464197461690375,0.0012742105853327807,9365133.838663848,0.06440482789464158,0.07915712882344153,1.475230092879995,11596390.399234692,10745784.918158986,
4320578,Sete de Setembro,7,7,0,0,0,0,False,4264979.847863057,5020796.1296807155,1.0912312784769966,1.9652692747657252,1.0707726493272909,0.0004937587425574868,0.000478256576900158,4372560.941504872,0.14882046504302926,0.16548158569231775,1.6661120649288486,5838764.176674675,5009743.824657977,
4320602,Severiano de Almeida,7,7,0,0,0,0,False,10741443.306913447,10957821.872156156,1.4618971000337753,1.7218130845719526,1.4465619932920641,0.0010776219963961806,0.0009633129787176897,11004452.462470073,-0.010327957224434142,0.002753879580867467,1.308183680530161,12651893.47548794,12617147.370974218,
4320651,Silveira Martins,7,7,0,0,0,0,False,4314856.507223079,4905209.124819691,1.17618829452157,1.571494676095138,1.1573082061951379,0.0004823916022271355,0.0005926080127295478,4413393.031776652,0.13815144036231627,0.15349812057097076,1.5346680208654484,5846309.245467094,5068330.100592817,
4320677,Sinimbu,7,7,0,0,0,0,False,11360674.870133769,11256873.531701678,1.3803751701135347,2.387854394925087,1.3078660708802285,0.0011070315496947163,0.0017772831729094792,11618444.573353052,0.02720163175243407,0.040815146319731724,1.3613514567297653,13889169.237363905,13344511.06565396,
4320701,Sobradinho,7,7,0,0,0,0,False,14460835.951009374,14110928.353434851,1.3947286045515603,1.6689610541951594,1.3387665403352371,0.001387707060823012,0.002998808497150256,14759024.97300392,0.06331355543747291,0.07639140775140771,1.3077852313934795,18283618.752685018,16986031.866307516,
4320800,Soledade,7,7,0,0,0,0,False,46277049.88054496,44032236.12479634,1.4311107546628428,2.2128129585465777,1.2313738157527265,0.004330249820829982,0.006039512072306749,47108132.76183342,-0.028801558066115694,-0.019550465200417564,0.9251092865698131,53295365.53449293,54358091.51093865,
4320859,Tabaí,7,7,0,0,0,0,False,9355302.429084446,7330829.5965025,1.790727159519589,3.9781020968772633,1.4322948122774715,0.0007209337144909059,0.0009931323322095805,9518594.822844543,-0.20069265448985307,-0.19382535086811262,0.6867303621740456,8859016.3645259,10988954.284366978,
4320909,Tapejara,7,7,0,0,0,0,False,46224864.26891337,46712836.17548148,1.2818144220408703,1.9839624132632991,1.2144681661255388,0.00459386731816302,0.0049617769399431695,47153737.88017245,6.374572417231788e-06,0.011165907537336981,1.115953296491975,54903066.05751875,54296793.08634273,
4321006,Tapera,7,7,0,0,0,0,False,17629774.632713035,18305617.158600237,1.2916196861066707,1.2507368329760895,1.3112456256753606,0.0018002241629643688,0.0022811969794613706,18030041.560073268,0.04353645772824666,0.05737914073125174,1.3842683003005083,21896567.204812862,20708340.42524222,
4321105,Tapes,7,7,0,0,0,0,False,22030187.77217613,20456055.648545675,1.5376558952056356,2.222056295257405,1.4304264608861568,0.002011704130945104,0.003033687695210692,22497183.94691454,-0.04452064682751133,-0.03322026246721799,1.130038436029334,25017521.031565413,25877167.32190729,
4321204,Taquara,6,6,0,0,1,1,False,48532282.83056433,46496471.48806171,1.4265221872438727,1.5366588637240943,1.414952599048495,0.004572589426522949,0.010711017403414392,49395924.105672315,0.06170157600021561,0.07329345025007644,1.159187424986083,61185390.21168047,57007140.21633536,legacy_snapshot_used
4321303,Taquari,6,7,1,0,0,0,False,31600867.94280611,34760252.8707577,1.1699241161182692,1.1230682170809954,1.1848806370985696,0.003418417777807091,0.005028757804609374,32236621.047095776,0.09999472395929108,0.14141710642337366,4.142238246408257,42368386.30216615,37119109.27542284,temporal_imputation
4321329,Taquaruçu do Sul,6,6,0,0,1,1,False,12763300.186809625,10762120.7502367,1.6421055246363596,1.9327888039178003,1.6316326199030955,0.0010583762159700819,0.0008070374009007183,13084072.301548392,-0.18356141113275795,-0.17297464047249364,1.058677066026431,12398819.728777193,14992067.15482201,legacy_snapshot_used
4321352,Tavares,7,7,0,0,0,0,False,9884047.884613307,9568999.239536654,1.3856169324788836,2.2482868532862375,1.3751317159240724,0.0009410414026007516,0.0010771627368842504,10129850.371338991,-0.03893097293622404,-0.02536455110689297,1.3566421829331068,11315547.684967991,11610030.907267997,
4321402,Tenente Portela,5,6,2,1,0,0,False,20878916.25791369,21080852.303907063,1.2988959222223198,1.5091192193241276,1.2681421704708868,0.0020731483328081625,0.0027795718317426815,21344921.440432344,-0.12468880874358096,0.035233048564046444,15.99218573076274,25388942.69905425,24524857.213813648,temporal_imputation;projection_changed_10pp
4321436,Terra de Areia,7,7,0,0,0,0,False,11276382.267379764,10759134.590990985,1.3752442818241233,1.5681404461332888,1.3597901620324866,0.0010580825489507175,0.002107826252218531,11503204.245612895,0.0250323497283431,0.037208762541495896,1.2176412813152797,13738347.65587675,13245499.027807448,
4321451,Teutônia,7,7,0,0,0,0,False,61013987.11360455,62305000.36640676,1.2862044155230714,2.0978761266022983,1.16973191909398,0.006127243138612977,0.006751125215122172,62260797.1598265,0.012536290225097318,0.023879310716513415,1.1343020491416098,73379831.22661644,71668438.31941974,
4321469,Tio Hugo,7,7,0,0,0,0,False,9032435.955706887,8470542.514511527,1.4190351937866137,1.6292954419913885,1.3958480077731477,0.0008330161816410804,0.0007302301011839153,9221778.910959724,-0.09009938791820835,-0.07973444612992249,1.0364941788285855,9763748.687973507,10609707.868465917,
4321477,Tiradentes do Sul,7,7,0,0,0,0,False,10121194.324300017,10241539.680510402,1.3290320598184466,1.4835323316899593,1.3220389469669145,0.0010071808581526688,0.0012991358980728586,10373599.99483766,0.01837741170030315,0.03262700631284207,1.4249594612538923,12276477.647020353,11888588.59197907,
4321493,Toropi,7,7,0,0,0,0,False,5051006.751254896,5337413.866263452,1.2515782917111975,5.730425889170849,1.1772528024482207,0.0005248957916326961,0.0006179018704919909,5173660.934444218,0.0526724073970117,0.06706854183638838,1.4396134439376687,6330948.793503961,5933029.177871381,iss_2025_anomaly
4321501,Torres,7,7,0,0,0,0,False,49855979.291353345,41938700.88652509,1.6492823491964885,2.256541571611703,1.3751535081009159,0.00412436587333452,0.008422269866655554,50494937.20225747,-0.08787365733180368,-0.08157331494643678,0.6300342385366892,53784889.43096891,58561984.64859734,
4321600,Tramandaí,6,6,0,0,1,1,False,39971704.27325669,35838800.66035065,1.5801474232472597,1.6998920970497782,1.5130452078230465,0.0035244850999254732,0.010663834319061241,40660882.33527994,0.051376794973973704,0.06253095717858029,1.1154162204606584,49887620.870920196,46951686.94509439,legacy_snapshot_used
4321626,Travesseiro,6,7,1,0,0,0,False,10114987.663264532,10209659.134520058,1.369802091555264,3.609431021872915,1.3332208453945522,0.0010040456385791866,0.0005598947991939583,10367852.75996703,-0.026160452309684615,-0.010354992458471539,1.5805459851213077,11758267.3523204,11881298.104590284,temporal_imputation
4321634,Três Arroios,6,6,0,0,1,1,False,10426435.886935666,9595534.748739386,1.4554033996484053,1.3600677014605747,1.4750813934221716,0.0009436509767237895,0.0007217336792727498,10655975.964910176,-0.10807024869198895,-0.09751361623156264,1.0556632460426305,11052870.21378528,12247132.380693356,legacy_snapshot_used
4321667,Três Cachoeiras,7,7,0,0,0,0,False,13757945.47137763,12735929.92937641,1.4638483231374502,1.4877304523512802,1.4182806424918724,0.0012524859772844545,0.0021972811644388425,14026380.113170158,-0.02554719886219939,-0.014550423651178843,1.0996775211020544,15925259.803089362,16160400.4763936,
4321709,Três Coroas,7,7,0,0,0,0,False,24790552.500005707,26479960.552667506,1.2976533209943546,2.0512279118478216,1.148563094931727,0.0026041113177579693,0.005089695609640332,25285951.57302425,0.14272792928791897,0.15734255832926583,1.461462904134686,33701300.835503355,29119555.4790229,
4321808,Três de Maio,7,7,0,0,0,0,False,40627319.06459765,39962323.97618462,1.3664809088557754,1.6796779270137474,1.2758712047770497,0.0039300035943523985,0.00507712641758923,41384634.703723595,-0.006436151325081893,0.003977213952618153,1.0413365277700046,47911586.97773246,47721787.21975816,
4321832,Três Forquilhas,6,6,1,1,0,0,False,5187175.382462908,5127097.390268609,1.3379364611775053,2.072800854075469,1.2932309327432223,0.0005042126975487825,0.0006174428985678221,5308952.328400429,-0.12923885450626788,0.0025536601707264327,13.179251467699432,6108535.386888045,6092975.996763917,temporal_imputation;projection_changed_10pp
4321857,Três Palmeiras,6,7,1,0,0,0,False,8191198.109854318,8884316.723295022,1.2521391828710382,1.4885086274210237,1.2294664072023622,0.000873707862353607,0.0008805370784719756,8389005.508685643,0.05453743114628392,0.07783978905349773,2.330235790721381,10370511.48272779,9621570.467197753,temporal_imputation
4321907,Três Passos,6,7,1,0,0,0,False,40542078.85194933,37345991.16068203,1.522683837150786,2.0516725038442045,1.4127689956520648,0.0036727063116649616,0.005071082542669568,41358214.91257272,-0.08229802799119643,-0.05201985703198254,3.027817095921389,45144390.0435112,47621662.097445704,temporal_imputation
4321956,Trindade do Sul,7,7,0,0,0,0,False,16398983.765783003,15186146.761284713,1.403034887530831,1.0957062520879295,1.4707053539227009,0.0014934469624884419,0.0014773731934403852,16791556.683349073,-0.09307847091190317,-0.0813760503744064,1.1702420537496774,17695108.70274911,19262625.04908691,
4322004,Triunfo,7,7,0,0,0,0,False,160964977.4522032,264457015.96650648,0.8017713281911992,1.151511931418241,0.7023693328707656,0.02600742198875763,0.005355076515084022,163710004.37574783,0.5355795814530144,0.55008587762829,1.4506296175275546,293079665.9040412,189073179.83727968,projection_outlier_30pct
4322103,Tucunduva,7,7,0,0,0,0,False,9518286.70184173,11282775.476757133,1.0792185990343277,1.3577714821184987,1.060425504150663,0.001109578817396898,0.0012260732395521865,9746080.297638575,0.17244424426565297,0.18889237935815925,1.6448135092506284,13292291.615240887,11180399.375103172,
4322152,Tunas,7,7,0,0,0,0,False,6131526.023156039,6158717.587375931,1.3251340221310284,2.8464673661541258,1.2853883390821383,0.0006056650326295559,0.0008696697555510831,6282108.26738407,0.024399700680263262,0.038923937312725955,1.4524236632462693,7482571.297668449,7202232.068136595,
4322186,Tupanci do Sul,6,7,1,0,0,0,False,4250955.135787637,4342521.559301092,1.4426122008007805,1.6725549861150435,1.4243890201971967,0.00042705537712913193,0.0003909058852090889,4356932.207104358,-0.012916636034482079,0.006201262100510036,1.9117898134992115,5024234.650435079,4993270.073967772,temporal_imputation
4322202,Tupanciretã,7,7,0,0,0,0,False,44582341.0344445,54914672.08047257,1.0177324067306899,1.6941194106793096,0.9836155814948778,0.005400458161230926,0.0042788675823763455,45611527.69680509,0.1922966821943032,0.20789152167629937,1.5594839481996163,63254195.68128034,52367447.36273736,
4322251,Tupandi,7,7,0,0,0,0,False,27079106.566002022,29340814.594901532,1.1923851569961155,1.5950377064686754,1.1720971883751363,0.002885455482716885,0.0011229871436649781,27743180.74755387,0.03491212073472361,0.049182537146003784,1.4270416411280171,33372129.48446376,31807743.93676332,
4322301,Tuparendi,7,7,0,0,0,0,False,14216457.118967542,15706910.926355595,1.165684366249045,1.3859711217880717,1.1449752029356726,0.0015446603263998642,0.0018112176339956508,14555531.233750295,0.10015793815908211,0.11519356629889181,1.50356281398097,18622593.773390796,16698978.846511394,
4322327,Turuçu,7,7,0,0,0,0,False,8851649.69789616,8321085.778706507,1.4956241357129492,1.8181847874742512,1.4126223835116536,0.0008183181998804613,0.0007708286908073476,9044585.95123237,-0.08263149280004421,-0.0716828948686995,1.0948597931344715,9652039.853529904,10397352.154967269,
4322343,Ubiretama,7,7,0,0,0,0,False,4930109.415133227,5643943.800997674,1.139316184624776,1.2891446273818585,1.1324900411475014,0.0005550407788461529,0.0005381360026348273,5056140.51815774,0.11705493900696391,0.13348298168295902,1.6428042675995111,6564023.041485621,5791020.374862242,
4322350,União da Serra,7,7,0,0,0,0,False,6985727.487420971,7077586.418675468,1.2922616938948275,1.4265756500376445,1.2879586520300217,0.0006960290918343614,0.0004111360207805564,7163215.399198988,-0.03642295025078614,-0.02290407087653341,1.3518879374252728,8017655.26348097,8205596.83497346,
4322376,Unistalda,7,7,0,0,0,0,False,5748849.728525534,7001608.504881196,1.0692539078042465,2.1361247350592247,1.015271761615617,0.0006885572172136353,0.0005173526511271864,5887557.180505974,0.17840004082866437,0.19436729499633282,1.5967254167668448,8065241.8405527985,6752731.654945024,
4322400,Uruguaiana,7,7,0,0,0,0,False,124101881.65280445,133567502.8616825,1.2222960366477076,1.307009223375172,1.196670207987927,0.013135391391349283,0.022751162268208065,126546338.63035248,0.13015240304567996,0.14344933549537256,1.32969324496926,166683967.02620512,145772936.19571978,
4322509,Vacaria,6,7,1,0,0,0,False,111972747.71444547,112221588.15895191,1.3026584022263423,1.7873655926837313,1.2058736581890672,0.011036176101556213,0.012824854136110387,114236888.39017537,-0.023024145314864432,0.010617188271632853,3.3641333586497284,132922209.28133857,131525775.36175038,temporal_imputation
4322525,Vale Verde,7,7,0,0,0,0,False,7596134.3301553195,7236314.827937241,1.4186692644349823,2.487443222209231,1.3686008885358862,0.0007116388751716958,0.0007130044827969555,7779572.330587297,-0.06616821959674503,-0.05385433873807827,1.2313880858666761,8442074.365896668,8922594.80917246,
4322533,Vale do Sol,7,7,0,0,0,0,False,12650150.17870577,12435474.314039696,1.3673863150051375,1.9568722835222037,1.384413555929664,0.0012229383551561634,0.0021479722819187346,12952072.64322833,0.03187024921611599,0.04665593155639384,1.4785682340277848,15552426.426150618,14859158.542219233,
4322541,Vale Real,7,7,0,0,0,0,False,8448707.29672519,7965565.842569339,1.4247434410312754,1.8183327743697877,1.3868795249053287,0.000783355402728933,0.0013350380797439057,8643025.091128258,-0.014041555163949488,-0.000823311508813733,1.3218243655135755,9915876.123141974,9924046.705008212,
4322558,Vanini,7,7,0,0,0,0,False,6978447.742402114,6484976.083701068,1.521521243931184,1.2355550799630788,1.532640937790622,0.0006377501802303289,0.0005376558314152569,7155759.6670835335,-0.10097636275235297,-0.08857975541217938,1.2396607340173587,7470953.559348837,8197045.8783560265,
4322608,Venâncio Aires,7,7,0,0,0,0,False,109531444.42530735,107653482.41003361,1.2802384137960272,1.802097041395274,1.2022751036754846,0.010586936161873787,0.013650717822836809,111702769.74580005,-0.007885530349028894,0.0029513262379244416,1.0836856586953336,129037876.35446651,128658164.13892013,
4322707,Vera Cruz,7,7,0,0,0,0,False,28102457.52008555,26916113.87578432,1.4318789610126543,2.449892176499336,1.339376612407825,0.0026470038214211527,0.005136874702801465,28668442.250800647,0.024554103081559836,0.036507168374695115,1.1953065293135279,34214889.76668414,33009795.60067599,
4322806,Veranópolis,7,7,0,0,0,0,False,53074491.240624115,52213244.934697986,1.3946726142176222,2.4071782011353293,1.189919852373152,0.005134792470739497,0.0055606166119627765,54061520.40304358,-0.02496507160904918,-0.015368765799097751,0.959630580995143,61384395.47542016,62342523.112460405,
4322855,Vespasiano Corrêa,7,7,0,0,0,0,False,10117890.0920084,9298596.998257559,1.4858088752033134,2.1529365083461576,1.4644395668359003,0.0009144493109901364,0.0006001823584715694,10371771.115098525,-0.11300172127047314,-0.10100752769343996,1.1994193577033185,10684262.456181232,11884707.364421463,
4322905,Viadutos,7,7,0,0,0,0,False,9137836.988873824,9341507.603405353,1.3099890774752065,1.3252383978611981,1.2981888113522397,0.000918669256571058,0.001045339183937767,9362501.325099625,0.014230879584957173,0.02850708545666545,1.4276205871708276,11039495.567154324,10733514.356153121,
4323002,Viamão,7,7,0,0,0,0,False,158961022.41986012,163157302.2762456,1.3290352566077483,1.6663103561785049,1.3067723711300658,0.016045332718202566,0.04415050442166649,162144130.88885462,0.17469144567211128,0.1896777762454351,1.4986330573323825,222135787.3025996,186719287.97699264,
4323101,Vicente Dutra,7,7,0,0,0,0,False,6465279.288921036,6895952.031923943,1.240758077360284,1.219221444859578,1.2502549511485757,0.0006781666723910657,0.0009721835781068408,6629900.410232344,0.08655586427907833,0.1030002083709898,1.6444344091911478,8376477.37948502,7594266.361795305,
4323200,Victor Graeff,7,7,0,0,0,0,False,10726163.360769536,11821487.773916489,1.1968726886439456,1.4966848633219036,1.1340857923424748,0.0011625572494175134,0.0007546288910888234,10946379.415801402,0.06839831365747978,0.0806431122207268,1.224479856324702,13615237.82780014,12599199.193358814,
4323309,Vila Flores,6,7,0,1,0,0,False,15261105.468363324,14402534.321938213,1.369558884317522,2.6325623321441696,1.266754411924636,0.0014163843846201913,0.0008311984745481743,15603161.033100806,-0.2065173604091413,-0.08482610843393666,12.169125197520463,16405450.12273423,17926046.922799453,temporal_imputation;projection_changed_10pp
4323358,Vila Lângaro,6,7,1,0,0,0,False,9051139.581615143,10121866.449764188,1.1092112440926016,1.831663974495832,1.0929023262622362,0.0009954118672586291,0.000510525464641619,10202052.721873982,-0.02031503622300397,0.09630873703163075,11.662377325463472,11655601.019598326,10631677.579398911,temporal_imputation;projection_changed_10pp
4323408,Vila Maria,7,7,0,0,0,0,False,15543459.423632491,15588741.719187573,1.3273308232725205,1.4863962198744538,1.3165936868438721,0.00153303924527383,0.0011494471591048869,15921933.259287748,-0.029618329919627272,-0.01645902228336292,1.3159307636264352,17957202.402865376,18257706.39933513,
4323457,Vila Nova do Sul,7,7,0,0,0,0,False,8477549.01397262,8830455.750047995,1.306939331524756,2.942521367846608,1.2264289718838577,0.0008684110278005846,0.0008529438195864803,8672094.226497328,0.019491922590069596,0.03258845957832023,1.3096536988250636,10282438.28368555,9957924.852157079,
4323507,Vista Alegre,7,7,0,0,0,0,False,7299069.730950426,7988973.237286543,1.181250966531441,1.8567322474813488,1.162872910383619,0.0007856573495683574,0.0007038305278163451,7482330.953047384,0.06095228822768537,0.0760608143627218,1.510852613503643,9225775.118121767,8573655.87054257,
4323606,Vista Alegre do Prata,7,7,0,0,0,0,False,8197591.72753168,8034994.650584179,1.3935403835258922,1.4802906869843309,1.3827835504115247,0.0007901832204807866,0.00047252732358234954,8403516.10467281,-0.05383782260453752,-0.04056196941391497,1.3275853190622549,9238506.087090814,9629080.558175659,
4323705,Vista Gaúcha,7,7,0,0,0,0,False,8800754.831573037,9103045.392526668,1.3444197677078826,2.1527900162120153,1.320002852549491,0.0008952182343925446,0.0007111469307599714,9022892.467285968,0.0005020279066322809,0.014425778495201132,1.3923750588568853,10486697.36273691,10337569.86961912,
4323754,Vitória das Missões,7,7,0,0,0,0,False,5855292.769959973,6806515.34875056,1.113408683660465,1.9690708469310714,1.0863953957006611,0.0006693712257962224,0.000697261220154488,6001703.975655004,0.14246017239426825,0.1589217120917302,1.6461539697461947,7970787.839425785,6877762.109607354,
4323770,Westfália,7,7,0,0,0,0,False,19739299.97185389,21764345.610839423,1.2196299196537423,1.6154610533337819,1.204390172186018,0.002140364922978463,0.0008022291993005245,20233651.810085434,0.040499798873180066,0.05473008198686937,1.4230283113689304,24455222.291072145,23186237.60593243,
4323804,Xangri-lá,7,7,0,0,0,0,False,29205825.88666234,23426051.677294668,1.8809375373340347,2.2755421044500816,1.4626488611619555,0.0023037816156067027,0.003598345852534416,29494726.07854285,-0.1649779071717381,-0.16077141971474848,0.42064874569896216,28790439.355359174,34305837.565223746,
