codigo_ibge,municipio,complete_years_new,years_with_any_new_component,imputed_iss_years,imputed_cota_years,legacy_iss_years,legacy_cota_years,unresolved,r0_2025_adjusted,historical_mean_adjusted,base_2025_to_prev_median_ratio,iss_2025_to_prev_median_ratio,cota_2025_to_prev_median_ratio,coef_cpt_adjusted_pct,coef_destino_pct,old_pre_2025,old_variacao_2033,adjusted_variacao_2033,delta_variacao_pp,adjusted_revenue_2033,adjusted_counterfactual_2033,flags
4100103,Abatiá,7,7,0,0,0,0,False,8985262.448003823,7654947.95912522,1.6032375435059052,2.201305561586629,1.553500765864043,0.0007522143492469805,0.0012312144849687076,9762049.842925576,-0.14848369923622662,-0.10257514989484807,4.590854934137854,9464214.028727248,10545968.308787437,
4100202,Adrianópolis,7,7,0,0,0,0,False,20320921.894107867,22767111.52372722,1.2125080008073947,1.0048012989854582,1.2253693648493924,0.0022372128550709274,0.0010611210823043133,22040177.820371937,0.04302688741037204,0.10048889745758689,5.746201004721485,26247307.97542832,23850588.621172253,
4100301,Agudos do Sul,7,7,0,0,0,0,False,11200350.455528203,10071981.10851748,1.5710887248239438,1.9348921953806788,1.4794539920175707,0.0009897243920698252,0.0016903902735755573,12049314.58065921,-0.09088383027309964,-0.046672007680890686,4.421182259220895,12532267.382550934,13145808.665561542,
4100400,Almirante Tamandaré,7,7,0,0,0,0,False,69663742.91629702,63034085.60505955,1.4959568485548336,1.9547991741064248,1.3119513440579393,0.0061940517345080385,0.019195145488562076,54104338.62401955,0.2402071403483355,0.07857307612015865,-16.163406422817687,88188524.17188066,81764069.69948877,projection_changed_10pp
4100459,Altamira do Paraná,7,7,0,0,0,0,False,6545298.253404398,6671597.707811429,1.3064961092768386,1.5421933538566635,1.31110775683086,0.0006555853227240639,0.0005387725494211241,7152040.453535037,-0.05375875702058678,0.0016581253237844254,5.541688234437121,7694929.664316322,7682191.627836042,
4100509,Altônia,7,7,0,0,0,0,False,22836094.541330773,24920973.254449047,1.208058075011371,1.2422997041017874,1.224708535561588,0.0024488623279078454,0.003406228836346914,24856082.64922124,0.06129579913362803,0.12411866184517768,6.282286271154966,30129344.63675291,26802637.176485695,
4100608,Alto Paraná,7,7,0,0,0,0,False,18278813.969396945,16722405.890408304,1.6101552780235757,0.9396522594523017,1.678418429729661,0.0016432291547720489,0.002485520798823429,19893928.510221586,-0.09925068851317563,-0.04708303336675625,5.2167655146419385,20443665.556124616,21453774.32868495,
4100707,Alto Piquiri,5,5,2,2,0,0,False,16455825.04439287,15341435.40328707,1.4152751566749004,1.6131366304667751,1.3955878818766816,0.0015075279296499525,0.0016184555133957495,17910107.188394744,-0.33108046615246906,-0.06773279558789264,26.334767056457643,18005938.531032298,19314139.17149101,temporal_imputation;projection_changed_10pp
4100806,Alvorada do Sul,6,6,1,1,0,0,False,15823555.706830665,15754032.258802298,1.3737026591031547,1.6879364598439883,1.3456383330034611,0.001548071807522142,0.0019677671463645685,13829125.612453768,0.03536864279750029,0.014237901532447786,-2.1130741265052504,18836474.035692383,18572047.05841863,temporal_imputation
4100905,Amaporã,7,7,0,0,0,0,False,7345224.335361318,7823455.774022189,1.2673192165100124,1.980401759208513,1.2458933728045114,0.0007687727892262693,0.0009821645477729713,8022076.87990542,0.024294775583073552,0.08569297677861065,6.13982011955371,9359826.273790592,8621061.823170662,
4101002,Ampére,7,7,0,0,0,0,False,28140917.632034477,26373429.942080505,1.4406531953400856,2.079611709654725,1.3321491476895893,0.0025915881528161284,0.0035805996736478253,30288027.831478816,-0.07963831185188984,-0.035450202983760414,4.418810886812943,31858007.05310812,33028887.831046574,
4101051,Anahy,7,7,0,0,0,0,False,5815818.890599488,6243403.345229003,1.2452824519913197,1.3378452526957687,1.2452841771863874,0.0006135087540104638,0.0006067515413884122,6343732.085364484,0.0065090667286720905,0.06489601055250918,5.838694382383709,7268984.937089699,6826004.478426273,
4101101,Andirá,7,7,0,0,0,0,False,23773226.50517024,30862263.67405835,0.9776809834885614,1.7797519694655366,0.8359050392601645,0.003032683920234444,0.003444480930339069,25355410.981599763,0.2522155449297294,0.3058326008670326,5.361705593730321,36436053.42101823,27902545.392744683,projection_outlier_30pct
4101150,Ângulo,7,7,0,0,0,0,False,6541359.419823156,6564756.858536105,1.342294949129829,1.6706352791666517,1.3212762550699155,0.0006450865942755144,0.0006465811711287025,7125483.903763029,-0.05648841784227917,-0.0032177082144922747,5.327070962778689,7652864.458204926,7677568.633865443,
4101200,Antonina,7,7,0,0,0,0,False,43205337.03700131,39635401.687865965,1.5542311807506062,1.7786677187756894,1.2879259165038346,0.003894777344925,0.0029628830611825624,45321455.00437481,-0.12580270360916881,-0.09963838447419358,2.616431913497523,45657283.05472262,50709939.50365044,
4101309,Antônio Olinto,7,7,0,0,0,0,False,13741011.471184859,13303294.758678764,1.4029233076582643,1.2230420920174323,1.4126383922263106,0.0013072498027646773,0.0012479663476031777,15008112.34824436,-0.09534247513298479,-0.04278474869800126,5.255772643498353,15437750.11457617,16127772.821816023,
4101408,Apucarana,7,7,0,0,0,0,False,125215218.20663242,118322561.06350882,1.501063962532397,1.5228384035314284,1.4908543643573933,0.011626980189398239,0.023479603423066518,133387555.86020738,-0.013467410786645971,0.029678016734226667,4.314542752087264,151326243.23195845,146964624.6424796,
4101507,Arapongas,7,7,0,0,0,0,False,151215310.08742422,153062148.55595884,1.387991544004121,1.456804801756542,1.3595186351416144,0.015040669784451744,0.021631957119006784,161327718.3669471,0.00273712528587459,0.04719405750371259,4.4456932217838006,185856874.10343835,177480833.44407198,
4101606,Arapoti,7,7,0,0,0,0,False,63639833.27162684,58223246.66491579,1.5377893384652945,2.377802609181559,1.4151739212556234,0.005721314087953768,0.004630400506336198,68572807.0892059,-0.14117732685912995,-0.10116706206587318,4.001026479325677,67137274.57067136,74693829.89566375,
4101655,Arapuã,7,7,0,0,0,0,False,7311751.104743443,7457824.216396752,1.3577738243509054,1.245179732855462,1.3550702186460755,0.0007328439617996219,0.0006474801750992461,7998185.011240451,-0.05310405192440593,0.0024339783028484692,5.5538030227254405,8602662.272637824,8581774.419899847,
4101705,Araruna,7,7,0,0,0,0,False,22217879.867497798,23901783.25001615,1.2779639515220107,1.956619481432964,1.2258542126902365,0.0023487115038869424,0.002483846856276661,24128321.560235087,0.01796305085804627,0.07413910613077744,5.617605527273117,28010369.476650402,26077040.968695644,
4101804,Araucária,7,7,0,0,0,0,False,984102807.7225626,1023319884.5120237,1.274761221112415,2.2774956134097892,1.1866752151540554,0.1005566471659818,0.025337357723986365,1065388782.5501008,-0.05103717451531136,-0.0027246606081508134,4.831251390716055,1151890631.0365202,1155037716.8044257,
4101853,Ariranha do Ivaí,7,7,0,0,0,0,False,6234933.980413105,6168098.581146462,1.3317409221950043,1.239750387396081,1.3450617500828161,0.0006061089226318557,0.0005014780981100064,6818116.811673061,-0.0800525464369344,-0.027630582266611636,5.242196417032276,7115719.920275671,7317918.2628579065,
4101903,Assaí,7,7,0,0,0,0,False,19846221.10194298,18672698.2993393,1.5927012153860491,1.9712835911252067,1.5425465573947856,0.0018348748645872993,0.0023597929434312766,21502786.452205677,-0.08905229832295426,-0.040188185560921956,4.886411276203231,22357313.257277805,23293434.109626587,
4102000,Assis Chateaubriand,7,7,0,0,0,0,False,71591612.94731642,73910208.02068213,1.3070653541243362,1.3296100175298762,1.3106414915711833,0.007262795165408246,0.006096066862654237,77469265.16768314,-0.036610936768546695,0.014129773190865664,5.074070995941236,85214083.08545761,84026803.41130245,
4102109,Astorga,7,7,0,0,0,0,False,43125421.944664046,38924982.7889312,1.5926387192697933,1.4555736698744028,1.611314979994192,0.0038249679494061256,0.004446473683723673,46831878.33245274,-0.13632146757820943,-0.08980484694333359,4.651662063487584,46070568.44752182,50616143.464184746,
4102208,Atalaia,7,7,0,0,0,0,False,8089386.584444329,7105400.976864381,1.6040616415580535,1.900832452044923,1.5833709943641927,0.0006982130512826743,0.000828722518655319,8804642.006346727,-0.15835471770969026,-0.11221268121437424,4.614203649531603,8429080.913596055,9494482.220275357,
4102307,Balsa Nova,7,7,0,0,0,0,False,44912862.01800608,41742954.25272946,1.5269517934501269,2.0985293708656436,1.3781096634062893,0.0041018762422065655,0.0023793080341808813,48187249.983988985,-0.12664833341673679,-0.087180412989651,3.9467920427085788,48118421.97826826,52714055.06959473,
4102406,Bandeirantes,7,7,0,0,0,0,False,30514554.062520545,28754673.03938793,1.5049346080537154,1.7521491943732928,1.42654664706109,0.0028255812820188854,0.0052405979725516005,32634384.542051237,-0.03210958266964462,0.012099986796561513,4.420956946620613,36248174.667035185,35814815.867912166,
4102505,Barbosa Ferraz,7,7,0,0,0,0,False,2488584.8962975712,14273227.17396701,0.21176863742720883,1.9944277379640083,0.039120899612362585,0.001402560324073953,0.0018722652050130585,2529041.786080903,4.9014881446796315,4.877495619159203,-2.3992525520428742,17167239.66409919,2920842.6133297617,base_2025_anomaly;cota_2025_anomaly;projection_outlier_30pct
4102604,Barracão,7,7,0,0,0,0,False,11066310.675280739,12128240.232101101,1.1770286550886175,1.6823232087446862,1.1021715452196525,0.001191782933393518,0.0017865930716243468,11923387.591697734,0.0841815130856079,0.14015954581581605,5.597803273020816,14808947.080819827,12988486.686066037,
4102703,Barra do Jacaré,6,7,0,1,0,0,False,7947231.231194459,8032895.371841377,1.4061078718506375,1.1756534405844088,1.3944155282226085,0.0007893533956028688,0.0006111228378173602,8667898.827356378,-0.175684467127575,-0.017218629067229645,15.846583806034534,9167025.936113654,9327635.023660565,temporal_imputation;projection_changed_10pp
4102752,Bela Vista da Caroba,6,6,0,0,1,1,False,5912470.76847666,5708048.321572837,1.4082735472485823,2.363243234659117,1.3695220878424803,0.0005609020305048419,0.0007959060859474001,6445824.7475968255,-0.056759999610091094,-0.0029734888186913866,5.378651079139971,6918810.058938021,6939444.4193268195,legacy_snapshot_used
4102802,Bela Vista do Paraíso,7,7,0,0,0,0,False,17435475.885256164,15637001.127740834,1.4947436234310976,1.5332408422474548,1.4837899274021589,0.0015365717298517123,0.0025609622796817183,18874380.18843144,-0.10111768540792532,-0.05273189084720621,4.83857945607191,19384848.768003028,20463951.63175103,
4102901,Bituruna,7,7,0,0,0,0,False,38300537.47560107,30966122.375479884,1.7206473674353582,1.680201343068551,1.7233999389973682,0.003042889607578185,0.0026881515714266804,41767464.77165179,-0.24589661229072377,-0.20529264935062158,4.060396294010219,35724634.4553224,44953194.94167352,
4103008,Boa Esperança,7,7,0,0,0,0,False,12642299.798076056,13245669.179275079,1.3171764864500934,1.6510197432332665,1.2980218347546562,0.0013015872185194834,0.0008585131917106271,13779597.204995066,-0.025547468289002676,0.029509947149919096,5.505741543892177,15276094.178193096,14838219.116272962,
4103024,Boa Esperança do Iguaçu,7,7,0,0,0,0,False,8703224.949114723,8534361.612050364,1.336665567781593,1.326404132793326,1.3406733393535526,0.0008386300338716467,0.0006209564603903812,9515084.1349518,-0.08932221298426753,-0.03630764989982547,5.301456308444206,9844061.433853243,10214941.970671413,
4103040,Boa Ventura de São Roque,7,7,0,0,0,0,False,22413401.02359125,20528819.06395175,1.4332840169531855,3.472905189338421,1.3522833857582477,0.002017266786848821,0.0011960369750144213,24388015.064160116,-0.1450059178021461,-0.09986635840928935,4.513955939285676,23679386.70997934,26306523.40482828,
4103057,Boa Vista da Aparecida,7,7,0,0,0,0,False,11664798.110621838,11514408.511100097,1.3635188728633292,2.1269831277011986,1.3156115596948876,0.0011314646881192953,0.0013416237117714275,12687036.381314738,-0.05475101489485727,-0.0024094482658231367,5.2341566629034135,13657941.523783043,13690929.10918267,
4103107,Bocaiúva do Sul,7,7,0,0,0,0,False,16926764.120636046,15601301.890903074,1.4405770105238607,1.5011086883266211,1.504992592155739,0.0015330637402024138,0.0022220905574290807,18365543.076101754,-0.09404660163171032,-0.04547328084729432,4.857332078441599,18963466.422552556,19866878.571388394,
4103156,Bom Jesus do Sul,7,7,0,0,0,0,False,7743412.968301252,6341327.594107308,1.7897450290689192,2.4321910888078877,1.7584879098268769,0.0006231312916865934,0.0007682615212444606,8443719.497731818,-0.21195273951295,-0.1687090663884932,4.324367312445679,7555116.412553686,9088414.304882186,
4103206,Bom Sucesso,6,6,1,1,0,0,False,12043781.5137215,10868826.276175926,1.55950801231134,0.9974408254232336,1.6013346569931421,0.0010680264749110646,0.0012454038097345246,13154808.118318828,-0.24754114016841097,-0.08965521260843076,15.788592755998021,12868397.667155929,14135740.485786742,temporal_imputation;projection_changed_10pp
4103222,Bom Sucesso do Sul,7,7,0,0,0,0,False,13796224.424595946,13562961.5175405,1.4130206522874718,1.687776827142216,1.3959337982574327,0.0013327659869479301,0.0007200460071295977,15045788.054749122,-0.08527284149966646,-0.033938819189218684,5.133402231044778,15643019.143983267,16192576.05491883,
4103305,Borrazópolis,6,6,0,0,1,1,False,15030142.959507916,12430493.663534101,1.8388673804547295,1.3511613236880142,1.8510190759025433,0.001221483901897427,0.001302142635174304,16375717.531332333,-0.2162802164486307,-0.1735655991765736,4.271461727205711,14578981.778726961,17640821.53913371,legacy_snapshot_used
4103354,Braganey,7,7,0,0,0,0,False,10859190.313624313,11425020.99745472,1.307191149544877,2.2375386287078687,1.260271873433571,0.0011226810137211682,0.0009529366848275696,11840524.176936036,-0.022061086831228625,0.03382838847946156,5.588947531069019,13176546.32115979,12745390.306547536,
4103370,Brasilândia do Sul,7,7,0,0,0,0,False,11191663.82195066,11325728.566448653,1.2920520210599908,3.851856325411256,1.2274316829623184,0.0011129240314695329,0.0006514343377094424,12179346.9525736,-0.05681206984238312,-0.005583114015457544,5.122895582692558,13062275.570679685,13135613.196820483,
4103404,Cafeara,7,7,0,0,0,0,False,5845808.181956134,5138663.534346476,1.7228471634949503,2.550202504361599,1.6949239476137317,0.0005049513683342329,0.0006156463923031863,6388906.739345687,-0.1574416826380681,-0.10884056198935,4.86011206487181,6114425.627276665,6861202.795457116,
4103453,Cafelândia,6,6,0,0,1,1,False,60018308.50054258,59753208.03469422,1.3175217076406835,1.9730915142143837,1.2748628721508337,0.00587165591944447,0.003396468185310639,65150037.13803941,-0.07212132513755719,-0.02191036856633875,5.021095657121844,68899822.2757834,70443260.06686282,legacy_snapshot_used
4103479,Cafezal do Sul,7,7,0,0,0,0,False,9326515.358359732,8571799.807468992,1.3866263195387896,1.4064493468057873,1.4121533346880706,0.0008423089024876293,0.0008255874485630004,10159423.774389163,-0.13614926104771907,-0.08907570595652882,4.707355509119025,9971428.730933532,10946495.549780205,
4103503,Califórnia,7,7,0,0,0,0,False,10192530.965204503,9925054.744920075,1.4985832949758056,1.5108874475885439,1.4602961322805459,0.0009752866559061327,0.0015425408441814728,11017890.177403154,-0.030966250712374233,0.020648111605953874,5.161436231832811,12209946.780968616,11962934.76872915,
4103602,Cambará,7,7,0,0,0,0,False,31510726.816005096,29617826.77232916,1.4394612270653548,1.6770356592799107,1.3800101761644183,0.0029103991837200337,0.0040793196417407565,33877888.46818249,-0.07510138747590793,-0.030850091341180722,4.425129613472721,35843059.637865454,36984020.03408091,
4103701,Cambé,7,7,0,0,0,0,False,134793420.6959738,132865266.17380731,1.4045222267841555,1.4290821148599673,1.3963130317498265,0.013056020794147694,0.018802529992892777,144487898.53248137,-0.025871432462066083,0.019938454644403577,4.580988710646966,161360918.0307531,158206524.4191727,
4103800,Cambira,7,7,0,0,0,0,False,15628474.815289075,13733300.504503459,1.7036660631563536,1.633929893083878,1.698426133139971,0.001349504367262716,0.001613078821648108,17029219.662395082,-0.1570823561612137,-0.11113453055864601,4.594782560256768,16304531.623269344,18343081.35911347,
4103909,Campina da Lagoa,6,6,1,1,0,0,False,25077561.940085866,24490646.13461135,1.3980105761459316,1.7197316418843442,1.3738515386357457,0.002406576183555137,0.0026228888412542263,27290188.071027793,-0.19182489905440162,-0.021907973778742103,16.991692527565952,28788611.9160926,29433438.924263574,temporal_imputation;projection_changed_10pp
4103958,Campina do Simão,7,7,0,0,0,0,False,20122416.470425487,16004567.031989295,1.8596319246176767,2.1358082107361667,1.8522715546676272,0.001572690636073673,0.0007615329956423792,22016324.34972293,-0.2584421103990868,-0.2180710326359476,4.037107776313922,18467288.364487045,23617603.56153809,
4104006,Campina Grande do Sul,6,6,0,0,1,1,False,81742800.16115697,73149415.87664627,1.481448288899803,1.372699962393066,1.561488221016392,0.007188035837115759,0.007667835384728898,86636904.85980923,-0.13902444402433495,-0.10571902905391996,3.330541497041499,85798401.27326219,95941213.17654128,legacy_snapshot_used
4104055,Campo Bonito,7,7,0,0,0,0,False,11316168.57832623,11648159.100885859,1.2930582988703392,1.9382754982295554,1.2732978758599378,0.0011446077053408775,0.0007750117687729051,12331249.625257283,-0.041697772994394866,0.011510027447335614,5.3207800441730475,13434617.192590013,13281743.95511812,
4104105,Campo do Tenente,5,6,2,1,0,0,False,12907676.504633583,11165632.999984637,1.6360022881420397,2.0882192730406683,1.5560491382623838,0.0010971922220584054,0.0013187875825083598,13914662.205812719,-0.26638630914958317,-0.12444435444597626,14.19419547036069,13264397.260964416,15149690.745893287,temporal_imputation;projection_changed_10pp
4104204,Campo Largo,6,7,1,0,0,0,False,176570303.73601592,160382919.70099768,1.5481187677323585,1.7769755542989687,1.4622091326293105,0.01576004621029498,0.023772453965375744,188274396.04268306,-0.11886976204303974,-0.05424342758268265,6.462633446035709,195998490.78463462,207239892.90782303,temporal_imputation
4104253,Campo Magro,7,7,0,0,0,0,False,38991291.28647684,39235221.30473621,1.2765303616079222,1.819759272185147,1.2171505503062243,0.0038554535731521932,0.0049759468441633635,42226242.1614851,-0.02431353522208846,0.026948870076180593,5.126240529826905,46997216.263612896,45763930.05829645,
4104303,Campo Mourão,7,7,0,0,0,0,False,139502339.60692227,129434432.68015651,1.4580213467171619,1.6649036737441236,1.3336864713424716,0.01271888954288623,0.0182742322389748,147195792.89991304,-0.07219597625008245,-0.04023332694632256,3.196264930375989,157145826.6175686,163733364.607858,
4104402,Cândido de Abreu,7,7,0,0,0,0,False,25592573.65184641,25552178.40857503,1.3800829515901247,0.9501812881536489,1.4348059255739785,0.0025108877756035704,0.0024275446562169933,27872733.72547247,-0.06470255985192691,-0.011699395793131546,5.300316405879537,29686480.8550561,30037906.208587326,
4104428,Candói,6,6,1,1,0,0,False,42110436.85297166,40122053.717573,1.4990679956890194,1.5949043154177258,1.470867015068208,0.003942598263080221,0.0026282917401945776,34943682.26935495,-0.020266501593489677,-0.07649506635066516,-5.6228564757175485,45644101.43462875,49424859.32832095,temporal_imputation
4104451,Cantagalo,6,6,1,1,0,0,False,14888270.054287944,13984583.930534005,1.4846592228948723,1.2748233088449255,1.5195813106095617,0.001374196762272769,0.0020877288925792354,12152885.757214207,0.06380389373178166,-0.021022916384501076,-8.482681011628273,17106944.979919337,17474305.85069571,temporal_imputation
4104501,Capanema,7,7,0,0,0,0,False,42873968.52841221,38788805.306467555,1.5192422032154698,1.9212277120029817,1.4483542481383866,0.00381158645329401,0.0036278557652742274,46380949.69629896,-0.14767201734052937,-0.10574172696234112,4.1930290378188255,44999982.67236675,50321013.54735996,
4104600,Capitão Leônidas Marques,7,7,0,0,0,0,False,32941786.353442643,33145713.4014269,1.3434864419345056,1.5726223066881133,1.2914019180056069,0.0032570673725952383,0.0027676526773000457,35713396.18016418,-0.0615803074732115,-0.01148926741464853,5.0091040058562974,38219432.15756698,38663649.16201553,
4104659,Carambeí,7,7,0,0,0,0,False,85079954.56294335,82042781.26138937,1.5046601468893823,1.7997681055202166,1.4700167567299416,0.008061943418358758,0.0041327864635275074,92260293.03368904,-0.09970667894462436,-0.05259399935786012,4.711267958676424,94606086.02071851,99858018.58611377,
4104709,Carlópolis,6,6,1,1,0,0,False,20491928.6741004,18474785.124553353,1.578886530908927,1.9124772829090808,1.52244961130403,0.0018154269035072312,0.002657282500318381,15914355.994127236,0.05916242871511686,-0.0651001350804045,-12.426256379552136,22485555.83794833,24051298.627454784,temporal_imputation;projection_changed_10pp
4104808,Cascavel,7,7,0,0,0,0,False,568318699.6287415,505870332.6247169,1.5482140487193983,1.7593760213699228,1.379274168010171,0.04970940692092436,0.06562774443004332,595468505.3917444,-0.1152335970286347,-0.08907989558151541,2.6153701447119286,607614219.0295342,667033492.9290253,
4104907,Castro,7,7,0,0,0,0,False,186351883.4391011,178973825.2767032,1.4462198066261192,1.5431586436782658,1.4280033637239513,0.017586883703405706,0.012189844366836174,201303292.3973093,-0.1013454733583385,-0.05652086312086622,4.482461023747229,206358224.5438235,218720495.7455879,
4105003,Catanduvas,7,7,0,0,0,0,False,19526343.923141263,18924992.378127955,1.4482793112530081,1.8140898541006876,1.4115900104826526,0.0018596665715078732,0.0017816014934531165,21210565.44260621,-0.09010668072804741,-0.04142902859051493,4.867765213753248,21968525.193218697,22917995.483335078,
4105102,Centenário do Sul,6,6,0,0,1,1,False,11800611.953772567,12034217.674538085,1.4364395741538354,1.2492472676475654,1.4399787271476048,0.0011825437958671169,0.0018011269610424762,12818062.546171015,0.005972838079581422,0.06324414380028463,5.727130572070322,14726285.770428633,13850333.299550021,legacy_snapshot_used
4105201,Cerro Azul,6,7,1,0,0,0,False,20558487.91698994,19613608.693583038,1.4725884530976097,2.272421371160106,1.4036228479367956,0.0019273335336318182,0.002562362847491559,22315795.99284894,-0.08193547578241218,-0.022826455283398828,5.910902049901336,23578629.854455285,24129418.957298454,temporal_imputation
4105300,Céu Azul,6,6,0,0,1,1,False,34659744.465541825,36933018.946732715,1.2472307989865263,1.5588632222200665,1.202251858059633,0.0036292273913665807,0.0021535064068236727,37594870.38761932,-0.006424955530201022,0.0468407830750884,5.326573860528942,42585493.58062414,40680010.05418371,legacy_snapshot_used
4105409,Chopinzinho,7,7,0,0,0,0,False,42374291.01204894,42341243.84939017,1.3625486565502216,1.848691812599684,1.3102294391321134,0.004160667238829461,0.0036757745882337487,45925253.23586748,-0.06709823493211334,-0.01826884425706027,4.882939067505307,48825951.31214921,49734543.94976336,
4105508,Cianorte,7,7,0,0,0,0,False,109738627.95359012,109996762.05601497,1.3842914559547919,1.4718289061035805,1.350896172355527,0.010808844584058496,0.014812051119830399,117221071.33643514,-0.01341608958918056,0.030542625931301158,4.395871552048171,132733694.02062999,128799809.61552034,
4105607,Cidade Gaúcha,7,7,0,0,0,0,False,15985836.31079676,16281903.668339666,1.3178413761728704,1.5954774189026593,1.3055892036108847,0.0015999431528182129,0.0021977902065901693,17301129.653735485,-0.007131690383774885,0.04748471651406537,5.4616406897840255,19653447.899795607,18762515.18513846,
4105706,Clevelândia,7,7,0,0,0,0,False,31602441.787781335,28391683.773198035,1.7035602924693745,3.1842500915725482,1.541311564594392,0.002789912099666681,0.0027724748857687553,34089785.47467146,-0.14844864101926578,-0.10841060979712713,4.003803122213864,33070535.466744516,37091665.54709632,
4105805,Colombo,7,7,0,0,0,0,False,178151629.40482527,157809047.27050033,1.5898620395233456,1.5676802533480516,1.6023092560574521,0.01550712433731956,0.039891476968959574,189252900.01896268,-0.029362761053882296,0.011682761503824916,4.104552255770722,211538706.22229367,209095888.82175878,
4105904,Colorado,6,6,0,0,1,1,False,28389088.485122994,28164184.24466736,1.472949698095567,1.9051257038970582,1.3720318428880292,0.0027675568321036013,0.0043225619344421816,30547680.73649016,-0.010503726555066074,0.03799197085127952,4.84956974063456,34586063.75403775,33320165.01599042,legacy_snapshot_used
4106001,Congonhinhas,7,7,0,0,0,0,False,17911187.44732139,16112630.703905135,1.604535016790037,1.9131563892560224,1.5704560188623797,0.0015833095253308513,0.0014647942198063794,19512648.51071205,-0.1591155430860024,-0.11308754415326826,4.602799893273414,18644933.051034726,21022292.480078526,
4106100,Conselheiro Mairinck,7,7,0,0,0,0,False,6300424.906226774,5891768.468251614,1.5300649852001384,1.4340335441990264,1.51795179686666,0.0005789553120314388,0.0007391570862430596,6870760.862637093,-0.09839114464251487,-0.04686525287601151,5.152589176650337,7048226.257479729,7394784.71301903,
4106209,Contenda,7,7,0,0,0,0,False,22565422.607133314,20253095.238503877,1.5908094842402851,1.9071009671957548,1.5539312885348227,0.0019901727531547162,0.0030735760740325936,24337042.82314105,-0.10699078999330061,-0.06242235882240232,4.4568431170898295,24831697.47120762,26484950.55835483,
4106308,Corbélia,7,7,0,0,0,0,False,34777299.56777224,35520742.52023246,1.3051858763296915,1.1818588068250016,1.3355223264968736,0.003490449884479631,0.003114470086753319,37698111.91556979,-0.046741723210174176,0.003806881329606503,5.054860453978067,40973373.25119916,40817984.02988362,
4106407,Cornélio Procópio,7,7,0,0,0,0,False,54587111.767539605,54344017.38880985,1.3366624125771587,1.4523839064056816,1.2687799544275131,0.005340121173111363,0.00851854644744865,57739401.69564518,0.006219812522510467,0.04476714370407996,3.85473311815695,66936857.18474329,64068685.14971457,
4106456,Coronel Domingos Soares,7,7,0,0,0,0,False,21691224.330442015,19344956.556193016,1.5648576263612997,0.630025062780029,1.7870328608411326,0.0019009344001850981,0.0011539191579460573,16665469.241090158,-0.02027802127085507,-0.1362669249667767,-11.598890369592162,21989700.350519296,25458907.370976232,projection_changed_10pp
4106506,Coronel Vivida,7,7,0,0,0,0,False,39684121.6337867,36776296.551279105,1.5197494327708674,1.8722503515909863,1.4399074203114486,0.0036138270469961097,0.004059847177840099,42643160.71803832,-0.10993988066584948,-0.06890801004590291,4.103187061994657,43367566.957884006,46577102.39782219,
4106555,Corumbataí do Sul,6,6,0,0,1,1,False,6245536.687857057,6170322.75737457,1.498350330497399,2.4197193274807347,1.4563830631238175,0.0006063274815669355,0.0006695375313670693,6805974.15267695,-0.06298357613574343,-0.009183674461730382,5.379990167401305,7263042.956206978,7330362.620197307,legacy_snapshot_used
4106571,Cruzeiro do Iguaçu,7,7,0,0,0,0,False,12388322.242089523,12847327.205105564,1.258573430413271,1.19942044917685,1.2634603574574812,0.0012624440982164265,0.0008652546262650138,13497141.983725805,-0.035738125687467634,0.0189651584483843,5.470328413585193,14815882.43158298,14540126.626256455,
4106605,Cruzeiro do Oeste,6,6,0,0,1,1,False,25189815.963797253,24550240.694505516,1.4024474766336543,2.017802775421383,1.3162745875255217,0.0024124322498966476,0.0038502212538911685,27189997.184007972,-0.02809980023020811,0.02286849637648483,5.096829660669294,30241302.508565057,29565191.044298436,legacy_snapshot_used
4106704,Cruzeiro do Sul,7,7,0,0,0,0,False,7806832.290438405,7850106.876196308,1.3762613302658349,1.9299641077226266,1.3501931079978753,0.0007713916628731793,0.0008680761655154437,8512872.608931592,-0.046213815582710656,0.010463565566123906,5.6677381148834565,9258725.396349397,9162849.321699282,
4106803,Cruz Machado,7,7,0,0,0,0,False,33686937.48823683,30621053.87765542,1.5261532577300023,1.919720221465056,1.4879214794499052,0.0030089814116083815,0.0028256413288414673,36549293.33757017,-0.1477156468199917,-0.10261598906587917,4.509965775411253,35480975.61154642,39538230.21051259,
4106852,Cruzmaltina,7,7,0,0,0,0,False,10612434.644329865,9689690.041151458,1.5383602231160405,2.8180934843122234,1.488449821700266,0.0009521585159858648,0.0006070379603730104,11580178.507195206,-0.1496411228872283,-0.10263522072913354,4.700590215809476,11177372.99153723,12455774.117432103,
4106902,Curitiba,6,6,0,0,1,1,False,3938374963.310526,3673896740.59409,1.4535742721340466,1.561666430653787,1.2358705840796913,0.36101588941989304,0.4277747428469183,4045611044.5208545,-0.073355810857876,-0.057319891758560136,1.6035919099315863,4357497032.5275345,4622455692.479181,legacy_snapshot_used
4107009,Curiúva,7,7,0,0,0,0,False,14000266.902447563,13020579.196934609,1.5213586822251197,1.5235371504127064,1.5210453125697163,0.0012794687252923132,0.0023390842073050624,15181451.442759253,-0.05583431079260089,-0.003453033272639379,5.238127751996151,16375319.484249923,16432059.933939822,
4107108,Diamante do Norte,7,7,0,0,0,0,False,10233732.832440797,11241251.694616964,1.293441348449482,1.506247532958235,1.282981612929675,0.0011046229018589068,0.0009812136879178066,11142948.436126774,0.019573976318373217,0.07913754677285188,5.9563570454478665,12961837.52420806,12011293.243359275,
4107124,Diamante do Sul,7,7,0,0,0,0,False,5075799.413352299,4876656.574065623,1.492339205717318,1.9331497587370305,1.4550461830530614,0.00047920522398704605,0.0006553752926882889,5531840.096496485,-0.06593752662586284,-0.012462065545270374,5.347546108059247,5883204.348866342,5957446.436844738,
4107157,Diamante D'Oeste,6,6,1,1,0,0,False,9533213.57320905,9693955.22996161,1.34443384721572,1.371093623879615,1.350976635227644,0.0009525776352590948,0.0009566703129351302,10405877.992118917,-0.16652170781899633,0.010167577103950077,17.66892849229464,11302862.45815134,11189096.457199233,temporal_imputation;projection_changed_10pp
4107207,Dois Vizinhos,7,7,0,0,0,0,False,95807838.8502448,91231967.48262727,1.4208063301898972,1.4771756195381827,1.4242116277964183,0.008964919868417826,0.008090591940692306,102874176.91689909,-0.10387525077264458,-0.06322205397541805,4.065319679722652,105340020.07951963,112449295.50973375,
4107256,Douradina,7,7,0,0,0,0,False,23205574.562900163,18919542.347139794,1.9432454417038099,1.750521831533647,1.9425625513242515,0.0018591310235805682,0.0016762566339944543,24912973.2112677,-0.23198545648695323,-0.1980008776432799,3.398457884367334,21843484.261500146,27236294.470387727,
4107306,Doutor Camargo,7,7,0,0,0,0,False,7457700.3455434535,7844314.083597451,1.2306009633352277,0.7783236295161855,1.399235564819897,0.0007708224334364362,0.001184792928056467,8110516.095745843,0.036755474522482394,0.09804587986481636,6.129040534233397,9611277.377567194,8753074.487880658,
4107405,Enéas Marques,7,7,0,0,0,0,False,17854501.74642963,17684030.058694683,1.348853064149907,2.398658028821696,1.2929040559600076,0.0017377232652258541,0.001294311089723896,19422837.210386474,-0.0765531961560353,-0.026711334483052955,4.984186167298234,20396004.35576045,20955760.688867606,
4107504,Engenheiro Beltrão,6,7,0,1,0,0,False,18880522.814174343,20479934.187166672,1.2786187643852018,0.9346312792526147,1.3272219712783417,0.0020124631087604455,0.0024167756443628737,18498489.93769591,0.024143545603500512,0.09779141641423784,7.364787081073733,24327055.271366715,22159997.707786053,temporal_imputation
4107520,Esperança Nova,7,7,0,0,0,0,False,5262104.808782982,5179265.631846528,1.2908130732814727,3.2918452350531364,1.199632029004419,0.0005089411381552878,0.0004348052441522193,5712923.947842212,-0.08117333574088444,-0.032841054993936504,4.8332280746947935,5973282.323806859,6176112.369791927,
4107538,Entre Rios do Oeste,7,7,0,0,0,0,False,17279850.16425639,17460880.592476834,1.3569144359490375,1.3011506842521285,1.3655521426483517,0.0017157954570405907,0.001044801550930684,18819748.133110095,-0.05903250638950521,-0.007062119254478207,5.1970387135027005,20138065.396725677,20281294.315819163,
4107546,Espigão Alto do Iguaçu,7,7,0,0,0,0,False,13237178.26007191,13094834.532877607,1.313009972112548,1.9180706095057263,1.2991436931059934,0.001286765434493046,0.0008437340671493969,14473078.941529425,-0.08104651746029576,-0.027793785198455326,5.325273226184043,15104609.622432759,15536425.70112149,
4107553,Farol,7,7,0,0,0,0,False,9265599.868611585,10118663.747809881,1.2155711944551144,1.5718120654535663,1.1884311956708322,0.0009943116670355035,0.000650645950640653,10107169.811469113,0.014241001989887186,0.07302119395070175,5.878019196081456,11669104.70251853,10874999.271500548,
4107603,Faxinal,7,7,0,0,0,0,False,22956410.84060271,22168570.472528465,1.4966321748488867,1.671094629784718,1.4707342491427455,0.0021783971492386795,0.00287963692624737,24852473.595363088,-0.06158723711485317,-0.011596556116164537,4.999068099868864,26631396.067411415,26943851.95863536,
4107652,Fazenda Rio Grande,7,7,0,0,0,0,False,106679399.94522804,90614446.17724422,1.635255445172617,1.6407391164444134,1.632262872653464,0.008904239065706275,0.020371602130834433,113328953.60023351,-0.08994437587386656,-0.052814240944050156,3.71301349298164,118596376.21519509,125209205.35523978,
4107702,Fênix,6,6,1,1,0,0,False,11271919.708292851,11991114.287016695,1.2167918391967598,1.7542066528554257,1.1840925800772175,0.0011783082364919429,0.0008982673678810531,10649177.204183983,-0.020248887830537625,0.03262172241783023,5.2870610248367855,13661388.389087535,13229809.224911619,temporal_imputation
4107736,Fernandes Pinheiro,7,7,0,0,0,0,False,20186723.651487302,21679961.08077805,1.2712866346758336,1.9363351978438286,1.2397776161937282,0.0021303838906751946,0.0010380904656999103,21973134.854674395,-0.0017902371375250344,0.05508572999399803,5.687596713152306,24998231.298680015,23693080.65499305,
4107751,Figueira,7,7,0,0,0,0,False,6013219.83743342,6376437.516825349,1.2379933243981016,0.8240121655526125,1.4967756968010144,0.0006265813723155518,0.0013917304782609604,6485518.007008474,0.11299946040827766,0.17576140259364115,6.276194218536349,8298163.276825059,7057693.217790562,
4107801,Floraí,7,7,0,0,0,0,False,9494822.858139224,9243481.762194226,1.4472907419138652,1.942783450159824,1.4075285698184907,0.000908311807689916,0.0009399060968060017,10327310.25656915,-0.08095846074180835,-0.030065820146508684,5.089264059529966,10808982.796348201,11144037.421158722,
4107850,Flor da Serra do Sul,7,7,0,0,0,0,False,16820544.94144733,16325890.606004836,1.3894235038400973,1.5749370913449494,1.3840570263603293,0.0016042655343507654,0.0009664364124665493,18392405.489280563,-0.09902675936756289,-0.04618886570000834,5.283789366755455,18830339.260992717,19742209.525382012,
4107900,Floresta,7,7,0,0,0,0,False,11331131.120799767,10635174.225573301,1.4118153523655603,1.2218153823585607,1.50208783749847,0.0010450666290528362,0.0015438118038312329,12205129.552508086,-0.07188653592580226,-0.0255127265624918,4.637380936331045,12960003.891209943,13299305.43422437,
4108007,Florestópolis,7,7,0,0,0,0,False,12771637.188114248,12571595.865331309,1.4290219659113206,1.2895398896763353,1.4271171943245673,0.0012353493261261675,0.0018091842585275918,13846217.658288352,-0.031562310111490036,0.02080715616682477,5.236946627831481,15301921.6452901,14990021.91829207,
4108106,Flórida,7,7,0,0,0,0,False,3490442.2354226415,3319520.2186804903,1.4628510263438157,1.8426835463073064,1.4326457905954313,0.00032619303938315566,0.0005333420786429565,3796094.021876136,-0.05196490315461514,0.0016444834621800204,5.360938661679516,4103455.7422546614,4096718.7560111983,
4108205,Formosa do Oeste,7,7,0,0,0,0,False,19018152.939881627,20059110.798170835,1.2833512827704403,2.2245846711010175,1.2447820706530632,0.0019711108496214317,0.0013138700893662804,20728618.39129077,-0.018920258926101104,0.036406217999415666,5.532647692551677,23134176.282654166,22321533.662071496,
4108304,Foz do Iguaçu,7,7,0,0,0,0,False,489616704.255086,484468259.05060834,1.427983007054683,1.8530967841953399,1.1276947607214756,0.04760632967832952,0.04869400538376591,513055219.6391414,-0.044071186609120516,-0.015288380707321329,2.8782805901799184,565875620.6165435,574661260.7486176,
4108320,Francisco Alves,7,7,0,0,0,0,False,13205659.61801208,14143157.872811912,1.2494490727177527,1.8034870412618855,1.2648004604488192,0.0013897790491067261,0.0012536547640045344,14368838.25803287,-0.0023316970177861395,0.05356033739671383,5.589203441449997,16329587.219315177,15499432.390995882,
4108403,Francisco Beltrão,7,7,0,0,0,0,False,139141573.9159092,125054865.11250763,1.5782720854399024,1.695017989813362,1.5087425192997292,0.012288530827781566,0.01856594714477814,147188233.14906222,-0.09746104638007516,-0.06399343501100313,3.3467611369072032,152859171.55986953,163309935.29053554,
4108452,Foz do Jordão,7,7,0,0,0,0,False,8747017.358555157,10014411.050735397,1.117022283455033,1.8076325496220855,1.1193799618764508,0.000984067263663219,0.0008763561649870447,9461502.62008528,0.06795643664232308,0.12501051080676884,5.705407416444576,11549741.48169705,10266340.954818713,
4108502,General Carneiro,7,7,0,0,0,0,False,26721877.834063523,18858728.811735313,1.9625041063305015,1.5948022479539967,2.0572385939030036,0.0018531551744691243,0.0020590380138263737,29052777.829637054,-0.32605520865162524,-0.29175822995566,3.4296978695965263,22212846.01012433,31363366.2255386,
4108551,Godoy Moreira,5,5,2,2,0,0,False,4443362.277785685,4187365.569408971,1.4777049867189518,1.7291701738458507,1.46103660635853,0.00041147196345043847,0.0006097838090867896,4841058.279248798,-0.2891197591780297,-0.021138817370257898,26.798094180777177,5104915.1204830315,5215157.379893758,temporal_imputation;projection_changed_10pp
4108601,Goioerê,7,7,0,0,0,0,False,36223846.19174043,35266316.34241764,1.4097883558440036,1.6356873340281881,1.3606276817716083,0.003465448666600909,0.004944492121470939,38995294.48384081,-0.0410250753677567,0.006156087385141067,4.718116275289777,42777521.212573886,42515790.29228624,
4108650,Goioxim,7,7,0,0,0,0,False,15328107.103451446,14073163.652159518,1.518063903507466,1.4885436478331409,1.5193472509754073,0.001382901058894353,0.001179070676390876,16747208.96929885,-0.14545718340007116,-0.09756129194917275,4.789589145089841,16235360.504874522,17990540.91988274,
4108700,Grandes Rios,6,6,1,1,0,0,False,7457452.640563654,7045760.56931424,1.3888382781204083,0.8747109778607262,1.4739460682938768,0.0006923524797159303,0.000999424059437403,8141449.062649221,-0.19254605124894508,-0.022080911604262028,17.046513964468303,8559514.313049076,8752783.75748942,temporal_imputation;projection_changed_10pp
4108809,Guaíra,7,7,0,0,0,0,False,36510204.76469794,36178529.234247945,1.3981182459710229,1.4403878699933539,1.3839347294752544,0.003555087372241601,0.005690038548453168,39122159.88322508,-0.006502365786100883,0.04040843824988938,4.691080403599026,44583466.139164485,42851888.25857663,
4108908,Guairaçá,5,5,2,2,0,0,False,10867146.739732455,11156720.006072922,1.3327917175849573,2.4389685507865932,1.2809543323465507,0.0010963163856776825,0.001177594008100936,8156514.51362171,0.037376795095993454,0.02668663697396393,-1.0690158122029523,13095109.548977237,12754728.733563248,temporal_imputation
4108957,Guamiranga,7,7,0,0,0,0,False,14394977.709007304,12913084.79245441,1.5249142379587581,1.755699645528672,1.4378507458052405,0.0012689057751657385,0.0014622650415390525,15558818.278428765,-0.13893228556301052,-0.09625543561502142,4.267684994798909,15269063.10654691,16895330.50407656,
4109005,Guapirama,7,7,0,0,0,0,False,10138832.747736277,8846198.870863345,1.6582586253237925,2.0137996367336557,1.6254577614822636,0.0008692727582848607,0.0008112745931111421,11054803.413073696,-0.1837229208611601,-0.1391114464713075,4.461147438985261,10244495.769338684,11899909.375432584,
4109104,Guaporema,7,7,0,0,0,0,False,6098687.300807456,6149132.016709735,1.41080069534001,3.461788197017147,1.3907707014943516,0.0006042451709771869,0.0005495812393651621,6674678.786040059,-0.06412597208532539,-0.007424483126555837,5.670148895876955,7104861.558824515,7158006.053992164,
4109203,Guaraci,6,6,1,1,0,0,False,11611945.657309014,11439415.41388297,1.4602958536257915,3.0584703756992075,1.3873526869418602,0.0011240954827213736,0.001044463917142281,12630320.466523781,-0.1825545551417947,-0.028360741068631578,15.419381407316312,13242370.784597563,13628896.386053639,temporal_imputation;projection_changed_10pp
4109302,Guaraniaçu,7,7,0,0,0,0,False,26037111.270123046,26671155.80923729,1.3323557425587333,1.19365361506374,1.3660148876636937,0.0026208442196911964,0.0022299611226962108,28273787.1847866,-0.04557059199012514,0.0064094185886229595,5.1980010578748095,30755527.959921464,30559658.317837153,
4109401,Guarapuava,7,7,0,0,0,0,False,267397765.0131753,248916174.12287313,1.4820764505475041,1.6860122296314908,1.3958364295252224,0.02445977672672278,0.031546644910519464,284481915.55994946,-0.08641699537660033,-0.05005213603116765,3.636485934543268,298135188.7526788,313843738.23115474,
4109500,Guaraqueçaba,7,7,0,0,0,0,False,70546571.83977692,25412812.910793636,4.9974321307483525,45.50971828864179,3.4623281280915266,0.002497193008796417,0.0012238710279047372,75057649.63749829,-0.6548387137543528,-0.6458750818363987,0.8963631917954018,29321629.15027798,82800242.6441275,base_2025_anomaly;iss_2025_anomaly;projection_outlier_30pct
4109609,Guaratuba,7,7,0,0,0,0,False,46507490.51392764,34355543.6134063,2.0406729704864497,2.716417632198783,1.610474359788956,0.0033759514787266944,0.006969008155320184,29526922.33717911,0.0634232892521987,-0.19191255936825907,-25.533584862045778,44109989.889504224,54585664.4610393,projection_changed_10pp
4109658,Honório Serpa,7,7,0,0,0,0,False,16640811.434504814,15309620.388973555,1.5312153951492817,2.2750709624935186,1.4968247797293615,0.001504401623577604,0.0010084586125019737,18141602.564853825,-0.14281788984047303,-0.09583558456600628,4.6982305274466745,17659467.561694536,19531256.992919914,
4109708,Ibaiti,7,7,0,0,0,0,False,33863154.85328625,31287013.549718585,1.5253106276694257,1.5997268846457566,1.5058114821295974,0.0030744220160410433,0.00505341566496851,36420033.88404188,-0.07097447152025964,-0.02614722716907711,4.482724435118253,38705832.85619286,39745055.86062837,
4109757,Ibema,7,7,0,0,0,0,False,7847079.871164729,7558361.478862562,1.4598125006032077,1.0040204103785666,1.560984275788556,0.0007427232675590609,0.0011438891383792143,8537831.111205807,-0.04930824061919421,0.005799491395788815,5.510773201498303,9263501.578570832,9210087.7538877,
4109807,Ibiporã,7,7,0,0,0,0,False,135865099.03180438,117686308.87790105,1.618774702622231,1.6944692397719023,1.5970188665755938,0.011564458794568454,0.009257053390750938,145914774.50726956,-0.18512239044398243,-0.14908391478212477,3.6038475661857667,135690779.75284794,159464349.19972703,
4109906,Icaraíma,6,7,0,1,0,0,False,15276901.13353121,13444183.151716115,1.5970397935114722,1.0046466280333548,1.6435299558183143,0.0013210942170508268,0.0014527581750753446,16603779.814851295,-0.2352727926841965,-0.11780257700904903,11.747021567514748,15818188.550436895,17930440.668039843,temporal_imputation;projection_changed_10pp
4110003,Iguaraçu,6,7,0,1,0,0,False,11261183.162143044,11148646.6588697,1.3789504739122858,1.3261520530403579,1.3793675873533429,0.001095523057278176,0.0009330874017284765,12144529.972824264,-0.16628549048122895,-0.03083066557021152,13.545482491101742,12809712.468706682,13217207.781592973,temporal_imputation;projection_changed_10pp
4110052,Iguatu,7,7,0,0,0,0,False,4289849.160818658,4214059.103503152,1.337206675370787,1.3725117029242098,1.333128851291734,0.00041409500667489584,0.0005153302313359921,4690437.855218578,-0.057884708790254376,-0.001764783328056499,5.6119925462197875,5026093.971178656,5034979.619267845,
4110078,Imbaú,6,6,1,1,0,0,False,13611860.62316093,13667884.00031164,1.3921921407403741,1.0547241532329317,1.5113487709157003,0.0013430762068893979,0.0022373927551219185,11936495.24540536,0.0788929697414626,0.06048814536333359,-1.8404824378129014,16942559.00382164,15976188.963448483,temporal_imputation
4110102,Imbituva,6,6,0,0,1,1,False,48281418.494459756,44898862.539209366,1.5560569685111159,1.7611827599068162,1.5191810612870098,0.004411991936091559,0.005036835306662588,52170240.097727306,-0.10862643607358914,-0.06407280381295,4.455363226063914,53036857.46234764,56667716.97458821,legacy_snapshot_used
4110201,Inácio Martins,7,7,0,0,0,0,False,17034360.053517938,18528351.64035097,1.2953252213825597,0.9368734808565305,1.3730934566023816,0.001820690623396287,0.0017041516626038968,18517012.567932766,0.0152457903472639,0.07350068272781278,5.825489238054888,21462674.675684027,19993163.507960163,
4110300,Inajá,7,7,0,0,0,0,False,4414801.564559261,4154121.0856504887,1.5146031695325362,3.146545330536752,1.4598691278934397,0.00040820519039724894,0.000582401886662707,4810267.259899634,-0.08167939736837648,-0.027554137173320226,5.412526019505625,5038860.276520124,5181635.779572653,
4110409,Indianópolis,7,7,0,0,0,0,False,12546504.063122578,13725142.893001344,1.289391711407766,2.293522857190609,1.2467804499790252,0.0013487027586221037,0.0008642458380145475,13678409.634721788,0.0163981460701059,0.07484590847574513,5.844776240563923,15827948.710583735,14725784.027060756,
4110508,Ipiranga,7,7,0,0,0,0,False,32809357.602154907,30859326.201460186,1.4902953592116686,1.382670324482821,1.5029973126742586,0.003032395269148812,0.0025673752007559464,35605207.141663305,-0.12222912186062797,-0.0758334974900648,4.639562437056317,35588005.184908755,38508218.04107336,
4110607,Iporã,7,7,0,0,0,0,False,27510120.486793507,24768987.742172305,1.5629525636521435,1.4080254410458215,1.6297709488774634,0.002433927453912271,0.0025588869925283067,29767662.767832056,-0.14538914052426483,-0.10155179635381238,4.383734417045244,29009566.04881394,32288523.624493793,
4110656,Iracema do Oeste,7,7,0,0,0,0,False,5000992.529231186,5256899.447159347,1.2292536823712827,1.5639882590569365,1.2219036226469857,0.0005165698340232303,0.0005153366112052499,5475491.8600561535,-0.01574390051161806,0.0435856139060674,5.932951441768545,6125478.0010783,5869645.881904282,
4110706,Irati,7,7,0,0,0,0,False,77111170.97638252,72727707.8226398,1.5079841783944747,1.672808864529937,1.4454020086758732,0.007146596646266846,0.010642278054929219,82282085.15553206,-0.06000024085128197,-0.019699618565634524,4.030062228564744,88722171.94019943,90505087.64505637,
4110805,Iretama,7,7,0,0,0,0,False,21045555.445118953,18542603.340166885,1.5909392932779336,1.6709262421439317,1.5624082459656896,0.0018220910683320244,0.0017621600009706008,22516032.087890044,-0.16294816034483395,-0.12783643228127212,3.511172806356183,21543389.263148416,24701088.25973816,
4110904,Itaguajé,7,7,0,0,0,0,False,7020229.136932735,6729319.027299787,1.4832380433221053,2.1386057974723465,1.4361360072532119,0.0006612573148797851,0.0008641052205546619,7628720.9539303025,-0.07174918031915592,-0.020260380390992785,5.148879992816314,8072678.438316824,8239616.196738532,
4110953,Itaipulândia,6,7,0,1,0,0,False,27258410.058542978,29400942.908366747,1.2610001716788068,1.5232067497964197,1.3405595405169302,0.0028890870656672674,0.0020662029736037944,29492685.481257103,-0.12150825223812908,0.04797385915850739,16.948211139663645,33527924.14589284,31993092.053665146,temporal_imputation;projection_changed_10pp
4111001,Itambaracá,7,7,0,0,0,0,False,8566179.870142065,9910203.050705854,1.3926923567065748,1.2914361712929867,1.3870494670736337,0.0009738272524512408,0.0011201854940037072,9328547.785561135,0.10382969802109886,0.16529689989005433,6.146720186895547,11716003.035301313,10054092.683509856,
4111100,Itambé,7,7,0,0,0,0,False,10055383.13319401,9829781.546870258,1.3176976779090634,1.566372289680297,1.2750271036660519,0.0009659246240472104,0.001162089198309552,10856997.182551175,-0.057673788349736375,-0.010446599472923469,4.722718887681291,11678674.480616115,11801964.88071849,
4111209,Itapejara d'Oeste,7,7,0,0,0,0,False,27120578.649022058,26838124.352882598,1.3803720683464178,1.7327128181535414,1.3467991313628696,0.0026372514030023712,0.0022137253421027417,29452520.775428563,-0.07762311553655674,-0.02771296394274632,4.991015159381042,30949179.633988883,31831319.853334364,
4111258,Itaperuçu,6,7,1,0,0,0,False,18544141.569278553,15513008.993854294,1.767859779147201,2.091635754259588,1.6730441233129199,0.0015243876284311369,0.0045635512217228405,19854408.715563826,-0.07342567946383481,-0.011176869437658363,6.2248810026176455,21521921.65382591,21765188.321986802,temporal_imputation
4111308,Itaúna do Sul,7,7,0,0,0,0,False,5139186.503460872,4167627.8566341703,1.860198630126613,2.2862759163692954,1.8352739491186454,0.0004095324348148687,0.0006323035893576493,5602304.352385556,-0.19848868736541642,-0.15289425746879276,4.559442989662365,5109609.371138158,6031843.623052669,
4111407,Ivaí,7,7,0,0,0,0,False,21412917.526378453,21274581.369551856,1.3935098792268799,1.0200110035359409,1.4384974831823485,0.0020905492063238214,0.002271096192288678,23309035.088547,-0.058118875513846945,-0.005270030903255701,5.284884461059124,24999811.949693102,25132259.735166077,
4111506,Ivaiporã,7,7,0,0,0,0,False,33669770.381837375,31741949.515651535,1.4600308982410555,1.7133476407889545,1.3568821150812753,0.0031191263515101516,0.005756047278499879,35816147.57390131,-0.02840025207349434,0.011716938251493954,4.01171903249883,39981112.16086727,39518081.24312406,
4111555,Ivaté,7,7,0,0,0,0,False,9482439.093498489,11195138.322859867,1.1181886015914442,1.6321189778360772,1.0744777651017854,0.0011000915660336254,0.0013439539589243234,10055700.246976363,0.027039173361810838,0.19717850027596417,17.013932691415334,13324001.283888116,11129502.643771812,projection_changed_10pp
4111605,Ivatuba,7,7,0,0,0,0,False,4971958.867155616,5298073.959246993,1.2549656623893222,0.9529916287858743,1.3045226011373168,0.0005206158522301404,0.0006840990165406203,5417137.685179082,0.029393445187442652,0.08986728827905655,6.04738430916139,6359995.9613903165,5835569.183320477,
4111704,Jaboti,7,7,0,0,0,0,False,6375721.041181149,6032398.707816987,1.4909369837574986,3.1547991593949347,1.4063199420623245,0.0005927743588367162,0.0010323066626969875,6928116.993840625,-0.04776784408300931,0.00605249746510662,5.382034154811594,7528451.303702367,7483159.4997988455,
4111803,Jacarezinho,7,7,0,0,0,0,False,62896108.422543265,58249884.42267692,1.5511976210853282,1.9400348193192443,1.4339344901370517,0.005723931650310388,0.0067918408692382425,67207888.48836386,-0.1021159538522068,-0.06396310529794973,3.8152848554257073,69099107.41033734,73820922.87327228,
4111902,Jaguapitã,7,7,0,0,0,0,False,35700092.57032636,35528076.767474,1.3255956371516948,2.3882368849997766,1.237365000786543,0.003491170585135661,0.0025226484806215735,38670084.38346706,-0.0690577191074698,-0.022148251622382768,4.690946748508703,40973027.382820584,41901062.66190161,
4112009,Jaguariaíva,7,7,0,0,0,0,False,66770027.61758025,68213968.05969884,1.4283020248435536,1.4810793560027053,1.4157171931335235,0.006703053484826614,0.005788055007919837,71928231.21076337,-0.04312386394585463,0.0034954187956238152,4.6619282741478445,78641655.10224403,78367727.07605208,
4112108,Jandaia do Sul,7,7,0,0,0,0,False,26659464.558693938,25953392.20612488,1.4279012564325833,1.568846650659204,1.3247159804988393,0.0025503130959642533,0.003850506395579523,28578928.615535617,-0.033584321819397286,0.013765858759035734,4.735018057843302,31720847.26435406,31290112.00198039,
4112207,Janiópolis,7,7,0,0,0,0,False,11021105.275828728,10667297.37103747,1.443493379459129,1.8494029654762028,1.4248455574366965,0.0010482232136684495,0.0009684795370250343,12025051.592659576,-0.09701095987192278,-0.04584949483719821,5.116146503472456,12342346.38289179,12935429.280924479,
4112306,Japira,7,7,0,0,0,0,False,8850216.270612547,8547263.964606704,1.4556588134300694,2.504180296116732,1.4296915052837476,0.0008398978850423858,0.0009348422771271361,9672824.94776793,-0.0841224732397461,-0.030631075696911265,5.349139754283484,10069285.894261077,10387465.124797784,
4112405,Japurá,7,7,0,0,0,0,False,14869610.061895367,13562656.283182954,1.5964867181191096,2.16539343081893,1.5286263170560288,0.001332735993058376,0.0017530676763760549,16097432.29578624,-0.11287701529088857,-0.06699600127769678,4.58810140131918,16283163.36188044,17452404.688703716,
4112504,Jardim Alegre,7,7,0,0,0,0,False,17062138.95099136,16561114.341930797,1.482919820588781,1.436494024465811,1.4546762649292475,0.0016273798220496213,0.001944618924297016,18568945.45911656,-0.07136677347524376,-0.018210037647679915,5.315673582756384,19661097.514118616,20025767.494110044,
4112603,Jardim Olinda,7,7,0,0,0,0,False,5035293.782264848,5012033.621431118,1.4251548508514318,4.091104043935117,1.3467258632611565,0.0004925080652513844,0.0003547934195181253,5481452.444568954,-0.07249338250312004,-0.021861861472484697,5.063152103063534,5780703.604620635,5909905.131930424,
4112702,Jataizinho,3,4,4,3,0,0,False,9007067.33582684,8940258.594612736,1.3414166100036102,0.8603787941745141,1.5906710409958964,0.0008785155479508776,0.002045144472119487,9783126.292666895,-0.3313343223860124,0.11061399959887097,44.194832198488335,11740923.225030717,10571560.622566685,temporal_imputation;projection_changed_10pp
4112751,Jesuítas,7,7,0,0,0,0,False,19631395.45019588,20347352.804052476,1.2402260884007124,1.672805221848543,1.260059828578986,0.0019994349837680835,0.0017114875816427902,21376873.471508097,-0.03513466776309707,0.01848073715998846,5.361540492308553,23467114.159837186,23041294.060479462,
4112801,Joaquim Távora,7,7,0,0,0,0,False,28204068.04648924,28522330.322571285,1.3756879768844872,2.6424125557995426,1.2761710548838052,0.0028027500979970307,0.0021100487152982484,30560217.63562076,-0.05514622383924918,-0.006397224243724825,4.874899959552435,32891239.87153679,33103007.231941164,
4112900,Jundiaí do Sul,7,7,0,0,0,0,False,6210895.465194738,5651939.998362353,1.609834334952349,2.5271773640296136,1.568968608121275,0.0005553885396154882,0.0006653906738019718,6770264.443273375,-0.1279082368412786,-0.0792684725159749,4.863976432530372,6711860.620265766,7289704.349113014,
4112959,Juranda,7,7,0,0,0,0,False,14948855.648137419,17229909.5421002,1.181521122276235,0.8634087489408625,1.1978046473498978,0.0016930990599805895,0.0013835361204592833,16276988.761995994,0.07045101514396064,0.13234452856586845,6.189351342190781,19867454.59900649,17545414.931415725,
4113007,Jussara,7,7,0,0,0,0,False,20735594.78990446,23694828.43964198,1.1840848208417196,1.1303849846532155,1.2005128572576182,0.0023283750654368857,0.00127754422847021,22604261.999556806,0.061545812338743094,0.12272366515139477,6.117785281265167,27324049.878628183,24337288.619407203,
4113106,Kaloré,7,7,0,0,0,0,False,7079437.416985155,8106309.814975461,1.4267205412304413,1.3144787669216687,1.4280775566717623,0.0007965674743741824,0.0008360762296398369,7726432.870904841,0.08116044076556715,0.14243065011728767,6.127020935172052,9492580.487739483,8309108.729501372,
4113205,Lapa,7,7,0,0,0,0,False,89408227.92325047,89400795.98505047,1.4121908507070697,1.7340281797615762,1.3556704028039543,0.008784979588775903,0.007830138064065694,95931047.20305929,-0.060783139904350504,-0.017376607522975127,4.340653238137538,103114628.42413905,104938096.54195671,
4113254,Laranjal,7,7,0,0,0,0,False,7979059.7531882785,7632685.819769912,1.4541883189473999,3.7684485076861525,1.3892506130245594,0.0007500267575406208,0.0009687370047457766,8694762.59114855,-0.07567518441086402,-0.02365018851016938,5.202499590069463,9143508.211573191,9364992.03868431,
4113304,Laranjeiras do Sul,7,7,0,0,0,0,False,37566412.267457396,33198744.98719701,1.5943005877527976,1.587068072914053,1.5970974060680412,0.003262278527523084,0.005794463917081075,40185907.74423327,-0.09787051168998853,-0.057407018067755416,4.046349362223312,41560390.28784034,44091554.98128648,
4113403,Leópolis,7,7,0,0,0,0,False,9256849.558736444,9234613.282130731,1.3437757048518018,1.7908132396815397,1.3271054829460116,0.0009074403454676526,0.0007533578580000473,10096183.659125192,-0.07210205036934123,-0.019656179498611887,5.244587087072934,10651170.001403887,10864729.066131555,
4113429,Lidianópolis,7,7,0,0,0,0,False,6057552.029896379,5849106.988923468,1.4561812928999627,2.562530753578787,1.395667164963755,0.0005747631768161391,0.0006967926890425217,6595708.45992621,-0.07311576539169841,-0.021723542088889568,5.139222330280884,6955277.31679207,7109725.7432152685,
4113452,Lindoeste,7,7,0,0,0,0,False,10796652.387384031,10461194.895718768,1.4979660433521442,2.45437712096498,1.333830085236639,0.001027970530021497,0.0008957259717753079,11676286.206252571,-0.09322620991497492,-0.04801284117016689,4.521336874480803,12063571.548084691,12671989.780737204,
4113502,Loanda,6,6,1,1,0,0,False,25110974.156584267,22463362.87576852,1.6147765661472504,1.8710981042356807,1.5465965555422763,0.002207364958941662,0.004192084566446218,26944706.50825803,-0.18366505287015944,-0.03543055036017665,14.82345025099828,28428422.338349342,29472654.715494778,temporal_imputation;projection_changed_10pp
4113601,Lobato,7,7,0,0,0,0,False,9391573.904640554,9300771.420431158,1.4345745179632838,1.958757387903134,1.3995464401807418,0.0009139413826026893,0.0009491580458399943,10224725.075663392,-0.06550960412490199,-0.012972955690194134,5.253664843470786,10879855.514492659,11022854.517730635,
4113700,Londrina,6,6,0,0,1,1,False,858747927.6739064,786365685.8379023,1.5287694937180873,1.6591559202505886,1.3522099078171468,0.07727231534442848,0.11194918572384865,889892161.6928494,-0.07343663682006747,-0.05172803956584146,2.170859725422601,955772006.0831795,1007909171.5899594,legacy_snapshot_used
4113734,Luiziana,7,7,0,0,0,0,False,25732150.30421883,25593470.893516473,1.412905279836687,2.065497709632135,1.3956675497235538,0.002514945386426645,0.0012302721701407645,28140440.167544022,-0.07515634242240522,-0.022451207674042014,5.270513474836321,29523661.553442582,30201726.793804977,
4113759,Lunardelli,7,7,0,0,0,0,False,10627305.96757442,10312757.660474548,1.1820795930404935,3.8246398415703604,1.137851654056643,0.001013384327880155,0.0008909138775092928,11598470.998309793,-0.09457667274258835,-0.046064026382792375,4.8512646359795975,11898661.404659733,12473228.532876767,
4113809,Lupionópolis,6,6,1,1,0,0,False,6975241.542795199,7252400.800999396,1.3305527038699294,1.725174495265751,1.2952322852636675,0.0007126580060546172,0.0009242395435195846,6409036.349052621,0.03721692208894725,0.061733641475783,2.451671938683575,8692216.295645226,8186814.428864912,temporal_imputation
4113908,Mallet,7,7,0,0,0,0,False,30174019.619227953,30293062.502365254,1.3325173493123506,1.5517921094422158,1.326849099596229,0.0029767513010655125,0.002356798241384022,32808733.703781947,-0.06512999247617218,-0.013589212210706638,5.1540780265465544,34933868.1462654,35415131.888974845,
4114005,Mamborê,7,7,0,0,0,0,False,33476720.46260693,35805309.30071079,1.2860954638253268,1.0989368033694005,1.2922441976040084,0.003518412872175668,0.0023936216094243247,36461371.817983925,-0.005234383406451204,0.050900650447177065,5.613503385362827,41291462.15910262,39291499.28828416,
4114104,Mandaguaçu,7,7,0,0,0,0,False,26673490.29328761,23520957.405650906,1.665466691653143,1.8556998546325114,1.561055647171447,0.002311289608111133,0.004764597060107875,28664531.863958072,-0.08046282862392191,-0.03561206526997602,4.48507633539459,30191682.198244166,31306573.95324651,
4114203,Mandaguari,7,7,0,0,0,0,False,65097810.60864915,56130310.49917037,1.6079275085527303,1.6568677290184213,1.5977517136279775,0.005515651472827176,0.006117974487419468,70266845.17269152,-0.17562900078280283,-0.13485409512870872,4.077490565409411,66101518.14553553,76405052.34243642,
4114302,Mandirituba,5,6,1,0,1,1,False,32827917.820981503,31787048.34991936,1.3958433987848105,1.6887210484357753,1.3498695312827786,0.0031235579936913544,0.00442671917090117,35476507.549524955,-0.06429619908818655,-0.00017425496504724615,6.41219441231393,38523288.05504195,38530002.099211015,temporal_imputation;legacy_snapshot_used
4114351,Manfrinópolis,7,7,0,0,0,0,False,7114760.631424367,6834016.010788793,1.4891491873432974,1.5282869482259231,1.4850330410199202,0.000671545376108134,0.000599603272244585,7734441.7896197,-0.1048677296136791,-0.055929770347431115,4.893795926624798,7883522.1318900315,8350567.45173638,
4114401,Mangueirinha,7,7,0,0,0,0,False,58652925.74829496,60273828.72881861,1.179771621448615,1.7335118160330882,1.152887380075728,0.005922814772349336,0.0028550268386837866,63929217.7109565,-0.04358798902871936,0.009795126172013448,5.3383115200732805,69515019.0259343,68840715.53153126,
4114500,Manoel Ribas,6,6,1,1,0,0,False,28680736.761432413,27743920.330767464,1.4298842671034555,1.9170995111266256,1.3946960987385422,0.002726259549849794,0.002591051558819915,24248924.51571286,0.0012052667265700357,-0.04397377810566266,-4.517904483223269,32182205.435299966,33662471.486955546,temporal_imputation
4114609,Marechal Cândido Rondon,7,7,0,0,0,0,False,125788798.31435241,116167798.79357076,1.4961848711153873,1.8267103117919896,1.4157462232510623,0.011415242224970767,0.01034152501049929,135029024.4443766,-0.13021970807557937,-0.09117645333931494,3.9043254736264426,134176739.39919177,147637833.4300437,
4114708,Maria Helena,7,7,0,0,0,0,False,9481053.720103005,8841237.493592879,1.5381859652247936,1.3976940070258048,1.5486579952422792,0.0008687852279718136,0.001073855109758664,10338527.494375728,-0.1051836596838952,-0.053133027797584755,5.205063188631045,10536618.857650325,11127876.636294663,
4114807,Marialva,7,7,0,0,0,0,False,63037943.70492847,59329101.335294805,1.4100955408563294,1.6046238159043333,1.363878741920479,0.005829981025427755,0.006797869193170138,67793420.25412078,-0.09335272034363779,-0.050599631092480085,4.27530892511577,70243659.54159962,73987394.40393242,
4114906,Marilândia do Sul,7,7,0,0,0,0,False,22775332.317890882,20849663.23326167,1.5879994594277111,1.8667234419607348,1.4470581557635636,0.0020487945763669004,0.0015913149688654685,24563896.643284075,-0.14117461084021493,-0.1005940723676094,4.058053847260553,24042308.368630562,26731320.78628822,
4115002,Marilena,7,7,0,0,0,0,False,9333019.200142797,8958561.769127592,1.4252623701048754,2.251723508945415,1.3638038922554796,0.0008803141115179145,0.0012664251452846247,10135375.951529974,-0.058766935841126924,-0.006915538969640245,5.185139687148668,10878375.37754711,10954129.08410672,
4115101,Mariluz,7,7,0,0,0,0,False,11501924.49869992,11875241.94639952,1.3135315602039355,1.8814672302492033,1.282338872328421,0.0011669220274989514,0.0017235314924641436,12529352.829317424,0.012886363819683668,0.07193126107061494,5.904489725093128,14470820.08982533,13499764.971283961,
4115200,Maringá,7,7,0,0,0,0,False,813786012.7364919,760963626.0809498,1.4162838010421555,1.5952073434418026,1.1639159193025965,0.07477617899554173,0.08854301512585885,840566450.1143146,-0.07396752313399779,-0.05512351351994947,1.884400961404832,902487006.0144339,955137543.295706,
4115309,Mariópolis,7,7,0,0,0,0,False,23964782.55787999,20435869.03460942,1.6894893207575135,5.524091872132053,1.4950906389076346,0.0020081330414324487,0.0013681104157455249,25913047.33860918,-0.19965673714660911,-0.1619979659691617,3.7658771177447425,23570796.62573914,28127374.00213964,iss_2025_anomaly
4115358,Maripá,7,7,0,0,0,0,False,27362728.14306204,29502623.39556477,1.2642144479446629,2.0419478486514073,1.2157962333459287,0.002899078710537642,0.0011582115910159126,29756682.972359702,0.002843656725277637,0.05920213841066887,5.635848168539123,34016837.83198319,32115529.79209936,
4115408,Marmeleiro,7,7,0,0,0,0,False,28524389.76415744,28015913.897277497,1.4066403277484205,1.4848766086963334,1.3949705404684127,0.0027529870292166284,0.002922410502551498,30900447.476319827,-0.06810643075269286,-0.018960642557051193,4.914578819564166,32844184.873740375,33478967.61180694,
4115457,Marquinho,7,7,0,0,0,0,False,8822529.107412897,8334738.297948648,1.430018794866798,1.6247537214168921,1.487917579757292,0.0008190140257533228,0.0008820840518172385,9615585.166865759,-0.10538598906184805,-0.05499536627441797,5.039062278743009,9785493.5045246,10354968.806815596,
4115507,Marumbi,6,6,1,1,0,0,False,7028349.546341727,6321206.022643739,1.4477349047433303,3.2336541518486643,1.42581759164807,0.0006211540431324406,0.0009075322624420599,7645105.200650947,-0.2300985307496393,-0.06758626948271944,16.251226126691986,7691618.012080185,8249147.090329806,temporal_imputation;projection_changed_10pp
4115606,Matelândia,7,7,0,0,0,0,False,56820610.27521382,59611020.41606552,1.2299896564745236,1.3701082190371776,1.2188560049633745,0.005857683836604865,0.0032450988913240364,61855503.06805113,-0.023379727073484992,0.03081984339610401,5.4199570469589,68745513.32141162,66690133.84038572,
4115705,Matinhos,7,7,0,0,0,0,False,28298309.014389634,21290185.321700096,1.955429926291832,1.596521485142163,2.4639055916847794,0.0020920825304918686,0.006605354869495653,29787720.51376698,-0.13066474922633783,-0.09902929759581314,3.16354516305247,29924496.285643056,33213617.496985544,
4115739,Mato Rico,7,7,0,0,0,0,False,22312967.985675193,17810460.234153744,1.5890911811348305,2.1120687274481145,1.5854993852125117,0.001750146941084388,0.0006395435400888876,24447199.531160105,-0.2644614787199636,-0.22395775757804456,4.050372114191905,20323495.203710474,26188645.530793197,
4115754,Mauá da Serra,7,7,0,0,0,0,False,20147601.85929261,20754870.65190844,1.2978776840494444,1.2467529222546276,1.2865390171525972,0.0020394797723634244,0.0016520499431334713,21682574.16186647,-0.03483883382680189,0.011792221033292468,4.663105486009436,23926016.13598474,23647163.556515887,
4115804,Medianeira,7,7,0,0,0,0,False,87932572.8186732,82887093.11593951,1.4663111920867502,1.6128857990342227,1.4112215580780167,0.008144909820693977,0.00947240213182599,93869861.07222588,-0.08753410593954981,-0.04940199302846579,3.813211291108402,98107537.4611189,103206125.76674248,
4115853,Mercedes,7,7,0,0,0,0,False,16661865.047711186,15868543.10346322,1.4573799108655496,1.6711743613397863,1.443085923099218,0.0015593242289570462,0.0011605774103578474,18154575.725804415,-0.11284867050163765,-0.06406085775900944,4.8787812742628205,18303195.483716913,19555967.538543344,
4115903,Mirador,5,5,2,2,0,0,False,5628983.90013932,5847212.071324476,1.3054634651911787,3.6561821168765127,1.2492122157874854,0.0005745769725184466,0.000493018467970369,4292956.639991549,0.008908901982632424,0.01752809176347092,0.8619189780838498,6722520.102972188,6606716.961810297,temporal_imputation
4116000,Miraselva,5,7,1,1,0,0,False,3814547.172616944,3200232.1843794375,1.8881949016123358,8.52747912499526,1.5510276438678423,0.00031447118685406643,0.0004422819929075574,4104818.3321804483,-0.2706191910597326,-0.13458157910466495,13.603761195506763,3874581.6759275477,4477119.486223815,temporal_imputation;iss_2025_anomaly;projection_changed_10pp
4116059,Missal,7,7,0,0,0,0,False,30700459.221072737,29121831.723254886,1.4874505019973467,1.150085060487968,1.527489268538551,0.002861660172682816,0.002083044033451561,33426704.084256355,-0.11538699147424873,-0.06777163931896867,4.761535215528006,33590995.748513244,36033012.04435964,
4116109,Moreira Sales,7,7,0,0,0,0,False,16469272.084197158,17003938.592577893,1.3334575908071475,2.0044958728600863,1.2749553698469893,0.001670893998411096,0.0018767769986696096,17901409.08676982,-0.019136413350175664,0.037309049755541925,5.644546310571759,20051102.929231208,19329921.910887178,
4116208,Morretes,7,7,0,0,0,0,False,26328462.526027214,24221523.701640088,1.5994896111798225,1.4338195765645965,1.353155777418025,0.0023801308364585676,0.0029092575690772625,27816987.453807212,-0.09884306001653156,-0.06706526267248689,3.177779734404468,28829191.17116352,30901616.177084032,
4116307,Munhoz de Melo,7,7,0,0,0,0,False,11122387.743917935,9987507.557162656,1.587580208029423,1.8508832871433094,1.5728895324135688,0.0009814235887462437,0.0008412827259213155,12129831.79072402,-0.16297622119740537,-0.11740569039142258,4.557053080598279,11521654.539200332,13054304.127918161,
4116406,Nossa Senhora das Graças,7,7,0,0,0,0,False,5798091.994437354,5231443.966151875,1.6936672701556628,7.438081424168783,1.4975880170292177,0.0005140684482289639,0.0008021253533617471,6279975.03634717,-0.10203073210095019,-0.05610247876532899,4.59282533356212,6423409.984262925,6805198.487925621,iss_2025_anomaly
4116505,Nova Aliança do Ivaí,6,7,1,0,0,0,False,3245381.401337018,3063970.621707593,1.5001506571238667,6.211750280039689,1.376400855914162,0.00030108142859053787,0.00039256670310136793,3524382.9228607113,-0.08759031794639051,-0.03529920661931004,5.229111132708047,3674633.870449397,3809091.788524438,temporal_imputation;iss_2025_anomaly
4116604,Nova América da Colina,7,7,0,0,0,0,False,6411940.519155163,6013657.01595716,1.5089814087373707,2.2822989202840143,1.4691076916864823,0.0005909327043119037,0.0006588791621585327,6984952.690119291,-0.10817967085323674,-0.05844745181654781,4.973221903668892,7085813.918883817,7525670.163130626,
4116703,Nova Aurora,7,7,0,0,0,0,False,40257671.18441929,41230547.530733,1.2877764779215557,1.7141814014960464,1.2714187386816387,0.004051524536225746,0.0021860169699387836,43882357.88611522,-0.047399833327021273,0.006349768475887045,5.374960180290832,47550303.62935724,47250275.3206492,
4116802,Nova Cantu,7,7,0,0,0,0,False,16550546.838948186,16491971.237523463,1.392668718147645,1.726309140705691,1.3763052074127744,0.001620585466873806,0.0010552677311763572,18055505.17454353,-0.0727005823204573,-0.020742947043024162,5.195763527743313,19022375.525896374,19425313.78094872,
4116901,Nova Esperança,7,7,0,0,0,0,False,30601673.504403733,28581171.736498702,1.6100622769989195,1.55423498555129,1.597351997125465,0.0028085321563627473,0.004799874910398554,33003266.21287239,-0.05722147453999315,-0.009769378673061409,4.745209586693174,35566180.19054273,35917067.62499728,
4116950,Nova Esperança do Sudoeste,7,7,0,0,0,0,False,14112681.561057702,12551394.129762707,1.5794531704150239,2.5796741027592467,1.4923091824217452,0.001233364200236934,0.001318475566277943,15296599.714051204,-0.1543685884051927,-0.11102800826838259,4.3340580136810125,14724932.596019112,16564000.590543466,
4117008,Nova Fátima,7,7,0,0,0,0,False,12853479.338137478,13382763.653380146,1.3578962493094517,0.599822856317473,1.545511989136924,0.001315058822921623,0.0013302249674200576,14018011.32996949,-0.023319682327904788,0.03503889263280771,5.83585749607125,15614679.266213857,15086079.738023283,
4117057,Nova Laranjeiras,7,7,0,0,0,0,False,20591664.314828668,20800808.158961993,1.3420074572892327,1.2863936876119155,1.3384117330647392,0.00204399382682321,0.00190853494407858,22374726.849685043,-0.05480463875490496,-0.003251305694432116,5.155333306047284,24089779.24917717,24168357.96906707,
4117107,Nova Londrina,7,7,0,0,0,0,False,20333828.277228445,20223881.034357157,1.4008795954158308,1.4187918356898581,1.3975006261696188,0.0019873020159951256,0.002313954409011298,21981077.77805677,-0.04480793674011273,0.00314032074949665,4.794825748960937,23940682.86233405,23865736.79387821,
4117206,Nova Olímpia,7,7,0,0,0,0,False,6572885.061193691,5915674.570629278,1.6917297197778898,1.3945171652028596,1.7258226596802757,0.0005813044479549051,0.0010809643786660497,7167509.333223298,-0.08389479441523874,-0.032933749581089904,5.096104483414884,7460500.437311284,7714570.159055362,
4117214,Nova Santa Bárbara,7,7,0,0,0,0,False,4561189.4814226525,3841507.5161757777,1.73382991758746,2.7193972649143676,1.6769431176634906,0.000377486181726801,0.0007986179002530408,4963938.264637726,-0.12446773942398555,-0.07458797046389233,4.987976896009322,4954147.695796434,5353450.719978061,
4117222,Nova Santa Rosa,7,7,0,0,0,0,False,31405574.649472,30462345.17115633,1.448444759832953,2.2861120380454585,1.3971030566494667,0.0029933858821525956,0.0015825540915961863,34160679.37535636,-0.09621661548155,-0.04693824623762777,4.927836924392223,35130431.26087543,36860603.336763985,
4117255,Nova Prata do Iguaçu,7,7,0,0,0,0,False,23266514.49342617,21128697.33365951,1.554891017384035,1.8992282983517197,1.5296322169172405,0.002076213894612986,0.002311622944077712,25324842.302439053,-0.13582661876233498,-0.08846941649981102,4.735720226252396,24891912.583443798,27307819.434715256,
4117271,Nova Tebas,7,7,0,0,0,0,False,17254118.660745222,16377137.115357654,1.3887349423671362,4.526834974047521,1.3313738664671897,0.001609301278537381,0.0011245402860854455,18822118.997346442,-0.11611042051329154,-0.06715673989027861,4.895368062301293,18891095.939687498,20251093.34816389,
4117297,Novo Itacolomi,5,7,0,2,0,0,False,7928144.283505364,7170749.14798511,1.5368674945221692,4.724249964481494,1.450479193715632,0.0007046344968988347,0.000650239454595463,5154226.54809886,0.019814587684894636,-0.108474453860686,-12.828904154558064,8295852.705709292,9305232.745863395,temporal_imputation;projection_changed_10pp
4117305,Ortigueira,7,7,0,0,0,0,False,146355845.27321202,164054914.14353022,1.050632094092447,0.6208611770635107,1.3039491774681984,0.016120875170175172,0.0035755661797623444,158300714.01956677,0.016917369804342712,0.07125173352529132,5.433436372094861,184016728.37225285,171777298.10218167,
4117404,Ourizona,7,7,0,0,0,0,False,6610358.955938297,6718000.097888353,1.2791333953907684,1.550265418329097,1.2586374032664633,0.0006601450589680719,0.0007139431815470754,7189516.81914334,-0.03588905803024862,0.017032182352354402,5.292124038260302,7890698.218214707,7758553.126572495,
4117453,Ouro Verde do Oeste,6,7,1,0,0,0,False,17518511.117780738,16399412.679618767,1.495015112912269,2.3352492950947767,1.4619832868026057,0.0016114901894436668,0.0011550041933187298,19109573.716434088,-0.1323075472226771,-0.08035336870951432,5.195417851316278,18909231.227604393,20561409.767869413,temporal_imputation
4117503,Paiçandu,7,7,0,0,0,0,False,28109052.2175555,24374116.910792958,1.6497534599165504,1.7373349475410436,1.617574772023797,0.0023951254258581735,0.007207809492833772,30054550.592060424,-0.02003405779630357,0.02626036965626247,4.629442745256604,33857856.17311931,32991487.51545353,
4117602,Palmas,7,7,0,0,0,0,False,50966809.85735776,55962676.4082706,1.207325200703925,1.2102122937202096,1.2369725109937608,0.005499178889437831,0.008440679325864231,55068785.832101166,0.08909033183948786,0.14603153142890918,5.694119958942132,68555091.16986555,59819550.588096686,
4117701,Palmeira,7,7,0,0,0,0,False,83300792.37859328,76482683.25101164,1.5353104903358026,1.70887204076768,1.485645146767496,0.007515579742347085,0.005792475670603572,89634783.14912567,-0.13867896947904576,-0.09812303265516344,4.055593682388232,88176351.20126593,97769822.7074817,
4117800,Palmital,7,7,0,0,0,0,False,19363860.48888019,18475777.846883558,1.4572910092373617,1.4456545804473437,1.4582243815452347,0.0018155244534821735,0.002133113258271994,21095273.929328285,-0.08812529631268703,-0.03670788256804036,5.141741374464667,21893018.628922634,22727289.29547065,
4117909,Palotina,7,7,0,0,0,0,False,110420326.01145795,105534510.73219469,1.3761654683117253,2.186454306742492,1.2282508589673793,0.010370360940061583,0.0066693241956496,118464603.29192616,-0.09962139973819105,-0.06110891137046659,3.851248836772446,121680206.24707638,129599916.02933279,
4118006,Paraíso do Norte,7,7,0,0,0,0,False,15686169.889035981,13957365.61212622,1.4718949567745383,2.127141973558997,1.290124510608268,0.0013715221510568558,0.0024430028342732916,16725088.953727363,-0.08799473865690113,-0.05052604265957465,3.746869599732648,17480573.08996508,18410797.847399596,
4118105,Paranacity,6,7,1,0,0,0,False,14724613.224723551,15433068.776365029,1.3513608082229658,3.73896697592311,1.2164580703465822,0.0015165322936857625,0.0018425329849113443,15875505.685878359,0.0004357411511494956,0.06214876505680883,6.171302390565933,18356291.236138955,17282222.453233443,temporal_imputation
4118204,Paranaguá,7,7,0,0,0,0,False,614880460.8486387,521447300.1937316,1.6573478523169327,1.8655581972999238,1.224209589093468,0.05124007944616342,0.02540780250051594,629112935.0705554,-0.17913615558351276,-0.16837092175085594,1.0765233832656818,600172447.2514653,721682854.7109344,
4118303,Paranapoema,7,7,0,0,0,0,False,4460077.941273754,4474185.395308043,1.469523827038799,1.5218915431399125,1.4685132574017048,0.0004396563469161176,0.0005801371130548347,4860001.666843201,-0.030007255111804906,0.026540835910837793,5.65480910226427,5373711.834319949,5234776.490456823,
4118402,Paranavaí,6,6,0,0,1,1,False,103074246.9807666,96310362.5141516,1.475204078451936,1.623240463441726,1.3966259921734252,0.009463948945330546,0.016075742961094142,109227410.7899845,-0.047361883024579964,-0.010262294410079422,3.7099588614500543,119736340.7288991,120977851.05350895,legacy_snapshot_used
4118451,Pato Bragado,7,7,0,0,0,0,False,18116462.981816724,15713680.408545064,1.64851619784996,1.6886098066466633,1.6450030660162038,0.0015441066282754334,0.001163461882848129,19720845.36564669,-0.19071374396587085,-0.1475568755314233,4.315686843444755,18125688.755878363,21263223.59298532,
4118501,Pato Branco,6,6,0,0,1,1,False,145629507.24228942,137012740.96037883,1.4394876868433455,1.6710028671653305,1.3158258052142318,0.013463572885194917,0.017362121889142136,154005067.09155673,-0.07365698241919807,-0.039916456315612865,3.374052610358521,164102085.6925264,170924797.92203632,legacy_snapshot_used
4118600,Paula Freitas,7,7,0,0,0,0,False,18365830.275438488,15518088.61372282,1.5527738921139878,2.414374847187471,1.5156488466830813,0.0015248867778667994,0.0011401101266916988,19977702.18854178,-0.2091820521750243,-0.16942838975482347,3.975366242020084,17903722.755731657,21555905.035625592,
4118709,Paulo Frontin,6,7,1,0,0,0,False,18554149.755599197,15772340.059911137,1.5150370549706007,2.5421373543191175,1.471692181332098,0.001549870825721973,0.001277840108994404,20181641.472510718,-0.2084711837978618,-0.1647499763147889,4.37212074830729,18189185.38445826,21776934.89214841,temporal_imputation
4118808,Peabiru,5,5,1,1,1,1,False,16628651.007050326,17711273.790179953,1.268943502521262,1.1790126745257234,1.3238580551296077,0.0017404003736607744,0.0024152660466330387,15689985.634746674,0.04659466504276505,0.09681829199453326,5.022362695176821,21406585.43475679,19516984.345537778,temporal_imputation;legacy_snapshot_used
4118857,Perobal,7,7,0,0,0,0,False,10814383.60780612,10700765.839741508,1.3636419909347328,1.2866056491455755,1.417050177317425,0.0010515119966282985,0.0012162062690091531,11761782.82730514,-0.055500322200677694,-0.002729022064093974,5.277130013658373,12658161.913039757,12692800.846605293,
4118907,Pérola,7,7,0,0,0,0,False,12663181.389910808,13126319.154457685,1.2559365007543457,1.237180931947267,1.2597349796344839,0.0012898592744851145,0.00204686266923331,13745776.12471939,0.02820714799758132,0.0870058662840805,5.879871828649917,16155872.26526393,14862727.761067776,
4119004,Pérola d'Oeste,6,6,0,0,1,1,False,9901270.378475454,10163896.471674321,1.3129110318735238,1.7217582105603584,1.278206275699637,0.0009987564658934499,0.0013835068234589925,10758925.241066607,0.0014864718210075814,0.0568414478048939,5.535497598388631,12281642.528946858,11621083.32754773,legacy_snapshot_used
4119103,Piên,7,7,0,0,0,0,False,25833258.606805734,26404521.21616745,1.399668126498121,1.7625499273499459,1.3635947128564194,0.0025946433404711523,0.0022904629897386153,28027180.162191138,-0.04559774412931479,0.0043244808257585044,4.992222495507329,30451517.199834064,30320397.223412037,
4119152,Pinhais,7,7,0,0,0,0,False,249413099.59705156,222486987.60408953,1.566526249514193,1.9739224283470573,1.2625107790475576,0.021862709647428657,0.02477199322821863,260524073.194818,-0.12656498792764206,-0.10293888451945173,2.362610340819034,262601369.48299134,292735204.9389834,
4119202,Pinhalão,7,7,0,0,0,0,False,9839336.766765375,8389546.510993212,1.773130258988964,2.7821583639126026,1.6629206597602184,0.0008243997611663978,0.0011673211808764707,10642339.646966685,-0.16125768472989493,-0.11967974172314531,4.157794300674962,10166283.501540683,11548392.083399558,
4119251,Pinhal de São Bento,7,7,0,0,0,0,False,4536423.3255215185,3753524.2196532176,1.7713319113326622,6.096671400773414,1.5944746131812007,0.00036884049288714955,0.000620966305986305,4915098.141095009,-0.16761310628173023,-0.12474044503911579,4.2872661242614445,4660216.899957027,5324382.777135515,iss_2025_anomaly
4119301,Pinhão,6,6,1,1,0,0,False,66630000.07866,64431453.40748061,1.351022613252093,1.7101262064548601,1.3068842009073514,0.0063313642437203095,0.004819129352278808,56301426.919171065,-0.01928649426384914,-0.06165369166684958,-4.236719740300043,73381850.37645109,78203377.28701076,temporal_imputation
4119400,Piraí do Sul,7,7,0,0,0,0,False,64009007.30265047,58791906.14250205,1.526801085513369,1.704732623961529,1.4811498662282463,0.005777193477488449,0.004104643759751487,69142637.06625557,-0.13927024924743495,-0.09757890189612581,4.169134735130914,67796305.3919355,75127128.04962781,
4119509,Piraquara,7,7,0,0,0,0,False,139162595.96082407,115616360.82336862,1.7398560021730323,1.8507076266273144,1.7220368177007404,0.011361055108857036,0.01908586804489084,150616489.38847697,-0.16551014670963107,-0.12144925777763334,4.406088893199773,143497741.77828866,163334608.78457546,
4119608,Pitanga,7,7,0,0,0,0,False,55299905.79817538,51018625.37780124,1.5233665674975232,2.027729676018927,1.4517559534019862,0.005013351141373902,0.0054008795269758665,59754351.696249306,-0.12102570466334257,-0.07710678914057423,4.391891552276834,59900650.371606104,64905288.78831477,
4119657,Pitangueiras,7,7,0,0,0,0,False,7003164.455595575,6494155.233425602,1.4769319728294268,2.463187807562725,1.4251192112591493,0.0006381489173936007,0.0006911473665403344,7625412.358585473,-0.12047808307723513,-0.07186299972516214,4.8615083352073,7628903.234936121,8219587.44525546,
4119707,Planaltina do Paraná,7,7,0,0,0,0,False,7698429.079641169,7348164.570507402,1.3945745807138197,2.1537895107237413,1.3810607914676063,0.0007220682439747891,0.0007872783917498477,8409706.756344516,-0.09573843159436515,-0.04399740427588166,5.1741027318483495,8638073.197093025,9035616.886113336,
4119806,Planalto,7,7,0,0,0,0,False,24720168.80477158,24543518.392589115,1.3597431198165868,2.046483702298542,1.304231084758703,0.0024117716821189846,0.0027290804903585585,26837698.662233118,-0.05253309862776256,-0.00170135347243606,5.08317451553265,28964604.947575577,29013967.962718096,
4119905,Ponta Grossa,7,7,0,0,0,0,False,609233032.2432032,533552504.3204388,1.5982662785634096,1.9283094730368,1.3941743950732086,0.052429598733988,0.06427159546814083,640929476.791214,-0.13927265315493664,-0.11159020933381675,2.7682443821119893,635261409.1261889,715054489.2687771,
4119954,Pontal do Paraná,7,7,0,0,0,0,False,18096975.78339473,38797731.651808724,1.3269743282235114,1.5082593987321098,1.3477273666986151,0.0038124636016544974,0.0051498274492826936,19076487.0051935,1.1030243713972618,1.2001950248568904,9.717065345962862,46732915.789860524,21240351.542427573,projection_outlier_30pct
4120002,Porecatu,7,7,0,0,0,0,False,10994519.492481498,11279609.220888766,1.2970687478286502,1.6790174143557963,1.230956016078875,0.0011083921086278271,0.002182660446950406,11853063.815240411,0.058579006113280555,0.11303277712740124,5.445377101412069,14362826.109983424,12904225.648279727,
4120101,Porto Amazonas,7,7,0,0,0,0,False,10813073.106984373,7885420.470199321,2.1035729091991002,2.3351857693007916,2.1287852373578735,0.0007748617572845833,0.0009074453555381679,11555571.548386697,-0.29394961408567816,-0.2640183686188041,2.9931245466874037,9340536.238585107,12691262.716782738,
4120150,Porto Barreiro,7,7,0,0,0,0,False,17404519.743370455,14525822.552800054,1.9400335630863421,2.4577697613098866,1.9199566471778893,0.001427381638278342,0.0007164912790752834,19042763.35374588,-0.2213158795489775,-0.17944092915566737,4.187495039331013,16762067.677205443,20427618.525937125,
4120200,Porto Rico,7,7,0,0,0,0,False,7953280.545388899,7930693.123060378,1.4857736351587612,1.9837503619150627,1.2576186895937111,0.0007793104797700142,0.0006794038592229185,8471810.898514826,-0.05894963208122477,-0.02084295566049985,3.810667642072492,9140171.611298399,9334735.080687685,
4120309,Porto Vitória,7,7,0,0,0,0,False,6216032.890787508,5750877.552391478,1.4902149514788072,1.9577204223237692,1.4671192770978505,0.0005651106498398157,0.0007381719620073539,6781164.3889053315,-0.10617734066909194,-0.054436278524818756,5.174106214427319,6898581.51103801,7295734.125961897,
4120333,Prado Ferreira,7,7,0,0,0,0,False,7038434.853927489,6645678.914674633,1.5555292869521276,1.189844844428223,1.5351834666373685,0.0006530384095096611,0.000745370612905186,7691990.785067466,-0.10147380465233927,-0.049744516589813124,5.172928806252615,7850045.51296434,8260984.177426517,
4120358,Pranchita,7,7,0,0,0,0,False,12358575.700223893,12871399.311329978,1.2931026155787078,1.3511708232515256,1.2938376887926308,0.0012648095465271514,0.001239034209487035,13426223.435072297,-0.02138243539124542,0.032203021887441854,5.358545727868727,14972324.922293011,14505213.223378541,
4120408,Presidente Castelo Branco,7,7,0,0,0,0,False,8278607.461035911,7525942.407783153,1.5666082951192852,1.8383728177697918,1.4755414299551857,0.0007395376037785358,0.0009554169873946479,8928459.322341995,-0.11536791100995691,-0.07211147292790356,4.325643808205336,9015893.864794118,9716570.042355517,
4120507,Primeiro de Maio,7,7,0,0,0,0,False,19607662.129318036,18027289.065592397,1.571392878268701,1.6866018902460145,1.556020074247247,0.0017714536513598227,0.0019157937409242137,21346663.047396652,-0.1279103418277024,-0.07992380122498796,4.798654060271443,21174116.879807193,23013438.352169503,
4120606,Prudentópolis,7,7,0,0,0,0,False,75093886.24614483,68347001.98309071,1.5356919980706414,1.7240741105902697,1.515481268302048,0.00671612607874186,0.008346321327364351,80714340.50402041,-0.11667142507558347,-0.07526250678701592,4.140891828856755,81503965.95541057,88137408.2413664,
4120655,Quarto Centenário,7,7,0,0,0,0,False,15877017.930673696,16279268.955143899,1.3429905011368908,2.6314882800561783,1.2760349596495828,0.0015996842524203798,0.0008243652382689928,17261212.480050854,-0.04460529293620821,0.007422221706952508,5.202751464316072,18773107.05031526,18634795.466896243,
4120705,Quatiguá,7,7,0,0,0,0,False,10331164.733058043,9353498.617500585,1.5979622835332876,2.646149695720944,1.4357228653969283,0.0009191226267395506,0.0014280321040057208,11107042.373356495,-0.09665670359413835,-0.053433611626314506,4.322309196782384,11477731.490947424,12125648.693978604,
4120804,Quatro Barras,7,7,0,0,0,0,False,75080210.12426752,63883187.66183866,1.6145142908903498,2.644170804008245,1.3587746487215455,0.006277488846620994,0.004584000724251114,79965899.53342259,-0.19518238907524027,-0.16436305229070683,3.081933678453344,73637461.48163825,88121356.62921374,
4120853,Quatro Pontes,7,7,0,0,0,0,False,18139308.170084223,18012250.68101655,1.4104062673077475,1.4193741571377794,1.3975622327166861,0.0017699759027548876,0.0010055315882877914,19704134.05483474,-0.07449644525590966,-0.02439211384384549,5.010433141206418,20770727.899545345,21290036.90343357,
4120903,Quedas do Iguaçu,7,7,0,0,0,0,False,33938289.51552768,33558008.41761183,1.3648581773901851,1.6889540117072568,1.320109248894222,0.0032975815901906194,0.005427712415638972,36722368.70792635,-0.010156305754768854,0.04244118919123363,5.259749494600249,41523811.25029233,39833241.12750007,
4121000,Querência do Norte,7,7,0,0,0,0,False,18876583.750528347,19720014.804040145,1.3068951597546423,1.8376556485478641,1.2789333870161779,0.001937789542419962,0.001976781126106484,17441645.75011534,0.007456424053901188,0.03937199410721831,3.1915570053317124,23027675.715833418,22155374.44378933,
4121109,Quinta do Sol,7,7,0,0,0,0,False,11670427.754835676,10232271.970098611,1.6270131223430375,3.545128072446174,1.5523084879175293,0.001005475392178292,0.0009160625977200547,12704902.416929144,-0.1828192878094371,-0.1367514829556409,4.606780485379619,11824378.158105427,13697536.601152154,
4121208,Quitandinha,7,7,0,0,0,0,False,24510221.77023204,22099669.705012124,1.5424417858764934,1.481368290368506,1.5514440781018677,0.002171626607325571,0.0030271797134804644,26584174.40009477,-0.11843032679034633,-0.07097275214353484,4.74575746468115,26725841.45329598,28767553.928003978,
4121257,Ramilândia,7,7,0,0,0,0,False,8203558.935682377,8060026.899749615,1.4116319121704475,4.060101946311117,1.316808419000256,0.0007920194783402757,0.0008056962150631166,8916683.954221914,-0.07292165409741738,-0.0227554624409255,5.016619165649188,9409385.225351753,9628485.87402102,
4121307,Rancho Alegre,7,7,0,0,0,0,False,6459258.067492581,6187646.566436708,1.4096137353216078,1.7813534823249233,1.3927442388069466,0.0006080298076741457,0.0007343233697939573,7048534.694397781,-0.08291746512670854,-0.0298811744724833,5.303629065422524,7354671.232564436,7581206.589373444,
4121356,Rancho Alegre D'Oeste,7,7,0,0,0,0,False,9131722.521326823,9719393.541970843,1.2949694886813323,1.0486745807955413,1.299057459165154,0.0009550773339397575,0.0005408190548826284,10001507.285032162,-0.01384512827505013,0.0459248431043911,5.976997137944124,11210084.342464706,10717867.93895463,
4121406,Realeza,7,7,0,0,0,0,False,25723820.148912847,24514500.7982865,1.4703286413131733,1.933954018941582,1.3795509046759196,0.0024089202648485335,0.003613911182739838,27672048.12575425,-0.05416022596165657,-0.008476722243031639,4.568350371862493,29936020.95048225,30191949.722253367,
4121505,Rebouças,7,7,0,0,0,0,False,22952292.156563513,20504242.758934774,1.5411271254841772,1.4692311904828246,1.5492792279911491,0.002014851793385253,0.0024614087963718166,24952662.479981042,-0.140529726208051,-0.09413083893699162,4.639888727105937,24403225.522167463,26939017.87486734,
4121604,Renascença,7,7,0,0,0,0,False,18118893.35930864,17747633.81584998,1.4182667658930725,1.750862593064414,1.3905415961599383,0.001743973295801333,0.0012994100125579683,19683035.003909223,-0.08654941039789021,-0.03756035289836381,4.8989057499526405,20467314.7940422,21266076.117789853,
4121703,Reserva,7,7,0,0,0,0,False,34747724.404520355,32898731.94825119,1.4441014654017403,1.8009740335670743,1.4124671642816802,0.0032327977114468332,0.004092580380796444,37761153.264978155,-0.08602267046746138,-0.035956394422925045,5.006627604453634,39316852.36768899,40783271.77343185,
4121752,Reserva do Iguaçu,7,7,0,0,0,0,False,22823494.080338087,18948438.65923441,1.7659822255681603,2.3702098498895863,1.7303083790268081,0.0018619705230407803,0.0012465808784848933,16154235.538600812,-0.02026273746184092,-0.1965380320447825,-17.62752945829416,21523017.12231753,26787848.063415937,projection_changed_10pp
4121802,Ribeirão Claro,7,7,0,0,0,0,False,20921544.014343925,20337782.78180868,1.3937495763835168,1.8647888862407782,1.2843410117956822,0.0019984945844220875,0.0020482168677767656,22431703.17213376,-0.07433713562944338,-0.032404316994752845,4.193281863469054,23759831.126583897,24555536.515818715,
4121901,Ribeirão do Pinhal,6,6,1,1,0,0,False,11436361.704117239,9888690.143438512,1.7044989549111118,1.8283248556780756,1.6894391161215059,0.0009717132841229226,0.002151986746693614,8463982.092847163,0.1432985342722982,-0.04179824363353372,-18.50967779058319,12861764.112137962,13422814.16902241,temporal_imputation;projection_changed_10pp
4122008,Rio Azul,7,7,0,0,0,0,False,27162412.367809996,24716124.833929498,1.6507026875568414,1.963969220445649,1.6290458905198013,0.0024287328741012136,0.00245351987305306,29556832.055798456,-0.14302102916760617,-0.0955415061132823,4.7479523054323876,28834516.594114106,31880419.92972382,
4122107,Rio Bom,7,7,0,0,0,0,False,5715526.963520691,5293243.55254103,1.5451350945703128,1.8510206268156106,1.5347693279368488,0.0005201411917548079,0.0006654296865130254,6245555.203969692,-0.10697078950421077,-0.055830932738671096,5.113985676553967,6333762.013602118,6708292.225643363,
4122156,Rio Bonito do Iguaçu,7,7,0,0,0,0,False,23234196.003523458,22198716.36542982,1.4337425187679216,2.310674681129471,1.396657610448818,0.002181359438901829,0.0022170152755183535,25330226.449946415,-0.09996464011136055,-0.049764860788344426,5.019977932301613,25912805.198724587,27269887.34622322,
4122172,Rio Branco do Ivaí,7,7,0,0,0,0,False,8771904.154200135,7780170.228907823,1.5810649757197486,1.1711581869805718,1.6072338684449834,0.0007645193301140896,0.000753685679328388,9580973.854261056,-0.16664733073397509,-0.12044933729509995,4.619799343887514,9055458.25821111,10295550.49206907,
4122206,Rio Branco do Sul,7,7,0,0,0,0,False,62775056.74003033,56502161.68527025,1.6145388338353126,2.3125160171608017,1.4203842575653196,0.005552191472767398,0.005239523325681356,67046736.7478338,-0.14683724145613258,-0.1110237074641813,3.581353399195128,65498746.44385358,73678844.97461388,
4122305,Rio Negro,7,7,0,0,0,0,False,51704534.99360366,43149616.75527583,1.7186520708319093,1.6478153738194643,1.737394852186939,0.00424010209620492,0.00594742142938305,55694126.529377475,-0.17936042810110628,-0.1394316004357134,3.992882766539288,52223951.12641315,60685415.77038455,
4122404,Rolândia,7,7,0,0,0,0,False,128023703.09989752,113887045.2553597,1.55054318829114,1.3908138497121174,1.5962834811583295,0.011191123713950315,0.012006934804668147,137913629.2232119,-0.15130230800278233,-0.11049205519318721,4.081025280959512,133658293.39843836,150260932.66369516,
4122503,Roncador,6,6,0,0,1,1,False,24440021.767901693,23926012.135976326,1.4246672402336062,2.217120849350278,1.3939774925073438,0.0023510923581765908,0.0017679671569304696,26666968.224081066,-0.08858606514308077,-0.03786620404175878,5.0719861101322,27598962.314001422,28685160.452672925,legacy_snapshot_used
4122602,Rondon,5,7,2,0,0,0,False,16068940.60928359,15226412.723614972,1.4812336480534922,2.915294514172886,1.3159254103018863,0.0014962252126882974,0.0016947588978919758,17304470.59828534,-0.10803096244764646,-0.04713487463713548,6.089608781051098,17971088.08468776,18860054.38371366,temporal_imputation
4122651,Rosário do Ivaí,7,7,0,0,0,0,False,9413362.26268953,7677516.9445838565,1.7232671205567758,3.3426493057277398,1.5940520741482054,0.0007544320932212809,0.0009342827873833697,10187660.721445952,-0.2098591230380728,-0.17166918496465525,3.8189938073417555,9151752.898428753,11048427.430577056,
4122701,Sabáudia,7,7,0,0,0,0,False,24162915.284200307,25506267.910025693,1.2204598331324727,1.0804388432412675,1.244745093913871,0.002506376375137585,0.00146004288859574,26190060.12652667,-0.014961845062524867,0.03702767233231498,5.198951739483984,29410023.51372243,28359921.62829962,
4122800,Salgado Filho,7,7,0,0,0,0,False,7923074.180888509,7623869.286992045,1.4502157840461798,1.6053313516544134,1.4360685489717673,0.0007491603999244058,0.0008141153875169198,8636469.931101091,-0.08849990321880805,-0.036579822310552894,5.1920080908255155,8959115.90308099,9299281.985734899,
4122909,Salto do Itararé,7,7,0,0,0,0,False,4869738.954591058,4555323.6736998465,1.497158568575675,0.928097418040601,1.5587020633748063,0.00044762940925506593,0.0009502325222612622,5317471.7088670265,-0.031166267174247437,0.028476682154915618,5.964294932916306,5878355.21672761,5715594.061316963,
4123006,Salto do Lontra,7,7,0,0,0,0,False,22996378.12798043,22135495.514109433,1.4233459887944506,1.5262636035609245,1.4151840843325352,0.002175147034612638,0.0028707049965944922,25041207.501424618,-0.06761543508015809,-0.014980984929327312,5.263445015083078,26586413.221650135,26990761.411588207,
4123105,Santa Amélia,5,7,1,1,0,0,False,4502638.881772819,4121508.345363315,1.5165782416212683,1.6170217355068663,1.5299975506303982,0.0004050004956895556,0.0006576447370612077,4915039.677485595,-0.196076095134133,-0.03690700247666078,15.91690926574722,5089686.557154378,5284730.104198516,temporal_imputation;projection_changed_10pp
4123204,Santa Cecília do Pavão,7,7,0,0,0,0,False,5504562.697692445,5216781.77709623,1.5879245378333,2.9409713996029803,1.5227941640047982,0.0005126276665204637,0.0006564979036175458,5992304.694569554,-0.08519393815310006,-0.03368744140548593,5.1506496747614126,6243040.34764069,6460684.270440499,
4123303,Santa Cruz de Monte Castelo,6,6,1,1,0,0,False,12395040.927405793,12798644.438850727,1.3892744684917313,1.9670953885672735,1.3414206413609755,0.0012576602805427514,0.0015018266293796204,11291182.453377856,0.026420135977108832,0.04435016919003297,1.793003321292414,15193219.129462024,14548012.321619514,temporal_imputation
4123402,Santa Fé,6,6,1,1,0,0,False,15381797.375862919,14703398.85747818,1.4837631500824815,1.63132166868477,1.4625824604239317,0.0014448311944580035,0.002076903114586521,16697150.680572154,-0.17408938013411435,-0.011138343425621353,16.295103670849297,17852470.270309012,18053556.988096457,temporal_imputation;projection_changed_10pp
4123501,Santa Helena,7,7,0,0,0,0,False,72700904.90959044,65522916.43117553,1.5967165937333645,1.558710737603178,1.6024412987496244,0.006438616984363322,0.005106577648722709,78821575.91163875,-0.157318326411158,-0.1143834632813234,4.29348631298346,75568574.34136088,85328775.16193655,
4123600,Santa Inês,7,7,0,0,0,0,False,3678245.388064276,3541397.9320043735,1.4870751089439251,1.44315958909595,1.4850427023430726,0.00034799587862275846,0.0004154517167941749,4027112.996216453,-0.0824249069704778,-0.026240178438822044,5.618472853165576,4203860.008698424,4317142.600891662,
4123709,Santa Isabel do Ivaí,6,6,1,1,0,0,False,11423177.979601705,10617728.832741305,1.538098992653532,1.6762960544466232,1.520780138240249,0.0010433523555023758,0.0015450689232446805,12391974.371960094,-0.19307944052054557,-0.03463059436253902,15.844884615800655,12943036.312072748,13407340.481777638,temporal_imputation;projection_changed_10pp
4123808,Santa Izabel do Oeste,7,7,0,0,0,0,False,23592438.223391242,23312799.19716847,1.3634389704987282,1.4469950839289047,1.3601229364106844,0.0022908349176063623,0.0027565183211598733,25699910.063198533,-0.053414386308145316,0.000284580154270845,5.3698966462416164,27698235.00053699,27690354.875074826,
4123824,Santa Lúcia,7,7,0,0,0,0,False,7217350.812289111,7432775.82507386,1.3321524029297638,2.077528287415159,1.2051188120499137,0.0007303825787204368,0.0007349870158204553,7816800.878784202,-0.026546100994086146,0.02326510846703309,4.981120946111924,8668055.358594935,8470977.156233406,
4123857,Santa Maria do Oeste,7,7,0,0,0,0,False,18490679.204684597,16802966.766147252,1.5468140245889859,2.0083695303943334,1.5265681980972223,0.0016511454785723308,0.0015436634775015763,20178111.56018948,-0.15061745589971273,-0.10323406532245755,4.738339057725518,19462008.66567659,21702439.74831036,
4123907,Santa Mariana,7,7,0,0,0,0,False,19028930.315565217,17531571.426362958,1.51821863711149,2.5004861143448136,1.386223099319411,0.00172274190003319,0.001980032902602,20511966.046665955,-0.11525340764350091,-0.07208288640956405,4.317052123393686,20724270.64868297,22334183.02685842,
4123956,Santa Mônica,6,7,1,0,0,0,False,6513088.455784598,7420218.761352988,1.1593752936742683,2.0812865250508708,1.1299263913632307,0.0007291486573971717,0.0007163758483961206,7100620.232399224,0.06143642565707594,0.12942235929996374,6.79859336428878,8633741.726378364,7644387.111062431,temporal_imputation
4124004,Santana do Itararé,7,7,0,0,0,0,False,8910798.127644034,7917982.786470783,1.66020274340355,1.7409289959659529,1.6531201788503378,0.0007780614970705231,0.0009754096382607572,9744439.50366854,-0.14583359394703044,-0.09625993968568758,4.957365426134286,9451828.519592743,10458569.81962876,
4124020,Santa Tereza do Oeste,7,7,0,0,0,0,False,24373379.69532813,22754715.18312512,1.511912617100908,1.6779082420184315,1.480074285522272,0.002235994727223574,0.0020278093681934057,26305827.80171802,-0.12401281742868199,-0.08117812610428043,4.283469132440156,26284684.88726791,28606942.905944634,
4124053,Santa Terezinha de Itaipu,7,7,0,0,0,0,False,28555275.176613446,29005342.56826601,1.389491557664203,1.459901336817367,1.3889181472443013,0.002850213352354034,0.00426177879665576,30844761.484795295,0.0034625827969758157,0.05635572394999292,5.2893141153017105,35403992.0597392,33515217.70275862,
4124103,Santo Antônio da Platina,7,7,0,0,0,0,False,51521821.99845101,44961670.987873815,1.6447863893103851,2.062669624038776,1.4921975491580388,0.004418163815585922,0.007480115960951862,54826796.00664218,-0.11258582961913487,-0.07608703651317592,3.649879310595895,55869909.60889016,60470966.2239596,
4124202,Santo Antônio do Caiuá,7,7,0,0,0,0,False,4595339.4009906035,4354812.934280845,1.5098078638496868,2.6852310265841797,1.4715383635410335,0.0004279261981849896,0.0005552364662579694,5014029.292394809,-0.08570651511324755,-0.032235424966406884,5.347109014684066,5219669.543103782,5393532.350491954,
4124301,Santo Antônio do Paraíso,7,7,0,0,0,0,False,8372659.875011833,6974104.524809654,1.742126730446538,5.047121824721072,1.6961385497631907,0.0006853111901899347,0.000482589871260759,9148898.924111553,-0.22305276847601152,-0.18113342813800248,4.191934033800903,8046968.230104832,9826959.00237698,iss_2025_anomaly
4124400,Santo Antônio do Sudoeste,7,7,0,0,0,0,False,25224539.558171317,24207813.57661758,1.4351302677552504,1.5608613378028822,1.4185436842467407,0.002378783609432732,0.003926969107013068,27350709.302842557,-0.040400160497593415,0.01220283493684135,5.260299543443477,29967222.46686998,29605945.994747043,
4124509,Santo Inácio,7,7,0,0,0,0,False,18370341.437059272,19009455.1385127,1.3267268628749747,1.8110802992167374,1.2717598682771254,0.0018679663144555278,0.001136665567181623,19915222.063193895,-0.0346846446235111,0.016581581846713246,5.126622647022434,21918718.567516394,21561199.768836103,
4124608,São Carlos do Ivaí,7,7,0,0,0,0,False,10695538.782082556,14570527.919087801,0.9465926493121396,2.3810971661646914,0.8882757360119146,0.0014317746162828364,0.0012679460343564624,11624151.278254393,0.264880171937507,0.33814301005874203,7.326283812123502,16798128.21444774,12553313.127354253,projection_outlier_30pct
4124707,São Jerônimo da Serra,7,7,0,0,0,0,False,17545795.195631027,16362281.00391483,1.5109184882891211,1.9876526506420118,1.4632407594720451,0.0016078414410230077,0.0018006764373844247,19073228.650484107,-0.11137092979169114,-0.06336742395548393,4.8003505836207205,19288480.187382642,20593432.98611248,
4124806,São João,5,6,1,0,1,1,False,33848383.0112434,30407067.970639877,1.5430253767205457,2.336653930579374,1.4724055051438283,0.002987954061631189,0.0020207523337857102,36711311.086665854,-0.17070955940255644,-0.11821902235908852,5.249053704346792,35031146.19903338,39727718.2058912,temporal_imputation;legacy_snapshot_used
4124905,São João do Caiuá,5,6,1,2,0,0,False,7520292.055800953,6518272.224920908,1.657218318539333,4.140787982060551,1.4708270039717324,0.0006405187763606772,0.0010254299977590796,4788446.970126955,0.10463683571127193,-0.08991742002616246,-19.45542557374344,8032878.602494943,8826538.139787124,temporal_imputation;projection_changed_10pp
4125001,São João do Ivaí,7,7,0,0,0,0,False,15344146.414045915,14545501.992675904,1.5067229143428176,2.360562824929433,1.4378255799862134,0.0014293154407207362,0.0017976153769646889,16651982.769821456,-0.0841613729352226,-0.035516305982073094,4.864506695314951,17369740.03721267,18009366.197630934,
4125100,São João do Triunfo,6,6,0,0,1,1,False,24967122.191811137,22874184.142276462,1.5078814944691308,1.5929249808838184,1.5071639145968152,0.002247734358354066,0.0025206033609155814,27237407.047775175,-0.12940104503096475,-0.07968695675087085,4.971408828009389,26968684.27724501,29303816.212397825,legacy_snapshot_used
4125209,São Jorge d'Oeste,7,7,0,0,0,0,False,33201703.96500051,38765247.47833427,1.0984674639860212,1.9916045347925913,1.0508206809009928,0.0038092715405795706,0.001770170609909035,36073764.59086868,0.08530035982954284,0.14686106780905042,6.156070797950758,44691700.34436468,38968713.4726294,
4125308,São Jorge do Ivaí,7,7,0,0,0,0,False,15585172.041618273,16295744.059860501,1.2643990659752686,1.300672854648057,1.2621119675247594,0.001601303180496619,0.001090813154563669,16997744.32353981,-0.028036020416362682,0.027426480462061906,5.546250087842459,18793949.289428692,18292257.05860388,
4125357,São Jorge do Patrocínio,7,7,0,0,0,0,False,19093999.212753817,22531528.71413568,1.1533283418159817,2.077432883011763,1.1301048210005677,0.0022140632829566677,0.001102466690199656,20860730.131198186,0.09177569299307439,0.15919600311865018,6.742031012557578,25978224.79096986,22410554.14362988,
4125407,São José da Boa Vista,7,7,0,0,0,0,False,11987967.585772242,9977000.327082643,1.6503731609033645,3.3548766001738315,1.571793423185963,0.0009803910945634972,0.0011218376877959757,13040152.068238609,-0.20442965253285944,-0.1621820638827967,4.224758865006272,11788292.6437402,14070231.891157702,
4125456,São José das Palmeiras,6,6,1,0,0,1,False,5262953.866608927,5852078.868317375,1.190802510183717,2.1483314330851195,1.1476609649633633,0.0005750552088895465,0.0007795202343366482,5693617.547707668,0.07340753088768123,0.14164949687143602,6.824196598375479,7052093.274344472,6177108.90572803,temporal_imputation;legacy_snapshot_used
4125506,São José dos Pinhais,7,7,0,0,0,0,False,885817624.9558847,942466316.2851115,1.3317912240634417,1.922269145728725,1.0975770105436566,0.09261156190441547,0.058736974494443,933417339.8159807,0.00931296833747972,0.04419927557631293,3.488630723883321,1085633909.1374383,1039680772.1766105,
4125555,São Manoel do Paraná,7,7,0,0,0,0,False,7311909.352433464,8185530.858699485,1.1528174128211206,1.4141937174461454,1.147673755183707,0.0008043521394260845,0.0004926307588592687,8002563.063815893,0.03656057811444513,0.09997446304851285,6.341388493406772,9439937.01297178,8581960.15461083,
4125605,São Mateus do Sul,7,7,0,0,0,0,False,75074189.67398514,70604015.32197155,1.5219317832720536,1.4743690533459402,1.5377476507332468,0.006937911756321048,0.007613798181397533,80568891.7218583,-0.09939023347063637,-0.05743085562730812,4.195937784332825,83053811.3561337,88114290.44965026,
4125704,São Miguel do Iguaçu,7,7,0,0,0,0,False,65024844.34405815,60479403.0406829,1.4718112148334015,1.7373841178644895,1.4421228300542994,0.005943015555953168,0.005049698945413881,70427789.89574838,-0.12948751224573482,-0.08604565163561781,4.344186061011701,69752458.56769082,76319412.11562723,
4125753,São Pedro do Iguaçu,7,7,0,0,0,0,False,13940424.692437831,13860321.265042292,1.4127969542748295,2.57511157104672,1.3785525440323012,0.0013619860770326272,0.0010901136312605128,15216773.753662053,-0.07499180076354647,-0.02285934208238564,5.213245868116083,15987802.842723006,16361823.360000834,
4125803,São Pedro do Ivaí,7,7,0,0,0,0,False,14053206.01195977,15798474.754730096,1.162439205705663,1.663992536994304,1.1290701066934736,0.0015524389545402205,0.0018174922671524564,15288561.19651672,0.0732867328660603,0.13452952527993264,6.124279241387234,18713150.50293451,16494194.36511998,
4125902,São Pedro do Paraná,7,7,0,0,0,0,False,8643441.124412948,8198409.2619232545,1.4855328589228751,4.945105351206988,1.2579303539895368,0.0008056176372128802,0.0005743763762749075,9287067.357344735,-0.10903461495763822,-0.06832182976372908,4.071278519390914,9451664.406363614,10144773.923345976,
4126009,São Sebastião da Amoreira,7,7,0,0,0,0,False,12578846.885828055,11782307.952981839,1.6104318239630169,1.2313924009222186,1.6371323537689595,0.0011577898578545751,0.0014756144532091628,13731689.737383937,-0.09846146376243099,-0.04549286261938799,5.296860114304301,14092099.666629098,14763744.674870713,
4126108,São Tomé,7,7,0,0,0,0,False,9326144.305260032,9641796.577026272,1.379087187908111,2.01871854096587,1.348968637884622,0.0009474522591775261,0.0010261718201589084,10167091.649499375,-0.022281466966383157,0.03476332689575538,5.704479386213854,11326581.509776086,10946060.046170494,
4126207,Sapopema,7,7,0,0,0,0,False,11322523.155574648,9354648.873598482,1.7709328039429058,2.6833287733364672,1.6175167583885801,0.0009192356567884508,0.0011377007701805534,12177062.629698625,-0.19691995360484063,-0.1609605586300821,3.595939497475853,11150164.872557798,13289202.298228892,
4126256,Sarandi,7,7,0,0,0,0,False,54227694.09926519,46660313.991071224,1.6738811668939186,1.3906665137671803,1.8350180483531024,0.004585081167353143,0.017678843508948473,57885034.20665003,0.03773490083186235,0.08740616344339044,4.967126261152809,69209963.92656367,63646838.00154558,
4126272,Saudade do Iguaçu,7,7,0,0,0,0,False,25954459.792398855,43164346.681561194,0.8773968694505491,2.183186334929386,0.8469150717481215,0.004241549534120157,0.001193445168650021,28323770.413314,0.4876011013831929,0.5864203996359025,9.881929825270962,48326570.32813822,30462650.593266193,projection_outlier_30pct
4126306,Sengés,7,7,0,0,0,0,False,41517682.72916239,33100917.19454053,1.985128297167836,3.8107493562803727,1.6553419694467706,0.003252665468128782,0.0030238542475561707,44348116.39308372,-0.24217293690458633,-0.21361757964768419,2.8555357256902143,38319743.82910105,48729146.07111003,
4126355,Serranópolis do Iguaçu,7,7,0,0,0,0,False,26485160.76609165,26421120.42667237,1.3352120762922124,1.8053722775977348,1.3213480603312784,0.0025962744638170776,0.001016018800689594,28942628.502033025,-0.08200635406691512,-0.030618244256765154,5.138810981014997,30133747.883604202,31085532.304556683,
4126405,Sertaneja,7,7,0,0,0,0,False,19055713.063379787,17103757.32396369,1.5137279814321725,2.2066708717887042,1.4312535607443502,0.0016807026976306016,0.0010785112328083326,20569323.279505976,-0.15853794221616188,-0.11817480908447056,4.036313313169132,19722565.218128804,22365617.835948214,
4126504,Sertanópolis,7,7,0,0,0,0,False,29674903.379481032,29568667.86633871,1.3763559857782277,1.6239696182258703,1.3233428598841126,0.0029055685781200023,0.0030134986721162453,25888829.4882128,0.010410745299309514,-0.007035755188872347,-1.744650048818186,34584270.48323484,34829321.05960485,
4126603,Siqueira Campos,7,7,0,0,0,0,False,29081828.520435918,23100500.502898145,1.9593146360534517,3.0962192934572594,1.7475292137869203,0.0022699733617853107,0.0038154095693297215,31299932.94073012,-0.19773348510771707,-0.15995224108888767,3.7781244018829403,28673544.505564608,34133231.35666937,
4126652,Sulina,7,7,0,0,0,0,False,9464409.493771514,9039826.469925452,1.4507663486227536,2.1647095147680475,1.414264646925427,0.0008882995967692601,0.000802714452768082,10314522.858932165,-0.109732952790605,-0.06026232083816869,4.947063195243632,10438926.939555978,11108341.371250158,
4126678,Tamarana,7,7,0,0,0,0,False,23182159.35288216,21703546.169171344,1.479996141218079,2.0359426604854964,1.4402016674312568,0.0021327014821222465,0.0021108914588289012,25214196.311714895,-0.11889047100072289,-0.0712342669960191,4.765620400470379,25270612.33984151,27208812.127582226,
4126702,Tamboara,7,7,0,0,0,0,False,8718153.873044373,8060022.052953805,1.5216447430382947,1.8927591530025958,1.478505912884003,0.0007920190020693232,0.0009627988220411781,9456621.144717174,-0.11081715526936149,-0.06305192358285307,4.776523168650843,9587287.454144185,10232463.991820764,
4126801,Tapejara,7,7,0,0,0,0,False,18736676.17469349,21260676.722850684,1.1891265487407643,1.6497253192409218,1.1259230410183523,0.0020891828646026653,0.002704647135754983,20179285.925745126,0.10053980212288392,0.1584705963972449,5.793079427436097,25476118.560083054,21991165.454964362,
4126900,Tapira,7,7,0,0,0,0,False,9466511.424231185,9288200.799436275,1.413696364149954,1.7993442813354004,1.399656473226628,0.000912706129072321,0.0010402604953787453,10339412.095708126,-0.0676035093870591,-0.012693772486844765,5.490973690021433,10969770.325061917,11110808.399024053,
4127007,Teixeira Soares,7,7,0,0,0,0,False,30573482.367717657,28804232.24524871,1.5143576434743642,1.7763765621634005,1.468562490302446,0.0028304512231321134,0.00195657888501163,33112391.258626092,-0.11933907628205162,-0.07435001064350186,4.498906563854977,33216005.51554548,35883979.795253806,
4127106,Telêmaco Borba,7,7,0,0,0,0,False,137684541.42142037,161636068.42510176,1.1236546669154315,1.4480891301845846,0.9786264680128011,0.01588318701504571,0.013448491195766554,145683522.38323927,0.11167036031711118,0.1524368549888208,4.076649467170963,186233590.40407252,161599821.80184534,
4127205,Terra Boa,7,7,0,0,0,0,False,24709757.155037098,21608183.312160786,1.4855340792300122,1.587282359304301,1.4686369406948614,0.0021233306399151457,0.002972849258380459,26806139.124136336,-0.14249467820962844,-0.09846177262107292,4.403290558855552,26146184.346754275,29001747.849084526,
4127304,Terra Rica,7,7,0,0,0,0,False,21304308.460581645,21050342.0568604,1.400439396395923,1.5970190959649329,1.3922046063149824,0.0020685143042483973,0.0027588392652771044,23156831.0798111,-0.04272933152685403,0.012436171612952789,5.516550313980682,25315749.494316712,25004785.68835127,
4127403,Terra Roxa,7,7,0,0,0,0,False,36362396.61415197,38221886.45153464,1.276775922538917,1.4393196259215804,1.2719069032774264,0.003755878106246287,0.0031198608705350532,39521859.563704796,-0.021205540628121574,0.03274933454863943,5.3954875176761,44076095.80435063,42678406.3953079,
4127502,Tibagi,7,7,0,0,0,0,False,70614574.29456489,69964719.16497664,1.4419575539681084,1.5595654451060252,1.4371033828463033,0.006875091245289779,0.00327152659876151,76393964.26286933,-0.07369411367919206,-0.02665096382732266,4.704314985186939,80671223.46872926,82880056.8662789,
4127601,Tijucas do Sul,6,7,1,0,0,0,False,30433188.512678053,27614847.643782858,1.5326054538189373,1.4512331668748861,1.5560386458411817,0.002713576207289647,0.0028782891843417615,32748820.084963683,-0.15679294667004717,-0.09372817363302238,6.306477303702479,32371411.04567831,35719317.43199763,temporal_imputation
4127700,Toledo,7,7,0,0,0,0,False,310990571.7833105,300396330.79522043,1.4123826068250391,1.5546499208933628,1.3655941864793237,0.02951848029429708,0.028147758162684767,332831508.3696889,-0.0851513519466965,-0.045070618069960065,4.008073387673643,348557293.0656138,365008449.48464453,
4127809,Tomazina,6,7,1,0,0,0,False,15644427.203432225,14692799.044975515,1.5240468051183638,2.1128046557978006,1.4706720068952046,0.0014437896026527543,0.001475398762869773,16980495.338197794,-0.1178411786047101,-0.06544394787773249,5.239723072697762,17160135.632060643,18361804.61631165,temporal_imputation
4127858,Três Barras do Paraná,7,7,0,0,0,0,False,27354368.613203153,29280270.938275907,1.3002844666737683,1.5906016530267084,1.2991088685594367,0.002877229220527246,0.0020946313232748357,29853545.917242467,-0.006363635705074384,0.05175066732785391,5.811430303292829,33767210.58790085,32105718.24374689,
4127882,Tunas do Paraná,7,7,0,0,0,0,False,10361193.451951263,9815192.346707048,1.5109867630532154,1.536133827308719,1.5073182514753198,0.0009644910146006929,0.0013240211153878701,11231863.347320456,-0.0760395096405472,-0.025838789477881118,5.020072016266608,11846670.525454229,12160893.286958938,
4127908,Tuneiras do Oeste,7,7,0,0,0,0,False,17611510.62071258,18999046.7665318,1.3282581918606104,0.9951776575232801,1.3601297290603436,0.0018669435345753588,0.0014083863062985102,19219076.189797807,0.00030415485290906147,0.059881842298636176,5.957768744572711,21908354.319819976,20670562.930209156,
4127957,Tupãssi,7,7,0,0,0,0,False,23022865.601550013,24010149.665193062,1.27733037619189,1.533370878150736,1.263823858818685,0.002359360142245791,0.0015273016601991874,25111470.45600179,-0.03107026400471614,0.024717345690468476,5.578760969518462,27689758.05762448,27021849.658421412,
4127965,Turvo,7,7,0,0,0,0,False,34479491.09638525,32553584.716438327,1.4656000337162132,2.005214799444357,1.4232059173388563,0.0031988817786725264,0.0022551723056741368,37329164.23392478,-0.11712536727741872,-0.07236974578513462,4.47556214922841,37539756.11355606,40468447.36142121,
4128005,Ubiratã,6,6,0,0,1,1,False,59399543.20399811,54835043.421041235,1.5940574916743921,1.3355973128052416,1.6252423567963241,0.0053883719031320625,0.003963075691613348,64564682.051665254,-0.1383776567840807,-0.09282304873002219,4.555460805405851,63245671.47373394,69717017.5952937,legacy_snapshot_used
4128104,Umuarama,7,7,0,0,0,0,False,125344131.67938434,113152210.97791174,1.589868253985571,1.6813516218008853,1.5199296488630458,0.011118915138429438,0.021049658906847436,131899322.03057496,-0.05935818138503427,-0.02713559356646039,3.2222587818573887,143123851.8136284,147115929.89439458,
4128203,União da Vitória,7,7,0,0,0,0,False,66707768.83152172,59200822.2903598,1.6336355913993832,1.617277494934491,1.641503000747944,0.005817375670195682,0.009707930151385043,71076570.00066578,-0.10033532208224535,-0.06246652092942221,3.7868801152823144,73403859.52226219,78294654.17600977,
4128302,Uniflor,7,7,0,0,0,0,False,4337570.036510485,4061845.9586610086,1.4944114689776407,2.314777667235831,1.4503276985664029,0.00039913776433887424,0.0005320874611053957,4723181.382103456,-0.09174010920590253,-0.040539138076859764,5.1200971129042765,4884605.10586836,5090989.4292901885,
4128401,Uraí,7,7,0,0,0,0,False,10591222.12896378,11301352.701266231,1.2319699695286819,1.0612542605867132,1.3009918798552447,0.0011105287342495602,0.0019543372124629717,11493624.62398154,0.07447384628902287,0.13645954054819814,6.198569425917527,14127188.842389032,12430877.068949105,
4128500,Wenceslau Braz,7,7,0,0,0,0,False,24829661.01302005,20534317.324777875,1.7914065028497816,2.501545450749884,1.6027870109882332,0.002017807074086749,0.0032410471818962627,26522568.43857661,-0.16633592566731695,-0.13124017298216292,3.5095752685154027,25317814.624372456,29142478.550464373,
4128534,Ventania,7,7,0,0,0,0,False,21225423.006863225,19237537.006738026,1.6092006137513604,2.8706576339180843,1.4996801334680612,0.0018903788056962593,0.0018593877076253,22982239.469699625,-0.14350692412817648,-0.10139999556419727,4.210692856397921,22386101.35175046,24912198.13181044,
4128559,Vera Cruz do Oeste,7,7,0,0,0,0,False,15598840.085774511,16198048.898329126,1.2766228018629884,1.7242763784671986,1.2437955031642596,0.0015917031541152116,0.0014660894762371715,16955599.418860476,-0.029151769067719713,0.023385552655917675,5.253732172363739,18736448.884713333,18308299.189966086,
4128609,Verê,7,7,0,0,0,0,False,24771631.509680536,23861201.017541986,1.4923705535504856,1.0268008113534113,1.4996306971574067,0.002344723686104961,0.0014886479432601636,26928985.89693134,-0.1030023762141341,-0.05361748697905844,4.938488923507567,27515474.913019616,29074369.543439306,
4128625,Alto Paraíso,7,7,0,0,0,0,False,17725201.129808612,18698503.234223176,1.3421872760685476,3.490610961491625,1.2962549445982225,0.0018374105895072707,0.0005868336662507909,19342986.04422111,-0.04213649403812407,0.013103513836736035,5.524000787486011,21076606.563255746,20804001.047668155,
4128633,Doutor Ulysses,7,7,0,0,0,0,False,9269871.73220043,8610655.928121213,1.5318548910357488,1.3062411209172156,1.4884921440136976,0.0008461271036911829,0.000937096997797138,10080482.075999709,-0.11620209473467659,-0.06813826778432336,4.806382695035323,10138667.892588485,10880013.141522503,
4128658,Virmond,7,7,0,0,0,0,False,9307404.476841195,8129877.825836895,1.6640779933273828,1.1345888855410033,1.7833232911811392,0.0007988833876955845,0.0008194502560569153,10127877.29938784,-0.1765603263223512,-0.1304886648829128,4.6071661439438385,9498598.500383994,10924065.180938585,
4128708,Vitorino,7,7,0,0,0,0,False,20237400.409601245,17664339.20951023,1.5264253426319718,2.7393456484909757,1.38624951257284,0.0017357883416464263,0.0015930529846732032,21827643.93172656,-0.17793154926297844,-0.1400501788402376,3.788137042274084,20426009.528839014,23752559.772954762,
4128807,Xambrê,7,7,0,0,0,0,False,9548041.046937268,9507226.277459407,1.3554041915174815,1.4818897325895846,1.31152995491654,0.0009342286930792102,0.0010335159986273284,10404196.092594799,-0.05456953803338108,-0.0012017159265847641,5.336782210679631,11193032.377815392,11206499.406633606,
