codigo_ibge,municipio,ano,request_status,data_status,new_iss,legacy_iss,adjusted_iss,iss_source,new_cota_raw,legacy_cota_raw,adjusted_cota,cota_source,cota_target_pr,total_real_2025,api_attempts,api_error
3500105,Adamantina,2019,ok,ok,7590314.57,7590314.57,7590314.57,new_observed,21448355.46,21448355.46,21187178.131031092,new_observed,37092224874.8675,50113430.81771813,1,
3500105,Adamantina,2020,ok,ok,7820080.09,7820080.09,7820080.09,new_observed,21444512.99,21444512.99,21731232.25483711,new_observed,37158522668.0775,50371720.980506524,1,
3500105,Adamantina,2021,ok,ok,9348600.43,9348600.43,9348600.43,new_observed,25926289.97,25926289.97,25956916.726055663,new_observed,46897671220.665,47930334.87361067,1,
3500105,Adamantina,2022,ok,ok,12311582.02,12311582.02,12311582.02,new_observed,28980768.34,28980768.34,28966697.80284315,new_observed,50777650919.455,52447962.535124585,1,
3500105,Adamantina,2023,ok,ok,13319960.23,13319960.23,13319960.23,new_observed,30160298.68,30160298.68,29882650.154333603,new_observed,48945614200.0975,53320747.40422904,1,
3500105,Adamantina,2024,ok,ok,16273065.38,16273065.38,16273065.38,new_observed,32560288.29,32560288.29,32884052.026895534,new_observed,55712049158.33,52719697.01787528,1,
3500105,Adamantina,2025,ok,ok,17182911.95,17182911.95,17182911.95,new_observed,32333297.62,32333297.62,32540180.793872435,new_observed,59267888460.755,49723092.743872434,1,
3500204,Adolfo,2019,ok,ok,205176.77,205176.77,205176.77,new_observed,7129871.96,7129871.96,7043051.274942072,new_observed,37092224874.8675,12622141.145334536,1,
3500204,Adolfo,2020,ok,ok,213789.14,213789.14,213789.14,new_observed,5601873.81,5601873.81,5676772.463154887,new_observed,37158522668.0775,10040763.064265147,1,
3500204,Adolfo,2021,ok,ok,316376.81,316376.81,316376.81,new_observed,8679416.67,8679416.67,8689669.674859744,new_observed,46897671220.665,12226497.688693175,1,
3500204,Adolfo,2022,ok,ok,668464.97,668464.97,668464.97,new_observed,9613075.36,9613075.36,9608408.087812541,new_observed,50777650919.455,13057740.182673588,1,
3500204,Adolfo,2023,ok,ok,730108.02,730108.02,730108.02,new_observed,9745995.01,9745995.01,9656275.70136885,new_observed,48945614200.0975,12818895.384417111,1,
3500204,Adolfo,2024,ok,ok,655570.08,655570.08,655570.08,new_observed,11096969.35,11096969.35,11207312.238643117,new_observed,55712049158.33,12722624.811800817,1,
3500204,Adolfo,2025,ok,ok,657452.63,657452.63,657452.63,new_observed,12107450.13,12107450.13,12184919.113826977,new_observed,59267888460.755,12842371.743826978,1,
3500303,Aguaí,2019,ok,ok,5547985.99,5547985.99,5547985.99,new_observed,25582060.97,25582060.97,25270547.37325246,new_observed,37092224874.8675,53667720.66099956,1,
3500303,Aguaí,2020,ok,ok,5840691.23,5840691.23,5840691.23,new_observed,26007276.0,26007276.0,26355000.70974804,new_observed,37158522668.0775,54879201.03983694,1,
3500303,Aguaí,2021,ok,ok,6653376.34,6653376.34,6653376.34,new_observed,31878801.21,31878801.21,31916459.674405646,new_observed,46897671220.665,52361933.9158618,1,
3500303,Aguaí,2022,ok,ok,8145344.16,8145344.16,8145344.16,new_observed,32863741.85,32863741.85,32847786.079076726,new_observed,50777650919.455,52085652.99241899,1,
3500303,Aguaí,2023,ok,ok,9664053.97,9664053.97,9664053.97,new_observed,33446055.01,33446055.01,33138158.594204832,new_observed,48945614200.0975,52826575.62066403,1,
3500303,Aguaí,2024,ok,ok,11793016.88,11793016.88,11793016.88,new_observed,41376161.46,41376161.46,41787585.96992355,new_observed,55712049158.33,57463767.14690823,1,
3500303,Aguaí,2025,ok,ok,14688936.22,14688936.22,14688936.22,new_observed,46656658.64,46656658.64,46955189.20546126,new_observed,59267888460.755,61644125.42546126,1,
3500402,Águas da Prata,2019,ok,ok,1024170.4,1024170.4,1024170.4,new_observed,5397104.43,5397104.43,5331383.712072581,new_observed,37092224874.8675,11067629.296703862,1,
3500402,Águas da Prata,2020,ok,ok,882284.77,882284.77,882284.77,new_observed,5267819.18,5267819.18,5338251.427320737,new_observed,37158522668.0775,10603221.610742593,1,
3500402,Águas da Prata,2021,ok,ok,1436444.28,1436444.28,1436444.28,new_observed,6808882.15,6808882.15,6816925.490287449,new_observed,46897671220.665,11204673.059370862,1,
3500402,Águas da Prata,2022,ok,ok,1609231.73,1609231.73,1609231.73,new_observed,7390381.88,7390381.88,7386793.754190984,new_observed,50777650919.455,11430302.07617253,1,
3500402,Águas da Prata,2023,ok,ok,2051520.64,2051520.64,2051520.64,new_observed,7283597.66,7283597.66,7216546.59484635,new_observed,48945614200.0975,11438666.959204307,1,
3500402,Águas da Prata,2024,ok,ok,2460776.77,2460776.77,2460776.77,new_observed,8390726.69,8390726.69,8474160.012341248,new_observed,55712049158.33,11727427.979611019,1,
3500402,Águas da Prata,2025,ok,ok,2204169.47,2204169.47,2204169.47,new_observed,10567333.23,10567333.23,10634947.84400206,new_observed,59267888460.755,12839117.314002061,1,
3500501,Águas de Lindóia,2019,ok,ok,6839641.99,6839641.99,6839641.99,new_observed,8373786.33,8373786.33,8271818.458798664,new_observed,37092224874.8675,26315257.400045216,1,
3500501,Águas de Lindóia,2020,ok,ok,4518850.32,4518850.32,4518850.32,new_observed,7959030.24,7959030.24,8065444.748004602,new_observed,37158522668.0775,21450573.582145467,1,
3500501,Águas de Lindóia,2021,ok,ok,5580417.3,5580417.3,5580417.3,new_observed,9480114.19,9480114.19,9491313.059757797,new_observed,46897671220.665,20461195.34448031,2,
3500501,Águas de Lindóia,2022,ok,ok,7766856.88,7766856.88,7766856.88,new_observed,10194203.47,10194203.47,10189254.052613052,new_observed,50777650919.455,22814938.934278585,1,
3500501,Águas de Lindóia,2023,ok,ok,10782060.28,10782060.28,10782060.28,new_observed,9885409.26,9885409.26,9794406.536990892,new_observed,48945614200.0975,25395516.14728651,2,
3500501,Águas de Lindóia,2024,ok,ok,13911965.92,13911965.92,13911965.92,new_observed,10946401.74,10946401.74,11055247.45725339,new_observed,55712049158.33,26776670.27816407,1,
3500501,Águas de Lindóia,2025,ok,ok,17972724.93,17972724.93,17972724.93,new_observed,12305820.18,12305820.18,12384558.425812796,new_observed,59267888460.755,30357283.355812795,1,
3500550,Águas de Santa Bárbara,2019,ok,ok,5128058.02,5128058.02,5128058.02,new_observed,8352020.45,8352020.45,8250317.622634386,new_observed,37092224874.8675,23297245.148691565,2,
3500550,Águas de Santa Bárbara,2020,ok,ok,4517626.85,4517626.85,4517626.85,new_observed,8096610.12,8096610.12,8204864.110303332,new_observed,37158522668.0775,21686135.53778024,1,
3500550,Águas de Santa Bárbara,2021,ok,ok,4179112.94,4179112.94,4179112.94,new_observed,10268962.11,10268962.11,10281092.846709792,new_observed,46897671220.665,19630997.122483574,1,
3500550,Águas de Santa Bárbara,2022,ok,ok,4962973.01,4962973.01,4962973.01,new_observed,11117831.4,11117831.4,11112433.549329445,new_observed,50777650919.455,20425325.97237804,1,
3500550,Águas de Santa Bárbara,2023,ok,ok,6542122.88,6542122.88,6542122.88,new_observed,11441629.57,11441629.57,11336300.653498314,new_observed,48945614200.0975,22065585.776760742,1,
3500550,Águas de Santa Bárbara,2024,ok,ok,8088744.33,8088744.33,8088744.33,new_observed,13439953.3,13439953.3,13573593.686269121,new_observed,55712049158.33,23232279.620129038,1,
3500550,Águas de Santa Bárbara,2025,ok,ok,8226057.46,8226057.46,8226057.46,new_observed,15955223.97,15955223.97,16057312.764454337,new_observed,59267888460.755,24283370.224454336,1,
3500600,Águas de São Pedro,2019,ok,ok,1598470.22,1598470.22,1598470.22,new_observed,2576966.31,2576966.31,2545586.506595312,new_observed,37092224874.8675,7216504.308782008,3,
3500600,Águas de São Pedro,2020,ok,ok,1231427.01,1231427.01,1231427.01,new_observed,2528007.59,2528007.59,2561807.7736668168,new_observed,37158522668.0775,6465762.3968364615,1,
3500600,Águas de São Pedro,2021,ok,partial,,,1629547.1758488142,imputed_temporal,3254011.94,3254011.94,3257855.9080341426,new_observed,46897671220.665,6635078.178783959,1,
3500600,Águas de São Pedro,2022,ok,ok,1991736.87,1991736.87,1991736.87,new_observed,3370100.46,3370100.46,3368464.2327202945,new_observed,50777650919.455,6810642.977923487,1,
3500600,Águas de São Pedro,2023,ok,ok,2531901.59,2531901.59,2531901.59,new_observed,3290722.89,3290722.89,3260429.278902871,new_observed,48945614200.0975,7148906.244204311,4,
3500600,Águas de São Pedro,2024,ok,ok,3449322.07,3449322.07,3449322.07,new_observed,3644671.4,3644671.4,3680912.2471850873,new_observed,55712049158.33,7646986.086611428,1,
3500600,Águas de São Pedro,2025,ok,ok,3375474.1,3375474.1,3375474.1,new_observed,4656264.14,4656264.14,4686057.040031196,new_observed,59267888460.755,8061531.140031196,1,
3500709,Agudos,2019,ok,ok,5114281.51,5114281.51,5114281.51,new_observed,88589820.32,88589820.32,87511059.16797769,new_observed,37092224874.8675,161298750.04249743,1,
3500709,Agudos,2020,ok,ok,4971926.29,4971926.29,4971926.29,new_observed,80805917.66,80805917.66,81886315.86334307,new_observed,37158522668.0775,148054309.31631216,1,
3500709,Agudos,2021,ok,ok,6749612.9,6749612.9,6749612.9,new_observed,87733627.54,87733627.54,87837267.37476444,new_observed,46897671220.665,128409982.67156023,1,
3500709,Agudos,2022,ok,ok,8309681.11,8309681.11,8309681.11,new_observed,84989991.51,84989991.51,84948727.77194199,new_observed,50777650919.455,118493637.7222448,1,
3500709,Agudos,2023,ok,ok,10195781.33,10195781.33,10195781.33,new_observed,75132629.31,75132629.31,74440976.22066256,new_observed,48945614200.0975,104458853.99805255,1,
3500709,Agudos,2024,ok,ok,10682851.88,10682851.88,10682851.88,new_observed,82614869.43,82614869.43,83436351.67891513,new_observed,55712049158.33,100940334.92886823,1,
3500709,Agudos,2025,ok,ok,12007373.23,12007373.23,12007373.23,new_observed,88511285.08,88511285.08,89077620.62041055,new_observed,59267888460.755,101084993.85041055,1,
3500758,Alambari,2019,ok,ok,1525491.56,1525491.56,1525491.56,new_observed,4339514.25,4339514.25,4286671.842434011,new_observed,37092224874.8675,10121362.955248496,1,
3500758,Alambari,2020,ok,ok,1673901.98,1673901.98,1673901.98,new_observed,4193334.25,4193334.25,4249400.326853177,new_observed,37158522668.0775,10096571.265679386,1,
3500758,Alambari,2021,ok,ok,1750293.49,1750293.49,1750293.49,new_observed,5483917.02,5483917.02,5490395.177460838,new_observed,46897671220.665,9829869.677675277,1,
3500758,Alambari,2022,ok,ok,2699919.01,2699919.01,2699919.01,new_observed,6260294.16,6260294.16,6257254.706367933,new_observed,50777650919.455,11380937.22686311,1,
3500758,Alambari,2023,ok,ok,2912531.77,2912531.77,2912531.77,new_observed,7144251.56,7144251.56,7078483.28185164,new_observed,48945614200.0975,12330930.588509364,1,
3500758,Alambari,2024,ok,ok,2819108.57,2819108.57,2819108.57,new_observed,8244662.65,8244662.65,8326643.582270396,new_observed,55712049158.33,11953521.839781448,1,
3500758,Alambari,2025,ok,ok,3140936.96,3140936.96,3140936.96,new_observed,7840364.78,7840364.78,7890531.007060017,new_observed,59267888460.755,11031467.967060018,1,
3500808,Alfredo Marcondes,2019,ok,ok,491181.3,491181.3,491181.3,new_observed,4021716.35,4021716.35,3972743.7779012905,new_observed,37092224874.8675,7773526.446203152,1,
3500808,Alfredo Marcondes,2020,ok,ok,683893.96,683893.96,683893.96,new_observed,3777762.73,3777762.73,3828272.4969123914,new_observed,37158522668.0775,7691218.14736937,1,
3500808,Alfredo Marcondes,2021,ok,ok,320429.92,320429.92,320429.92,new_observed,4900379.68,4900379.68,4906168.504132305,new_observed,46897671220.665,7095565.591384599,1,
3500808,Alfredo Marcondes,2022,ok,ok,1181428.15,1181428.15,1181428.15,new_observed,6239032.91,6239032.91,6236003.778979282,new_observed,50777650919.455,9424549.510967165,1,
3500808,Alfredo Marcondes,2023,ok,ok,2278908.79,2278908.79,2278908.79,new_observed,7285877.0,7285877.0,7218804.951785233,new_observed,48945614200.0975,11722097.133441927,1,
3500808,Alfredo Marcondes,2024,ok,ok,3194041.55,3194041.55,3194041.55,new_observed,8298770.45,8298770.45,8381289.404027672,new_observed,55712049158.33,12414233.644472595,1,
3500808,Alfredo Marcondes,2025,ok,ok,2602448.83,2602448.83,2602448.83,new_observed,7551349.14,7551349.14,7599666.113278214,new_observed,59267888460.755,10202114.943278214,1,
3500907,Altair,2019,ok,ok,523505.06,523505.06,523505.06,new_observed,7604637.2,7604637.2,7512035.2830195725,new_observed,37092224874.8675,13993175.126353731,1,
3500907,Altair,2020,ok,ok,577759.08,577759.08,577759.08,new_observed,6891667.27,6891667.27,6983810.830176808,new_observed,37158522668.0775,12889082.056505177,1,
3500907,Altair,2021,ok,ok,564168.58,564168.58,564168.58,new_observed,8501391.07,8501391.07,8511433.77301443,new_observed,46897671220.665,12320925.8778723,1,
3500907,Altair,2022,ok,ok,807205.76,807205.76,807205.76,new_observed,10137481.04,10137481.04,10132559.162085075,new_observed,50777650919.455,13900007.055503998,2,
3500907,Altair,2023,ok,ok,1980947.73,1980947.73,1980947.73,new_observed,9787408.55,9787408.55,9697307.99818404,new_observed,48945614200.0975,14413326.376924135,2,
3500907,Altair,2024,ok,ok,1583383.78,1583383.78,1583383.78,new_observed,9565917.85,9565917.85,9661036.704058269,new_observed,55712049158.33,12059340.993375393,1,
3500907,Altair,2025,ok,ok,1524987.18,1524987.18,1524987.18,new_observed,11584015.62,11584015.62,11658135.431279967,new_observed,59267888460.755,13183122.611279966,1,
3501004,Altinópolis,2019,ok,ok,2184939.25,2184939.25,2184939.25,new_observed,17857284.04,17857284.04,17639835.305671427,new_observed,37092224874.8675,34523072.54470791,1,
3501004,Altinópolis,2020,ok,ok,1836192.36,1836192.36,1836192.36,new_observed,18212925.0,18212925.0,18456437.01022698,new_observed,37158522668.0775,34589823.03966912,1,
3501004,Altinópolis,2021,ok,ok,1977179.06,1977179.06,1977179.06,new_observed,22458240.08,22458240.08,22484770.024745874,new_observed,46897671220.665,33209240.53061151,4,
3501004,Altinópolis,2022,ok,ok,3944115.17,3944115.17,3944115.17,new_observed,23908094.49,23908094.49,23896486.801483102,new_observed,50777650919.455,35374120.61312703,1,
3501004,Altinópolis,2023,ok,ok,3859195.93,3859195.93,3859195.93,new_observed,24267326.35,24267326.35,24043927.123936936,new_observed,48945614200.0975,34438089.80319421,1,
3501004,Altinópolis,2024,ok,ok,4617188.99,4617188.99,4617188.99,new_observed,27647647.94,27647647.94,27922562.76058455,new_observed,55712049158.33,34898015.66531754,1,
3501004,Altinópolis,2025,ok,ok,4477933.76,4477933.76,4477933.76,new_observed,30656916.65,30656916.65,30853073.57442615,new_observed,59267888460.755,35331007.33442615,1,
3501103,Alto Alegre,2019,ok,ok,242970.31,242970.31,242970.31,new_observed,6169119.32,6169119.32,6093997.751398018,new_observed,37092224874.8675,11035263.351055617,1,
3501103,Alto Alegre,2020,ok,ok,477368.94,477368.94,477368.94,new_observed,6132219.85,6132219.85,6214209.381216282,new_observed,37158522668.0775,11406136.965501009,1,
3501103,Alto Alegre,2021,ok,ok,377692.05,377692.05,377692.05,new_observed,7991705.89,7991705.89,8001146.501327146,new_observed,46897671220.665,11375007.929834157,1,
3501103,Alto Alegre,2022,ok,ok,826621.36,826621.36,826621.36,new_observed,9582830.53,9582830.53,9578177.942067951,new_observed,50777650919.455,13220282.587414347,1,
3501103,Alto Alegre,2023,ok,ok,1056040.67,1056040.67,1056040.67,new_observed,9861779.82,9861779.82,9770994.623987159,new_observed,48945614200.0975,13362748.429125201,1,
3501103,Alto Alegre,2024,ok,ok,936937.96,936937.96,936937.96,new_observed,11721955.9,11721955.9,11838513.352197815,new_observed,55712049158.33,13701330.712105751,1,
3501103,Alto Alegre,2025,ok,ok,753037.95,753037.95,753037.95,new_observed,12319170.57,12319170.57,12397994.237692373,new_observed,59267888460.755,13151032.187692372,1,
3501152,Alumínio,2019,ok,ok,6446407.87,6446407.87,6446407.87,new_observed,36515975.12,36515975.12,36071318.89149227,new_observed,37092224874.8675,74040820.05074552,1,
3501152,Alumínio,2020,ok,ok,5668763.27,5668763.27,5668763.27,new_observed,35892179.11,35892179.11,36372067.79819824,new_observed,37158522668.0775,71660743.44328968,1,
3501152,Alumínio,2021,ok,ok,5550520.07,5550520.07,5550520.07,new_observed,44110929.73,44110929.73,44163038.02184555,new_observed,46897671220.665,67490513.63753086,1,
3501152,Alumínio,2022,ok,ok,10948016.48,10948016.48,10948016.48,new_observed,56804867.3,56804867.3,56777287.80360233,new_observed,50777650919.455,86051410.98395777,1,
3501152,Alumínio,2023,ok,ok,16745075.75,16745075.75,16745075.75,new_observed,71988793.32,71988793.32,71326081.63594577,new_observed,48945614200.0975,108697597.08494407,1,
3501152,Alumínio,2024,ok,ok,18220843.7,18220843.7,18220843.7,new_observed,74258828.7,74258828.7,74997222.52696073,new_observed,55712049158.33,99973889.18065868,4,
3501152,Alumínio,2025,ok,ok,17545577.55,17545577.55,17545577.55,new_observed,59468100.64,59468100.64,59848604.65011241,new_observed,59267888460.755,77394182.20011242,1,
3501202,Álvares Florence,2019,ok,ok,443674.59,443674.59,443674.59,new_observed,7112231.7,7112231.7,7025625.820967538,new_observed,37092224874.8675,13007118.906796345,1,
3501202,Álvares Florence,2020,ok,ok,541080.81,541080.81,541080.81,new_observed,6749802.13,6749802.13,6840048.912727687,new_observed,37158522668.0775,12581512.542508774,1,
3501202,Álvares Florence,2021,ok,ok,355666.08,355666.08,355666.08,new_observed,8158191.71,8158191.71,8167828.991217121,new_observed,46897671220.665,11571391.838029886,1,
3501202,Álvares Florence,2022,ok,ok,1052546.03,1052546.03,1052546.03,new_observed,9657570.32,9657570.32,9652881.444935052,new_observed,50777650919.455,13602259.14300742,1,
3501202,Álvares Florence,2023,ok,ok,868745.91,868745.91,868745.91,new_observed,10572767.1,10572767.1,10475436.724439899,new_observed,48945614200.0975,14001012.702180533,1,
3501202,Álvares Florence,2024,ok,ok,483982.4,483982.4,483982.4,new_observed,11961048.09,11961048.09,12079982.959136125,new_observed,55712049158.33,13474517.669415316,1,
3501202,Álvares Florence,2025,ok,ok,748267.83,748267.83,748267.83,new_observed,12788392.27,12788392.27,12870218.23197385,new_observed,59267888460.755,13618486.06197385,1,
3501301,Álvares Machado,2019,ok,ok,2150512.25,2150512.25,2150512.25,new_observed,12248102.95,12248102.95,12098957.398053927,new_observed,37092224874.8675,24814177.48292363,1,
3501301,Álvares Machado,2020,ok,ok,2520570.43,2520570.43,2520570.43,new_observed,11992882.18,11992882.18,12153230.440812975,new_observed,37158522668.0775,25012242.927249905,1,
3501301,Álvares Machado,2021,ok,ok,5229969.6,5229969.6,5229969.6,new_observed,14968935.3,14968935.3,14986618.120425774,new_observed,46897671220.665,27445790.275742505,1,
3501301,Álvares Machado,2022,ok,ok,6047630.54,6047630.54,6047630.54,new_observed,16645265.26,16645265.26,16637183.7688339,new_observed,50777650919.455,28823204.26365165,1,
3501301,Álvares Machado,2023,ok,ok,6170776.23,6170776.23,6170776.23,new_observed,16202906.12,16202906.12,16053746.025683286,new_observed,48945614200.0975,27429549.437704284,1,
3501301,Álvares Machado,2024,ok,ok,8886151.8,8886151.8,8886151.8,new_observed,17737581.89,17737581.89,17913955.813506097,new_observed,55712049158.33,28742400.449060906,1,
3501301,Álvares Machado,2025,ok,ok,6708046.1,6708046.1,6708046.1,new_observed,20046179.98,20046179.98,20174444.575434122,new_observed,59267888460.755,26882490.67543412,1,
3501400,Álvaro de Carvalho,2019,ok,ok,489353.84,489353.84,489353.84,new_observed,3727687.91,3727687.91,3682295.7318733744,new_observed,37092224874.8675,7264554.782020651,1,
3501400,Álvaro de Carvalho,2020,ok,ok,375444.84,375444.84,375444.84,new_observed,3470804.06,3470804.06,3517209.7018040796,new_observed,37158522668.0775,6635228.451622843,1,
3501400,Álvaro de Carvalho,2021,ok,ok,225141.48,225141.48,225141.48,new_observed,4349678.56,4349678.56,4354816.840268091,new_observed,46897671220.665,6217694.957627233,1,
3501400,Álvaro de Carvalho,2022,ok,ok,1239859.16,1239859.16,1239859.16,new_observed,4557747.81,4557747.81,4555534.964599912,new_observed,50777650919.455,7363596.91411098,1,
3501400,Álvaro de Carvalho,2023,ok,ok,491710.64,491710.64,491710.64,new_observed,4097295.57,4097295.57,4059576.8429310154,new_observed,48945614200.0975,5617208.036331885,1,
3501400,Álvaro de Carvalho,2024,ok,ok,441430.79,441430.79,441430.79,new_observed,5013722.0,5013722.0,5063576.02328191,new_observed,55712049158.33,5903972.946079429,1,
3501400,Álvaro de Carvalho,2025,ok,ok,599425.73,599425.73,599425.73,new_observed,5635203.84,5635203.84,5671260.442377488,new_observed,59267888460.755,6270686.172377488,4,
3501509,Alvinlândia,2019,ok,ok,183539.0,183539.0,183539.0,new_observed,2765351.41,2765351.41,2731677.6350445654,new_observed,37092224874.8675,5076589.148217643,1,
3501509,Alvinlândia,2020,ok,ok,299736.1,299736.1,299736.1,new_observed,2675985.01,2675985.01,2711763.6940456633,new_observed,37158522668.0775,5133255.186381713,1,
3501509,Alvinlândia,2021,ok,ok,369858.53,369858.53,369858.53,new_observed,3296575.09,3296575.09,3300469.3379320195,new_observed,46897671220.665,4982791.868713728,1,
3501509,Alvinlândia,2022,ok,ok,461784.94,461784.94,461784.94,new_observed,3549210.19,3549210.19,3547487.0026341584,new_observed,50777650919.455,5094159.58084658,1,
3501509,Alvinlândia,2023,ok,ok,450116.67,450116.67,450116.67,new_observed,3558919.17,3558919.17,3526156.6078317533,new_observed,48945614200.0975,4907524.364183697,1,
3501509,Alvinlândia,2024,ok,ok,471688.55,471688.55,471688.55,new_observed,4002767.55,4002767.55,4042569.131864685,new_observed,55712049158.33,4841420.93358668,1,
3501509,Alvinlândia,2025,ok,ok,504771.95,504771.95,504771.95,new_observed,4984353.38,4984353.38,5016245.54451335,new_observed,59267888460.755,5521017.494513351,1,
3501608,Americana,2019,ok,ok,94847248.2,94847248.2,94847248.2,new_observed,188270536.74,188270536.74,185977960.22983354,new_observed,37092224874.8675,489031994.57732815,1,
3501608,Americana,2020,ok,ok,94877108.31,94877108.31,94877108.31,new_observed,177535716.19,177535716.19,179909419.4329724,new_observed,37158522668.0775,468387668.9858565,1,
3501608,Americana,2021,ok,ok,119157825.77,119157825.77,119157825.77,new_observed,219605569.14,219605569.14,219864989.45051482,new_observed,46897671220.665,460253194.7482427,1,
3501608,Americana,2022,ok,ok,143804586.7,143804586.7,143804586.7,new_observed,240622610.43,240622610.43,240505785.0463141,new_observed,50777650919.455,488302711.8793867,1,
3501608,Americana,2023,ok,ok,155446300.83,155446300.83,155446300.83,new_observed,227725979.74,227725979.74,225629588.61332077,new_observed,48945614200.0975,470324618.39892685,1,
3501608,Americana,2024,ok,ok,166238233.73,166238233.73,166238233.73,new_observed,252236777.71,252236777.71,254744898.06220704,new_observed,55712049158.33,451493177.9666992,1,
3501608,Americana,2025,ok,ok,191343966.59,191343966.59,191343966.59,new_observed,278399419.86,278399419.86,280180746.22707164,new_observed,59267888460.755,471524712.8170717,1,
3501707,Américo Brasiliense,2019,ok,ok,8404606.99,8404606.99,8404606.99,new_observed,20948346.11,20948346.11,20693257.411310274,new_observed,37092224874.8675,50671329.49237648,2,
3501707,Américo Brasiliense,2020,ok,ok,6639231.02,6639231.02,6639231.02,new_observed,19028394.93,19028394.93,19282810.006150436,new_observed,37158522668.0775,44185442.682805836,1,
3501707,Américo Brasiliense,2021,ok,ok,9311609.57,9311609.57,9311609.57,new_observed,24576512.99,24576512.99,24605545.252962206,new_observed,46897671220.665,46045511.284794815,2,
3501707,Américo Brasiliense,2022,ok,ok,10276216.69,10276216.69,10276216.69,new_observed,30144235.44,30144235.44,30129600.024546303,new_observed,50777650919.455,51339415.555608526,1,
3501707,Américo Brasiliense,2023,ok,ok,11476676.7,11476676.7,11476676.7,new_observed,28787984.43,28787984.43,28522969.102443013,new_observed,48945614200.0975,49367642.1659953,1,
3501707,Américo Brasiliense,2024,ok,ok,14281755.88,14281755.88,14281755.88,new_observed,27389365.6,27389365.6,27661712.186088964,new_observed,55712049158.33,44983250.5437545,2,
3501707,Américo Brasiliense,2025,ok,ok,13190123.97,13190123.97,13190123.97,new_observed,27376543.15,27376543.15,27551710.749763288,new_observed,59267888460.755,40741834.71976329,1,
3501806,Américo de Campos,2019,ok,ok,494550.08,494550.08,494550.08,new_observed,6408212.08,6408212.08,6330179.071005813,new_observed,37092224874.8675,11884655.682541093,2,
3501806,Américo de Campos,2020,ok,ok,582430.35,582430.35,582430.35,new_observed,5950090.66,5950090.66,6029645.071916229,new_observed,37158522668.0775,11270620.213691395,1,
3501806,Américo de Campos,2021,ok,ok,531651.27,531651.27,531651.27,new_observed,7207694.82,7207694.82,7216209.278151601,new_observed,46897671220.665,10518399.970902199,1,
3501806,Américo de Campos,2022,ok,ok,1950899.91,1950899.91,1950899.91,new_observed,8047986.59,8047986.59,8044079.188614919,new_observed,50777650919.455,12699567.219208838,1,
3501806,Américo de Campos,2023,ok,ok,1607457.25,1607457.25,1607457.25,new_observed,8264281.65,8264281.65,8188202.641626786,new_observed,48945614200.0975,12089822.862383645,1,
3501806,Américo de Campos,2024,ok,ok,1066428.65,1066428.65,1066428.65,new_observed,9569572.3,9569572.3,9664727.492139118,new_observed,55712049158.33,11508878.679402096,1,
3501806,Américo de Campos,2025,ok,ok,932631.32,932631.32,932631.32,new_observed,11538227.87,11538227.87,11612054.710387984,new_observed,59267888460.755,12544686.030387985,1,
3501905,Amparo,2019,ok,ok,25480354.23,25480354.23,25480354.23,new_observed,92859704.9,92859704.9,91728949.22319049,new_observed,37092224874.8675,204109523.39791358,1,
3501905,Amparo,2020,ok,ok,20737264.91,20737264.91,20737264.91,new_observed,92915515.62,92915515.62,94157822.60747744,new_observed,37158522668.0775,195844543.98934248,2,
3501905,Amparo,2021,ok,ok,26130004.87,26130004.87,26130004.87,new_observed,120201797.89,120201797.89,120343792.41161063,new_observed,46897671220.665,198851021.5807103,1,
3501905,Amparo,2022,ok,ok,31938316.57,31938316.57,31938316.57,new_observed,130132105.43,130132105.43,130068924.61287084,new_observed,50777650919.455,205845537.95470765,1,
3501905,Amparo,2023,ok,ok,31836433.44,31836433.44,31836433.44,new_observed,118551620.87,118551620.87,117460262.88647497,new_observed,48945614200.0975,184262278.65149063,1,
3501905,Amparo,2024,ok,ok,38572672.79,38572672.79,38572672.79,new_observed,126715347.7,126715347.7,127975343.74573432,new_observed,55712049158.33,178618304.60913736,1,
3501905,Amparo,2025,ok,ok,45154123.65,45154123.65,45154123.65,new_observed,140635437.4,140635437.4,141535287.02221277,new_observed,59267888460.755,186689410.67221278,1,
3502002,Analândia,2019,ok,ok,677497.83,677497.83,677497.83,new_observed,10054531.51,10054531.51,9932097.149532927,new_observed,37092224874.8675,18475661.154169377,2,
3502002,Analândia,2020,ok,ok,573859.18,573859.18,573859.18,new_observed,10203255.24,10203255.24,10339675.677373534,new_observed,37158522668.0775,18602677.482873116,1,
3502002,Analândia,2021,ok,ok,663161.6,663161.6,663161.6,new_observed,13440390.35,13440390.35,13456267.498524474,new_observed,46897671220.665,19168362.89141862,1,
3502002,Analândia,2022,ok,ok,739814.53,739814.53,739814.53,new_observed,14416885.46,14416885.46,14409885.875994114,new_observed,50777650919.455,19249128.663356517,1,
3502002,Analândia,2023,ok,ok,1289619.07,1289619.07,1289619.07,new_observed,14881582.74,14881582.74,14744586.433989165,new_observed,48945614200.0975,19789448.22777965,1,
3502002,Analândia,2024,ok,ok,2029094.71,2029094.71,2029094.71,new_observed,17715836.1,17715836.1,17891993.793902438,new_observed,55712049158.33,21364835.970725432,4,
3502002,Analândia,2025,ok,ok,1238404.41,1238404.41,1238404.41,new_observed,21151336.66,21151336.66,21286672.55154106,new_observed,59267888460.755,22525076.96154106,5,
3502101,Andradina,2019,ok,ok,10655354.87,10655354.87,10655354.87,new_observed,58562304.04,58562304.04,57849188.9400588,new_observed,37092224874.8675,119294538.70738778,1,
3502101,Andradina,2020,ok,ok,10246025.16,10246025.16,10246025.16,new_observed,56554561.12,56554561.12,57310711.7583975,new_observed,37158522668.0775,115153907.97869353,1,
3502101,Andradina,2021,ok,ok,13259830.72,13259830.72,13259830.72,new_observed,71430014.9,71430014.9,71514395.25846727,new_observed,46897671220.665,115088444.16125894,1,
3502101,Andradina,2022,ok,ok,16159322.42,16159322.42,16159322.42,new_observed,75353946.08,75353946.08,75317360.76639496,new_observed,50777650919.455,116229786.54121263,1,
3502101,Andradina,2023,ok,ok,18869649.73,18869649.73,18869649.73,new_observed,71166926.56,71166926.56,70511780.78557517,new_observed,48945614200.0975,110314738.77971658,1,
3502101,Andradina,2024,ok,ok,25902800.01,25902800.01,25902800.01,new_observed,80711071.19,80711071.19,81513622.99127941,new_observed,55712049158.33,115201248.04098065,1,
3502101,Andradina,2025,ok,ok,24802442.49,24802442.49,24802442.49,new_observed,85236061.91,85236061.91,85781441.07990626,new_observed,59267888460.755,110583883.56990625,1,
3502200,Angatuba,2019,ok,ok,6193179.71,6193179.71,6193179.71,new_observed,30930649.44,30930649.44,30554005.905763607,new_observed,37092224874.8675,63991938.53450043,1,
3502200,Angatuba,2020,ok,ok,6304250.65,6304250.65,6304250.65,new_observed,30366194.12,30366194.12,30772198.81024629,new_observed,37158522668.0775,63198701.477826774,1,
3502200,Angatuba,2021,ok,ok,4206201.21,4206201.21,4206201.21,new_observed,40292474.84,40292474.84,40340072.38670767,new_observed,46897671220.665,60475471.90497565,1,
3502200,Angatuba,2022,ok,ok,6000198.33,6000198.33,6000198.33,new_observed,43631703.68,43631703.68,43610519.92459905,new_observed,50777650919.455,63035114.43608926,1,
3502200,Angatuba,2023,ok,ok,4560673.53,4560673.53,4560673.53,new_observed,44987326.54,44987326.54,44573183.92755343,new_observed,48945614200.0975,60641104.30326287,1,
3502200,Angatuba,2024,ok,ok,5022383.18,5022383.18,5022383.18,new_observed,47016387.07,47016387.07,47483895.25167005,new_observed,55712049158.33,56311582.86888372,1,
3502200,Angatuba,2025,ok,ok,4920924.85,4920924.85,4920924.85,new_observed,47932304.1,47932304.1,48238996.82648184,new_observed,59267888460.755,53159921.67648184,1,
3502309,Anhembi,2019,ok,ok,2805892.95,2805892.95,2805892.95,new_observed,13130432.56,13130432.56,12970542.851410322,new_observed,37092224874.8675,27473252.527515024,1,
3502309,Anhembi,2020,ok,ok,3134395.83,3134395.83,3134395.83,new_observed,13473218.45,13473218.45,13653359.229637908,new_observed,37158522668.0775,28615585.794818565,1,
3502309,Anhembi,2021,ok,ok,1579793.42,1579793.42,1579793.42,new_observed,18270039.64,18270039.64,18291622.058766007,new_observed,46897671220.665,26977188.695465423,1,
3502309,Anhembi,2022,ok,ok,2501158.88,2501158.88,2501158.88,new_observed,18488690.42,18488690.42,18479713.922120992,new_observed,50777650919.455,26658185.258749545,1,
3502309,Anhembi,2023,ok,ok,3444416.73,3444416.73,3444416.73,new_observed,16118507.7,16118507.7,15970124.557434665,new_observed,48945614200.0975,23961465.35468767,1,
3502309,Anhembi,2024,ok,ok,2458709.05,2458709.05,2458709.05,new_observed,17506593.19,17506593.19,17680670.273747604,new_observed,55712049158.33,21598947.051502645,1,
3502309,Anhembi,2025,ok,ok,2238223.74,2238223.74,2238223.74,new_observed,19530006.82,19530006.82,19654968.70431373,new_observed,59267888460.755,21893192.444313727,2,
3502408,Anhumas,2019,ok,ok,272964.73,272964.73,272964.73,new_observed,5722103.33,5722103.33,5652425.0897917645,new_observed,37092224874.8675,10318536.638583058,1,
3502408,Anhumas,2020,ok,ok,316130.44,316130.44,316130.44,new_observed,5587791.46,5587791.46,5662501.828112412,new_observed,37158522668.0775,10190884.01016565,1,
3502408,Anhumas,2021,ok,ok,416163.64,416163.64,416163.64,new_observed,6856401.7,6856401.7,6864501.175186327,new_observed,46897671220.665,9884140.803034246,1,
3502408,Anhumas,2022,ok,ok,709835.23,709835.23,709835.23,new_observed,7543991.17,7543991.17,7540328.464897666,new_observed,50777650919.455,10482614.058427451,1,
3502408,Anhumas,2023,ok,ok,2448469.9,2448469.9,2448469.9,new_observed,7469830.15,7469830.15,7401064.672902745,new_observed,48945614200.0975,12156315.100844318,1,
3502408,Anhumas,2024,ok,ok,3275653.13,3275653.13,3275653.13,new_observed,8218918.74,8218918.74,8300643.687297854,new_observed,55712049158.33,12415269.507062813,1,
3502408,Anhumas,2025,ok,ok,2946839.68,2946839.68,2946839.68,new_observed,9296162.14,9296162.14,9355643.222039906,new_observed,59267888460.755,12302482.902039906,1,
3502507,Aparecida,2019,ok,ok,11267917.66,11267917.66,11267917.66,new_observed,16156051.99,16156051.99,15959319.214226102,new_observed,37092224874.8675,47413798.888923556,1,
3502507,Aparecida,2020,ok,ok,10082225.4,10082225.4,10082225.4,new_observed,15601705.95,15601705.95,15810305.215568531,new_observed,37158522668.0775,44135140.68096897,1,
3502507,Aparecida,2021,ok,ok,6946893.44,6946893.44,6946893.44,new_observed,19607354.61,19607354.61,19630516.800472766,new_observed,46897671220.665,36081164.51795676,1,
3502507,Aparecida,2022,ok,ok,11343881.11,11343881.11,11343881.11,new_observed,19699895.96,19699895.96,19690331.40619524,new_observed,50777650919.455,39431905.1651894,1,
3502507,Aparecida,2023,ok,ok,16977917.39,16977917.39,16977917.39,new_observed,17198923.92,17198923.92,17040594.723061275,new_observed,48945614200.0975,41985715.106372625,1,
3502507,Aparecida,2024,ok,ok,21267084.71,21267084.71,21267084.71,new_observed,19351780.03,19351780.03,19544204.75800886,new_observed,55712049158.33,43769019.201285,1,
3502507,Aparecida,2025,ok,ok,27016173.57,27016173.57,27016173.57,new_observed,22261930.92,22261930.92,22404372.89976298,new_observed,59267888460.755,49420546.46976298,3,
3502606,Aparecida d'Oeste,2019,ok,ok,117708.41,117708.41,117708.41,new_observed,4301291.45,4301291.45,4248914.482725148,new_observed,37092224874.8675,7604083.389579156,1,
3502606,Aparecida d'Oeste,2020,ok,ok,109410.57,109410.57,109410.57,new_observed,4524659.06,4524659.06,4585155.044214086,new_observed,37158522668.0775,8002126.825517658,2,
3502606,Aparecida d'Oeste,2021,ok,ok,130104.1,130104.1,130104.1,new_observed,6139196.63,6139196.63,6146448.870015146,new_observed,46897671220.665,8520970.939896895,3,
3502606,Aparecida d'Oeste,2022,ok,ok,472424.48,472424.48,472424.48,new_observed,7034818.8,7034818.8,7031403.304656473,new_observed,50777650919.455,9534323.625130706,1,
3502606,Aparecida d'Oeste,2023,ok,ok,198515.02,198515.02,198515.02,new_observed,6734334.04,6734334.04,6672339.364901145,new_observed,48945614200.0975,8480022.106289318,2,
3502606,Aparecida d'Oeste,2024,ok,ok,183027.42,183027.42,183027.42,new_observed,7260734.7,7260734.7,7332931.92927948,new_observed,55712049158.33,8060665.893258799,3,
3502606,Aparecida d'Oeste,2025,ok,ok,165633.45,165633.45,165633.45,new_observed,7577876.81,7577876.81,7626363.5194006935,new_observed,59267888460.755,7791996.969400694,1,
3502705,Apiaí,2019,ok,ok,2966581.93,2966581.93,2966581.93,new_observed,15598884.86,15598884.86,15408936.726669857,new_observed,37092224874.8675,31999322.960742842,2,
3502705,Apiaí,2020,ok,ok,2999841.27,2999841.27,2999841.27,new_observed,14055091.25,14055091.25,14243011.835200408,new_observed,37158522668.0775,29391323.65384645,2,
3502705,Apiaí,2021,ok,ok,3076304.1,3076304.1,3076304.1,new_observed,18802064.67,18802064.67,18824275.570543703,new_observed,46897671220.665,29731956.988351412,2,
3502705,Apiaí,2022,ok,ok,5754090.73,5754090.73,5754090.73,new_observed,21265133.89,21265133.89,21254809.392973755,new_observed,50777650919.455,34317364.67324233,1,
3502705,Apiaí,2023,ok,ok,5788102.25,5788102.25,5788102.25,new_observed,21759448.0,21759448.0,21559135.704667162,new_observed,48945614200.0975,33752015.31139251,4,
3502705,Apiaí,2024,ok,ok,5227066.21,5227066.21,5227066.21,new_observed,26733110.72,26733110.72,26998931.825404875,new_observed,55712049158.33,34561523.1760288,1,
3502705,Apiaí,2025,ok,ok,7143560.71,7143560.71,7143560.71,new_observed,37863736.54,37863736.54,38106005.98254579,new_observed,59267888460.755,45249566.692545794,1,
3502754,Araçariguama,2019,ok,ok,17717943.11,17717943.11,17717943.11,new_observed,36789697.78,36789697.78,36341708.42167025,new_observed,37092224874.8675,94140050.18460973,1,
3502754,Araçariguama,2020,ok,ok,15179773.4,15179773.4,15179773.4,new_observed,34618759.51,34618759.51,35081622.21436212,new_observed,37158522668.0775,85673115.50953248,1,
3502754,Araçariguama,2021,ok,ok,20029511.91,20029511.91,20029511.91,new_observed,49259248.18,49259248.18,49317438.18633102,new_observed,46897671220.665,94144564.59847113,1,
3502754,Araçariguama,2022,ok,ok,26000109.26,26000109.26,26000109.26,new_observed,60639556.62,60639556.62,60610115.33243348,new_observed,50777650919.455,110046490.165728,1,
3502754,Araçariguama,2023,ok,ok,28370396.93,28370396.93,28370396.93,new_observed,65021403.09,65021403.09,64422831.54081735,new_observed,48945614200.0975,114525586.58144346,1,
3502754,Araçariguama,2024,ok,ok,32184474.95,32184474.95,32184474.95,new_observed,76599351.62,76599351.62,77361018.47329636,new_observed,55712049158.33,117484619.26979701,1,
3502754,Araçariguama,2025,ok,ok,30890871.61,30890871.61,30890871.61,new_observed,87630126.7,87630126.7,88190824.18751286,new_observed,59267888460.755,119081695.79751286,1,
3502804,Araçatuba,2019,ok,ok,61922379.91,61922379.91,61922379.91,new_observed,120484560.5,120484560.5,119017416.049132,new_observed,37092224874.8675,315090478.56157076,1,
3502804,Araçatuba,2020,ok,ok,65274170.79,65274170.79,65274170.79,new_observed,117907129.93,117907129.93,119483581.94028106,new_observed,37158522668.0775,314929024.5020566,1,
3502804,Araçatuba,2021,ok,ok,77783951.17,77783951.17,77783951.17,new_observed,149959255.7,149959255.7,150136402.74062657,new_observed,46897671220.665,309421862.85393184,1,
3502804,Araçatuba,2022,ok,ok,98063529.87,98063529.87,98063529.87,new_observed,166568327.22,166568327.22,166487456.1468177,new_observed,50777650919.455,336137074.0929445,1,
3502804,Araçatuba,2023,ok,ok,133939763.31,133939763.31,133939763.31,new_observed,163919241.43,163919241.43,162410239.93786377,new_observed,48945614200.0975,365755761.6507329,1,
3502804,Araçatuba,2024,ok,ok,128853091.23,128853091.23,128853091.23,new_observed,169520872.16,169520872.16,171206505.6090493,new_observed,55712049158.33,321805912.69661105,1,
3502804,Araçatuba,2025,ok,ok,138638236.26,138638236.26,138638236.26,new_observed,187129861.35,187129861.35,188327203.48618993,new_observed,59267888460.755,326965439.74618995,1,
3502903,Araçoiaba da Serra,2019,ok,ok,5497087.75,5497087.75,5497087.75,new_observed,17111254.89,17111254.89,16902890.577136435,new_observed,37092224874.8675,39007559.68830866,1,
3502903,Araçoiaba da Serra,2020,ok,ok,5618236.56,5618236.56,5618236.56,new_observed,16143141.65,16143141.65,16358980.065552166,new_observed,37158522668.0775,37461288.04272448,1,
3502903,Araçoiaba da Serra,2021,ok,ok,7439546.95,7439546.95,7439546.95,new_observed,19354839.54,19354839.54,19377703.434131168,new_observed,46897671220.665,36406768.54043488,1,
3502903,Araçoiaba da Serra,2022,ok,ok,10801826.19,10801826.19,10801826.19,new_observed,21996258.18,21996258.18,21985578.712692495,new_observed,50777650919.455,41659502.075683445,1,
3502903,Araçoiaba da Serra,2023,ok,ok,12708969.92,12708969.92,12708969.92,new_observed,21668355.04,21668355.04,21468881.32475919,new_observed,48945614200.0975,42182371.778673016,1,
3502903,Araçoiaba da Serra,2024,ok,ok,14089363.25,14089363.25,14089363.25,new_observed,24522808.13,24522808.13,24766651.056961413,new_observed,55712049158.33,41672038.75339285,3,
3502903,Araçoiaba da Serra,2025,ok,ok,17296798.42,17296798.42,17296798.42,new_observed,28302701.59,28302701.59,28483795.173553374,new_observed,59267888460.755,45780593.59355338,1,
3503000,Aramina,2019,ok,ok,1607805.04,1607805.04,1607805.04,new_observed,6394186.67,6394186.67,6316324.448884087,new_observed,37092224874.8675,13799163.084058557,1,
3503000,Aramina,2020,ok,ok,1683331.88,1683331.88,1683331.88,new_observed,5970129.64,5970129.64,6049951.978803463,new_observed,37158522668.0775,13181777.25080825,1,
3503000,Aramina,2021,ok,ok,2042892.71,2042892.71,2042892.71,new_observed,7322974.25,7322974.25,7331624.887874381,new_observed,46897671220.665,12726729.529512262,1,
3503000,Aramina,2022,ok,ok,2569953.87,2569953.87,2569953.87,new_observed,7854724.05,7854724.05,7850910.480073015,new_observed,50777650919.455,13240694.751862837,1,
3503000,Aramina,2023,ok,ok,2899713.15,2899713.15,2899713.15,new_observed,8302453.6,8302453.6,8226023.1897473885,new_observed,48945614200.0975,13731405.852106655,1,
3503000,Aramina,2024,ok,ok,3404087.33,3404087.33,3404087.33,new_observed,9841747.01,9841747.01,9939608.575633518,new_observed,55712049158.33,14310757.879081447,1,
3503000,Aramina,2025,ok,ok,3642212.29,3642212.29,3642212.29,new_observed,10998877.06,10998877.06,11069252.888099821,new_observed,59267888460.755,14711465.178099822,1,
3503109,Arandu,2019,ok,ok,734745.81,734745.81,734745.81,new_observed,8065579.61,8065579.61,7967364.782152033,new_observed,37092224874.8675,15153947.623530036,1,
3503109,Arandu,2020,ok,ok,465788.19,465788.19,465788.19,new_observed,8159146.95,8159146.95,8268237.07558564,new_observed,37158522668.0775,14887592.083254375,1,
3503109,Arandu,2021,ok,ok,767764.57,767764.57,767764.57,new_observed,10480519.11,10480519.11,10492899.759236356,new_observed,46897671220.665,15287339.08113979,1,
3503109,Arandu,2022,ok,ok,862728.2,862728.2,862728.2,new_observed,11450100.48,11450100.48,11444541.30840167,new_observed,50777650919.455,15637551.100884805,1,
3503109,Arandu,2023,ok,ok,934809.94,934809.94,934809.94,new_observed,11556159.69,11556159.69,11449776.436493905,new_observed,48945614200.0975,15285081.063674564,1,
3503109,Arandu,2024,ok,ok,1281797.52,1281797.52,1281797.52,new_observed,13857919.33,13857919.33,13995715.768038776,new_observed,55712049158.33,16384725.431824982,2,
3503109,Arandu,2025,ok,ok,1491605.0,1491605.0,1491605.0,new_observed,15061598.72,15061598.72,15157969.692840679,new_observed,59267888460.755,16649574.692840679,3,
3503158,Arapeí,2019,ok,ok,242176.96,242176.96,242176.96,new_observed,2437500.06,2437500.06,2407818.541702729,new_observed,37092224874.8675,4614730.255394548,1,
3503158,Arapeí,2020,ok,ok,302385.07,302385.07,302385.07,new_observed,2414191.89,2414191.89,2446470.3252435196,new_observed,37158522668.0775,4685564.396234253,1,
3503158,Arapeí,2021,ok,ok,980987.19,980987.19,980987.19,new_observed,3086692.12,3086692.12,3090338.4329390116,new_observed,46897671220.665,5527181.477739879,1,
3503158,Arapeí,2022,ok,ok,959972.34,959972.34,959972.34,new_observed,3352480.11,3352480.11,3350852.437627689,new_observed,50777650919.455,5477311.0072136475,1,
3503158,Arapeí,2023,ok,ok,613585.87,613585.87,613585.87,new_observed,3273682.62,3273682.62,3243545.877569613,new_observed,48945614200.0975,4760479.651284484,1,
3503158,Arapeí,2024,ok,ok,581980.22,581980.22,581980.22,new_observed,4020724.07,4020724.07,4060704.2028027195,new_observed,55712049158.33,4979155.187106935,1,
3503158,Arapeí,2025,ok,ok,719408.27,719408.27,719408.27,new_observed,5376688.63,5376688.63,5411091.134247206,new_observed,59267888460.755,6130499.404247206,1,
3503208,Araraquara,2019,ok,ok,83917397.71,83917397.71,83917397.71,new_observed,169676233.63,169676233.63,167610080.55958703,new_observed,37092224874.8675,438012616.7338553,1,
3503208,Araraquara,2020,ok,partial,,,81510774.42084664,imputed_temporal,175792975.14,175792975.14,178143377.4372764,new_observed,37158522668.0775,442593761.5292576,1,
3503208,Araraquara,2021,ok,ok,98746597.83,98746597.83,98746597.83,new_observed,235628690.88,235628690.88,235907039.3225904,new_observed,46897671220.665,454321652.46287113,1,
3503208,Araraquara,2022,ok,ok,126003217.5,126003217.5,126003217.5,new_observed,267585862.45,267585862.45,267455946.05937573,new_observed,50777650919.455,499927118.0395382,1,
3503208,Araraquara,2023,ok,ok,136236066.36,136236066.36,136236066.36,new_observed,267664182.29,267664182.29,265200129.58365855,new_observed,48945614200.0975,495453349.05476874,1,
3503208,Araraquara,2024,ok,ok,157967528.6,157967528.6,157967528.6,new_observed,280558714.03,280558714.03,283348453.99986553,new_observed,55712049158.33,473299618.02331346,1,
3503208,Araraquara,2025,ok,ok,157696816.65,157696816.65,157696816.65,new_observed,284043802.68,284043802.68,285861244.3807464,new_observed,59267888460.755,443558061.03074646,6,
3503307,Araras,2019,ok,ok,46703166.85,46703166.85,46703166.85,new_observed,101708990.84,101708990.84,100470477.11761904,new_observed,37092224874.8675,256289743.57792112,1,
3503307,Araras,2020,ok,ok,44393723.35,44393723.35,44393723.35,new_observed,100771774.86,100771774.86,102119122.27785294,new_observed,37158522668.0775,249738627.3038262,1,
3503307,Araras,2021,ok,ok,52078393.74,52078393.74,52078393.74,new_observed,128783337.76,128783337.76,128935469.66449438,new_observed,46897671220.665,245742189.56753913,1,
3503307,Araras,2022,ok,ok,60571604.15,60571604.15,60571604.15,new_observed,140640733.48,140640733.48,140572450.58829123,new_observed,50777650919.455,255572564.85380152,1,
3503307,Araras,2023,ok,ok,68816855.01,68816855.01,68816855.01,new_observed,135666731.72,135666731.72,134417816.10269496,new_observed,48945614200.0975,250832634.08803686,1,
3503307,Araras,2024,ok,ok,76389271.73,76389271.73,76389271.73,new_observed,144248983.14,144248983.14,145683325.1645186,new_observed,55712049158.33,238166935.77336338,1,
3503307,Araras,2025,ok,ok,85767872.46,85767872.46,85767872.46,new_observed,153605562.84,153605562.84,154588401.23583204,new_observed,59267888460.755,240356273.695832,1,
3503356,Arco-Íris,2019,ok,ok,101216.08,101216.08,101216.08,new_observed,4888014.42,4888014.42,4828492.907846866,new_observed,37092224874.8675,8584647.484076874,1,
3503356,Arco-Íris,2020,ok,ok,199621.1,199621.1,199621.1,new_observed,4695944.11,4695944.11,4758730.224264439,new_observed,37158522668.0775,8451763.038970716,1,
3503356,Arco-Íris,2021,ok,ok,330362.08,330362.08,330362.08,new_observed,5855871.39,5855871.39,5862788.937584417,new_observed,46897671220.665,8407745.477387784,1,
3503356,Arco-Íris,2022,ok,ok,335696.68,335696.68,335696.68,new_observed,6660769.7,6660769.7,6657535.810323318,new_observed,50777650919.455,8885563.963082567,1,
3503356,Arco-Íris,2023,ok,ok,704765.0,704765.0,704765.0,new_observed,7023154.3,7023154.3,6958500.814382642,new_observed,48945614200.0975,9458017.863854203,1,
3503356,Arco-Íris,2024,ok,ok,204864.4,204864.4,204864.4,new_observed,8129295.59,8129295.59,8210129.368101256,new_observed,55712049158.33,9024856.323234601,1,
3503356,Arco-Íris,2025,ok,ok,232451.0,232451.0,232451.0,new_observed,9135489.51,9135489.51,9193942.535327613,new_observed,59267888460.755,9426393.535327613,1,
3503406,Arealva,2019,ok,ok,557577.74,557577.74,557577.74,new_observed,10104294.75,10104294.75,9981254.420924831,new_observed,37092224874.8675,18352434.03179202,1,
3503406,Arealva,2020,ok,ok,576983.26,576983.26,576983.26,new_observed,8772121.27,8772121.27,8889407.037355466,new_observed,37158522668.0775,16135945.67938949,1,
3503406,Arealva,2021,ok,ok,749195.91,749195.91,749195.91,new_observed,11187255.58,11187255.58,11200471.097838359,new_observed,46897671220.665,16222720.624150112,1,
3503406,Arealva,2022,ok,ok,1653351.58,1653351.58,1653351.58,new_observed,12853181.96,12853181.96,12846941.574230025,new_observed,50777650919.455,18423995.267373465,1,
3503406,Arealva,2023,ok,ok,1333104.46,1333104.46,1333104.46,new_observed,12754607.69,12754607.69,12637191.809668215,new_observed,48945614200.0975,17242167.35818687,1,
3503406,Arealva,2024,ok,ok,1016484.07,1016484.07,1016484.07,new_observed,14625335.93,14625335.93,14770763.187027806,new_observed,55712049158.33,16931401.515013114,2,
3503406,Arealva,2025,ok,ok,1272305.11,1272305.11,1272305.11,new_observed,15909154.9,15909154.9,16010948.923548784,new_observed,59267888460.755,17283254.033548784,1,
3503505,Areias,2019,ok,ok,346108.65,346108.65,346108.65,new_observed,3740830.02,3740830.02,3695277.8099682145,new_observed,37092224874.8675,7037713.218220132,1,
3503505,Areias,2020,ok,ok,496328.87,496328.87,496328.87,new_observed,3674079.67,3674079.67,3723203.1647805353,new_observed,37158522668.0775,7192407.830964152,2,
3503505,Areias,2021,ok,ok,749862.38,749862.38,749862.38,new_observed,4625852.13,4625852.13,4631316.654422854,new_observed,46897671220.665,7305422.322372104,1,
3503505,Areias,2022,ok,ok,1476336.06,1476336.06,1476336.06,new_observed,5043940.46,5043940.46,5041491.561791825,new_observed,50777650919.455,8281517.068668202,3,
3503505,Areias,2023,ok,ok,898477.87,898477.87,898477.87,new_observed,4861716.31,4861716.31,4816960.507678489,new_observed,48945614200.0975,7054005.379062516,2,
3503505,Areias,2024,ok,ok,908441.4,908441.4,908441.4,new_observed,6029575.32,6029575.32,6089530.4966897555,new_observed,55712049158.33,7505138.169093251,1,
3503505,Areias,2025,ok,ok,927950.42,927950.42,927950.42,new_observed,8169772.84,8169772.84,8222046.769953576,new_observed,59267888460.755,9149997.189953577,2,
3503604,Areiópolis,2019,ok,ok,725687.15,725687.15,725687.15,new_observed,5320239.43,5320239.43,5255454.699702431,new_observed,37092224874.8675,10415623.814415285,4,
3503604,Areiópolis,2020,ok,ok,540049.56,540049.56,540049.56,new_observed,4753736.82,4753736.82,4817295.6393070705,new_observed,37158522668.0775,9131868.474291252,1,
3503604,Areiópolis,2021,ok,ok,676564.36,676564.36,676564.36,new_observed,5738904.7,5738904.7,5745684.074699464,new_observed,46897671220.665,8718765.306738168,1,
3503604,Areiópolis,2022,ok,ok,925721.51,925721.51,925721.51,new_observed,6624225.39,6624225.39,6621009.243057591,new_observed,50777650919.455,9588835.908321884,1,
3503604,Areiópolis,2023,ok,ok,1238332.43,1238332.43,1238332.43,new_observed,6460248.71,6460248.71,6400777.199163829,new_observed,48945614200.0975,9428204.252157047,1,
3503604,Areiópolis,2024,ok,ok,1026056.21,1026056.21,1026056.21,new_observed,7247890.96,7247890.96,7319960.477349503,new_observed,55712049158.33,8950880.244281285,1,
3503604,Areiópolis,2025,ok,ok,1328059.12,1328059.12,1328059.12,new_observed,8626967.43,8626967.43,8682166.69930399,new_observed,59267888460.755,10010225.81930399,1,
3503703,Ariranha,2019,ok,ok,1061868.93,1061868.93,1061868.93,new_observed,23362503.85,23362503.85,23078017.87321039,new_observed,37092224874.8675,42037454.75077077,1,
3503703,Ariranha,2020,ok,ok,1261177.86,1261177.86,1261177.86,new_observed,20636580.45,20636580.45,20912497.425971203,new_observed,37158522668.0775,37796161.861909054,1,
3503703,Ariranha,2021,ok,ok,1656846.4,1656846.4,1656846.4,new_observed,26991380.4,26991380.4,27023265.348601315,new_observed,46897671220.665,38935766.16501296,1,
3503703,Ariranha,2022,ok,ok,2630492.14,2630492.14,2630492.14,new_observed,31226973.11,31226973.11,31211812.01142989,new_observed,50777650919.455,42999851.44376666,1,
3503703,Ariranha,2023,ok,ok,3519864.67,3519864.67,3519864.67,new_observed,29862201.54,29862201.54,29587297.22559969,new_observed,48945614200.0975,40860924.86083506,1,
3503703,Ariranha,2024,ok,ok,2960644.63,2960644.63,2960644.63,new_observed,27024482.77,27024482.77,27293201.137950424,new_observed,55712049158.33,32446442.481758278,1,
3503703,Ariranha,2025,ok,ok,3533719.02,3533719.02,3533719.02,new_observed,28983378.64,28983378.64,29168827.50553361,new_observed,59267888460.755,32702546.52553361,1,
3503802,Artur Nogueira,2019,ok,ok,6304799.14,6304799.14,6304799.14,new_observed,25471727.57,25471727.57,25161557.506688472,new_observed,37092224874.8675,54795846.993402876,4,
3503802,Artur Nogueira,2020,ok,ok,6367781.24,6367781.24,6367781.24,new_observed,25014293.82,25014293.82,25348742.07433128,new_observed,37158522668.0775,54062433.6482418,2,
3503802,Artur Nogueira,2021,ok,ok,7191243.21,7191243.21,7191243.21,new_observed,31574173.3,31574173.3,31611471.90710643,new_observed,46897671220.665,52678087.71494587,1,
3503802,Artur Nogueira,2022,ok,ok,9443312.37,9443312.37,9443312.37,new_observed,34571155.96,34571155.96,34554371.21748442,new_observed,50777650919.455,55903222.477590814,2,
3503802,Artur Nogueira,2023,ok,ok,10605367.36,10605367.36,10605367.36,new_observed,33677720.13,33677720.13,33367691.060291197,new_observed,48945614200.0975,54271635.897954784,1,
3503802,Artur Nogueira,2024,ok,ok,12330669.02,12330669.02,12330669.02,new_observed,39795379.68,39795379.68,40191085.661520146,new_observed,55712049158.33,56328180.73397652,1,
3503802,Artur Nogueira,2025,ok,ok,13157579.37,13157579.37,13157579.37,new_observed,45500993.92,45500993.92,45792130.01589568,new_observed,59267888460.755,58949709.38589568,1,
3503901,Arujá,2019,ok,ok,40014358.69,40014358.69,40014358.69,new_observed,81772301.54,81772301.54,80776557.53810264,new_observed,37092224874.8675,210346581.84758818,2,
3503901,Arujá,2020,ok,ok,38603452.04,38603452.04,38603452.04,new_observed,81758937.32,81758937.32,82852077.66845116,new_observed,37158522668.0775,207027152.7241524,1,
3503901,Arujá,2021,ok,ok,40504557.22,40504557.22,40504557.22,new_observed,106293525.68,106293525.68,106419090.34370871,new_observed,46897671220.665,199461732.77830145,2,
3503901,Arujá,2022,ok,ok,46015133.2,46015133.2,46015133.2,new_observed,133937550.41,133937550.41,133872522.00020659,new_observed,50777650919.455,228564296.79152268,1,
3503901,Arujá,2023,ok,ok,53413442.45,53413442.45,53413442.45,new_observed,150083429.54,150083429.54,148701797.23652512,new_observed,48945614200.0975,249451029.60210043,1,
3503901,Arujá,2024,ok,ok,56463648.9,56463648.9,56463648.9,new_observed,160016111.11,160016111.11,161607233.8185903,new_observed,55712049158.33,233875204.07638878,1,
3503901,Arujá,2025,ok,ok,74004378.63,74004378.63,74004378.63,new_observed,176541687.47,176541687.47,177671281.6442112,new_observed,59267888460.755,251675660.2742112,1,
3503950,Aspásia,2019,ok,ok,41986.03,41986.03,41986.03,new_observed,2403143.72,2403143.72,2373880.559983441,new_observed,37092224874.8675,4207015.68686816,1,
3503950,Aspásia,2020,ok,ok,52021.78,52021.78,52021.78,new_observed,2240402.73,2240402.73,2270357.554527105,new_observed,37158522668.0775,3958614.172007546,1,
3503950,Aspásia,2021,ok,ok,46016.35,46016.35,46016.35,new_observed,2895123.73,2895123.73,2898543.742980348,new_observed,46897671220.665,3997498.4841090413,1,
3503950,Aspásia,2022,ok,ok,167763.39,167763.39,167763.39,new_observed,3172946.92,3172946.92,3171406.4133091215,new_observed,50777650919.455,4242731.370929338,1,
3503950,Aspásia,2023,ok,ok,144616.72,144616.72,144616.72,new_observed,3680148.61,3680148.61,3646270.038483156,new_observed,48945614200.0975,4678719.954394599,1,
3503950,Aspásia,2024,ok,ok,140116.36,140116.36,140116.36,new_observed,4267446.87,4267446.87,4309880.294831153,new_observed,55712049158.33,4772502.69643248,1,
3503950,Aspásia,2025,ok,ok,189765.57,189765.57,189765.57,new_observed,4300949.92,4300949.92,4328469.357719387,new_observed,59267888460.755,4518234.927719387,1,
3504008,Assis,2019,ok,ok,27167911.73,27167911.73,27167911.73,new_observed,49685033.52,49685033.52,49080017.23478014,new_observed,37092224874.8675,132778951.69212878,1,
3504008,Assis,2020,ok,ok,27722486.06,27722486.06,27722486.06,new_observed,48132702.03,48132702.03,48776250.00644978,new_observed,37158522668.0775,130396002.16515729,1,
3504008,Assis,2021,ok,ok,34006255.77,34006255.77,34006255.77,new_observed,61323435.71,61323435.71,61395877.15488697,new_observed,46897671220.665,129516759.61960073,1,
3504008,Assis,2022,ok,ok,42388521.32,42388521.32,42388521.32,new_observed,71134182.49,71134182.49,71099645.92609301,new_observed,50777650919.455,144197460.97581118,1,
3504008,Assis,2023,ok,ok,49933275.25,49933275.25,49933275.25,new_observed,67908503.4,67908503.4,67283353.8930515,new_observed,48945614200.0975,144668996.12108353,1,
3504008,Assis,2024,ok,ok,51273684.28,51273684.28,51273684.28,new_observed,67867341.32,67867341.32,68542181.29203047,new_observed,55712049158.33,128499319.4089499,2,
3504008,Assis,2025,ok,ok,56180067.25,56180067.25,56180067.25,new_observed,72251065.46,72251065.46,72713360.70478764,new_observed,59267888460.755,128893427.95478764,1,
3504107,Atibaia,2019,ok,ok,67441128.3,67441128.3,67441128.3,new_observed,114316037.53,114316037.53,112924007.38596044,new_observed,37092224874.8675,314089759.0707361,4,
3504107,Atibaia,2020,ok,ok,63769852.64,63769852.64,63769852.64,new_observed,119358910.08,119358910.08,120954772.80562383,new_observed,37158522668.0775,314872557.3536564,5,
3504107,Atibaia,2021,ok,ok,73838449.65,73838449.65,73838449.65,new_observed,150838431.7,150838431.7,151016617.312243,new_observed,46897671220.665,305260467.079149,1,
3504107,Atibaia,2022,ok,ok,91267641.69,91267641.69,91267641.69,new_observed,157836701.57,157836701.57,157760069.81379184,new_observed,50777650919.455,316413284.15848404,1,
3504107,Atibaia,2023,ok,ok,110969474.48,110969474.48,110969474.48,new_observed,150625266.22,150625266.22,149238645.89711094,new_observed,48945614200.0975,321149378.1447153,1,
3504107,Atibaia,2024,ok,ok,124156559.4,124156559.4,124156559.4,new_observed,162909573.42,162909573.42,164529467.31641603,new_observed,55712049158.33,309608062.16128504,1,
3504107,Atibaia,2025,ok,ok,139630889.16,139630889.16,139630889.16,new_observed,178187059.82,178187059.82,179327181.8363747,new_observed,59267888460.755,318958070.9963747,1,
3504206,Auriflama,2019,ok,ok,1615500.57,1615500.57,1615500.57,new_observed,11812811.98,11812811.98,11668966.980493994,new_observed,37092224874.8675,23133712.601655852,1,
3504206,Auriflama,2020,ok,ok,1970262.57,1970262.57,1970262.57,new_observed,11753458.87,11753458.87,11910605.972761024,new_observed,37158522668.0775,23660649.281628463,1,
3504206,Auriflama,2021,ok,ok,1377109.25,1377109.25,1377109.25,new_observed,17295955.37,17295955.37,17316387.101901464,new_observed,46897671220.665,25378060.209254734,1,
3504206,Auriflama,2022,ok,ok,2504479.38,2504479.38,2504479.38,new_observed,20436034.23,20436034.23,20426112.27156196,new_observed,50777650919.455,29135487.646551974,1,
3504206,Auriflama,2023,ok,ok,2123140.83,2123140.83,2123140.83,new_observed,17825525.54,17825525.54,17661427.997799873,new_observed,48945614200.0975,24418154.07874625,1,
3504206,Auriflama,2024,ok,ok,2084142.39,2084142.39,2084142.39,new_observed,18802378.98,18802378.98,18989340.730057985,new_observed,55712049158.33,22600748.45326308,1,
3504206,Auriflama,2025,ok,ok,2989574.19,2989574.19,2989574.19,new_observed,21895126.29,21895126.29,22035221.286571305,new_observed,59267888460.755,25024795.476571307,1,
3504305,Avaí,2019,ok,ok,1305310.86,1305310.86,1305310.86,new_observed,8515807.98,8515807.98,8412110.706501506,new_observed,37092224874.8675,16922020.916089997,1,
3504305,Avaí,2020,ok,ok,1424212.3,1424212.3,1424212.3,new_observed,8646276.26,8646276.26,8761879.443620997,new_observed,37158522668.0775,17362713.547344703,5,
3504305,Avaí,2021,ok,ok,1722613.95,1722613.95,1722613.95,new_observed,10992262.52,10992262.52,11005247.6923131,new_observed,46897671220.665,17279188.066968,2,
3504305,Avaí,2022,ok,ok,1908490.11,1908490.11,1908490.11,new_observed,12308442.45,12308442.45,12302466.542294452,new_observed,50777650919.455,18056365.848737586,1,
3504305,Avaí,2023,ok,ok,4706803.7,4706803.7,4706803.7,new_observed,12625260.82,12625260.82,12509035.676143873,new_observed,48945614200.0975,21247823.09589386,1,
3504305,Avaí,2024,ok,ok,4035374.99,4035374.99,4035374.99,new_observed,14598284.78,14598284.78,14743443.053493835,new_observed,55712049158.33,20139781.375136737,1,
3504305,Avaí,2025,ok,ok,3187628.22,3187628.22,3187628.22,new_observed,19484169.11,19484169.11,19608837.703754894,new_observed,59267888460.755,22796465.923754893,1,
3504404,Avanhandava,2019,ok,ok,1722324.92,1722324.92,1722324.92,new_observed,9815996.43,9815996.43,9696466.719037453,new_observed,37092224874.8675,19884804.79414173,1,
3504404,Avanhandava,2020,ok,ok,1463059.34,1463059.34,1463059.34,new_observed,9052632.41,9052632.41,9173668.691432282,new_observed,37158522668.0775,18130846.11243828,1,
3504404,Avanhandava,2021,ok,ok,1693621.42,1693621.42,1693621.42,new_observed,11216737.39,11216737.39,11229987.7347343,new_observed,46897671220.665,17544932.476816285,1,
3504404,Avanhandava,2022,ok,ok,2766142.77,2766142.77,2766142.77,new_observed,13310719.19,13310719.19,13304256.663998272,new_observed,50777650919.455,20418963.945595313,1,
3504404,Avanhandava,2023,ok,ok,3094895.89,3094895.89,3094895.89,new_observed,14149752.98,14149752.98,14019493.724442765,new_observed,48945614200.0975,21122613.598834265,1,
3504404,Avanhandava,2024,ok,ok,4050908.01,4050908.01,4050908.01,new_observed,15422780.62,15422780.62,15576137.280800354,new_observed,55712049158.33,21049482.469083168,1,
3504404,Avanhandava,2025,ok,ok,3274086.58,3274086.58,3274086.58,new_observed,17700117.76,17700117.76,17813371.18014727,new_observed,59267888460.755,21087457.760147274,1,
3504503,Avaré,2019,ok,ok,21151329.88,21151329.88,21151329.88,new_observed,55733731.4,55733731.4,55055059.92200862,new_observed,37092224874.8675,132706614.95378248,1,
3504503,Avaré,2020,ok,ok,20016674.99,20016674.99,20016674.99,new_observed,56142409.98,56142409.98,56893050.03991444,new_observed,37158522668.0775,131096553.84124306,1,
3504503,Avaré,2021,ok,ok,22961152.12,22961152.12,22961152.12,new_observed,68784205.17,68784205.17,68865460.03040084,new_observed,46897671220.665,124662676.69224508,1,
3504503,Avaré,2022,ok,ok,30305323.1,30305323.1,30305323.1,new_observed,75355529.67,75355529.67,75318943.58754158,new_observed,50777650919.455,134205630.80156526,1,
3504503,Avaré,2023,ok,ok,35084925.02,35084925.02,35084925.02,new_observed,74732357.96,74732357.96,74044389.6733687,new_observed,48945614200.0975,134687616.59068182,1,
3504503,Avaré,2024,ok,ok,37050692.33,37050692.33,37050692.33,new_observed,83430202.13,83430202.13,84259791.65239543,new_observed,55712049158.33,130102257.78101818,1,
3504503,Avaré,2025,ok,ok,41593040.66,41593040.66,41593040.66,new_observed,95398031.38,95398031.38,96008431.46182983,new_observed,59267888460.755,137601472.1218298,1,
3504602,Bady Bassitt,2019,ok,ok,3241252.68,3241252.68,3241252.68,new_observed,9362555.87,9362555.87,9248547.719631122,new_observed,37092224874.8675,21749870.802038163,1,
3504602,Bady Bassitt,2020,ok,ok,2890348.24,2890348.24,2890348.24,new_observed,8565382.6,8565382.6,8679904.2122775,new_observed,37158522668.0775,19722086.159803543,1,
3504602,Bady Bassitt,2021,ok,ok,4734800.93,4734800.93,4734800.93,new_observed,11308601.51,11308601.51,11321960.373924542,new_observed,46897671220.665,21798461.211627733,1,
3504602,Bady Bassitt,2022,ok,ok,8375247.38,8375247.38,8375247.38,new_observed,12527799.56,12527799.56,12521717.151585752,new_observed,50777650919.455,26551571.857020926,1,
3504602,Bady Bassitt,2023,ok,ok,10767898.36,10767898.36,10767898.36,new_observed,11735306.64,11735306.64,11627274.202343812,new_observed,48945614200.0975,27640166.38457284,2,
3504602,Bady Bassitt,2024,ok,ok,11077210.25,11077210.25,11077210.25,new_observed,15080211.98,15080211.98,15230162.304159787,new_observed,55712049158.33,28213955.242972024,2,
3504602,Bady Bassitt,2025,ok,ok,12730064.01,12730064.01,12730064.01,new_observed,17305161.5,17305161.5,17415887.809996925,new_observed,59267888460.755,30145951.819996923,1,
3504701,Balbinos,2019,ok,ok,82211.19,82211.19,82211.19,new_observed,3272542.38,3272542.38,3232692.5239427392,new_observed,37092224874.8675,5772608.463909514,2,
3504701,Balbinos,2020,ok,ok,131093.86,131093.86,131093.86,new_observed,3139674.87,3139674.87,3181653.2199384547,new_observed,37158522668.0775,5646746.568898186,1,
3504701,Balbinos,2021,ok,ok,86421.0,86421.0,86421.0,new_observed,3773707.98,3773707.98,3778165.865561818,new_observed,46897671220.665,5246515.489230392,1,
3504701,Balbinos,2022,ok,ok,436678.34,436678.34,436678.34,new_observed,4035078.84,4035078.84,4033119.7571322527,new_observed,50777650919.455,5679301.6604396,1,
3504701,Balbinos,2023,ok,ok,340177.83,340177.83,340177.83,new_observed,4349394.52,4349394.52,4309355.030045601,new_observed,48945614200.0975,5738462.675580712,1,
3504701,Balbinos,2024,ok,ok,237558.93,237558.93,237558.93,new_observed,5202357.07,5202357.07,5254086.789056739,new_observed,55712049158.33,5889643.528966791,1,
3504701,Balbinos,2025,ok,ok,221561.42,221561.42,221561.42,new_observed,6438271.57,6438271.57,6479466.565707161,new_observed,59267888460.755,6701027.985707161,1,
3504800,Bálsamo,2019,ok,ok,1235507.72,1235507.72,1235507.72,new_observed,6393199.42,6393199.42,6315349.220659766,new_observed,37092224874.8675,13149142.31206397,1,
3504800,Bálsamo,2020,ok,ok,1356163.82,1356163.82,1356163.82,new_observed,6804391.2,6804391.2,6895367.854188318,new_observed,37158522668.0775,14065157.117350245,1,
3504800,Bálsamo,2021,ok,ok,1970269.79,1970269.79,1970269.79,new_observed,10508822.92,10508822.92,10521237.004559549,new_observed,46897671220.665,16958315.63924644,1,
3504800,Bálsamo,2022,ok,ok,1887408.97,1887408.97,1887408.97,new_observed,12275832.11,12275832.11,12269872.035035506,new_observed,50777650919.455,17988165.857154414,1,
3504800,Bálsamo,2023,ok,ok,2875244.5,2875244.5,2875244.5,new_observed,10514564.18,10514564.18,10417769.606657872,new_observed,48945614200.0975,16406264.369594313,1,
3504800,Bálsamo,2024,ok,ok,3308237.3,3308237.3,3308237.3,new_observed,11982302.76,11982302.76,12101448.975280372,new_observed,55712049158.33,16526477.434564406,2,
3504800,Bálsamo,2025,ok,ok,4662678.94,4662678.94,4662678.94,new_observed,12539599.31,12539599.31,12619833.381229924,new_observed,59267888460.755,17282512.321229924,1,
3504909,Bananal,2019,ok,ok,1492281.54,1492281.54,1492281.54,new_observed,6452955.75,6452955.75,6374377.895866489,new_observed,37092224874.8675,13699084.124577671,1,
3504909,Bananal,2020,ok,ok,1145582.39,1145582.39,1145582.39,new_observed,6356759.45,6356759.45,6441751.139813627,new_observed,37158522668.0775,12932997.461839806,1,
3504909,Bananal,2021,ok,ok,1349819.92,1349819.92,1349819.92,new_observed,8134817.1,8134817.1,8144426.768763537,new_observed,46897671220.665,12889272.267381374,1,
3504909,Bananal,2022,ok,ok,2994871.33,2994871.33,2994871.33,new_observed,8719331.47,8719331.47,8715098.122008942,new_observed,50777650919.455,14878624.829868605,1,
3504909,Bananal,2023,ok,ok,2748041.74,2748041.74,2748041.74,new_observed,8805469.94,8805469.94,8724408.88113648,new_observed,48945614200.0975,14159321.305708285,1,
3504909,Bananal,2024,ok,ok,3558735.55,3558735.55,3558735.55,new_observed,11813934.62,11813934.62,11931406.664041622,new_observed,55712049158.33,16612764.282502865,1,
3504909,Bananal,2025,ok,ok,3047281.77,3047281.77,3047281.77,new_observed,15794245.16,15794245.16,15895303.938662862,new_observed,59267888460.755,18942585.708662864,1,
3505005,Barão de Antonina,2019,ok,ok,197978.97,197978.97,197978.97,new_observed,4070657.32,4070657.32,4021088.7921019946,new_observed,37092224874.8675,7347129.321095705,1,
3505005,Barão de Antonina,2020,ok,ok,122317.62,122317.62,122317.62,new_observed,4093942.98,4093942.98,4148680.167179678,new_observed,37158522668.0775,7280133.834115899,1,
3505005,Barão de Antonina,2021,ok,ok,154740.28,154740.28,154740.28,new_observed,5726275.89,5726275.89,5733040.346271737,new_observed,46897671220.665,7993178.398497344,1,
3505005,Barão de Antonina,2022,ok,ok,608129.95,608129.95,608129.95,new_observed,6999932.99,6999932.99,6996534.432167587,new_observed,50777650919.455,9662446.06897115,1,
3505005,Barão de Antonina,2023,ok,ok,297537.92,297537.92,297537.92,new_observed,6481840.79,6481840.79,6422170.507618439,new_observed,48945614200.0975,8293477.466098687,1,
3505005,Barão de Antonina,2024,ok,ok,337327.97,337327.97,337327.97,new_observed,6618307.4,6618307.4,6684116.643353827,new_observed,55712049158.33,7530312.031516328,1,
3505005,Barão de Antonina,2025,ok,ok,481980.34,481980.34,481980.34,new_observed,8008239.4,8008239.4,8059479.7653865935,new_observed,59267888460.755,8541460.105386594,1,
3505104,Barbosa,2019,ok,ok,431545.83,431545.83,431545.83,new_observed,6616497.05,6616497.05,6535927.748084408,new_observed,37092224874.8675,12133232.340880813,1,
3505104,Barbosa,2020,ok,ok,710519.94,710519.94,710519.94,new_observed,6365655.53,6365655.53,6450766.162944614,new_observed,37158522668.0775,12206777.865894923,1,
3505104,Barbosa,2021,ok,ok,403616.92,403616.92,403616.92,new_observed,7528674.89,7528674.89,7537568.522276165,new_observed,46897671220.665,10780855.464015018,1,
3505104,Barbosa,2022,ok,ok,990239.66,990239.66,990239.66,new_observed,7861022.7,7861022.7,7857206.0719971275,new_observed,50777650919.455,11241517.43422558,1,
3505104,Barbosa,2023,ok,ok,1115186.91,1115186.91,1115186.91,new_observed,7866768.35,7866768.35,7794348.754381573,new_observed,48945614200.0975,10996166.583992574,1,
3505104,Barbosa,2024,ok,ok,1695315.91,1695315.91,1695315.91,new_observed,8600617.33,8600617.33,8686137.703209488,new_observed,55712049158.33,11133832.046399796,1,
3505104,Barbosa,2025,ok,ok,1273477.59,1273477.59,1273477.59,new_observed,10172439.74,10172439.74,10237527.645482782,new_observed,59267888460.755,11511005.235482782,1,
3505203,Bariri,2019,ok,ok,3299193.1,3299193.1,3299193.1,new_observed,26534774.46,26534774.46,26211659.639790133,new_observed,37092224874.8675,51390511.762491114,1,
3505203,Bariri,2020,ok,ok,3507100.08,3507100.08,3507100.08,new_observed,25064024.46,25064024.46,25399137.62719488,new_observed,37158522668.0775,49272158.31879642,1,
3505203,Bariri,2021,ok,ok,4639949.45,4639949.45,4639949.45,new_observed,32730090.4,32730090.4,32768754.493301447,new_observed,46897671220.665,50785595.32961431,1,
3505203,Bariri,2022,ok,ok,5387632.19,5387632.19,5387632.19,new_observed,37008066.72,37008066.72,36990098.82585109,new_observed,50777650919.455,53844919.36635783,1,
3505203,Bariri,2023,ok,ok,6235403.61,6235403.61,6235403.61,new_observed,36686874.14,36686874.14,36349143.51523551,new_observed,48945614200.0975,52557932.5042721,1,
3505203,Bariri,2024,ok,ok,7365137.93,7365137.93,7365137.93,new_observed,39372487.46,39372487.46,39763988.40610303,new_observed,55712049158.33,50544730.69667802,1,
3505203,Bariri,2025,ok,ok,8570761.79,8570761.79,8570761.79,new_observed,42297112.07,42297112.07,42567748.269670114,new_observed,59267888460.755,51138510.05967011,1,
3505302,Barra Bonita,2019,ok,partial,,,8557905.14606733,imputed_temporal,38870997.91,38870997.91,38397664.491620995,new_observed,37092224874.8675,81768926.67443986,1,
3505302,Barra Bonita,2020,ok,ok,8632329.14,8632329.14,8632329.14,new_observed,32833610.97,32833610.97,33272605.72841005,new_observed,37158522668.0775,71429101.4309769,1,
3505302,Barra Bonita,2021,ok,ok,13585828.06,13585828.06,13585828.06,new_observed,42815874.86,42815874.86,42866453.302043356,new_observed,46897671220.665,76638921.27969946,1,
3505302,Barra Bonita,2022,ok,ok,23081271.65,23081271.65,23081271.65,new_observed,53285931.96,53285931.96,53260060.95213767,new_observed,50777650919.455,96998890.6849418,1,
3505302,Barra Bonita,2023,ok,ok,19157217.93,19157217.93,19157217.93,new_observed,55384846.44,55384846.44,54874986.73597382,new_observed,48945614200.0975,91370693.79965118,5,
3505302,Barra Bonita,2024,ok,ok,22200271.4,22200271.4,22200271.4,new_observed,55947972.35,55947972.35,56504291.88987727,new_observed,55712049158.33,84408544.4681603,2,
3505302,Barra Bonita,2025,ok,ok,21375497.79,21375497.79,21375497.79,new_observed,49963753.22,49963753.22,50283444.08377192,new_observed,59267888460.755,71658941.87377192,2,
3505351,Barra do Chapéu,2019,ok,ok,568454.46,568454.46,568454.46,new_observed,4051764.9,4051764.9,4002426.42572091,new_observed,37092224874.8675,7959780.423622442,1,
3505351,Barra do Chapéu,2020,ok,ok,521830.58,521830.58,521830.58,new_observed,4319860.17,4319860.17,4377617.934548867,new_observed,37158522668.0775,8351360.191836957,1,
3505351,Barra do Chapéu,2021,ok,ok,378821.69,378821.69,378821.69,new_observed,5491477.32,5491477.32,5497964.408451894,new_observed,46897671220.665,7978252.363060646,1,
3505351,Barra do Chapéu,2022,ok,ok,1226665.34,1226665.34,1226665.34,new_observed,6195025.69,6195025.69,6192017.925052704,new_observed,50777650919.455,9426139.451918663,1,
3505351,Barra do Chapéu,2023,ok,partial,,,1202436.4298521662,imputed_temporal,6820564.96,6820564.96,6757776.463591254,new_observed,48945614200.0975,9824510.537657198,2,
3505351,Barra do Chapéu,2024,ok,ok,1249406.21,1249406.21,1249406.21,new_observed,8679477.89,8679477.89,8765782.414423749,new_observed,55712049158.33,10741022.617050895,1,
3505351,Barra do Chapéu,2025,ok,ok,820553.79,820553.79,820553.79,new_observed,11560922.22,11560922.22,11634894.269182095,new_observed,59267888460.755,12455448.059182096,2,
3505401,Barra do Turvo,2019,ok,ok,3667418.02,3667418.02,3667418.02,new_observed,11971298.24,11971298.24,11825523.34810004,new_observed,37092224874.8675,26979572.316438332,2,
3505401,Barra do Turvo,2020,ok,ok,3774614.23,3774614.23,3774614.23,new_observed,11643822.98,11643822.98,11799504.219591495,new_observed,37158522668.0775,26546880.21654782,3,
3505401,Barra do Turvo,2021,ok,ok,4467032.04,4467032.04,4467032.04,new_observed,14522563.86,14522563.86,14539719.381332118,new_observed,46897671220.665,25803331.429962292,3,
3505401,Barra do Turvo,2022,ok,ok,4445194.24,4445194.24,4445194.24,new_observed,15705260.08,15705260.08,15697634.973483806,new_observed,50777650919.455,25593371.53762833,1,
3505401,Barra do Turvo,2023,ok,ok,5300889.23,5300889.23,5300889.23,new_observed,14746871.47,14746871.47,14611115.283853458,new_observed,48945614200.0975,24575435.455170024,1,
3505401,Barra do Turvo,2024,ok,ok,5930334.19,5930334.19,5930334.19,new_observed,20015059.04,20015059.04,20214079.093239684,new_observed,55712049158.33,28039185.772296015,1,
3505401,Barra do Turvo,2025,ok,ok,6406652.72,6406652.72,6406652.72,new_observed,26756613.52,26756613.52,26927814.52746147,new_observed,59267888460.755,33334467.247461468,1,
3505500,Barretos,2019,ok,ok,34652083.9,34652083.9,34652083.9,new_observed,84179401.72,84179401.72,83154346.38014269,new_observed,37092224874.8675,205149366.38363695,1,
3505500,Barretos,2020,ok,ok,34447253.93,34447253.93,34447253.93,new_observed,82224371.73,82224371.73,83323735.06947583,new_observed,37158522668.0775,200746664.92827797,1,
3505500,Barretos,2021,ok,ok,38951794.11,38951794.11,38951794.11,new_observed,102747005.34,102747005.34,102868380.4951664,new_observed,46897671220.665,192533320.8012121,1,
3505500,Barretos,2022,ok,ok,50412584.61,50412584.61,50412584.61,new_observed,117922027.31,117922027.31,117864774.64342435,new_observed,50777650919.455,213812316.58663145,1,
3505500,Barretos,2023,ok,ok,52762354.03,52762354.03,52762354.03,new_observed,119334955.51,119334955.51,118236386.3343642,new_observed,48945614200.0975,211046984.43675417,1,
3505500,Barretos,2024,ok,ok,62477542.71,62477542.71,62477542.71,new_observed,131395655.56,131395655.56,132702190.32028988,new_observed,55712049158.33,209325056.71993002,1,
3505500,Barretos,2025,ok,ok,63730464.57,63730464.57,63730464.57,new_observed,145982468.99,145982468.99,146916531.35720205,new_observed,59267888460.755,210646995.92720205,1,
3505609,Barrinha,2019,ok,ok,3151581.25,3151581.25,3151581.25,new_observed,11563391.46,11563391.46,11422583.662358964,new_observed,37092224874.8675,25379605.257804383,1,
3505609,Barrinha,2020,ok,ok,3235818.5,3235818.5,3235818.5,new_observed,11808847.68,11808847.68,11966735.346973922,new_observed,37158522668.0775,25913529.3767989,1,
3505609,Barrinha,2021,ok,ok,4001401.97,4001401.97,4001401.97,new_observed,15543673.94,15543673.94,15562035.699839914,new_observed,46897671220.665,26559081.81856512,1,
3505609,Barrinha,2022,ok,ok,4727671.39,4727671.39,4727671.39,new_observed,18845553.52,18845553.52,18836403.760479007,new_observed,50777650919.455,29940388.40696192,1,
3505609,Barrinha,2023,ok,ok,4762458.0,4762458.0,4762458.0,new_observed,19061959.06,19061959.06,18886479.20532496,new_observed,48945614200.0975,29187565.193071533,1,
3505609,Barrinha,2024,ok,ok,7496422.03,7496422.03,7496422.03,new_observed,21199702.85,21199702.85,21410502.427530125,new_observed,55712049158.33,31001905.309155133,1,
3505609,Barrinha,2025,ok,ok,8614077.8,8614077.8,8614077.8,new_observed,23601486.24,23601486.24,23752499.30519436,new_observed,59267888460.755,32366577.10519436,1,
3505708,Barueri,2019,ok,ok,1418180334.6,1418180334.6,1418180334.6,new_observed,761793106.99,761793106.99,752516727.3029126,new_observed,37092224874.8675,3780074871.9848695,1,
3505708,Barueri,2020,ok,ok,1435242854.97,1435242854.97,1435242854.97,new_observed,724149517.01,724149517.01,733831602.9238223,new_observed,37158522668.0775,3697298181.008188,1,
3505708,Barueri,2021,ok,ok,1702611244.94,1702611244.94,1702611244.94,new_observed,905411855.26,905411855.26,906481419.3223104,new_observed,46897671220.665,3542072038.248674,1,
3505708,Barueri,2022,ok,ok,2041461481.45,2041461481.45,2041461481.45,new_observed,934976618.97,934976618.97,934522675.7513916,new_observed,50777650919.455,3781269622.956691,1,
3505708,Barueri,2023,ok,ok,2179879567.59,2179879567.59,2179879567.59,new_observed,905444897.13,905444897.13,897109587.0779475,new_observed,48945614200.0975,3797626116.154708,1,
3505708,Barueri,2024,ok,ok,2347779684.15,2347779684.15,2347779684.15,new_observed,1054621140.1,1054621140.1,1065107781.9345772,new_observed,55712049158.33,3660230759.235768,1,
3505708,Barueri,2025,ok,ok,2620837717.38,2620837717.38,2620837717.38,new_observed,1129603427.04,1129603427.04,1136831144.5759516,new_observed,59267888460.755,3757668861.9559517,1,
3505807,Bastos,2019,ok,ok,2087049.23,2087049.23,2087049.23,new_observed,27573618.17,27573618.17,27237853.315809675,new_observed,37092224874.8675,51066696.123707294,1,
3505807,Bastos,2020,ok,ok,2198454.16,2198454.16,2198454.16,new_observed,26570869.45,26570869.45,26926129.56517909,new_observed,37158522668.0775,49644340.25666649,1,
3505807,Bastos,2021,ok,ok,2244339.33,2244339.33,2244339.33,new_observed,33955821.89,33955821.89,33995933.9413154,new_observed,46897671220.665,49199348.25278078,1,
3505807,Bastos,2022,ok,ok,3123116.55,3123116.55,3123116.55,new_observed,39549650.38,39549650.38,39530448.51417355,new_observed,50777650919.455,54195392.63933377,1,
3505807,Bastos,2023,ok,ok,2953402.82,2953402.82,2953402.82,new_observed,40113796.15,40113796.15,39744518.097481385,new_observed,48945614200.0975,52697858.6634746,1,
3505807,Bastos,2024,ok,ok,3767428.99,3767428.99,3767428.99,new_observed,43765646.19,43765646.19,44200830.57878424,new_observed,55712049158.33,51444678.70254661,1,
3505807,Bastos,2025,ok,ok,3957557.2,3957557.2,3957557.2,new_observed,45662737.47,45662737.47,45954908.47484219,new_observed,59267888460.755,49912465.67484219,1,
3505906,Batatais,2019,ok,ok,9014443.17,9014443.17,9014443.17,new_observed,46446634.48,46446634.48,45881052.28626468,new_observed,37092224874.8675,95595597.65445834,1,
3505906,Batatais,2020,ok,ok,8388119.49,8388119.49,8388119.49,new_observed,44249034.12,44249034.12,44840656.34702632,new_observed,37158522668.0775,90731166.63345249,1,
3505906,Batatais,2021,ok,ok,9775976.33,9775976.33,9775976.33,new_observed,58533831.54,58533831.54,58602977.62228378,new_observed,46897671220.665,92830424.96597493,1,
3505906,Batatais,2022,ok,ok,11770628.83,11770628.83,11770628.83,new_observed,64765528.32,64765528.32,64734083.81990882,new_observed,50777650919.455,97206480.50363736,1,
3505906,Batatais,2023,ok,ok,14911471.03,14911471.03,14911471.03,new_observed,68422137.77,68422137.77,67792259.86738555,new_observed,48945614200.0975,102073108.66951561,3,
3505906,Batatais,2024,ok,ok,16360328.0,16360328.0,16360328.0,new_observed,78037795.88,78037795.88,78813765.92633891,new_observed,55712049158.33,102071676.70583451,1,
3505906,Batatais,2025,ok,ok,17150603.35,17150603.35,17150603.35,new_observed,78982850.68,78982850.68,79488218.95459452,new_observed,59267888460.755,96638822.30459452,1,
3506003,Bauru,2019,ok,ok,125401476.93,125401476.93,125401476.93,new_observed,212487556.33,212487556.33,209900088.37680894,new_observed,37092224874.8675,583897699.8671366,1,
3506003,Bauru,2020,ok,ok,131526195.81,131526195.81,131526195.81,new_observed,209210076.63,209210076.63,212007275.1206275,new_observed,37158522668.0775,585570344.3304355,3,
3506003,Bauru,2021,ok,ok,147548119.23,147548119.23,147548119.23,new_observed,262736995.35,262736995.35,263047366.8637296,new_observed,46897671220.665,557419370.4365515,2,
3506003,Bauru,2022,ok,ok,172918327.46,172918327.46,172918327.46,new_observed,280736433.02,280736433.02,280600131.8575964,new_observed,50777650919.455,576238139.412816,5,
3506003,Bauru,2023,ok,ok,204832997.19,204832997.19,204832997.19,new_observed,271492012.86,271492012.86,268992722.0571948,new_observed,48945614200.0975,584796642.2595723,1,
3506003,Bauru,2024,ok,ok,233414252.34,233414252.34,233414252.34,new_observed,303826491.09,303826491.09,306847594.5657136,new_observed,55712049158.33,579416417.8388449,1,
3506003,Bauru,2025,ok,ok,259075807.25,259075807.25,259075807.25,new_observed,337072347.99,337072347.99,339229090.49107015,new_observed,59267888460.755,598304897.7410702,1,
3506102,Bebedouro,2019,ok,ok,18690344.37,18690344.37,18690344.37,new_observed,63602476.92,63602476.92,62827987.46934016,new_observed,37092224874.8675,141956887.12172592,1,
3506102,Bebedouro,2020,ok,ok,22812421.24,22812421.24,22812421.24,new_observed,55515012.36,55515012.36,56257263.934503235,new_observed,37158522668.0775,134778316.2097847,1,
3506102,Bebedouro,2021,ok,ok,27331745.01,27331745.01,27331745.01,new_observed,73899837.22,73899837.22,73987135.18240452,new_observed,46897671220.665,137549262.7731764,1,
3506102,Bebedouro,2022,ok,ok,33246499.58,33246499.58,33246499.58,new_observed,79480483.23,79480483.23,79441894.42933704,new_observed,50777650919.455,143181273.35999975,1,
3506102,Bebedouro,2023,ok,ok,35812886.12,35812886.12,35812886.12,new_observed,78025059.65,78025059.65,77306779.53591011,new_observed,48945614200.0975,139612515.66124925,1,
3506102,Bebedouro,2024,ok,ok,42939680.41,42939680.41,42939680.41,new_observed,92574087.19,92574087.19,93494599.07679226,new_observed,55712049158.33,146322124.99073094,1,
3506102,Bebedouro,2025,ok,ok,50579319.7,50579319.7,50579319.7,new_observed,93912191.57,93912191.57,94513084.57156317,new_observed,59267888460.755,145092404.27156317,1,
3506201,Bento de Abreu,2019,ok,ok,1332267.88,1332267.88,1332267.88,new_observed,8064904.64,8064904.64,7966698.031283894,new_observed,37092224874.8675,16193317.802657207,1,
3506201,Bento de Abreu,2020,ok,ok,906088.32,906088.32,906088.32,new_observed,7504137.91,7504137.91,7604470.377601146,new_observed,37158522668.0775,14506681.906419098,1,
3506201,Bento de Abreu,2021,ok,ok,1003614.92,1003614.92,1003614.92,new_observed,9163617.71,9163617.71,9174442.702103239,new_observed,46897671220.665,13817605.561023174,1,
3506201,Bento de Abreu,2022,ok,ok,1177115.95,1177115.95,1177115.95,new_observed,11301100.56,11301100.56,11295613.72978635,new_observed,50777650919.455,15847783.913567,1,
3506201,Bento de Abreu,2023,ok,ok,1377737.74,1377737.74,1377737.74,new_observed,12437414.64,12437414.64,12322918.763333248,new_observed,48945614200.0975,16909377.42389865,1,
3506201,Bento de Abreu,2024,ok,ok,1292635.22,1292635.22,1292635.22,new_observed,12386223.79,12386223.79,12509386.400372416,new_observed,55712049158.33,14802299.981042583,1,
3506201,Bento de Abreu,2025,ok,ok,2130875.11,2130875.11,2130875.11,new_observed,12147205.35,12147205.35,12224928.705842732,new_observed,59267888460.755,14355803.81584273,1,
3506300,Bernardino de Campos,2019,ok,ok,1194611.34,1194611.34,1194611.34,new_observed,9577896.07,9577896.07,9461265.71494226,new_observed,37092224874.8675,18556257.25085583,1,
3506300,Bernardino de Campos,2020,ok,ok,2428394.63,2428394.63,2428394.63,new_observed,10169689.16,10169689.16,10305660.809294945,new_observed,37158522668.0775,21705847.782781508,1,
3506300,Bernardino de Campos,2021,ok,ok,1303463.92,1303463.92,1303463.92,new_observed,13674122.28,13674122.28,13690275.536321264,new_observed,46897671220.665,20355315.855382748,1,
3506300,Bernardino de Campos,2022,ok,ok,1492917.94,1492917.94,1492917.94,new_observed,14749567.9,14749567.9,14742406.794374723,new_observed,50777650919.455,20628517.15402265,1,
3506300,Bernardino de Campos,2023,ok,ok,1857857.32,1857857.32,1857857.32,new_observed,14938679.01,14938679.01,14801157.089327494,new_observed,48945614200.0975,20560588.617702447,1,
3506300,Bernardino de Campos,2024,ok,ok,2514306.04,2514306.04,2514306.04,new_observed,17706031.55,17706031.55,17882091.752205852,new_observed,55712049158.33,21874592.502251074,1,
3506300,Bernardino de Campos,2025,ok,ok,2644155.16,2644155.16,2644155.16,new_observed,20329620.69,20329620.69,20459698.86827305,new_observed,59267888460.755,23103854.02827305,1,
3506359,Bertioga,2019,ok,ok,18956940.69,18956940.69,18956940.69,new_observed,29628312.63,29628312.63,29267527.693877947,new_observed,37092224874.8675,83978600.40079562,1,
3506359,Bertioga,2020,ok,ok,19916312.96,19916312.96,19916312.96,new_observed,29272258.45,29272258.45,29663636.90782834,new_observed,37158522668.0775,84511556.43536332,1,
3506359,Bertioga,2021,ok,ok,26208978.15,26208978.15,26208978.15,new_observed,37231222.89,37231222.89,37275204.176270634,new_observed,46897671220.665,86185343.34522836,1,
3506359,Bertioga,2022,ok,ok,37318996.34,37318996.34,37318996.34,new_observed,41755078.21,41755078.21,41734805.580491066,new_observed,50777650919.455,100445339.75688075,1,
3506359,Bertioga,2023,ok,ok,44243868.45,44243868.45,44243868.45,new_observed,40679527.49,40679527.49,40305041.44951878,new_observed,48945614200.0975,104350432.2528149,1,
3506359,Bertioga,2024,ok,ok,53128906.24,53128906.24,53128906.24,new_observed,48412287.92,48412287.92,48893676.26364854,new_observed,55712049158.33,109416498.0027704,1,
3506359,Bertioga,2025,ok,ok,54919959.49,54919959.49,54919959.49,new_observed,64638260.62,64638260.62,65051845.669932775,new_observed,59267888460.755,119971805.15993278,1,
3506409,Bilac,2019,ok,ok,836973.71,836973.71,836973.71,new_observed,6183378.89,6183378.89,6108083.682145731,new_observed,37092224874.8675,12094196.557085974,2,
3506409,Bilac,2020,ok,ok,794248.49,794248.49,794248.49,new_observed,5981703.75,5981703.75,6061680.837960597,new_observed,37158522668.0775,11686281.649364306,1,
3506409,Bilac,2021,ok,ok,1124002.21,1124002.21,1124002.21,new_observed,7686402.27,7686402.27,7695482.22581093,new_observed,46897671220.665,11973223.35068839,1,
3506409,Bilac,2022,ok,ok,2345913.27,2345913.27,2345913.27,new_observed,8772803.62,8772803.62,8768544.310589813,new_observed,50777650919.455,14121970.617157733,1,
3506409,Bilac,2023,ok,ok,2185968.89,2185968.89,2185968.89,new_observed,14019528.93,14019528.93,13890468.486028563,new_observed,48945614200.0975,19841570.88799365,1,
3506409,Bilac,2024,ok,ok,2568478.81,2568478.81,2568478.81,new_observed,11158535.53,11158535.53,11269490.60291881,new_observed,55712049158.33,14840853.029542563,1,
3506409,Bilac,2025,ok,ok,1650595.44,1650595.44,1650595.44,new_observed,11732220.81,11732220.81,11807288.905629182,new_observed,59267888460.755,13457884.345629182,2,
3506508,Birigui,2019,ok,ok,19835226.55,19835226.55,19835226.55,new_observed,67627388.5,67627388.5,66803887.56882078,new_observed,37092224874.8675,150874271.66114253,1,
3506508,Birigui,2020,ok,ok,20243026.23,20243026.23,20243026.23,new_observed,64951538.25,64951538.25,65819958.87143187,new_observed,37158522668.0775,146698753.06015658,1,
3506508,Birigui,2021,ok,ok,23985727.94,23985727.94,23985727.94,new_observed,79516000.65,79516000.65,79609932.99270107,new_observed,46897671220.665,140640192.23991793,1,
3506508,Birigui,2022,ok,ok,25827226.91,25827226.91,25827226.91,new_observed,88288314.19,88288314.19,88245449.07370107,new_observed,50777650919.455,144940134.66529363,2,
3506508,Birigui,2023,ok,ok,28107463.56,28107463.56,28107463.56,new_observed,90288991.59,90288991.59,89457812.63965714,new_observed,48945614200.0975,145099297.00969,6,
3506508,Birigui,2024,ok,ok,32818437.17,32818437.17,32818437.17,new_observed,101449428.38,101449428.38,102458192.3610091,new_observed,55712049158.33,145080576.2966433,1,
3506508,Birigui,2025,ok,ok,38180809.37,38180809.37,38180809.37,new_observed,117330093.99,117330093.99,118080825.40380998,new_observed,59267888460.755,156261634.77380997,1,
3506607,Biritiba-Mirim,2019,ok,ok,1197488.54,1197488.54,1197488.54,new_observed,11785425.54,11785425.54,11641914.026073458,new_observed,37092224874.8675,22358671.72030248,1,
3506607,Biritiba-Mirim,2020,ok,ok,1568532.12,1568532.12,1568532.12,new_observed,11669335.6,11669335.6,11825357.95060921,new_observed,37158522668.0775,22830569.60745013,1,
3506607,Biritiba-Mirim,2021,ok,ok,2994534.36,2994534.36,2994534.36,new_observed,14646057.46,14646057.46,14663358.864463335,new_observed,46897671220.665,23972138.16951047,1,
3506607,Biritiba-Mirim,2022,ok,ok,5574327.97,5574327.97,5574327.97,new_observed,18675164.17,18675164.17,18666097.13670808,new_observed,50777650919.455,30799755.059767663,1,
3506607,Biritiba-Mirim,2023,ok,ok,5889425.73,5889425.73,5889425.73,new_observed,16292475.02,16292475.02,16142490.375724599,new_observed,48945614200.0975,27191834.54550017,1,
3506607,Biritiba-Mirim,2024,ok,ok,12557270.47,12557270.47,12557270.47,new_observed,19035984.32,19035984.32,19225268.928417332,new_observed,55712049158.33,34085925.618335895,1,
3506607,Biritiba-Mirim,2025,ok,ok,12368499.28,12368499.28,12368499.28,new_observed,23225815.2,23225815.2,23374424.550670695,new_observed,59267888460.755,35742923.83067069,1,
3506706,Boa Esperança do Sul,2019,ok,ok,2469520.31,2469520.31,2469520.31,new_observed,13417854.95,13417854.95,13254465.289526084,new_observed,37092224874.8675,27381915.19000588,1,
3506706,Boa Esperança do Sul,2020,ok,ok,2092092.43,2092092.43,2092092.43,new_observed,13258691.53,13258691.53,13435964.023432534,new_observed,37158522668.0775,26468365.19185959,1,
3506706,Boa Esperança do Sul,2021,ok,ok,1825695.15,1825695.15,1825695.15,new_observed,17418702.11,17418702.11,17439278.842766102,new_observed,46897671220.665,26153891.209785055,1,
3506706,Boa Esperança do Sul,2022,ok,ok,2603296.28,2603296.28,2603296.28,new_observed,20013677.4,20013677.4,20003960.50125535,new_observed,50777650919.455,28724660.082105942,1,
3506706,Boa Esperança do Sul,2023,ok,ok,3377628.11,3377628.11,3377628.11,new_observed,20508802.08,20508802.08,20320002.93311118,new_observed,48945614200.0975,29247663.224223908,1,
3506706,Boa Esperança do Sul,2024,ok,ok,3848345.42,3848345.42,3848345.42,new_observed,22049377.73,22049377.73,22268626.063015483,new_observed,55712049158.33,28009755.173640896,1,
3506706,Boa Esperança do Sul,2025,ok,ok,4556064.78,4556064.78,4556064.78,new_observed,23898242.61,23898242.61,24051154.457694493,new_observed,59267888460.755,28607219.237694494,1,
3506805,Bocaina,2019,ok,ok,1991447.65,1991447.65,1991447.65,new_observed,12081415.96,12081415.96,11934300.161006471,new_observed,37092224874.8675,24250444.844587106,1,
3506805,Bocaina,2020,ok,ok,1864709.98,1864709.98,1864709.98,new_observed,10931918.76,10931918.76,11078081.63679687,new_observed,37158522668.0775,22061649.256806448,1,
3506805,Bocaina,2021,ok,ok,2597758.39,2597758.39,2597758.39,new_observed,13219051.55,13219051.55,13234667.23074636,new_observed,46897671220.665,21493905.85357129,1,
3506805,Bocaina,2022,ok,ok,3264421.35,3264421.35,3264421.35,new_observed,17174362.98,17174362.98,17166024.605060443,new_observed,50777650919.455,25958815.83790991,1,
3506805,Bocaina,2023,ok,ok,2775255.74,2775255.74,2775255.74,new_observed,20218400.51,20218400.51,20032274.730792888,new_observed,48945614200.0975,28149099.33285882,1,
3506805,Bocaina,2024,ok,ok,2974042.64,2974042.64,2974042.64,new_observed,19569456.51,19569456.51,19764045.70749916,new_observed,55712049158.33,24385993.151780736,1,
3506805,Bocaina,2025,ok,ok,2937243.54,2937243.54,2937243.54,new_observed,17574341.46,17574341.46,17686790.106058102,new_observed,59267888460.755,20624033.6460581,1,
3506904,Bofete,2019,ok,ok,2507245.11,2507245.11,2507245.11,new_observed,10296686.06,10296686.06,10171302.97562332,new_observed,37092224874.8675,22078558.023063347,1,
3506904,Bofete,2020,ok,ok,2339949.96,2339949.96,2339949.96,new_observed,10689740.35,10689740.35,10832665.232270857,new_observed,37158522668.0775,22453395.27753911,1,
3506904,Bofete,2021,ok,ok,3118423.82,3118423.82,3118423.82,new_observed,14078374.54,14078374.54,14095005.339979313,new_observed,46897671220.665,23368739.234555304,1,
3506904,Bofete,2022,ok,ok,3751553.39,3751553.39,3751553.39,new_observed,13930302.95,13930302.95,13923539.608084263,new_observed,50777650919.455,22457879.043093204,1,
3506904,Bofete,2023,ok,ok,5291533.68,5291533.68,5291533.68,new_observed,16250673.62,16250673.62,16101073.789456185,new_observed,48945614200.0975,26402798.55891146,1,
3506904,Bofete,2024,ok,ok,6876207.2,6876207.2,6876207.2,new_observed,20570331.82,20570331.82,20774873.236829832,new_observed,55712049158.33,29655046.100040026,1,
3506904,Bofete,2025,ok,ok,6640389.64,6640389.64,6640389.64,new_observed,27788147.16,27788147.16,27965948.389805242,new_observed,59267888460.755,34606338.02980524,1,
3507001,Boituva,2019,ok,ok,14669256.3,14669256.3,14669256.3,new_observed,59483309.75,59483309.75,58758979.53327506,new_observed,37092224874.8675,127868708.18547986,1,
3507001,Boituva,2020,ok,ok,14604830.81,14604830.81,14604830.81,new_observed,58681358.14,58681358.14,59465944.6621276,new_observed,37158522668.0775,126257419.34413992,1,
3507001,Boituva,2021,ok,ok,18089382.93,18089382.93,18089382.93,new_observed,74613239.43,74613239.43,74701380.13525283,new_observed,46897671220.665,125971596.08898667,2,
3507001,Boituva,2022,ok,ok,23148112.49,23148112.49,23148112.49,new_observed,79758104.38,79758104.38,79719380.79068474,new_observed,50777650919.455,130702889.19069412,3,
3507001,Boituva,2023,ok,ok,30467306.31,30467306.31,30467306.31,new_observed,70455786.51,70455786.51,69807187.32148665,new_observed,48945614200.0975,123758978.87758954,1,
3507001,Boituva,2024,ok,ok,35630207.72,35630207.72,35630207.72,new_observed,77311480.11,77311480.11,78080228.02409713,new_observed,55712049158.33,121951408.7975886,1,
3507001,Boituva,2025,ok,ok,37964350.95,37964350.95,37964350.95,new_observed,83543475.26,83543475.26,84078024.48913372,new_observed,59267888460.755,122042375.43913372,2,
3507100,Bom Jesus dos Perdões,2019,ok,ok,3841983.66,3841983.66,3841983.66,new_observed,17571558.06,17571558.06,17357588.62031537,new_observed,37092224874.8675,36917159.87462432,2,
3507100,Bom Jesus dos Perdões,2020,ok,ok,3691746.15,3691746.15,3691746.15,new_observed,18211458.55,18211458.55,18454950.953371555,new_observed,37158522668.0775,37750176.17198053,3,
3507100,Bom Jesus dos Perdões,2021,ok,ok,4695459.04,4695459.04,4695459.04,new_observed,25760601.38,25760601.38,25791032.407934397,new_observed,46897671220.665,41388084.9772606,4,
3507100,Bom Jesus dos Perdões,2022,ok,ok,6548639.03,6548639.03,6548639.03,new_observed,29678668.35,29678668.35,29664258.97337874,new_observed,50777650919.455,46011915.36858663,1,
3507100,Bom Jesus dos Perdões,2023,ok,ok,6914285.88,6914285.88,6914285.88,new_observed,28417733.58,28417733.58,28156126.693576835,new_observed,48945614200.0975,43283972.74058913,1,
3507100,Bom Jesus dos Perdões,2024,ok,ok,7600316.04,7600316.04,7600316.04,new_observed,32944769.96,32944769.96,33272356.796406772,new_observed,55712049158.33,43834851.226321936,1,
3507100,Bom Jesus dos Perdões,2025,ok,ok,8223636.0,8223636.0,8223636.0,new_observed,39006495.55,39006495.55,39256076.88549709,new_observed,59267888460.755,47479712.88549709,1,
3507159,Bom Sucesso de Itararé,2019,ok,ok,237632.69,237632.69,237632.69,new_observed,3315511.15,3315511.15,3275138.061819017,new_observed,37092224874.8675,6117176.220966555,1,
3507159,Bom Sucesso de Itararé,2020,ok,ok,144017.98,144017.98,144017.98,new_observed,3224189.13,3224189.13,3267297.4597382643,new_observed,37158522668.0775,5814761.371740255,1,
3507159,Bom Sucesso de Itararé,2021,ok,ok,185823.09,185823.09,185823.09,new_observed,4237089.09,4237089.09,4242094.368198141,new_observed,46897671220.665,6011286.15751608,1,
3507159,Bom Sucesso de Itararé,2022,ok,ok,428264.72,428264.72,428264.72,new_observed,4671354.79,4671354.79,4669086.786944511,new_observed,50777650919.455,6476667.68121086,1,
3507159,Bom Sucesso de Itararé,2023,ok,ok,667906.31,667906.31,667906.31,new_observed,4775936.79,4775936.79,4731970.653507501,new_observed,48945614200.0975,6664538.855955521,1,
3507159,Bom Sucesso de Itararé,2024,ok,ok,636136.4,636136.4,636136.4,new_observed,6706879.96,6706879.96,6773569.925992293,new_observed,55712049158.33,7946712.360374303,1,
3507159,Bom Sucesso de Itararé,2025,ok,ok,669541.57,669541.57,669541.57,new_observed,8968953.7,8968953.7,9026341.15331757,new_observed,59267888460.755,9695882.723317571,1,
3507209,Borá,2019,ok,ok,64668.69,64668.69,64668.69,new_observed,3804921.44,3804921.44,3758588.7866416085,new_observed,37092224874.8675,6657861.094588618,1,
3507209,Borá,2020,ok,ok,158526.38,158526.38,158526.38,new_observed,3228987.93,3228987.93,3272160.4210651615,new_observed,37158522668.0775,5847780.846353927,1,
3507209,Borá,2021,ok,ok,160092.09,160092.09,160092.09,new_observed,3475060.57,3475060.57,3479165.663034105,new_observed,46897671220.665,4940611.463735206,1,
3507209,Borá,2022,ok,ok,265401.13,265401.13,265401.13,new_observed,3556498.92,3556498.92,3554772.193861649,new_observed,50777650919.455,4853891.88278868,1,
3507209,Borá,2023,ok,ok,223401.72,223401.72,223401.72,new_observed,3873879.01,3873879.01,3838217.0025660433,new_observed,48945614200.0975,5012857.881309061,1,
3507209,Borá,2024,ok,ok,329939.37,329939.37,329939.37,new_observed,4984285.38,4984285.38,5033846.69978961,new_observed,55712049158.33,5752517.466134855,1,
3507209,Borá,2025,ok,ok,265277.3,265277.3,265277.3,new_observed,6194548.76,6194548.76,6234184.306093622,new_observed,59267888460.755,6499461.606093622,5,
3507308,Boracéia,2019,ok,ok,386017.5,386017.5,386017.5,new_observed,7959952.85,7959952.85,7863024.2426781645,new_observed,37092224874.8675,14364968.726735516,1,
3507308,Boracéia,2020,ok,ok,580416.5,580416.5,580416.5,new_observed,7293998.0,7293998.0,7391520.836972731,new_observed,37158522668.0775,13588574.291599233,1,
3507308,Boracéia,2021,ok,ok,913092.54,913092.54,913092.54,new_observed,9445956.71,9445956.71,9457115.229487527,new_observed,46897671220.665,14078466.232442707,1,
3507308,Boracéia,2022,ok,ok,1173331.3,1173331.3,1173331.3,new_observed,10729788.02,10729788.02,10724578.569399888,new_observed,50777650919.455,15117420.92341854,1,
3507308,Boracéia,2023,ok,ok,835644.38,835644.38,835644.38,new_observed,10300984.56,10300984.56,10206156.149766354,new_observed,48945614200.0975,13627812.10898897,1,
3507308,Boracéia,2024,ok,ok,1637515.66,1637515.66,1637515.66,new_observed,10785382.67,10785382.67,10892627.29160736,new_observed,55712049158.33,13438244.039646262,1,
3507308,Boracéia,2025,ok,ok,1349947.41,1349947.41,1349947.41,new_observed,13251224.33,13251224.33,13336011.702426566,new_observed,59267888460.755,14685959.112426566,1,
3507407,Borborema,2019,ok,ok,2371803.79,2371803.79,2371803.79,new_observed,15902754.0,15902754.0,15709105.642170629,new_observed,37092224874.8675,31486287.334478058,1,
3507407,Borborema,2020,ok,ok,2216426.1,2216426.1,2216426.1,new_observed,15854225.5,15854225.5,16066201.024090549,new_observed,37158522668.0775,31163671.56689825,1,
3507407,Borborema,2021,ok,ok,2326197.06,2326197.06,2326197.06,new_observed,20435467.71,20435467.71,20459608.1514269,new_observed,46897671220.665,30933728.270320218,4,
3507407,Borborema,2022,ok,ok,3064768.83,3064768.83,3064768.83,new_observed,25329564.29,25329564.29,25317266.45954471,new_observed,50777650919.455,36062062.90391136,1,
3507407,Borborema,2023,ok,ok,3751859.66,3751859.66,3751859.66,new_observed,26375162.84,26375162.84,26132359.37328257,new_observed,48945614200.0975,36883162.38928331,1,
3507407,Borborema,2024,ok,ok,4458154.14,4458154.14,4458154.14,new_observed,27919498.2,27919498.2,28197116.16790529,new_observed,55712049158.33,35021906.23626948,1,
3507407,Borborema,2025,ok,ok,6444130.92,6444130.92,6444130.92,new_observed,30353638.28,30353638.28,30547854.69119766,new_observed,59267888460.755,36991985.61119766,1,
3507456,Borebi,2019,ok,ok,296563.18,296563.18,296563.18,new_observed,5804938.44,5804938.44,5734251.513936339,new_observed,37092224874.8675,10502124.631873436,1,
3507456,Borebi,2020,ok,ok,224200.06,224200.06,224200.06,new_observed,5947858.83,5947858.83,6027383.4017115515,new_observed,37158522668.0775,10656143.25837884,1,
3507456,Borebi,2021,ok,ok,452887.0,452887.0,452887.0,new_observed,9157091.06,9157091.06,9167908.342164112,new_observed,46897671220.665,13061073.15925002,1,
3507456,Borebi,2022,ok,ok,650633.94,650633.94,650633.94,new_observed,12255800.79,12255800.79,12249850.440499961,new_observed,50777650919.455,16391286.758490194,4,
3507456,Borebi,2023,ok,ok,622446.2,622446.2,622446.2,new_observed,13139777.98,13139777.98,13018816.313723465,new_observed,48945614200.0975,16836073.24414795,1,
3507456,Borebi,2024,ok,ok,1969988.13,1969988.13,1969988.13,new_observed,14212772.59,14212772.59,14354097.516990835,new_observed,55712049158.33,17507146.366611037,1,
3507456,Borebi,2025,ok,ok,895836.32,895836.32,895836.32,new_observed,12559811.84,12559811.84,12640175.240208598,new_observed,59267888460.755,13536011.560208598,1,
3507506,Botucatu,2019,ok,ok,30535122.52,30535122.52,30535122.52,new_observed,95447098.26,95447098.26,94284835.80925547,new_observed,37092224874.8675,217362798.46852267,1,
3507506,Botucatu,2020,ok,ok,32463969.21,32463969.21,32463969.21,new_observed,98069460.43,98069460.43,99380677.13194023,new_observed,37158522668.0775,224735932.56409338,1,
3507506,Botucatu,2021,ok,ok,36067787.73,36067787.73,36067787.73,new_observed,128169086.19,128169086.19,128320492.47841074,new_observed,46897671220.665,223171502.76708582,1,
3507506,Botucatu,2022,ok,ok,46484325.89,46484325.89,46484325.89,new_observed,135498971.93,135498971.93,135433185.42990142,new_observed,50777650919.455,231143421.16817686,1,
3507506,Botucatu,2023,ok,ok,55231469.6,55231469.6,55231469.6,new_observed,129384478.29,129384478.29,128193395.60138074,new_observed,48945614200.0975,226383332.35077372,1,
3507506,Botucatu,2024,ok,ok,62037195.36,62037195.36,62037195.36,new_observed,142118902.23,142118902.23,143532063.7616074,new_observed,55712049158.33,220467546.28374517,1,
3507506,Botucatu,2025,ok,ok,69418443.77,69418443.77,69418443.77,new_observed,160676393.49,160676393.49,161704474.2828179,new_observed,59267888460.755,231122918.05281788,1,
3507605,Bragança Paulista,2019,ok,ok,42650478.16,42650478.16,42650478.16,new_observed,111412338.71,111412338.71,110055667.00187187,new_observed,37092224874.8675,265924099.79955256,1,
3507605,Bragança Paulista,2020,ok,ok,43827062.34,43827062.34,43827062.34,new_observed,111957449.49,111957449.49,113454352.57312341,new_observed,37158522668.0775,268094203.56613272,1,
3507605,Bragança Paulista,2021,ok,ok,54902424.26,54902424.26,54902424.26,new_observed,144753948.45,144753948.45,144924946.4552064,new_observed,46897671220.665,271283175.1750784,1,
3507605,Bragança Paulista,2022,ok,ok,67402969.39,67402969.39,67402969.39,new_observed,158858121.31,158858121.31,158780993.64132205,new_observed,50777650919.455,287388138.9928447,1,
3507605,Bragança Paulista,2023,ok,ok,85131646.13,85131646.13,85131646.13,new_observed,145358615.45,145358615.45,144020478.65961853,new_observed,48945614200.0975,282820006.8086717,1,
3507605,Bragança Paulista,2024,ok,ok,100665590.18,100665590.18,100665590.18,new_observed,168175268.54,168175268.54,169847521.95836556,new_observed,55712049158.33,290118096.0886985,1,
3507605,Bragança Paulista,2025,ok,ok,110707168.5,110707168.5,110707168.5,new_observed,197501587.89,197501587.89,198765293.05944282,new_observed,59267888460.755,309472461.5594428,1,
3507704,Braúna,2019,ok,ok,400771.01,400771.01,400771.01,new_observed,4497312.15,4497312.15,4442548.2322223885,new_observed,37092224874.8675,8434207.465354972,2,
3507704,Braúna,2020,ok,ok,588500.29,588500.29,588500.29,new_observed,4212116.05,4212116.05,4268433.244884667,new_observed,37158522668.0775,8278891.237898566,1,
3507704,Braúna,2021,ok,ok,526710.65,526710.65,526710.65,new_observed,5077754.49,5077754.49,5083752.847198647,new_observed,46897671220.665,7616696.082605772,1,
3507704,Braúna,2022,ok,ok,852416.16,852416.16,852416.16,new_observed,5624233.11,5624233.11,5621502.472218951,new_observed,50777650919.455,8225726.5403332785,1,
3507704,Braúna,2023,ok,ok,1193099.32,1193099.32,1193099.32,new_observed,5975578.12,5975578.12,5920568.371170073,new_observed,48945614200.0975,8779702.770368962,1,
3507704,Braúna,2024,ok,ok,1812431.33,1812431.33,1812431.33,new_observed,6812485.36,6812485.36,6880225.414942239,new_observed,55712049158.33,9322642.458474595,1,
3507704,Braúna,2025,ok,ok,1249995.2,,1249995.2,new_observed,8231337.96,,8284005.811649256,new_observed,59267888460.755,9534001.011649257,1,
3507753,Brejo Alegre,2019,ok,ok,417257.19,417257.19,417257.19,new_observed,8550958.66,8550958.66,8446833.355516521,new_observed,37092224874.8675,15436021.23123171,1,
3507753,Brejo Alegre,2020,ok,ok,459601.24,459601.24,459601.24,new_observed,5271670.93,5271670.93,5342154.676318586,new_observed,37158522668.0775,9889389.236037113,2,
3507753,Brejo Alegre,2021,ok,ok,400240.48,400240.48,400240.48,new_observed,4662249.18,4662249.18,4667756.700299733,new_observed,46897671220.665,6880250.497863515,1,
3507753,Brejo Alegre,2022,ok,ok,340840.69,340840.69,340840.69,new_observed,4787705.59,4787705.59,4785381.097129079,new_observed,50777650919.455,6513350.105478472,1,
3507753,Brejo Alegre,2023,ok,ok,394435.99,394435.99,394435.99,new_observed,4704594.94,4704594.94,4661285.559585449,new_observed,48945614200.0975,6239781.561655776,1,
3507753,Brejo Alegre,2024,ok,ok,761501.31,761501.31,761501.31,new_observed,5113681.08,5113681.08,5164529.047960446,new_observed,55712049158.33,6355509.465788591,1,
3507753,Brejo Alegre,2025,ok,ok,474586.9,474586.9,474586.9,new_observed,6819994.78,6819994.78,6863632.214772724,new_observed,59267888460.755,7338219.114772724,1,
3507803,Brodowski,2019,ok,ok,3641431.76,3641431.76,3641431.76,new_observed,14578529.95,14578529.95,14401006.711925397,new_observed,37092224874.8675,31419293.596532583,5,
3507803,Brodowski,2020,ok,ok,4393864.26,4393864.26,4393864.26,new_observed,13867179.08,13867179.08,14052587.225805704,new_observed,37158522668.0775,31442918.55741531,1,
3507803,Brodowski,2021,ok,ok,4978887.46,4978887.46,4978887.46,new_observed,17319510.09,17319510.09,17339969.647119194,new_observed,46897671220.665,30299805.28006522,3,
3507803,Brodowski,2022,ok,ok,6114570.36,6114570.36,6114570.36,new_observed,20558074.53,20558074.53,20548093.319420833,new_observed,50777650919.455,33877438.49178094,1,
3507803,Brodowski,2023,ok,ok,6588306.14,6588306.14,6588306.14,new_observed,21499355.84,21499355.84,21301437.89113991,new_observed,48945614200.0975,34421577.38672841,5,
3507803,Brodowski,2024,ok,ok,6920184.85,6920184.85,6920184.85,new_observed,23930032.18,23930032.18,24167980.83001262,new_observed,55712049158.33,33341228.32967151,1,
3507803,Brodowski,2025,ok,ok,7720034.72,7720034.72,7720034.72,new_observed,26415789.31,26415789.31,26584809.56883737,new_observed,59267888460.755,34304844.28883737,1,
3507902,Brotas,2019,ok,ok,10959752.54,10959752.54,10959752.54,new_observed,28711709.41,28711709.41,28362085.981396336,new_observed,37092224874.8675,68475466.39450194,1,
3507902,Brotas,2020,ok,ok,9695325.7,9695325.7,9695325.7,new_observed,26962579.22,26962579.22,27323076.606705673,new_observed,37158522668.0775,63099757.14033878,1,
3507902,Brotas,2021,ok,ok,11240603.61,11240603.61,11240603.61,new_observed,34073925.63,34073925.63,34114177.19739882,new_observed,46897671220.665,61573091.32759637,1,
3507902,Brotas,2022,ok,ok,14528425.74,14528425.74,14528425.74,new_observed,41410085.47,41410085.47,41389980.33892003,new_observed,50777650919.455,71049628.9970902,1,
3507902,Brotas,2023,ok,ok,18371793.27,18371793.27,18371793.27,new_observed,42361607.81,42361607.81,41971636.93875315,new_observed,48945614200.0975,74475981.22062598,1,
3507902,Brotas,2024,ok,ok,19300356.98,19300356.98,19300356.98,new_observed,47342270.46,47342270.46,47813019.06826574,new_observed,55712049158.33,71977305.37826401,1,
3507902,Brotas,2025,ok,ok,21514714.75,21514714.75,21514714.75,new_observed,50816660.7,50816660.7,51141808.85453626,new_observed,59267888460.755,72656523.60453627,1,
3508009,Buri,2019,ok,ok,2082483.02,2082483.02,2082483.02,new_observed,19115539.12,19115539.12,18882768.572231285,new_observed,37092224874.8675,36509111.34470353,1,
3508009,Buri,2020,ok,ok,2102670.79,2102670.79,2102670.79,new_observed,20153519.95,20153519.95,20422978.269087903,new_observed,37158522668.0775,38396119.13233424,1,
3508009,Buri,2021,ok,ok,2696167.57,2696167.57,2696167.57,new_observed,26798464.3,26798464.3,26830121.356591288,new_observed,46897671220.665,40084525.870874114,1,
3508009,Buri,2022,ok,ok,4086055.89,4086055.89,4086055.89,new_observed,29583702.66,29583702.66,29569339.390447196,new_observed,50777650919.455,42762366.02759004,1,
3508009,Buri,2023,ok,ok,4593280.54,4593280.54,4593280.54,new_observed,33997602.39,33997602.39,33684628.56039946,new_observed,48945614200.0975,47242671.314244516,1,
3508009,Buri,2024,ok,ok,4350490.08,4350490.08,4350490.08,new_observed,41218187.86,41218187.86,41628041.55695619,new_observed,55712049158.33,49310748.57711448,1,
3508009,Buri,2025,ok,ok,3786753.85,3786753.85,3786753.85,new_observed,43108488.34,43108488.34,43384316.094825275,new_observed,59267888460.755,47171069.94482528,1,
3508108,Buritama,2019,ok,ok,2385531.03,2385531.03,2385531.03,new_observed,17818873.95,17818873.95,17601892.936599046,new_observed,37092224874.8675,34806311.95290597,1,
3508108,Buritama,2020,ok,ok,2211493.65,2211493.65,2211493.65,new_observed,16802140.37,16802140.37,17026789.78669801,new_observed,37158522668.0775,32792636.553975478,1,
3508108,Buritama,2021,ok,ok,2318966.5,2318966.5,2318966.5,new_observed,20290319.3,20290319.3,20314288.27744381,new_observed,46897671220.665,30726627.681661375,1,
3508108,Buritama,2022,ok,ok,3026642.45,3026642.45,3026642.45,new_observed,22905405.36,22905405.36,22894284.489999954,new_observed,50777650919.455,32934991.74043779,1,
3508108,Buritama,2023,ok,ok,2312318.47,2312318.47,2312318.47,new_observed,15856895.24,15856895.24,15710920.439427087,new_observed,48945614200.0975,22244317.200891234,1,
3508108,Buritama,2024,ok,ok,6167374.46,6167374.46,6167374.46,new_observed,25813861.97,25813861.97,26070542.51105281,new_observed,55712049158.33,34574305.9165409,1,
3508108,Buritama,2025,ok,ok,9968892.89,9968892.89,9968892.89,new_observed,28965077.55,28965077.55,29150409.316819187,new_observed,59267888460.755,39119302.20681919,1,
3508207,Buritizal,2019,ok,ok,1268996.43,1268996.43,1268996.43,new_observed,11969766.02,11969766.02,11824009.78599331,new_observed,37092224874.8675,22800299.804354567,1,
3508207,Buritizal,2020,ok,ok,1351217.35,1351217.35,1351217.35,new_observed,13043911.54,13043911.54,13218312.363608964,new_observed,37158522668.0775,24834507.41500919,1,
3508207,Buritizal,2021,ok,ok,1712154.63,1712154.63,1712154.63,new_observed,16156894.17,16156894.17,16175980.327600425,new_observed,46897671220.665,24284711.508186188,1,
3508207,Buritizal,2022,ok,ok,2170757.54,2170757.54,2170757.54,new_observed,17476493.8,17476493.8,17468008.736646973,new_observed,50777650919.455,24952911.854230065,1,
3508207,Buritizal,2023,ok,ok,2258926.31,2258926.31,2258926.31,new_observed,22733448.18,22733448.18,22524169.47101042,new_observed,48945614200.0975,30587345.956143066,1,
3508207,Buritizal,2024,ok,ok,2604851.28,2604851.28,2604851.28,new_observed,24743352.81,24743352.81,24989388.72644336,new_observed,55712049158.33,29594086.25482502,1,
3508207,Buritizal,2025,ok,ok,3982108.6,3982108.6,3982108.6,new_observed,20885694.68,20885694.68,21019330.873088334,new_observed,59267888460.755,25001439.473088335,1,
3508306,Cabrália Paulista,2019,ok,ok,1221.37,1221.37,1221.37,new_observed,1256209.48,1256209.48,1240912.575898252,new_observed,37092224874.8675,2163065.219433831,1,
3508306,Cabrália Paulista,2020,ok,ok,4738.47,4738.47,4738.47,new_observed,4280852.83,4280852.83,4338089.0552696455,new_observed,37158522668.0775,7402571.290799708,1,
3508306,Cabrália Paulista,2021,ok,ok,15353.16,15353.16,15353.16,new_observed,5163014.96,5163014.96,5169114.035489576,new_observed,46897671220.665,7038368.754738452,1,
3508306,Cabrália Paulista,2022,ok,ok,1575670.1,1575670.1,1575670.1,new_observed,5769475.09,5769475.09,5766673.935362657,new_observed,50777650919.455,9329143.233182626,2,
3508306,Cabrália Paulista,2023,ok,ok,2139341.36,2139341.36,2139341.36,new_observed,5964279.26,5964279.26,5909373.525783919,new_observed,48945614200.0975,9933739.872097367,1,
3508306,Cabrália Paulista,2024,ok,ok,1717730.49,1717730.49,1717730.49,new_observed,7404640.25,7404640.25,7478268.406371188,new_observed,55712049158.33,9862463.48784881,2,
3508306,Cabrália Paulista,2025,ok,ok,1662810.49,1662810.49,1662810.49,new_observed,8606736.39,8606736.39,8661806.211889902,new_observed,59267888460.755,10324616.701889902,1,
3508405,Cabreúva,2019,ok,ok,15850810.25,15850810.25,15850810.25,new_observed,115964027.42,115964027.42,114551929.64893699,new_observed,37092224874.8675,227084713.46887442,1,
3508405,Cabreúva,2020,ok,ok,19003745.24,19003745.24,19003745.24,new_observed,112146512.36,112146512.36,113645943.26770584,new_observed,37158522668.0775,226108168.0465075,1,
3508405,Cabreúva,2021,ok,ok,22675741.4,22675741.4,22675741.4,new_observed,145818456.84,145818456.84,145990712.3501875,new_observed,46897671220.665,228979498.4295884,2,
3508405,Cabreúva,2022,ok,ok,21348313.65,21348313.65,21348313.65,new_observed,162513181.15,162513181.15,162434278.90258467,new_observed,50777650919.455,233513183.4508242,1,
3508405,Cabreúva,2023,ok,ok,25347321.83,25347321.83,25347321.83,new_observed,145646726.26,145646726.26,144305937.19012773,new_observed,48945614200.0975,209386388.69369805,3,
3508405,Cabreúva,2024,ok,ok,31276268.82,31276268.82,31276268.82,new_observed,164120676.12,164120676.12,165752612.63509384,new_observed,55712049158.33,211308219.07442296,1,
3508405,Cabreúva,2025,ok,ok,33569292.33,33569292.33,33569292.33,new_observed,184832949.37,184832949.37,186015594.81653854,new_observed,59267888460.755,219584887.14653856,2,
3508504,Caçapava,2019,ok,ok,27586538.91,27586538.91,27586538.91,new_observed,76124333.83,76124333.83,75197365.31643093,new_observed,37092224874.8675,178988980.28185958,1,
3508504,Caçapava,2020,ok,ok,23713769.85,23713769.85,23713769.85,new_observed,81552272.03,81552272.03,82642649.20448476,new_observed,37158522668.0775,181289947.55233985,1,
3508504,Caçapava,2021,ok,ok,27512458.12,27512458.12,27512458.12,new_observed,106978264.99,106978264.99,107104638.53704038,new_observed,46897671220.665,182754510.97247168,1,
3508504,Caçapava,2022,ok,ok,32266940.45,32266940.45,32266940.45,new_observed,112121551.08,112121551.08,112067114.61951537,new_observed,50777650919.455,183390081.78919664,1,
3508504,Caçapava,2023,ok,ok,37761039.19,37761039.19,37761039.19,new_observed,96905612.18,96905612.18,96013522.19654043,new_observed,48945614200.0975,165104828.92926884,1,
3508504,Caçapava,2024,ok,ok,50103937.62,50103937.62,50103937.62,new_observed,111867820.72,111867820.72,112980180.14851865,new_observed,55712049158.33,174903365.59030497,1,
3508504,Caçapava,2025,ok,ok,55265019.98,55265019.98,55265019.98,new_observed,128456114.47,128456114.47,129278035.23345578,new_observed,59267888460.755,184543055.21345577,1,
3508603,Cachoeira Paulista,2019,ok,ok,13445856.15,13445856.15,13445856.15,new_observed,11384298.91,11384298.91,11245671.92822312,new_observed,37092224874.8675,42998088.71422089,1,
3508603,Cachoeira Paulista,2020,ok,ok,11249367.86,11249367.86,11249367.86,new_observed,10549545.82,10549545.82,10690596.261354689,new_observed,37158522668.0775,37397789.246956505,3,
3508603,Cachoeira Paulista,2021,ok,ok,9030212.79,9030212.79,9030212.79,new_observed,13358325.98,13358325.98,13374106.18579014,new_observed,46897671220.665,30415827.259469092,1,
3508603,Cachoeira Paulista,2022,ok,ok,9155065.6,9155065.6,9155065.6,new_observed,14556043.13,14556043.13,14548975.98314887,new_observed,50777650919.455,30118229.010987803,1,
3508603,Cachoeira Paulista,2023,ok,ok,9429485.59,9429485.59,9429485.59,new_observed,13573039.46,13573039.46,13448089.291738575,new_observed,48945614200.0975,28235548.283741362,1,
3508603,Cachoeira Paulista,2024,ok,ok,10238607.31,10238607.31,10238607.31,new_observed,14666178.05,14666178.05,14812011.421288105,new_observed,55712049158.33,26866120.295299575,1,
3508603,Cachoeira Paulista,2025,ok,ok,9966304.16,9966304.16,9966304.16,new_observed,16184566.15,16184566.15,16288122.380243251,new_observed,59267888460.755,26254426.540243253,1,
3508702,Caconde,2019,ok,ok,1175518.44,1175518.44,1175518.44,new_observed,11748465.44,11748465.44,11605403.99042522,new_observed,37092224874.8675,22256833.792222187,1,
3508702,Caconde,2020,ok,ok,1235650.54,1235650.54,1235650.54,new_observed,11042754.16,11042754.16,11190398.937757771,new_observed,37158522668.0775,21180835.892485753,1,
3508702,Caconde,2021,ok,ok,1335211.38,1335211.38,1335211.38,new_observed,14110409.93,14110409.93,14127078.573422238,new_observed,46897671220.665,20991414.234340902,1,
3508702,Caconde,2022,ok,ok,3116530.14,3116530.14,3116530.14,new_observed,16047602.14,16047602.14,16039810.821994204,new_observed,50777650919.455,24339944.81835804,1,
3508702,Caconde,2023,ok,ok,2270098.15,2270098.15,2270098.15,new_observed,16113817.01,16113817.01,15965477.048809513,new_observed,48945614200.0975,22506383.07029567,1,
3508702,Caconde,2024,ok,ok,2123358.48,2123358.48,2123358.48,new_observed,17148113.1,17148113.1,17318625.631354596,new_observed,55712049158.33,20851009.29114246,1,
3508702,Caconde,2025,ok,ok,2259387.79,2259387.79,2259387.79,new_observed,18840550.06,18840550.06,18961100.48574761,new_observed,59267888460.755,21220488.27574761,1,
3508801,Cafelândia,2019,ok,ok,3075053.73,3075053.73,3075053.73,new_observed,18933307.29,18933307.29,18702755.78521112,new_observed,37092224874.8675,37924108.32451963,1,
3508801,Cafelândia,2020,ok,ok,3207282.51,3207282.51,3207282.51,new_observed,18384674.49,18384674.49,18630482.83997281,new_observed,37158522668.0775,37223586.22217957,1,
3508801,Cafelândia,2021,ok,ok,2847723.74,2847723.74,2847723.74,new_observed,23198385.02,23198385.02,23225789.298811775,new_observed,46897671220.665,35397079.8886131,1,
3508801,Cafelândia,2022,ok,ok,5220661.4,5220661.4,5220661.4,new_observed,25716688.21,25716688.21,25704202.42588397,new_observed,50777650919.455,39292967.30156417,1,
3508801,Cafelândia,2023,ok,ok,4692013.68,4692013.68,4692013.68,new_observed,25873408.37,25873408.37,25635223.93541883,new_observed,48945614200.0975,37429936.80183207,2,
3508801,Cafelândia,2024,ok,ok,4135318.69,4135318.69,4135318.69,new_observed,29046712.69,29046712.69,29335539.13285228,new_observed,55712049158.33,35896602.08801476,1,
3508801,Cafelândia,2025,ok,ok,6908594.8,6908594.8,6908594.8,new_observed,31732161.59,31732161.59,31935198.421588477,new_observed,59267888460.755,38843793.22158848,1,
3508900,Caiabu,2019,ok,ok,119666.77,119666.77,119666.77,new_observed,4103169.52,4103169.52,4053205.0899746385,new_observed,37092224874.8675,7266683.287475882,1,
3508900,Caiabu,2020,ok,ok,179198.57,179198.57,179198.57,new_observed,3948290.94,3948290.94,4001080.7177957343,new_observed,37158522668.0775,7125499.519219335,1,
3508900,Caiabu,2021,ok,ok,216491.54,216491.54,216491.54,new_observed,4839505.0,4839505.0,4845221.912803053,new_observed,46897671220.665,6871719.786874659,1,
3508900,Caiabu,2022,ok,ok,881472.46,881472.46,881472.46,new_observed,5334183.58,5334183.58,5331593.765010166,new_observed,50777650919.455,7894288.860778803,2,
3508900,Caiabu,2023,ok,ok,1523562.43,1523562.43,1523562.43,new_observed,5441510.27,5441510.27,5391417.022585778,new_observed,48945614200.0975,8534481.352322746,1,
3508900,Caiabu,2024,ok,ok,960864.31,960864.31,960864.31,new_observed,6016489.04,6016489.04,6076314.093059488,new_observed,55712049158.33,7547186.101233628,2,
3508900,Caiabu,2025,ok,ok,540576.05,540576.05,540576.05,new_observed,6685530.29,6685530.29,6728307.359684346,new_observed,59267888460.755,7268883.409684346,1,
3509007,Caieiras,2019,ok,ok,49468779.36,49468779.36,49468779.36,new_observed,75640751.65,75640751.65,74719671.73252144,new_observed,37092224874.8675,216263085.07278877,1,
3509007,Caieiras,2020,ok,ok,42499313.83,42499313.83,42499313.83,new_observed,71531547.72,71531547.72,72487944.94778985,new_observed,37158522668.0775,196001654.60942936,1,
3509007,Caieiras,2021,ok,ok,51309483.02,51309483.02,51309483.02,new_observed,90748030.52,90748030.52,90855231.27245952,new_observed,46897671220.665,193001063.6334786,1,
3509007,Caieiras,2022,ok,ok,57882871.09,57882871.09,57882871.09,new_observed,115901967.3,115901967.3,115845695.3986372,new_observed,50777650919.455,220738591.47189027,1,
3509007,Caieiras,2023,ok,ok,61223066.21,61223066.21,61223066.21,new_observed,105112822.04,105112822.04,104145178.43747185,new_observed,48945614200.0975,204097815.4580695,1,
3509007,Caieiras,2024,ok,ok,69557452.87,69557452.87,69557452.87,new_observed,95769034.41,95769034.41,96721315.30454545,new_observed,55712049158.33,178329542.9247013,1,
3509007,Caieiras,2025,ok,ok,77017039.0,77017039.0,77017039.0,new_observed,108971201.44,108971201.44,109668448.8497617,new_observed,59267888460.755,186685487.8497617,3,
3509106,Caiuá,2019,ok,ok,1553160.94,1553160.94,1553160.94,new_observed,7581060.02,7581060.02,7488745.203114891,new_observed,37092224874.8675,15745671.19765279,2,
3509106,Caiuá,2020,ok,ok,1174668.81,1174668.81,1174668.81,new_observed,7598561.02,7598561.02,7700155.951556165,new_observed,37158522668.0775,15127592.014305232,3,
3509106,Caiuá,2021,ok,ok,1302940.44,1302940.44,1302940.44,new_observed,9487867.01,9487867.01,9499075.03817295,new_observed,46897671220.665,14664683.054782864,1,
3509106,Caiuá,2022,ok,ok,2863411.49,2863411.49,2863411.49,new_observed,10643808.65,10643808.65,10638640.943493973,new_observed,50777650919.455,17155635.923260808,1,
3509106,Caiuá,2023,ok,ok,1703406.63,1703406.63,1703406.63,new_observed,11712750.29,11712750.29,11604925.500729138,new_observed,48945614200.0975,16425169.905277688,1,
3509106,Caiuá,2024,ok,ok,1933601.89,1933601.89,1933601.89,new_observed,13077743.5,13077743.5,13207782.247446278,new_observed,55712049158.33,16238730.549433231,1,
3509106,Caiuá,2025,ok,ok,1952724.26,1952724.26,1952724.26,new_observed,13341387.88,13341387.88,13426752.159910945,new_observed,59267888460.755,15379476.419910945,1,
3509205,Cajamar,2019,ok,ok,64930946.67,64930946.67,64930946.67,new_observed,200198913.11,200198913.11,197761084.3689545,new_observed,37092224874.8675,457454687.26553905,1,
3509205,Cajamar,2020,ok,ok,88545237.92,88545237.92,88545237.92,new_observed,203363703.89,203363703.89,206082734.70693126,new_observed,37158522668.0775,502208425.02816767,1,
3509205,Cajamar,2021,ok,ok,130392083.99,130392083.99,130392083.99,new_observed,280448908.05,280448908.05,280780202.66650176,new_observed,46897671220.665,558202427.7702469,5,
3509205,Cajamar,2022,ok,ok,171876325.79,171876325.79,171876325.79,new_observed,318388120.4,318388120.4,318233538.85730827,new_observed,50777650919.455,622730984.1746813,1,
3509205,Cajamar,2023,ok,ok,137764245.42,137764245.42,137764245.42,new_observed,340988454.91,340988454.91,337849396.41527075,new_observed,48945614200.0975,587003299.8631064,1,
3509205,Cajamar,2024,ok,ok,151027955.29,151027955.29,151027955.29,new_observed,400643765.31,400643765.31,404627572.8692377,new_observed,55712049158.33,595925730.3145536,1,
3509205,Cajamar,2025,ok,ok,169669087.79,169669087.79,169669087.79,new_observed,448183461.75,448183461.75,451051143.79510695,new_observed,59267888460.755,620720231.585107,1,
3509254,Cajati,2019,ok,ok,9503394.25,9503394.25,9503394.25,new_observed,34408472.79,34408472.79,33989479.68659161,new_observed,37092224874.8675,75738951.67757356,1,
3509254,Cajati,2020,ok,ok,10166335.69,10166335.69,10166335.69,new_observed,33526930.27,33526930.27,33975194.90551502,new_observed,37158522668.0775,75241493.06344555,1,
3509254,Cajati,2021,ok,ok,14525505.83,14525505.83,14525505.83,new_observed,42120355.58,42120355.58,42170112.404320754,new_observed,46897671220.665,76969272.41784592,1,
3509254,Cajati,2022,ok,ok,20353577.7,20353577.7,20353577.7,new_observed,49948723.59,49948723.59,49924472.83988307,new_observed,50777650919.455,89294916.78375614,1,
3509254,Cajati,2023,ok,ok,23759582.61,23759582.61,23759582.61,new_observed,58822757.88,58822757.88,58281249.58214473,new_observed,48945614200.0975,101254957.77302362,1,
3509254,Cajati,2024,ok,ok,22654131.03,22654131.03,22654131.03,new_observed,63683457.79,63683457.79,64316695.25058022,new_observed,55712049158.33,93273891.00043692,1,
3509254,Cajati,2025,ok,ok,20880458.95,20880458.95,20880458.95,new_observed,67500351.97,67500351.97,67932249.98477043,new_observed,59267888460.755,88812708.93477044,1,
3509304,Cajobi,2019,ok,ok,604726.08,604726.08,604726.08,new_observed,6964894.19,6964894.19,6880082.44466653,new_observed,37092224874.8675,13034124.900370618,1,
3509304,Cajobi,2020,ok,ok,989164.99,989164.99,989164.99,new_observed,6498823.6,6498823.6,6585714.7280832995,new_observed,37158522668.0775,12911769.303770088,1,
3509304,Cajobi,2021,ok,ok,850799.8,850799.8,850799.8,new_observed,8267911.42,8267911.42,8277678.313236292,new_observed,46897671220.665,12392709.358140508,1,
3509304,Cajobi,2022,ok,ok,1721637.42,1721637.42,1721637.42,new_observed,8761544.5,8761544.5,8757290.657037925,new_observed,50777650919.455,13314470.214153782,1,
3509304,Cajobi,2023,ok,ok,1467575.38,1467575.38,1467575.38,new_observed,8339240.46,8339240.46,8262471.398676612,new_observed,48945614200.0975,12008843.028274128,1,
3509304,Cajobi,2024,ok,ok,1945607.49,1945607.49,1945607.49,new_observed,9203857.69,9203857.69,9295376.393183112,new_observed,55712049158.33,12055655.330617547,1,
3509304,Cajobi,2025,ok,ok,2426824.99,2426824.99,2426824.99,new_observed,10639200.39,10639200.39,10707274.842844753,new_observed,59267888460.755,13134099.832844753,1,
3509403,Cajuru,2019,ok,ok,1979931.15,1979931.15,1979931.15,new_observed,17534202.92,17534202.92,17320688.355082188,new_observed,37092224874.8675,33610303.383810155,1,
3509403,Cajuru,2020,ok,ok,2010620.08,2010620.08,2010620.08,new_observed,16349259.67,16349259.67,16567853.942362325,new_observed,37158522668.0775,31667957.7129346,1,
3509403,Cajuru,2021,ok,ok,2112324.72,2112324.72,2112324.72,new_observed,20951671.23,20951671.23,20976421.46323669,new_observed,46897671220.665,31344997.199241422,1,
3509403,Cajuru,2022,ok,ok,3395077.79,3395077.79,3395077.79,new_observed,23659838.35,23659838.35,23648351.193043943,new_observed,50777650919.455,34361236.858980544,1,
3509403,Cajuru,2023,ok,ok,3601263.37,3601263.37,3601263.37,new_observed,22259184.65,22259184.65,22054271.898101192,new_observed,48945614200.0975,31664112.5010996,1,
3509403,Cajuru,2024,ok,ok,4976061.33,4976061.33,4976061.33,new_observed,24165996.75,24165996.75,24406291.71741245,new_observed,55712049158.33,31511789.78844146,1,
3509403,Cajuru,2025,ok,ok,4303470.56,4303470.56,4303470.56,new_observed,28469797.78,28469797.78,28651960.521130048,new_observed,59267888460.755,32955431.081130046,1,
3509452,Campina do Monte Alegre,2019,ok,ok,326582.29,326582.29,326582.29,new_observed,5194368.88,5194368.88,5131116.8795243595,new_observed,37092224874.8675,9504095.182902334,4,
3509452,Campina do Monte Alegre,2020,ok,ok,315078.59,315078.59,315078.59,new_observed,4827331.47,4827331.47,4891874.27080172,new_observed,37158522668.0775,8875517.053264735,1,
3509452,Campina do Monte Alegre,2021,ok,ok,338832.72,338832.72,338832.72,new_observed,5825411.57,5825411.57,5832293.13536414,new_observed,46897671220.665,8377844.388665666,1,
3509452,Campina do Monte Alegre,2022,ok,ok,592471.31,592471.31,592471.31,new_observed,6599628.77,6599628.77,6596424.5650341315,new_observed,50777650919.455,9134172.81778415,2,
3509452,Campina do Monte Alegre,2023,ok,ok,1187552.29,1187552.29,1187552.29,new_observed,7274683.12,7274683.12,7207714.119978205,new_observed,48945614200.0975,10361454.45044643,1,
3509452,Campina do Monte Alegre,2024,ok,ok,690236.61,690236.61,690236.61,new_observed,8381461.91,8381461.91,8464803.10785612,new_observed,55712049158.33,9818535.861589903,1,
3509452,Campina do Monte Alegre,2025,ok,ok,729846.09,729846.09,729846.09,new_observed,9549741.31,9549741.31,9610844.9071367,new_observed,59267888460.755,10340690.997136699,1,
3509502,Campinas,2019,ok,ok,1258219216.61,1258219216.61,1258219216.61,new_observed,1002211769.1,1002211769.1,990007803.4671614,new_observed,37092224874.8675,3915086362.931285,1,
3509502,Campinas,2020,ok,ok,1180946711.32,1180946711.32,1180946711.32,new_observed,955284198.44,955284198.44,968056621.0739369,new_observed,37158522668.0775,3663085922.6269937,1,
3509502,Campinas,2021,ok,ok,1427651135.53,1427651135.53,1427651135.53,new_observed,1200815017.44,1200815017.44,1202233541.596355,new_observed,46897671220.665,3570299018.6060243,1,
3509502,Campinas,2022,ok,ok,1600867462.7,1600867462.7,1600867462.7,new_observed,1276728398.07,1276728398.07,1276108529.9507873,new_observed,50777650919.455,3655470376.2994237,1,
3509502,Campinas,2023,ok,ok,1703195853.42,1703195853.42,1703195853.42,new_observed,1152192944.45,1152192944.45,1141586130.6480563,new_observed,48945614200.0975,3511035565.749046,1,
3509502,Campinas,2024,ok,ok,1893722927.39,1893722927.39,1893722927.39,new_observed,1215362328.98,1215362328.98,1227447303.345337,new_observed,55712049158.33,3347371806.681588,1,
3509502,Campinas,2025,ok,ok,2359147334.52,2359147334.52,2359147334.52,new_observed,1254912440.96,1254912440.96,1262941942.675817,new_observed,59267888460.755,3622089277.195817,3,
3509601,Campo Limpo Paulista,2019,ok,ok,11896669.25,11896669.25,11896669.25,new_observed,40596777.38,40596777.38,40102429.08832665,new_observed,37092224874.8675,90551781.01280822,1,
3509601,Campo Limpo Paulista,2020,ok,ok,10463371.83,10463371.83,10463371.83,new_observed,42796616.33,42796616.33,43368819.3162546,new_observed,37158522668.0775,91759718.84247555,1,
3509601,Campo Limpo Paulista,2021,ok,ok,12945927.12,12945927.12,12945927.12,new_observed,57392120.85,57392120.85,57459918.22813717,new_observed,46897671220.665,95582107.73913124,1,
3509601,Campo Limpo Paulista,2022,ok,ok,14351804.08,14351804.08,14351804.08,new_observed,64125891.95,64125891.95,64094758.001623854,new_observed,50777650919.455,99673784.05118203,1,
3509601,Campo Limpo Paulista,2023,ok,ok,18631941.18,18631941.18,18631941.18,new_observed,62039896.22,62039896.22,61468771.71288754,new_observed,48945614200.0975,98860458.68675369,1,
3509601,Campo Limpo Paulista,2024,ok,ok,19563710.23,19563710.23,19563710.23,new_observed,66472311.05,66472311.05,67133279.51667786,new_observed,55712049158.33,92980208.62316772,1,
3509601,Campo Limpo Paulista,2025,ok,ok,18941417.88,18941417.88,18941417.88,new_observed,75580759.59,75580759.59,76064359.73531882,new_observed,59267888460.755,95005777.61531882,1,
3509700,Campos do Jordão,2019,ok,ok,18429373.49,18429373.49,18429373.49,new_observed,24136928.38,24136928.38,23843012.210270394,new_observed,37092224874.8675,73613580.5262317,1,
3509700,Campos do Jordão,2020,ok,ok,14725216.38,14725216.38,14725216.38,new_observed,23882814.44,23882814.44,24202134.491785333,new_observed,37158522668.0775,66353657.45326789,1,
3509700,Campos do Jordão,2021,ok,ok,22683030.51,22683030.51,22683030.51,new_observed,30130527.29,30130527.29,30166120.516420245,new_observed,46897671220.665,71747355.95249225,1,
3509700,Campos do Jordão,2022,ok,ok,31862068.61,31862068.61,31862068.61,new_observed,31440142.33,31440142.33,31424877.73502167,new_observed,50777650919.455,80412057.02155426,1,
3509700,Campos do Jordão,2023,ok,ok,35861629.35,35861629.35,35861629.35,new_observed,30420996.85,30420996.85,30140948.399077147,new_observed,48945614200.0975,81460512.33660462,1,
3509700,Campos do Jordão,2024,ok,ok,41816549.09,41816549.09,41816549.09,new_observed,34891756.76,34891756.76,35238703.49016569,new_observed,55712049158.33,82639702.7318844,1,
3509700,Campos do Jordão,2025,ok,ok,43515773.11,43515773.11,43515773.11,new_observed,45999377.36,45999377.36,46293702.34027995,new_observed,59267888460.755,89809475.45027995,1,
3509809,Campos Novos Paulista,2019,ok,ok,634079.13,634079.13,634079.13,new_observed,8745463.45,8745463.45,8638969.654299624,new_observed,37092224874.8675,16148185.443017216,1,
3509809,Campos Novos Paulista,2020,ok,ok,451240.12,451240.12,451240.12,new_observed,8916063.86,8916063.86,9035274.180904562,new_observed,37158522668.0775,16170248.071105871,1,
3509809,Campos Novos Paulista,2021,ok,ok,566981.34,566981.34,566981.34,new_observed,11309250.71,11309250.71,11322610.340825247,new_observed,46897671220.665,16141163.100756455,3,
3509809,Campos Novos Paulista,2022,ok,ok,1441250.67,1441250.67,1441250.67,new_observed,12888901.13,12888901.13,12882643.402111873,new_observed,50777650919.455,18199863.532963272,1,
3509809,Campos Novos Paulista,2023,ok,ok,1357723.83,1357723.83,1357723.83,new_observed,14506054.98,14506054.98,14372515.69309952,new_observed,48945614200.0975,19414292.811421454,1,
3509809,Campos Novos Paulista,2024,ok,ok,1157698.31,1157698.31,1157698.31,new_observed,17541949.47,17541949.47,17716378.11947188,new_observed,55712049158.33,20241943.452819303,1,
3509809,Campos Novos Paulista,2025,ok,ok,1245460.79,1245460.79,1245460.79,new_observed,20389961.69,20389961.69,20520425.957491085,new_observed,59267888460.755,21765886.747491084,1,
3509908,Cananéia,2019,ok,ok,1398419.51,1398419.51,1398419.51,new_observed,10366346.63,10366346.63,10240115.286574231,new_observed,37092224874.8675,20267467.857852336,3,
3509908,Cananéia,2020,ok,ok,1789975.67,1789975.67,1789975.67,new_observed,10167389.01,10167389.01,10303329.905632349,new_observed,37158522668.0775,20613656.919171732,1,
3509908,Cananéia,2021,ok,ok,1982819.62,1982819.62,1982819.62,new_observed,12976061.14,12976061.14,12991389.775896536,new_observed,46897671220.665,20328802.086100698,1,
3509908,Cananéia,2022,ok,ok,2362669.82,2362669.82,2362669.82,new_observed,14070900.27,14070900.27,14064068.66627036,new_observed,50777650919.455,20871726.44789866,1,
3509908,Cananéia,2023,ok,ok,2780853.28,2780853.28,2780853.28,new_observed,13472320.65,13472320.65,13348297.675112888,new_observed,48945614200.0975,19906630.09182702,1,
3509908,Cananéia,2024,ok,ok,3207179.36,3207179.36,3207179.36,new_observed,18901661.35,18901661.35,19089610.315860033,new_observed,55712049158.33,23912712.099300995,1,
3509908,Cananéia,2025,ok,ok,3485316.92,3485316.92,3485316.92,new_observed,25276736.14,25276736.14,25438468.217539303,new_observed,59267888460.755,28923785.137539305,1,
3509957,Canas,2019,ok,ok,1614164.07,1614164.07,1614164.07,new_observed,3481352.35,3481352.35,3438959.8080790895,new_observed,37092224874.8675,8799563.482068153,1,
3509957,Canas,2020,ok,ok,4166334.49,4166334.49,4166334.49,new_observed,3524114.6,3524114.6,3571233.018953367,new_observed,37158522668.0775,13189078.951240744,1,
3509957,Canas,2021,ok,ok,1672613.46,1672613.46,1672613.46,new_observed,4358153.95,4358153.95,4363302.242256013,new_observed,46897671220.665,8194284.751565912,1,
3509957,Canas,2022,ok,ok,1663728.05,1663728.05,1663728.05,new_observed,4666594.35,4666594.35,4664328.658199586,new_observed,50777650919.455,8040395.156392339,1,
3509957,Canas,2023,ok,ok,1737525.72,1737525.72,1737525.72,new_observed,4189284.59,4189284.59,4150719.033924066,new_observed,48945614200.0975,7267283.351288283,1,
3509957,Canas,2024,ok,ok,2029848.9,2029848.9,2029848.9,new_observed,4632337.36,4632337.36,4678399.079137021,new_observed,55712049158.33,7194416.996698599,1,
3509957,Canas,2025,ok,ok,2223480.0,2223480.0,2223480.0,new_observed,5269051.66,5269051.66,5302765.453858265,new_observed,59267888460.755,7526245.453858265,1,
3510005,Cândido Mota,2019,ok,ok,3069735.7,3069735.7,3069735.7,new_observed,35017710.63,35017710.63,34591298.81740178,new_observed,37092224874.8675,65583324.698189795,5,
3510005,Cândido Mota,2020,ok,ok,2634437.57,2634437.57,2634437.57,new_observed,35702320.67,35702320.67,36179670.896617636,new_observed,37158522668.0775,66160629.99074081,1,
3510005,Cândido Mota,2021,ok,ok,3379580.05,3379580.05,3379580.05,new_observed,44655837.01,44655837.01,44708589.00143993,new_observed,46897671220.665,65283905.5127388,2,
3510005,Cândido Mota,2022,ok,ok,4864369.9,4864369.9,4864369.9,new_observed,48515159.41,48515159.41,48491604.67379907,new_observed,50777650919.455,67793817.17168963,1,
3510005,Cândido Mota,2023,ok,ok,6137449.66,6137449.66,6137449.66,new_observed,50249292.53,50249292.53,49786709.51201464,new_observed,48945614200.0975,69021708.14396466,1,
3510005,Cândido Mota,2024,ok,ok,6968495.95,6968495.95,6968495.95,new_observed,56903834.38,56903834.38,57469658.54895282,new_observed,55712049158.33,69108201.63550296,1,
3510005,Cândido Mota,2025,ok,ok,9566091.29,9566091.29,9566091.29,new_observed,63843098.72,63843098.72,64251595.96170647,new_observed,59267888460.755,73817687.25170647,3,
3510104,Cândido Rodrigues,2019,ok,ok,333368.23,333368.23,333368.23,new_observed,3247930.75,3247930.75,3208380.5905696885,new_observed,37092224874.8675,6167638.937043131,1,
3510104,Cândido Rodrigues,2020,ok,ok,197001.56,197001.56,197001.56,new_observed,3417550.24,3417550.24,3463243.8630173956,new_observed,37158522668.0775,6239075.240278456,1,
3510104,Cândido Rodrigues,2021,ok,ok,401776.77,401776.77,401776.77,new_observed,4326583.95,4326583.95,4331694.94857883,new_observed,46897671220.665,6426102.854786661,1,
3510104,Cândido Rodrigues,2022,ok,ok,882525.39,882525.39,882525.39,new_observed,4588813.87,4588813.87,4586585.941626735,new_observed,50777650919.455,6949023.734822562,1,
3510104,Cândido Rodrigues,2023,ok,ok,505011.05,505011.05,505011.05,new_observed,4429654.11,4429654.11,4388875.76937736,new_observed,48945614200.0975,6040044.816725514,1,
3510104,Cândido Rodrigues,2024,ok,ok,525779.79,525779.79,525779.79,new_observed,5113435.83,5113435.83,5164281.359313227,new_observed,55712049158.33,6102438.784640715,1,
3510104,Cândido Rodrigues,2025,ok,ok,770227.15,770227.15,770227.15,new_observed,5784001.61,5784001.61,5821010.288323608,new_observed,59267888460.755,6591237.438323609,1,
3510153,Canitar,2019,ok,ok,832306.73,832306.73,832306.73,new_observed,3893313.67,3893313.67,3845904.6615534034,new_observed,37092224874.8675,8146686.904132978,1,
3510153,Canitar,2020,ok,ok,503365.02,503365.02,503365.02,new_observed,3850011.18,3850011.18,3901486.929328466,new_observed,37158522668.0775,7508295.088992155,1,
3510153,Canitar,2021,ok,ok,364144.4,364144.4,364144.4,new_observed,5009893.31,5009893.31,5015811.502708938,new_observed,46897671220.665,7303761.8138350565,3,
3510153,Canitar,2022,ok,ok,682167.72,682167.72,682167.72,new_observed,6494364.17,6494364.17,6491211.072356346,new_observed,50777650919.455,9114456.895162573,2,
3510153,Canitar,2023,ok,ok,809977.75,809977.75,809977.75,new_observed,6459091.5,6459091.5,6399630.642163451,new_observed,48945614200.0975,8898112.973778976,1,
3510153,Canitar,2024,ok,ok,796349.18,796349.18,796349.18,new_observed,5848392.5,5848392.5,5906546.082479592,new_observed,55712049158.33,7188676.350881916,1,
3510153,Canitar,2025,ok,ok,632117.16,632117.16,632117.16,new_observed,7056620.82,7056620.82,7101772.296017492,new_observed,59267888460.755,7733889.456017492,1,
3510203,Capão Bonito,2019,ok,ok,7201975.06,7201975.06,7201975.06,new_observed,33762857.43,33762857.43,33351726.00603741,new_observed,37092224874.8675,70620644.8869144,1,
3510203,Capão Bonito,2020,ok,ok,5383426.11,5383426.11,5383426.11,new_observed,33750492.02,33750492.02,34201745.73997853,new_observed,37158522668.0775,67474946.90336098,1,
3510203,Capão Bonito,2021,ok,ok,6981281.5,6981281.5,6981281.5,new_observed,42143058.31,42143058.31,42192841.95308173,new_observed,46897671220.665,66758183.82165277,1,
3510203,Capão Bonito,2022,ok,ok,10264938.63,10264938.63,10264938.63,new_observed,45229319.01,45229319.01,45207359.59173189,new_observed,50777650919.455,70482806.72928147,1,
3510203,Capão Bonito,2023,ok,ok,11405278.24,11405278.24,11405278.24,new_observed,47625711.59,47625711.59,47187280.63322883,new_observed,48945614200.0975,72315052.3464612,1,
3510203,Capão Bonito,2024,ok,ok,12649270.89,12649270.89,12649270.89,new_observed,58113996.81,58113996.81,58691854.24804115,new_observed,55712049158.33,76511453.49023798,1,
3510203,Capão Bonito,2025,ok,ok,15068680.65,15068680.65,15068680.65,new_observed,77633886.14,77633886.14,78130623.1246854,new_observed,59267888460.755,93199303.77468541,5,
3510302,Capela do Alto,2019,ok,ok,2127049.36,2127049.36,2127049.36,new_observed,9576531.7,9576531.7,9459917.958920565,new_observed,37092224874.8675,20177667.705674775,1,
3510302,Capela do Alto,2020,ok,ok,2073062.58,2073062.58,2073062.58,new_observed,9074490.7,9074490.7,9195819.233013947,new_observed,37158522668.0775,19208384.51516735,1,
3510302,Capela do Alto,2021,ok,ok,2728847.8,2728847.8,2728847.8,new_observed,11783004.57,11783004.57,11796923.846803036,new_observed,46897671220.665,19720008.52590403,1,
3510302,Capela do Alto,2022,ok,partial,,,3553481.086576029,imputed_temporal,12966115.8,12966115.8,12959820.583392782,new_observed,50777650919.455,20981713.16815499,1,
3510302,Capela do Alto,2023,ok,ok,4343264.37,4343264.37,4343264.37,new_observed,12933583.62,12933583.62,12814520.129887505,new_observed,48945614200.0975,21176171.652499314,1,
3510302,Capela do Alto,2024,ok,ok,3962140.54,3962140.54,3962140.54,new_observed,14851581.89,14851581.89,14999258.827276789,new_observed,55712049158.33,20335594.974036038,1,
3510302,Capela do Alto,2025,ok,ok,4739020.89,4739020.89,4739020.89,new_observed,16749785.94,16749785.94,16856958.704055082,new_observed,59267888460.755,21595979.594055083,1,
3510401,Capivari,2019,ok,partial,,,12116733.662418941,imputed_temporal,43117916.75,43117916.75,42592868.46140413,new_observed,37092224874.8675,95271881.03496099,1,
3510401,Capivari,2020,ok,ok,12222107.08,12222107.08,12222107.08,new_observed,44351429.91,44351429.91,44944421.19799054,new_observed,37158522668.0775,97443266.75719577,1,
3510401,Capivari,2021,ok,ok,15954517.01,15954517.01,15954517.01,new_observed,57990063.78,57990063.78,58058567.508805685,new_observed,46897671220.665,100479251.17014574,1,
3510401,Capivari,2022,ok,ok,18576175.13,18576175.13,18576175.13,new_observed,65011582.08,65011582.08,64980018.1176319,new_observed,50777650919.455,106166054.20180956,1,
3510401,Capivari,2023,ok,ok,20467830.41,20467830.41,20467830.41,new_observed,67497821.82,67497821.82,66876452.949855365,new_observed,48945614200.0975,107800487.72060075,1,
3510401,Capivari,2024,ok,ok,25053494.14,25053494.14,25053494.14,new_observed,74952504.0,74952504.0,75697795.39817753,new_observed,55712049158.33,108053070.21253169,1,
3510401,Capivari,2025,ok,ok,26200061.63,26200061.63,26200061.63,new_observed,77322244.58,77322244.58,77816987.53995581,new_observed,59267888460.755,104017049.1699558,1,
3510500,Caraguatatuba,2019,ok,ok,50507441.67,50507441.67,50507441.67,new_observed,173978180.93,173978180.93,171859642.90600517,new_observed,37092224874.8675,387232398.0691354,1,
3510500,Caraguatatuba,2020,ok,ok,43555527.51,43555527.51,43555527.51,new_observed,201027053.38,201027053.38,203714842.51208997,new_observed,37158522668.0775,421484972.9905616,1,
3510500,Caraguatatuba,2021,ok,ok,52830908.46,52830908.46,52830908.46,new_observed,305110344.32,305110344.32,305470771.51943195,new_observed,46897671220.665,486425943.89092034,1,
3510500,Caraguatatuba,2022,ok,ok,72352416.84,72352416.84,72352416.84,new_observed,281475354.89,281475354.89,281338694.9714894,new_observed,50777650919.455,449398043.2544549,1,
3510500,Caraguatatuba,2023,ok,ok,59305450.81,59305450.81,59305450.81,new_observed,194987172.31,194987172.31,193192166.8463561,new_observed,48945614200.0975,311633060.3973489,1,
3510500,Caraguatatuba,2024,ok,ok,92747882.03,92747882.03,92747882.03,new_observed,266040329.27,266040329.27,268685705.4534728,new_observed,55712049158.33,387627880.34311193,1,
3510500,Caraguatatuba,2025,ok,ok,76041202.38,76041202.38,76041202.38,new_observed,327881051.94,327881051.94,329978984.34006613,new_observed,59267888460.755,406020186.72006613,1,
3510609,Carapicuíba,2019,ok,partial,,,41709381.71204008,imputed_temporal,104013740.14,104013740.14,102747161.40968686,new_observed,37092224874.8675,251558155.36486953,1,
3510609,Carapicuíba,2020,ok,partial,,,42060168.73177776,imputed_temporal,103692072.18,103692072.18,105078464.80727723,new_observed,37158522668.0775,250805314.75540906,1,
3510609,Carapicuíba,2021,ok,partial,,,52975265.11356979,imputed_temporal,134845754.62,134845754.62,135005048.06447923,new_observed,46897671220.665,255199755.90343946,1,
3510609,Carapicuíba,2022,ok,ok,61790961.44,61790961.44,61790961.44,new_observed,147029617.34,147029617.34,146958232.5626998,new_observed,50777650919.455,265235614.30561927,1,
3510609,Carapicuíba,2023,ok,ok,76190961.05,76190961.05,76190961.05,new_observed,142186074.2,142186074.2,140877143.0686879,new_observed,48945614200.0975,267905884.53480497,1,
3510609,Carapicuíba,2024,ok,ok,84211524.64,84211524.64,84211524.64,new_observed,153967015.08,153967015.08,155497988.50741473,new_observed,55712049158.33,257082057.94144833,1,
3510609,Carapicuíba,2025,ok,ok,104102136.85,104102136.85,104102136.85,new_observed,155643767.6,155643767.6,156639647.35878566,new_observed,59267888460.755,260741784.20878565,1,
3510708,Cardoso,2019,ok,ok,1415294.89,1415294.89,1415294.89,new_observed,15656420.75,15656420.75,15465772.000247397,new_observed,37092224874.8675,29396868.814195693,1,
3510708,Cardoso,2020,ok,ok,1444713.74,1444713.74,1444713.74,new_observed,15102371.23,15102371.23,15304294.247714696,new_observed,37158522668.0775,28549539.4320394,1,
3510708,Cardoso,2021,ok,ok,1305046.15,1305046.15,1305046.15,new_observed,18820417.93,18820417.93,18842650.511270776,new_observed,46897671220.665,27352264.62306614,1,
3510708,Cardoso,2022,ok,ok,3152945.8,3152945.8,3152945.8,new_observed,19723554.95,19723554.95,19713978.909450166,new_observed,50777650919.455,29054592.768932648,1,
3510708,Cardoso,2023,ok,ok,1724657.54,1724657.54,1724657.54,new_observed,19346845.61,19346845.61,19168743.15760373,new_observed,48945614200.0975,25786676.571197547,1,
3510708,Cardoso,2024,ok,ok,2044811.43,2044811.43,2044811.43,new_observed,23043464.19,23043464.19,23272597.23730979,new_observed,55712049158.33,27152245.384329077,1,
3510708,Cardoso,2025,ok,ok,1875154.22,1875154.22,1875154.22,new_observed,26337560.97,26337560.97,26506080.68826597,new_observed,59267888460.755,28381234.90826597,1,
3510807,Casa Branca,2019,ok,ok,10118832.15,10118832.15,10118832.15,new_observed,29792669.39,29792669.39,29429883.076212656,new_observed,37092224874.8675,68870551.89305745,1,
3510807,Casa Branca,2020,ok,ok,9984454.66,9984454.66,9984454.66,new_observed,28372099.12,28372099.12,28751442.19043324,new_observed,37158522668.0775,66027314.29694345,1,
3510807,Casa Branca,2021,ok,ok,10890575.48,10890575.48,10890575.48,new_observed,37105950.87,37105950.87,37149784.172289826,new_observed,46897671220.665,65219000.06180767,1,
3510807,Casa Branca,2022,ok,ok,13361128.08,13361128.08,13361128.08,new_observed,42592352.81,42592352.81,42571673.67286396,new_observed,50777650919.455,71067920.06374608,1,
3510807,Casa Branca,2023,ok,ok,15564734.49,15564734.49,15564734.49,new_observed,43453618.55,43453618.55,43053594.88799037,new_observed,48945614200.0975,72346858.3545391,1,
3510807,Casa Branca,2024,ok,ok,18575667.16,18575667.16,18575667.16,new_observed,52078917.57,52078917.57,52596765.10303662,new_observed,55712049158.33,76330534.88214104,1,
3510807,Casa Branca,2025,ok,ok,19241456.37,19241456.37,19241456.37,new_observed,58744870.85,58744870.85,59120747.30630851,new_observed,59267888460.755,78362203.67630851,1,
3510906,Cássia dos Coqueiros,2019,ok,ok,135984.64,135984.64,135984.64,new_observed,3460348.86,3460348.86,3418212.078266739,new_observed,37092224874.8675,6189315.838034746,1,
3510906,Cássia dos Coqueiros,2020,ok,ok,108048.02,108048.02,108048.02,new_observed,3363568.41,3363568.41,3408540.2805290376,new_observed,37158522668.0775,5994204.338898327,1,
3510906,Cássia dos Coqueiros,2021,ok,ok,128529.26,128529.26,128529.26,new_observed,4199308.42,4199308.42,4204269.06784937,new_observed,46897671220.665,5882153.59870519,1,
3510906,Cássia dos Coqueiros,2022,ok,ok,249446.77,249446.77,249446.77,new_observed,4682255.83,4682255.83,4679982.534348864,new_observed,50777650919.455,6263306.6247823825,1,
3510906,Cássia dos Coqueiros,2023,ok,ok,392519.48,392519.48,392519.48,new_observed,4671846.81,4671846.81,4628838.901069842,new_observed,48945614200.0975,6197370.4709339505,1,
3510906,Cássia dos Coqueiros,2024,ok,ok,400402.06,400402.06,400402.06,new_observed,5399762.29,5399762.29,5453454.910955538,new_observed,55712049158.33,6278105.433649007,1,
3510906,Cássia dos Coqueiros,2025,ok,ok,403832.84,403832.84,403832.84,new_observed,6638611.11,6638611.11,6681087.9693875825,new_observed,59267888460.755,7084920.809387582,2,
3511003,Castilho,2019,ok,ok,2419938.18,2419938.18,2419938.18,new_observed,50531812.78,50531812.78,49916485.235916235,new_observed,37092224874.8675,91139202.47841288,1,
3511003,Castilho,2020,ok,ok,2916295.7,2916295.7,2916295.7,new_observed,49178868.21,49178868.21,49836403.72713988,new_observed,37158522668.0775,89919670.0811381,3,
3511003,Castilho,2021,ok,ok,3239804.79,3239804.79,3239804.79,new_observed,62090813.09,62090813.09,62164161.03866545,new_observed,46897671220.665,88791617.76256356,1,
3511003,Castilho,2022,ok,ok,9444498.0,9444498.0,9444498.0,new_observed,69014147.44,69014147.44,68980640.18047844,new_observed,50777650919.455,99646562.95646943,1,
3511003,Castilho,2023,ok,ok,5820823.1,5820823.1,5820823.1,new_observed,71797006.23,71797006.23,71136060.09221391,new_observed,48945614200.0975,94980337.83617845,1,
3511003,Castilho,2024,ok,ok,4808251.09,4808251.09,4808251.09,new_observed,76594693.6,76594693.6,77356314.13620147,new_observed,55712049158.33,88119304.23982027,1,
3511003,Castilho,2025,ok,ok,4564396.1,4564396.1,4564396.1,new_observed,73691503.81,73691503.81,74163015.63582179,new_observed,59267888460.755,78727411.73582178,1,
3511102,Catanduva,2019,ok,ok,30758308.46,30758308.46,30758308.46,new_observed,76803294.79,76803294.79,75868058.54651861,new_observed,37092224874.8675,185680285.69543654,1,
3511102,Catanduva,2020,ok,ok,29910746.81,29910746.81,29910746.81,new_observed,72669360.27,72669360.27,73640970.37662792,new_observed,37158522668.0775,176509189.9916398,1,
3511102,Catanduva,2021,ok,ok,33088670.51,33088670.51,33088670.51,new_observed,92818385.19,92818385.19,92928031.65480402,new_observed,46897671220.665,171078721.42841905,1,
3511102,Catanduva,2022,ok,ok,40888488.01,40888488.01,40888488.01,new_observed,106459626.77,106459626.77,106407939.24686058,new_observed,50777650919.455,187154056.11573812,1,
3511102,Catanduva,2023,ok,ok,49905318.71,49905318.71,49905318.71,new_observed,102056011.24,102056011.24,101116507.90958473,new_observed,48945614200.0975,186391437.8800646,1,
3511102,Catanduva,2024,ok,ok,58484691.84,58484691.84,58484691.84,new_observed,105354753.62,105354753.62,106402350.2637372,new_observed,55712049158.33,176836953.84187204,1,
3511102,Catanduva,2025,ok,ok,60323453.22,60323453.22,60323453.22,new_observed,116349404.75,116349404.75,117093861.26710945,new_observed,59267888460.755,177417314.48710945,3,
3511201,Catiguá,2019,ok,ok,1134617.35,1134617.35,1134617.35,new_observed,5074879.05,5074879.05,5013082.081109255,new_observed,37092224874.8675,10705668.952110628,1,
3511201,Catiguá,2020,ok,ok,1146172.8,1146172.8,1146172.8,new_observed,4883389.62,4883389.62,4948681.93428163,new_observed,37158522668.0775,10388991.138851764,3,
3511201,Catiguá,2021,ok,ok,762995.38,762995.38,762995.38,new_observed,6111593.9,6111593.9,6118813.532878563,new_observed,46897671220.665,9342658.946829565,1,
3511201,Catiguá,2022,ok,ok,2069947.48,2069947.48,2069947.48,new_observed,6831416.42,6831416.42,6828099.679137789,new_observed,50777650919.455,11305811.338096753,4,
3511201,Catiguá,2023,ok,ok,2546237.93,2546237.93,2546237.93,new_observed,6826119.08,6826119.08,6763279.453685489,new_observed,48945614200.0975,11489824.815094443,1,
3511201,Catiguá,2024,ok,ok,3747152.26,3747152.26,3747152.26,new_observed,7086369.94,7086369.94,7156833.37055578,new_observed,55712049158.33,11694233.695028024,1,
3511201,Catiguá,2025,ok,ok,3790222.55,3790222.55,3790222.55,new_observed,8183193.2,8183193.2,8235552.999533102,new_observed,59267888460.755,12025775.549533103,1,
3511300,Cedral,2019,ok,ok,7466743.09,7466743.09,7466743.09,new_observed,8776403.4,8776403.4,8669532.847512165,new_observed,37092224874.8675,28099881.954662163,1,
3511300,Cedral,2020,ok,ok,4304072.76,4304072.76,4304072.76,new_observed,8581070.12,8581070.12,8695801.478901433,new_observed,37158522668.0775,22158949.501206223,1,
3511300,Cedral,2021,ok,ok,7204030.53,7204030.53,7204030.53,new_observed,11079129.86,11079129.86,11092217.6488014,new_observed,46897671220.665,24838760.98640366,1,
3511300,Cedral,2022,ok,ok,6729287.78,6729287.78,6729287.78,new_observed,12974060.53,12974060.53,12967761.456123803,new_observed,50777650919.455,25026965.87218324,1,
3511300,Cedral,2023,ok,ok,6763320.91,6763320.91,6763320.91,new_observed,13711363.89,13711363.89,13585140.339983951,new_observed,48945614200.0975,25114111.22436677,1,
3511300,Cedral,2024,ok,ok,7259541.9,7259541.9,7259541.9,new_observed,16077257.21,16077257.21,16237121.669029957,new_observed,55712049158.33,25199544.839796547,1,
3511300,Cedral,2025,ok,ok,7316866.71,7316866.71,7316866.71,new_observed,17130328.29,17130328.29,17239935.937440198,new_observed,59267888460.755,24556802.6474402,1,
3511409,Cerqueira César,2019,ok,ok,2759431.01,2759431.01,2759431.01,new_observed,17417647.09,17417647.09,17205551.82925271,new_observed,37092224874.8675,34767232.73587946,1,
3511409,Cerqueira César,2020,ok,ok,3232658.29,3232658.29,3232658.29,new_observed,18107217.1,18107217.1,18349315.765405882,new_observed,37158522668.0775,36787576.89816663,1,
3511409,Cerqueira César,2021,ok,ok,3994087.47,3994087.47,3994087.47,new_observed,23203424.13,23203424.13,23230834.361518193,new_observed,46897671220.665,36960218.27196836,1,
3511409,Cerqueira César,2022,ok,ok,4415348.38,4415348.38,4415348.38,new_observed,26598894.8,26598894.8,26585980.693195663,new_observed,50777650919.455,39390123.63761923,1,
3511409,Cerqueira César,2023,ok,ok,5116854.7,5116854.7,5116854.7,new_observed,28403013.31,28403013.31,28141541.934876185,new_observed,48945614200.0975,41047579.07593847,1,
3511409,Cerqueira César,2024,ok,ok,5827609.71,5827609.71,5827609.71,new_observed,31802683.1,31802683.1,32118913.577815603,new_observed,55712049158.33,40696633.898528025,1,
3511409,Cerqueira César,2025,ok,ok,5841599.36,5841599.36,5841599.36,new_observed,33760258.67,33760258.67,33976272.19099897,new_observed,59267888460.755,39817871.55099897,1,
3511508,Cerquilho,2019,ok,ok,5483518.9,5483518.9,5483518.9,new_observed,33685541.35,33685541.35,33275351.40648324,new_observed,37092224874.8675,67495107.57784897,1,
3511508,Cerquilho,2020,ok,ok,6086257.92,6086257.92,6086257.92,new_observed,31861568.85,31861568.85,32287567.127577536,new_observed,37158522668.0775,65410144.41915482,1,
3511508,Cerquilho,2021,ok,ok,7822653.93,7822653.93,7822653.93,new_observed,42223055.89,42223055.89,42272934.03431466,new_observed,46897671220.665,68009152.68304409,1,
3511508,Cerquilho,2022,ok,ok,10046149.63,10046149.63,10046149.63,new_observed,48893455.95,48893455.95,48869717.54594528,new_observed,50777650919.455,74858187.1054219,1,
3511508,Cerquilho,2023,ok,ok,11368651.37,11368651.37,11368651.37,new_observed,47187632.85,47187632.85,46753234.74176184,new_observed,48945614200.0975,71734147.09094606,1,
3511508,Cerquilho,2024,ok,ok,12433388.23,12433388.23,12433388.23,new_observed,52279879.68,52279879.68,52799725.48292688,new_observed,55712049158.33,69960774.18477133,1,
3511508,Cerquilho,2025,ok,ok,13021513.74,13021513.74,13021513.74,new_observed,57471326.11,57471326.11,57839053.84665189,new_observed,59267888460.755,70860567.58665189,1,
3511607,Cesário Lange,2019,ok,ok,4585508.34,4585508.34,4585508.34,new_observed,10652764.81,10652764.81,10523045.742988147,new_observed,37092224874.8675,26310196.223816644,1,
3511607,Cesário Lange,2020,ok,ok,4045776.96,4045776.96,4045776.96,new_observed,10413631.04,10413631.04,10552864.261918636,new_observed,37158522668.0775,24884129.467552405,1,
3511607,Cesário Lange,2021,ok,ok,4886776.12,4886776.12,4886776.12,new_observed,13261117.1,13261117.1,13276782.472828787,new_observed,46897671220.665,24658623.240175597,1,
3511607,Cesário Lange,2022,ok,ok,6324635.92,6324635.92,6324635.92,new_observed,14286084.19,14286084.19,14279148.11169928,new_observed,50777650919.455,26179058.275058005,1,
3511607,Cesário Lange,2023,ok,ok,7561591.04,7561591.04,7561591.04,new_observed,14488592.94,14488592.94,14355214.404480416,new_observed,48945614200.0975,27049764.73913586,1,
3511607,Cesário Lange,2024,ok,ok,8561373.56,8561373.56,8561373.56,new_observed,17098267.35,17098267.35,17268284.23935829,new_observed,55712049158.33,27701618.91279961,1,
3511607,Cesário Lange,2025,ok,ok,9765038.87,9765038.87,9765038.87,new_observed,18281950.5,18281950.5,18398926.75118445,new_observed,59267888460.755,28163965.621184446,1,
3511706,Charqueada,2019,ok,ok,1388258.92,1388258.92,1388258.92,new_observed,8672070.18,8672070.18,8566470.096559228,new_observed,37092224874.8675,17335270.624969974,1,
3511706,Charqueada,2020,ok,ok,1790479.39,1790479.39,1790479.39,new_observed,8342317.03,8342317.03,8453856.19188235,new_observed,37158522668.0775,17461993.143983234,1,
3511706,Charqueada,2021,ok,ok,2742720.65,2742720.65,2742720.65,new_observed,10509549.51,10509549.51,10521964.452881148,new_observed,46897671220.665,18007972.97951598,1,
3511706,Charqueada,2022,ok,ok,4654913.19,4654913.19,4654913.19,new_observed,11259152.17,11259152.17,11253685.706271226,new_observed,50777650919.455,20213381.043950874,3,
3511706,Charqueada,2023,ok,ok,4667954.56,4667954.56,4667954.56,new_observed,11480829.73,11480829.73,11375139.946162572,new_observed,48945614200.0975,19800419.05188836,1,
3511706,Charqueada,2024,ok,ok,5457313.19,5457313.19,5457313.19,new_observed,12846846.62,12846846.62,12974589.440701386,new_observed,55712049158.33,19767723.84983759,1,
3511706,Charqueada,2025,ok,ok,6567639.88,6567639.88,6567639.88,new_observed,16093300.72,16093300.72,16196272.992428461,new_observed,59267888460.755,22763912.872428462,1,
3511904,Clementina,2019,ok,partial,,,539959.7169211999,imputed_temporal,7405545.22,7405545.22,7315367.652599778,new_observed,37092224874.8675,13679350.344128925,1,
3511904,Clementina,2020,ok,partial,,,544499.8239713667,imputed_temporal,7644015.89,7644015.89,7746218.566153384,new_observed,37158522668.0775,14131952.875801127,1,
3511904,Clementina,2021,ok,ok,686034.36,686034.36,686034.36,new_observed,7480656.59,7480656.59,7489493.498203341,new_observed,46897671220.665,11098995.839096706,1,
3511904,Clementina,2022,ok,ok,1471519.68,1471519.68,1471519.68,new_observed,6761242.13,6761242.13,6757959.4596615005,new_observed,50777650919.455,10456332.372690106,1,
3511904,Clementina,2023,ok,ok,2804367.99,2804367.99,2804367.99,new_observed,9279479.15,9279479.15,9194054.475255048,new_observed,48945614200.0975,14808476.79868638,1,
3511904,Clementina,2024,ok,ok,2987555.86,2987555.86,2987555.86,new_observed,12411942.34,12411942.34,12535360.6831774,new_observed,55712049158.33,16647913.876155809,1,
3511904,Clementina,2025,ok,ok,1782405.46,1782405.46,1782405.46,new_observed,11740478.5,11740478.5,11815599.432093194,new_observed,59267888460.755,13598004.892093193,1,
3512001,Colina,2019,ok,ok,3533615.74,3533615.74,3533615.74,new_observed,32995133.11,32995133.11,32593350.29030015,new_observed,37092224874.8675,62911881.57433297,1,
3512001,Colina,2020,ok,ok,3464575.81,3464575.81,3464575.81,new_observed,32558015.96,32558015.96,32993325.93439575,new_observed,37158522668.0775,62144355.30895361,1,
3512001,Colina,2021,ok,ok,4090095.18,4090095.18,4090095.18,new_observed,44525287.12,44525287.12,44577884.89270525,new_observed,46897671220.665,66071049.807774015,1,
3512001,Colina,2022,ok,ok,5541352.75,5541352.75,5541352.75,new_observed,48554917.49,48554917.49,48531343.450737976,new_observed,50777650919.455,68704479.85431921,1,
3512001,Colina,2023,ok,ok,5884560.97,5884560.97,5884560.97,new_observed,50525440.3,50525440.3,50060315.131420575,new_observed,48945614200.0975,69047277.01931775,1,
3512001,Colina,2024,ok,ok,6198649.58,6198649.58,6198649.58,new_observed,55348371.72,55348371.72,55898729.12161594,new_observed,55712049158.33,66597782.03947789,1,
3512001,Colina,2025,ok,ok,6244960.55,6244960.55,6244960.55,new_observed,61297134.42,61297134.42,61689341.42180765,new_observed,59267888460.755,67934301.97180764,1,
3512100,Colômbia,2019,ok,ok,1593892.56,1593892.56,1593892.56,new_observed,21825810.21,21825810.21,21560036.60214176,new_observed,37092224874.8675,40320497.66391786,1,
3512100,Colômbia,2020,ok,ok,1671042.48,1671042.48,1671042.48,new_observed,22278921.19,22278921.19,22576796.73084066,new_observed,37158522668.0775,41331680.19260715,1,
3512100,Colômbia,2021,ok,ok,1569583.39,1569583.39,1569583.39,new_observed,26777731.11,26777731.11,26809363.674450174,new_observed,46897671220.665,38526908.70232052,1,
3512100,Colômbia,2022,ok,ok,2109335.49,2109335.49,2109335.49,new_observed,31948515.62,31948515.62,31933004.20322652,new_observed,50777650919.455,43254015.53797965,1,
3512100,Colômbia,2023,ok,ok,2572246.32,2572246.32,2572246.32,new_observed,32962980.7,32962980.7,32659531.351237614,new_observed,48945614200.0975,43483129.86409824,1,
3512100,Colômbia,2024,ok,ok,3165785.16,3165785.16,3165785.16,new_observed,32572637.89,32572637.89,32896524.425336678,new_observed,55712049158.33,38675864.969191186,5,
3512100,Colômbia,2025,ok,ok,3396085.04,3396085.04,3396085.04,new_observed,34971775.49,34971775.49,35195540.847754605,new_observed,59267888460.755,38591625.887754604,1,
3512209,Conchal,2019,ok,ok,6128330.09,6128330.09,6128330.09,new_observed,16831392.51,16831392.51,16626436.090530574,new_observed,37092224874.8675,39625391.01679674,1,
3512209,Conchal,2020,ok,ok,6181303.23,6181303.23,6181303.23,new_observed,17116369.01,17116369.01,17345219.75338207,new_observed,37158522668.0775,40102159.84764679,2,
3512209,Conchal,2021,ok,ok,6479853.96,6479853.96,6479853.96,new_observed,23044218.74,23044218.74,23071440.902008522,new_observed,46897671220.665,40118473.6205439,1,
3512209,Conchal,2022,ok,ok,6710883.91,6710883.91,6710883.91,new_observed,28838033.25,28838033.25,28824032.012571987,new_observed,50777650919.455,45150474.94698358,1,
3512209,Conchal,2023,ok,ok,10692932.33,10692932.33,10692932.33,new_observed,30957133.34,30957133.34,30672149.344254337,new_observed,48945614200.0975,51052865.82655277,2,
3512209,Conchal,2024,ok,ok,9024595.22,9024595.22,9024595.22,new_observed,30999935.89,30999935.89,31308184.238352336,new_observed,55712049158.33,43255829.98149616,1,
3512209,Conchal,2025,ok,ok,9879866.69,9879866.69,9879866.69,new_observed,30799751.26,30799751.26,30996822.10535692,new_observed,59267888460.755,40876688.79535692,1,
3512308,Conchas,2019,ok,ok,2804649.29,2804649.29,2804649.29,new_observed,10677183.52,10677183.52,10547167.105554374,new_observed,37092224874.8675,23250994.594310675,1,
3512308,Conchas,2020,ok,ok,2562286.42,2562286.42,2562286.42,new_observed,10634600.12,10634600.12,10776787.761643572,new_observed,37158522668.0775,22737133.12544029,1,
3512308,Conchas,2021,ok,ok,2933160.32,2933160.32,2933160.32,new_observed,13420676.63,13420676.63,13436530.490684446,new_observed,46897671220.665,22223290.452466752,1,
3512308,Conchas,2022,ok,ok,5685108.91,5685108.91,5685108.91,new_observed,15041947.06,15041947.06,15034644.000518069,new_observed,50777650919.455,26326407.71494824,1,
3512308,Conchas,2023,ok,ok,4673821.83,4673821.83,4673821.83,new_observed,15717649.55,15717649.55,15572956.612081833,new_observed,48945614200.0975,24988614.10122377,1,
3512308,Conchas,2024,ok,ok,5058489.36,5058489.36,5058489.36,new_observed,16928095.5,16928095.5,17096420.28290089,new_observed,55712049158.33,23760549.548991587,1,
3512308,Conchas,2025,ok,ok,6940805.54,6940805.54,6940805.54,new_observed,17474074.44,17474074.44,17585881.531968072,new_observed,59267888460.755,24526687.07196807,1,
3512407,Cordeirópolis,2019,ok,ok,12382286.11,12382286.11,12382286.11,new_observed,78988717.11,78988717.11,78026868.90714152,new_observed,37092224874.8675,157439460.84217203,1,
3512407,Cordeirópolis,2020,ok,ok,11280116.79,11280116.79,11280116.79,new_observed,77798020.81,77798020.81,78838202.57317771,new_observed,37158522668.0775,153611277.40194064,1,
3512407,Cordeirópolis,2021,ok,ok,13558873.73,13558873.73,13558873.73,new_observed,104450232.65,104450232.65,104573619.82953978,new_observed,46897671220.665,160375217.0159677,5,
3512407,Cordeirópolis,2022,ok,ok,16518029.57,16518029.57,16518029.57,new_observed,118417998.62,118417998.62,118360505.1529506,new_observed,50777650919.455,171375947.9877126,1,
3512407,Cordeirópolis,2023,ok,ok,19503673.01,19503673.01,19503673.01,new_observed,118400526.96,118400526.96,117310559.91102087,new_observed,48945614200.0975,168856397.5645898,1,
3512407,Cordeirópolis,2024,ok,ok,22094203.92,22094203.92,22094203.92,new_observed,118862967.58,118862967.58,120044883.36094882,new_observed,55712049158.33,152440379.1585589,1,
3512407,Cordeirópolis,2025,ok,ok,26189880.49,26189880.49,26189880.49,new_observed,114257085.14,114257085.14,114988154.04268299,new_observed,59267888460.755,141178034.53268299,1,
3512506,Coroados,2019,ok,ok,842058.76,842058.76,842058.76,new_observed,7104634.54,7104634.54,7018121.171834408,new_observed,37092224874.8675,13687800.647576453,1,
3512506,Coroados,2020,ok,ok,804180.58,804180.58,804180.58,new_observed,7034728.12,7034728.12,7128784.444610214,new_observed,37158522668.0775,13522143.994988976,1,
3512506,Coroados,2021,ok,ok,1003354.6,1003354.6,1003354.6,new_observed,8945720.44,8945720.44,8956288.029808456,new_observed,46897671220.665,13521088.059924612,1,
3512506,Coroados,2022,ok,ok,1973218.5,1973218.5,1973218.5,new_observed,10609424.39,10609424.39,10604273.37749609,new_observed,50777650919.455,15980894.204115907,1,
3512506,Coroados,2023,ok,ok,1215394.62,1215394.62,1215394.62,new_observed,10862437.35,10862437.35,10762440.339115918,new_observed,48945614200.0975,14783067.65778582,1,
3512506,Coroados,2024,ok,ok,1630999.44,1630999.44,1630999.44,new_observed,12678937.95,12678937.95,12805011.168209782,new_observed,55712049158.33,15482236.257101903,1,
3512506,Coroados,2025,ok,ok,1579665.86,1579665.86,1579665.86,new_observed,15187998.29,15187998.29,15285178.024895355,new_observed,59267888460.755,16864843.884895355,1,
3512605,Coronel Macedo,2019,ok,ok,976852.4,976852.4,976852.4,new_observed,6636001.86,6636001.86,6555195.047372347,new_observed,37092224874.8675,13116387.261081308,1,
3512605,Coronel Macedo,2020,ok,partial,,,799315.0274306762,imputed_temporal,6538047.83,6538047.83,6625463.397243782,new_observed,37158522668.0775,12655913.983973293,2,
3512605,Coronel Macedo,2021,ok,ok,772695.98,772695.98,772695.98,new_observed,8811294.32,8811294.32,8821703.112078834,new_observed,46897671220.665,13025237.93552556,1,
3512605,Coronel Macedo,2022,ok,ok,964886.35,964886.35,964886.35,new_observed,10877112.27,10877112.27,10871831.291574627,new_observed,50777650919.455,15039670.40459377,2,
3512605,Coronel Macedo,2023,ok,ok,1116508.08,1116508.08,1116508.08,new_observed,12112262.9,12112262.9,12000760.292802716,new_observed,48945614200.0975,16189358.636378253,1,
3512605,Coronel Macedo,2024,ok,ok,1504008.16,1504008.16,1504008.16,new_observed,14313974.55,14313974.55,14456305.78026613,new_observed,55712049158.33,17117010.91575745,1,
3512605,Coronel Macedo,2025,ok,ok,1688575.47,1688575.47,1688575.47,new_observed,15912186.88,15912186.88,16014000.303538632,new_observed,59267888460.755,17702575.77353863,1,
3512704,Corumbataí,2019,ok,ok,3215679.66,3215679.66,3215679.66,new_observed,7339141.71,7339141.71,7249772.74032226,new_observed,37092224874.8675,18224649.7388871,1,
3512704,Corumbataí,2020,ok,ok,2725041.84,2725041.84,2725041.84,new_observed,7164681.14,7164681.14,7260474.97361194,new_observed,37158522668.0775,17020823.336439535,1,
3512704,Corumbataí,2021,ok,ok,2612682.45,2612682.45,2612682.45,new_observed,9347464.94,9347464.94,9358507.111046743,new_observed,46897671220.665,16251939.377073433,1,
3512704,Corumbataí,2022,ok,ok,3674270.95,3674270.95,3674270.95,new_observed,10247752.53,10247752.53,10242777.113853129,new_observed,50777650919.455,17682927.16133397,1,
3512704,Corumbataí,2023,ok,ok,3879334.48,3879334.48,3879334.48,new_observed,10144602.98,10144602.98,10051214.181342786,new_observed,48945614200.0975,17193110.781174783,1,
3512704,Corumbataí,2024,ok,ok,4928884.94,4928884.94,4928884.94,new_observed,11764138.51,11764138.51,11881115.405641433,new_observed,55712049158.33,18028276.91780561,1,
3512704,Corumbataí,2025,ok,ok,4997034.13,4997034.13,4997034.13,new_observed,14850911.28,14850911.28,14945934.178580064,new_observed,59267888460.755,19942968.308580063,2,
3512803,Cosmópolis,2019,ok,ok,9611130.18,9611130.18,9611130.18,new_observed,36679879.79,36679879.79,36233227.68894176,new_observed,37092224874.8675,79833850.72201265,1,
3512803,Cosmópolis,2020,ok,ok,8343433.07,8343433.07,8343433.07,new_observed,37647610.31,37647610.31,38150969.61482502,new_observed,37158522668.0775,79252083.69314566,1,
3512803,Cosmópolis,2021,ok,ok,10478140.88,10478140.88,10478140.88,new_observed,50821211.31,50821211.31,50881246.46516666,new_observed,46897671220.665,83300747.87161092,1,
3512803,Cosmópolis,2022,ok,ok,12567167.64,12567167.64,12567167.64,new_observed,55751794.66,55751794.66,55724726.443963714,new_observed,50777650919.455,86771316.96719337,1,
3512803,Cosmópolis,2023,ok,ok,15775433.2,15775433.2,15775433.2,new_observed,53998495.51,53998495.51,53501398.22241587,new_observed,48945614200.0975,85501602.71286513,1,
3512803,Cosmópolis,2024,ok,ok,17614199.54,17614199.54,17614199.54,new_observed,59401064.51,59401064.51,59991719.925886996,new_observed,55712049158.33,83230278.27627,1,
3512803,Cosmópolis,2025,ok,ok,18503335.39,18503335.39,18503335.39,new_observed,67380534.67,67380534.67,67811666.03907904,new_observed,59267888460.755,86315001.42907904,1,
3512902,Cosmorama,2019,ok,ok,716747.53,716747.53,716747.53,new_observed,9952426.97,9952426.97,9831235.939870423,new_observed,37092224874.8675,18368370.218189523,1,
3512902,Cosmorama,2020,ok,ok,802782.05,802782.05,802782.05,new_observed,9140272.9,9140272.9,9262480.959820276,new_observed,37158522668.0775,17156754.800253693,2,
3512902,Cosmorama,2021,ok,ok,1646792.9,1646792.9,1646792.9,new_observed,11708371.1,11708371.1,11722202.212199384,new_observed,46897671220.665,18149582.9623182,1,
3512902,Cosmorama,2022,ok,ok,1963248.78,1963248.78,1963248.78,new_observed,13420100.27,13420100.27,13413584.638071874,new_observed,50777650919.455,19537722.659014057,1,
3512902,Cosmorama,2023,ok,ok,1484624.17,1484624.17,1484624.17,new_observed,12553421.37,12553421.37,12437857.563008893,new_observed,48945614200.0975,17183154.56222891,1,
3512902,Cosmorama,2024,ok,ok,1886689.22,1886689.22,1886689.22,new_observed,14224905.06,14224905.06,14366350.626396423,new_observed,55712049158.33,17430951.64081525,1,
3512902,Cosmorama,2025,ok,ok,1395100.3,1395100.3,1395100.3,new_observed,16845220.35,16845220.35,16953003.746903904,new_observed,59267888460.755,18348104.046903905,1,
3513009,Cotia,2019,ok,ok,120182937.87,120182937.87,120182937.87,new_observed,261533005.72,261533005.72,258348309.71854907,new_observed,37092224874.8675,659178326.8072418,1,
3513009,Cotia,2020,ok,ok,119614674.73,119614674.73,119614674.73,new_observed,259363215.16,259363215.16,262830975.44027042,new_observed,37158522668.0775,651898140.9619511,1,
3513009,Cotia,2021,ok,ok,149611033.89,149611033.89,149611033.89,new_observed,319336582.92,319336582.92,319713815.59139484,new_observed,46897671220.665,637149630.204236,1,
3513009,Cotia,2022,ok,ok,183775663.25,183775663.25,183775663.25,new_observed,364080831.95,364080831.95,363904066.00597984,new_observed,50777650919.455,695878947.5856194,1,
3513009,Cotia,2023,ok,ok,213054423.31,213054423.31,213054423.31,new_observed,368564581.78,368564581.78,365171664.0297547,new_observed,48945614200.0975,713647783.5783513,1,
3513009,Cotia,2024,ok,ok,220617352.57,220617352.57,220617352.57,new_observed,397714979.32,397714979.32,401669664.4498464,new_observed,55712049158.33,667386224.5397187,1,
3513009,Cotia,2025,ok,ok,232789021.15,232789021.15,232789021.15,new_observed,426845117.91,426845117.91,429576267.5064009,new_observed,59267888460.755,662365288.6564009,1,
3513108,Cravinhos,2019,ok,ok,8567471.43,8567471.43,8567471.43,new_observed,34287003.1,34287003.1,33869489.13699676,new_observed,37092224874.8675,73900172.94356665,1,
3513108,Cravinhos,2020,ok,ok,8050006.81,8050006.81,8050006.81,new_observed,32824099.93,32824099.93,33262967.523088183,new_observed,37158522668.0775,70420074.46903509,1,
3513108,Cravinhos,2021,ok,ok,9358244.92,9358244.92,9358244.92,new_observed,42302549.98,42302549.98,42352522.03077429,new_observed,46897671220.665,70201899.76446025,1,
3513108,Cravinhos,2022,ok,ok,14178547.47,14178547.47,14178547.47,new_observed,47592941.65,47592941.65,47569834.66242694,new_observed,50777650919.455,78457165.52592087,1,
3513108,Cravinhos,2023,ok,ok,17896604.6,17896604.6,17896604.6,new_observed,50515421.27,50515421.27,50050388.3342243,new_observed,48945614200.0975,83860313.4137584,4,
3513108,Cravinhos,2024,ok,ok,19788167.86,19788167.86,19788167.86,new_observed,59487215.39,59487215.39,60078727.448512435,new_observed,55712049158.33,85655114.54974987,1,
3513108,Cravinhos,2025,ok,ok,23359758.23,23359758.23,23359758.23,new_observed,67381473.19,67381473.19,67812610.56415774,new_observed,59267888460.755,91172368.79415774,1,
3513207,Cristais Paulista,2019,ok,ok,430570.22,430570.22,430570.22,new_observed,9612426.03,9612426.03,9495375.202485103,new_observed,37092224874.8675,17285146.56915648,1,
3513207,Cristais Paulista,2020,ok,ok,376467.68,376467.68,376467.68,new_observed,9179181.05,9179181.05,9301909.322900862,new_observed,37158522668.0775,16497287.844458347,1,
3513207,Cristais Paulista,2021,ok,ok,503949.64,503949.64,503949.64,new_observed,11630455.41,11630455.41,11644194.48030549,new_observed,46897671220.665,16492170.705372479,1,
3513207,Cristais Paulista,2022,ok,ok,837237.26,837237.26,837237.26,new_observed,13655271.33,13655271.33,13648641.519486299,new_observed,50777650919.455,18405680.439580962,1,
3513207,Cristais Paulista,2023,ok,ok,889138.59,889138.59,889138.59,new_observed,14148174.35,14148174.35,14017929.626934525,new_observed,48945614200.0975,18398333.153059017,1,
3513207,Cristais Paulista,2024,ok,ok,1163527.32,1163527.32,1163527.32,new_observed,14907498.99,14907498.99,15055731.93983697,new_observed,55712049158.33,17394722.862920094,1,
3513207,Cristais Paulista,2025,ok,ok,1052298.93,1052298.93,1052298.93,new_observed,15334423.76,15334423.76,15432540.391784916,new_observed,59267888460.755,16484839.321784915,1,
3513306,Cruzália,2019,ok,ok,259401.13,259401.13,259401.13,new_observed,5351279.06,5351279.06,5286116.359108335,new_observed,37092224874.8675,9657022.935459532,1,
3513306,Cruzália,2020,ok,ok,292955.23,292955.23,292955.23,new_observed,5323652.02,5323652.02,5394830.768341582,new_observed,37158522668.0775,9695121.690774886,1,
3513306,Cruzália,2021,ok,ok,287893.53,287893.53,287893.53,new_observed,7141456.03,7141456.03,7149892.240193057,new_observed,46897671220.665,10097446.274693154,1,
3513306,Cruzália,2022,ok,ok,675640.2,675640.2,675640.2,new_observed,7700041.69,7700041.69,7696303.220355671,new_observed,50777650919.455,10637346.72911458,1,
3513306,Cruzália,2023,ok,ok,808417.5,808417.5,808417.5,new_observed,8165822.6,8165822.6,8090649.982188798,new_observed,48945614200.0975,10983246.732772548,1,
3513306,Cruzália,2024,ok,ok,595079.83,595079.83,595079.83,new_observed,9675454.87,9675454.87,9771662.9071333,new_observed,55712049158.33,11118055.02426108,1,
3513306,Cruzália,2025,ok,ok,676000.23,676000.23,676000.23,new_observed,10951160.91,10951160.91,11021231.428425783,new_observed,59267888460.755,11697231.658425784,1,
3513405,Cruzeiro,2019,ok,partial,,,11453794.644895654,imputed_temporal,114265202.47,114265202.47,112873791.34615591,new_observed,37092224874.8675,216505376.05985487,1,
3513405,Cruzeiro,2020,ok,ok,11553402.8,11553402.8,11553402.8,new_observed,45946521.99,45946521.99,46560840.11477804,new_observed,37158522668.0775,99058694.75228252,1,
3513405,Cruzeiro,2021,ok,ok,13754148.74,13754148.74,13754148.74,new_observed,61808404.83,61808404.83,61881419.169464245,new_observed,46897671220.665,102681914.62065965,1,
3513405,Cruzeiro,2022,ok,ok,16687866.68,16687866.68,16687866.68,new_observed,62631793.06,62631793.06,62601384.51592305,new_observed,50777650919.455,100744500.35247189,1,
3513405,Cruzeiro,2023,ok,ok,18157660.37,18157660.37,18157660.37,new_observed,58079232.35,58079232.35,57544568.77107109,new_observed,48945614200.0975,93431841.318363,1,
3513405,Cruzeiro,2024,ok,ok,21698870.61,21698870.61,21698870.61,new_observed,71443904.27,71443904.27,72154307.8517756,new_observed,55712049158.33,100655030.10913567,1,
3513405,Cruzeiro,2025,ok,ok,21169350.85,21169350.85,21169350.85,new_observed,76987815.72,76987815.72,77480418.85169564,new_observed,59267888460.755,98649769.70169565,1,
3513504,Cubatão,2019,ok,ok,128607608.3,128607608.3,128607608.3,new_observed,424791341.8,424791341.8,419618643.6774167,new_observed,37092224874.8675,954687006.1387526,1,
3513504,Cubatão,2020,ok,ok,103704023.79,103704023.79,103704023.79,new_observed,355509653.0,355509653.0,360262918.6208229,new_observed,37158522668.0775,790855346.6113598,1,
3513504,Cubatão,2021,ok,ok,122275150.53,122275150.53,122275150.53,new_observed,672380788.64,672380788.64,673175072.8362355,new_observed,46897671220.665,1079893417.584243,1,
3513504,Cubatão,2022,ok,ok,170620216.02,170620216.02,170620216.02,new_observed,578285216.65,578285216.65,578004451.7119324,new_observed,50777650919.455,951198516.3767922,2,
3513504,Cubatão,2023,ok,ok,230803547.79,230803547.79,230803547.79,new_observed,630358578.65,630358578.65,624555647.7221508,new_observed,48945614200.0975,1055686015.2211252,1,
3513504,Cubatão,2024,ok,ok,269082592.88,269082592.88,269082592.88,new_observed,788344968.51,788344968.51,796183889.0592995,new_observed,55712049158.33,1142469882.9728334,1,
3513504,Cubatão,2025,ok,ok,286047189.94,286047189.94,286047189.94,new_observed,776989413.36,776989413.36,781960945.734779,new_observed,59267888460.755,1068008135.6747789,1,
3513603,Cunha,2019,ok,ok,994839.77,994839.77,994839.77,new_observed,14058110.06,14058110.06,13886923.992020607,new_observed,37092224874.8675,25915261.155011024,1,
3513603,Cunha,2020,ok,ok,1039537.79,1039537.79,1039537.79,new_observed,13831358.52,13831358.52,14016287.734685464,new_observed,37158522668.0775,25663423.458523385,1,
3513603,Cunha,2021,ok,ok,971665.56,971665.56,971665.56,new_observed,17713875.42,17713875.42,17734800.84133551,new_observed,46897671220.665,25395668.188482266,1,
3513603,Cunha,2022,ok,ok,2173050.41,2173050.41,2173050.41,new_observed,19418794.85,19418794.85,19409366.774413027,new_observed,50777650919.455,27422504.347652275,1,
3513603,Cunha,2023,ok,ok,2945645.19,2945645.19,2945645.19,new_observed,19236227.15,19236227.15,19059143.024797913,new_observed,48945614200.0975,27158353.248725664,1,
3513603,Cunha,2024,ok,ok,2875704.34,2875704.34,2875704.34,new_observed,21863088.68,21863088.68,22080484.64492729,new_observed,55712049158.33,26764846.91150025,1,
3513603,Cunha,2025,ok,ok,3057900.37,3057900.37,3057900.37,new_observed,31315179.82,31315179.82,31515548.612187166,new_observed,59267888460.755,34573448.98218717,1,
3513702,Descalvado,2019,ok,ok,6020901.96,6020901.96,6020901.96,new_observed,43437775.55,43437775.55,42908832.33028985,new_observed,37092224874.8675,85206757.92571446,1,
3513702,Descalvado,2020,ok,ok,6075936.46,6075936.46,6075936.46,new_observed,42110409.02,42110409.02,42673437.21848765,new_observed,37158522668.0775,83095796.90582652,1,
3513702,Descalvado,2021,ok,ok,7159157.01,7159157.01,7159157.01,new_observed,52982593.34,52982593.34,53045181.73823585,new_observed,46897671220.665,81732668.13490915,1,
3513702,Descalvado,2022,ok,ok,9970856.86,9970856.86,9970856.86,new_observed,58309707.13,58309707.13,58281397.014438115,new_observed,50777650919.455,86720950.32805514,1,
3513702,Descalvado,2023,ok,ok,11405299.84,11405299.84,11405299.84,new_observed,57736627.51,57736627.51,57205117.86962194,new_observed,48945614200.0975,84679113.58708107,1,
3513702,Descalvado,2024,ok,ok,13208023.17,13208023.17,13208023.17,new_observed,65381834.48,65381834.48,66031959.77581414,new_observed,55712049158.33,84982767.7653638,1,
3513702,Descalvado,2025,ok,ok,14656392.42,14656392.42,14656392.42,new_observed,67752862.12,67752862.12,68186375.80979007,new_observed,59267888460.755,82842768.22979008,1,
3513801,Diadema,2019,ok,ok,100269947.08,100269947.08,100269947.08,new_observed,309257660.04,309257660.04,305491819.35524184,new_observed,37092224874.8675,706597840.9578061,1,
3513801,Diadema,2020,ok,ok,95647874.86,95647874.86,95647874.86,new_observed,305041702.12,305041702.12,309120196.82012653,new_observed,37158522668.0775,689947848.3584545,1,
3513801,Diadema,2021,ok,ok,109336653.9,109336653.9,109336653.9,new_observed,392994930.74,392994930.74,393459176.10209435,new_observed,46897671220.665,682589420.7563499,1,
3513801,Diadema,2022,ok,ok,131286798.49,131286798.49,131286798.49,new_observed,422667197.24,422667197.24,422461986.8593098,new_observed,50777650919.455,703590257.9399427,1,
3513801,Diadema,2023,ok,ok,138337696.65,138337696.65,138337696.65,new_observed,395157229.73,395157229.73,391519506.3969181,new_observed,48945614200.0975,653950810.6718725,1,
3513801,Diadema,2024,ok,ok,149888630.93,149888630.93,149888630.93,new_observed,449786691.06,449786691.06,454259152.0715995,new_observed,55712049158.33,647932379.9690001,4,
3513801,Diadema,2025,ok,ok,163381194.37,163381194.37,163381194.37,new_observed,473846975.62,473846975.62,476878864.52283436,new_observed,59267888460.755,640260058.8928344,1,
3513850,Dirce Reis,2019,ok,ok,36465.85,36465.85,36465.85,new_observed,3147527.34,3147527.34,3109199.796191295,new_observed,37092224874.8675,5477895.49888173,1,
3513850,Dirce Reis,2020,ok,ok,44070.25,44070.25,44070.25,new_observed,3076764.07,3076764.07,3117901.2845704136,new_observed,37158522668.0775,5389741.952205095,1,
3513850,Dirce Reis,2021,ok,ok,34732.76,34732.76,34732.76,new_observed,3882169.58,3882169.58,3886755.5913742054,new_observed,46897671220.665,5323764.244934454,1,
3513850,Dirce Reis,2022,ok,ok,510619.02,510619.02,510619.02,new_observed,4332999.54,4332999.54,4330895.81278639,new_observed,50777650919.455,6151602.965361667,1,
3513850,Dirce Reis,2023,ok,ok,501126.0,501126.0,501126.0,new_observed,4188356.69,4188356.69,4149799.675950446,new_observed,48945614200.0975,5740181.691732333,1,
3513850,Dirce Reis,2024,ok,ok,338810.96,338810.96,338810.96,new_observed,4461950.01,4461950.01,4506317.479851989,new_observed,55712049158.33,5196270.994642508,1,
3513850,Dirce Reis,2025,ok,ok,477233.26,477233.26,477233.26,new_observed,4701437.73,4701437.73,4731519.6712476,new_observed,59267888460.755,5208752.931247599,1,
3513900,Divinolândia,2019,ok,ok,847128.98,847128.98,847128.98,new_observed,7931569.01,7931569.01,7834986.033630194,new_observed,37092224874.8675,15119127.1111482,1,
3513900,Divinolândia,2020,ok,ok,952403.79,952403.79,952403.79,new_observed,8010072.76,8010072.76,8117169.721078573,new_observed,37158522668.0775,15459551.203046951,1,
3513900,Divinolândia,2021,ok,ok,1143275.73,1143275.73,1143275.73,new_observed,10801632.58,10801632.58,10814392.560946496,new_observed,46897671220.665,16233583.067464465,1,
3513900,Divinolândia,2022,ok,ok,2017108.16,2017108.16,2017108.16,new_observed,12312366.51,12312366.51,12306388.697112665,new_observed,50777650919.455,18199358.833700456,1,
3513900,Divinolândia,2023,ok,ok,1748124.26,1748124.26,1748124.26,new_observed,12392140.14,12392140.14,12278061.049596164,new_observed,48945614200.0975,17311145.722090174,1,
3513900,Divinolândia,2024,ok,ok,1950586.95,1950586.95,1950586.95,new_observed,14014382.0,14014382.0,14153734.227049999,new_observed,55712049158.33,17271454.83541988,1,
3513900,Divinolândia,2025,ok,ok,2135776.42,2135776.42,2135776.42,new_observed,14680445.59,14680445.59,14774377.771406766,new_observed,59267888460.755,16910154.191406764,1,
3514007,Dobrada,2019,ok,ok,952723.74,952723.74,952723.74,new_observed,5754593.3,5754593.3,5684519.428359848,new_observed,37092224874.8675,11558165.605096515,1,
3514007,Dobrada,2020,ok,ok,696098.43,696098.43,696098.43,new_observed,5546080.89,5546080.89,5620233.575875846,new_observed,37158522668.0775,10766510.458402958,1,
3514007,Dobrada,2021,ok,ok,802310.74,802310.74,802310.74,new_observed,6856475.55,6856475.55,6864575.112425416,new_observed,46897671220.665,10408469.722173948,1,
3514007,Dobrada,2022,ok,ok,1045880.13,1045880.13,1045880.13,new_observed,7461912.94,7461912.94,7458290.084937924,new_observed,50777650919.455,10805353.390200099,4,
3514007,Dobrada,2023,ok,ok,1247950.9,1247950.9,1247950.9,new_observed,7733249.42,7733249.42,7662058.967847834,new_observed,48945614200.0975,10996751.846850948,1,
3514007,Dobrada,2024,ok,ok,1393372.39,1393372.39,1393372.39,new_observed,8961238.1,8961238.1,9050344.31148762,new_observed,55712049158.33,11200607.547539331,1,
3514007,Dobrada,2025,ok,ok,2226541.5,2226541.5,2226541.5,new_observed,9203967.84,9203967.84,9262859.020891527,new_observed,59267888460.755,11489400.520891527,1,
3514106,Dois Córregos,2019,ok,ok,3808291.13,3808291.13,3808291.13,new_observed,20753776.62,20753776.62,20501057.200381193,new_observed,37092224874.8675,42332556.85039999,1,
3514106,Dois Córregos,2020,ok,partial,,,3327996.8824676936,imputed_temporal,19126874.87,19126874.87,19382606.651081495,new_observed,37158522668.0775,38711383.47907273,1,
3514106,Dois Córregos,2021,ok,ok,3546192.45,3546192.45,3546192.45,new_observed,24255949.38,24255949.38,24284602.960802317,new_observed,46897671220.665,37782744.77449207,1,
3514106,Dois Córregos,2022,ok,ok,4918122.73,4918122.73,4918122.73,new_observed,27914098.0,27914098.0,27900545.34506342,new_observed,50777650919.455,41699224.89602083,4,
3514106,Dois Córregos,2023,ok,ok,6355661.58,6355661.58,6355661.58,new_observed,29245220.93,29245220.93,28975996.392134693,new_observed,48945614200.0975,43606402.32952137,1,
3514106,Dois Córregos,2024,ok,ok,7414517.7,7414517.7,7414517.7,new_observed,33099802.42,33099802.42,33428930.824102443,new_observed,55712049158.33,43803508.93101428,1,
3514106,Dois Córregos,2025,ok,ok,7334229.14,7334229.14,7334229.14,new_observed,36620251.38,36620251.38,36854564.437781475,new_observed,59267888460.755,44188793.577781476,1,
3514205,Dolcinópolis,2019,ok,ok,186908.87,186908.87,186908.87,new_observed,2725760.94,2725760.94,2692569.2594982176,new_observed,37092224874.8675,5014353.735847567,1,
3514205,Dolcinópolis,2020,ok,ok,164835.26,164835.26,164835.26,new_observed,2579776.19,2579776.19,2614268.5346378107,new_observed,37158522668.0775,4737124.337688507,1,
3514205,Dolcinópolis,2021,ok,ok,202358.4,202358.4,202358.4,new_observed,3238747.25,3238747.25,3242573.185838351,new_observed,46897671220.665,4676796.654643812,1,
3514205,Dolcinópolis,2022,ok,ok,343608.39,343608.39,343608.39,new_observed,3502977.74,3502977.74,3501276.9990854724,new_observed,50777650919.455,4885290.90126976,1,
3514205,Dolcinópolis,2023,ok,ok,296465.7,296465.7,296465.7,new_observed,3212321.17,3212321.17,3182749.3064624257,new_observed,48945614200.0975,4294054.060026392,1,
3514205,Dolcinópolis,2024,ok,ok,149431.9,149431.9,149431.9,new_observed,3500974.18,3500974.18,3535786.1716259993,new_observed,55712049158.33,3952298.068512619,1,
3514205,Dolcinópolis,2025,ok,ok,609453.45,609453.45,609453.45,new_observed,4127936.96,4127936.96,4154349.381951724,new_observed,59267888460.755,4763802.831951724,1,
3514304,Dourado,2019,ok,ok,2775132.45,2775132.45,2775132.45,new_observed,17158004.7,17158004.7,16949071.113164436,new_observed,37092224874.8675,34347937.15235013,1,
3514304,Dourado,2020,ok,ok,2339356.1,2339356.1,2339356.1,new_observed,17917031.1,17917031.1,18156586.9242545,new_observed,37158522668.0775,34936381.54552142,1,
3514304,Dourado,2021,ok,ok,3003155.42,3003155.42,3003155.42,new_observed,21044428.19,21044428.19,21069287.99713985,new_observed,46897671220.665,32680452.43777589,1,
3514304,Dourado,2022,ok,ok,3793946.49,3793946.49,3793946.49,new_observed,21438288.59,21438288.59,21427880.02413156,new_observed,50777650919.455,32046718.4620551,1,
3514304,Dourado,2023,ok,ok,4598707.19,4598707.19,4598707.19,new_observed,20821895.02,20821895.02,20630213.614082184,new_observed,48945614200.0975,31137584.083659418,1,
3514304,Dourado,2024,ok,ok,4960911.4,4960911.4,4960911.4,new_observed,24815121.9,24815121.9,25061871.453514542,new_observed,55712049158.33,32198633.6702632,1,
3514304,Dourado,2025,ok,ok,5083088.86,5083088.86,5083088.86,new_observed,28490579.99,28490579.99,28672875.705180984,new_observed,59267888460.755,33755964.56518099,1,
3514403,Dracena,2019,ok,ok,730706.22,730706.22,730706.22,new_observed,23065873.87,23065873.87,22784999.96622051,new_observed,37092224874.8675,40950500.0083181,1,
3514403,Dracena,2020,ok,ok,8614555.78,8614555.78,8614555.78,new_observed,21627968.42,21627968.42,21917140.53634484,new_observed,37158522668.0775,52042835.52493981,1,
3514403,Dracena,2021,ok,ok,11004856.62,11004856.62,11004856.62,new_observed,27363990.8,27363990.8,27396315.913693886,new_observed,46897671220.665,52132958.45359254,3,
3514403,Dracena,2022,ok,ok,13974303.31,13974303.31,13974303.31,new_observed,30464644.89,30464644.89,30449853.91162199,new_observed,50777650919.455,56445097.606144205,1,
3514403,Dracena,2023,ok,ok,15905803.54,15905803.54,15905803.54,new_observed,29884779.66,29884779.66,29609667.49680493,new_observed,48945614200.0975,56175284.607757,2,
3514403,Dracena,2024,ok,ok,18401487.66,18401487.66,18401487.66,new_observed,31845331.77,31845331.77,32161986.325534135,new_observed,55712049158.33,54227976.930043645,1,
3514403,Dracena,2025,ok,ok,18730558.14,18730558.14,18730558.14,new_observed,34700855.88,34700855.88,34922887.7706199,new_observed,59267888460.755,53653445.9106199,2,
3514502,Duartina,2019,ok,ok,1079404.82,1079404.82,1079404.82,new_observed,6936650.71,6936650.71,6852182.886450227,new_observed,37092224874.8675,13812150.9031819,4,
3514502,Duartina,2020,ok,ok,1632068.25,1632068.25,1632068.25,new_observed,7121187.63,7121187.63,7216399.942958232,new_observed,37158522668.0775,15082665.897186423,1,
3514502,Duartina,2021,ok,ok,1943805.63,1943805.63,1943805.63,new_observed,10983106.99,10983106.99,10996081.346875016,new_observed,46897671220.665,17567031.047494885,1,
3514502,Duartina,2022,ok,ok,2646977.05,2646977.05,2646977.05,new_observed,13730942.6,13730942.6,13724276.050107835,new_observed,50777650919.455,20801227.0117015,1,
3514502,Duartina,2023,ok,ok,3492365.1,3492365.1,3492365.1,new_observed,13099316.95,13099316.95,12978727.758328097,new_observed,48945614200.0975,20328655.466823135,1,
3514502,Duartina,2024,ok,ok,3927428.32,3927428.32,3927428.32,new_observed,15055484.75,15055484.75,15205189.198560758,new_observed,55712049158.33,20519221.873573996,1,
3514502,Duartina,2025,ok,ok,3692460.57,3692460.57,3692460.57,new_observed,16620179.85,16620179.85,16726523.335224094,new_observed,59267888460.755,20418983.905224092,1,
3514601,Dumont,2019,ok,ok,1252678.36,1252678.36,1252678.36,new_observed,7861073.59,7861073.59,7765349.038675156,new_observed,37092224874.8675,15704088.498981765,1,
3514601,Dumont,2020,ok,ok,1373994.44,1373994.44,1373994.44,new_observed,7943463.21,7943463.21,8049669.582366391,new_observed,37158522668.0775,16063116.56177969,1,
3514601,Dumont,2021,ok,ok,1936086.95,1936086.95,1936086.95,new_observed,10240983.65,10240983.65,10253081.335722929,new_observed,46897671220.665,16547864.606630938,1,
3514601,Dumont,2022,ok,ok,3212633.43,3212633.43,3212633.43,new_observed,11749712.22,11749712.22,11744007.583034057,new_observed,50777650919.455,19003828.42670713,1,
3514601,Dumont,2023,ok,ok,3081772.12,3081772.12,3081772.12,new_observed,12559613.33,12559613.33,12443992.521300018,new_observed,48945614200.0975,19161929.506844506,1,
3514601,Dumont,2024,ok,ok,3352997.14,3352997.14,3352997.14,new_observed,15299134.57,15299134.57,15451261.7543644,new_observed,55712049158.33,20167066.00899089,4,
3514601,Dumont,2025,ok,ok,3520342.9,3520342.9,3520342.9,new_observed,15145399.81,15145399.81,15242306.980406323,new_observed,59267888460.755,18762649.880406324,1,
3514700,Echaporã,2019,ok,ok,1003550.08,1003550.08,1003550.08,new_observed,9291276.76,9291276.76,9178136.57769496,new_observed,37092224874.8675,17730497.066889998,2,
3514700,Echaporã,2020,ok,ok,2691190.98,2691190.98,2691190.98,new_observed,8783343.52,8783343.52,8900779.332043882,new_observed,37158522668.0775,19759105.36083531,4,
3514700,Echaporã,2021,ok,ok,4090474.89,4090474.89,4090474.89,new_observed,11612180.95,11612180.95,11625898.432664948,new_observed,46897671220.665,21336354.684293482,1,
3514700,Echaporã,2022,ok,ok,2967560.47,2967560.47,2967560.47,new_observed,14589424.43,14589424.43,14582341.076096782,new_observed,50777650919.455,22298811.450845245,1,
3514700,Echaporã,2023,ok,ok,3002506.0,3002506.0,3002506.0,new_observed,15249515.24,15249515.24,15109131.835033229,new_observed,48945614200.0975,22353419.330163486,1,
3514700,Echaporã,2024,ok,ok,1924115.55,1924115.55,1924115.55,new_observed,16297794.03,16297794.03,16459851.400355874,new_observed,55712049158.33,19716314.11148286,1,
3514700,Echaporã,2025,ok,ok,2185039.57,2185039.57,2185039.57,new_observed,16929897.61,16929897.61,17038222.81060452,new_observed,59267888460.755,19223262.38060452,1,
3514809,Eldorado,2019,ok,ok,674810.55,674810.55,674810.55,new_observed,12630484.62,12630484.62,12476682.79389792,new_observed,37092224874.8675,22902149.90882422,1,
3514809,Eldorado,2020,ok,ok,631973.56,631973.56,631973.56,new_observed,12484166.97,12484166.97,12651083.848803047,new_observed,37158522668.0775,22641649.6755405,1,
3514809,Eldorado,2021,ok,ok,1167749.26,1167749.26,1167749.26,new_observed,15758884.98,15758884.98,15777500.968888119,new_observed,46897671220.665,23004662.823595747,1,
3514809,Eldorado,2022,ok,ok,510631.08,510631.08,510631.08,new_observed,17073948.44,17073948.44,17065658.81761592,new_observed,50777650919.455,22332340.349766884,1,
3514809,Eldorado,2023,ok,ok,1979794.85,1979794.85,1979794.85,new_observed,16535754.77,16535754.77,16383530.55029371,new_observed,48945614200.0975,22664052.622287568,1,
3514809,Eldorado,2024,ok,ok,1512195.91,1512195.91,1512195.91,new_observed,22756356.71,22756356.71,22982634.89958287,new_observed,55712049158.33,26270052.5764389,1,
3514809,Eldorado,2025,ok,ok,1545086.19,1545086.19,1545086.19,new_observed,30431530.44,30431530.44,30626245.24073621,new_observed,59267888460.755,32171331.43073621,1,
3514908,Elias Fausto,2019,ok,ok,3625758.93,3625758.93,3625758.93,new_observed,17135515.15,17135515.15,16926855.419153515,new_observed,37092224874.8675,35790540.47584355,1,
3514908,Elias Fausto,2020,ok,ok,3932607.13,3932607.13,3932607.13,new_observed,16756393.17,16756393.17,16980430.93356518,new_observed,37158522668.0775,35647341.33970402,1,
3514908,Elias Fausto,2021,ok,ok,4928722.18,4928722.18,4928722.18,new_observed,20928571.89,20928571.89,20953294.83595988,new_observed,46897671220.665,35137107.24859523,1,
3514908,Elias Fausto,2022,ok,ok,6867968.31,6867968.31,6867968.31,new_observed,24119872.99,24119872.99,24108162.48028739,new_observed,50777650919.455,39358106.83353741,1,
3514908,Elias Fausto,2023,ok,ok,8139681.94,8139681.94,8139681.94,new_observed,24766523.7,24766523.7,24538528.982038308,new_observed,48945614200.0975,40331512.71868453,1,
3514908,Elias Fausto,2024,ok,ok,7774513.31,7774513.31,7774513.31,new_observed,28374432.91,28374432.91,28656574.5283239,new_observed,55712049158.33,39071369.80734795,1,
3514908,Elias Fausto,2025,ok,ok,9408046.65,9408046.65,9408046.65,new_observed,34744136.96,34744136.96,34966445.78269482,new_observed,59267888460.755,44374492.432694815,1,
3514924,Elisiário,2019,ok,ok,527592.05,527592.05,527592.05,new_observed,3159598.5,3159598.5,3121123.965279463,new_observed,37092224874.8675,6353912.743713635,1,
3514924,Elisiário,2020,ok,ok,521980.34,521980.34,521980.34,new_observed,2735609.09,2735609.09,2772184.965028371,new_observed,37158522668.0775,5615072.984653565,1,
3514924,Elisiário,2021,ok,ok,536790.59,536790.59,536790.59,new_observed,3864767.33,3864767.33,3869332.784076336,new_observed,46897671220.665,5981698.777571906,1,
3514924,Elisiário,2022,ok,ok,857788.37,857788.37,857788.37,new_observed,3913492.4,3913492.4,3911592.348918495,new_observed,50777650919.455,6059949.7443969175,1,
3514924,Elisiário,2023,ok,ok,973375.47,973375.47,973375.47,new_observed,4039262.73,4039262.73,4002078.239433021,new_observed,48945614200.0975,6140714.8341738945,1,
3514924,Elisiário,2024,ok,ok,742639.77,742639.77,742639.77,new_observed,4667291.77,4667291.77,4713701.05886066,new_observed,55712049158.33,5851779.976086337,1,
3514924,Elisiário,2025,ok,ok,683493.99,683493.99,683493.99,new_observed,6121387.62,6121387.62,6160555.0477771675,new_observed,59267888460.755,6844049.037777168,1,
3514957,Embaúba,2019,ok,ok,135456.32,135456.32,135456.32,new_observed,3177809.69,3177809.69,3139113.3970206347,new_observed,37092224874.8675,5702370.414147607,1,
3514957,Embaúba,2020,ok,ok,167637.36,167637.36,167637.36,new_observed,3101498.96,3101498.96,3142966.887115853,new_observed,37158522668.0775,5643094.000924608,1,
3514957,Embaúba,2021,ok,ok,156210.0,156210.0,156210.0,new_observed,3810407.48,3810407.48,3814908.718723229,new_observed,46897671220.665,5391141.819845038,1,
3514957,Embaúba,2022,ok,ok,235365.61,235365.61,235365.61,new_observed,4185993.65,4185993.65,4183961.29604376,new_observed,50777650919.455,5615173.233802804,1,
3514957,Embaúba,2023,ok,ok,606186.72,606186.72,606186.72,new_observed,4091078.25,4091078.25,4053416.758098012,new_observed,48945614200.0975,5750891.852350359,1,
3514957,Embaúba,2024,ok,ok,458865.61,458865.61,458865.61,new_observed,4336641.97,4336641.97,4379763.437392426,new_observed,55712049158.33,5189300.569618759,1,
3514957,Embaúba,2025,ok,ok,296241.82,296241.82,296241.82,new_observed,5047136.97,5047136.97,5079430.852535402,new_observed,59267888460.755,5375672.672535403,3,
3515004,Embu das Artes,2019,ok,ok,40085990.87,40085990.87,40085990.87,new_observed,267026383.89,267026383.89,263774794.84212726,new_observed,37092224874.8675,529146393.0232033,1,
3515004,Embu das Artes,2020,ok,ok,41396795.67,41396795.67,41396795.67,new_observed,308149812.29,308149812.29,312269863.3110087,new_observed,37158522668.0775,602842880.8310347,1,
3515004,Embu das Artes,2021,ok,ok,50549155.73,50549155.73,50549155.73,new_observed,404260365.87,404260365.87,404737919.10352474,new_observed,46897671220.665,618092120.3884568,5,
3515004,Embu das Artes,2022,ok,ok,62944080.0,62944080.0,62944080.0,new_observed,417537125.97,417537125.97,417334406.3051382,new_observed,50777650919.455,610239287.2054335,2,
3515004,Embu das Artes,2023,ok,ok,69328035.35,69328035.35,69328035.35,new_observed,392010632.66,392010632.66,388401876.15004617,new_observed,48945614200.0975,564931164.421132,1,
3515004,Embu das Artes,2024,ok,ok,81006729.89,81006729.89,81006729.89,new_observed,408897240.35,408897240.35,412963116.46764624,new_observed,55712049158.33,529769482.2172072,2,
3515004,Embu das Artes,2025,ok,ok,79159456.62,79159456.62,79159456.62,new_observed,424316163.97,424316163.97,427031132.1665377,new_observed,59267888460.755,506190588.7865377,1,
3515103,Embu-Guaçu,2019,ok,ok,5525038.26,5525038.26,5525038.26,new_observed,24137620.48,24137620.48,23843695.88254596,new_observed,37092224874.8675,51143024.93085856,1,
3515103,Embu-Guaçu,2020,ok,ok,5440746.48,5440746.48,5440746.48,new_observed,23048596.4,23048596.4,23356762.71827531,new_observed,37158522668.0775,49086825.022934176,2,
3515103,Embu-Guaçu,2021,ok,ok,5459895.69,5459895.69,5459895.69,new_observed,28679189.9,28679189.9,28713068.659898065,new_observed,46897671220.665,46392795.14515295,1,
3515103,Embu-Guaçu,2022,ok,ok,7752638.16,7752638.16,7752638.16,new_observed,33231111.3,33231111.3,33214977.166466188,new_observed,50777650919.455,52053233.88032354,2,
3515103,Embu-Guaçu,2023,ok,ok,10925761.61,10925761.61,10925761.61,new_observed,33117934.97,33117934.97,32813059.149137065,new_observed,48945614200.0975,53982539.31208075,1,
3515103,Embu-Guaçu,2024,ok,ok,14494842.43,14494842.43,14494842.43,new_observed,38354803.44,38354803.44,38736185.02910104,new_observed,55712049158.33,57088856.866134055,1,
3515103,Embu-Guaçu,2025,ok,ok,16040293.21,16040293.21,16040293.21,new_observed,45983271.83,45983271.83,46277493.75975902,new_observed,59267888460.755,62317786.96975902,1,
3515129,Emilianópolis,2019,ok,ok,34137.16,34137.16,34137.16,new_observed,3873472.39,3873472.39,3826304.989471707,new_observed,37092224874.8675,6722614.877995324,1,
3515129,Emilianópolis,2020,ok,ok,17992.86,17992.86,17992.86,new_observed,3777708.78,3777708.78,3828217.8255854794,new_observed,37158522668.0775,6556062.52696262,1,
3515129,Emilianópolis,2021,ok,ok,31348.32,31348.32,31348.32,new_observed,5042482.02,5042482.02,5048438.70978941,new_observed,46897671220.665,6896256.25219511,1,
3515129,Emilianópolis,2022,ok,ok,92761.85,92761.85,92761.85,new_observed,5321974.88,5321974.88,5319390.992491624,new_observed,50777650919.455,6876652.581832741,1,
3515129,Emilianópolis,2023,ok,ok,159215.89,159215.89,159215.89,new_observed,5391841.83,5391841.83,5342205.818413727,new_observed,48945614200.0975,6789865.581475216,1,
3515129,Emilianópolis,2024,ok,ok,116433.89,116433.89,116433.89,new_observed,5843321.4,5843321.4,5901424.557917269,new_observed,55712049158.33,6453992.642500958,1,
3515129,Emilianópolis,2025,ok,ok,33480.96,33480.96,33480.96,new_observed,6253261.98,6253261.98,6293273.200033369,new_observed,59267888460.755,6326754.1600333685,3,
3515152,Engenheiro Coelho,2019,ok,ok,3687544.74,3687544.74,3687544.74,new_observed,15013242.32,15013242.32,14830425.57511654,new_observed,37092224874.8675,32247389.788683735,1,
3515152,Engenheiro Coelho,2020,ok,ok,4465709.07,4465709.07,4465709.07,new_observed,17847438.96,17847438.96,18086064.317461964,new_observed,37158522668.0775,38440649.38413171,1,
3515152,Engenheiro Coelho,2021,ok,ok,3714816.87,3714816.87,3714816.87,new_observed,19757759.52,19757759.52,19781099.38396533,new_observed,46897671220.665,31897766.26800404,1,
3515152,Engenheiro Coelho,2022,ok,ok,5088952.08,5088952.08,5088952.08,new_observed,16790652.42,16790652.42,16782500.341490846,new_observed,50777650919.455,27789750.980764136,1,
3515152,Engenheiro Coelho,2023,ok,ok,4963239.6,4963239.6,4963239.6,new_observed,16181946.5,16181946.5,16032979.354952564,new_observed,48945614200.0975,25913575.0682992,1,
3515152,Engenheiro Coelho,2024,ok,ok,5712588.58,5712588.58,5712588.58,new_observed,18519481.46,18519481.46,18703630.214134302,new_observed,55712049158.33,26185743.28706158,1,
3515152,Engenheiro Coelho,2025,ok,ok,5955436.22,5955436.22,5955436.22,new_observed,20959059.18,20959059.18,21093164.79259475,new_observed,59267888460.755,27048601.01259475,1,
3515186,Espírito Santo do Pinhal,2019,ok,ok,6385997.52,6385997.52,6385997.52,new_observed,29559493.94,29559493.94,29199547.011326626,new_observed,37092224874.8675,61969044.43720243,1,
3515186,Espírito Santo do Pinhal,2020,ok,ok,6799404.53,6799404.53,6799404.53,new_observed,29451373.27,29451373.27,29845146.544140365,new_observed,37158522668.0775,62462508.62307325,1,
3515186,Espírito Santo do Pinhal,2021,ok,ok,8380095.45,8380095.45,8380095.45,new_observed,34849322.87,34849322.87,34890490.41504711,new_observed,46897671220.665,58743613.966105044,1,
3515186,Espírito Santo do Pinhal,2022,ok,ok,10358908.0,10358908.0,10358908.0,new_observed,36677352.33,36677352.33,36659545.00195681,new_observed,50777650919.455,59741396.00995353,1,
3515186,Espírito Santo do Pinhal,2023,ok,ok,12712871.98,12712871.98,12712871.98,new_observed,33330122.14,33330122.14,33023292.974591617,new_observed,48945614200.0975,56447665.4787106,1,
3515186,Espírito Santo do Pinhal,2024,ok,ok,13755153.63,13755153.63,13755153.63,new_observed,39900166.37,39900166.37,40296914.29961438,new_observed,55712049158.33,57969400.867251694,1,
3515186,Espírito Santo do Pinhal,2025,ok,ok,18661764.34,18661764.34,18661764.34,new_observed,45584125.75,45584125.75,45875793.761230834,new_observed,59267888460.755,64537558.10123083,1,
3515194,Espírito Santo do Turvo,2019,ok,ok,1064825.44,1064825.44,1064825.44,new_observed,6264111.65,6264111.65,6187833.356675313,new_observed,37092224874.8675,12629856.903366728,1,
3515194,Espírito Santo do Turvo,2020,ok,ok,1000790.41,1000790.41,1000790.41,new_observed,6274223.86,6274223.86,6358112.025396975,new_observed,37158522668.0775,12543624.996178813,1,
3515194,Espírito Santo do Turvo,2021,ok,ok,1150697.39,1150697.39,1150697.39,new_observed,8115574.99,8115574.99,8125161.928036941,new_observed,46897671220.665,12592792.264983289,1,
3515194,Espírito Santo do Turvo,2022,ok,ok,1348924.74,1348924.74,1348924.74,new_observed,8610871.84,8610871.84,8606691.150559466,new_observed,50777650919.455,12649552.536663562,1,
3515194,Espírito Santo do Turvo,2023,ok,ok,1999369.49,1999369.49,1999369.49,new_observed,7954386.6,7954386.6,7881160.411642154,new_observed,48945614200.0975,12194569.597036159,1,
3515194,Espírito Santo do Turvo,2024,ok,ok,2388653.82,2388653.82,2388653.82,new_observed,9719271.61,9719271.61,9815915.339574184,new_observed,55712049158.33,13089074.833265133,1,
3515194,Espírito Santo do Turvo,2025,ok,ok,2184973.99,2184973.99,2184973.99,new_observed,10854208.31,10854208.31,10923658.481505437,new_observed,59267888460.755,13108632.471505437,1,
3515202,Estrela d'Oeste,2019,ok,ok,1110919.7,1110919.7,1110919.7,new_observed,16386420.95,16386420.95,16186882.963833056,new_observed,37092224874.8675,30122576.907524645,3,
3515202,Estrela d'Oeste,2020,ok,ok,3067087.2,3067087.2,3067087.2,new_observed,16983645.72,16983645.72,17210721.915079046,new_observed,37158522668.0775,34564561.15794758,2,
3515202,Estrela d'Oeste,2021,ok,ok,1664008.97,1664008.97,1664008.97,new_observed,23977467.31,23977467.31,24005791.919613857,new_observed,46897671220.665,34849005.25149417,1,
3515202,Estrela d'Oeste,2022,ok,ok,1967612.74,1967612.74,1967612.74,new_observed,27031061.95,27031061.95,27017938.020465266,new_observed,50777650919.455,36828886.44752939,3,
3515202,Estrela d'Oeste,2023,ok,ok,2560747.98,2560747.98,2560747.98,new_observed,25479592.86,25479592.86,25245033.797199663,new_observed,48945614200.0975,34317951.00642383,1,
3515202,Estrela d'Oeste,2024,ok,ok,2429070.17,2429070.17,2429070.17,new_observed,27765041.7,27765041.7,28041123.8272769,new_observed,55712049158.33,32678470.186028134,1,
3515202,Estrela d'Oeste,2025,ok,ok,2644333.39,2644333.39,2644333.39,new_observed,27313548.06,27313548.06,27488312.588467848,new_observed,59267888460.755,30132645.97846785,1,
3515301,Estrela do Norte,2019,ok,ok,215180.99,215180.99,215180.99,new_observed,4487793.69,4487793.69,4433145.67882247,new_observed,37092224874.8675,8094645.331205061,1,
3515301,Estrela do Norte,2020,ok,ok,209763.34,209763.34,209763.34,new_observed,4245091.89,4245091.89,4301849.981285839,new_observed,37158522668.0775,7690275.299447088,1,
3515301,Estrela do Norte,2021,ok,ok,708979.5,708979.5,708979.5,new_observed,5160512.49,5160512.49,5166608.609318896,new_observed,46897671220.665,7976625.9877815135,1,
3515301,Estrela do Norte,2022,ok,ok,517347.38,517347.38,517347.38,new_observed,5801827.43,5801827.43,5799010.567883932,new_observed,50777650919.455,8025530.773831435,1,
3515301,Estrela do Norte,2023,ok,ok,715265.74,715265.74,715265.74,new_observed,5708371.25,5708371.25,5655821.343968401,new_observed,48945614200.0975,7863208.312473021,1,
3515301,Estrela do Norte,2024,ok,ok,585615.59,585615.59,585615.59,new_observed,6063733.7,6063733.7,6124028.531076615,new_observed,55712049158.33,7195914.321682896,1,
3515301,Estrela do Norte,2025,ok,ok,902449.8,902449.8,902449.8,new_observed,6928985.78,6928985.78,6973320.588862696,new_observed,59267888460.755,7875770.388862696,1,
3515350,Euclides da Cunha Paulista,2019,ok,ok,204740.62,204740.62,204740.62,new_observed,9333251.88,9333251.88,9219600.565279927,new_observed,37092224874.8675,16411647.633713946,2,
3515350,Euclides da Cunha Paulista,2020,ok,ok,133208.78,133208.78,133208.78,new_observed,8976215.35,8976215.35,9096229.913509639,new_observed,37158522668.0775,15732049.57029196,1,
3515350,Euclides da Cunha Paulista,2021,ok,ok,330951.03,330951.03,330951.03,new_observed,11064137.58,11064137.58,11077207.658403853,new_observed,46897671220.665,15487575.604956128,1,
3515350,Euclides da Cunha Paulista,2022,ok,ok,359869.37,359869.37,359869.37,new_observed,12204648.08,12204648.08,12198722.565801024,new_observed,50777650919.455,15956880.038840776,1,
3515350,Euclides da Cunha Paulista,2023,ok,ok,813283.31,813283.31,813283.31,new_observed,12025817.18,12025817.18,11915110.371510241,new_observed,48945614200.0975,15709408.721272599,1,
3515350,Euclides da Cunha Paulista,2024,ok,ok,739023.34,739023.34,739023.34,new_observed,13233856.14,13233856.14,13365447.19592871,new_observed,55712049158.33,15126668.374321803,1,
3515350,Euclides da Cunha Paulista,2025,ok,ok,529873.34,529873.34,529873.34,new_observed,13775547.26,13775547.26,13863689.489489628,new_observed,59267888460.755,14393562.829489628,1,
3515400,Fartura,2019,ok,ok,1843620.32,1843620.32,1843620.32,new_observed,14601946.65,14601946.65,14424138.26600031,new_observed,37092224874.8675,28328847.232394814,1,
3515400,Fartura,2020,ok,ok,1312416.05,1312416.05,1312416.05,new_observed,14402685.0,14402685.0,14595253.012936745,new_observed,37158522668.0775,27115434.27033214,1,
3515400,Fartura,2021,ok,ok,1697109.84,1697109.84,1697109.84,new_observed,19058476.98,19058476.98,19080990.78069938,new_observed,46897671220.665,28208093.26728359,1,
3515400,Fartura,2022,ok,ok,3021717.33,3021717.33,3021717.33,new_observed,22390815.68,22390815.68,22379944.649932697,new_observed,50777650919.455,32275216.44727407,1,
3515400,Fartura,2023,ok,ok,3307273.75,3307273.75,3307273.75,new_observed,24407349.1,24407349.1,24182660.85785292,new_observed,48945614200.0975,33928131.803712286,1,
3515400,Fartura,2024,ok,ok,3554616.28,3554616.28,3554616.28,new_observed,26184861.4,26184861.4,26445230.979699306,new_observed,55712049158.33,32174035.85776627,1,
3515400,Fartura,2025,ok,ok,2908357.54,2908357.54,2908357.54,new_observed,29828778.36,29828778.36,30019636.478227846,new_observed,59267888460.755,32927994.018227845,1,
3515509,Fernandópolis,2019,ok,ok,11862304.21,11862304.21,11862304.21,new_observed,38972091.69,38972091.69,38497527.24934121,new_observed,37092224874.8675,87697144.29427055,1,
3515509,Fernandópolis,2020,ok,ok,12967640.8,12967640.8,12967640.8,new_observed,36666879.99,36666879.99,37157126.650276504,new_observed,37158522668.0775,85440225.82669571,1,
3515509,Fernandópolis,2021,ok,ok,13987605.79,13987605.79,13987605.79,new_observed,52124345.11,52124345.11,52185919.65861812,new_observed,46897671220.665,89836362.41611166,1,
3515509,Fernandópolis,2022,ok,ok,17416875.6,17416875.6,17416875.6,new_observed,61455360.38,61455360.38,61425523.00917637,new_observed,50777650919.455,100176731.83525173,2,
3515509,Fernandópolis,2023,ok,ok,20269350.42,20269350.42,20269350.42,new_observed,57522401.42,57522401.42,56992863.89397926,new_observed,48945614200.0975,95357178.11211243,2,
3515509,Fernandópolis,2024,ok,ok,20730710.19,20730710.19,20730710.19,new_observed,55942352.06,55942352.06,56498615.714435585,new_observed,55712049158.33,82826391.7282802,2,
3515509,Fernandópolis,2025,ok,ok,24035496.73,24035496.73,24035496.73,new_observed,55270711.51,55270711.51,55624358.71152464,new_observed,59267888460.755,79659855.44152464,3,
3515608,Fernando Prestes,2019,ok,ok,899053.87,899053.87,899053.87,new_observed,6226576.36,6226576.36,6150755.135134597,new_observed,37092224874.8675,12276612.126263544,2,
3515608,Fernando Prestes,2020,ok,ok,940179.94,940179.94,940179.94,new_observed,5875413.15,5875413.15,5953969.102274033,new_observed,37158522668.0775,11751429.104167186,1,
3515608,Fernando Prestes,2021,ok,ok,1026556.88,1026556.88,1026556.88,new_observed,7092233.42,7092233.42,7100611.483467449,new_observed,46897671220.665,11033343.585179435,2,
3515608,Fernando Prestes,2022,ok,ok,1724147.8,1724147.8,1724147.8,new_observed,7856771.25,7856771.25,7852956.6861309875,new_observed,50777650919.455,12168617.961778583,1,
3515608,Fernando Prestes,2023,ok,ok,1497826.44,1497826.44,1497826.44,new_observed,8064476.55,8064476.55,7990236.899785145,new_observed,48945614200.0975,11710186.588157319,2,
3515608,Fernando Prestes,2024,ok,ok,1558352.23,1558352.23,1558352.23,new_observed,9420960.43,9420960.43,9514637.897680731,new_observed,55712049158.33,11875486.509535737,1,
3515608,Fernando Prestes,2025,ok,ok,1670757.4,1670757.4,1670757.4,new_observed,11164754.71,11164754.71,11236191.898902232,new_observed,59267888460.755,12906949.298902232,1,
3515657,Fernão,2019,ok,ok,74761.0,74761.0,74761.0,new_observed,2470048.94,2470048.94,2439971.072921808,new_observed,37092224874.8675,4379181.086785528,3,
3515657,Fernão,2020,ok,ok,47298.88,47298.88,47298.88,new_observed,2394528.44,2394528.44,2426543.969299664,new_observed,37158522668.0775,4216791.467682982,1,
3515657,Fernão,2021,ok,ok,69603.38,69603.38,69603.38,new_observed,3215331.35,3215331.35,3219129.624608844,new_observed,46897671220.665,4464743.386254596,2,
3515657,Fernão,2022,ok,ok,146937.17,146937.17,146937.17,new_observed,3579089.37,3579089.37,3577351.675906542,new_observed,50777650919.455,4732061.57568595,3,
3515657,Fernão,2023,ok,ok,113499.51,113499.51,113499.51,new_observed,3551147.94,3551147.94,3518456.9179240786,new_observed,48945614200.0975,4482567.825270379,4,
3515657,Fernão,2024,ok,ok,204248.83,204248.83,204248.83,new_observed,4168661.65,4168661.65,4210112.802447923,new_observed,55712049158.33,4734285.08558849,1,
3515657,Fernão,2025,ok,ok,174774.16,174774.16,174774.16,new_observed,4713887.81,4713887.81,4744049.412533485,new_observed,59267888460.755,4918823.5725334855,1,
3515707,Ferraz de Vasconcelos,2019,ok,ok,13575042.37,13575042.37,13575042.37,new_observed,55985124.84,55985124.84,55303392.13583201,new_observed,37092224874.8675,119945635.92807607,1,
3515707,Ferraz de Vasconcelos,2020,ok,ok,14626898.38,14626898.38,14626898.38,new_observed,56473047.66,56473047.66,57228108.44015094,new_observed,37158522668.0775,122480528.52479798,1,
3515707,Ferraz de Vasconcelos,2021,ok,ok,18989192.76,18989192.76,18989192.76,new_observed,73637716.53,73637716.53,73724704.84893301,new_observed,46897671220.665,125867244.49302116,4,
3515707,Ferraz de Vasconcelos,2022,ok,ok,23229402.28,23229402.28,23229402.28,new_observed,83580064.69,83580064.69,83539485.48961458,new_observed,50777650919.455,135659980.2533139,1,
3515707,Ferraz de Vasconcelos,2023,ok,ok,24695961.9,24695961.9,24695961.9,new_observed,84089801.39,84089801.39,83315690.70803264,new_observed,48945614200.0975,133308195.82871094,1,
3515707,Ferraz de Vasconcelos,2024,ok,ok,28460886.51,28460886.51,28460886.51,new_observed,94275429.62,94275429.62,95212858.83190836,new_observed,55712049158.33,132636792.542613,1,
3515707,Ferraz de Vasconcelos,2025,ok,ok,31292666.12,31292666.12,31292666.12,new_observed,98803870.77,98803870.77,99436062.9644372,new_observed,59267888460.755,130728729.0844372,1,
3515806,Flora Rica,2019,ok,ok,95431.06,95431.06,95431.06,new_observed,3364439.48,3364439.48,3323470.5899374164,new_observed,37092224874.8675,5953711.571980774,1,
3515806,Flora Rica,2020,ok,ok,188756.42,188756.42,188756.42,new_observed,3256107.73,3256107.73,3299642.8205386098,new_observed,37158522668.0775,5946154.646621677,1,
3515806,Flora Rica,2021,ok,ok,99208.79,99208.79,99208.79,new_observed,4080637.56,4080637.56,4085458.0218264433,new_observed,46897671220.665,5681052.078596266,1,
3515806,Flora Rica,2022,ok,ok,339254.03,339254.03,339254.03,new_observed,4544514.45,4544514.45,4542308.02956703,new_observed,50777650919.455,6202486.758456754,1,
3515806,Flora Rica,2023,ok,ok,23245.08,23245.08,23245.08,new_observed,4637078.28,4637078.28,4594390.441875392,new_observed,48945614200.0975,5699094.917560753,1,
3515806,Flora Rica,2024,ok,ok,31039.79,31039.79,31039.79,new_observed,5262446.83,5262446.83,5314774.0525270235,new_observed,55712049158.33,5733242.731854218,1,
3515806,Flora Rica,2025,ok,ok,32940.14,32940.14,32940.14,new_observed,5802507.77,5802507.77,5839634.859169356,new_observed,59267888460.755,5872574.999169355,1,
3515905,Floreal,2019,ok,ok,537519.44,537519.44,537519.44,new_observed,4201590.56,4201590.56,4150427.653737638,new_observed,37092224874.8675,8163640.759110553,1,
3515905,Floreal,2020,ok,ok,578257.7,578257.7,578257.7,new_observed,3911932.88,3911932.88,3964236.540146946,new_observed,37158522668.0775,7742913.402633226,1,
3515905,Floreal,2021,ok,ok,412167.69,412167.69,412167.69,new_observed,4930358.62,4930358.62,4936182.8582884865,new_observed,46897671220.665,7260854.774278732,1,
3515905,Floreal,2022,ok,ok,657922.7,657922.7,657922.7,new_observed,5549507.08,5549507.08,5546812.722671193,new_observed,50777650919.455,7883703.787688617,1,
3515905,Floreal,2023,ok,ok,502788.64,502788.64,502788.64,new_observed,6697200.01,6697200.01,6635547.181936247,new_observed,48945614200.0975,8810148.226275826,1,
3515905,Floreal,2024,ok,ok,430199.48,430199.48,430199.48,new_observed,7880689.81,7880689.81,7959051.572631683,new_observed,55712049158.33,8997247.947651071,1,
3515905,Floreal,2025,ok,ok,490645.33,490645.33,490645.33,new_observed,8958268.09,8958268.09,9015587.17191489,new_observed,59267888460.755,9506232.50191489,1,
3516002,Flórida Paulista,2019,ok,ok,1364583.55,1364583.55,1364583.55,new_observed,9232662.17,9232662.17,9120235.739482753,new_observed,37092224874.8675,18258375.444951274,1,
3516002,Flórida Paulista,2020,ok,ok,2362786.71,2362786.71,2362786.71,new_observed,8523783.39,8523783.39,8637748.808955949,new_observed,37158522668.0775,18750974.553379178,1,
3516002,Flórida Paulista,2021,ok,ok,1502682.35,1502682.35,1502682.35,new_observed,10915780.17,10915780.17,10928674.993625388,new_observed,46897671220.665,16876657.486131307,1,
3516002,Flórida Paulista,2022,ok,ok,1982882.58,1982882.58,1982882.58,new_observed,12671912.14,12671912.14,12665759.76306774,new_observed,50777650919.455,18612486.956747856,3,
3516002,Flórida Paulista,2023,ok,ok,2270401.2,2270401.2,2270401.2,new_observed,12524891.18,12524891.18,12409590.015142335,new_observed,48945614200.0975,18118074.267168604,1,
3516002,Flórida Paulista,2024,ok,ok,2800431.47,2800431.47,2800431.47,new_observed,13317220.89,13317220.89,13449640.884626824,new_observed,55712049158.33,17427769.085058343,1,
3516002,Flórida Paulista,2025,ok,ok,2230453.19,2230453.19,2230453.19,new_observed,15022434.53,15022434.53,15118554.912504222,new_observed,59267888460.755,17349008.102504224,1,
3516101,Florínia,2019,ok,ok,749786.65,749786.65,749786.65,new_observed,7775858.14,7775858.14,7681171.260008952,new_observed,37092224874.8675,14681759.468752773,1,
3516101,Florínia,2020,ok,ok,740563.88,740563.88,740563.88,new_observed,7220389.27,7220389.27,7316927.937224458,new_observed,37158522668.0775,13734406.27217539,2,
3516101,Florínia,2021,ok,ok,942541.61,942541.61,942541.61,new_observed,9625988.19,9625988.19,9637359.380881183,new_observed,46897671220.665,14363143.164880736,1,
3516101,Florínia,2022,ok,ok,1437523.4,1437523.4,1437523.4,new_observed,11252200.17,11252200.17,11246737.081556972,new_observed,50777650919.455,16116553.823890418,1,
3516101,Florínia,2023,ok,ok,3314530.22,3314530.22,3314530.22,new_observed,11682331.26,11682331.26,11574786.501073709,new_observed,48945614200.0975,18376424.221667573,1,
3516101,Florínia,2024,ok,ok,2117208.76,2117208.76,2117208.76,new_observed,12913887.01,12913887.01,13042296.447870009,new_observed,55712049158.33,16258164.914033394,1,
3516101,Florínia,2025,ok,ok,2590178.55,2590178.55,2590178.55,new_observed,13650890.51,13650890.51,13738235.128791587,new_observed,59267888460.755,16328413.678791586,1,
3516200,Franca,2019,ok,ok,90127708.85,90127708.85,90127708.85,new_observed,165671886.23,165671886.23,163654494.22941104,new_observed,37092224874.8675,441939018.4167253,1,
3516200,Franca,2020,ok,ok,86709720.46,86709720.46,86709720.46,new_observed,161339965.6,161339965.6,163497127.0308634,new_observed,37158522668.0775,426490348.79237235,1,
3516200,Franca,2021,ok,ok,101232395.53,101232395.53,101232395.53,new_observed,202165652.0,202165652.0,202404470.51640952,new_observed,46897671220.665,412213666.35842764,1,
3516200,Franca,2022,ok,ok,125238806.49,125238806.49,125238806.49,new_observed,211754350.21,211754350.21,211651540.73932627,new_observed,50777650919.455,428051081.2408123,1,
3516200,Franca,2023,ok,ok,147114397.07,147114397.07,147114397.07,new_observed,199927297.81,199927297.81,198086814.72770798,new_observed,48945614200.0975,426048020.11162716,1,
3516200,Franca,2024,ok,ok,163467286.1,163467286.1,163467286.1,new_observed,231520864.8,231520864.8,233822996.14752728,new_observed,55712049158.33,426083228.90181756,1,
3516200,Franca,2025,ok,ok,191672899.33,191672899.33,191672899.33,new_observed,249839305.32,249839305.32,251437891.0581498,new_observed,59267888460.755,443110790.38814986,1,
3516309,Francisco Morato,2019,ok,ok,12234136.77,12234136.77,12234136.77,new_observed,32469680.09,32469680.09,32074295.728984695,new_observed,37092224874.8675,77159174.00266927,1,
3516309,Francisco Morato,2020,ok,ok,12063410.02,12063410.02,12063410.02,new_observed,31997256.87,31997256.87,32425069.33516761,new_observed,37158522668.0775,75832884.94181019,1,
3516309,Francisco Morato,2021,ok,ok,11097606.95,11097606.95,11097606.95,new_observed,40870080.42,40870080.42,40918360.292841315,new_observed,46897671220.665,70616235.91871163,1,
3516309,Francisco Morato,2022,ok,ok,17512858.33,17512858.33,17512858.33,new_observed,44279901.94,44279901.94,44258403.47597589,new_observed,50777650919.455,78486236.31729738,1,
3516309,Francisco Morato,2023,ok,ok,18334420.01,18334420.01,18334420.01,new_observed,46046292.97,46046292.97,45622401.76483758,new_observed,48945614200.0975,78935636.25660099,1,
3516309,Francisco Morato,2024,ok,ok,22913160.73,22913160.73,22913160.73,new_observed,50405499.86,50405499.86,50906707.73781148,new_observed,55712049158.33,79169839.58413534,4,
3516309,Francisco Morato,2025,ok,ok,23689752.4,23689752.4,23689752.4,new_observed,59124077.97,59124077.97,59502380.766283564,new_observed,59267888460.755,83192133.16628356,1,
3516408,Franco da Rocha,2019,ok,ok,21297170.88,21297170.88,21297170.88,new_observed,62227786.71,62227786.71,61470036.907182954,new_observed,37092224874.8675,144131692.9348081,1,
3516408,Franco da Rocha,2020,ok,ok,23256613.87,23256613.87,23256613.87,new_observed,57128402.69,57128402.69,57892225.75412058,new_observed,37158522668.0775,138322341.14476532,1,
3516408,Franco da Rocha,2021,ok,ok,24948176.74,24948176.74,24948176.74,new_observed,69115846.44,69115846.44,69197493.06861319,new_observed,46897671220.665,127811000.78159392,1,
3516408,Franco da Rocha,2022,ok,ok,34929696.14,34929696.14,34929696.14,new_observed,75565947.46,75565947.46,75529259.21698813,new_observed,50777650919.455,140348560.4801368,1,
3516408,Franco da Rocha,2023,ok,ok,42554135.37,42554135.37,42554135.37,new_observed,68172643.31,68172643.31,67545062.1939564,new_observed,48945614200.0975,135884647.95277396,1,
3516408,Franco da Rocha,2024,ok,ok,58805701.19,58805701.19,58805701.19,new_observed,79795550.76,79795550.76,80588999.0695357,new_observed,55712049158.33,149497097.2921492,1,
3516408,Franco da Rocha,2025,ok,ok,60687996.2,60687996.2,60687996.2,new_observed,92887598.62,92887598.62,93481935.80891721,new_observed,59267888460.755,154169932.0089172,1,
3516507,Gabriel Monteiro,2019,ok,ok,238845.48,238845.48,238845.48,new_observed,3753903.39,3753903.39,3708191.985112292,new_observed,37092224874.8675,6873412.878522224,1,
3516507,Gabriel Monteiro,2020,ok,ok,319640.81,319640.81,319640.81,new_observed,3643931.11,3643931.11,3692651.509920646,new_observed,37158522668.0775,6839157.153932008,1,
3516507,Gabriel Monteiro,2021,ok,ok,417979.39,417979.39,417979.39,new_observed,4561858.45,4561858.45,4567247.378615327,new_observed,46897671220.665,6767882.407286495,1,
3516507,Gabriel Monteiro,2022,ok,ok,666379.38,666379.38,666379.38,new_observed,4862533.19,4862533.19,4860172.367363291,new_observed,50777650919.455,7022007.221185909,1,
3516507,Gabriel Monteiro,2023,ok,ok,627909.26,627909.26,627909.26,new_observed,4792285.13,4792285.13,4748168.494583526,new_observed,48945614200.0975,6635165.825109311,1,
3516507,Gabriel Monteiro,2024,ok,ok,727114.18,727114.18,727114.18,new_observed,5688560.47,5688560.47,5745124.760184404,new_observed,55712049158.33,6941303.598610768,1,
3516507,Gabriel Monteiro,2025,ok,ok,408898.26,408898.26,408898.26,new_observed,6576326.1,6576326.1,6618404.431507595,new_observed,59267888460.755,7027302.691507595,1,
3516606,Gália,2019,ok,ok,1362333.22,1362333.22,1362333.22,new_observed,6805553.86,6805553.86,6722682.407098928,new_observed,37092224874.8675,14079331.9104647,1,
3516606,Gália,2020,ok,ok,560391.04,560391.04,560391.04,new_observed,6378525.54,6378525.54,6463808.248654954,new_observed,37158522668.0775,11973106.390363593,1,
3516606,Gália,2021,ok,ok,1059900.02,1059900.02,1059900.02,new_observed,7608064.16,7608064.16,7617051.574911804,new_observed,46897671220.665,11779722.522911662,1,
3516606,Gália,2022,ok,ok,1696510.07,1696510.07,1696510.07,new_observed,8244113.46,8244113.46,8240110.83648763,new_observed,50777650919.455,12625417.61105061,1,
3516606,Gália,2023,ok,ok,2144725.72,2144725.72,2144725.72,new_observed,8362245.38,8362245.38,8285264.540862712,new_observed,48945614200.0975,12872714.661929285,1,
3516606,Gália,2024,ok,ok,1875176.2,1875176.2,1875176.2,new_observed,9615974.29,9615974.29,9711590.881053893,new_observed,55712049158.33,12426498.585618142,1,
3516606,Gália,2025,ok,ok,2142922.36,2142922.36,2142922.36,new_observed,11972994.56,11972994.56,12049603.235812826,new_observed,59267888460.755,14192525.595812825,1,
3516705,Garça,2019,ok,ok,6440865.49,6440865.49,6440865.49,new_observed,26685029.51,26685029.51,26360085.029110726,new_observed,37092224874.8675,57119922.90891816,1,
3516705,Garça,2020,ok,ok,7497825.71,7497825.71,7497825.71,new_observed,25636063.28,25636063.28,25978824.769635458,new_observed,37158522668.0775,57062660.285432145,1,
3516705,Garça,2021,ok,ok,9629462.2,9629462.2,9629462.2,new_observed,31655755.39,31655755.39,31693150.370122846,new_observed,46897671220.665,56099069.4339325,1,
3516705,Garça,2022,ok,ok,11102314.59,11102314.59,11102314.59,new_observed,35922267.47,35922267.47,35904826.74540412,new_observed,50777650919.455,59727023.46666655,1,
3516705,Garça,2023,ok,ok,12516026.88,12516026.88,12516026.88,new_observed,36591072.29,36591072.29,36254223.59424726,new_observed,48945614200.0975,60192339.843458086,1,
3516705,Garça,2024,ok,ok,13685634.25,13685634.25,13685634.25,new_observed,41118839.69,41118839.69,41527705.51687081,new_observed,55712049158.33,59214833.932595804,1,
3516705,Garça,2025,ok,ok,13772715.37,13772715.37,13772715.37,new_observed,44545790.07,44545790.07,44830814.33633515,new_observed,59267888460.755,58603529.70633515,1,
3516804,Gastão Vidigal,2019,ok,ok,212481.31,212481.31,212481.31,new_observed,4223269.49,4223269.49,4171842.5986949224,new_observed,37092224874.8675,7634908.126411521,1,
3516804,Gastão Vidigal,2020,ok,ok,162867.55,162867.55,162867.55,new_observed,3735802.35,3735802.35,3785751.094644761,new_observed,37158522668.0775,6730622.122818217,1,
3516804,Gastão Vidigal,2021,ok,ok,202244.15,202244.15,202244.15,new_observed,5030840.13,5030840.13,5036783.067211411,new_observed,46897671220.665,7112438.767656829,1,
3516804,Gastão Vidigal,2022,ok,ok,803949.6,803949.6,803949.6,new_observed,5419804.72,5419804.72,5417173.334841368,new_observed,50777650919.455,7904525.6733881645,1,
3516804,Gastão Vidigal,2023,ok,ok,396386.48,396386.48,396386.48,new_observed,5282571.75,5282571.75,5233941.652742804,new_observed,48945614200.0975,6948962.145994973,1,
3516804,Gastão Vidigal,2024,ok,ok,417113.62,417113.62,417113.62,new_observed,6051764.09,6051764.09,6111939.901071992,new_observed,55712049158.33,7002235.720927831,1,
3516804,Gastão Vidigal,2025,ok,ok,553108.81,553108.81,553108.81,new_observed,9146131.31,9146131.31,9204652.426413948,new_observed,59267888460.755,9757761.236413948,1,
3516853,Gavião Peixoto,2019,ok,ok,6906850.57,6906850.57,6906850.57,new_observed,8139351.35,8139351.35,8040238.201250808,new_observed,37092224874.8675,26029018.81849945,1,
3516853,Gavião Peixoto,2020,ok,ok,10497887.3,10497887.3,10497887.3,new_observed,9208462.58,9208462.58,9331582.355321962,new_observed,37158522668.0775,33800343.65356387,1,
3516853,Gavião Peixoto,2021,ok,ok,11502605.26,11502605.26,11502605.26,new_observed,19708657.97,19708657.97,19731939.83024804,new_observed,46897671220.665,42403633.380674005,1,
3516853,Gavião Peixoto,2022,ok,ok,7548123.94,7548123.94,7548123.94,new_observed,48905255.08,48905255.08,48881510.947315335,new_observed,50777650919.455,71699193.59873225,1,
3516853,Gavião Peixoto,2023,ok,ok,8666710.67,8666710.67,8666710.67,new_observed,47517931.76,47517931.76,47080492.99867137,new_observed,48945614200.0975,68803309.31084748,1,
3516853,Gavião Peixoto,2024,ok,ok,11853777.42,11853777.42,11853777.42,new_observed,39424902.5,39424902.5,39816924.63587471,new_observed,55712049158.33,55415449.49713632,1,
3516853,Gavião Peixoto,2025,ok,ok,18517102.46,18517102.46,18517102.46,new_observed,31595266.27,31595266.27,31797427.18294192,new_observed,59267888460.755,50314529.64294192,1,
3516903,General Salgado,2019,ok,ok,2097474.23,2097474.23,2097474.23,new_observed,12903503.0,12903503.0,12746376.620116593,new_observed,37092224874.8675,25849239.208362006,1,
3516903,General Salgado,2020,ok,ok,3505454.75,3505454.75,3505454.75,new_observed,13315373.01,13315373.01,13493403.351012614,new_observed,37158522668.0775,28975421.709182646,1,
3516903,General Salgado,2021,ok,ok,1374635.37,1374635.37,1374635.37,new_observed,16572390.92,16572390.92,16591967.904387401,new_observed,46897671220.665,24391239.127763152,1,
3516903,General Salgado,2022,ok,ok,2195926.6,2195926.6,2195926.6,new_observed,20893619.55,20893619.55,20883475.4279819,new_observed,50777650919.455,29324565.31841251,1,
3516903,General Salgado,2023,ok,ok,2205763.18,2205763.18,2205763.18,new_observed,19747228.12,19747228.12,19565439.84158511,new_observed,48945614200.0975,26870061.940078616,1,
3516903,General Salgado,2024,ok,ok,1682626.33,1682626.33,1682626.33,new_observed,20468708.19,20468708.19,20672239.110672284,new_observed,55712049158.33,23974996.80773172,1,
3516903,General Salgado,2025,ok,ok,1684580.86,1684580.86,1684580.86,new_observed,21797098.19,21797098.19,21936565.95811181,new_observed,59267888460.755,23621146.81811181,1,
3517000,Getulina,2019,ok,ok,988950.21,988950.21,988950.21,new_observed,11326362.15,11326362.15,11188440.666052738,new_observed,37092224874.8675,21205837.546281982,1,
3517000,Getulina,2020,ok,ok,1098010.43,1098010.43,1098010.43,new_observed,10292087.9,10292087.9,10429696.055415003,new_observed,37158522668.0775,19649564.38660324,1,
3517000,Getulina,2021,ok,ok,1491719.93,1491719.93,1491719.93,new_observed,12770005.44,12770005.44,12785090.662061963,new_observed,46897671220.665,19382022.066975184,1,
3517000,Getulina,2022,ok,ok,2859899.38,2859899.38,2859899.38,new_observed,14842198.48,14842198.48,14834992.401032317,new_observed,50777650919.455,22483035.27127803,1,
3517000,Getulina,2023,ok,ok,2787548.23,2787548.23,2787548.23,new_observed,15003927.17,15003927.17,14865804.590308208,new_observed,48945614200.0975,21787803.056241356,2,
3517000,Getulina,2024,ok,ok,2121091.45,2121091.45,2121091.45,new_observed,16708932.29,16708932.29,16875077.82008753,new_observed,55712049158.33,20372884.76721797,1,
3517000,Getulina,2025,ok,ok,2349171.28,2349171.28,2349171.28,new_observed,18230229.72,18230229.72,18346875.038062584,new_observed,59267888460.755,20696046.318062585,1,
3517109,Glicério,2019,ok,ok,1163664.91,1163664.91,1163664.91,new_observed,6645694.17,6645694.17,6564769.333795106,new_observed,37092224874.8675,13458377.309981316,1,
3517109,Glicério,2020,ok,ok,643907.62,643907.62,643907.62,new_observed,6479821.92,6479821.92,6566458.990193396,new_observed,37158522668.0775,12290438.096881222,1,
3517109,Glicério,2021,ok,ok,861125.94,861125.94,861125.94,new_observed,8418374.3,8418374.3,8428318.935208883,new_observed,46897671220.665,12611235.849928312,3,
3517109,Glicério,2022,ok,ok,2362454.33,2362454.33,2362454.33,new_observed,9445917.77,9445917.77,9441331.654980408,new_observed,50777650919.455,14997827.617086977,1,
3517109,Glicério,2023,ok,ok,2410217.15,2410217.15,2410217.15,new_observed,9688753.39,9688753.39,9599561.034087999,new_observed,48945614200.0975,14822492.04938764,1,
3517109,Glicério,2024,ok,ok,2218950.87,2218950.87,2218950.87,new_observed,11788533.06,11788533.06,11905752.523231668,new_observed,55712049158.33,15148367.574012227,1,
3517109,Glicério,2025,ok,ok,1837392.26,1837392.26,1837392.26,new_observed,13790886.29,13790886.29,13879126.665594235,new_observed,59267888460.755,15716518.925594235,1,
3517208,Guaiçara,2019,ok,ok,1100809.64,1100809.64,1100809.64,new_observed,9581550.1,9581550.1,9464875.249698922,new_observed,37092224874.8675,18399195.658305753,1,
3517208,Guaiçara,2020,ok,ok,1670452.42,1670452.42,1670452.42,new_observed,9561225.84,9561225.84,9689062.1608838,new_observed,37158522668.0775,19362872.69632012,1,
3517208,Guaiçara,2021,ok,ok,2528918.62,2528918.62,2528918.62,new_observed,11456765.39,11456765.39,11470299.280085798,new_observed,46897671220.665,19005165.65028331,1,
3517208,Guaiçara,2022,ok,ok,2515353.82,2515353.82,2515353.82,new_observed,12186905.22,12186905.22,12180988.320188606,new_observed,50777650919.455,18673094.064967126,1,
3517208,Guaiçara,2023,ok,ok,2132531.32,2132531.32,2132531.32,new_observed,12301989.35,12301989.35,12188740.166295586,new_observed,48945614200.0975,17675341.666508734,1,
3517208,Guaiçara,2024,ok,ok,1978498.06,1978498.06,1978498.06,new_observed,15711760.95,15711760.95,15867991.0912406,new_observed,55712049158.33,19139883.510627147,1,
3517208,Guaiçara,2025,ok,ok,2222447.44,2222447.44,2222447.44,new_observed,19148121.31,19148121.31,19270639.7167788,new_observed,59267888460.755,21493087.1567788,1,
3517307,Guaimbê,2019,ok,ok,732116.51,732116.51,732116.51,new_observed,4663512.58,4663512.58,4606724.834126951,new_observed,37092224874.8675,9297114.905917188,4,
3517307,Guaimbê,2020,ok,ok,874388.1,874388.1,874388.1,new_observed,4683982.54,4683982.54,4746608.724656418,new_observed,37158522668.0775,9581276.133524178,1,
3517307,Guaimbê,2021,ok,ok,836460.24,836460.24,836460.24,new_observed,6156921.15,6156921.15,6164194.328010937,new_observed,46897671220.665,9504002.343205541,2,
3517307,Guaimbê,2022,ok,ok,969190.71,969190.71,969190.71,new_observed,7932606.46,7932606.46,7928755.0771575365,new_observed,50777650919.455,11305682.535398452,4,
3517307,Guaimbê,2023,ok,ok,1285851.12,1285851.12,1285851.12,new_observed,8282356.23,8282356.23,8206110.8313485505,new_observed,48945614200.0975,11714998.262279559,1,
3517307,Guaimbê,2024,ok,ok,839781.52,839781.52,839781.52,new_observed,8888191.75,8888191.75,8976571.623961616,new_observed,55712049158.33,10527776.868737409,1,
3517307,Guaimbê,2025,ok,ok,980340.18,980340.18,980340.18,new_observed,9857067.62,9857067.62,9920137.630930135,new_observed,59267888460.755,10900477.810930135,1,
3517406,Guaíra,2019,ok,ok,5690849.82,5690849.82,5690849.82,new_observed,77112338.97,77112338.97,76173339.4853873,new_observed,37092224874.8675,142559166.97902992,1,
3517406,Guaíra,2020,ok,ok,8403668.95,8403668.95,8403668.95,new_observed,88596364.96,88596364.96,89780923.66927996,new_observed,37158522668.0775,167360652.08512256,1,
3517406,Guaíra,2021,ok,ok,7141452.07,7141452.07,7141452.07,new_observed,92654636.73,92654636.73,92764089.75856057,new_observed,46897671220.665,135630532.03289768,1,
3517406,Guaíra,2022,ok,ok,8863091.22,8863091.22,8863091.22,new_observed,115842589.44,115842589.44,115786346.36735477,new_observed,50777650919.455,158378911.63739967,1,
3517406,Guaíra,2023,ok,ok,9782560.68,9782560.68,9782560.68,new_observed,118372605.96,118372605.96,117282895.94509627,new_observed,48945614200.0975,156824438.5289888,1,
3517406,Guaíra,2024,ok,ok,10973480.88,10973480.88,10973480.88,new_observed,118683024.05,118683024.05,119863150.55963817,new_observed,55712049158.33,140318796.79278278,1,
3517406,Guaíra,2025,ok,ok,12036537.14,12036537.14,12036537.14,new_observed,114941558.88,114941558.88,115677007.35761616,new_observed,59267888460.755,127713544.49761616,1,
3517505,Guapiaçu,2019,ok,ok,3313883.38,3313883.38,3313883.38,new_observed,17473137.42,17473137.42,17260366.45168156,new_observed,37092224874.8675,35828216.73444402,1,
3517505,Guapiaçu,2020,ok,ok,2915923.96,2915923.96,2915923.96,new_observed,18750574.35,18750574.35,19001274.88562945,new_observed,37158522668.0775,37358984.67193477,1,
3517505,Guapiaçu,2021,ok,ok,3354602.96,3354602.96,3354602.96,new_observed,26101727.59,26101727.59,26132561.590717237,new_observed,46897671220.665,40031411.10048071,1,
3517505,Guapiaçu,2022,ok,ok,3887730.3,3887730.3,3887730.3,new_observed,31095499.94,31095499.94,31080402.67335118,new_observed,50777650919.455,44430323.549835734,1,
3517505,Guapiaçu,2023,ok,ok,4951228.71,4951228.71,4951228.71,new_observed,30187216.39,30187216.39,29909320.066306964,new_observed,48945614200.0975,43024958.42585279,1,
3517505,Guapiaçu,2024,ok,ok,5630538.93,5630538.93,5630538.93,new_observed,31289945.22,31289945.22,31601077.28067021,new_observed,55712049158.33,39929915.13039797,1,
3517505,Guapiaçu,2025,ok,ok,6170657.95,6170657.95,6170657.95,new_observed,33954999.34,33954999.34,34172258.90055749,new_observed,59267888460.755,40342916.85055749,1,
3517604,Guapiara,2019,ok,ok,1268246.26,1268246.26,1268246.26,new_observed,9408480.75,9408480.75,9293913.37085883,new_observed,37092224874.8675,18393056.7351955,1,
3517604,Guapiara,2020,ok,ok,646362.53,646362.53,646362.53,new_observed,9229489.94,9229489.94,9352890.857132152,new_observed,37158522668.0775,17044238.02748655,1,
3517604,Guapiara,2021,ok,ok,822941.42,822941.42,822941.42,new_observed,11895843.02,11895843.02,11909895.59299334,new_observed,46897671220.665,17285942.56887121,1,
3517604,Guapiara,2022,ok,ok,1291826.7,1291826.7,1291826.7,new_observed,13538692.39,13538692.39,13532119.180066649,new_observed,50777650919.455,18835226.697363347,1,
3517604,Guapiara,2023,ok,ok,1382910.89,1382910.89,1382910.89,new_observed,13469278.13,13469278.13,13345283.1638273,new_observed,48945614200.0975,18177566.30625659,1,
3517604,Guapiara,2024,ok,ok,1489076.35,1489076.35,1489076.35,new_observed,16148158.53,16148158.53,16308727.99741654,new_observed,55712049158.33,19087670.3573266,1,
3517604,Guapiara,2025,ok,ok,1918834.1,1918834.1,1918834.1,new_observed,21551032.67,21551032.67,21688925.998772014,new_observed,59267888460.755,23607760.098772015,1,
3517703,Guará,2019,ok,ok,4411212.2,4411212.2,4411212.2,new_observed,18993795.23,18993795.23,18762507.16157884,new_observed,37092224874.8675,40354960.52698457,1,
3517703,Guará,2020,ok,ok,7579214.4,7579214.4,7579214.4,new_observed,18453305.97,18453305.97,18700031.94246671,new_observed,37158522668.0775,44794317.385772474,1,
3517703,Guará,2021,ok,ok,5939592.8,5939592.8,5939592.8,new_observed,23458267.01,23458267.01,23485978.287704416,new_observed,46897671220.665,39947792.57436819,1,
3517703,Guará,2022,ok,ok,6370790.94,6370790.94,6370790.94,new_observed,26553696.04,26553696.04,26540803.877777137,new_observed,50777650919.455,41817297.120475866,1,
3517703,Guará,2023,ok,ok,5699911.42,5699911.42,5699911.42,new_observed,27214786.5,27214786.5,26964253.65786136,new_observed,48945614200.0975,40314177.309949376,1,
3517703,Guará,2024,ok,ok,6910645.68,6910645.68,6910645.68,new_observed,31901770.7,31901770.7,32218986.456919104,new_observed,55712049158.33,41965486.5765159,1,
3517703,Guará,2025,ok,ok,7475309.55,7475309.55,7475309.55,new_observed,34828708.56,34828708.56,35051558.510334596,new_observed,59267888460.755,42526868.06033459,5,
3517802,Guaraçaí,2019,ok,ok,1216364.33,1216364.33,1216364.33,new_observed,11385668.19,11385668.19,11247024.534455582,new_observed,37092224874.8675,21703877.474733394,1,
3517802,Guaraçaí,2020,ok,ok,1185359.87,1185359.87,1185359.87,new_observed,10829047.67,10829047.67,10973835.130935874,new_observed,37158522668.0775,20725968.809358735,2,
3517802,Guaraçaí,2021,ok,ok,1480972.09,1480972.09,1480972.09,new_observed,13634584.82,13634584.82,13650691.370674452,new_observed,46897671220.665,20542559.783478662,1,
3517802,Guaraçaí,2022,ok,ok,1639226.19,1639226.19,1639226.19,new_observed,14898746.07,14898746.07,14891512.53644737,new_observed,50777650919.455,21003868.59926392,5,
3517802,Guaraçaí,2023,ok,ok,1869219.92,1869219.92,1869219.92,new_observed,14375608.59,14375608.59,14243270.1614944,new_observed,48945614200.0975,19886067.208569687,1,
3517802,Guaraçaí,2024,ok,ok,2258497.81,2258497.81,2258497.81,new_observed,15918850.57,15918850.57,16077139.910122572,new_observed,55712049158.33,19664482.301372502,1,
3517802,Guaraçaí,2025,ok,ok,2238277.84,2238277.84,2238277.84,new_observed,18572015.01,18572015.01,18690847.226114534,new_observed,59267888460.755,20929125.066114534,1,
3517901,Guaraci,2019,ok,ok,1217436.63,1217436.63,1217436.63,new_observed,20701022.12,20701022.12,20448945.09366057,new_observed,37092224874.8675,37730066.78723033,1,
3517901,Guaraci,2020,ok,ok,1222610.09,1222610.09,1222610.09,new_observed,20379841.96,20379841.96,20652326.26901614,new_observed,37158522668.0775,37286946.10529561,4,
3517901,Guaraci,2021,ok,ok,1129354.75,1129354.75,1129354.75,new_observed,25872173.32,25872173.32,25902736.14799499,new_observed,46897671220.665,36698433.37367881,1,
3517901,Guaraci,2022,ok,ok,2853202.62,2853202.62,2853202.62,new_observed,28638156.27,28638156.27,28624252.07542609,new_observed,50777650919.455,39995086.31784543,1,
3517901,Guaraci,2023,ok,ok,3181824.8,3181824.8,3181824.8,new_observed,29590093.49,29590093.49,29317694.13749367,new_observed,48945614200.0975,40110970.717025295,1,
3517901,Guaraci,2024,ok,ok,2691979.18,2691979.18,2691979.18,new_observed,31547861.45,31547861.45,31861558.104745273,new_observed,55712049158.33,37057746.9274489,1,
3517901,Guaraci,2025,ok,ok,2320761.98,2320761.98,2320761.98,new_observed,30742648.3,30742648.3,30939353.774594516,new_observed,59267888460.755,33260115.754594516,1,
3518008,Guarani d'Oeste,2019,ok,ok,80615.39,80615.39,80615.39,new_observed,2441726.95,2441726.95,2411993.960724355,new_observed,37092224874.8675,4340656.343860238,5,
3518008,Guarani d'Oeste,2020,ok,ok,216096.04,216096.04,216096.04,new_observed,2467765.07,2467765.07,2500759.793964636,new_observed,37158522668.0775,4631019.509921611,1,
3518008,Guarani d'Oeste,2021,ok,ok,355717.17,355717.17,355717.17,new_observed,3082368.83,3082368.83,3086010.0358315795,new_observed,46897671220.665,4672446.427847587,4,
3518008,Guarani d'Oeste,2022,ok,ok,167035.6,167035.6,167035.6,new_observed,3311395.1,3311395.1,3309787.3749304325,new_observed,50777650919.455,4417632.757785102,1,
3518008,Guarani d'Oeste,2023,ok,ok,342956.63,342956.63,342956.63,new_observed,3848846.6,3848846.6,3813415.034969951,new_observed,48945614200.0975,5129802.150712706,1,
3518008,Guarani d'Oeste,2024,ok,ok,224837.12,224837.12,224837.12,new_observed,4438063.51,4438063.51,4482193.464064891,new_observed,55712049158.33,5048164.728450163,1,
3518008,Guarani d'Oeste,2025,ok,ok,228451.24,228451.24,228451.24,new_observed,5196596.06,5196596.06,5229846.249908274,new_observed,59267888460.755,5458297.489908274,1,
3518107,Guarantã,2019,ok,ok,1894438.16,1894438.16,1894438.16,new_observed,8205876.12,8205876.12,8105952.896941324,new_observed,37092224874.8675,17414786.98608791,1,
3518107,Guarantã,2020,ok,ok,2053463.81,2053463.81,2053463.81,new_observed,8285153.43,8285153.43,8395928.298220137,new_observed,37158522668.0775,17811522.464691166,1,
3518107,Guarantã,2021,ok,ok,2109218.06,2109218.06,2109218.06,new_observed,10672260.53,10672260.53,10684867.683595557,new_observed,46897671220.665,17369093.090512678,1,
3518107,Guarantã,2022,ok,ok,2567071.47,2567071.47,2567071.47,new_observed,11429707.56,11429707.56,11424158.289427591,new_observed,50777650919.455,17777182.02871166,1,
3518107,Guarantã,2023,ok,ok,3096159.09,3096159.09,3096159.09,new_observed,11126360.31,11126360.31,11023933.687210845,new_observed,48945614200.0975,17427046.50483243,1,
3518107,Guarantã,2024,ok,ok,3491027.54,3491027.54,3491027.54,new_observed,12227009.91,12227009.91,12348589.37466144,new_observed,55712049158.33,16987566.57572084,1,
3518107,Guarantã,2025,ok,ok,7528444.78,7528444.78,7528444.78,new_observed,13238127.83,13238127.83,13322831.405050918,new_observed,59267888460.755,20851276.18505092,1,
3518206,Guararapes,2019,ok,ok,5019853.16,5019853.16,5019853.16,new_observed,29708050.01,29708050.01,29346294.10918248,new_observed,37092224874.8675,59845573.119856365,1,
3518206,Guararapes,2020,ok,ok,8671449.51,8671449.51,8671449.51,new_observed,27897102.07,27897102.07,28270094.29417997,new_observed,37158522668.0775,62968747.89787173,1,
3518206,Guararapes,2021,ok,ok,5909858.79,5909858.79,5909858.79,new_observed,36359209.37,36359209.37,36402160.545700036,new_observed,46897671220.665,57442275.862285204,1,
3518206,Guararapes,2022,ok,ok,7904214.84,7904214.84,7904214.84,new_observed,43043089.05,43043089.05,43022191.074600644,new_observed,50777650919.455,64706820.170820534,1,
3518206,Guararapes,2023,ok,ok,8284510.97,8284510.97,8284510.97,new_observed,45606165.74,45606165.74,45186326.2412816,new_observed,48945614200.0975,65993813.31525472,1,
3518206,Guararapes,2024,ok,ok,8804453.71,8804453.71,8804453.71,new_observed,52268528.85,52268528.85,52788261.785770886,new_observed,55712049158.33,66056544.21448516,1,
3518206,Guararapes,2025,ok,ok,10352399.09,10352399.09,10352399.09,new_observed,55641641.14,55641641.14,55997661.71834625,new_observed,59267888460.755,66350060.80834626,1,
3518305,Guararema,2019,ok,ok,21337514.89,21337514.89,21337514.89,new_observed,38355715.21,38355715.21,37888656.40598482,new_observed,37092224874.8675,103137082.4649124,1,
3518305,Guararema,2020,ok,ok,22245882.55,22245882.55,22245882.55,new_observed,35176948.34,35176948.34,35647274.18847981,new_observed,37158522668.0775,98681842.07463528,1,
3518305,Guararema,2021,ok,ok,24950098.18,24950098.18,24950098.18,new_observed,43167281.49,43167281.49,43218275.04909812,new_observed,46897671220.665,92544543.17204446,3,
3518305,Guararema,2022,ok,ok,27997465.41,27997465.41,27997465.41,new_observed,48063448.63,48063448.63,48040113.205214135,new_observed,50777650919.455,96612942.48665366,1,
3518305,Guararema,2023,ok,ok,35052913.9,35052913.9,35052913.9,new_observed,46300876.17,46300876.17,45874641.3325384,new_observed,48945614200.0975,99880949.1419238,1,
3518305,Guararema,2024,ok,ok,37277171.44,37277171.44,37277171.44,new_observed,48059093.43,48059093.43,48536969.77870197,new_observed,55712049158.33,92033377.12932105,1,
3518305,Guararema,2025,ok,ok,40644104.19,40644104.19,40644104.19,new_observed,55949834.5,55949834.5,56307827.03992075,new_observed,59267888460.755,96951931.22992074,1,
3518404,Guaratinguetá,2019,ok,ok,30511448.23,30511448.23,30511448.23,new_observed,82668433.4,82668433.4,81661777.17100742,new_observed,37092224874.8675,195339643.69773865,1,
3518404,Guaratinguetá,2020,ok,ok,25883018.19,25883018.19,25883018.19,new_observed,74969263.55,74969263.55,75971624.02050635,new_observed,37158522668.0775,173616439.03078,1,
3518404,Guaratinguetá,2021,ok,ok,29230169.46,29230169.46,29230169.46,new_observed,87222930.19,87222930.19,87325966.73739958,new_observed,46897671220.665,158235173.69316646,2,
3518404,Guaratinguetá,2022,ok,ok,36415728.78,36415728.78,36415728.78,new_observed,101158850.4,101158850.4,101109736.4722187,new_observed,50777650919.455,174739123.82323533,1,
3518404,Guaratinguetá,2023,ok,ok,43100470.23,43100470.23,43100470.23,new_observed,108768751.17,108768751.17,107767451.95471896,new_observed,48945614200.0975,186201488.72137105,2,
3518404,Guaratinguetá,2024,ok,ok,48413122.3,48413122.3,48413122.3,new_observed,125266181.24,125266181.24,126511767.476328,new_observed,55712049158.33,187602277.6835898,1,
3518404,Guaratinguetá,2025,ok,ok,52891255.12,52891255.12,52891255.12,new_observed,139321510.44,139321510.44,140212952.9587086,new_observed,59267888460.755,193104208.07870862,1,
3518503,Guareí,2019,ok,ok,653466.81,653466.81,653466.81,new_observed,12036492.02,12036492.02,11889923.261299504,new_observed,37092224874.8675,21843192.42430727,1,
3518503,Guareí,2020,ok,ok,538715.11,538715.11,538715.11,new_observed,10958731.38,10958731.38,11105252.749185966,new_observed,37158522668.0775,19847737.835283414,1,
3518503,Guareí,2021,ok,ok,623574.05,623574.05,623574.05,new_observed,13395164.63,13395164.63,13410988.353329608,new_observed,46897671220.665,19053148.912189066,1,
3518503,Guareí,2022,ok,ok,1615537.04,1615537.04,1615537.04,new_observed,14689260.13,14689260.13,14682128.304575603,new_observed,50777650919.455,20707726.80137872,1,
3518503,Guareí,2023,ok,ok,1535465.25,1535465.25,1535465.25,new_observed,15389447.05,15389447.05,15247775.466121191,new_observed,48945614200.0975,20713908.97187968,1,
3518503,Guareí,2024,ok,ok,1114205.45,1114205.45,1114205.45,new_observed,18649975.76,18649975.76,18835422.086251456,new_observed,55712049158.33,21395443.321562737,4,
3518503,Guareí,2025,ok,ok,2024118.41,2024118.41,2024118.41,new_observed,21867668.27,21867668.27,22007587.57764552,new_observed,59267888460.755,24031705.98764552,1,
3518602,Guariba,2019,ok,ok,5426297.04,5426297.04,5426297.04,new_observed,30482970.62,30482970.62,30111778.485460036,new_observed,37092224874.8675,61886381.4072368,1,
3518602,Guariba,2020,ok,ok,4883758.25,4883758.25,4883758.25,new_observed,26874535.57,26874535.57,27233855.787953302,new_observed,37158522668.0775,54746113.2690451,1,
3518602,Guariba,2021,ok,ok,5321762.63,5321762.63,5321762.63,new_observed,29894677.19,29894677.19,29929991.806426812,new_observed,46897671220.665,47857347.26818524,1,
3518602,Guariba,2022,ok,ok,6871348.11,6871348.11,6871348.11,new_observed,38165804.49,38165804.49,38147274.499217935,new_observed,50777650919.455,57200422.16208188,1,
3518602,Guariba,2023,ok,ok,9320423.54,9320423.54,9320423.54,new_observed,43346873.69,43346873.69,42947832.695745625,new_observed,48945614200.0975,64509585.49061064,1,
3518602,Guariba,2024,ok,ok,9951672.69,9951672.69,9951672.69,new_observed,44153789.86,44153789.86,44592833.761449866,new_observed,55712049158.33,58497528.044771165,1,
3518602,Guariba,2025,ok,ok,9897197.53,9897197.53,9897197.53,new_observed,40110883.54,40110883.54,40367531.253175095,new_observed,59267888460.755,50264728.783175096,1,
3518701,Guarujá,2019,ok,ok,166274485.62,166274485.62,166274485.62,new_observed,146139936.3,146139936.3,144360385.49529135,new_observed,37092224874.8675,540942857.1464525,1,
3518701,Guarujá,2020,ok,ok,163260098.82,163260098.82,163260098.82,new_observed,143394417.94,143394417.94,145311642.27205524,new_observed,37158522668.0775,525976290.4395568,1,
3518701,Guarujá,2021,ok,ok,211245807.65,211245807.65,211245807.65,new_observed,188309918.9,188309918.9,188532369.6230184,new_observed,46897671220.665,542733925.3284625,1,
3518701,Guarujá,2022,ok,ok,268943724.54,268943724.54,268943724.54,new_observed,159564381.87,159564381.87,159486911.3027027,new_observed,50777650919.455,544361684.4988474,1,
3518701,Guarujá,2023,ok,ok,295326574.92,295326574.92,295326574.92,new_observed,223465883.71,223465883.71,221408710.01264656,new_observed,48945614200.0975,637755713.3153533,1,
3518701,Guarujá,2024,ok,ok,373440188.64,373440188.64,373440188.64,new_observed,226308683.94,226308683.94,228558987.8854607,new_observed,55712049158.33,645628056.843316,1,
3518701,Guarujá,2025,ok,ok,473456897.66,473456897.66,473456897.66,new_observed,214731118.55,214731118.55,216105066.1088572,new_observed,59267888460.755,689561963.7688572,1,
3518800,Guarulhos,2019,ok,ok,560113795.37,560113795.37,560113795.37,new_observed,1298522459.54,1298522459.54,1282710308.8965027,new_observed,37092224874.8675,3209113428.2547793,1,
3518800,Guarulhos,2020,ok,ok,492500519.24,492500519.24,492500519.24,new_observed,1286052146.4,1286052146.4,1303247030.990289,new_observed,37158522668.0775,3060943402.3132834,1,
3518800,Guarulhos,2021,ok,ok,601067984.39,601067984.39,601067984.39,new_observed,1622583176.4,1622583176.4,1624499935.7659225,new_observed,46897671220.665,3021403573.428239,1,
3518800,Guarulhos,2022,ok,ok,780729371.34,780729371.34,780729371.34,new_observed,1733238701.89,1733238701.89,1732397192.1249545,new_observed,50777650919.455,3193165229.0823994,1,
3518800,Guarulhos,2023,ok,ok,898554374.58,898554374.58,898554374.58,new_observed,1723542198.89,1723542198.89,1707675679.9432578,new_observed,48945614200.0975,3216614301.2723475,1,
3518800,Guarulhos,2024,ok,ok,1046095847.37,1046095847.37,1046095847.37,new_observed,1965965070.88,1965965070.88,1985513675.3728447,new_observed,55712049158.33,3251320336.6373277,1,
3518800,Guarulhos,2025,ok,ok,1225742806.96,1225742806.96,1225742806.96,new_observed,2092426784.66,2092426784.66,2105815084.8387728,new_observed,59267888460.755,3331557891.798773,4,
3518859,Guatapará,2019,ok,ok,1995835.51,1995835.51,1995835.51,new_observed,9188440.63,9188440.63,9076552.686627917,new_observed,37092224874.8675,19281574.167813126,1,
3518859,Guatapará,2020,ok,ok,1570388.88,1570388.88,1570388.88,new_observed,8816493.44,8816493.44,8934372.475944385,new_observed,37158522668.0775,17905902.174963273,1,
3518859,Guatapará,2021,ok,ok,2343098.72,2343098.72,2343098.72,new_observed,11693514.59,11693514.59,11707328.152187096,new_observed,46897671220.665,19074686.319545835,1,
3518859,Guatapará,2022,ok,ok,2067414.23,2067414.23,2067414.23,new_observed,14021136.71,14021136.71,14014329.267121164,new_observed,50777650919.455,20433377.651791863,1,
3518859,Guatapará,2023,ok,ok,2530131.96,2530131.96,2530131.96,new_observed,14012156.01,14012156.01,13883163.439373903,new_observed,48945614200.0975,20257321.72837338,1,
3518859,Guatapará,2024,ok,ok,3300365.78,3300365.78,3300365.78,new_observed,15483969.73,15483969.73,15637934.825674592,new_observed,55712049158.33,20310822.168440543,1,
3518859,Guatapará,2025,ok,ok,3488979.21,3488979.21,3488979.21,new_observed,17289133.11,17289133.11,17399756.863052867,new_observed,59267888460.755,20888736.07305287,1,
3518909,Guzolândia,2019,ok,partial,,,281365.95532015205,imputed_temporal,6320401.04,6320401.04,6243437.308924297,new_observed,37092224874.8675,11362361.564258862,1,
3518909,Guzolândia,2020,ok,ok,283812.86,283812.86,283812.86,new_observed,6140415.13,6140415.13,6222514.234451069,new_observed,37158522668.0775,11090366.789306305,1,
3518909,Guzolândia,2021,ok,ok,162672.94,162672.94,162672.94,new_observed,7126164.85,7126164.85,7134582.996704597,new_observed,46897671220.665,9906664.705085717,1,
3518909,Guzolândia,2022,ok,ok,317677.59,317677.59,317677.59,new_observed,7370834.0,7370834.0,7367255.364939078,new_observed,50777650919.455,9764434.890102629,1,
3518909,Guzolândia,2023,ok,ok,271101.42,271101.42,271101.42,new_observed,7453080.09,7453080.09,7384468.8099653525,new_observed,48945614200.0975,9448519.958306557,1,
3518909,Guzolândia,2024,ok,ok,297205.17,297205.17,297205.17,new_observed,8550811.78,8550811.78,8635836.910942512,new_observed,55712049158.33,9580449.318396302,1,
3518909,Guzolândia,2025,ok,ok,2023620.91,2023620.91,2023620.91,new_observed,9356837.9,9356837.9,9416707.21320499,new_observed,59267888460.755,11440328.12320499,1,
3519006,Herculândia,2019,ok,ok,873971.87,873971.87,873971.87,new_observed,10138857.4,10138857.4,10015396.200400474,new_observed,37092224874.8675,18962860.980071776,1,
3519006,Herculândia,2020,ok,ok,851174.9,851174.9,851174.9,new_observed,9831186.93,9831186.93,9962632.707778227,new_observed,37158522668.0775,18432687.293193918,1,
3519006,Herculândia,2021,ok,ok,1204143.92,1204143.92,1204143.92,new_observed,12398456.95,12398456.95,12413103.261404896,new_observed,46897671220.665,18486606.91122376,1,
3519006,Herculândia,2022,ok,ok,2251587.55,2251587.55,2251587.55,new_observed,14504848.66,14504848.66,14497806.368724952,new_observed,50777650919.455,21281690.72222794,1,
3519006,Herculândia,2023,ok,ok,1548892.04,1548892.04,1548892.04,new_observed,15573790.27,15573790.27,15430421.666347193,new_observed,48945614200.0975,20955902.645216227,1,
3519006,Herculândia,2024,ok,ok,2052785.31,2052785.31,2052785.31,new_observed,17063094.9,17063094.9,17232762.05155049,new_observed,55712049158.33,20683235.0503572,1,
3519006,Herculândia,2025,ok,ok,1580717.86,1580717.86,1580717.86,new_observed,19851801.29,19851801.29,19978822.16198862,new_observed,59267888460.755,21559540.02198862,1,
3519055,Holambra,2019,ok,ok,6216711.62,6216711.62,6216711.62,new_observed,22308589.69,22308589.69,22036937.260555528,new_observed,37092224874.8675,49201203.63623923,1,
3519055,Holambra,2020,ok,ok,6178484.07,6178484.07,6178484.07,new_observed,23009641.92,23009641.92,23317287.40574939,new_observed,37158522668.0775,50277048.73285624,1,
3519055,Holambra,2021,ok,ok,7119308.16,7119308.16,7119308.16,new_observed,31964987.69,31964987.69,32002747.966593243,new_observed,46897671220.665,53111621.1328512,1,
3519055,Holambra,2022,ok,ok,9543970.21,9543970.21,9543970.21,new_observed,37419213.02,37419213.02,37401045.50901475,new_observed,50777650919.455,59648086.989302546,1,
3519055,Holambra,2023,ok,ok,11594112.65,11594112.65,11594112.65,new_observed,38725532.0,38725532.0,38369033.97657104,new_observed,48945614200.0975,61664614.64008931,1,
3519055,Holambra,2024,ok,ok,12544590.99,12544590.99,12544590.99,new_observed,45055428.25,45055428.25,45503437.60691129,new_observed,55712049158.33,62254962.079709776,2,
3519055,Holambra,2025,ok,ok,14171469.4,14171469.4,14171469.4,new_observed,49502659.66,49502659.66,49819400.237034515,new_observed,59267888460.755,63990869.63703451,1,
3519071,Hortolândia,2019,ok,ok,138017787.66,138017787.66,138017787.66,new_observed,230210488.74,230210488.74,227407208.05669206,new_observed,37092224874.8675,636354960.8773683,1,
3519071,Hortolândia,2020,ok,ok,131252459.63,131252459.63,131252459.63,new_observed,238722729.7,238722729.7,241914520.7932,new_observed,37158522668.0775,636082174.5467962,1,
3519071,Hortolândia,2021,ok,ok,141576115.01,141576115.01,141576115.01,new_observed,312928998.43,312928998.43,313298661.81449306,new_observed,46897671220.665,617532389.693867,1,
3519071,Hortolândia,2022,ok,ok,195810332.23,195810332.23,195810332.23,new_observed,335210966.3,335210966.3,335048217.048449,new_observed,50777650919.455,674506045.8793352,2,
3519071,Hortolândia,2023,ok,ok,212363555.46,212363555.46,212363555.46,new_observed,314747110.43,314747110.43,311849623.5020407,new_observed,48945614200.0975,646984944.9545947,1,
3519071,Hortolândia,2024,ok,ok,269517707.34,269517707.34,269517707.34,new_observed,346192005.63,346192005.63,349634371.2634933,new_observed,55712049158.33,664024086.7212662,2,
3519071,Hortolândia,2025,ok,ok,286588370.13,286588370.13,286588370.13,new_observed,371169796.76,371169796.76,373544710.2780011,new_observed,59267888460.755,660133080.4080012,1,
3519105,Iacanga,2019,ok,ok,1233178.68,1233178.68,1233178.68,new_observed,18440171.14,18440171.14,18215624.570308134,new_observed,37092224874.8675,33868352.12842593,1,
3519105,Iacanga,2020,ok,ok,1139364.24,1139364.24,1139364.24,new_observed,17825342.72,17825342.72,18063672.64442082,new_observed,37158522668.0775,32732557.005693026,1,
3519105,Iacanga,2021,ok,ok,1273649.07,1273649.07,1273649.07,new_observed,19834221.56,19834221.56,19857651.74866081,new_observed,46897671220.665,28687593.502073757,1,
3519105,Iacanga,2022,ok,ok,2102099.17,2102099.17,2102099.17,new_observed,23591825.78,23591825.78,23580371.64402469,new_observed,50777650919.455,32632010.656557918,4,
3519105,Iacanga,2023,ok,ok,3059726.93,3059726.93,3059726.93,new_observed,24912747.25,24912747.25,24683406.432866484,new_observed,48945614200.0975,34240630.209226206,1,
3519105,Iacanga,2024,ok,ok,3123272.18,3123272.18,3123272.18,new_observed,26882720.66,26882720.66,27150029.41418795,new_observed,55712049158.33,32467308.336360462,4,
3519105,Iacanga,2025,ok,ok,3245470.72,3245470.72,3245470.72,new_observed,28834957.72,28834957.72,29019456.92084554,new_observed,59267888460.755,32264927.640845537,1,
3519204,Iacri,2019,ok,ok,376225.94,376225.94,376225.94,new_observed,7480601.22,7480601.22,7389509.693222349,new_observed,37092224874.8675,13523334.344907431,3,
3519204,Iacri,2020,ok,ok,510929.73,510929.73,510929.73,new_observed,7408413.84,7408413.84,7507466.449439274,new_observed,37158522668.0775,13667765.761084374,2,
3519204,Iacri,2021,ok,ok,925490.97,925490.97,925490.97,new_observed,9049312.91,9049312.91,9060002.873711996,new_observed,46897671220.665,13556183.349247502,1,
3519204,Iacri,2022,ok,ok,1752151.25,1752151.25,1752151.25,new_observed,10162516.59,10162516.59,10157582.557002353,new_observed,50777650919.455,15132444.355573494,1,
3519204,Iacri,2023,ok,ok,2252541.77,2252541.77,2252541.77,new_observed,10963840.51,10963840.51,10862910.005778512,new_observed,48945614200.0975,16187116.588728791,1,
3519204,Iacri,2024,ok,ok,1748643.32,1748643.32,1748643.32,new_observed,13044935.03,13044935.03,13174647.545910658,new_observed,55712049158.33,16004831.333947862,1,
3519204,Iacri,2025,ok,ok,1352076.21,1352076.21,1352076.21,new_observed,14416053.63,14416053.63,14508294.111151692,new_observed,59267888460.755,15860370.321151692,1,
3519253,Iaras,2019,ok,ok,3009290.22,3009290.22,3009290.22,new_observed,9137222.68,9137222.68,9025958.419287464,new_observed,37092224874.8675,20958309.548536822,1,
3519253,Iaras,2020,ok,ok,2428495.46,2428495.46,2428495.46,new_observed,9964695.84,9964695.84,10097926.670045082,new_observed,37158522668.0775,21351926.204012077,1,
3519253,Iaras,2021,ok,ok,2749691.94,2749691.94,2749691.94,new_observed,12685064.79,12685064.79,12700049.67157477,new_observed,46897671220.665,20974378.760134444,1,
3519253,Iaras,2022,ok,ok,4438700.55,4438700.55,4438700.55,new_observed,11928346.82,11928346.82,11922555.453629669,new_observed,50777650919.455,20788524.75415111,1,
3519253,Iaras,2023,ok,ok,4317679.58,4317679.58,4317679.58,new_observed,10156937.99,10156937.99,10063435.638178842,new_observed,48945614200.0975,17749200.919065163,1,
3519253,Iaras,2024,ok,ok,4883681.26,4883681.26,4883681.26,new_observed,12043782.4,12043782.4,12163539.93904422,new_observed,55712049158.33,18282689.954562772,1,
3519253,Iaras,2025,ok,ok,4503807.56,4503807.56,4503807.56,new_observed,14574293.14,14574293.14,14667546.109653346,new_observed,59267888460.755,19171353.669653345,1,
3519303,Ibaté,2019,ok,ok,4593357.99,4593357.99,4593357.99,new_observed,18566874.71,18566874.71,18340785.266774304,new_observed,37092224874.8675,39937760.1586818,1,
3519303,Ibaté,2020,ok,ok,3941197.84,3941197.84,3941197.84,new_observed,17422417.57,17422417.57,17655360.270059686,new_observed,37158522668.0775,36812436.164083935,1,
3519303,Ibaté,2021,ok,ok,4976117.52,4976117.52,4976117.52,new_observed,22601802.76,22601802.76,22628502.295504298,new_observed,46897671220.665,37475691.57442266,1,
3519303,Ibaté,2022,ok,ok,6092556.26,6092556.26,6092556.26,new_observed,29360663.44,29360663.44,29346408.45886784,new_observed,50777650919.455,45028559.85849944,1,
3519303,Ibaté,2023,ok,ok,6176989.88,6176989.88,6176989.88,new_observed,29353039.83,29353039.83,29082822.737023033,new_observed,48945614200.0975,43517730.64977804,1,
3519303,Ibaté,2024,ok,ok,6826632.71,6826632.71,6826632.71,new_observed,30610939.73,30610939.73,30915320.088939045,new_observed,55712049158.33,40477237.50668716,1,
3519303,Ibaté,2025,ok,ok,7415521.5,7415521.5,7415521.5,new_observed,31042572.1,31042572.1,31241196.623755332,new_observed,59267888460.755,38656718.123755336,1,
3519402,Ibirá,2019,ok,ok,1255021.58,1255021.58,1255021.58,new_observed,7513992.63,7513992.63,7422494.494925941,new_observed,37092224874.8675,15111118.470541986,1,
3519402,Ibirá,2020,ok,ok,1413604.6,1413604.6,1413604.6,new_observed,7401724.6,7401724.6,7500687.772389525,new_observed,37158522668.0775,15194866.57245231,1,
3519402,Ibirá,2021,ok,ok,1682972.6,1682972.6,1682972.6,new_observed,9204896.59,9204896.59,9215770.34489149,new_observed,46897671220.665,14795999.071223103,1,
3519402,Ibirá,2022,ok,ok,2340786.32,2340786.32,2340786.32,new_observed,10272424.82,10272424.82,10267437.425137827,new_observed,50777650919.455,16019941.951493604,1,
3519402,Ibirá,2023,ok,ok,1866704.08,1866704.08,1866704.08,new_observed,10264620.05,10264620.05,10170126.40278363,new_observed,48945614200.0975,14855880.050080685,1,
3519402,Ibirá,2024,ok,ok,2055989.72,2055989.72,2055989.72,new_observed,12305227.74,12305227.74,12427584.964879874,new_observed,55712049158.33,15533247.460428292,1,
3519402,Ibirá,2025,ok,ok,2148602.24,2148602.24,2148602.24,new_observed,13526321.53,13526321.53,13612869.099686006,new_observed,59267888460.755,15761471.339686006,1,
3519501,Ibirarema,2019,ok,ok,1608942.39,1608942.39,1608942.39,new_observed,7171414.03,7171414.03,7084087.485791114,new_observed,37092224874.8675,15138134.367807727,1,
3519501,Ibirarema,2020,ok,ok,1208487.31,1208487.31,1208487.31,new_observed,7295543.56,7295543.56,7393087.061551458,new_observed,37158522668.0775,14661822.77053977,1,
3519501,Ibirarema,2021,ok,ok,2123348.06,2123348.06,2123348.06,new_observed,9559228.15,9559228.15,9570520.477169419,new_observed,46897671220.665,15875451.773643646,1,
3519501,Ibirarema,2022,ok,ok,2183664.35,2183664.35,2183664.35,new_observed,10993742.25,10993742.25,10988404.6462137,new_observed,50777650919.455,16736360.725021806,1,
3519501,Ibirarema,2023,ok,ok,3520587.44,3520587.44,3520587.44,new_observed,12826048.55,12826048.55,12707975.00212779,new_observed,48945614200.0975,20029323.946227137,1,
3519501,Ibirarema,2024,ok,ok,3330738.03,3330738.03,3330738.03,new_observed,15351744.44,15351744.44,15504394.751431247,new_observed,55712049158.33,20200177.429224417,1,
3519501,Ibirarema,2025,ok,ok,2770932.02,2770932.02,2770932.02,new_observed,17097121.86,17097121.86,17206517.037567433,new_observed,59267888460.755,19977449.057567433,1,
3519600,Ibitinga,2019,ok,ok,6994359.84,6994359.84,6994359.84,new_observed,38727100.76,38727100.76,38255519.58194325,new_observed,37092224874.8675,78798619.65321223,1,
3519600,Ibitinga,2020,ok,ok,7582634.72,7582634.72,7582634.72,new_observed,36617748.15,36617748.15,37107337.90353996,new_observed,37158522668.0775,76176340.50735213,6,
3519600,Ibitinga,2021,ok,ok,7255459.48,7255459.48,7255459.48,new_observed,44936382.96,44936382.96,44989466.3606922,new_observed,46897671220.665,70927067.28874025,1,
3519600,Ibitinga,2022,ok,ok,9663691.13,9663691.13,9663691.13,new_observed,54455967.75,54455967.75,54429528.674657024,new_observed,50777650919.455,81436503.78594242,1,
3519600,Ibitinga,2023,ok,ok,10581956.3,10581956.3,10581956.3,new_observed,57881546.56,57881546.56,57348702.8293664,new_observed,48945614200.0975,83840154.19941393,1,
3519600,Ibitinga,2024,ok,ok,12255056.36,12255056.36,12255056.36,new_observed,62734981.06,62734981.06,63358787.32735097,new_observed,55712049158.33,81093830.14787883,1,
3519600,Ibitinga,2025,ok,ok,13312789.65,13312789.65,13312789.65,new_observed,72810984.09,72810984.09,73276861.94936183,new_observed,59267888460.755,86589651.59936184,1,
3519709,Ibiúna,2019,ok,ok,9553581.29,9553581.29,9553581.29,new_observed,46273067.46,46273067.46,45709598.79756853,new_observed,37092224874.8675,96235887.56869829,1,
3519709,Ibiúna,2020,ok,ok,9984621.74,9984621.74,9984621.74,new_observed,47047258.07,47047258.07,47676293.350620404,new_observed,37158522668.0775,98285974.32603864,1,
3519709,Ibiúna,2021,ok,ok,11568247.83,11568247.83,11568247.83,new_observed,61782204.95,61782204.95,61855188.33951598,new_observed,46897671220.665,99678751.83985113,1,
3519709,Ibiúna,2022,ok,ok,15121531.8,15121531.8,15121531.8,new_observed,69320093.53,69320093.53,69286437.72970212,new_observed,50777650919.455,107248316.61007987,1,
3519709,Ibiúna,2023,ok,ok,17627524.21,17627524.21,17627524.21,new_observed,67463964.65,67463964.65,66842907.46089783,new_observed,48945614200.0975,104253574.26743385,1,
3519709,Ibiúna,2024,ok,ok,20801658.99,20801658.99,20801658.99,new_observed,75674720.72,75674720.72,76427193.49145141,new_observed,55712049158.33,104275350.43986885,1,
3519709,Ibiúna,2025,ok,ok,21317270.21,21317270.21,21317270.21,new_observed,99376295.49,99376295.49,100012150.31867479,new_observed,59267888460.755,121329420.52867478,1,
3519808,Icém,2019,ok,ok,958008.6,958008.6,958008.6,new_observed,17358936.81,17358936.81,17147556.466260772,new_observed,37092224874.8675,31529222.91702098,1,
3519808,Icém,2020,ok,ok,981488.39,981488.39,981488.39,new_observed,21350107.08,21350107.08,21635564.110851005,new_observed,37158522668.0775,38551920.966493845,1,
3519808,Icém,2021,ok,ok,1145177.69,1145177.69,1145177.69,new_observed,29387580.02,29387580.02,29422295.601958707,new_observed,46897671220.665,41498024.93043026,1,
3519808,Icém,2022,ok,ok,2178051.23,2178051.23,2178051.23,new_observed,35006911.72,35006911.72,34989915.41243754,new_observed,50777650919.455,47225420.49561249,1,
3519808,Icém,2023,ok,ok,2210869.66,2210869.66,2210869.66,new_observed,28561663.73,28561663.73,28298731.85689914,new_observed,48945614200.0975,37655010.69065448,1,
3519808,Icém,2024,ok,ok,1617178.59,1617178.59,1617178.59,new_observed,29693862.06,29693862.06,29989123.44275498,new_observed,55712049158.33,33896915.74527844,1,
3519808,Icém,2025,ok,ok,2107693.58,2107693.58,2107693.58,new_observed,39382552.56,39382552.56,39634540.07963274,new_observed,59267888460.755,41742233.659632735,1,
3519907,Iepê,2019,ok,ok,3228246.63,3228246.63,3228246.63,new_observed,14042694.34,14042694.34,13871695.989749419,new_observed,37092224874.8675,29778021.329532243,1,
3519907,Iepê,2020,ok,ok,3422983.03,3422983.03,3422983.03,new_observed,14087510.62,14087510.62,14275864.661438711,new_observed,37158522668.0775,30168589.71223963,1,
3519907,Iepê,2021,ok,ok,7135798.03,7135798.03,7135798.03,new_observed,18568546.06,18568546.06,18590481.104742073,new_observed,46897671220.665,34925679.420862764,1,
3519907,Iepê,2022,ok,ok,4474630.02,4474630.02,4474630.02,new_observed,21350389.28,21350389.28,21340023.390381306,new_observed,50777650919.455,32799961.159613304,1,
3519907,Iepê,2023,ok,ok,3160937.27,3160937.27,3160937.27,new_observed,22829822.83,22829822.83,22619656.918938316,new_observed,48945614200.0975,31818460.46918025,1,
3519907,Iepê,2024,ok,ok,2600528.42,2600528.42,2600528.42,new_observed,25705817.09,25705817.09,25961423.285095252,new_observed,55712049158.33,30631931.235263694,1,
3519907,Iepê,2025,ok,ok,2892884.72,2892884.72,2892884.72,new_observed,27856711.81,27856711.81,28034951.747683853,new_observed,59267888460.755,30927836.46768385,1,
3520004,Igaraçu do Tietê,2019,ok,ok,1454430.93,1454430.93,1454430.93,new_observed,7805695.97,7805695.97,7710645.753772933,new_observed,37092224874.8675,15960161.682705594,1,
3520004,Igaraçu do Tietê,2020,ok,ok,2218529.34,2218529.34,2218529.34,new_observed,7551167.84,7551167.84,7652129.111200521,new_observed,37158522668.0775,16825041.3922689,1,
3520004,Igaraçu do Tietê,2021,ok,ok,1973017.62,1973017.62,1973017.62,new_observed,9510490.6,9510490.6,9521725.353445746,new_observed,46897671220.665,15605121.362988973,5,
3520004,Igaraçu do Tietê,2022,ok,ok,2313194.31,2313194.31,2313194.31,new_observed,10599301.01,10599301.01,10594154.912527766,new_observed,50777650919.455,16400009.190215282,1,
3520004,Igaraçu do Tietê,2023,ok,ok,2779348.71,2779348.71,2779348.71,new_observed,10338937.49,10338937.49,10243759.694132907,new_observed,48945614200.0975,16073146.21633306,1,
3520004,Igaraçu do Tietê,2024,ok,ok,3220132.56,3220132.56,3220132.56,new_observed,10851399.7,10851399.7,10959300.762979781,new_observed,55712049158.33,15207063.963595996,1,
3520004,Igaraçu do Tietê,2025,ok,ok,3333903.04,3333903.04,3333903.04,new_observed,12412933.84,12412933.84,12492357.44782586,new_observed,59267888460.755,15826260.48782586,1,
3520103,Igarapava,2019,ok,ok,4426959.49,4426959.49,4426959.49,new_observed,32695436.5,32695436.5,32297303.095764514,new_observed,37092224874.8675,63952020.12708647,1,
3520103,Igarapava,2020,ok,ok,4305081.35,4305081.35,4305081.35,new_observed,28117589.25,28117589.25,28493529.45076424,new_observed,37158522668.0775,55906907.02753054,3,
3520103,Igarapava,2021,ok,ok,5242012.81,5242012.81,5242012.81,new_observed,35202752.32,35202752.32,35244337.37166147,new_observed,46897671220.665,54963769.92411399,2,
3520103,Igarapava,2022,ok,ok,7279923.1,7279923.1,7279923.1,new_observed,40196095.15,40196095.15,40176579.42689242,new_observed,50777650919.455,60297979.40371302,1,
3520103,Igarapava,2023,ok,ok,8848566.35,8848566.35,8848566.35,new_observed,40872792.12,40872792.12,40496526.931369334,new_observed,48945614200.0975,60901811.975882955,2,
3520103,Igarapava,2024,ok,ok,10428568.26,10428568.26,10428568.26,new_observed,43553013.92,43553013.92,43986083.99647514,new_observed,55712049158.33,58358262.88487781,1,
3520103,Igarapava,2025,ok,ok,12098941.91,12098941.91,12098941.91,new_observed,42863602.97,42863602.97,43137863.83662303,new_observed,59267888460.755,55236805.746623024,1,
3520202,Igaratá,2019,ok,ok,4434510.0,4434510.0,4434510.0,new_observed,6212362.22,6212362.22,6136714.081184281,new_observed,37092224874.8675,18408841.66507123,2,
3520202,Igaratá,2020,ok,ok,4399487.62,4399487.62,4399487.62,new_observed,5814344.12,5814344.12,5892083.5618970385,new_observed,37158522668.0775,17542508.63637565,2,
3520202,Igaratá,2021,ok,ok,5367084.86,5367084.86,5367084.86,new_observed,7523676.74,7523676.74,7532564.467955843,new_observed,46897671220.665,17512404.91133894,1,
3520202,Igaratá,2022,ok,ok,7032422.4,7032422.4,7032422.4,new_observed,7749760.11,7749760.11,7745997.501420919,new_observed,50777650919.455,18777381.631322954,1,
3520202,Igaratá,2023,ok,ok,8133345.89,8133345.89,8133345.89,new_observed,7296438.19,7296438.19,7229268.917985699,new_observed,48945614200.0975,18960569.659052774,4,
3520202,Igaratá,2024,ok,ok,9194265.37,9194265.37,9194265.37,new_observed,9779978.92,9779978.92,9877226.293662574,new_observed,55712049158.33,20453666.02489564,1,
3520202,Igaratá,2025,ok,ok,9097813.95,9097813.95,9097813.95,new_observed,13075074.89,13075074.89,13158735.178030433,new_observed,59267888460.755,22256549.128030434,1,
3520301,Iguape,2019,ok,ok,2595115.89,2595115.89,2595115.89,new_observed,18306504.52,18306504.52,18083585.613130536,new_observed,37092224874.8675,36010109.98224478,1,
3520301,Iguape,2020,ok,ok,2281768.01,2281768.01,2281768.01,new_observed,17870979.34,17870979.34,18109919.43906746,new_observed,37158522668.0775,34758672.59362436,1,
3520301,Iguape,2021,ok,ok,2757354.82,2757354.82,2757354.82,new_observed,22615169.15,22615169.15,22641884.47523612,new_observed,46897671220.665,34481694.166228324,1,
3520301,Iguape,2022,ok,ok,5344160.71,5344160.71,5344160.71,new_observed,24335520.02,24335520.02,24323704.81087043,new_observed,50777650919.455,37695831.948758565,1,
3520301,Iguape,2023,ok,ok,5565745.1,5565745.1,5565745.1,new_observed,23381092.41,23381092.41,23165851.64249357,new_observed,48945614200.0975,35460593.67241868,1,
3520301,Iguape,2024,ok,ok,5005421.25,5005421.25,5005421.25,new_observed,32175303.41,32175303.41,32495239.043707788,new_observed,55712049158.33,40218457.73196645,1,
3520301,Iguape,2025,ok,ok,4314916.45,4314916.45,4314916.45,new_observed,43021905.23,43021905.23,43297178.98662777,new_observed,59267888460.755,47612095.436627775,1,
3520400,Ilhabela,2019,ok,ok,10529680.0,10529680.0,10529680.0,new_observed,16032313.75,16032313.75,15837087.738839116,new_observed,37092224874.8675,45915368.81598491,1,
3520400,Ilhabela,2020,ok,ok,9366917.87,9366917.87,9366917.87,new_observed,18103906.94,18103906.94,18345961.34762105,new_observed,37158522668.0775,47238017.83240838,1,
3520400,Ilhabela,2021,ok,ok,9788436.54,9788436.54,9788436.54,new_observed,26474939.17,26474939.17,26506214.045984432,new_observed,46897671220.665,49273170.22485654,1,
3520400,Ilhabela,2022,ok,ok,14380955.38,14380955.38,14380955.38,new_observed,30634262.14,30634262.14,30619388.810257442,new_observed,50777650919.455,57177197.700283684,2,
3520400,Ilhabela,2023,ok,ok,19871218.71,19871218.71,19871218.71,new_observed,29552999.52,29552999.52,29280941.64574596,new_observed,48945614200.0975,60663693.77650551,1,
3520400,Ilhabela,2024,ok,ok,27406127.15,27406127.15,27406127.15,new_observed,32293087.69,32293087.69,32614194.513541877,new_observed,55712049158.33,64370193.77734051,1,
3520400,Ilhabela,2025,ok,ok,26335814.59,26335814.59,26335814.59,new_observed,40586131.0,40586131.0,40845819.56301525,new_observed,59267888460.755,67181634.15301526,1,
3520426,Ilha Comprida,2019,ok,ok,629797.52,629797.52,629797.52,new_observed,6063217.01,6063217.01,5989385.017305551,new_observed,37092224874.8675,11526714.630744206,1,
3520426,Ilha Comprida,2020,ok,ok,604909.82,604909.82,604909.82,new_observed,5811376.26,5811376.26,5889076.020760995,new_observed,37158522668.0775,11069330.492164172,1,
3520426,Ilha Comprida,2021,ok,ok,681795.47,681795.47,681795.47,new_observed,7271000.05,7271000.05,7279589.290692353,new_observed,46897671220.665,10808277.809696209,1,
3520426,Ilha Comprida,2022,ok,ok,1252971.32,1252971.32,1252971.32,new_observed,7777731.38,7777731.38,7773955.191008238,new_observed,50777650919.455,11469564.756297862,1,
3520426,Ilha Comprida,2023,ok,ok,1439241.97,1439241.97,1439241.97,new_observed,7529140.01,7529140.01,7459828.5404587975,new_observed,48945614200.0975,10983250.470269386,1,
3520426,Ilha Comprida,2024,ok,ok,1459567.59,1459567.59,1459567.59,new_observed,8100335.41,8100335.41,8180881.222097563,new_observed,55712049158.33,10339124.165544039,1,
3520426,Ilha Comprida,2025,ok,ok,1632014.11,1632014.11,1632014.11,new_observed,10800468.22,10800468.22,10869574.537917905,new_observed,59267888460.755,12501588.647917904,1,
3520442,Ilha Solteira,2019,ok,ok,3089822.37,3089822.37,3089822.37,new_observed,65357244.08,65357244.08,64561386.7719925,new_observed,37092224874.8675,117808532.67146342,1,
3520442,Ilha Solteira,2020,ok,ok,3188594.42,3188594.42,3188594.42,new_observed,61493534.32,61493534.32,62315720.44102257,new_observed,37158522668.0775,111655449.77142581,1,
3520442,Ilha Solteira,2021,ok,ok,3881649.85,3881649.85,3881649.85,new_observed,80956367.73,80956367.73,81052001.57998349,new_observed,46897671220.665,115304878.18897118,1,
3520442,Ilha Solteira,2022,ok,ok,4820287.82,4820287.82,4820287.82,new_observed,88654680.46,88654680.46,88611637.46814738,new_observed,50777650919.455,118714106.74399056,1,
3520442,Ilha Solteira,2023,ok,ok,5858932.14,5858932.14,5858932.14,new_observed,79571937.45,79571937.45,78839417.14733927,new_observed,48945614200.0975,104534870.64159124,1,
3520442,Ilha Solteira,2024,ok,ok,8167640.11,8167640.11,8167640.11,new_observed,76845395.12,76845395.12,77609508.51069461,new_observed,55712049158.33,91993703.55483726,1,
3520442,Ilha Solteira,2025,ok,ok,6986232.45,6986232.45,6986232.45,new_observed,88543473.23,88543473.23,89110014.72486381,new_observed,59267888460.755,96096247.17486382,1,
3520509,Indaiatuba,2019,ok,ok,101571459.15,101571459.15,101571459.15,new_observed,253427277.43,253427277.43,250341285.14819223,new_observed,37092224874.8675,612824583.0335633,1,
3520509,Indaiatuba,2020,ok,ok,102183570.56,102183570.56,102183570.56,new_observed,260542679.65,260542679.65,264026209.70744523,new_observed,37158522668.0775,624223271.5998871,1,
3520509,Indaiatuba,2021,ok,ok,130493541.69,130493541.69,130493541.69,new_observed,334800746.02,334800746.02,335196246.5249883,new_observed,46897671220.665,632214715.8390156,1,
3520509,Indaiatuba,2022,ok,ok,160108773.93,160108773.93,160108773.93,new_observed,368185497.5,368185497.5,368006738.6878661,new_observed,50777650919.455,671020758.1051313,1,
3520509,Indaiatuba,2023,ok,ok,196819569.54,196819569.54,196819569.54,new_observed,358197305.44,358197305.44,354899826.3663248,new_observed,48945614200.0975,680933172.4502171,1,
3520509,Indaiatuba,2024,ok,ok,237673327.14,237673327.14,237673327.14,new_observed,404921580.99,404921580.99,408947925.0764936,new_observed,55712049158.33,693484042.6056129,1,
3520509,Indaiatuba,2025,ok,ok,272315964.99,272315964.99,272315964.99,new_observed,443455444.5,443455444.5,446292874.535977,new_observed,59267888460.755,718608839.525977,1,
3520608,Indiana,2019,ok,ok,204918.19,204918.19,204918.19,new_observed,3074703.35,3074703.35,3037262.5863096374,new_observed,37092224874.8675,5645967.969485652,6,
3520608,Indiana,2020,ok,ok,218672.54,218672.54,218672.54,new_observed,2976304.66,2976304.66,3016098.703559974,new_observed,37158522668.0775,5513832.773820498,1,
3520608,Indiana,2021,ok,ok,489402.94,489402.94,489402.94,new_observed,4209424.77,4209424.77,4214397.368305218,new_observed,46897671220.665,6385821.31396401,1,
3520608,Indiana,2022,ok,ok,726052.47,726052.47,726052.47,new_observed,4188422.22,4188422.22,4186388.6869416735,new_observed,50777650919.455,6241721.575149079,1,
3520608,Indiana,2023,ok,ok,568943.71,568943.71,568943.71,new_observed,4423333.89,4423333.89,4382613.7318172455,new_observed,48945614200.0975,6111222.013297805,1,
3520608,Indiana,2024,ok,ok,701313.65,701313.65,701313.65,new_observed,5063069.15,5063069.15,5113413.857441303,new_observed,55712049158.33,6236140.127915823,1,
3520608,Indiana,2025,ok,ok,715190.91,715190.91,715190.91,new_observed,5758836.75,5758836.75,5795684.412080599,new_observed,59267888460.755,6510875.322080599,1,
3520707,Indiaporã,2019,ok,ok,434446.06,434446.06,434446.06,new_observed,6461033.23,6461033.23,6382357.016127202,new_observed,37092224874.8675,11870853.131734744,1,
3520707,Indiaporã,2020,ok,ok,457501.76,457501.76,457501.76,new_observed,6031400.27,6031400.27,6112041.814630049,new_observed,37158522668.0775,11198122.508029968,1,
3520707,Indiaporã,2021,ok,ok,406582.41,406582.41,406582.41,new_observed,7626881.5,7626881.5,7635891.143857113,new_observed,46897671220.665,10918362.955700573,1,
3520707,Indiaporã,2022,ok,ok,1173510.34,1173510.34,1173510.34,new_observed,8801720.63,8801720.63,8797447.281008156,new_observed,50777650919.455,12669045.657676602,1,
3520707,Indiaporã,2023,ok,ok,610619.69,610619.69,610619.69,new_observed,8797125.02,8797125.02,8716140.782482296,new_observed,48945614200.0975,11511106.269479353,1,
3520707,Indiaporã,2024,ok,ok,766675.62,766675.62,766675.62,new_observed,10244189.89,10244189.89,10346053.152717872,new_observed,55712049158.33,11918105.146200648,1,
3520707,Indiaporã,2025,ok,ok,849045.85,849045.85,849045.85,new_observed,11849780.36,11849780.36,11925600.655207118,new_observed,59267888460.755,12774646.505207118,1,
3520806,Inúbia Paulista,2019,ok,ok,272714.9,272714.9,272714.9,new_observed,4008520.63,4008520.63,3959708.742617182,new_observed,37092224874.8675,7370387.392991022,1,
3520806,Inúbia Paulista,2020,ok,ok,399929.19,399929.19,399929.19,new_observed,4131241.83,4131241.83,4186477.713459526,new_observed,37158522668.0775,7817764.779725407,1,
3520806,Inúbia Paulista,2021,ok,ok,689917.05,689917.05,689917.05,new_observed,5226079.43,5226079.43,5232253.003620265,new_observed,46897671220.665,8039865.061141059,1,
3520806,Inúbia Paulista,2022,ok,ok,530328.75,530328.75,530328.75,new_observed,5329535.24,5329535.24,5326947.6818392435,new_observed,50777650919.455,7442224.244164579,1,
3520806,Inúbia Paulista,2023,ok,ok,545024.62,545024.62,545024.62,new_observed,4831140.47,4831140.47,4786666.141578569,new_observed,48945614200.0975,6580383.310326158,1,
3520806,Inúbia Paulista,2024,ok,ok,575503.04,575503.04,575503.04,new_observed,5334125.71,5334125.71,5387165.672593653,new_observed,55712049158.33,6394803.123704041,1,
3520806,Inúbia Paulista,2025,ok,ok,666207.28,666207.28,666207.28,new_observed,6017541.59,6017541.59,6056044.563550043,new_observed,59267888460.755,6722251.843550043,1,
3520905,Ipaussu,2019,ok,ok,4067984.8,4067984.8,4067984.8,new_observed,14495431.93,14495431.93,14318920.57924453,new_observed,37092224874.8675,32019151.920128375,1,
3520905,Ipaussu,2020,ok,ok,3209886.39,3209886.39,3209886.39,new_observed,13917306.0,13917306.0,14103384.35704611,new_observed,37158522668.0775,29511354.12037077,2,
3520905,Ipaussu,2021,ok,ok,1725339.0,1725339.0,1725339.0,new_observed,13838827.48,13838827.48,13855175.302762792,new_observed,46897671220.665,21151914.153632853,1,
3520905,Ipaussu,2022,ok,ok,2838386.07,2838386.07,2838386.07,new_observed,18019626.12,18019626.12,18010877.358894035,new_observed,50777650919.455,26490963.089950286,1,
3520905,Ipaussu,2023,ok,ok,2932555.75,2932555.75,2932555.75,new_observed,19008035.21,19008035.21,18833051.765443757,new_observed,48945614200.0975,26863155.955303445,1,
3520905,Ipaussu,2024,ok,ok,2906545.57,2906545.57,2906545.57,new_observed,20276948.07,20276948.07,20478572.220913805,new_observed,55712049158.33,25079914.968556747,1,
3520905,Ipaussu,2025,ok,ok,2987897.03,2987897.03,2987897.03,new_observed,22693007.6,22693007.6,22838207.804822143,new_observed,59267888460.755,25826104.834822144,1,
3521002,Iperó,2019,ok,ok,12542721.02,12542721.02,12542721.02,new_observed,13289484.5,13289484.5,13127658.010712426,new_observed,37092224874.8675,44702670.13825415,1,
3521002,Iperó,2020,ok,ok,15403863.59,15403863.59,15403863.59,new_observed,13854369.3,13854369.3,14039606.175387671,new_observed,37158522668.0775,50187897.796667635,1,
3521002,Iperó,2021,ok,ok,10174269.99,10174269.99,10174269.99,new_observed,18742345.52,18742345.52,18764485.874243364,new_observed,46897671220.665,39286898.22805615,1,
3521002,Iperó,2022,ok,ok,16873103.72,16873103.72,16873103.72,new_observed,21015976.22,21015976.22,21005772.692239046,new_observed,50777650919.455,48128698.663511574,1,
3521002,Iperó,2023,ok,ok,20722143.74,20722143.74,20722143.74,new_observed,21437206.48,21437206.48,21239860.663344506,new_observed,48945614200.0975,51789589.04245368,1,
3521002,Iperó,2024,ok,ok,17612185.18,17612185.18,17612185.18,new_observed,26895048.45,26895048.45,27162479.785761014,new_observed,55712049158.33,48019633.68870516,1,
3521002,Iperó,2025,ok,ok,27394160.99,27394160.99,27394160.99,new_observed,32302373.97,32302373.97,32509059.280266467,new_observed,59267888460.755,59903220.270266466,1,
3521101,Ipeúna,2019,ok,ok,1024134.91,1024134.91,1024134.91,new_observed,9388453.34,9388453.34,9274129.835288256,new_observed,37092224874.8675,17933507.384298895,1,
3521101,Ipeúna,2020,ok,ok,1097419.85,1097419.85,1097419.85,new_observed,8559572.72,8559572.72,8674016.652522165,new_observed,37158522668.0775,16655912.513806706,1,
3521101,Ipeúna,2021,ok,ok,1347841.7,1347841.7,1347841.7,new_observed,11201572.31,11201572.31,11214804.740207916,new_observed,46897671220.665,17054893.945227474,1,
3521101,Ipeúna,2022,ok,ok,1282814.04,1282814.04,1282814.04,new_observed,12743161.34,12743161.34,12736974.370661346,new_observed,50777650919.455,17813468.498893805,1,
3521101,Ipeúna,2023,ok,ok,1963069.31,1963069.31,1963069.31,new_observed,12609897.54,12609897.54,12493813.82684012,new_observed,48945614200.0975,17842713.834519625,1,
3521101,Ipeúna,2024,ok,ok,1886066.71,1886066.71,1886066.71,new_observed,13631870.3,13631870.3,13767419.015966337,new_observed,55712049158.33,16787945.84140564,1,
3521101,Ipeúna,2025,ok,ok,1773279.2,1773279.2,1773279.2,new_observed,15662887.82,15662887.82,15763106.114536252,new_observed,59267888460.755,17536385.31453625,1,
3521150,Ipiguá,2019,ok,ok,245249.19,245249.19,245249.19,new_observed,4654504.1,4654504.1,4597826.05068382,new_observed,37092224874.8675,8433782.558489406,2,
3521150,Ipiguá,2020,ok,ok,407571.61,407571.61,407571.61,new_observed,4564797.94,4564797.94,4625830.592506359,new_observed,37158522668.0775,8579691.093536606,5,
3521150,Ipiguá,2021,ok,ok,338036.91,338036.91,338036.91,new_observed,6565308.64,6565308.64,6573064.246620927,new_observed,46897671220.665,9382425.73584345,1,
3521150,Ipiguá,2022,ok,ok,533964.89,533964.89,533964.89,new_observed,7487614.89,7487614.89,7483979.556309397,new_observed,50777650919.455,10187557.517743982,1,
3521150,Ipiguá,2023,ok,ok,503325.77,503325.77,503325.77,new_observed,8175132.84,8175132.84,8099874.514336995,new_observed,48945614200.0975,10618086.850499004,1,
3521150,Ipiguá,2024,ok,ok,584103.88,584103.88,584103.88,new_observed,9739027.81,9739027.81,9835867.985658506,new_observed,55712049158.33,11175141.84457127,1,
3521150,Ipiguá,2025,ok,ok,607262.34,607262.34,607262.34,new_observed,11532713.34,11532713.34,11606504.89591183,new_observed,59267888460.755,12213767.23591183,1,
3521200,Iporanga,2019,ok,ok,121653.5,121653.5,121653.5,new_observed,8821702.04,8821702.04,8714279.88448492,new_observed,37092224874.8675,15386988.05255837,1,
3521200,Iporanga,2020,ok,ok,208846.41,208846.41,208846.41,new_observed,8649690.83,8649690.83,8765339.667397354,new_observed,37158522668.0775,15296958.451213498,1,
3521200,Iporanga,2021,ok,ok,319400.27,319400.27,319400.27,new_observed,10966238.03,10966238.03,10979192.459553234,new_observed,46897671220.665,15338830.209859781,1,
3521200,Iporanga,2022,ok,ok,735157.86,735157.86,735157.86,new_observed,11891294.22,11891294.22,11885520.843145302,new_observed,50777650919.455,16035767.154814964,1,
3521200,Iporanga,2023,ok,ok,898202.56,898202.56,898202.56,new_observed,11433649.45,11433649.45,11328393.996582223,new_observed,48945614200.0975,15090089.71465633,1,
3521200,Iporanga,2024,ok,ok,429587.25,429587.25,429587.25,new_observed,15732396.67,15732396.67,15888832.002845822,new_observed,55712049158.33,17501069.310057126,1,
3521200,Iporanga,2025,ok,ok,754700.75,754700.75,754700.75,new_observed,21038552.42,21038552.42,21173166.666572824,new_observed,59267888460.755,21927867.416572824,1,
3521309,Ipuã,2019,ok,ok,1350497.66,1350497.66,1350497.66,new_observed,16072004.81,16072004.81,15876295.47949773,new_observed,37092224874.8675,29998920.16917892,1,
3521309,Ipuã,2020,ok,ok,1463668.96,1463668.96,1463668.96,new_observed,15110692.9,15110692.9,15312727.18081989,new_observed,37158522668.0775,28596223.93763047,1,
3521309,Ipuã,2021,ok,ok,1569036.74,1569036.74,1569036.74,new_observed,18566436.56,18566436.56,18588369.112787303,new_observed,46897671220.665,27365445.701782025,1,
3521309,Ipuã,2022,ok,ok,3023440.07,3023440.07,3023440.07,new_observed,20099907.13,20099907.13,20090148.365608253,new_observed,50777650919.455,29368002.385899153,1,
3521309,Ipuã,2023,ok,ok,2699528.62,2699528.62,2699528.62,new_observed,20039055.8,20039055.8,19854581.025474433,new_observed,48945614200.0975,27836326.84773425,1,
3521309,Ipuã,2024,ok,ok,2283974.08,2283974.08,2283974.08,new_observed,22056461.14,22056461.14,22275779.90701383,new_observed,55712049158.33,26339680.952229664,1,
3521309,Ipuã,2025,ok,ok,2492071.05,2492071.05,2492071.05,new_observed,24601925.04,24601925.04,24759339.36858053,new_observed,59267888460.755,27251410.418580532,1,
3521408,Iracemápolis,2019,ok,ok,6752797.86,6752797.86,6752797.86,new_observed,30543606.56,30543606.56,30171676.059626892,new_observed,37092224874.8675,64300670.26602216,1,
3521408,Iracemápolis,2020,ok,ok,6624817.53,6624817.53,6624817.53,new_observed,27544424.03,27544424.03,27912700.848033875,new_observed,37158522668.0775,58870963.79330114,1,
3521408,Iracemápolis,2021,ok,ok,7635630.54,7635630.54,7635630.54,new_observed,33320206.97,33320206.97,33359568.168681923,new_observed,46897671220.665,55654576.41172978,1,
3521408,Iracemápolis,2022,ok,ok,11662623.81,11662623.81,11662623.81,new_observed,38418900.62,38418900.62,38400247.74777946,new_observed,50777650919.455,63609618.01538365,1,
3521408,Iracemápolis,2023,ok,ok,14022424.42,14022424.42,14022424.42,new_observed,34200804.92,34200804.92,33885960.45630976,new_observed,48945614200.0975,59128623.61346183,1,
3521408,Iracemápolis,2024,ok,ok,13135396.15,13135396.15,13135396.15,new_observed,31017211.65,31017211.65,31325631.780142643,new_observed,55712049158.33,47683266.335133165,1,
3521408,Iracemápolis,2025,ok,ok,14761767.5,14761767.5,14761767.5,new_observed,30176392.6,30176392.6,30369474.9125584,new_observed,59267888460.755,45131242.4125584,1,
3521507,Irapuã,2019,ok,ok,568181.76,568181.76,568181.76,new_observed,7513355.53,7513355.53,7421865.15291357,new_observed,37092224874.8675,13913952.384957775,1,
3521507,Irapuã,2020,ok,ok,453484.25,453484.25,453484.25,new_observed,7430957.11,7430957.11,7530311.129399223,new_observed,37158522668.0775,13608786.930466577,4,
3521507,Irapuã,2021,ok,ok,515743.56,515743.56,515743.56,new_observed,9230829.47,9230829.47,9241733.859432358,new_observed,46897671220.665,13246631.062444877,1,
3521507,Irapuã,2022,ok,ok,1324826.16,1324826.16,1324826.16,new_observed,10797587.31,10797587.31,10792344.941969337,new_observed,50777650919.455,15396013.077950226,3,
3521507,Irapuã,2023,ok,ok,955281.64,955281.64,955281.64,new_observed,10993965.69,10993965.69,10892757.860547049,new_observed,48945614200.0975,14622873.845444417,1,
3521507,Irapuã,2024,ok,ok,1165357.55,1165357.55,1165357.55,new_observed,12154286.11,12154286.11,12275142.444416415,new_observed,55712049158.33,14414577.681786353,1,
3521507,Irapuã,2025,ok,ok,1418852.39,1418852.39,1418852.39,new_observed,13762601.85,13762601.85,13850661.248856658,new_observed,59267888460.755,15269513.638856659,1,
3521606,Irapuru,2019,ok,ok,413011.73,413011.73,413011.73,new_observed,4742610.55,4742610.55,4684859.625548061,new_observed,37092224874.8675,8877487.213635232,1,
3521606,Irapuru,2020,ok,ok,418484.36,418484.36,418484.36,new_observed,4669360.03,4669360.03,4731790.707520433,new_observed,37158522668.0775,8778906.860267516,1,
3521606,Irapuru,2021,ok,ok,503621.44,503621.44,503621.44,new_observed,5964152.99,5964152.99,5971198.450762598,new_observed,46897671220.665,8790135.667431697,1,
3521606,Irapuru,2022,ok,ok,932846.04,932846.04,932846.04,new_observed,6560147.36,6560147.36,6556962.323768374,new_observed,50777650919.455,9516510.623604024,1,
3521606,Irapuru,2023,ok,ok,851472.56,851472.56,851472.56,new_observed,6585526.65,6585526.65,6524901.8602885585,new_observed,48945614200.0975,9103935.936376857,1,
3521606,Irapuru,2024,ok,ok,875745.11,875745.11,875745.11,new_observed,6797770.6,6797770.6,6865364.338495568,new_observed,55712049158.33,8302133.368171225,1,
3521606,Irapuru,2025,ok,ok,779447.51,779447.51,779447.51,new_observed,8057464.99,8057464.99,8109020.32314567,new_observed,59267888460.755,8888467.83314567,1,
3521705,Itaberá,2019,ok,ok,2345006.38,2345006.38,2345006.38,new_observed,23808498.2,23808498.2,23518581.33536048,new_observed,37092224874.8675,45039125.78962316,4,
3521705,Itaberá,2020,ok,ok,2252231.87,2252231.87,2252231.87,new_observed,22427542.94,22427542.94,22727405.596095677,new_observed,37158522668.0775,42579067.68922936,1,
3521705,Itaberá,2021,ok,ok,2502827.62,2502827.62,2502827.62,new_observed,29565170.62,29565170.62,29600095.989938024,new_observed,46897671220.665,43582533.35434716,1,
3521705,Itaberá,2022,ok,ok,3303899.76,3303899.76,3303899.76,new_observed,34689211.21,34689211.21,34672369.150136515,new_observed,50777650919.455,48252445.05272283,1,
3521705,Itaberá,2023,ok,ok,4767583.32,4767583.32,4767583.32,new_observed,40190718.2,40190718.2,39820732.02141141,new_observed,48945614200.0975,55030987.21001464,1,
3521705,Itaberá,2024,ok,ok,6441775.97,6441775.97,6441775.97,new_observed,49919049.47,49919049.47,50415420.32073488,new_observed,55712049158.33,60977826.20005563,1,
3521705,Itaberá,2025,ok,ok,6390474.58,6390474.58,6390474.58,new_observed,50484335.01,50484335.01,50807356.79331626,new_observed,59267888460.755,57197831.37331626,1,
3521804,Itaí,2019,ok,ok,5381397.64,5381397.64,5381397.64,new_observed,31189426.86,31189426.86,30809632.18461998,new_observed,37092224874.8675,63023442.94480818,1,
3521804,Itaí,2020,ok,ok,5572785.7,5572785.7,5572785.7,new_observed,31327709.72,31327709.72,31746570.14849924,new_observed,37158522668.0775,63612747.82103758,5,
3521804,Itaí,2021,ok,ok,4244800.62,4244800.62,4244800.62,new_observed,42276738.24,42276738.24,42326679.79933625,new_observed,46897671220.665,63224867.72228799,1,
3521804,Itaí,2022,ok,ok,7778121.3,7778121.3,7778121.3,new_observed,48660388.23,48660388.23,48636762.98333213,new_observed,50777650919.455,71680451.55985847,1,
3521804,Itaí,2023,ok,ok,8661473.67,8661473.67,8661473.67,new_observed,51862194.25,51862194.25,51384763.24296275,new_observed,48945614200.0975,74109184.66564706,1,
3521804,Itaí,2024,ok,ok,7988977.79,7988977.79,7988977.79,new_observed,59955380.98,59955380.98,60551548.250393674,new_observed,55712049158.33,73507885.67167833,1,
3521804,Itaí,2025,ok,ok,8094034.49,8094034.49,8094034.49,new_observed,64137221.45,64137221.45,64547600.62297763,new_observed,59267888460.755,72641635.11297762,1,
3521903,Itajobi,2019,ok,ok,1516933.89,1516933.89,1516933.89,new_observed,16687656.07,16687656.07,16484449.933881886,new_observed,37092224874.8675,31347800.597269293,1,
3521903,Itajobi,2020,ok,ok,1684868.04,1684868.04,1684868.04,new_observed,17686962.24,17686962.24,17923441.977871377,new_observed,37158522668.0775,33423365.75763103,1,
3521903,Itajobi,2021,ok,ok,1601887.12,1601887.12,1601887.12,new_observed,26393932.02,26393932.02,26425111.202145293,new_observed,46897671220.665,38049107.42830277,1,
3521903,Itajobi,2022,ok,ok,2776938.75,2776938.75,2776938.75,new_observed,30606659.21,30606659.21,30591799.281836297,new_observed,50777650919.455,42398140.85396141,1,
3521903,Itajobi,2023,ok,ok,3262479.2,3262479.2,3262479.2,new_observed,29402645.61,29402645.61,29131971.858028118,new_observed,48945614200.0975,39981295.73184633,1,
3521903,Itajobi,2024,ok,ok,3143645.56,3143645.56,3143645.56,new_observed,30089403.66,30089403.66,30388598.116853494,new_observed,55712049158.33,35962436.77879493,1,
3521903,Itajobi,2025,ok,ok,2476977.54,2476977.54,2476977.54,new_observed,31883504.2,31883504.2,32087509.39058071,new_observed,59267888460.755,34564486.93058071,1,
3522000,Itaju,2019,ok,ok,263430.4,263430.4,263430.4,new_observed,5386720.69,5386720.69,5321126.415215645,new_observed,37092224874.8675,9725006.431741642,1,
3522000,Itaju,2020,ok,ok,286102.25,286102.25,286102.25,new_observed,5211574.11,5211574.11,5281254.344667029,new_observed,37158522668.0775,9489843.622276407,1,
3522000,Itaju,2021,ok,ok,441758.14,441758.14,441758.14,new_observed,6890644.37,6890644.37,6898784.296091643,new_observed,46897671220.665,9965429.923053117,1,
3522000,Itaju,2022,ok,ok,638778.94,638778.94,638778.94,new_observed,8130054.39,8130054.39,8126107.143638563,new_observed,50777650919.455,11136617.584653197,1,
3522000,Itaju,2023,ok,ok,430625.48,430625.48,430625.48,new_observed,8424225.24,8424225.24,8346673.82903474,new_observed,48945614200.0975,10832960.212007673,1,
3522000,Itaju,2024,ok,ok,634599.83,634599.83,634599.83,new_observed,9937457.74,9937457.74,10036271.006777247,new_observed,55712049158.33,11444224.297677465,1,
3522000,Itaju,2025,ok,ok,922902.05,922902.05,922902.05,new_observed,10146778.96,10146778.96,10211702.6761176,new_observed,59267888460.755,11134604.726117602,1,
3522109,Itanhaém,2019,ok,ok,17060858.93,17060858.93,17060858.93,new_observed,31498555.9,31498555.9,31114996.95014567,new_observed,37092224874.8675,83893946.07152613,1,
3522109,Itanhaém,2020,ok,ok,16339364.69,16339364.69,16339364.69,new_observed,31334266.54,31334266.54,31753214.635055754,new_observed,37158522668.0775,81976257.39006543,1,
3522109,Itanhaém,2021,ok,ok,16456909.55,16456909.55,16456909.55,new_observed,39770983.36,39770983.36,39817964.868224666,new_observed,46897671220.665,76398075.79969846,1,
3522109,Itanhaém,2022,ok,ok,20999425.97,20999425.97,20999425.97,new_observed,43253381.58,43253381.58,43232381.504862554,new_observed,50777650919.455,81612592.54172306,1,
3522109,Itanhaém,2023,ok,ok,23020119.76,23020119.76,23020119.76,new_observed,41263219.19,41263219.19,40883359.82276004,new_observed,48945614200.0975,78869801.21736489,1,
3522109,Itanhaém,2024,ok,ok,25465029.35,25465029.35,25465029.35,new_observed,50805266.36,50805266.36,51310449.32226936,new_observed,55712049158.33,82339652.67940244,1,
3522109,Itanhaém,2025,ok,ok,32105770.75,32105770.75,32105770.75,new_observed,67860139.51,67860139.51,68294339.6094223,new_observed,59267888460.755,100400110.3594223,1,
3522158,Itaóca,2019,ok,ok,686596.4,686596.4,686596.4,new_observed,2446583.32,2446583.32,2416791.194547343,new_observed,37092224874.8675,5404272.051621115,1,
3522158,Itaóca,2020,ok,ok,734046.23,734046.23,734046.23,new_observed,2348069.15,2348069.15,2379463.5053201066,new_observed,37158522668.0775,5307136.340597587,1,
3522158,Itaóca,2021,ok,ok,933851.25,933851.25,933851.25,new_observed,2975642.61,2975642.61,2979157.7400255743,new_observed,46897671220.665,5312252.768494163,1,
3522158,Itaóca,2022,ok,absent_dca,,,1114873.206880517,imputed_temporal,,,3501090.6545521296,imputed_temporal,50777650919.455,5865019.102223657,1,
3522158,Itaóca,2023,ok,ok,1262347.85,1262347.85,1262347.85,new_observed,3674585.68,3674585.68,3640758.319491684,new_observed,48945614200.0975,6051423.356917967,1,
3522158,Itaóca,2024,ok,ok,1229195.49,1229195.49,1229195.49,new_observed,4804234.41,4804234.41,4852005.390147662,new_observed,55712049158.33,6521925.71123483,1,
3522158,Itaóca,2025,ok,ok,1331071.57,1331071.57,1331071.57,new_observed,6421934.87,6421934.87,6463025.336055211,new_observed,59267888460.755,7794096.906055211,1,
3522208,Itapecerica da Serra,2019,ok,ok,33041253.79,33041253.79,33041253.79,new_observed,83377931.5,83377931.5,82362635.68933822,new_observed,37092224874.8675,200965556.36729226,1,
3522208,Itapecerica da Serra,2020,ok,ok,27202147.97,27202147.97,27202147.97,new_observed,78076087.5,78076087.5,79119987.09425971,new_observed,37158522668.0775,181231508.74023017,1,
3522208,Itapecerica da Serra,2021,ok,ok,30776067.28,30776067.28,30776067.28,new_observed,97704194.53,97704194.53,97819612.60697699,new_observed,46897671220.665,174579909.7925195,1,
3522208,Itapecerica da Serra,2022,ok,ok,39471335.2,39471335.2,39471335.2,new_observed,107975845.13,107975845.13,107923421.46327314,new_observed,50777650919.455,187278992.9359196,1,
3522208,Itapecerica da Serra,2023,ok,ok,44026275.13,44026275.13,44026275.13,new_observed,104355319.3,104355319.3,103394649.0872642,new_observed,48945614200.0975,181947196.99477217,1,
3522208,Itapecerica da Serra,2024,ok,ok,44413034.58,44413034.58,44413034.58,new_observed,114774916.15,114774916.15,115916182.32748678,new_observed,55712049158.33,171948807.91138968,1,
3522208,Itapecerica da Serra,2025,ok,ok,52578939.87,52578939.87,52578939.87,new_observed,125485969.62,125485969.62,126288886.04308043,new_observed,59267888460.755,178867825.91308042,1,
3522307,Itapetininga,2019,ok,ok,33657628.39,33657628.39,33657628.39,new_observed,106247185.37,106247185.37,104953409.90375727,new_observed,37092224874.8675,241378731.2977895,1,
3522307,Itapetininga,2020,ok,ok,32643948.89,32643948.89,32643948.89,new_observed,104943467.87,104943467.87,106346592.01514496,new_observed,37158522668.0775,236916474.76450616,1,
3522307,Itapetininga,2021,ok,ok,38208671.72,38208671.72,38208671.72,new_observed,135930279.99,135930279.99,136090854.58554178,new_observed,46897671220.665,236626888.29084033,1,
3522307,Itapetininga,2022,ok,ok,47932499.01,47932499.01,47932499.01,new_observed,155454051.63,155454051.63,155378576.68109658,new_observed,50777650919.455,258325970.13700005,1,
3522307,Itapetininga,2023,ok,ok,54945698.14,54945698.14,54945698.14,new_observed,162389466.94,162389466.94,160894548.18743664,new_observed,48945614200.0975,266390460.01408288,1,
3522307,Itapetininga,2024,ok,ok,61901933.55,61901933.55,61901933.55,new_observed,187934817.13,187934817.13,189803549.92944133,new_observed,55712049158.33,269947416.0971149,1,
3522307,Itapetininga,2025,ok,ok,65918749.73,65918749.73,65918749.73,new_observed,199879679.02,199879679.02,201158600.30029288,new_observed,59267888460.755,267077350.03029287,1,
3522406,Itapeva,2019,ok,ok,14005427.08,14005427.08,14005427.08,new_observed,56727778.12,56727778.12,56037002.10244687,new_observed,37092224874.8675,121972628.5957396,1,
3522406,Itapeva,2020,ok,ok,16811854.7,16811854.7,16811854.7,new_observed,59633790.55,59633790.55,60431111.36553541,new_observed,37158522668.0775,131664580.20398723,1,
3522406,Itapeva,2021,ok,ok,18505926.53,18505926.53,18505926.53,new_observed,79306460.9,79306460.9,79400145.71315426,new_observed,46897671220.665,132916076.77157074,1,
3522406,Itapeva,2022,ok,ok,24989781.23,24989781.23,24989781.23,new_observed,89491189.08,89491189.08,89447739.95241345,new_observed,50777650919.455,145403705.03196862,1,
3522406,Itapeva,2023,ok,ok,32877700.24,32877700.24,32877700.24,new_observed,103751205.46,103751205.46,102796096.57537934,new_observed,48945614200.0975,167448869.06159857,1,
3522406,Itapeva,2024,ok,ok,38570399.68,38570399.68,38570399.68,new_observed,120395771.06,120395771.06,121592928.29637425,new_observed,55712049158.33,171770896.458314,1,
3522406,Itapeva,2025,ok,ok,34749217.63,34749217.63,34749217.63,new_observed,122152597.05,122152597.05,122934185.03621371,new_observed,59267888460.755,157683402.66621372,1,
3522505,Itapevi,2019,ok,ok,51034582.91,51034582.91,51034582.91,new_observed,314287748.18,314287748.18,310460655.9467335,new_observed,37092224874.8675,629511640.627827,1,
3522505,Itapevi,2020,ok,ok,59288206.18,59288206.18,59288206.18,new_observed,297185341.71,297185341.71,301158794.6270792,new_observed,37158522668.0775,614400319.7234211,1,
3522505,Itapevi,2021,ok,ok,67825091.71,67825091.71,67825091.71,new_observed,324231633.29,324231633.29,324614648.49000716,new_observed,46897671220.665,532771353.6203741,1,
3522505,Itapevi,2022,ok,ok,101090238.56,101090238.56,101090238.56,new_observed,317923458.15,317923458.15,317769102.2068292,new_observed,50777650919.455,532200447.9428066,1,
3522505,Itapevi,2023,ok,ok,92829612.4,92829612.4,92829612.4,new_observed,310377428.92,310377428.92,307520168.23919284,new_observed,48945614200.0975,494112493.13170826,1,
3522505,Itapevi,2024,ok,ok,98830098.53,98830098.53,98830098.53,new_observed,330714519.38,330714519.38,334002984.3864037,new_observed,55712049158.33,464201934.41743124,1,
3522505,Itapevi,2025,ok,ok,103179038.63,103179038.63,103179038.63,new_observed,354513691.6,354513691.6,356782031.766271,new_observed,59267888460.755,459961070.396271,2,
3522604,Itapira,2019,ok,ok,16415378.08,16415378.08,16415378.08,new_observed,82754576.74,82754576.74,81746871.5407266,new_observed,37092224874.8675,170940781.96408004,2,
3522604,Itapira,2020,ok,ok,17427431.95,17427431.95,17427431.95,new_observed,86586735.43,86586735.43,87744424.818363,new_observed,37158522668.0775,179270800.64392918,6,
3522604,Itapira,2021,ok,ok,19842185.1,19842185.1,19842185.1,new_observed,115093580.59,115093580.59,115229540.76865965,new_observed,46897671220.665,183371709.98587003,1,
3522604,Itapira,2022,ok,ok,25405155.45,25405155.45,25405155.45,new_observed,134498961.17,134498961.17,134433660.18803504,new_observed,50777650919.455,203090348.00435466,1,
3522604,Itapira,2023,ok,ok,29431069.96,29431069.96,29431069.96,new_observed,130438163.9,130438163.9,129237381.23263595,new_observed,48945614200.0975,195828917.0908691,1,
3522604,Itapira,2024,ok,ok,44275204.55,44275204.55,44275204.55,new_observed,128590088.47,128590088.47,129868726.02996168,new_observed,55712049158.33,186764719.77971682,1,
3522604,Itapira,2025,ok,ok,35251063.33,35251063.33,35251063.33,new_observed,121325935.69,121325935.69,122102234.32008663,new_observed,59267888460.755,157353297.65008664,1,
3522653,Itapirapuã Paulista,2019,ok,ok,437504.4,437504.4,437504.4,new_observed,3618109.54,3618109.54,3574051.701284279,new_observed,37092224874.8675,6985766.315419891,1,
3522653,Itapirapuã Paulista,2020,ok,ok,709527.21,709527.21,709527.21,new_observed,3635422.13,3635422.13,3684028.7624272434,new_observed,37158522668.0775,7489040.519515479,1,
3522653,Itapirapuã Paulista,2021,ok,ok,418376.05,418376.05,418376.05,new_observed,4803340.99,4803340.99,4809015.182216593,new_observed,46897671220.665,7096641.897866741,1,
3522653,Itapirapuã Paulista,2022,ok,ok,1631820.79,1631820.79,1631820.79,new_observed,5450773.16,5450773.16,5448126.73926396,new_observed,50777650919.455,8995743.629800992,1,
3522653,Itapirapuã Paulista,2023,ok,ok,1122811.31,1122811.31,1122811.31,new_observed,5688126.88,5688126.88,5635763.338816547,new_observed,48945614200.0975,8341446.233370506,1,
3522653,Itapirapuã Paulista,2024,ok,ok,1367893.06,1367893.06,1367893.06,new_observed,7959700.86,7959700.86,8038848.270245618,new_observed,55712049158.33,10088479.126046324,1,
3522653,Itapirapuã Paulista,2025,ok,ok,1056123.5,1056123.5,1056123.5,new_observed,10642923.34,10642923.34,10711021.613975562,new_observed,59267888460.755,11767145.113975562,1,
3522703,Itápolis,2019,ok,ok,5969446.78,5969446.78,5969446.78,new_observed,30730796.66,30730796.66,30356586.7396304,new_observed,37092224874.8675,63258539.810276195,1,
3522703,Itápolis,2020,ok,ok,6533142.76,6533142.76,6533142.76,new_observed,38506331.14,38506331.14,39021171.787637174,new_observed,37158522668.0775,77649655.45608689,1,
3522703,Itápolis,2021,ok,ok,7226350.75,7226350.75,7226350.75,new_observed,46774031.75,46774031.75,46829285.96731396,new_observed,46897671220.665,73385266.05388378,1,
3522703,Itápolis,2022,ok,ok,9340659.49,9340659.49,9340659.49,new_observed,52493421.91,52493421.91,52467935.67599786,new_observed,50777650919.455,78533671.88574031,1,
3522703,Itápolis,2023,ok,ok,10262328.67,10262328.67,10262328.67,new_observed,52239039.78,52239039.78,51758139.62277565,new_observed,48945614200.0975,76545784.94938082,1,
3522703,Itápolis,2024,ok,ok,12575744.04,12575744.04,12575744.04,new_observed,55187736.73,55187736.73,55736496.8550754,new_observed,55712049158.33,73263055.94345726,1,
3522703,Itápolis,2025,ok,ok,12205639.05,12205639.05,12205639.05,new_observed,62830192.73,62830192.73,63232208.93755684,new_observed,59267888460.755,75437847.98755684,1,
3522802,Itaporanga,2019,ok,ok,1740117.35,1740117.35,1740117.35,new_observed,9784392.41,9784392.41,9665247.542227117,new_observed,37092224874.8675,19861423.31492889,1,
3522802,Itaporanga,2020,ok,ok,2256869.05,2256869.05,2256869.05,new_observed,9349289.86,9349289.86,9474292.536286391,new_observed,37158522668.0775,19996363.995824147,1,
3522802,Itaporanga,2021,ok,ok,2055234.62,2055234.62,2055234.62,new_observed,12632448.91,12632448.91,12647371.636375422,new_observed,46897671220.665,19960077.01198751,1,
3522802,Itaporanga,2022,ok,ok,2364329.03,2364329.03,2364329.03,new_observed,15235758.45,15235758.45,15228361.292586211,new_observed,50777650919.455,22353178.642401505,1,
3522802,Itaporanga,2023,ok,ok,2438229.25,2438229.25,2438229.25,new_observed,16096802.45,16096802.45,15948619.12079612,new_observed,48945614200.0975,22693084.719126116,5,
3522802,Itaporanga,2024,ok,ok,2275872.84,2275872.84,2275872.84,new_observed,17757975.73,17757975.73,17934552.43997375,new_observed,55712049158.33,21675141.944209315,1,
3522802,Itaporanga,2025,ok,ok,2287049.96,2287049.96,2287049.96,new_observed,19844319.22,19844319.22,19971292.218294855,new_observed,59267888460.755,22258342.178294856,1,
3522901,Itapuí,2019,ok,ok,1854505.44,1854505.44,1854505.44,new_observed,13551029.89,13551029.89,13386018.553907193,new_observed,37092224874.8675,26540010.025511228,1,
3522901,Itapuí,2020,ok,ok,1540828.15,1540828.15,1540828.15,new_observed,16262158.06,16262158.06,16479587.758953875,new_observed,37158522668.0775,30716719.160429858,1,
3522901,Itapuí,2021,ok,ok,1875362.62,1875362.62,1875362.62,new_observed,22531966.97,22531966.97,22558584.00840553,new_observed,46897671220.665,33171224.74107517,1,
3522901,Itapuí,2022,ok,ok,2990069.58,2990069.58,2990069.58,new_observed,23068992.8,23068992.8,23057792.506185997,new_observed,50777650919.455,33096274.86124924,1,
3522901,Itapuí,2023,ok,ok,3490946.91,3490946.91,3490946.91,new_observed,22090638.56,22090638.56,21887277.403259184,new_observed,48945614200.0975,31321854.770744536,1,
3522901,Itapuí,2024,ok,ok,3967673.62,3967673.62,3967673.62,new_observed,25795217.89,25795217.89,26051713.04335114,new_observed,55712049158.33,32194991.346915644,2,
3522901,Itapuí,2025,ok,ok,3633054.27,3633054.27,3633054.27,new_observed,27610062.58,27610062.58,27786724.343501464,new_observed,59267888460.755,31419778.613501463,1,
3523008,Itapura,2019,ok,ok,144004.18,144004.18,144004.18,new_observed,7497809.26,7497809.26,7406508.190354021,new_observed,37092224874.8675,13148542.273681259,1,
3523008,Itapura,2020,ok,ok,227986.2,227986.2,227986.2,new_observed,7177260.56,7177260.56,7273222.5840509655,new_observed,37158522668.0775,12786193.43457867,1,
3523008,Itapura,2021,ok,ok,435754.71,435754.71,435754.71,new_observed,8898087.95,8898087.95,8908599.271493426,new_observed,46897671220.665,12685779.775745794,1,
3523008,Itapura,2022,ok,ok,1086629.76,1086629.76,1086629.76,new_observed,9787820.44,9787820.44,9783068.326820325,new_observed,50777650919.455,13810980.5077241,1,
3523008,Itapura,2023,ok,ok,794111.83,794111.83,794111.83,new_observed,9796700.16,9796700.16,9706514.071835577,new_observed,48945614200.0975,12959893.310083743,1,
3523008,Itapura,2024,ok,ok,645398.94,645398.94,645398.94,new_observed,10750979.21,10750979.21,10857881.74026368,new_observed,55712049158.33,12336961.647999512,1,
3523008,Itapura,2025,ok,ok,712799.23,712799.23,712799.23,new_observed,12055055.63,12055055.63,12132189.369937507,new_observed,59267888460.755,12844988.599937508,1,
3523107,Itaquaquecetuba,2019,ok,ok,50401673.32,50401673.32,50401673.32,new_observed,124566730.38,124566730.38,123049877.21241273,new_observed,37092224874.8675,302050368.60353595,1,
3523107,Itaquaquecetuba,2020,ok,partial,,,50325375.83398664,imputed_temporal,127524673.76,127524673.76,129229715.0787798,new_observed,37158522668.0775,306060821.7512043,1,
3523107,Itaquaquecetuba,2021,ok,ok,62758316.52,62758316.52,62758316.52,new_observed,167795179.43,167795179.43,167993396.06777057,new_observed,46897671220.665,313265680.4913556,1,
3523107,Itaquaquecetuba,2022,ok,ok,75557632.58,75557632.58,75557632.58,new_observed,188403174.41,188403174.41,188311702.23662958,new_observed,50777650919.455,335270971.7077936,1,
3523107,Itaquaquecetuba,2023,ok,ok,78489633.04,78489633.04,78489633.04,new_observed,185660476.01,185660476.01,183951329.89093712,new_observed,48945614200.0975,323905156.8522248,1,
3523107,Itaquaquecetuba,2024,ok,ok,84680951.35,84680951.35,84680951.35,new_observed,209511966.83,209511966.83,211595252.35563976,new_observed,55712049158.33,317748324.4934248,1,
3523107,Itaquaquecetuba,2025,ok,ok,113686792.49,113686792.49,113686792.49,new_observed,235303266.69,235303266.69,236808844.2282857,new_observed,59267888460.755,350495636.7182857,1,
3523206,Itararé,2019,ok,ok,4574731.72,4574731.72,4574731.72,new_observed,26421451.76,26421451.76,26099716.87403044,new_observed,37092224874.8675,53416809.91664427,1,
3523206,Itararé,2020,ok,ok,4300002.38,4300002.38,4300002.38,new_observed,24959686.75,24959686.75,25293404.892205503,new_observed,37158522668.0775,50443473.93385601,1,
3523206,Itararé,2021,ok,ok,5581926.64,5581926.64,5581926.64,new_observed,31308910.23,31308910.23,31345895.48153782,new_observed,46897671220.665,50132756.09630459,1,
3523206,Itararé,2022,ok,ok,9491379.33,9491379.33,9491379.33,new_observed,34932836.75,34932836.75,34915876.406791754,new_observed,50777650919.455,56423622.66951969,1,
3523206,Itararé,2023,ok,ok,11750256.38,11750256.38,11750256.38,new_observed,37790938.97,37790938.97,37443044.58739141,new_observed,48945614200.0975,60714469.6009774,1,
3523206,Itararé,2024,ok,ok,14647841.29,14647841.29,14647841.29,new_observed,42551726.39,42551726.39,42974840.14822843,new_observed,55712049158.33,61798788.59932525,1,
3523206,Itararé,2025,ok,ok,11524931.05,11524931.05,11524931.05,new_observed,47195175.87,47195175.87,47497152.114124686,new_observed,59267888460.755,59022083.16412468,1,
3523305,Itariri,2019,ok,ok,1143904.8,1143904.8,1143904.8,new_observed,6233336.29,6233336.29,6157432.749244938,new_observed,37092224874.8675,12714626.599063784,3,
3523305,Itariri,2020,ok,ok,988634.18,988634.18,988634.18,new_observed,6315769.36,6315769.36,6400213.000600484,new_observed,37158522668.0775,12594667.343558254,1,
3523305,Itariri,2021,ok,ok,1011756.18,1011756.18,1011756.18,new_observed,8100489.82,8100489.82,8110058.937908331,new_observed,46897671220.665,12383663.757819206,1,
3523305,Itariri,2022,ok,ok,1608500.66,1608500.66,1608500.66,new_observed,9230336.26,9230336.26,9225854.812586568,new_observed,50777650919.455,13766074.370278915,1,
3523305,Itariri,2023,ok,ok,1791829.73,1791829.73,1791829.73,new_observed,8714427.98,8714427.98,8634205.031734655,new_observed,48945614200.0975,12867832.777061947,1,
3523305,Itariri,2024,ok,ok,2465720.29,2465720.29,2465720.29,new_observed,9676080.09,9676080.09,9772294.34401817,new_observed,55712049158.33,13124944.212356485,1,
3523305,Itariri,2025,ok,ok,2220356.43,2220356.43,2220356.43,new_observed,12908407.64,12908407.64,12991001.51500737,new_observed,59267888460.755,15211357.945007369,1,
3523404,Itatiba,2019,ok,ok,40420930.24,40420930.24,40420930.24,new_observed,76019342.86,76019342.86,75093652.82492135,new_observed,37092224874.8675,201158319.35052764,1,
3523404,Itatiba,2020,ok,ok,40413917.36,40413917.36,40413917.36,new_observed,93480365.9,93480365.9,94730225.09708464,new_observed,37158522668.0775,230360092.18681678,1,
3523404,Itatiba,2021,ok,ok,50774515.62,50774515.62,50774515.62,new_observed,122082796.63,122082796.63,122227013.17757802,new_observed,46897671220.665,234864742.8746771,1,
3523404,Itatiba,2022,ok,ok,60629989.7,60629989.7,60629989.7,new_observed,136387021.95,136387021.95,136320804.2901524,new_observed,50777650919.455,250244630.07642528,1,
3523404,Itatiba,2023,ok,ok,71947721.32,71947721.32,71947721.32,new_observed,131615015.97,131615015.97,130403399.48279782,new_observed,48945614200.0975,249742154.54354066,1,
3523404,Itatiba,2024,ok,ok,80810693.19,80810693.19,80810693.19,new_observed,151874416.06,151874416.06,153384581.69626418,new_observed,55712049158.33,251168184.51380396,1,
3523404,Itatiba,2025,ok,ok,85698673.19,85698673.19,85698673.19,new_observed,178822686.97,178822686.97,179966876.01856354,new_observed,59267888460.755,265665549.20856354,3,
3523503,Itatinga,2019,ok,ok,7009000.73,7009000.73,7009000.73,new_observed,17055963.22,17055963.22,16848272.19561824,new_observed,37092224874.8675,41545307.948755115,3,
3523503,Itatinga,2020,ok,ok,6948214.26,6948214.26,6948214.26,new_observed,16717525.63,16717525.63,16941043.723451898,new_observed,37158522668.0775,40720460.178954184,1,
3523503,Itatinga,2021,ok,ok,8298049.46,8298049.46,8298049.46,new_observed,20793656.42,20793656.42,20818219.990160543,new_observed,46897671220.665,39527888.48405546,2,
3523503,Itatinga,2022,ok,ok,9693512.12,9693512.12,9693512.12,new_observed,23757672.93,23757672.93,23746138.27309235,new_observed,50777650919.455,42488241.72256341,3,
3523503,Itatinga,2023,ok,ok,11176929.56,11176929.56,11176929.56,new_observed,25270664.89,25270664.89,25038029.16832623,new_observed,48945614200.0975,44696573.874339245,1,
3523503,Itatinga,2024,ok,ok,12472369.3,12472369.3,12472369.3,new_observed,30065610.24,30065610.24,30364568.106608838,new_observed,55712049158.33,45941472.575715244,1,
3523503,Itatinga,2025,ok,ok,13100543.15,13100543.15,13100543.15,new_observed,35654903.29,35654903.29,35883039.61075026,new_observed,59267888460.755,48983582.76075026,1,
3523602,Itirapina,2019,ok,ok,7990834.28,7990834.28,7990834.28,new_observed,16676600.26,16676600.26,16473528.750843417,new_observed,37092224874.8675,42602501.09286921,1,
3523602,Itirapina,2020,ok,ok,7316042.3,7316042.3,7316042.3,new_observed,16706612.54,16706612.54,16929984.722320996,new_observed,37158522668.0775,41328591.22473285,1,
3523602,Itirapina,2021,ok,ok,7922408.21,7922408.21,7922408.21,new_observed,26262964.51,26262964.51,26293988.98007563,new_observed,46897671220.665,46451759.03357359,1,
3523602,Itirapina,2022,ok,ok,10147917.02,10147917.02,10147917.02,new_observed,36149388.99,36149388.99,36131837.99497414,new_observed,50777650919.455,58802810.281276934,1,
3523602,Itirapina,2023,ok,ok,10503401.53,10503401.53,10503401.53,new_observed,34634737.56,34634737.56,34315898.415785775,new_observed,48945614200.0975,55316068.86676049,1,
3523602,Itirapina,2024,ok,ok,12567566.87,12567566.87,12567566.87,new_observed,33388128.03,33388128.03,33720123.404324114,new_observed,55712049158.33,49642312.96803643,1,
3523602,Itirapina,2025,ok,ok,12363274.5,12363274.5,12363274.5,new_observed,44448168.9,44448168.9,44732568.541599244,new_observed,59267888460.755,57095843.041599244,1,
3523701,Itirapuã,2019,ok,ok,465157.91,465157.91,465157.91,new_observed,4601899.23,4601899.23,4545861.751913767,new_observed,37092224874.8675,8726242.753752599,1,
3523701,Itirapuã,2020,ok,ok,402473.8,402473.8,402473.8,new_observed,4493611.85,4493611.85,4553692.724146974,new_observed,37158522668.0775,8448038.935599912,1,
3523701,Itirapuã,2021,ok,ok,394041.61,394041.61,394041.61,new_observed,5818757.57,5818757.57,5825631.274986315,new_observed,46897671220.665,8443751.237632778,1,
3523701,Itirapuã,2022,ok,ok,555532.14,555532.14,555532.14,new_observed,6095545.01,6095545.01,6092585.5442070905,new_observed,50777650919.455,8447062.928175488,1,
3523701,Itirapuã,2023,ok,ok,531440.28,531440.28,531440.28,new_observed,6322010.76,6322010.76,6263811.834804173,new_observed,48945614200.0975,8386713.634621394,1,
3523701,Itirapuã,2024,ok,ok,598322.38,598322.38,598322.38,new_observed,6336461.14,6336461.14,6399467.84065043,new_observed,55712049158.33,7504943.326387781,1,
3523701,Itirapuã,2025,ok,ok,672964.8,672964.8,672964.8,new_observed,7761410.73,7761410.73,7811071.7730653,new_observed,59267888460.755,8484036.5730653,5,
3523800,Itobi,2019,ok,ok,351828.65,351828.65,351828.65,new_observed,5663546.73,5663546.73,5594581.535433424,new_observed,37092224874.8675,10355141.72611762,1,
3523800,Itobi,2020,ok,ok,354378.12,354378.12,354378.12,new_observed,5108989.6,5108989.6,5177298.250462499,new_observed,37158522668.0775,9429024.8580476,1,
3523800,Itobi,2021,ok,ok,411759.82,411759.82,411759.82,new_observed,6271637.41,6271637.41,6279046.102460352,new_observed,46897671220.665,9083355.641565967,1,
3523800,Itobi,2022,ok,ok,561796.12,561796.12,561796.12,new_observed,7095635.51,7095635.51,7092190.487358653,new_observed,50777650919.455,9725114.625656947,1,
3523800,Itobi,2023,ok,ok,671327.34,671327.34,671327.34,new_observed,7291409.37,7291409.37,7224286.392104788,new_observed,48945614200.0975,9744782.124637244,1,
3523800,Itobi,2024,ok,ok,767848.09,767848.09,767848.09,new_observed,8466601.24,8466601.24,8550789.022118276,new_observed,55712049158.33,9993989.702526573,1,
3523800,Itobi,2025,ok,ok,953075.13,953075.13,953075.13,new_observed,8665898.54,8665898.54,8721346.908288382,new_observed,59267888460.755,9674422.038288383,1,
3523909,Itu,2019,ok,ok,72929288.15,72929288.15,72929288.15,new_observed,155065184.1,155065184.1,153176950.25965548,new_observed,37092224874.8675,393743800.1883592,5,
3523909,Itu,2020,ok,ok,71493130.59,71493130.59,71493130.59,new_observed,157656802.96,157656802.96,159764719.4541792,new_observed,37158522668.0775,394190814.98126346,1,
3523909,Itu,2021,ok,ok,87588410.89,87588410.89,87588410.89,new_observed,210578782.05,210578782.05,210827539.00657988,new_observed,46897671220.665,405125814.95259,1,
3523909,Itu,2022,ok,ok,109639523.69,109639523.69,109639523.69,new_observed,233095255.39,233095255.39,232982084.63436055,new_observed,50777650919.455,435333191.06906706,1,
3523909,Itu,2023,ok,ok,136744344.99,136744344.99,136744344.99,new_observed,221371617.7,221371617.7,219333723.3166944,new_observed,48945614200.0975,439472257.98309654,1,
3523909,Itu,2024,ok,ok,151087445.43,151087445.43,151087445.43,new_observed,233787808.84,233787808.84,236112481.5811165,new_observed,55712049158.33,415261592.0986863,1,
3523909,Itu,2025,ok,ok,167497167.74,167497167.74,167497167.74,new_observed,257099842.77,257099842.77,258744884.73569977,new_observed,59267888460.755,426242052.4756998,1,
3524006,Itupeva,2019,ok,ok,27529015.92,27529015.92,27529015.92,new_observed,113957977.88,113957977.88,112570307.84008,new_observed,37092224874.8675,243970447.38398305,1,
3524006,Itupeva,2020,ok,ok,30040677.7,30040677.7,30040677.7,new_observed,116577535.8,116577535.8,118136210.75693119,new_observed,37158522668.0775,252575073.28320706,1,
3524006,Itupeva,2021,ok,ok,43237268.34,43237268.34,43237268.34,new_observed,160099636.58,160099636.58,160288762.46418205,new_observed,46897671220.665,276304430.51782465,1,
3524006,Itupeva,2022,ok,ok,45442849.51,45442849.51,45442849.51,new_observed,177913394.49,177913394.49,177827015.24019876,new_observed,50777650919.455,283685501.2344891,1,
3524006,Itupeva,2023,ok,ok,52268845.26,52268845.26,52268845.26,new_observed,161339133.13,161339133.13,159853883.500309,new_observed,48945614200.0975,261802292.46114543,1,
3524006,Itupeva,2024,ok,ok,61817903.44,61817903.44,61817903.44,new_observed,175621254.77,175621254.77,177367547.4691369,new_observed,55712049158.33,256520015.17169383,1,
3524006,Itupeva,2025,ok,ok,69469422.69,69469422.69,69469422.69,new_observed,201554455.22,201554455.22,202844092.48168933,new_observed,59267888460.755,272313515.17168933,1,
3524105,Ituverava,2019,ok,ok,5005218.21,5005218.21,5005218.21,new_observed,34728656.07,34728656.07,34305764.08427371,new_observed,37092224874.8675,68456561.2455196,1,
3524105,Ituverava,2020,ok,ok,5143315.02,5143315.02,5143315.02,new_observed,32517534.6,32517534.6,32952303.32704804,new_observed,37158522668.0775,64935926.89099732,1,
3524105,Ituverava,2021,ok,ok,7052785.73,7052785.73,7052785.73,new_observed,32956023.96,32956023.96,32994954.94887482,new_observed,46897671220.665,54368319.06994894,1,
3524105,Ituverava,2022,ok,ok,9582907.76,9582907.76,9582907.76,new_observed,37746378.05,37746378.05,37728051.69616913,new_observed,50777650919.455,60113053.15307216,1,
3524105,Ituverava,2023,ok,ok,10955385.59,10955385.59,10955385.59,new_observed,38844032.22,38844032.22,38486443.31177168,new_observed,48945614200.0975,61021203.27040379,1,
3524105,Ituverava,2024,ok,ok,12905857.11,12905857.11,12905857.11,new_observed,41243617.51,41243617.51,41653724.0670795,new_observed,55712049158.33,58513695.285849266,1,
3524105,Ituverava,2025,ok,ok,13458441.77,13458441.77,13458441.77,new_observed,48908630.49,48908630.49,49221570.19767975,new_observed,59267888460.755,62680011.967679754,3,
3524204,Jaborandi,2019,ok,ok,460113.46,460113.46,460113.46,new_observed,8620570.35,8620570.35,8515597.381680798,new_observed,37092224874.8675,15630397.998095814,1,
3524204,Jaborandi,2020,ok,ok,658700.53,658700.53,658700.53,new_observed,8367457.46,8367457.46,8479332.75661344,new_observed,37158522668.0775,15576244.386462642,1,
3524204,Jaborandi,2021,ok,ok,881915.28,881915.28,881915.28,new_observed,10058611.75,10058611.75,10070493.999588441,new_observed,46897671220.665,14868855.825653136,1,
3524204,Jaborandi,2022,ok,ok,2079657.75,2079657.75,2079657.75,new_observed,11027357.16,11027357.16,11022003.235740943,new_observed,50777650919.455,16646900.68183938,1,
3524204,Jaborandi,2023,ok,ok,2386378.29,2386378.29,2386378.29,new_observed,12324752.58,12324752.58,12211293.843422256,new_observed,48945614200.0975,18016475.893276453,4,
3524204,Jaborandi,2024,ok,ok,818200.99,818200.99,818200.99,new_observed,13460906.01,13460906.01,13594754.739869375,new_observed,55712049158.33,15457510.515133971,1,
3524204,Jaborandi,2025,ok,ok,956752.09,956752.09,956752.09,new_observed,14880625.38,14880625.38,14975838.402933883,new_observed,59267888460.755,15932590.492933882,1,
3524303,Jaboticabal,2019,ok,ok,21022639.45,21022639.45,21022639.45,new_observed,60713801.13,60713801.13,59974487.1793218,new_observed,37092224874.8675,141049254.84446526,1,
3524303,Jaboticabal,2020,ok,ok,19903314.24,19903314.24,19903314.24,new_observed,58533980.25,58533980.25,59316596.28763612,new_observed,37158522668.0775,135034382.99571645,1,
3524303,Jaboticabal,2021,ok,ok,21597503.17,21597503.17,21597503.17,new_observed,75438751.61,75438751.61,75527867.49373718,new_observed,46897671220.665,131856205.9312027,2,
3524303,Jaboticabal,2022,ok,ok,27886528.87,27886528.87,27886528.87,new_observed,84136075.32,84136075.32,84095226.16927588,new_observed,50777650919.455,142283421.64750865,1,
3524303,Jaboticabal,2023,ok,ok,31830813.17,31830813.17,31830813.17,new_observed,87228263.29,87228263.29,86425260.6753419,new_observed,48945614200.0975,145951880.8337996,2,
3524303,Jaboticabal,2024,ok,ok,38742712.27,38742712.27,38742712.27,new_observed,93754566.54,93754566.54,94686816.54170942,new_observed,55712049158.33,143099610.0516755,1,
3524303,Jaboticabal,2025,ok,ok,37882074.33,37882074.33,37882074.33,new_observed,95112864.89,95112864.89,95721440.34666394,new_observed,59267888460.755,133603514.67666394,1,
3524402,Jacareí,2019,ok,ok,70771100.97,70771100.97,70771100.97,new_observed,291046783.7,291046783.7,287502697.45462227,new_observed,37092224874.8675,623901790.1135668,1,
3524402,Jacareí,2020,ok,ok,67294081.75,67294081.75,67294081.75,new_observed,273515162.52,273515162.52,277172138.3793309,new_observed,37158522668.0775,587160262.972072,1,
3524402,Jacareí,2021,ok,ok,80783134.46,80783134.46,80783134.46,new_observed,324918313.94,324918313.94,325302140.316646,new_observed,46897671220.665,551296363.1506636,1,
3524402,Jacareí,2022,ok,ok,97534367.78,97534367.78,97534367.78,new_observed,349433465.43,349433465.43,349263810.9715158,new_observed,50777650919.455,567699386.711201,1,
3524402,Jacareí,2023,ok,ok,119090722.36,119090722.36,119090722.36,new_observed,312786727.81,312786727.81,309907287.69749033,new_observed,48945614200.0975,529470194.68729234,3,
3524402,Jacareí,2024,ok,ok,125725229.75,125725229.75,125725229.75,new_observed,311255501.71,311255501.71,314350475.66924083,new_observed,55712049158.33,471969453.83489126,1,
3524402,Jacareí,2025,ok,ok,135183341.93,135183341.93,135183341.93,new_observed,333350326.82,333350326.82,335483254.1333364,new_observed,59267888460.755,470666596.06333643,1,
3524501,Jaci,2019,ok,ok,880673.22,880673.22,880673.22,new_observed,9736339.68,9736339.68,9617779.951898756,new_observed,37092224874.8675,18282117.63230336,2,
3524501,Jaci,2020,ok,ok,897775.56,897775.56,897775.56,new_observed,9852513.38,9852513.38,9984244.29850716,new_observed,37158522668.0775,18548958.55793761,1,
3524501,Jaci,2021,ok,ok,1281357.97,1281357.97,1281357.97,new_observed,13089382.03,13089382.03,13104844.53199377,new_observed,46897671220.665,19530531.175404884,1,
3524501,Jaci,2022,ok,ok,2242503.63,2242503.63,2242503.63,new_observed,16128883.16,16128883.16,16121052.379009696,new_observed,50777650919.455,23332636.478693854,1,
3524501,Jaci,2023,ok,ok,1483103.68,1483103.68,1483103.68,new_observed,16781148.32,16781148.32,16626665.065723514,new_observed,48945614200.0975,22351112.496431157,1,
3524501,Jaci,2024,ok,ok,1821222.88,1821222.88,1821222.88,new_observed,18180613.36,18180613.36,18361392.57387122,new_observed,55712049158.33,21645316.647617787,1,
3524501,Jaci,2025,ok,ok,2146610.71,2146610.71,2146610.71,new_observed,20397122.83,20397122.83,20527632.917728446,new_observed,59267888460.755,22674243.627728447,1,
3524600,Jacupiranga,2019,ok,ok,2451161.48,2451161.48,2451161.48,new_observed,10175488.77,10175488.77,10051581.509004721,new_observed,37092224874.8675,21772409.164358824,1,
3524600,Jacupiranga,2020,ok,ok,2331041.56,2331041.56,2331041.56,new_observed,9971010.88,9971010.88,10104326.143933931,new_observed,37158522668.0775,21196719.28485431,1,
3524600,Jacupiranga,2021,ok,ok,3082486.58,3082486.58,3082486.58,new_observed,12228204.76,12228204.76,12242649.952297721,new_observed,46897671220.665,20805216.440537114,1,
3524600,Jacupiranga,2022,ok,ok,4308685.17,4308685.17,4308685.17,new_observed,12718000.83,12718000.83,12711826.076413762,new_observed,50777650919.455,21626170.955083396,1,
3524600,Jacupiranga,2023,ok,ok,4730677.43,4730677.43,4730677.43,new_observed,12268568.35,12268568.35,12155626.83206093,new_observed,48945614200.0975,20841110.204646617,1,
3524600,Jacupiranga,2024,ok,ok,4833747.34,4833747.34,4833747.34,new_observed,16208991.84,16208991.84,16370166.204387903,new_observed,55712049158.33,22740631.60376738,1,
3524600,Jacupiranga,2025,ok,ok,5059541.83,5059541.83,5059541.83,new_observed,21666791.12,21666791.12,21805425.12409131,new_observed,59267888460.755,26864966.95409131,1,
3524709,Jaguariúna,2019,ok,ok,31217896.59,31217896.59,31217896.59,new_observed,212638324.8,212638324.8,210049020.93419734,new_observed,37092224874.8675,420144767.4946248,1,
3524709,Jaguariúna,2020,ok,ok,31222393.07,31222393.07,31222393.07,new_observed,217364798.45,217364798.45,220271027.90096086,new_observed,37158522668.0775,428683378.9902922,1,
3524709,Jaguariúna,2021,ok,ok,40470848.45,40470848.45,40470848.45,new_observed,278815516.87,278815516.87,279144881.95962876,new_observed,46897671220.665,433906375.6436035,1,
3524709,Jaguariúna,2022,ok,ok,49797011.3,49797011.3,49797011.3,new_observed,309983985.99,309983985.99,309833484.7630577,new_observed,50777650919.455,456944593.2571412,1,
3524709,Jaguariúna,2023,ok,ok,60491496.32,60491496.32,60491496.32,new_observed,295842888.96,295842888.96,293119429.7920342,new_observed,48945614200.0975,436427306.1942691,1,
3524709,Jaguariúna,2024,ok,ok,78581986.82,78581986.82,78581986.82,new_observed,314867726.71,314867726.71,317998618.88513905,new_observed,55712049158.33,425322119.7426757,1,
3524709,Jaguariúna,2025,ok,ok,85142980.56,85142980.56,85142980.56,new_observed,295012479.0,295012479.0,296900103.29074794,new_observed,59267888460.755,382043083.85074794,1,
3524808,Jales,2019,ok,ok,8231917.15,8231917.15,8231917.15,new_observed,25076721.74,25076721.74,24771361.675655477,new_observed,37092224874.8675,57472259.56652187,1,
3524808,Jales,2020,ok,ok,8294851.21,8294851.21,8294851.21,new_observed,25095410.95,25095410.95,25430943.763532512,new_observed,37158522668.0775,57487339.798272945,1,
3524808,Jales,2021,ok,ok,11019932.05,11019932.05,11019932.05,new_observed,32751513.54,32751513.54,32790202.940481283,new_observed,46897671220.665,59476099.20767551,1,
3524808,Jales,2022,ok,ok,14246082.21,14246082.21,14246082.21,new_observed,37530810.62,37530810.62,37512588.92693927,new_observed,50777650919.455,65764291.930492744,1,
3524808,Jales,2023,ok,ok,15250310.15,15250310.15,15250310.15,new_observed,36385203.98,36385203.98,36050250.45887266,new_observed,48945614200.0975,63315253.62904838,1,
3524808,Jales,2024,ok,ok,17668602.56,17668602.56,17668602.56,new_observed,39354286.31,39354286.31,39745606.272682756,new_observed,55712049158.33,61575207.29145643,1,
3524808,Jales,2025,ok,ok,20314991.92,20314991.92,20314991.92,new_observed,41937250.22,41937250.22,42205583.85954901,new_observed,59267888460.755,62520575.77954901,1,
3524907,Jambeiro,2019,ok,ok,3425844.85,3425844.85,3425844.85,new_observed,8385660.27,8385660.27,8283547.809441249,new_observed,37092224874.8675,20390860.49130961,1,
3524907,Jambeiro,2020,ok,ok,3872230.56,3872230.56,3872230.56,new_observed,8629447.0,8629447.0,8744825.171607098,new_observed,37158522668.0775,21506415.806235712,1,
3524907,Jambeiro,2021,ok,ok,4968961.53,4968961.53,4968961.53,new_observed,10799797.06,10799797.06,10812554.872644616,new_observed,46897671220.665,21424792.126643434,1,
3524907,Jambeiro,2022,ok,ok,6041920.38,6041920.38,6041920.38,new_observed,12089513.09,12089513.09,12083643.475325005,new_observed,50777650919.455,23030244.915535722,1,
3524907,Jambeiro,2023,ok,ok,7233929.88,7233929.88,7233929.88,new_observed,11661465.85,11661465.85,11554113.173068168,new_observed,48945614200.0975,23188239.991528478,1,
3524907,Jambeiro,2024,ok,ok,8009011.51,8009011.51,8009011.51,new_observed,13891572.65,13891572.65,14029703.720353609,new_observed,55712049158.33,23635934.141339485,2,
3524907,Jambeiro,2025,ok,ok,8903530.37,8903530.37,8903530.37,new_observed,17132155.65,17132155.65,17241774.98972228,new_observed,59267888460.755,26145305.35972228,1,
3525003,Jandira,2019,ok,ok,22512899.67,22512899.67,22512899.67,new_observed,73879197.07,73879197.07,72979567.66050538,new_observed,37092224874.8675,166291594.78542855,4,
3525003,Jandira,2020,ok,ok,22345487.09,22345487.09,22345487.09,new_observed,79475854.46,79475854.46,80538469.3383933,new_observed,37158522668.0775,175370957.67887408,1,
3525003,Jandira,2021,ok,ok,27059770.0,27059770.0,27059770.0,new_observed,102662488.11,102662488.11,102783763.42486575,new_observed,46897671220.665,176273980.37304264,1,
3525003,Jandira,2022,ok,ok,29204820.86,29204820.86,29204820.86,new_observed,98267461.12,98267461.12,98219750.99904059,new_observed,50777650919.455,161904982.46535048,2,
3525003,Jandira,2023,ok,ok,37677615.11,37677615.11,37677615.11,new_observed,88324486.59,88324486.59,87511392.40475518,new_observed,48945614200.0975,154508521.31613284,3,
3525003,Jandira,2024,ok,ok,40237713.52,40237713.52,40237713.52,new_observed,99236083.03,99236083.03,100222838.57683392,new_observed,55712049158.33,150640194.95312852,5,
3525003,Jandira,2025,ok,ok,54237559.29,54237559.29,54237559.29,new_observed,108293815.36,108293815.36,108986728.54490738,new_observed,59267888460.755,163224287.83490738,1,
3525102,Jardinópolis,2019,ok,ok,8243886.42,8243886.42,8243886.42,new_observed,38922037.8,38922037.8,38448082.867203906,new_observed,37092224874.8675,81309890.23006423,1,
3525102,Jardinópolis,2020,ok,ok,7585837.4,7585837.4,7585837.4,new_observed,37407106.14,37407106.14,37907249.83536609,new_observed,37158522668.0775,77545290.37564254,1,
3525102,Jardinópolis,2021,ok,ok,8749907.71,8749907.71,8749907.71,new_observed,48899671.0,48899671.0,48957436.23739617,new_observed,46897671220.665,78342778.77419256,1,
3525102,Jardinópolis,2022,ok,ok,11421213.04,11421213.04,11421213.04,new_observed,54808661.46,54808661.46,54782051.14730772,new_observed,50777650919.455,84117514.942504,1,
3525102,Jardinópolis,2023,ok,ok,13925549.73,13925549.73,13925549.73,new_observed,57148734.24,57148734.24,56622636.605033316,new_observed,48945614200.0975,87070711.46702927,1,
3525102,Jardinópolis,2024,ok,ok,15549528.09,15549528.09,15549528.09,new_observed,58200081.29,58200081.29,58778794.71041715,new_observed,55712049158.33,79715143.29144013,1,
3525102,Jardinópolis,2025,ok,ok,16436633.21,16436633.21,16436633.21,new_observed,56602499.04,56602499.04,56964667.62509548,new_observed,59267888460.755,73401300.83509548,1,
3525201,Jarinu,2019,ok,ok,10665293.34,10665293.34,10665293.34,new_observed,32423491.54,32423491.54,32028669.618475243,new_observed,37092224874.8675,74347719.63219403,1,
3525201,Jarinu,2020,ok,ok,9569130.4,9569130.4,9569130.4,new_observed,35240626.16,35240626.16,35711803.39912436,new_observed,37158522668.0775,77183664.00958738,1,
3525201,Jarinu,2021,ok,ok,12611746.68,12611746.68,12611746.68,new_observed,46720496.65,46720496.65,46775687.62623897,new_observed,46897671220.665,80623648.73458195,1,
3525201,Jarinu,2022,ok,ok,16287427.83,16287427.83,16287427.83,new_observed,51617776.86,51617776.86,51592715.76297379,new_observed,50777650919.455,86248148.9859223,1,
3525201,Jarinu,2023,ok,ok,20695096.56,20695096.56,20695096.56,new_observed,50357888.01,50357888.01,49894305.28789248,new_observed,48945614200.0975,87121579.73472767,1,
3525201,Jarinu,2024,ok,ok,27308841.9,27308841.9,27308841.9,new_observed,69312619.35,69312619.35,70001830.46677214,new_observed,55712049158.33,104363100.08410534,1,
3525201,Jarinu,2025,ok,ok,31893041.18,31893041.18,31893041.18,new_observed,107616073.56,107616073.56,108304650.24399436,new_observed,59267888460.755,140197691.42399436,1,
3525300,Jaú,2019,ok,ok,26038038.09,26038038.09,26038038.09,new_observed,78014381.27,78014381.27,77064397.58667006,new_observed,37092224874.8675,179543674.3255924,1,
3525300,Jaú,2020,ok,ok,26395077.89,26395077.89,26395077.89,new_observed,75596892.59,75596892.59,76607644.64006907,new_observed,37158522668.0775,175573400.56417623,1,
3525300,Jaú,2021,ok,ok,30682401.77,30682401.77,30682401.77,new_observed,93978594.44,93978594.44,94089611.46132077,new_observed,46897671220.665,169388947.0758262,1,
3525300,Jaú,2022,ok,ok,36095814.84,36095814.84,36095814.84,new_observed,102604696.03,102604696.03,102554880.12550017,new_observed,50777650919.455,176168834.7050569,1,
3525300,Jaú,2023,ok,ok,39176898.33,39176898.33,39176898.33,new_observed,100551951.65,100551951.65,99626294.33391333,new_observed,48945614200.0975,171311175.62324166,1,
3525300,Jaú,2024,ok,ok,46592594.93,46592594.93,46592594.93,new_observed,106056883.94,106056883.94,107111462.22757788,new_observed,55712049158.33,164843500.82393166,1,
3525300,Jaú,2025,ok,ok,51852870.86,51852870.86,51852870.86,new_observed,113771839.82,113771839.82,114499803.90197809,new_observed,59267888460.755,166352674.7619781,1,
3525409,Jeriquara,2019,ok,ok,209445.78,209445.78,209445.78,new_observed,4942288.96,4942288.96,4882106.544990485,new_observed,37092224874.8675,8866483.18684346,1,
3525409,Jeriquara,2020,ok,ok,227310.36,227310.36,227310.36,new_observed,4533373.81,4533373.81,4593986.3129111715,new_observed,37158522668.0775,8218146.386806925,1,
3525409,Jeriquara,2021,ok,ok,404815.87,404815.87,404815.87,new_observed,5954942.44,5954942.44,5961977.020329327,new_observed,46897671220.665,8643479.543311724,1,
3525409,Jeriquara,2022,ok,ok,467068.38,467068.38,467068.38,new_observed,7168045.92,7168045.92,7164565.741169815,new_observed,50777650919.455,9696713.675732907,2,
3525409,Jeriquara,2023,ok,ok,477417.42,477417.42,477417.42,new_observed,7011019.81,7011019.81,6946478.031607226,new_observed,48945614200.0975,9162586.487461379,1,
3525409,Jeriquara,2024,ok,ok,510329.3,510329.3,510329.3,new_observed,7142864.07,7142864.07,7213889.2508228095,new_observed,55712049158.33,8284018.3310282435,1,
3525409,Jeriquara,2025,ok,ok,559436.92,559436.92,559436.92,new_observed,7850241.24,7850241.24,7900470.661152232,new_observed,59267888460.755,8459907.581152232,1,
3525508,Joanópolis,2019,ok,ok,1382177.29,1382177.29,1382177.29,new_observed,7178496.09,7178496.09,7091083.307313864,new_observed,37092224874.8675,14755425.816814512,1,
3525508,Joanópolis,2020,ok,ok,1517414.09,1517414.09,1517414.09,new_observed,7012620.63,7012620.63,7106381.371153356,new_observed,37158522668.0775,14699699.75252447,1,
3525508,Joanópolis,2021,ok,ok,1962335.05,1962335.05,1962335.05,new_observed,8928133.66,8928133.66,8938680.474525085,new_observed,46897671220.665,14799084.297319174,1,
3525508,Joanópolis,2022,ok,ok,2212625.77,2212625.77,2212625.77,new_observed,9834318.59,9834318.59,9829543.901368232,new_observed,50777650919.455,15300716.659612788,1,
3525508,Joanópolis,2023,ok,ok,2462585.23,2462585.23,2462585.23,new_observed,9809864.95,9809864.95,9719557.669914601,new_observed,48945614200.0975,15035224.923448525,4,
3525508,Joanópolis,2024,ok,ok,2461612.31,2461612.31,2461612.31,new_observed,12348266.83,12348266.83,12471052.014745796,new_observed,55712049158.33,16014884.118485808,1,
3525508,Joanópolis,2025,ok,ok,2579015.28,2579015.28,2579015.28,new_observed,16497342.84,16497342.84,16602900.358051907,new_observed,59267888460.755,19181915.63805191,1,
3525607,João Ramalho,2019,ok,ok,163248.55,163248.55,163248.55,new_observed,8215014.9,8215014.9,8114980.393717075,new_observed,37092224874.8675,14415795.627995536,4,
3525607,João Ramalho,2020,ok,ok,180383.26,180383.26,180383.26,new_observed,7427338.47,7427338.47,7526644.107148667,new_observed,37158522668.0775,13137021.71994962,1,
3525607,João Ramalho,2021,ok,ok,299897.22,299897.22,299897.22,new_observed,8546283.58,8546283.58,8556379.314587943,new_observed,46897671220.665,12023171.850445254,1,
3525607,João Ramalho,2022,ok,ok,517365.11,517365.11,517365.11,new_observed,10044769.92,10044769.92,10039893.054530691,new_observed,50777650919.455,13413996.006212592,1,
3525607,João Ramalho,2023,ok,ok,617911.34,617911.34,617911.34,new_observed,10602092.55,10602092.55,10504492.211332325,new_observed,48945614200.0975,13727292.518036088,1,
3525607,João Ramalho,2024,ok,ok,604845.11,604845.11,604845.11,new_observed,11266047.03,11266047.03,11378071.145203976,new_observed,55712049158.33,12851358.006527642,1,
3525607,João Ramalho,2025,ok,ok,530294.74,530294.74,530294.74,new_observed,11797831.09,11797831.09,11873318.990102101,new_observed,59267888460.755,12403613.730102101,1,
3525706,José Bonifácio,2019,ok,ok,4491270.38,4491270.38,4491270.38,new_observed,37169348.52,37169348.52,36716736.14213856,new_observed,37092224874.8675,71760059.34350485,1,
3525706,José Bonifácio,2020,ok,ok,4607245.65,4607245.65,4607245.65,new_observed,34132855.61,34132855.61,34589221.64040853,new_observed,37158522668.0775,66812380.13170518,1,
3525706,José Bonifácio,2021,ok,ok,5344476.79,5344476.79,5344476.79,new_observed,38306563.2,38306563.2,38351814.78701128,new_observed,46897671220.665,59321546.792916834,1,
3525706,José Bonifácio,2022,ok,ok,8328339.14,8328339.14,8328339.14,new_observed,40181256.56,40181256.56,40161748.04121942,new_observed,50777650919.455,61611246.561639085,3,
3525706,José Bonifácio,2023,ok,ok,8224115.29,8224115.29,8224115.29,new_observed,40406950.48,40406950.48,40034973.71854681,new_observed,48945614200.0975,59561463.348891616,3,
3525706,José Bonifácio,2024,ok,ok,9835450.47,9835450.47,9835450.47,new_observed,46112856.57,46112856.57,46571380.48198319,new_observed,55712049158.33,60494821.388975896,2,
3525706,José Bonifácio,2025,ok,ok,9600129.21,9600129.21,9600129.21,new_observed,49712595.26,49712595.26,50030679.10068016,new_observed,59267888460.755,59630808.31068016,1,
3525805,Júlio Mesquita,2019,ok,ok,507957.35,507957.35,507957.35,new_observed,3104355.82,3104355.82,3066553.9772084276,new_observed,37092224874.8675,6224691.913371283,3,
3525805,Júlio Mesquita,2020,ok,ok,1079592.77,1079592.77,1079592.77,new_observed,3109876.36,3109876.36,3151456.2953470657,new_observed,37158522668.0775,7212039.197701833,2,
3525805,Júlio Mesquita,2021,ok,ok,956801.94,956801.94,956801.94,new_observed,4047876.11,4047876.11,4052657.87068801,new_observed,46897671220.665,6800780.886479307,4,
3525805,Júlio Mesquita,2022,ok,ok,1072758.28,1072758.28,1072758.28,new_observed,4523173.38,4523173.38,4520977.320932017,new_observed,50777650919.455,7107370.667774782,1,
3525805,Júlio Mesquita,2023,ok,ok,1333018.92,1333018.92,1333018.92,new_observed,4384669.89,4384669.89,4344305.663391738,new_observed,48945614200.0975,7006965.258576704,1,
3525805,Júlio Mesquita,2024,ok,ok,748258.43,748258.43,748258.43,new_observed,4762928.03,4762928.03,4810288.279510779,new_observed,55712049158.33,5961393.056461217,1,
3525805,Júlio Mesquita,2025,ok,ok,1044582.16,1044582.16,1044582.16,new_observed,5441101.42,5441101.42,5475916.066633355,new_observed,59267888460.755,6520498.226633355,1,
3525854,Jumirim,2019,ok,ok,741306.6,741306.6,741306.6,new_observed,4318305.85,4318305.85,4265721.697817462,new_observed,37092224874.8675,8719292.150008675,1,
3525854,Jumirim,2020,ok,ok,783177.27,783177.27,783177.27,new_observed,4477400.19,4477400.19,4537264.309621509,new_observed,37158522668.0775,9068964.369990224,1,
3525854,Jumirim,2021,ok,ok,1025144.12,1025144.12,1025144.12,new_observed,6095941.2,6095941.2,6103142.342326113,new_observed,46897671220.665,9677273.829586543,1,
3525854,Jumirim,2022,ok,ok,1955064.92,1955064.92,1955064.92,new_observed,7011002.22,7011002.22,7007598.287913524,new_observed,50777650919.455,11387912.14558927,1,
3525854,Jumirim,2023,ok,ok,1834345.83,1834345.83,1834345.83,new_observed,7184750.64,7184750.64,7118609.53696777,new_observed,48945614200.0975,11049755.267022824,1,
3525854,Jumirim,2024,ok,ok,1626734.39,1626734.39,1626734.39,new_observed,8244961.61,8244961.61,8326945.514983842,new_observed,55712049158.33,10675056.156365499,1,
3525854,Jumirim,2025,ok,ok,1497231.06,1497231.06,1497231.06,new_observed,9925229.29,9925229.29,9988735.430359054,new_observed,59267888460.755,11485966.490359055,1,
3525904,Jundiaí,2019,ok,ok,304798481.84,304798481.84,304798481.84,new_observed,719603155.38,719603155.38,710840524.1195168,new_observed,37092224874.8675,1768644530.2826755,1,
3525904,Jundiaí,2020,ok,ok,285904223.98,285904223.98,285904223.98,new_observed,690769025.56,690769025.56,700004804.7671645,new_observed,37158522668.0775,1680532286.6444798,1,
3525904,Jundiaí,2021,ok,ok,341231237.55,341231237.55,341231237.55,new_observed,887507605.92,887507605.92,888556019.672045,new_observed,46897671220.665,1669544020.596271,1,
3525904,Jundiaí,2022,ok,ok,440488263.41,440488263.41,440488263.41,new_observed,970177973.39,970177973.39,969706939.4593881,new_observed,50777650919.455,1791786515.4442806,1,
3525904,Jundiaí,2023,ok,ok,496599431.28,496599431.28,496599431.28,new_observed,916398220.86,916398220.86,907962077.1186978,new_observed,48945614200.0975,1733512598.8171258,1,
3525904,Jundiaí,2024,ok,ok,583471990.52,583471990.52,583471990.52,new_observed,1005627868.92,1005627868.92,1015627345.3947775,new_observed,55712049158.33,1714991377.4050317,4,
3525904,Jundiaí,2025,ok,ok,619989463.68,619989463.68,619989463.68,new_observed,1100508484.98,1100508484.98,1107550039.8168125,new_observed,59267888460.755,1727539503.4968123,1,
3526001,Junqueirópolis,2019,ok,ok,3602751.1,3602751.1,3602751.1,new_observed,22217533.66,22217533.66,21946990.022823833,new_observed,37092224874.8675,44492590.00675081,1,
3526001,Junqueirópolis,2020,ok,ok,3334306.35,3334306.35,3334306.35,new_observed,20263320.31,20263320.31,20534246.691268317,new_observed,37158522668.0775,40685167.547668695,1,
3526001,Junqueirópolis,2021,ok,ok,4077792.33,4077792.33,4077792.33,new_observed,22097004.89,22097004.89,22123108.107201915,new_observed,46897671220.665,35570019.45034022,2,
3526001,Junqueirópolis,2022,ok,ok,5594591.45,5594591.45,5594591.45,new_observed,25395238.48,25395238.48,25382908.763877645,new_observed,50777650919.455,39359846.81585897,1,
3526001,Junqueirópolis,2023,ok,ok,5803233.8,5803233.8,5803233.8,new_observed,26817798.45,26817798.45,26570920.18528975,new_observed,48945614200.0975,39956245.04442491,1,
3526001,Junqueirópolis,2024,ok,ok,6852353.73,6852353.73,6852353.73,new_observed,30007783.48,30007783.48,30306166.345314514,new_observed,55712049158.33,39851521.475269005,1,
3526001,Junqueirópolis,2025,ok,ok,5768712.77,5768712.77,5768712.77,new_observed,33298200.8,33298200.8,33511257.864166707,new_observed,59267888460.755,39279970.6341667,1,
3526100,Juquiá,2019,ok,ok,2986074.27,2986074.27,2986074.27,new_observed,9952751.77,9952751.77,9831556.784770153,new_observed,37092224874.8675,22320758.57975093,2,
3526100,Juquiá,2020,ok,ok,2470714.81,2470714.81,2470714.81,new_observed,10432861.69,10432861.69,10572352.03120285,new_observed,37158522668.0775,22232573.49753372,2,
3526100,Juquiá,2021,ok,ok,3529848.26,3529848.26,3529848.26,new_observed,13357728.99,13357728.99,13373508.49056517,new_observed,46897671220.665,22947788.75385294,1,
3526100,Juquiá,2022,ok,ok,3768961.37,3768961.37,3768961.37,new_observed,14279169.78,14279169.78,14272237.058734594,new_observed,50777650919.455,22923050.653757762,1,
3526100,Juquiá,2023,ok,ok,4376655.83,4376655.83,4376655.83,new_observed,13764772.22,13764772.22,13638057.00561948,new_observed,48945614200.0975,22233794.30369125,1,
3526100,Juquiá,2024,ok,ok,5886661.56,5886661.56,5886661.56,new_observed,16349124.07,16349124.07,16511691.841413056,new_observed,55712049158.33,24021636.48546549,2,
3526100,Juquiá,2025,ok,ok,5860852.92,5860852.92,5860852.92,new_observed,21828279.39,21828279.39,21967946.669640046,new_observed,59267888460.755,27828799.589640044,3,
3526209,Juquitiba,2019,ok,ok,4574637.3,4574637.3,4574637.3,new_observed,11672462.01,11672462.01,11530326.056688879,new_observed,37092224874.8675,28045353.894517586,1,
3526209,Juquitiba,2020,ok,ok,3782712.18,3782712.18,3782712.18,new_observed,12060999.51,12060999.51,12222258.518974492,new_observed,37158522668.0775,27281289.87783434,1,
3526209,Juquitiba,2021,ok,ok,5603327.1,5603327.1,5603327.1,new_observed,15229280.38,15229280.38,15247270.74636716,new_observed,46897671220.665,28306514.607163846,1,
3526209,Juquitiba,2022,ok,ok,6657562.71,6657562.71,6657562.71,new_observed,15488789.7,15488789.7,15481269.692647822,new_observed,50777650919.455,28129482.5610177,1,
3526209,Juquitiba,2023,ok,ok,6788083.74,6788083.74,6788083.74,new_observed,14394271.55,14394271.55,14261761.314730035,new_observed,48945614200.0975,25979760.50698152,2,
3526209,Juquitiba,2024,ok,ok,8034340.24,8034340.24,8034340.24,new_observed,17434244.53,17434244.53,17607602.213713046,new_observed,55712049158.33,27500299.21241712,1,
3526209,Juquitiba,2025,ok,ok,8674323.16,8674323.16,8674323.16,new_observed,23282321.02,23282321.02,23431291.920659233,new_observed,59267888460.755,32105615.080659233,1,
3526308,Lagoinha,2019,ok,ok,155141.28,155141.28,155141.28,new_observed,3922935.23,3922935.23,3875165.5188442785,new_observed,37092224874.8675,7018418.978899615,1,
3526308,Lagoinha,2020,ok,ok,378396.95,378396.95,378396.95,new_observed,3831220.58,3831220.58,3882445.0936384615,new_observed,37158522668.0775,7262822.850629336,1,
3526308,Lagoinha,2021,ok,ok,373003.95,373003.95,373003.95,new_observed,4909512.86,4909512.86,4915312.473168307,new_observed,46897671220.665,7179353.186067018,1,
3526308,Lagoinha,2022,ok,ok,932838.32,932838.32,932838.32,new_observed,5461411.94,5461411.94,5458760.353998928,new_observed,50777650919.455,8121131.239774569,1,
3526308,Lagoinha,2023,ok,ok,1869735.99,1869735.99,1869735.99,new_observed,5491970.31,5491970.31,5441412.539476782,new_observed,48945614200.0975,9023434.012598386,1,
3526308,Lagoinha,2024,ok,ok,1084676.73,1084676.73,1084676.73,new_observed,5975992.97,5975992.97,6035415.349752788,new_observed,55712049158.33,7636108.807537307,1,
3526308,Lagoinha,2025,ok,ok,867149.46,867149.46,867149.46,new_observed,7110035.27,7110035.27,7155528.516011896,new_observed,59267888460.755,8022677.976011896,1,
3526407,Laranjal Paulista,2019,ok,ok,5387444.63,5387444.63,5387444.63,new_observed,23979485.0,23979485.0,23687486.02348033,new_observed,37092224874.8675,50631392.42081827,1,
3526407,Laranjal Paulista,2020,ok,ok,5560820.8,5560820.8,5560820.8,new_observed,24343720.7,24343720.7,24669203.20015092,new_observed,37158522668.0775,51528619.65657015,1,
3526407,Laranjal Paulista,2021,ok,partial,,,6559535.02307092,imputed_temporal,33472528.39,33472528.39,33512069.526149943,new_observed,46897671220.665,54400716.36615651,1,
3526407,Laranjal Paulista,2022,ok,ok,7130037.71,7130037.71,7130037.71,new_observed,39328667.46,39328667.46,39309572.88423399,new_observed,50777650919.455,59005921.92904991,1,
3526407,Laranjal Paulista,2023,ok,ok,8591927.43,8591927.43,8591927.43,new_observed,37826013.93,37826013.93,37477796.655664265,new_observed,48945614200.0975,56859344.81970589,1,
3526407,Laranjal Paulista,2024,ok,ok,9404154.6,9404154.6,9404154.6,new_observed,39473331.26,39473331.26,39865834.948008746,new_observed,55712049158.33,52840749.37804505,1,
3526407,Laranjal Paulista,2025,ok,ok,11442873.98,11442873.98,11442873.98,new_observed,43283349.42,43283349.42,43560296.015706964,new_observed,59267888460.755,55003169.99570696,1,
3526506,Lavínia,2019,ok,ok,898781.91,898781.91,898781.91,new_observed,9684902.1,9684902.1,9566968.72900003,new_observed,37092224874.8675,18225169.09488176,1,
3526506,Lavínia,2020,ok,ok,795705.84,795705.84,795705.84,new_observed,9104709.86,9104709.86,9226442.431816004,new_observed,37158522668.0775,17083263.527596954,1,
3526506,Lavínia,2021,ok,ok,888924.03,888924.03,888924.03,new_observed,11055318.2,11055318.2,11068377.860060152,new_observed,46897671220.665,16233085.646137852,1,
3526506,Lavínia,2022,ok,ok,1290300.48,1290300.48,1290300.48,new_observed,11497386.4,11497386.4,11491804.270477071,new_observed,50777650919.455,16240874.230957335,1,
3526506,Lavínia,2023,ok,ok,1220788.36,1220788.36,1220788.36,new_observed,11572585.28,11572585.28,11466050.81642483,new_observed,48945614200.0975,15658122.068696382,1,
3526506,Lavínia,2024,ok,ok,1344400.63,1344400.63,1344400.63,new_observed,13217609.67,13217609.67,13349039.17889965,new_observed,55712049158.33,15758322.207211334,1,
3526506,Lavínia,2025,ok,ok,2492158.9,2492158.9,2492158.9,new_observed,5874629.66,5874629.66,5912218.21789068,new_observed,59267888460.755,8404377.11789068,1,
3526605,Lavrinhas,2019,ok,ok,2285317.5,2285317.5,2285317.5,new_observed,4992686.97,4992686.97,4931890.856767248,new_observed,37092224874.8675,12568123.13155252,1,
3526605,Lavrinhas,2020,ok,ok,2985048.61,2985048.61,2985048.61,new_observed,5080192.28,5080192.28,5148115.902067427,new_observed,37158522668.0775,13863394.244891902,1,
3526605,Lavrinhas,2021,ok,ok,2623615.94,2623615.94,2623615.94,new_observed,6711316.29,6711316.29,6719244.375625212,new_observed,46897671220.665,12683751.993375793,1,
3526605,Lavrinhas,2022,ok,ok,2600399.22,2600399.22,2600399.22,new_observed,7376428.85,7376428.85,7372847.498567177,new_observed,50777650919.455,12671954.172845598,1,
3526605,Lavrinhas,2023,ok,ok,2720899.45,2720899.45,2720899.45,new_observed,7167474.34,7167474.34,7101492.2784704715,new_observed,48945614200.0975,12122815.348423563,1,
3526605,Lavrinhas,2024,ok,ok,3248303.18,3248303.18,3248303.18,new_observed,8232880.15,8232880.15,8314743.922796992,new_observed,55712049158.33,12401059.541733138,1,
3526605,Lavrinhas,2025,ok,ok,3017821.49,3017821.49,3017821.49,new_observed,10688628.52,10688628.52,10757019.236547055,new_observed,59267888460.755,13774840.726547055,1,
3526704,Leme,2019,ok,ok,24128164.43,24128164.43,24128164.43,new_observed,57572585.69,57572585.69,56871522.42291687,new_observed,37092224874.8675,141053713.2449709,2,
3526704,Leme,2020,ok,ok,23653092.81,23653092.81,23653092.81,new_observed,58774072.58,58774072.58,59559898.72067659,new_observed,37158522668.0775,141840793.47896716,1,
3526704,Leme,2021,ok,ok,27778830.08,27778830.08,27778830.08,new_observed,76601713.41,76601713.41,76692203.1018444,new_observed,46897671220.665,141828586.814484,1,
3526704,Leme,2022,ok,ok,31640435.28,31640435.28,31640435.28,new_observed,89877728.8,89877728.8,89834092.00238936,new_observed,50777650919.455,154344887.5103803,1,
3526704,Leme,2023,ok,ok,36064294.9,36064294.9,36064294.9,new_observed,85984158.94,85984158.94,85192609.25365067,new_observed,48945614200.0975,149655511.5507599,1,
3526704,Leme,2024,ok,ok,40498068.61,40498068.61,40498068.61,new_observed,87916289.36,87916289.36,88790486.36107278,new_observed,55712049158.33,138658526.07943493,1,
3526704,Leme,2025,ok,ok,51064972.87,51064972.87,51064972.87,new_observed,98342791.75,98342791.75,98972033.75073335,new_observed,59267888460.755,150037006.62073335,4,
3526803,Lençóis Paulista,2019,ok,ok,15040094.85,15040094.85,15040094.85,new_observed,66344066.23,66344066.23,65536192.35625696,new_observed,37092224874.8675,140316400.61243644,3,
3526803,Lençóis Paulista,2020,ok,ok,21268555.78,21268555.78,21268555.78,new_observed,64783713.59,64783713.59,65649890.34778437,new_observed,37158522668.0775,148156930.06516713,2,
3526803,Lençóis Paulista,2021,ok,ok,37440047.1,37440047.1,37440047.1,new_observed,81728421.18,81728421.18,81824967.05760881,new_observed,46897671220.665,161912713.0191214,1,
3526803,Lençóis Paulista,2022,ok,ok,38562426.37,38562426.37,38562426.37,new_observed,90854385.65,90854385.65,90810274.67288052,new_observed,50777650919.455,164380265.03250524,5,
3526803,Lençóis Paulista,2023,ok,ok,38399042.8,38399042.8,38399042.8,new_observed,99531320.78,99531320.78,98615059.14859506,new_observed,48945614200.0975,169103076.31474873,1,
3526803,Lençóis Paulista,2024,ok,ok,45551220.64,45551220.64,45551220.64,new_observed,139355283.35,139355283.35,140740964.7939628,new_observed,55712049158.33,199793399.02259353,1,
3526803,Lençóis Paulista,2025,ok,ok,49251864.49,49251864.49,49251864.49,new_observed,164885860.7,164885860.7,165940875.582466,new_observed,59267888460.755,215192740.07246602,1,
3526902,Limeira,2019,ok,ok,102371310.66,102371310.66,102371310.66,new_observed,257807391.04,257807391.04,254668061.97088587,new_observed,37092224874.8675,621752147.9520104,1,
3526902,Limeira,2020,ok,ok,102725641.12,102725641.12,102725641.12,new_observed,264170431.08,264170431.08,267702465.21042216,new_observed,37158522668.0775,631413623.7903271,1,
3526902,Limeira,2021,ok,ok,122099731.38,122099731.38,122099731.38,new_observed,344852373.22,344852373.22,345259747.72371984,new_observed,46897671220.665,634481467.606978,1,
3526902,Limeira,2022,ok,ok,146790971.98,146790971.98,146790971.98,new_observed,372470699.69,372470699.69,372289860.3568829,new_observed,50777650919.455,659541341.4499923,1,
3526902,Limeira,2023,ok,ok,171084445.74,171084445.74,171084445.74,new_observed,333033294.63,333033294.63,329967469.44594234,new_observed,48945614200.0975,618399267.2748985,1,
3526902,Limeira,2024,ok,ok,208476737.77,208476737.77,208476737.77,new_observed,374641198.28,374641198.28,378366448.90646344,new_observed,55712049158.33,629373662.0578917,1,
3526902,Limeira,2025,ok,ok,221514385.26,221514385.26,221514385.26,new_observed,416446393.48,416446393.48,419111007.29834366,new_observed,59267888460.755,640625392.5583436,1,
3527009,Lindóia,2019,ok,ok,1054630.61,1054630.61,1054630.61,new_observed,4643086.42,4643086.42,4586547.404148226,new_observed,37092224874.8675,9823607.187721418,1,
3527009,Lindóia,2020,ok,ok,888469.47,888469.47,888469.47,new_observed,4807665.52,4807665.52,4871945.3814321505,new_observed,37158522668.0775,9818921.279785404,1,
3527009,Lindóia,2021,ok,ok,1171845.78,1171845.78,1171845.78,new_observed,6012512.57,6012512.57,6019615.157989877,new_observed,46897671220.665,9763038.718984561,1,
3527009,Lindóia,2022,ok,ok,1951733.57,1951733.57,1951733.57,new_observed,6297491.68,6297491.68,6294434.16649177,new_observed,50777650919.455,10477536.81495549,1,
3527009,Lindóia,2023,ok,ok,2343538.6,2343538.6,2343538.6,new_observed,6107442.09,6107442.09,6051218.432871369,new_observed,48945614200.0975,10360825.776211113,1,
3527009,Lindóia,2024,ok,ok,1656213.48,1656213.48,1656213.48,new_observed,6972130.68,6972130.68,7041458.170683615,new_observed,55712049158.33,9328020.811095845,1,
3527009,Lindóia,2025,ok,ok,2146922.55,2146922.55,2146922.55,new_observed,9212632.08,9212632.08,9271578.69864772,new_observed,59267888460.755,11418501.24864772,1,
3527108,Lins,2019,ok,ok,15509388.39,15509388.39,15509388.39,new_observed,66395392.67,66395392.67,65586893.79251112,new_observed,37092224874.8675,141221925.37579224,1,
3527108,Lins,2020,ok,ok,14090988.21,14090988.21,14090988.21,new_observed,67064379.29,67064379.29,67961049.1997225,new_observed,37158522668.0775,139861887.89367646,1,
3527108,Lins,2021,ok,ok,17749932.5,17749932.5,17749932.5,new_observed,90045051.7,90045051.7,90151422.02277377,new_observed,46897671220.665,146485548.7807425,1,
3527108,Lins,2022,ok,ok,22155492.18,22155492.18,22155492.18,new_observed,104222425.7,104222425.7,104171824.36686127,new_observed,50777650919.455,160510815.70860496,1,
3527108,Lins,2023,ok,ok,25919189.71,25919189.71,25919189.71,new_observed,94309352.49,94309352.49,93441163.05483484,new_observed,48945614200.0975,147314784.065949,1,
3527108,Lins,2024,ok,ok,25863115.26,25863115.26,25863115.26,new_observed,98980013.74,98980013.74,99964223.05783568,new_observed,55712049158.33,134946463.55629182,1,
3527108,Lins,2025,ok,ok,31105657.63,31105657.63,31105657.63,new_observed,107108488.86,107108488.86,107793817.78575519,new_observed,59267888460.755,138899475.41575518,3,
3527207,Lorena,2019,ok,ok,17209819.29,17209819.29,17209819.29,new_observed,44526081.81,44526081.81,43983886.24921331,new_observed,37092224874.8675,106563367.45102552,1,
3527207,Lorena,2020,ok,ok,20562491.42,20562491.42,20562491.42,new_observed,43909630.22,43909630.22,44496714.51992412,new_observed,37158522668.0775,110896738.88515878,1,
3527207,Lorena,2021,ok,ok,21352564.32,21352564.32,21352564.32,new_observed,55524951.39,55524951.39,55590543.07871411,new_observed,46897671220.665,104457014.11299117,1,
3527207,Lorena,2022,ok,ok,24648617.66,24648617.66,24648617.66,new_observed,61378990.75,61378990.75,61349190.45761762,new_observed,50777650919.455,109268357.05395864,3,
3527207,Lorena,2023,ok,ok,28266779.92,28266779.92,28266779.92,new_observed,55106795.75,55106795.75,54599495.71439615,new_observed,48945614200.0975,102273721.70624942,2,
3527207,Lorena,2024,ok,ok,31232004.08,31232004.08,31232004.08,new_observed,57890020.49,57890020.49,58465650.815993086,new_observed,55712049158.33,96198341.94483002,1,
3527207,Lorena,2025,ok,ok,33571349.51,33571349.51,33571349.51,new_observed,68556326.94,68556326.94,68994981.56388253,new_observed,59267888460.755,102566331.07388252,3,
3527256,Lourdes,2019,ok,ok,253874.95,253874.95,253874.95,new_observed,3174916.61,3174916.61,3136255.5461508264,new_observed,37092224874.8675,5903609.179815854,1,
3527256,Lourdes,2020,ok,ok,188621.06,188621.06,188621.06,new_observed,3397470.49,3397470.49,3442895.6410236135,new_observed,37158522668.0775,6190105.666558319,1,
3527256,Lourdes,2021,ok,ok,149146.58,149146.58,149146.58,new_observed,3959882.43,3959882.43,3964560.243652977,new_observed,46897671220.665,5584717.673388487,1,
3527256,Lourdes,2022,ok,ok,388072.17,388072.17,388072.17,new_observed,4509032.16,4509032.16,4506842.966676884,new_observed,50777650919.455,6219453.107127094,1,
3527256,Lourdes,2023,ok,ok,420361.38,420361.38,420361.38,new_observed,4615773.75,4615773.75,4573282.036303975,new_observed,48945614200.0975,6163164.606462996,1,
3527256,Lourdes,2024,ok,ok,341116.15,341116.15,341116.15,new_observed,5441724.79,5441724.79,5495834.665731923,new_observed,55712049158.33,6259974.033189771,1,
3527256,Lourdes,2025,ok,ok,382455.77,382455.77,382455.77,new_observed,6472117.72,6472117.72,6513529.278800033,new_observed,59267888460.755,6895985.048800033,1,
3527306,Louveira,2019,ok,ok,28538633.8,28538633.8,28538633.8,new_observed,290227164.2,290227164.2,286693058.4881965,new_observed,37092224874.8675,548947810.2611326,4,
3527306,Louveira,2020,ok,ok,29859066.07,29859066.07,29859066.07,new_observed,263561271.57,263561271.57,267085161.06375182,new_observed,37158522668.0775,506156599.11857456,1,
3527306,Louveira,2021,ok,ok,40378607.91,40378607.91,40378607.91,new_observed,328118235.93,328118235.93,328505842.3781602,new_observed,46897671220.665,500792982.4063397,1,
3527306,Louveira,2022,ok,ok,41317722.49,41317722.49,41317722.49,new_observed,357602452.59,357602452.59,357428831.9827919,new_observed,50777650919.455,506645248.7786478,1,
3527306,Louveira,2023,ok,ok,37151299.99,37151299.99,37151299.99,new_observed,302866607.38,302866607.38,300078489.5332625,new_observed,48945614200.0975,416209674.93370974,1,
3527306,Louveira,2024,ok,ok,47712310.09,47712310.09,47712310.09,new_observed,286548831.23,286548831.23,289398134.02412075,new_observed,55712049158.33,361541957.96608686,1,
3527306,Louveira,2025,ok,ok,46594622.24,46594622.24,46594622.24,new_observed,298165257.28,298165257.28,300073054.4830425,new_observed,59267888460.755,346667676.7230425,1,
3527405,Lucélia,2019,ok,ok,2740387.97,2740387.97,2740387.97,new_observed,12569560.32,12569560.32,12416500.371100252,new_observed,37092224874.8675,26394366.0132139,1,
3527405,Lucélia,2020,ok,ok,2015079.93,2015079.93,2015079.93,new_observed,12345134.15,12345134.15,12510192.12028145,new_observed,37158522668.0775,24759067.967773534,1,
3527405,Lucélia,2021,ok,ok,2215831.57,2215831.57,2215831.57,new_observed,15007240.05,15007240.05,15024968.119870853,new_observed,46897671220.665,23405897.12853462,1,
3527405,Lucélia,2022,ok,ok,3471249.57,3471249.57,3471249.57,new_observed,16799188.34,16799188.34,16791032.11719149,new_observed,50777650919.455,25745147.214634173,1,
3527405,Lucélia,2023,ok,ok,3082630.93,3082630.93,3082630.93,new_observed,18661370.54,18661370.54,18489578.407822568,new_observed,48945614200.0975,26624463.540987734,1,
3527405,Lucélia,2024,ok,ok,3338977.17,3338977.17,3338977.17,new_observed,19427321.67,19427321.67,19620497.547490086,new_observed,55712049158.33,24623424.12750698,1,
3527405,Lucélia,2025,ok,ok,3828101.89,3828101.89,3828101.89,new_observed,19789708.54,19789708.54,19916332.114275735,new_observed,59267888460.755,23744434.004275735,1,
3527504,Lucianópolis,2019,ok,ok,152591.22,152591.22,152591.22,new_observed,4675783.16,4675783.16,4618845.994871228,new_observed,37092224874.8675,8309031.341009343,1,
3527504,Lucianópolis,2020,ok,ok,128875.82,128875.82,128875.82,new_observed,4837132.95,4837132.95,4901806.799389357,new_observed,37158522668.0775,8575055.425233474,1,
3527504,Lucianópolis,2021,ok,ok,113015.15,113015.15,113015.15,new_observed,6197709.77,6197709.77,6205031.131654491,new_observed,46897671220.665,8577301.748282965,1,
3527504,Lucianópolis,2022,ok,ok,256142.6,256142.6,256142.6,new_observed,6145114.05,6145114.05,6142130.517798258,new_observed,50777650919.455,8129611.752524432,1,
3527504,Lucianópolis,2023,ok,ok,473317.5,473317.5,473317.5,new_observed,5576101.53,5576101.53,5524769.267504957,new_observed,48945614200.0975,7402850.582259178,1,
3527504,Lucianópolis,2024,ok,ok,448947.44,448947.44,448947.44,new_observed,6548702.21,6548702.21,6613819.3330562115,new_observed,55712049158.33,7574628.945415116,1,
3527504,Lucianópolis,2025,ok,ok,331290.32,331290.32,331290.32,new_observed,7972010.82,7972010.82,8023019.378420804,new_observed,59267888460.755,8354309.698420804,1,
3527603,Luís Antônio,2019,ok,ok,4291224.81,4291224.81,4291224.81,new_observed,39147685.38,39147685.38,38670982.72921021,new_observed,37092224874.8675,74814843.58835468,1,
3527603,Luís Antônio,2020,ok,ok,5742625.21,5742625.21,5742625.21,new_observed,40906488.11,40906488.11,41453419.54199086,new_observed,37158522668.0775,80448068.4271921,1,
3527603,Luís Antônio,2021,ok,ok,5909539.1,5909539.1,5909539.1,new_observed,54687404.0,54687404.0,54752006.29302239,new_observed,46897671220.665,82353366.23980294,1,
3527603,Luís Antônio,2022,ok,ok,6561488.28,6561488.28,6561488.28,new_observed,55899406.68,55899406.68,55872266.796422414,new_observed,50777650919.455,79327996.73893498,1,
3527603,Luís Antônio,2023,ok,ok,8306392.89,8306392.89,8306392.89,new_observed,53032426.37,53032426.37,52544222.48480749,new_observed,48945614200.0975,75101950.15828449,1,
3527603,Luís Antônio,2024,ok,ok,9442409.54,9442409.54,9442409.54,new_observed,57058391.9,57058391.9,57625752.91407516,new_observed,55712049158.33,71928815.00469133,1,
3527603,Luís Antônio,2025,ok,ok,9562999.38,9562999.38,9562999.38,new_observed,63921057.29,63921057.29,64330053.34616647,new_observed,59267888460.755,73893052.72616647,1,
3527702,Luiziânia,2019,ok,ok,204127.83,204127.83,204127.83,new_observed,3937122.02,3937122.02,3889179.555836443,new_observed,37092224874.8675,7128128.86886492,1,
3527702,Luiziânia,2020,ok,ok,278904.2,278904.2,278904.2,new_observed,3661749.82,3661749.82,3710708.4611637057,new_observed,37158522668.0775,6800498.517404914,1,
3527702,Luiziânia,2021,ok,ok,406872.11,406872.11,406872.11,new_observed,4678402.85,4678402.85,4683929.452648618,new_observed,46897671220.665,6911209.446226645,1,
3527702,Luiziânia,2022,ok,ok,848330.58,848330.58,848330.58,new_observed,5566583.53,5566583.53,5563880.8818342695,new_observed,50777650919.455,8147321.738234589,1,
3527702,Luiziânia,2023,ok,ok,633000.8,633000.8,633000.8,new_observed,6226289.28,6226289.28,6168971.543948837,new_observed,48945614200.0975,8395007.754757503,1,
3527702,Luiziânia,2024,ok,ok,474878.28,474878.28,474878.28,new_observed,7539165.66,7539165.66,7614131.471893802,new_observed,55712049158.33,8675247.162370414,1,
3527702,Luiziânia,2025,ok,ok,513677.51,513677.51,513677.51,new_observed,8368678.83,8368678.83,8422225.451127768,new_observed,59267888460.755,8935902.961127767,1,
3527801,Lupércio,2019,ok,ok,199675.47,199675.47,199675.47,new_observed,3690178.5,3690178.5,3645243.0751910484,new_observed,37092224874.8675,6695581.908957944,1,
3527801,Lupércio,2020,ok,ok,256209.46,256209.46,256209.46,new_observed,3628281.38,3628281.38,3676792.53855981,new_observed,37158522668.0775,6704002.752075451,1,
3527801,Lupércio,2021,ok,ok,320677.94,320677.94,320677.94,new_observed,4730946.66,4730946.66,4736535.332711592,new_observed,46897671220.665,6865610.397857022,1,
3527801,Lupércio,2022,ok,ok,315307.15,315307.15,315307.15,new_observed,5151030.43,5151030.43,5148529.5382289095,new_observed,50777650919.455,6942321.801008882,1,
3527801,Lupércio,2023,ok,ok,784549.64,784549.64,784549.64,new_observed,4560529.25,4560529.25,4518546.104012104,new_observed,48945614200.0975,6545091.28294362,1,
3527801,Lupércio,2024,ok,ok,558890.4,558890.4,558890.4,new_observed,5221955.11,5221955.11,5273879.702474619,new_observed,55712049158.33,6255490.329753313,1,
3527801,Lupércio,2025,ok,ok,1893660.69,1893660.69,1893660.69,new_observed,6118841.69,6118841.69,6157992.8277567355,new_observed,59267888460.755,8051653.517756736,1,
3527900,Lutécia,2019,ok,ok,51212.15,51212.15,51212.15,new_observed,6896263.44,6896263.44,6812287.413563653,new_observed,37092224874.8675,11952170.889917798,1,
3527900,Lutécia,2020,ok,ok,89714.2,89714.2,89714.2,new_observed,7151966.2,7151966.2,7247590.031231799,new_observed,37158522668.0775,12506809.754229726,1,
3527900,Lutécia,2021,ok,ok,84474.25,84474.25,84474.25,new_observed,9760743.8,9760743.8,9772274.17783772,new_observed,46897671220.665,13381400.159724448,1,
3527900,Lutécia,2022,ok,ok,159024.91,159024.91,159024.91,new_observed,11258870.42,11258870.42,11253404.093064489,new_observed,50777650919.455,14500571.51984945,1,
3527900,Lutécia,2023,ok,ok,490162.6,490162.6,490162.6,new_observed,11063096.21,11063096.21,10961251.98144636,new_observed,48945614200.0975,14133358.583809678,1,
3527900,Lutécia,2024,ok,ok,469899.18,469899.18,469899.18,new_observed,11588746.46,11588746.46,11703979.342043519,new_observed,55712049158.33,13056159.943270482,1,
3527900,Lutécia,2025,ok,ok,252141.05,252141.05,252141.05,new_observed,12431621.5,12431621.5,12511164.679991325,new_observed,59267888460.755,12763305.729991326,1,
3528007,Macatuba,2019,ok,ok,2352605.35,2352605.35,2352605.35,new_observed,19210912.06,19210912.06,18976980.152808104,new_observed,37092224874.8675,37143566.27835333,6,
3528007,Macatuba,2020,ok,ok,10183306.05,10183306.05,10183306.05,new_observed,18267863.89,18267863.89,18512110.448880948,new_observed,37158522668.0775,48912802.80327672,1,
3528007,Macatuba,2021,ok,ok,8887534.83,8887534.83,8887534.83,new_observed,23722100.19,23722100.19,23750123.134142328,new_observed,46897671220.665,44308482.12184851,1,
3528007,Macatuba,2022,ok,ok,4237888.83,4237888.83,4237888.83,new_observed,28268060.67,28268060.67,28254336.16161765,new_observed,50777650919.455,41284448.05251149,1,
3528007,Macatuba,2023,ok,ok,6280434.37,6280434.37,6280434.37,new_observed,31298031.76,31298031.76,31009909.534599543,new_observed,48945614200.0975,46023816.39131258,1,
3528007,Macatuba,2024,ok,ok,4470723.72,4470723.72,4470723.72,new_observed,31639606.51,31639606.51,31954215.43318721,new_observed,55712049158.33,39064775.506571904,1,
3528007,Macatuba,2025,ok,ok,4477589.09,4477589.09,4477589.09,new_observed,29954636.65,29954636.65,30146300.0669264,new_observed,59267888460.755,34623889.1569264,1,
3528106,Macaubal,2019,ok,ok,1508732.72,1508732.72,1508732.72,new_observed,6528656.23,6528656.23,6449156.56863493,new_observed,37092224874.8675,13857952.757182973,1,
3528106,Macaubal,2020,ok,ok,1736880.69,1736880.69,1736880.69,new_observed,6142965.36,6142965.36,6225098.561754705,new_observed,37158522668.0775,13571600.226818312,1,
3528106,Macaubal,2021,ok,ok,1544067.23,1544067.23,1544067.23,new_observed,7498400.86,7498400.86,7507258.72952983,new_observed,46897671220.665,12287968.545337068,1,
3528106,Macaubal,2022,ok,ok,2292341.29,2292341.29,2292341.29,new_observed,8328195.62,8328195.62,8324152.17351349,new_observed,50777650919.455,13489260.06167082,1,
3528106,Macaubal,2023,ok,ok,2597034.05,2597034.05,2597034.05,new_observed,10244611.19,10244611.19,10150301.739582812,new_observed,48945614200.0975,15732787.108616697,1,
3528106,Macaubal,2024,ok,ok,2890326.7,2890326.7,2890326.7,new_observed,11749453.78,11749453.78,11866284.657798538,new_observed,55712049158.33,15826072.00813095,1,
3528106,Macaubal,2025,ok,ok,2492909.27,2492909.27,2492909.27,new_observed,10702837.04,10702837.04,10771318.669133458,new_observed,59267888460.755,13264227.939133458,1,
3528205,Macedônia,2019,ok,ok,253647.34,253647.34,253647.34,new_observed,6260367.72,6260367.72,6184135.016633904,new_observed,37092224874.8675,11210822.433364395,1,
3528205,Macedônia,2020,ok,ok,199284.86,199284.86,199284.86,new_observed,6043739.85,6043739.85,6124546.378339759,new_observed,37158522668.0775,10779293.283098938,1,
3528205,Macedônia,2021,ok,ok,187198.89,187198.89,187198.89,new_observed,7220254.09,7220254.09,7228783.384431644,new_observed,46897671220.665,10067846.117623068,1,
3528205,Macedônia,2022,ok,ok,316036.38,316036.38,316036.38,new_observed,8375562.75,8375562.75,8371496.3061603885,new_observed,50777650919.455,11038332.76972603,1,
3528205,Macedônia,2023,ok,ok,1071731.33,1071731.33,1071731.33,new_observed,8361721.76,8361721.76,8284745.741183708,new_observed,48945614200.0975,11547782.554522661,1,
3528205,Macedônia,2024,ok,ok,876857.77,876857.77,876857.77,new_observed,9066286.9,9066286.9,9156437.665876744,new_observed,55712049158.33,10760441.689285342,2,
3528205,Macedônia,2025,ok,ok,1585596.14,1585596.14,1585596.14,new_observed,11022597.69,11022597.69,11093125.293501092,new_observed,59267888460.755,12678721.433501093,2,
3528304,Magda,2019,ok,ok,269855.24,269855.24,269855.24,new_observed,5982232.75,5982232.75,5909386.90529973,new_observed,37092224874.8675,10760597.768940134,1,
3528304,Magda,2020,ok,ok,850189.89,850189.89,850189.89,new_observed,5805195.56,5805195.56,5882812.683036324,new_observed,37158522668.0775,11476746.71812913,1,
3528304,Magda,2021,ok,ok,363727.78,363727.78,363727.78,new_observed,7134638.0,7134638.0,7143066.156046404,new_observed,46897671220.665,10191130.909979604,1,
3528304,Magda,2022,ok,ok,927215.32,927215.32,927215.32,new_observed,8016956.69,8016956.69,8013064.35403195,new_observed,50777650919.455,11359471.746632172,2,
3528304,Magda,2023,ok,ok,436029.51,436029.51,436029.51,new_observed,7873851.33,7873851.33,7801366.530154811,new_observed,48945614200.0975,10166610.526964022,1,
3528304,Magda,2024,ok,ok,407937.65,407937.65,407937.65,new_observed,8737446.53,8737446.53,8824327.46650407,new_observed,55712049158.33,9901358.041440373,1,
3528304,Magda,2025,ok,ok,473699.04,473699.04,473699.04,new_observed,9816863.18,9816863.18,9879675.944600092,new_observed,59267888460.755,10353374.984600091,1,
3528403,Mairinque,2019,ok,ok,13328617.78,13328617.78,13328617.78,new_observed,34093639.94,34093639.94,33678480.56654765,new_observed,37092224874.8675,81858659.31422803,1,
3528403,Mairinque,2020,ok,ok,13451005.67,13451005.67,13451005.67,new_observed,30694823.48,30694823.48,31105222.038670674,new_observed,37158522668.0775,75948365.47004268,1,
3528403,Mairinque,2021,ok,ok,15907205.14,15907205.14,15907205.14,new_observed,38000294.01,38000294.01,38045183.80086612,new_observed,46897671220.665,73245098.14533207,1,
3528403,Mairinque,2022,ok,ok,21972315.4,21972315.4,21972315.4,new_observed,41582416.2,41582416.2,41562227.400125906,new_observed,50777650919.455,80726651.75895295,1,
3528403,Mairinque,2023,ok,ok,21618310.21,21618310.21,21618310.21,new_observed,36903851.54,36903851.54,36564123.47297368,new_observed,48945614200.0975,71808875.0233975,1,
3528403,Mairinque,2024,ok,ok,23407667.9,23407667.9,23407667.9,new_observed,39896494.14,39896494.14,40293205.55473782,new_observed,55712049158.33,68317487.38457772,1,
3528403,Mairinque,2025,ok,ok,21674301.03,21674301.03,21674301.03,new_observed,47931431.88,47931431.88,48238119.02562077,new_observed,59267888460.755,69912420.05562077,1,
3528502,Mairiporã,2019,ok,ok,15610544.57,15610544.57,15610544.57,new_observed,35464646.37,35464646.37,35032792.20621491,new_observed,37092224874.8675,88190843.45809993,1,
3528502,Mairiporã,2020,ok,ok,14415455.2,14415455.2,14415455.2,new_observed,34586569.76,34586569.76,35049002.07820882,new_observed,37158522668.0775,84314693.41852857,1,
3528502,Mairiporã,2021,ok,ok,17373758.51,17373758.51,17373758.51,new_observed,44950969.41,44950969.41,45004070.0416823,new_observed,46897671220.665,84683371.09906892,1,
3528502,Mairiporã,2022,ok,ok,23595461.26,23595461.26,23595461.26,new_observed,52067405.78,52067405.78,52042126.382328644,new_observed,50777650919.455,96104716.0864664,2,
3528502,Mairiporã,2023,ok,ok,29607228.69,29607228.69,29607228.69,new_observed,49328931.72,49328931.72,48874821.324407704,new_observed,48945614200.0975,96862701.75243375,4,
3528502,Mairiporã,2024,ok,ok,28704443.81,28704443.81,28704443.81,new_observed,56768999.28,56768999.28,57333482.71402283,new_observed,55712049158.33,92273380.89919049,1,
3528502,Mairiporã,2025,ok,ok,30716129.84,30716129.84,30716129.84,new_observed,69906606.02,69906606.02,70353900.34481768,new_observed,59267888460.755,101070030.18481769,1,
3528601,Manduri,2019,ok,ok,1116996.14,1116996.14,1116996.14,new_observed,7416569.47,7416569.47,7326257.659945404,new_observed,37092224874.8675,14703171.661818871,1,
3528601,Manduri,2020,ok,ok,745997.57,745997.57,745997.57,new_observed,7111283.73,7111283.73,7206363.624985936,new_observed,37158522668.0775,13555205.757893289,1,
3528601,Manduri,2021,ok,ok,1034997.49,1034997.49,1034997.49,new_observed,9462945.2,9462945.2,9474123.788010232,new_observed,46897671220.665,14267053.499201367,1,
3528601,Manduri,2022,ok,ok,1333248.62,1333248.62,1333248.62,new_observed,10883208.97,10883208.97,10877925.031548074,new_observed,50777650919.455,15515452.21687925,1,
3528601,Manduri,2023,ok,ok,1689505.28,1689505.28,1689505.28,new_observed,11357215.29,11357215.29,11252663.471253077,new_observed,48945614200.0975,15973250.336250858,1,
3528601,Manduri,2024,ok,ok,1904842.46,1904842.46,1904842.46,new_observed,12977212.03,12977212.03,13106251.141198805,new_observed,55712049158.33,16098997.425165456,1,
3528601,Manduri,2025,ok,ok,2205308.52,2205308.52,2205308.52,new_observed,15003228.74,15003228.74,15099226.23510688,new_observed,59267888460.755,17304534.75510688,1,
3528700,Marabá Paulista,2019,ok,ok,122004.42,122004.42,122004.42,new_observed,9623348.54,9623348.54,9506164.708722051,new_observed,37092224874.8675,16766595.774906201,1,
3528700,Marabá Paulista,2020,ok,ok,139740.73,139740.73,139740.73,new_observed,9434522.03,9434522.03,9560664.28474799,new_observed,37158522668.0775,16534835.715550195,1,
3528700,Marabá Paulista,2021,ok,ok,260104.18,260104.18,260104.18,new_observed,12113522.53,12113522.53,12127832.248047987,new_observed,46897671220.665,16817709.78640085,1,
3528700,Marabá Paulista,2022,ok,ok,1656779.23,1656779.23,1656779.23,new_observed,13893842.58,13893842.58,13887096.940064585,new_observed,50777650919.455,19749966.29018954,1,
3528700,Marabá Paulista,2023,ok,ok,515315.22,515315.22,515315.22,new_observed,14284057.5,14284057.5,14152561.869022084,new_observed,48945614200.0975,18103122.98868949,1,
3528700,Marabá Paulista,2024,ok,ok,559864.5,559864.5,559864.5,new_observed,15325704.33,15325704.33,15478095.711189361,new_observed,55712049158.33,17200284.46989524,1,
3528700,Marabá Paulista,2025,ok,ok,1298885.78,1298885.78,1298885.78,new_observed,15572515.22,15572515.22,15672155.2694547,new_observed,59267888460.755,16971041.0494547,1,
3528809,Maracaí,2019,ok,ok,2753553.99,2753553.99,2753553.99,new_observed,21585162.42,21585162.42,21322319.188185357,new_observed,37092224874.8675,41925980.7456373,4,
3528809,Maracaí,2020,ok,ok,2620897.55,2620897.55,2620897.55,new_observed,21205162.84,21205162.84,21488681.924955264,new_observed,37158522668.0775,41096009.412318625,1,
3528809,Maracaí,2021,ok,ok,2727258.44,2727258.44,2727258.44,new_observed,27736465.92,27736465.92,27769231.038980037,new_observed,46897671220.665,41401658.18096063,1,
3528809,Maracaí,2022,ok,ok,4409959.86,4409959.86,4409959.86,new_observed,29404300.68,29404300.68,29390024.512424484,new_observed,50777650919.455,42946080.15791617,1,
3528809,Maracaí,2023,ok,ok,4475247.71,4475247.71,4475247.71,new_observed,31492634.01,31492634.01,31202720.322638996,new_observed,48945614200.0975,44033818.89290545,1,
3528809,Maracaí,2024,ok,ok,5250641.63,5250641.63,5250641.63,new_observed,34852408.82,34852408.82,35198964.29330764,new_observed,55712049158.33,43381123.24849415,1,
3528809,Maracaí,2025,ok,ok,5156937.91,5156937.91,5156937.91,new_observed,37738393.52,37738393.52,37979860.96077953,new_observed,59267888460.755,43136798.87077953,1,
3528858,Marapoama,2019,ok,ok,504775.23,504775.23,504775.23,new_observed,8036044.5,8036044.5,7938189.322156668,new_observed,37092224874.8675,14702667.962653672,1,
3528858,Marapoama,2020,ok,ok,527455.95,527455.95,527455.95,new_observed,8353955.09,8353955.09,8465649.856069252,new_observed,37158522668.0775,15329208.094903322,1,
3528858,Marapoama,2021,ok,ok,1007637.6,1007637.6,1007637.6,new_observed,10021801.89,10021801.89,10033640.656058637,new_observed,46897671220.665,14989503.252605243,1,
3528858,Marapoama,2022,ok,ok,1465720.88,1465720.88,1465720.88,new_observed,10549915.48,10549915.48,10544793.359840127,new_observed,50777650919.455,15260495.436879072,1,
3528858,Marapoama,2023,ok,ok,1304459.91,1304459.91,1304459.91,new_observed,10098795.81,10098795.81,10005828.701238845,new_observed,48945614200.0975,13959180.631536212,1,
3528858,Marapoama,2024,ok,ok,1347818.9,1347818.9,1347818.9,new_observed,9986313.01,9986313.01,10085612.069920152,new_observed,55712049158.33,12262049.697088808,1,
3528858,Marapoama,2025,ok,ok,1400218.02,1400218.02,1400218.02,new_observed,10636546.63,10636546.63,10704604.102878837,new_observed,59267888460.755,12104822.122878836,1,
3528908,Mariápolis,2019,ok,ok,107814.97,107814.97,107814.97,new_observed,3646900.35,3646900.35,3602491.924645193,new_observed,37092224874.8675,6461167.753876016,2,
3528908,Mariápolis,2020,ok,ok,190044.16,190044.16,190044.16,new_observed,3504996.14,3504996.14,3551858.9396815016,new_observed,37158522668.0775,6378264.920142518,1,
3528908,Mariápolis,2021,ok,ok,160699.75,160699.75,160699.75,new_observed,4489528.09,4489528.09,4494831.574678161,new_observed,46897671220.665,6320291.936812346,1,
3528908,Mariápolis,2022,ok,ok,242597.76,242597.76,242597.76,new_observed,5288998.43,5288998.43,5286430.552983808,new_observed,50777650919.455,7025153.932275569,2,
3528908,Mariápolis,2023,ok,ok,295316.17,295316.17,295316.17,new_observed,5152608.9,5152608.9,5105175.209783621,new_observed,48945614200.0975,6665297.169741854,2,
3528908,Mariápolis,2024,ok,ok,250334.03,250334.03,250334.03,new_observed,5334842.69,5334842.69,5387889.78189552,new_observed,55712049158.33,6046844.623163469,1,
3528908,Mariápolis,2025,ok,ok,652020.68,652020.68,652020.68,new_observed,5652076.19,5652076.19,5688240.749362257,new_observed,59267888460.755,6340261.429362257,1,
3529005,Marília,2019,ok,ok,71484183.32,71484183.32,71484183.32,new_observed,146898391.9,146898391.9,145109605.35653648,new_observed,37092224874.8675,377178719.3955283,1,
3529005,Marília,2020,ok,ok,78748167.07,78748167.07,78748167.07,new_observed,147111974.54,147111974.54,149078903.66581017,new_observed,37158522668.0775,388342876.45148605,2,
3529005,Marília,2021,ok,ok,95266204.39,95266204.39,95266204.39,new_observed,186778508.71,186778508.71,186999150.37640584,new_observed,46897671220.665,383199966.0951523,1,
3529005,Marília,2022,ok,ok,108684579.96,108684579.96,108684579.96,new_observed,206261201.01,206261201.01,206161058.53417674,new_observed,50777650919.455,400041191.7105073,1,
3529005,Marília,2023,ok,ok,128455864.89,128455864.89,128455864.89,new_observed,199557353.23,199557353.23,197720275.76939315,new_observed,48945614200.0975,402567239.5872764,1,
3529005,Marília,2024,ok,ok,144039942.61,144039942.61,144039942.61,new_observed,214839427.93,214839427.93,216975687.14857942,new_observed,55712049158.33,387179631.83333313,1,
3529005,Marília,2025,ok,ok,154686385.61,154686385.61,154686385.61,new_observed,219877483.46,219877483.46,221284359.80697522,new_observed,59267888460.755,375970745.41697526,1,
3529104,Marinópolis,2019,ok,ok,85408.17,85408.17,85408.17,new_observed,2573534.42,2573534.42,2542196.4068325725,new_observed,37092224874.8675,4575738.461492186,1,
3529104,Marinópolis,2020,ok,ok,69069.21,69069.21,69069.21,new_observed,2544117.3,2544117.3,2578132.875091658,new_observed,37158522668.0775,4512291.137978802,1,
3529104,Marinópolis,2021,ok,ok,46923.33,46923.33,46923.33,new_observed,3318053.13,3318053.13,3321972.7499652863,new_observed,46897671220.665,4573571.789173876,1,
3529104,Marinópolis,2022,ok,ok,206287.63,206287.63,206287.63,new_observed,3631661.36,3631661.36,3629898.141526718,new_observed,50777650919.455,4874237.213525268,1,
3529104,Marinópolis,2023,ok,ok,315038.43,315038.43,315038.43,new_observed,3456807.6,3456807.6,3424985.05262288,new_observed,48945614200.0975,4615944.398469375,1,
3529104,Marinópolis,2024,ok,ok,340051.04,340051.04,340051.04,new_observed,3621712.67,3621712.67,3657725.2266935236,new_observed,55712049158.33,4287508.3943748595,2,
3529104,Marinópolis,2025,ok,ok,156415.84,156415.84,156415.84,new_observed,4267031.17,4267031.17,4294333.580098627,new_observed,59267888460.755,4450749.420098627,2,
3529203,Martinópolis,2019,ok,ok,2694267.28,2694267.28,2694267.28,new_observed,23108704.14,23108704.14,22827308.690615837,new_observed,37092224874.8675,44443542.912158184,1,
3529203,Martinópolis,2020,ok,ok,3230654.94,3230654.94,3230654.94,new_observed,21289177.05,21289177.05,21573819.42894372,new_observed,37158522668.0775,42280493.24512819,1,
3529203,Martinópolis,2021,ok,ok,5613440.72,5613440.72,5613440.72,new_observed,27188126.04,27188126.04,27220243.40445134,new_observed,46897671220.665,44574604.82063434,1,
3529203,Martinópolis,2022,ok,ok,8062269.71,8062269.71,8062269.71,new_observed,31367646.2,31367646.2,31352416.802828673,new_observed,50777650919.455,50080090.799096994,1,
3529203,Martinópolis,2023,ok,ok,9228186.13,9228186.13,9228186.13,new_observed,32504758.5,32504758.5,32205527.43566535,new_observed,48945614200.0975,51137571.443024695,1,
3529203,Martinópolis,2024,ok,ok,7469558.09,7469558.09,7469558.09,new_observed,35446446.39,35446446.39,35798908.68519468,new_observed,55712049158.33,46404276.311293304,2,
3529203,Martinópolis,2025,ok,ok,7707680.53,7707680.53,7707680.53,new_observed,36988962.73,36988962.73,37225634.97103668,new_observed,59267888460.755,44933315.50103668,1,
3529302,Matão,2019,ok,ok,17546818.87,17546818.87,17546818.87,new_observed,88325624.7,88325624.7,87250080.66672072,new_observed,37092224874.8675,182494431.6520196,1,
3529302,Matão,2020,ok,ok,17255853.52,17255853.52,17255853.52,new_observed,77517416.14,77517416.14,78553846.13857807,new_observed,37158522668.0775,163312525.75560117,1,
3529302,Matão,2021,ok,ok,19968588.47,19968588.47,19968588.47,new_observed,104133778.82,104133778.82,104256792.1722677,new_observed,46897671220.665,168646845.41136584,1,
3529302,Matão,2022,ok,ok,27594961.87,27594961.87,27594961.87,new_observed,122749803.7,122749803.7,122690207.08566272,new_observed,50777650919.455,190951535.40311852,1,
3529302,Matão,2023,ok,ok,33819113.34,33819113.34,33819113.34,new_observed,140892768.91,140892768.91,139595743.63913095,new_observed,48945614200.0975,214028960.3536968,1,
3529302,Matão,2024,ok,ok,34726810.12,34726810.12,34726810.12,new_observed,149442093.76,149442093.76,150928073.56135482,new_observed,55712049158.33,199109909.8946948,1,
3529302,Matão,2025,ok,ok,37906542.76,37906542.76,37906542.76,new_observed,146449800.95,146449800.95,147386853.52006572,new_observed,59267888460.755,185293396.28006572,1,
3529401,Mauá,2019,ok,ok,99784593.39,99784593.39,99784593.39,new_observed,354916581.05,354916581.05,350594750.1843054,new_observed,37092224874.8675,784295362.7134993,1,
3529401,Mauá,2020,ok,ok,102557718.1,102557718.1,102557718.1,new_observed,359707297.87,359707297.87,364516687.2018969,new_observed,37158522668.0775,796152175.7971474,1,
3529401,Mauá,2021,ok,ok,120876188.57,120876188.57,120876188.57,new_observed,471376406.66,471376406.66,471933244.1494316,new_observed,46897671220.665,804790778.1915607,1,
3529401,Mauá,2022,ok,ok,130973007.68,130973007.68,130973007.68,new_observed,503606335.4,503606335.4,503361828.0228477,new_observed,50777650919.455,805982464.396595,4,
3529401,Mauá,2023,ok,ok,138105472.29,138105472.29,138105472.29,new_observed,488862959.62,488862959.62,484362603.6576298,new_observed,48945614200.0975,768251333.6470927,1,
3529401,Mauá,2024,ok,ok,163523919.52,163523919.52,163523919.52,new_observed,565569073.32,565569073.32,571192818.26414,new_observed,55712049158.33,787964100.688055,1,
3529401,Mauá,2025,ok,ok,195057244.2,195057244.2,195057244.2,new_observed,568758156.46,568758156.46,572397330.3530302,new_observed,59267888460.755,767454574.5530303,1,
3529500,Mendonça,2019,ok,ok,518836.02,518836.02,518836.02,new_observed,11252633.4,11252633.4,11115609.71346332,new_observed,37092224874.8675,20260347.12000881,1,
3529500,Mendonça,2020,ok,ok,542793.88,542793.88,542793.88,new_observed,10933247.0,10933247.0,11079427.635745116,new_observed,37158522668.0775,19810670.08237395,1,
3529500,Mendonça,2021,ok,ok,459335.22,459335.22,459335.22,new_observed,13264541.06,13264541.06,13280210.477556659,new_observed,46897671220.665,18652637.869155623,1,
3529500,Mendonça,2022,ok,ok,799868.17,799868.17,799868.17,new_observed,15482096.92,15482096.92,15474580.162078917,new_observed,50777650919.455,20678227.38893155,1,
3529500,Mendonça,2023,ok,ok,1138830.49,1138830.49,1138830.49,new_observed,16093752.7,16093752.7,15945597.44606819,new_observed,48945614200.0975,21085634.83597236,1,
3529500,Mendonça,2024,ok,ok,2120748.03,2120748.03,2120748.03,new_observed,16919182.81,16919182.81,17087418.96942819,new_observed,55712049158.33,20600246.676314566,1,
3529500,Mendonça,2025,ok,ok,1552043.77,1552043.77,1552043.77,new_observed,17644881.03,17644881.03,17757781.020374935,new_observed,59267888460.755,19309824.790374935,1,
3529609,Meridiano,2019,ok,ok,975264.03,975264.03,975264.03,new_observed,11108418.22,11108418.22,10973150.646447338,new_observed,37092224874.8675,20807095.96524709,1,
3529609,Meridiano,2020,ok,ok,1057441.08,1057441.08,1057441.08,new_observed,10925025.67,10925025.67,11071096.384214386,new_observed,37158522668.0775,20673711.47243697,1,
3529609,Meridiano,2021,ok,ok,997309.64,997309.64,997309.64,new_observed,14065950.86,14065950.86,14082566.983871894,new_observed,46897671220.665,20472254.612221148,1,
3529609,Meridiano,2022,ok,ok,1063671.0,1063671.0,1063671.0,new_observed,15294264.24,15294264.24,15286838.677269887,new_observed,50777650919.455,20774870.529102802,1,
3529609,Meridiano,2023,ok,ok,1202784.72,1202784.72,1202784.72,new_observed,16789406.68,16789406.68,16634847.40122844,new_observed,48945614200.0975,22015240.934850626,1,
3529609,Meridiano,2024,ok,ok,1388847.69,1388847.69,1388847.69,new_observed,15818599.18,15818599.18,15975891.668854972,new_observed,55712049158.33,18623219.710291453,1,
3529609,Meridiano,2025,ok,ok,2092086.73,2092086.73,2092086.73,new_observed,18731621.77,18731621.77,18851475.222904798,new_observed,59267888460.755,20943561.952904798,1,
3529658,Mesópolis,2019,ok,ok,99862.51,99862.51,99862.51,new_observed,3888074.76,3888074.76,3840729.54593256,new_observed,37092224874.8675,6862188.774658275,1,
3529658,Mesópolis,2020,ok,ok,52252.54,52252.54,52252.54,new_observed,3520448.64,3520448.64,3567518.044020894,new_observed,37158522668.0775,6170083.81029146,3,
3529658,Mesópolis,2021,ok,ok,63258.98,63258.98,63258.98,new_observed,4434973.59,4434973.59,4440212.629384787,new_observed,46897671220.665,6113857.541797481,1,
3529658,Mesópolis,2022,ok,ok,195742.97,195742.97,195742.97,new_observed,5004848.79,5004848.79,5002418.871302264,new_observed,50777650919.455,6604756.755228494,1,
3529658,Mesópolis,2023,ok,ok,239337.23,239337.23,239337.23,new_observed,6070315.33,6070315.33,6014433.452980583,new_observed,48945614200.0975,7718416.177743286,1,
3529658,Mesópolis,2024,ok,ok,117082.65,117082.65,117082.65,new_observed,6751920.25,6751920.25,6819058.074821779,new_observed,55712049158.33,7438825.886781053,1,
3529658,Mesópolis,2025,ok,ok,136635.17,136635.17,136635.17,new_observed,7664752.49,7664752.49,7713795.069594385,new_observed,59267888460.755,7850430.239594385,2,
3529708,Miguelópolis,2019,ok,ok,2203364.0,2203364.0,2203364.0,new_observed,29915041.74,29915041.74,29550765.294087034,new_observed,37092224874.8675,55296977.33183999,1,
3529708,Miguelópolis,2020,ok,ok,1953415.74,1953415.74,1953415.74,new_observed,27639735.12,27639735.12,28009286.27453517,new_observed,37158522668.0775,51072955.68082987,1,
3529708,Miguelópolis,2021,ok,ok,2226195.82,2226195.82,2226195.82,new_observed,35537846.69,35537846.69,35579827.5890248,new_observed,46897671220.665,51324991.33845192,1,
3529708,Miguelópolis,2022,ok,ok,3008183.46,3008183.46,3008183.46,new_observed,40776331.38,40776331.38,40756533.944712184,new_observed,50777650919.455,55607216.886310644,4,
3529708,Miguelópolis,2023,ok,ok,3230075.4,3230075.4,3230075.4,new_observed,40800936.93,40800936.93,40425333.22313305,new_observed,48945614200.0975,53879591.88842391,1,
3529708,Miguelópolis,2024,ok,ok,4338211.09,4338211.09,4338211.09,new_observed,44261455.5,44261455.5,44701569.97642854,new_observed,55712049158.33,52593856.92299335,1,
3529708,Miguelópolis,2025,ok,ok,3600768.23,3600768.23,3600768.23,new_observed,46994964.21,46994964.21,47295659.408678785,new_observed,59267888460.755,50896427.63867878,1,
3529807,Mineiros do Tietê,2019,ok,ok,758061.3,758061.3,758061.3,new_observed,7892342.98,7892342.98,7796237.660285994,new_observed,37092224874.8675,14896546.881063432,1,
3529807,Mineiros do Tietê,2020,ok,ok,806149.95,806149.95,806149.95,new_observed,7520470.87,7520470.87,7621021.713942264,new_observed,37158522668.0775,14364544.449244846,1,
3529807,Mineiros do Tietê,2021,ok,ok,1036877.81,1036877.81,1036877.81,new_observed,9351174.36,9351174.36,9362220.91298884,new_observed,46897671220.665,14117688.234772118,1,
3529807,Mineiros do Tietê,2022,ok,ok,1447839.71,1447839.71,1447839.71,new_observed,10420774.92,10420774.92,10415715.499249147,new_observed,50777650919.455,15073770.075170355,1,
3529807,Mineiros do Tietê,2023,ok,ok,1941169.08,1941169.08,1941169.08,new_observed,10797639.42,10797639.42,10698238.923425063,new_observed,48945614200.0975,15599582.42092723,1,
3529807,Mineiros do Tietê,2024,ok,ok,1682779.67,1682779.67,1682779.67,new_observed,11761180.79,11761180.79,11878128.275506258,new_observed,55712049158.33,14543711.99711765,1,
3529807,Mineiros do Tietê,2025,ok,ok,1744201.02,1744201.02,1744201.02,new_observed,13314443.62,13314443.62,13399635.498255787,new_observed,59267888460.755,15143836.518255787,1,
3529906,Miracatu,2019,ok,ok,6952930.14,6952930.14,6952930.14,new_observed,12443646.74,12443646.74,12292120.044899903,new_observed,37092224874.8675,33513534.380635574,1,
3529906,Miracatu,2020,ok,ok,6994358.28,6994358.28,6994358.28,new_observed,12353770.04,12353770.04,12518943.474597806,new_observed,37158522668.0775,33261419.321120404,1,
3529906,Miracatu,2021,ok,ok,8374931.9,8374931.9,8374931.9,new_observed,15541593.86,15541593.86,15559953.162639026,new_observed,46897671220.665,32493704.911412116,1,
3529906,Miracatu,2022,ok,ok,9692140.07,9692140.07,9692140.07,new_observed,16808141.44,16808141.44,16799980.870345857,new_observed,50777650919.455,33660747.79565624,1,
3529906,Miracatu,2023,ok,ok,9497775.25,9497775.25,9497775.25,new_observed,15709209.27,15709209.27,15564594.031289093,new_observed,48945614200.0975,30932025.863967665,1,
3529906,Miracatu,2024,ok,ok,11718333.18,11718333.18,11718333.18,new_observed,19216701.8,19216701.8,19407783.37551191,new_observed,55712049158.33,33381929.63120074,1,
3529906,Miracatu,2025,ok,ok,12268295.2,12268295.2,12268295.2,new_observed,25660035.26,25660035.26,25824219.859995257,new_observed,59267888460.755,38092515.05999526,1,
3530003,Mira Estrela,2019,ok,ok,122378.66,122378.66,122378.66,new_observed,5673469.85,5673469.85,5604383.821275229,new_observed,37092224874.8675,9972644.885932237,1,
3530003,Mira Estrela,2020,ok,ok,200210.24,200210.24,200210.24,new_observed,4936745.84,4936745.84,5002751.542185567,new_observed,37158522668.0775,8868714.05595219,1,
3530003,Mira Estrela,2021,ok,ok,138119.99,138119.99,138119.99,new_observed,7110272.86,7110272.86,7118672.233478597,new_observed,46897671220.665,9851731.66681356,1,
3530003,Mira Estrela,2022,ok,ok,984330.59,984330.59,984330.59,new_observed,8347393.81,8347393.81,8343341.042544405,new_observed,50777650919.455,11851689.906247096,4,
3530003,Mira Estrela,2023,ok,ok,1255010.65,1255010.65,1255010.65,new_observed,8913704.83,8913704.83,8831647.386519969,new_observed,48945614200.0975,12448973.349840652,1,
3530003,Mira Estrela,2024,ok,ok,365092.51,365092.51,365092.51,new_observed,9918163.61,9918163.61,10016785.025293214,new_observed,55712049158.33,11134286.691525308,1,
3530003,Mira Estrela,2025,ok,ok,341728.23,341728.23,341728.23,new_observed,9397909.34,9397909.34,9458041.446996162,new_observed,59267888460.755,9799769.676996162,1,
3530102,Mirandópolis,2019,ok,ok,3605361.66,3605361.66,3605361.66,new_observed,21569945.19,21569945.19,21307287.25889492,new_observed,37092224874.8675,43383150.88994563,1,
3530102,Mirandópolis,2020,ok,ok,3839199.38,3839199.38,3839199.38,new_observed,21055760.0,21055760.0,21337281.526303813,new_observed,37158522668.0775,42914597.38521389,1,
3530102,Mirandópolis,2021,ok,ok,3893954.33,3893954.33,3893954.33,new_observed,26082783.0,26082783.0,26113594.621451356,new_observed,46897671220.665,40737878.54804538,1,
3530102,Mirandópolis,2022,ok,ok,5073562.8,5073562.8,5073562.8,new_observed,29261642.84,29261642.84,29247435.934647445,new_observed,50777650919.455,43608078.23214333,1,
3530102,Mirandópolis,2023,ok,ok,6832315.52,6832315.52,6832315.52,new_observed,30219452.12,30219452.12,29941259.041854918,new_observed,48945614200.0975,45386018.643778145,1,
3530102,Mirandópolis,2024,ok,ok,5887682.95,5887682.95,5887682.95,new_observed,31363112.9,31363112.9,31674972.50464297,new_observed,55712049158.33,40284945.88817837,1,
3530102,Mirandópolis,2025,ok,ok,6153347.24,6153347.24,6153347.24,new_observed,32855759.37,32855759.37,33065985.492257632,new_observed,59267888460.755,39219332.732257634,1,
3530201,Mirante do Paranapanema,2019,ok,ok,4700971.48,4700971.48,4700971.48,new_observed,24207679.62,24207679.62,23912901.910096887,new_observed,37092224874.8675,49828502.41536812,1,
3530201,Mirante do Paranapanema,2020,ok,ok,4179915.08,4179915.08,4179915.08,new_observed,24144494.29,24144494.29,24467313.07613522,new_observed,37158522668.0775,48830663.312245786,1,
3530201,Mirante do Paranapanema,2021,ok,ok,4185992.11,4185992.11,4185992.11,new_observed,30824331.02,30824331.02,30860743.837561667,new_observed,46897671220.665,47579016.695001654,1,
3530201,Mirante do Paranapanema,2022,ok,ok,4954540.48,4954540.48,4954540.48,new_observed,36856630.04,36856630.04,36838735.670314215,new_observed,50777650919.455,53102314.12644215,1,
3530201,Mirante do Paranapanema,2023,ok,ok,4977037.75,4977037.75,4977037.75,new_observed,36018318.49,36018318.49,35686742.42930393,new_observed,48945614200.0975,50187318.13085106,1,
3530201,Mirante do Paranapanema,2024,ok,ok,6536516.63,6536516.63,6536516.63,new_observed,36106250.97,36106250.97,36465274.04237634,new_observed,55712049158.33,46118273.305337586,1,
3530201,Mirante do Paranapanema,2025,ok,ok,5479272.36,5479272.36,5479272.36,new_observed,36394131.52,36394131.52,36626997.75986447,new_observed,59267888460.755,42106270.11986447,1,
3530300,Mirassol,2019,ok,ok,12101318.77,12101318.77,12101318.77,new_observed,33783702.59,33783702.59,33372317.33383938,new_observed,37092224874.8675,79188271.91078374,1,
3530300,Mirassol,2020,ok,ok,13193582.96,13193582.96,13193582.96,new_observed,32570308.08,32570308.08,33005782.403551698,new_observed,37158522668.0775,78749177.51244563,1,
3530300,Mirassol,2021,ok,ok,15938549.47,15938549.47,15938549.47,new_observed,42483289.76,42483289.76,42533475.318883546,new_observed,46897671220.665,79380900.05823775,1,
3530300,Mirassol,2022,ok,ok,18274482.44,18274482.44,18274482.44,new_observed,52791496.75,52791496.75,52765865.79681504,new_observed,50777650919.455,90263488.17822531,1,
3530300,Mirassol,2023,ok,ok,22369914.56,22369914.56,22369914.56,new_observed,57360225.67,57360225.67,56832181.095304586,new_observed,48945614200.0975,97751383.51023099,1,
3530300,Mirassol,2024,ok,ok,25737399.29,25737399.29,25737399.29,new_observed,65035270.22,65035270.22,65681949.448663495,new_observed,55712049158.33,98044812.66018553,1,
3530300,Mirassol,2025,ok,ok,30797377.25,30797377.25,30797377.25,new_observed,70459811.12,70459811.12,70910645.10316728,new_observed,59267888460.755,101708022.35316728,5,
3530409,Mirassolândia,2019,ok,ok,286340.86,286340.86,286340.86,new_observed,5005269.76,5005269.76,4944320.425720099,new_observed,37092224874.8675,9108729.0055488,3,
3530409,Mirassolândia,2020,ok,ok,247844.01,247844.01,247844.01,new_observed,4834634.45,4834634.45,4899274.893730598,new_observed,37158522668.0775,8773527.017912794,1,
3530409,Mirassolândia,2021,ok,ok,225536.77,225536.77,225536.77,new_observed,6281764.44,6281764.44,6289185.095532497,new_observed,46897671220.665,8844306.096500503,1,
3530409,Mirassolândia,2022,ok,ok,511069.0,511069.0,511069.0,new_observed,7043657.9,7043657.9,7040238.113159315,new_observed,50777650919.455,9594650.607097913,3,
3530409,Mirassolândia,2023,ok,ok,432705.33,432705.33,432705.33,new_observed,6936240.84,6936240.84,6872387.458993195,new_observed,48945614200.0975,9015960.005685415,2,
3530409,Mirassolândia,2024,ok,ok,384325.22,384325.22,384325.22,new_observed,7596991.86,7596991.86,7672532.667619753,new_observed,55712049158.33,8640765.145675717,1,
3530409,Mirassolândia,2025,ok,ok,549423.24,549423.24,549423.24,new_observed,7856517.69,7856517.69,7906787.270739785,new_observed,59267888460.755,8456210.510739785,1,
3530508,Mococa,2019,ok,ok,9578643.83,9578643.83,9578643.83,new_observed,51752425.47,51752425.47,51122234.4850956,new_observed,37092224874.8675,105705152.89920577,4,
3530508,Mococa,2020,ok,ok,10194250.07,10194250.07,10194250.07,new_observed,49487392.5,49487392.5,50149053.07503486,new_observed,37158522668.0775,102858241.74556035,3,
3530508,Mococa,2021,ok,ok,11178220.96,11178220.96,11178220.96,new_observed,62538369.14,62538369.14,62612245.78714026,new_observed,46897671220.665,100177028.027582,2,
3530508,Mococa,2022,ok,ok,17905603.41,17905603.41,17905603.41,new_observed,70550415.52,70550415.52,70516162.3824931,new_observed,50777650919.455,112348224.7680256,1,
3530508,Mococa,2023,ok,ok,21385190.32,21385190.32,21385190.32,new_observed,72254539.96,72254539.96,71589381.875677,new_observed,48945614200.0975,114749401.36625771,1,
3530508,Mococa,2024,ok,ok,26907985.17,26907985.17,26907985.17,new_observed,83625539.42,83625539.42,84457071.28179987,new_observed,55712049158.33,119436052.07602939,1,
3530508,Mococa,2025,ok,ok,29761846.59,29761846.59,29761846.59,new_observed,85263917.09,85263917.09,85809474.49004273,new_observed,59267888460.755,115571321.08004273,1,
3530607,Mogi das Cruzes,2019,ok,ok,157350900.35,157350900.35,157350900.35,new_observed,273103182.67,273103182.67,269777596.2437734,new_observed,37092224874.8675,743806091.3333524,1,
3530607,Mogi das Cruzes,2020,ok,ok,153546773.3,153546773.3,153546773.3,new_observed,266231683.33,266231683.33,269791276.9918528,new_observed,37158522668.0775,721601325.2101271,1,
3530607,Mogi das Cruzes,2021,ok,ok,188082862.89,188082862.89,188082862.89,new_observed,331254642.81,331254642.81,331645954.29920214,new_observed,46897671220.665,705577435.4255933,1,
3530607,Mogi das Cruzes,2022,ok,ok,219397970.32,219397970.32,219397970.32,new_observed,363153141.22,363153141.22,362976825.6818054,new_observed,50777650919.455,739962314.6408451,1,
3530607,Mogi das Cruzes,2023,ok,ok,242745524.13,242745524.13,242745524.13,new_observed,273006865.19,273006865.19,270493629.0174725,new_observed,48945614200.0975,633440780.5334961,1,
3530607,Mogi das Cruzes,2024,ok,ok,262786148.11,262786148.11,262786148.11,new_observed,396244294.25,396244294.25,400184355.59980434,new_observed,55712049158.33,711018178.671034,1,
3530607,Mogi das Cruzes,2025,ok,ok,287065410.47,287065410.47,287065410.47,new_observed,457403231.31,457403231.31,460329905.6426046,new_observed,59267888460.755,747395316.1126046,1,
3530706,Mogi Guaçu,2019,ok,ok,38789954.18,38789954.18,38789954.18,new_observed,131942395.66,131942395.66,130335728.77402337,new_observed,37092224874.8675,294517256.9503286,1,
3530706,Mogi Guaçu,2020,ok,ok,37676004.53,37676004.53,37676004.53,new_observed,132254520.47,132254520.47,134022801.19049135,new_observed,37158522668.0775,292669382.44621843,1,
3530706,Mogi Guaçu,2021,ok,ok,46498755.15,46498755.15,46498755.15,new_observed,167062706.09,167062706.09,167260057.45617455,new_observed,46897671220.665,290196328.9508707,1,
3530706,Mogi Guaçu,2022,ok,ok,59043046.33,59043046.33,59043046.33,new_observed,174356133.77,174356133.77,174271481.61620083,new_observed,50777650919.455,296448196.80326915,1,
3530706,Mogi Guaçu,2023,ok,ok,63524975.41,63524975.41,63524975.41,new_observed,167172215.96,167172215.96,165633268.3591774,new_observed,48945614200.0975,282827558.8653768,1,
3530706,Mogi Guaçu,2024,ok,ok,74205592.4,74205592.4,74205592.4,new_observed,189915628.16,189915628.16,191804057.18496135,new_observed,55712049158.33,285288252.642396,1,
3530706,Mogi Guaçu,2025,ok,ok,83070096.84,83070096.84,83070096.84,new_observed,203789725.59,203789725.59,205093665.13022718,new_observed,59267888460.755,288163761.9702272,1,
3530805,Mogi Mirim,2019,ok,ok,45247365.29,45247365.29,45247365.29,new_observed,97933496.62,97933496.62,96740957.21475287,new_observed,37092224874.8675,247259969.82047138,1,
3530805,Mogi Mirim,2020,ok,ok,36879447.96,36879447.96,36879447.96,new_observed,95183830.7,95183830.7,96456465.70809792,new_observed,37158522668.0775,227277873.87566712,1,
3530805,Mogi Mirim,2021,ok,ok,43752528.16,43752528.16,43752528.16,new_observed,122357595.84,122357595.84,122502137.00819974,new_observed,46897671220.665,225705283.98123276,1,
3530805,Mogi Mirim,2022,ok,ok,53646280.47,53646280.47,53646280.47,new_observed,133739007.58,133739007.58,133674075.56531365,new_observed,50777650919.455,238008246.89330855,1,
3530805,Mogi Mirim,2023,ok,ok,62319720.13,62319720.13,62319720.13,new_observed,129666741.85,129666741.85,128473060.71028066,new_observed,48945614200.0975,235476828.44238752,1,
3530805,Mogi Mirim,2024,ok,ok,67709925.51,67709925.51,67709925.51,new_observed,149626415.13,149626415.13,151114227.7337861,new_observed,55712049158.33,234683066.6191026,1,
3530805,Mogi Mirim,2025,ok,ok,74004342.44,74004342.44,74004342.44,new_observed,165939692.36,165939692.36,167001450.13770396,new_observed,59267888460.755,241005792.57770395,1,
3530904,Mombuca,2019,ok,ok,392786.4,392786.4,392786.4,new_observed,3806782.51,3806782.51,3760427.1943310862,new_observed,37092224874.8675,7232450.175315657,1,
3530904,Mombuca,2020,ok,ok,323056.05,323056.05,323056.05,new_observed,3491127.04,3491127.04,3537804.4058524463,new_observed,37158522668.0775,6581033.808498451,1,
3530904,Mombuca,2021,ok,ok,414619.97,414619.97,414619.97,new_observed,4438136.54,4438136.54,4443379.315781248,new_observed,46897671220.665,6595159.944946978,1,
3530904,Mombuca,2022,ok,ok,1301686.87,1301686.87,1301686.87,new_observed,4873183.57,4873183.57,4870817.57646631,new_observed,50777650919.455,7842751.280953374,1,
3530904,Mombuca,2023,ok,ok,629417.54,629417.54,629417.54,new_observed,4981960.91,4981960.91,4936098.16453235,new_observed,48945614200.0975,6868970.518578925,1,
3530904,Mombuca,2024,ok,ok,406773.21,406773.21,406773.21,new_observed,5702355.5,5702355.5,5759056.961281405,new_observed,55712049158.33,6612688.36825716,1,
3530904,Mombuca,2025,ok,ok,499259.11,499259.11,499259.11,new_observed,6514587.26,6514587.26,6556270.558272182,new_observed,59267888460.755,7055529.668272182,2,
3531001,Monções,2019,ok,ok,828317.24,828317.24,828317.24,new_observed,6173976.37,6173976.37,6098795.656940623,new_observed,37092224874.8675,12062947.822932431,1,
3531001,Monções,2020,ok,ok,723381.28,723381.28,723381.28,new_observed,5783146.23,5783146.23,5860468.547195283,new_observed,37158522668.0775,11222508.246100869,3,
3531001,Monções,2021,ok,ok,731201.74,731201.74,731201.74,new_observed,5730748.0,5730748.0,5737517.739180406,new_observed,46897671220.665,8781853.823868582,1,
3531001,Monções,2022,ok,ok,1136740.61,1136740.61,1136740.61,new_observed,5114015.74,5114015.74,5111532.819338746,new_observed,50777650919.455,7939022.947119533,1,
3531001,Monções,2023,ok,ok,1579851.99,1579851.99,1579851.99,new_observed,5725556.45,5725556.45,5672848.3411106,new_observed,48945614200.0975,8951297.13027598,1,
3531001,Monções,2024,ok,ok,1681409.09,1681409.09,1681409.09,new_observed,6371721.99,6371721.99,6435079.307465012,new_observed,55712049158.33,8704717.276677249,1,
3531001,Monções,2025,ok,ok,1765294.2,1765294.2,1765294.2,new_observed,8500449.33,8500449.33,8554839.078840353,new_observed,59267888460.755,10320133.278840352,1,
3531100,Mongaguá,2019,ok,ok,6703132.1,6703132.1,6703132.1,new_observed,17816725.58,17816725.58,17599770.727371104,new_observed,37092224874.8675,42321332.583138876,1,
3531100,Mongaguá,2020,ok,ok,7348268.75,7348268.75,7348268.75,new_observed,17022440.11,17022440.11,17250034.997155935,new_observed,37158522668.0775,41929064.89183252,1,
3531100,Mongaguá,2021,ok,ok,8956516.15,8956516.15,8956516.15,new_observed,21278997.49,21278997.49,21304134.394122776,new_observed,46897671220.665,41081486.15022732,1,
3531100,Mongaguá,2022,ok,ok,10572587.23,10572587.23,10572587.23,new_observed,23388116.94,23388116.94,23376761.707296293,new_observed,50777650919.455,43135861.97867259,1,
3531100,Mongaguá,2023,ok,ok,10202378.59,10202378.59,10202378.59,new_observed,22761292.71,22761292.71,22551757.670899622,new_observed,48945614200.0975,40425219.92246203,1,
3531100,Mongaguá,2024,ok,ok,11808557.38,11808557.38,11808557.38,new_observed,26795839.06,26795839.06,27062283.905636743,new_observed,55712049158.33,41687940.29247179,1,
3531100,Mongaguá,2025,ok,ok,12001487.03,12001487.03,12001487.03,new_observed,33225217.14,33225217.14,33437807.221448176,new_observed,59267888460.755,45439294.25144818,1,
3531209,Monte Alegre do Sul,2019,ok,ok,681862.02,681862.02,681862.02,new_observed,4405372.59,4405372.59,4351728.223264526,new_observed,37092224874.8675,8765547.403354557,1,
3531209,Monte Alegre do Sul,2020,ok,ok,713244.08,713244.08,713244.08,new_observed,4420793.83,4420793.83,4479901.106417288,new_observed,37158522668.0775,8851981.167163765,1,
3531209,Monte Alegre do Sul,2021,ok,ok,985276.35,985276.35,985276.35,new_observed,5822669.89,5822669.89,5829548.216614415,new_observed,46897671220.665,9251721.824069424,1,
3531209,Monte Alegre do Sul,2022,ok,ok,1208383.7,1208383.7,1208383.7,new_observed,6603626.87,6603626.87,6600420.723904968,new_observed,50777650919.455,9921825.318952298,1,
3531209,Monte Alegre do Sul,2023,ok,ok,1429308.15,1429308.15,1429308.15,new_observed,6922879.69,6922879.69,6859149.308557559,new_observed,48945614200.0975,10229630.630808068,1,
3531209,Monte Alegre do Sul,2024,ok,ok,1662414.96,1662414.96,1662414.96,new_observed,7917625.62,7917625.62,7996354.654437277,new_observed,55712049158.33,10358772.737295698,1,
3531209,Monte Alegre do Sul,2025,ok,ok,2885991.51,2885991.51,2885991.51,new_observed,10144423.5,10144423.5,10209332.144811036,new_observed,59267888460.755,13095323.654811036,1,
3531308,Monte Alto,2019,ok,ok,7404799.45,7404799.45,7404799.45,new_observed,38736515.15,38736515.15,38264819.33260698,new_observed,37092224874.8675,79529558.22491558,1,
3531308,Monte Alto,2020,ok,ok,7862482.39,7862482.39,7862482.39,new_observed,39607448.65,39607448.65,40137011.553307585,new_observed,37158522668.0775,81817588.60331012,1,
3531308,Monte Alto,2021,ok,ok,9754495.91,9754495.91,9754495.91,new_observed,51171676.67,51171676.67,51232125.83029809,new_observed,46897671220.665,82794685.88158992,1,
3531308,Monte Alto,2022,ok,ok,13742634.31,13742634.31,13742634.31,new_observed,56088283.3,56088283.3,56061051.71438508,new_observed,50777650919.455,88692191.75636624,1,
3531308,Monte Alto,2023,ok,ok,18811580.93,18811580.93,18811580.93,new_observed,55405430.78,55405430.78,54895381.58144284,new_observed,48945614200.0975,90969279.28759563,1,
3531308,Monte Alto,2024,ok,ok,15773729.67,15773729.67,15773729.67,new_observed,61850390.62,61850390.62,62465400.94844755,new_observed,55712049158.33,83909380.34474583,1,
3531308,Monte Alto,2025,ok,ok,18105451.94,18105451.94,18105451.94,new_observed,68142432.55,68142432.55,68578438.88894552,new_observed,59267888460.755,86683890.82894552,4,
3531407,Monte Aprazível,2019,ok,ok,4131589.07,4131589.07,4131589.07,new_observed,20618016.79,20618016.79,20366950.522290524,new_observed,37092224874.8675,42662016.51922897,1,
3531407,Monte Aprazível,2020,ok,ok,4447776.69,4447776.69,4447776.69,new_observed,19690655.54,19690655.54,19953925.22969742,new_observed,37158522668.0775,41593947.03711809,3,
3531407,Monte Aprazível,2021,ok,ok,3731319.27,3731319.27,3731319.27,new_observed,23523168.45,23523168.45,23550956.39584987,new_observed,46897671220.665,37038081.13044603,4,
3531407,Monte Aprazível,2022,ok,ok,4293862.1,4293862.1,4293862.1,new_observed,26228001.46,26228001.46,26215267.426700287,new_observed,50777650919.455,38764737.51481599,1,
3531407,Monte Aprazível,2023,ok,ok,6027451.28,6027451.28,6027451.28,new_observed,24898890.43,24898890.43,24669677.175450798,new_observed,48945614200.0975,37886456.8100683,1,
3531407,Monte Aprazível,2024,ok,ok,7930804.22,7930804.22,7930804.22,new_observed,25543694.07,25543694.07,25797688.1923051,new_observed,55712049158.33,36172908.312093146,1,
3531407,Monte Aprazível,2025,ok,ok,8467718.44,8467718.44,8467718.44,new_observed,30731180.5,30731180.5,30927812.59838374,new_observed,59267888460.755,39395531.03838374,1,
3531506,Monte Azul Paulista,2019,ok,ok,2890296.62,2890296.62,2890296.62,new_observed,16163793.84,16163793.84,15966966.791464347,new_observed,37092224874.8675,32838238.383014053,1,
3531506,Monte Azul Paulista,2020,ok,ok,3321552.36,3321552.36,3321552.36,new_observed,15805300.62,15805300.62,16016622.004468333,new_observed,37158522668.0775,32962905.741462503,1,
3531506,Monte Azul Paulista,2021,ok,ok,3820844.25,3820844.25,3820844.25,new_observed,16842521.27,16842521.27,16862417.35967945,new_observed,46897671220.665,28079340.995020453,1,
3531506,Monte Azul Paulista,2022,ok,ok,6647828.58,6647828.58,6647828.58,new_observed,19575046.9,19575046.9,19565542.962025605,new_observed,50777650919.455,33306570.29449742,1,
3531506,Monte Azul Paulista,2023,ok,ok,5721135.18,5721135.18,5721135.18,new_observed,19438836.79,19438836.79,19259887.488712333,new_observed,48945614200.0975,30831627.713420536,1,
3531506,Monte Azul Paulista,2024,ok,ok,6793061.57,6793061.57,6793061.57,new_observed,22281334.03,22281334.03,22502888.824119747,new_observed,55712049158.33,31419125.24781295,1,
3531506,Monte Azul Paulista,2025,ok,ok,6199552.55,6199552.55,6199552.55,new_observed,25719955.31,25719955.31,25884523.305783346,new_observed,59267888460.755,32084075.855783347,1,
3531605,Monte Castelo,2019,ok,ok,375469.1,375469.1,375469.1,new_observed,5572135.04,5572135.04,5504282.96858523,new_observed,37092224874.8675,10239062.574892899,1,
3531605,Monte Castelo,2020,ok,ok,409562.49,409562.49,409562.49,new_observed,5256803.02,5256803.02,5327087.978114496,new_observed,37158522668.0775,9778413.674851242,1,
3531605,Monte Castelo,2021,ok,ok,361661.34,361661.34,361661.34,new_observed,6236956.94,6236956.94,6244324.664381393,new_observed,46897671220.665,8968205.166372335,1,
3531605,Monte Castelo,2022,ok,ok,768990.75,768990.75,768990.75,new_observed,6929638.3,6929638.3,6926273.871147052,new_observed,50777650919.455,9777562.250170123,1,
3531605,Monte Castelo,2023,ok,ok,1220518.6,1220518.6,1220518.6,new_observed,7169175.1,7169175.1,7103177.38167902,new_observed,48945614200.0975,10273122.085920209,1,
3531605,Monte Castelo,2024,ok,ok,521690.57,521690.57,521690.57,new_observed,8924481.41,8924481.41,9013222.130764557,new_observed,55712049158.33,10225939.501604808,1,
3531605,Monte Castelo,2025,ok,ok,534869.1,534869.1,534869.1,new_observed,10147570.75,10147570.75,10212499.532350874,new_observed,59267888460.755,10747368.632350873,1,
3531704,Monteiro Lobato,2019,ok,ok,335270.62,335270.62,335270.62,new_observed,3563067.46,3563067.46,3519679.8705004533,new_observed,37092224874.8675,6713051.644853733,1,
3531704,Monteiro Lobato,2020,ok,ok,1374827.01,1374827.01,1374827.01,new_observed,3335076.58,3335076.58,3379667.5066225342,new_observed,37158522668.0775,8104278.700045617,1,
3531704,Monteiro Lobato,2021,ok,ok,2316798.62,2316798.62,2316798.62,new_observed,4186324.2,4186324.2,4191269.509575403,new_observed,46897671220.665,8835273.06658695,1,
3531704,Monteiro Lobato,2022,ok,ok,2474718.15,2474718.15,2474718.15,new_observed,4534278.42,4534278.42,4532076.969291736,new_observed,50777650919.455,8902796.567228531,1,
3531704,Monteiro Lobato,2023,ok,ok,4994831.17,4994831.17,4994831.17,new_observed,4275750.77,4275750.77,4236389.226866651,new_observed,48945614200.0975,11393190.51870495,1,
3531704,Monteiro Lobato,2024,ok,ok,1557497.24,1557497.24,1557497.24,new_observed,5852282.09,5852282.09,5910474.3486787155,new_observed,55712049158.33,8009200.300219697,1,
3531704,Monteiro Lobato,2025,ok,ok,2113011.12,2113011.12,2113011.12,new_observed,7825765.17,7825765.17,7875837.982101555,new_observed,59267888460.755,9988849.102101555,1,
3531803,Monte Mor,2019,ok,ok,13308460.42,13308460.42,13308460.42,new_observed,59126106.24,59126106.24,58406125.7021497,new_observed,37092224874.8675,124884540.41463,1,
3531803,Monte Mor,2020,ok,ok,20340243.0,20340243.0,20340243.0,new_observed,55430828.86,55430828.86,56171954.87705911,new_observed,37158522668.0775,130418948.50879146,1,
3531803,Monte Mor,2021,ok,ok,21413399.34,21413399.34,21413399.34,new_observed,69250744.94,69250744.94,69332550.92436585,new_observed,46897671220.665,123195583.43727712,1,
3531803,Monte Mor,2022,ok,ok,26091355.23,26091355.23,26091355.23,new_observed,74653902.59,74653902.59,74617657.1565466,new_observed,50777650919.455,127960334.8605621,1,
3531803,Monte Mor,2023,ok,ok,27268052.39,27268052.39,27268052.39,new_observed,70082217.5,70082217.5,69437057.29881106,new_observed,48945614200.0975,119353638.1376899,1,
3531803,Monte Mor,2024,ok,ok,31435959.13,31435959.13,31435959.13,new_observed,77237026.21,77237026.21,78005033.79057562,new_observed,55712049158.33,117372545.26846673,1,
3531803,Monte Mor,2025,ok,ok,32045726.5,32045726.5,32045726.5,new_observed,98429428.67,98429428.67,99059225.01323174,new_observed,59267888460.755,131104951.51323174,1,
3531902,Morro Agudo,2019,ok,ok,4609496.76,4609496.76,4609496.76,new_observed,43102191.77,43102191.77,42577334.96500213,new_observed,37092224874.8675,82171648.92455952,1,
3531902,Morro Agudo,2020,ok,ok,4791418.3,4791418.3,4791418.3,new_observed,41043980.01,41043980.01,41592749.747971855,new_observed,37158522668.0775,79064183.12530759,1,
3531902,Morro Agudo,2021,ok,ok,5089811.2,5089811.2,5089811.2,new_observed,54184262.51,54184262.51,54248270.4414036,new_observed,46897671220.665,80556648.16518062,1,
3531902,Morro Agudo,2022,ok,ok,6071422.13,6071422.13,6071422.13,new_observed,72357770.1,72357770.1,72322639.46851243,new_observed,50777650919.455,99607077.21690692,1,
3531902,Morro Agudo,2023,ok,ok,9949591.94,9949591.94,9949591.94,new_observed,73573411.64,73573411.64,72896112.33713736,new_observed,48945614200.0975,102248332.496329,1,
3531902,Morro Agudo,2024,ok,ok,9858180.06,9858180.06,9858180.06,new_observed,67361465.8,67361465.8,68031275.5908693,new_observed,55712049158.33,83534363.27055761,1,
3531902,Morro Agudo,2025,ok,ok,13525788.62,13525788.62,13525788.62,new_observed,71041107.53,71041107.53,71495660.91252069,new_observed,59267888460.755,85021449.5325207,1,
3532009,Morungaba,2019,ok,ok,1730273.89,1730273.89,1730273.89,new_observed,10995775.56,10995775.56,10861879.63981823,new_observed,37092224874.8675,21928109.627841942,6,
3532009,Morungaba,2020,ok,ok,1815076.51,1815076.51,1815076.51,new_observed,11599757.75,11599757.75,11754849.82487806,new_observed,37158522668.0775,23130632.409491826,1,
3532009,Morungaba,2021,ok,ok,2213679.86,2213679.86,2213679.86,new_observed,14844504.91,14844504.91,14862040.740663458,new_observed,46897671220.665,23181787.79198624,1,
3532009,Morungaba,2022,ok,ok,3496306.98,3496306.98,3496306.98,new_observed,16804440.55,16804440.55,16796281.77717573,new_observed,50777650919.455,25783655.216370307,1,
3532009,Morungaba,2023,ok,ok,3386758.28,3386758.28,3386758.28,new_observed,17850090.29,17850090.29,17685766.61056253,new_observed,48945614200.0975,26007752.005338583,1,
3532009,Morungaba,2024,ok,ok,4126736.92,4126736.92,4126736.92,new_observed,19540570.41,19540570.41,19734872.378111105,new_observed,55712049158.33,25590939.398307145,1,
3532009,Morungaba,2025,ok,ok,3277922.78,3277922.78,3277922.78,new_observed,21803435.37,21803435.37,21942943.68627758,new_observed,59267888460.755,25220866.46627758,1,
3532058,Motuca,2019,ok,ok,2253.72,2253.72,2253.72,new_observed,6058315.51,6058315.51,5984543.203032055,new_observed,37092224874.8675,10425471.619052658,1,
3532058,Motuca,2020,ok,ok,178872.77,178872.77,178872.77,new_observed,5745330.45,5745330.45,5822147.15941366,new_observed,37158522668.0775,10229044.922118163,1,
3532058,Motuca,2021,ok,ok,296268.61,296268.61,296268.61,new_observed,7031191.98,7031191.98,7039497.935144418,new_observed,46897671220.665,9958946.23237643,1,
3532058,Motuca,2022,ok,ok,697545.05,697545.05,697545.05,new_observed,7969278.48,7969278.48,7965409.292418409,new_observed,50777650919.455,11007103.657047711,1,
3532058,Motuca,2023,ok,ok,461417.9,461417.9,461417.9,new_observed,8438812.81,8438812.81,8361127.109339982,new_observed,48945614200.0975,10888802.545043599,1,
3532058,Motuca,2024,ok,ok,479266.35,479266.35,479266.35,new_observed,9566579.3,9566579.3,9661704.731196713,new_observed,55712049158.33,10875920.946347648,1,
3532058,Motuca,2025,ok,ok,505572.92,505572.92,505572.92,new_observed,10081040.54,10081040.54,10145543.631746564,new_observed,59267888460.755,10651116.551746564,1,
3532108,Murutinga do Sul,2019,ok,ok,654901.2,654901.2,654901.2,new_observed,5124040.75,5124040.75,5061645.137473498,new_observed,37092224874.8675,9954854.384829493,1,
3532108,Murutinga do Sul,2020,ok,ok,705746.13,705746.13,705746.13,new_observed,4828441.56,4828441.56,4892999.203022145,new_observed,37158522668.0775,9543347.329722762,1,
3532108,Murutinga do Sul,2021,ok,ok,719176.2,719176.2,719176.2,new_observed,6080928.28,6080928.28,6088111.68754651,new_observed,46897671220.665,9241490.121472834,1,
3532108,Murutinga do Sul,2022,ok,ok,1003008.98,1003008.98,1003008.98,new_observed,7134690.0,7134690.0,7131226.015899583,new_observed,50777650919.455,10335315.670803448,1,
3532108,Murutinga do Sul,2023,ok,ok,1044836.65,1044836.65,1044836.65,new_observed,7864567.19,7864567.19,7792167.857736231,new_observed,48945614200.0975,10906648.486636464,1,
3532108,Murutinga do Sul,2024,ok,ok,1237878.47,1237878.47,1237878.47,new_observed,8541277.15,8541277.15,8626207.47319968,new_observed,55712049158.33,10578969.02251681,1,
3532108,Murutinga do Sul,2025,ok,ok,1625319.86,1625319.86,1625319.86,new_observed,8313339.49,8313339.49,8366532.024809886,new_observed,59267888460.755,9991851.884809885,1,
3532157,Nantes,2019,ok,absent_dca,,,74810.03304554618,imputed_temporal,,,7133027.387792177,imputed_temporal,37092224874.8675,12551804.484397247,1,
3532157,Nantes,2020,ok,ok,75460.62,75460.62,75460.62,new_observed,7063878.83,7063878.83,7158324.907930542,new_observed,37158522668.0775,12330356.838091612,1,
3532157,Nantes,2021,ok,ok,81251.9,81251.9,81251.9,new_observed,8985525.99,8985525.99,8996140.602150293,new_observed,46897671220.665,12323356.162271656,1,
3532157,Nantes,2022,ok,ok,828867.13,828867.13,828867.13,new_observed,10072808.52,10072808.52,10067918.041428426,new_observed,50777650919.455,13845397.213187812,2,
3532157,Nantes,2023,ok,ok,660787.13,660787.13,660787.13,new_observed,10142304.17,10142304.17,10048936.533640085,new_observed,48945614200.0975,13217962.182329733,1,
3532157,Nantes,2024,ok,ok,520001.57,520001.57,520001.57,new_observed,11197714.11,11197714.11,11309058.755743045,new_observed,55712049158.33,12686351.626709975,1,
3532157,Nantes,2025,ok,ok,409107.77,409107.77,409107.77,new_observed,12918154.31,12918154.31,13000810.548644014,new_observed,59267888460.755,13409918.318644013,1,
3532207,Narandiba,2019,ok,ok,2320013.3,2320013.3,2320013.3,new_observed,16550334.82,16550334.82,16348800.849253844,new_observed,37092224874.8675,32510070.84032547,1,
3532207,Narandiba,2020,ok,ok,2443790.52,2443790.52,2443790.52,new_observed,15774759.75,15774759.75,15985672.79431167,new_observed,37158522668.0775,31413961.351573456,1,
3532207,Narandiba,2021,ok,ok,3437617.34,3437617.34,3437617.34,new_observed,19294111.64,19294111.64,19316903.796193298,new_observed,46897671220.665,30891257.395427495,1,
3532207,Narandiba,2022,ok,ok,3003092.11,3003092.11,3003092.11,new_observed,22404485.36,22404485.36,22393607.69312659,new_observed,50777650919.455,32268911.531847935,1,
3532207,Narandiba,2023,ok,ok,3318624.76,3318624.76,3318624.76,new_observed,24067592.59,24067592.59,23846032.065356247,new_observed,48945614200.0975,33526673.31955082,1,
3532207,Narandiba,2024,ok,ok,4080855.73,4080855.73,4080855.73,new_observed,26407343.44,26407343.44,26669925.273350783,new_observed,55712049158.33,32979392.264613904,1,
3532207,Narandiba,2025,ok,ok,4144018.13,4144018.13,4144018.13,new_observed,27887596.83,27887596.83,28066034.384117473,new_observed,59267888460.755,32210052.514117472,1,
3532306,Natividade da Serra,2019,ok,ok,322572.61,322572.61,322572.61,new_observed,9187961.67,9187961.67,9076079.558939569,new_observed,37092224874.8675,16366912.508367129,1,
3532306,Natividade da Serra,2020,ok,ok,2124072.52,2124072.52,2124072.52,new_observed,8886151.26,8886151.26,9004961.640897281,new_observed,37158522668.0775,18970007.050572947,1,
3532306,Natividade da Serra,2021,ok,ok,758622.5,758622.5,758622.5,new_observed,11091712.94,11091712.94,11104815.593208224,new_observed,46897671220.665,16105657.312607557,1,
3532306,Natividade da Serra,2022,ok,ok,814796.32,814796.32,814796.32,new_observed,12096287.69,12096287.69,12090414.786169248,new_observed,50777650919.455,16397292.510955667,1,
3532306,Natividade da Serra,2023,ok,ok,566353.72,566353.72,566353.72,new_observed,11849365.39,11849365.39,11740282.954659345,new_observed,48945614200.0975,15188875.38710131,1,
3532306,Natividade da Serra,2024,ok,ok,982961.81,982961.81,982961.81,new_observed,15143966.45,15143966.45,15294550.71773139,new_observed,55712049158.33,17457197.93867106,1,
3532306,Natividade da Serra,2025,ok,ok,1377858.35,1377858.35,1377858.35,new_observed,20235878.17,20235878.17,20365356.540907517,new_observed,59267888460.755,21743214.89090752,1,
3532405,Nazaré Paulista,2019,ok,ok,8687172.45,8687172.45,8687172.45,new_observed,8896556.27,8896556.27,8788222.61206741,new_observed,37092224874.8675,30431838.192207422,1,
3532405,Nazaré Paulista,2020,ok,ok,6789972.46,6789972.46,6789972.46,new_observed,9564297.1,9564297.1,9692174.48450738,new_observed,37158522668.0775,28094661.156173103,1,
3532405,Nazaré Paulista,2021,ok,ok,8545305.57,8545305.57,8545305.57,new_observed,12393814.39,12393814.39,12408455.217143448,new_observed,46897671220.665,28446567.343853638,1,
3532405,Nazaré Paulista,2022,ok,ok,12366839.63,12366839.63,12366839.63,new_observed,13661370.85,13661370.85,13654738.078090599,new_observed,50777650919.455,33062878.070406135,1,
3532405,Nazaré Paulista,2023,ok,ok,12973922.84,12973922.84,12973922.84,new_observed,14450545.01,14450545.01,14317516.734661236,new_observed,48945614200.0975,33683148.840144746,2,
3532405,Nazaré Paulista,2024,ok,ok,15013891.76,15013891.76,15013891.76,new_observed,18613488.49,18613488.49,18798572.00451038,new_observed,55712049158.33,36262965.34716702,1,
3532405,Nazaré Paulista,2025,ok,ok,14102041.96,14102041.96,14102041.96,new_observed,23761389.73,23761389.73,23913425.930598404,new_observed,59267888460.755,38015467.8905984,4,
3532504,Neves Paulista,2019,ok,ok,813533.68,813533.68,813533.68,new_observed,7760109.79,7760109.79,7665614.678184202,new_observed,37092224874.8675,14765678.826001665,1,
3532504,Neves Paulista,2020,ok,ok,1115854.49,1115854.49,1115854.49,new_observed,7221469.89,7221469.89,7318023.005422564,new_observed,37158522668.0775,14375974.881447868,1,
3532504,Neves Paulista,2021,ok,ok,726052.74,726052.74,726052.74,new_observed,8891246.03,8891246.03,8901749.26912549,new_observed,46897671220.665,13070585.323944343,1,
3532504,Neves Paulista,2022,ok,ok,1810681.14,1810681.14,1810681.14,new_observed,10623326.97,10623326.97,10618169.207614023,new_observed,50777650919.455,15792031.067767285,1,
3532504,Neves Paulista,2023,ok,ok,1763648.74,1763648.74,1763648.74,new_observed,11455211.13,11455211.13,11349757.184891993,new_observed,48945614200.0975,16184591.595507864,1,
3532504,Neves Paulista,2024,ok,ok,1464769.52,1464769.52,1464769.52,new_observed,12987554.58,12987554.58,13116696.532506818,new_observed,55712049158.33,15638233.34068729,1,
3532504,Neves Paulista,2025,ok,ok,1215620.95,1215620.95,1215620.95,new_observed,14385528.47,14385528.47,14477573.637266356,new_observed,59267888460.755,15693194.587266356,1,
3532603,Nhandeara,2019,ok,ok,1782244.92,1782244.92,1782244.92,new_observed,10771984.32,10771984.32,10640813.513098773,new_observed,37092224874.8675,21633645.634084683,1,
3532603,Nhandeara,2020,ok,ok,1954018.61,1954018.61,1954018.61,new_observed,10333614.64,10333614.64,10471778.019791953,new_observed,37158522668.0775,21180404.900215898,1,
3532603,Nhandeara,2021,ok,ok,1761666.58,1761666.58,1761666.58,new_observed,12965488.42,12965488.42,12980804.566330282,new_observed,46897671220.665,20014197.095168572,1,
3532603,Nhandeara,2022,ok,ok,5869611.33,5869611.33,5869611.33,new_observed,14556041.56,14556041.56,14548974.413911123,new_observed,50777650919.455,25943746.31677948,1,
3532603,Nhandeara,2023,ok,ok,2537871.6,2537871.6,2537871.6,new_observed,14692735.18,14692735.18,14557477.359644296,new_observed,48945614200.0975,21099113.58492565,1,
3532603,Nhandeara,2024,ok,ok,2717670.99,2717670.99,2717670.99,new_observed,15392658.31,15392658.31,15545715.449138792,new_observed,55712049158.33,19586994.730018616,1,
3532603,Nhandeara,2025,ok,ok,3112102.22,3112102.22,3112102.22,new_observed,17337513.06,17337513.06,17448446.370021824,new_observed,59267888460.755,20560548.590021823,1,
3532702,Nipoã,2019,ok,ok,373402.96,373402.96,373402.96,new_observed,4273582.78,4273582.78,4221543.222109908,new_observed,37092224874.8675,8001687.985835279,1,
3532702,Nipoã,2020,ok,ok,516563.16,516563.16,516563.16,new_observed,3905058.12,3905058.12,3957269.8626417993,new_observed,37158522668.0775,7625876.851092212,1,
3532702,Nipoã,2021,ok,ok,536151.26,536151.26,536151.26,new_observed,4895984.72,4895984.72,4901768.352361021,new_observed,46897671220.665,7382452.631529665,1,
3532702,Nipoã,2022,ok,ok,1184444.28,1184444.28,1184444.28,new_observed,5397577.35,5397577.35,5394956.756516447,new_observed,50777650919.455,8359751.921537473,1,
3532702,Nipoã,2023,ok,ok,1457050.83,1457050.83,1457050.83,new_observed,6358473.33,6358473.33,6299938.739069894,new_observed,48945614200.0975,9573691.907737143,1,
3532702,Nipoã,2024,ok,ok,893923.11,893923.11,893923.11,new_observed,6988317.73,6988317.73,7057806.176868974,new_observed,55712049158.33,8528017.525964461,1,
3532702,Nipoã,2025,ok,ok,710922.6,710922.6,710922.6,new_observed,8872207.88,8872207.88,8928976.309469903,new_observed,59267888460.755,9639898.909469903,1,
3532801,Nova Aliança,2019,ok,ok,388703.15,388703.15,388703.15,new_observed,6455641.02,6455641.02,6377030.467245493,new_observed,37092224874.8675,11781920.23472544,1,
3532801,Nova Aliança,2020,ok,ok,336317.75,336317.75,336317.75,new_observed,6153820.16,6153820.16,6236098.49353165,new_observed,37158522668.0775,11203019.118870538,1,
3532801,Nova Aliança,2021,ok,ok,454604.49,454604.49,454604.49,new_observed,8230557.23,8230557.23,8240279.996688835,new_observed,46897671220.665,11804067.995726183,1,
3532801,Nova Aliança,2022,ok,ok,877097.01,877097.01,877097.01,new_observed,10049527.84,10049527.84,10044648.66449911,new_observed,50777650919.455,13877111.895474175,1,
3532801,Nova Aliança,2023,ok,ok,596401.64,596401.64,596401.64,new_observed,10435246.04,10435246.04,10339181.65056166,new_observed,48945614200.0975,13496718.581740864,1,
3532801,Nova Aliança,2024,ok,ok,925741.72,925741.72,925741.72,new_observed,11327691.34,11327691.34,11440328.416366551,new_observed,55712049158.33,13262280.322393145,1,
3532801,Nova Aliança,2025,ok,ok,730320.34,730320.34,730320.34,new_observed,12553945.37,12553945.37,12634271.233859928,new_observed,59267888460.755,13364591.573859928,1,
3532827,Nova Campina,2019,ok,ok,995460.73,995460.73,995460.73,new_observed,10621760.34,10621760.34,10492418.815437768,new_observed,37092224874.8675,20005115.20664716,1,
3532827,Nova Campina,2020,ok,ok,933173.62,933173.62,933173.62,new_observed,10261954.99,10261954.99,10399160.259800084,new_observed,37158522668.0775,19316541.80329355,1,
3532827,Nova Campina,2021,ok,ok,1039025.35,1039025.35,1039025.35,new_observed,12936461.4,12936461.4,12951743.25667829,new_observed,46897671220.665,18993694.993709233,1,
3532827,Nova Campina,2022,ok,ok,2491778.48,2491778.48,2491778.48,new_observed,13341851.99,13341851.99,13335374.348621963,new_observed,50777650919.455,20109896.104097884,1,
3532827,Nova Campina,2023,ok,ok,6511254.61,6511254.61,6511254.61,new_observed,16042526.27,16042526.27,15894842.594380977,new_observed,48945614200.0975,27653649.599437945,1,
3532827,Nova Campina,2024,ok,ok,7927755.27,7927755.27,7927755.27,new_observed,22179792.13,22179792.13,22400337.240645733,new_observed,55712049158.33,32526070.13256336,1,
3532827,Nova Campina,2025,ok,ok,2424848.37,2424848.37,2424848.37,new_observed,24603177.74,24603177.74,24760600.083926044,new_observed,59267888460.755,27185448.453926045,1,
3532843,Nova Canaã Paulista,2019,ok,ok,66402.49,66402.49,66402.49,new_observed,2709484.51,2709484.51,2676491.028120973,new_observed,37092224874.8675,4776503.845861383,1,
3532843,Nova Canaã Paulista,2020,ok,ok,71307.81,71307.81,71307.81,new_observed,2679415.7,2679415.7,2715240.2533510257,new_observed,37158522668.0775,4749813.473864603,1,
3532843,Nova Canaã Paulista,2021,ok,ok,45777.93,45777.93,45777.93,new_observed,3330839.61,3330839.61,3334774.334648765,new_observed,46897671220.665,4589396.081812285,1,
3532843,Nova Canaã Paulista,2022,ok,ok,113087.7,113087.7,113087.7,new_observed,3749165.45,3749165.45,3747345.1817741026,new_observed,50777650919.455,4905045.462689182,1,
3532843,Nova Canaã Paulista,2023,ok,ok,173068.49,173068.49,173068.49,new_observed,3663140.53,3663140.53,3629418.5308164256,new_observed,48945614200.0975,4693037.021168864,1,
3532843,Nova Canaã Paulista,2024,ok,ok,180772.79,180772.79,180772.79,new_observed,4136686.73,4136686.73,4177819.939329793,new_observed,55712049158.33,4674474.424782844,1,
3532843,Nova Canaã Paulista,2025,ok,ok,193674.97,193674.97,193674.97,new_observed,4664621.04,4664621.04,4694467.411286001,new_observed,59267888460.755,4888142.381286001,1,
3532868,Nova Castilho,2019,ok,ok,69105.95,69105.95,69105.95,new_observed,3909278.67,3909278.67,3861675.2552239876,new_observed,37092224874.8675,6845104.055243878,1,
3532868,Nova Castilho,2020,ok,ok,53460.23,53460.23,53460.23,new_observed,3846003.15,3846003.15,3897425.310822372,new_observed,37158522668.0775,6734486.163115918,2,
3532868,Nova Castilho,2021,ok,ok,33851.69,33851.69,33851.69,new_observed,4885450.41,4885450.41,4891221.5981685445,new_observed,46897671220.665,6686218.7837547,1,
3532868,Nova Castilho,2022,ok,ok,405117.84,405117.84,405117.84,new_observed,5422728.75,5422728.75,5420095.9451870555,new_observed,50777650919.455,7401485.616062632,3,
3532868,Nova Castilho,2023,ok,ok,883317.45,883317.45,883317.45,new_observed,5460510.17,5460510.17,5410242.014032027,new_observed,48945614200.0975,7767523.570215467,1,
3532868,Nova Castilho,2024,ok,ok,205369.34,205369.34,205369.34,new_observed,6127330.87,6127330.87,6188258.080533202,new_observed,55712049158.33,6856994.8409628915,1,
3532868,Nova Castilho,2025,ok,ok,134234.0,134234.0,134234.0,new_observed,6839470.62,6839470.62,6883232.670073036,new_observed,59267888460.755,7017466.670073036,1,
3532900,Nova Europa,2019,ok,ok,752355.34,752355.34,752355.34,new_observed,12144892.53,12144892.53,11997003.77472851,new_observed,37092224874.8675,22201869.099711355,1,
3532900,Nova Europa,2020,ok,ok,969392.95,969392.95,969392.95,new_observed,12351824.64,12351824.64,12516972.064044056,new_observed,37158522668.0775,22988197.8709273,1,
3532900,Nova Europa,2021,ok,ok,1139629.31,1139629.31,1139629.31,new_observed,16232403.91,16232403.91,16251579.267342826,new_observed,46897671220.665,23610090.380049203,1,
3532900,Nova Europa,2022,ok,ok,1855938.69,1855938.69,1855938.69,new_observed,21574187.42,21574187.42,21563712.873495206,new_observed,50777650919.455,29756884.566399194,1,
3532900,Nova Europa,2023,ok,ok,1510763.25,1510763.25,1510763.25,new_observed,22680113.99,22680113.99,22471326.262859713,new_observed,48945614200.0975,29598742.43164965,1,
3532900,Nova Europa,2024,ok,ok,3447829.03,3447829.03,3447829.03,new_observed,19555905.61,19555905.61,19750360.063912638,new_observed,55712049158.33,24879438.92785902,4,
3532900,Nova Europa,2025,ok,ok,3114226.81,3114226.81,3114226.81,new_observed,19261601.3,19261601.3,19384845.80347262,new_observed,59267888460.755,22499072.61347262,3,
3533007,Nova Granada,2019,ok,ok,1964465.27,1964465.27,1964465.27,new_observed,13739909.38,13739909.38,13572598.052153178,new_observed,37092224874.8675,27056406.754898816,1,
3533007,Nova Granada,2020,ok,ok,1918754.19,1918754.19,1918754.19,new_observed,13608244.21,13608244.21,13790190.32262259,new_observed,37158522668.0775,26776698.12610976,1,
3533007,Nova Granada,2021,ok,ok,2102874.92,2102874.92,2102874.92,new_observed,17310826.12,17310826.12,17331275.41873548,new_observed,46897671220.665,26383562.93160589,1,
3533007,Nova Granada,2022,ok,ok,3266930.42,3266930.42,3266930.42,new_observed,20723525.13,20723525.13,20713463.591018643,new_observed,50777650919.455,30469360.934256166,1,
3533007,Nova Granada,2023,ok,ok,3705183.5,3705183.5,3705183.5,new_observed,21016622.8,21016622.8,20823148.776522364,new_observed,48945614200.0975,30272916.333724935,1,
3533007,Nova Granada,2024,ok,ok,4223953.44,4223953.44,4223953.44,new_observed,22469975.98,22469975.98,22693406.538305964,new_observed,55712049158.33,28868150.48228013,1,
3533007,Nova Granada,2025,ok,ok,5463920.85,5463920.85,5463920.85,new_observed,25639629.99,25639629.99,25803684.027778223,new_observed,59267888460.755,31267604.877778225,1,
3533106,Nova Guataporanga,2019,ok,ok,96618.93,96618.93,96618.93,new_observed,1921928.84,1921928.84,1898525.4493840786,new_observed,37092224874.8675,3474365.56986915,1,
3533106,Nova Guataporanga,2020,ok,ok,139795.49,139795.49,139795.49,new_observed,1851646.83,1851646.83,1876403.8770862708,new_observed,37158522668.0775,3436714.7818965428,1,
3533106,Nova Guataporanga,2021,ok,ok,77384.5,77384.5,77384.5,new_observed,2284788.31,2284788.31,2287487.3330491967,new_observed,46897671220.665,3210520.8483477966,1,
3533106,Nova Guataporanga,2022,ok,ok,332701.09,332701.09,332701.09,new_observed,2577756.46,2577756.46,2576504.925961074,new_observed,50777650919.455,3696421.6722918656,1,
3533106,Nova Guataporanga,2023,ok,ok,152912.68,152912.68,152912.68,new_observed,2580050.68,2580050.68,2556299.347990758,new_observed,48945614200.0975,3343714.857132296,1,
3533106,Nova Guataporanga,2024,ok,ok,197122.78,197122.78,197122.78,new_observed,3002718.22,3002718.22,3032575.795679086,new_observed,55712049158.33,3463765.5613422976,1,
3533106,Nova Guataporanga,2025,ok,ok,225818.65,225818.65,225818.65,new_observed,3592478.03,3592478.03,3615464.3416855005,new_observed,59267888460.755,3841282.9916855004,1,
3533205,Nova Independência,2019,ok,ok,1035278.65,1035278.65,1035278.65,new_observed,12009619.31,12009619.31,11863377.781171886,new_observed,37092224874.8675,22461857.02904851,1,
3533205,Nova Independência,2020,ok,ok,1038065.7,1038065.7,1038065.7,new_observed,12190309.09,12190309.09,12353297.004999602,new_observed,37158522668.0775,22826261.583704267,1,
3533205,Nova Independência,2021,ok,ok,1034697.18,1034697.18,1034697.18,new_observed,16676944.05,16676944.05,16696644.543119699,new_observed,46897671220.665,24071850.945873514,1,
3533205,Nova Independência,2022,ok,ok,1927258.48,1927258.48,1927258.48,new_observed,19762824.23,19762824.23,19753229.12370778,new_observed,50777650919.455,27547112.100180972,1,
3533205,Nova Independência,2023,ok,ok,1636387.23,1636387.23,1636387.23,new_observed,19748745.05,19748745.05,19566942.807088852,new_observed,48945614200.0975,26169191.97655922,1,
3533205,Nova Independência,2024,ok,ok,1760924.73,1760924.73,1760924.73,new_observed,21092380.81,21092380.81,21302113.229143433,new_observed,55712049158.33,24734492.941346493,1,
3533205,Nova Independência,2025,ok,ok,1574524.24,1574524.24,1574524.24,new_observed,24048146.1,24048146.1,24202017.0985411,new_observed,59267888460.755,25776541.338541098,1,
3533254,Novais,2019,ok,ok,213728.32,213728.32,213728.32,new_observed,3549382.61,3549382.61,3506161.6613684213,new_observed,37092224874.8675,6477855.842672141,1,
3533254,Novais,2020,ok,ok,240474.93,240474.93,240474.93,new_observed,3507607.23,3507607.23,3554504.9407007247,new_observed,37158522668.0775,6468736.986801637,1,
3533254,Novais,2021,ok,ok,291409.58,291409.58,291409.58,new_observed,4578465.11,4578465.11,4583873.656081818,new_observed,46897671220.665,6618624.422812673,3,
3533254,Novais,2022,ok,ok,376174.87,376174.87,376174.87,new_observed,5254989.46,5254989.46,5252438.094777783,new_observed,50777650919.455,7151685.6605544565,2,
3533254,Novais,2023,ok,ok,1154892.15,1154892.15,1154892.15,new_observed,5376872.56,5376872.56,5327374.351947767,new_observed,48945614200.0975,8000426.170604497,1,
3533254,Novais,2024,ok,ok,2019519.14,2019519.14,2019519.14,new_observed,12872953.95,12872953.95,13000956.369346395,new_observed,55712049158.33,16109059.2713656,4,
3533254,Novais,2025,ok,ok,559038.64,559038.64,559038.64,new_observed,6832324.27,6832324.27,6876040.594468832,new_observed,59267888460.755,7435079.234468832,2,
3533304,Nova Luzitânia,2019,ok,ok,297616.23,297616.23,297616.23,new_observed,2730168.77,2730168.77,2696923.4152075197,new_observed,37092224874.8675,5214723.078902714,1,
3533304,Nova Luzitânia,2020,ok,ok,284463.52,284463.52,284463.52,new_observed,2682241.33,2682241.33,2718103.6628313377,new_observed,37158522668.0775,5118029.094407696,1,
3533304,Nova Luzitânia,2021,ok,ok,351993.83,351993.83,351993.83,new_observed,3365691.57,3365691.57,3369667.4653090574,new_observed,46897671220.665,5052481.496924416,1,
3533304,Nova Luzitânia,2022,ok,ok,1003621.81,1003621.81,1003621.81,new_observed,3651423.14,3651423.14,3649650.3269274137,new_observed,50777650919.455,5912422.798399893,1,
3533304,Nova Luzitânia,2023,ok,ok,1194090.4,1194090.4,1194090.4,new_observed,3546830.17,3546830.17,3514178.8962862343,new_observed,48945614200.0975,5810955.301659324,1,
3533304,Nova Luzitânia,2024,ok,ok,524745.33,524745.33,524745.33,new_observed,4596127.27,4596127.27,4641828.933539622,new_observed,55712049158.33,5541013.065097929,1,
3533304,Nova Luzitânia,2025,ok,ok,448827.97,448827.97,448827.97,new_observed,6141143.81,6141143.81,6180437.646884548,new_observed,59267888460.755,6629265.616884547,1,
3533403,Nova Odessa,2019,ok,ok,13669708.15,13669708.15,13669708.15,new_observed,73716619.05,73716619.05,72818969.35839526,new_observed,37092224874.8675,150612299.7531889,1,
3533403,Nova Odessa,2020,ok,ok,13862488.66,13862488.66,13862488.66,new_observed,72915859.08,72915859.08,73890764.94613616,new_observed,37158522668.0775,149579902.04290143,1,
3533403,Nova Odessa,2021,ok,ok,16188139.55,16188139.55,16188139.55,new_observed,93331267.22,93331267.22,93441519.55293389,new_observed,46897671220.665,148831873.7736469,1,
3533403,Nova Odessa,2022,ok,ok,20448005.98,20448005.98,20448005.98,new_observed,97712175.4,97712175.4,97664734.87742612,new_observed,50777650919.455,150073419.58041126,1,
3533403,Nova Odessa,2023,ok,ok,25614010.01,25614010.01,25614010.01,new_observed,86868819.35,86868819.35,86069125.69063638,new_observed,48945614200.0975,137839547.5419077,1,
3533403,Nova Odessa,2024,ok,ok,28600459.6,28600459.6,28600459.6,new_observed,93828422.16,93828422.16,94761406.54622436,new_observed,55712049158.33,132302310.42547539,1,
3533403,Nova Odessa,2025,ok,ok,33748260.41,33748260.41,33748260.41,new_observed,103650988.3,103650988.3,104314194.56143786,new_observed,59267888460.755,138062454.97143787,1,
3533502,Novo Horizonte,2019,ok,ok,5850369.06,5850369.06,5850369.06,new_observed,43755367.41,43755367.41,43222556.86377843,new_observed,37092224874.8675,85456113.3540367,2,
3533502,Novo Horizonte,2020,ok,ok,5745361.85,5745361.85,5745361.85,new_observed,39451515.15,39451515.15,39978993.17786629,new_observed,37158522668.0775,77939498.13804781,5,
3533502,Novo Horizonte,2021,ok,ok,6442302.87,6442302.87,6442302.87,new_observed,50035990.05,50035990.05,50095097.622392274,new_observed,46897671220.665,76754477.96178234,1,
3533502,Novo Horizonte,2022,ok,ok,8183452.23,8183452.23,8183452.23,new_observed,62180761.44,62180761.44,62150571.87759715,new_observed,50777650919.455,89366036.50083314,1,
3533502,Novo Horizonte,2023,ok,ok,9883006.7,9883006.7,9883006.7,new_observed,64771457.71,64771457.71,64175187.0984503,new_observed,48945614200.0975,91402769.63848837,1,
3533502,Novo Horizonte,2024,ok,ok,13369298.5,13369298.5,13369298.5,new_observed,66650909.72,66650909.72,67313654.085352,new_observed,55712049158.33,86530314.20859274,1,
3533502,Novo Horizonte,2025,ok,ok,14797650.82,14797650.82,14797650.82,new_observed,68172599.28,68172599.28,68608798.63943236,new_observed,59267888460.755,83406449.45943236,1,
3533601,Nuporanga,2019,ok,ok,702633.91,702633.91,702633.91,new_observed,14606658.09,14606658.09,14428792.334640669,new_observed,37092224874.8675,26350026.048552707,1,
3533601,Nuporanga,2020,ok,ok,900399.24,900399.24,900399.24,new_observed,15045589.72,15045589.72,15246753.552704941,new_observed,37158522668.0775,27523646.517371725,1,
3533601,Nuporanga,2021,ok,ok,1567331.0,1567331.0,1567331.0,new_observed,18230998.26,18230998.26,18252534.559139073,new_observed,46897671220.665,26907205.160045013,1,
3533601,Nuporanga,2022,ok,ok,2517582.07,2517582.07,2517582.07,new_observed,19584998.07,19584998.07,19575489.300604112,new_observed,50777650919.455,28071338.8373815,1,
3533601,Nuporanga,2023,ok,ok,1849055.22,1849055.22,1849055.22,new_observed,20451817.96,20451817.96,20263543.395346664,new_observed,48945614200.0975,27291413.058863737,1,
3533601,Nuporanga,2024,ok,ok,1808241.5,1808241.5,1808241.5,new_observed,23536982.98,23536982.98,23771023.339132566,new_observed,55712049158.33,27433079.142876945,1,
3533601,Nuporanga,2025,ok,ok,2420024.28,2420024.28,2420024.28,new_observed,26470867.9,26470867.9,26640240.576757915,new_observed,59267888460.755,29060264.856757917,1,
3533700,Ocauçu,2019,ok,absent_dca,,,853226.4193129387,imputed_temporal,,,5463037.514108074,imputed_temporal,37092224874.8675,10999208.963142259,1,
3533700,Ocauçu,2020,ok,ok,860646.52,860646.52,860646.52,new_observed,5410078.07,5410078.07,5482412.359319843,new_observed,37158522668.0775,10812067.77904214,1,
3533700,Ocauçu,2021,ok,ok,1036896.45,1036896.45,1036896.45,new_observed,6875947.9,6875947.9,6884070.465134788,new_observed,46897671220.665,10753407.0408053,1,
3533700,Ocauçu,2022,ok,ok,1613811.7,1613811.7,1613811.7,new_observed,7597693.43,7597693.43,7594004.651757168,new_observed,50777650919.455,11699402.424710931,1,
3533700,Ocauçu,2023,ok,ok,1356101.45,1356101.45,1356101.45,new_observed,7892478.55,7892478.55,7819822.272404371,new_observed,48945614200.0975,11324943.253433999,1,
3533700,Ocauçu,2024,ok,ok,1141348.49,1141348.49,1141348.49,new_observed,8937133.11,8937133.11,9025999.633141784,new_observed,55712049158.33,10904209.620153751,1,
3533700,Ocauçu,2025,ok,ok,1696194.94,1696194.94,1696194.94,new_observed,9890051.64,9890051.64,9953332.69772236,new_observed,59267888460.755,11649527.63772236,1,
3533809,Óleo,2019,ok,ok,98669.17,98669.17,98669.17,new_observed,4110225.26,4110225.26,4060174.911996892,new_observed,37092224874.8675,7242255.166217462,1,
3533809,Óleo,2020,ok,ok,192920.14,192920.14,192920.14,new_observed,3805193.75,3805193.75,3856070.2774861474,new_observed,37158522668.0775,6901710.93528405,1,
3533809,Óleo,2021,ok,ok,123548.46,123548.46,123548.46,new_observed,4810415.53,4810415.53,4816098.079378802,new_observed,46897671220.665,6706003.24995066,1,
3533809,Óleo,2022,ok,ok,560054.53,560054.53,560054.53,new_observed,5681679.85,5681679.85,5678921.321085071,new_observed,50777650919.455,7927209.49370023,2,
3533809,Óleo,2023,ok,ok,441897.28,441897.28,441897.28,new_observed,6372249.22,6372249.22,6313587.811507879,new_observed,48945614200.0975,8337633.095613764,1,
3533809,Óleo,2024,ok,ok,325025.41,325025.41,325025.41,new_observed,7501211.85,7501211.85,7575800.267589255,new_observed,55712049158.33,8473424.763005447,1,
3533809,Óleo,2025,ok,ok,296895.61,296895.61,296895.61,new_observed,8127815.11,8127815.11,8179820.575275062,new_observed,59267888460.755,8476716.185275061,1,
3533908,Olímpia,2019,ok,ok,24911621.49,24911621.49,24911621.49,new_observed,47000983.74,47000983.74,46428651.21711648,new_observed,37092224874.8675,124232707.06614171,1,
3533908,Olímpia,2020,ok,ok,20947052.99,20947052.99,20947052.99,new_observed,44562407.54,44562407.54,45158219.659174666,new_observed,37158522668.0775,112679813.01027697,1,
3533908,Olímpia,2021,ok,ok,26516968.93,26516968.93,26516968.93,new_observed,55823804.96,55823804.96,55889749.68477887,new_observed,46897671220.665,111874345.34900403,1,
3533908,Olímpia,2022,ok,ok,36656476.19,36656476.19,36656476.19,new_observed,61617493.63,61617493.63,61587577.541390434,new_observed,50777650919.455,124828371.51928164,1,
3533908,Olímpia,2023,ok,ok,44704921.11,44704921.11,44704921.11,new_observed,64434720.36,64434720.36,63841549.672285825,new_observed,48945614200.0975,133968269.47988287,1,
3533908,Olímpia,2024,ok,ok,51242595.35,51242595.35,51242595.35,new_observed,75330413.85,75330413.85,76079463.0006936,new_observed,55712049158.33,136549510.91577274,1,
3533908,Olímpia,2025,ok,ok,60778130.07,60778130.07,60778130.07,new_observed,81577400.88,81577400.88,82099370.26922427,new_observed,59267888460.755,142877500.33922428,1,
3534005,Onda Verde,2019,ok,ok,2240036.1,2240036.1,2240036.1,new_observed,7457886.72,7457886.72,7367071.788434971,new_observed,37092224874.8675,16729919.507830853,1,
3534005,Onda Verde,2020,ok,ok,1843012.37,1843012.37,1843012.37,new_observed,8637586.88,8637586.88,8753073.884128058,new_observed,37158522668.0775,18061570.127580777,1,
3534005,Onda Verde,2021,ok,ok,1970299.26,1970299.26,1970299.26,new_observed,12165304.76,12165304.76,12179675.648455633,new_observed,46897671220.665,19209831.506437477,1,
3534005,Onda Verde,2022,ok,ok,2505054.81,2505054.81,2505054.81,new_observed,13560697.84,13560697.84,13554113.946136594,new_observed,50777650919.455,20404694.30610788,1,
3534005,Onda Verde,2023,ok,ok,2971471.64,2971471.64,2971471.64,new_observed,13372869.06,13372869.06,13249761.612761725,new_observed,48945614200.0975,20020278.246178247,1,
3534005,Onda Verde,2024,ok,ok,3367119.83,3367119.83,3367119.83,new_observed,14509809.76,14509809.76,14654088.28074589,new_observed,55712049158.33,19327264.933588807,1,
3534005,Onda Verde,2025,ok,ok,4354996.5,4354996.5,4354996.5,new_observed,16308692.33,16308692.33,16413042.776112627,new_observed,59267888460.755,20768039.276112627,1,
3534104,Oriente,2019,ok,ok,797992.02,797992.02,797992.02,new_observed,4335446.09,4335446.09,4282653.220551961,new_observed,37092224874.8675,8847489.474392153,1,
3534104,Oriente,2020,ok,ok,1240401.23,1240401.23,1240401.23,new_observed,4222211.05,4222211.05,4278663.217918556,new_observed,37158522668.0775,9407527.192021875,1,
3534104,Oriente,2021,ok,ok,2358733.27,2358733.27,2358733.27,new_observed,5630429.24,5630429.24,5637080.472514243,new_observed,46897671220.665,10855018.171005366,2,
3534104,Oriente,2022,ok,ok,2134382.28,2134382.28,2134382.28,new_observed,6764793.65,6764793.65,6761509.255352693,new_observed,50777650919.455,11303072.413994154,1,
3534104,Oriente,2023,ok,ok,2547446.78,2547446.78,2547446.78,new_observed,7169207.05,7169207.05,7103209.03755493,new_observed,48945614200.0975,11910858.546630787,1,
3534104,Oriente,2024,ok,ok,2713868.21,2713868.21,2713868.21,new_observed,7836303.42,7836303.42,7914223.825867097,new_observed,55712049158.33,11398345.17494325,1,
3534104,Oriente,2025,ok,ok,2604248.97,2604248.97,2604248.97,new_observed,8156355.78,8156355.78,8208543.861488954,new_observed,59267888460.755,10812792.831488954,1,
3534203,Orindiúva,2019,ok,ok,2382129.72,2382129.72,2382129.72,new_observed,14140256.88,14140256.88,13968070.50749512,new_observed,37092224874.8675,28472411.980737235,3,
3534203,Orindiúva,2020,ok,ok,2548321.92,2548321.92,2548321.92,new_observed,11573718.46,11573718.46,11728462.382131988,new_observed,37158522668.0775,24335507.911597352,1,
3534203,Orindiúva,2021,ok,ok,2723703.52,2723703.52,2723703.52,new_observed,17427727.17,17427727.17,17448314.56407983,new_observed,46897671220.665,27385283.086857162,1,
3534203,Orindiúva,2022,ok,ok,4038223.09,4038223.09,4038223.09,new_observed,17888002.8,17888002.8,17879317.943715088,new_observed,50777650919.455,27848310.926033344,2,
3534203,Orindiúva,2023,ok,ok,4140552.45,4140552.45,4140552.45,new_observed,14896458.55,14896458.55,14759325.300825622,new_observed,48945614200.0975,23326266.597261444,1,
3534203,Orindiúva,2024,ok,ok,4656388.94,4656388.94,4656388.94,new_observed,15957337.02,15957337.02,16116009.050741306,new_observed,55712049158.33,22277842.684343107,4,
3534203,Orindiúva,2025,ok,ok,4912758.52,4912758.52,4912758.52,new_observed,18163385.96,18163385.96,18279603.58122248,new_observed,59267888460.755,23192362.101222478,1,
3534302,Orlândia,2019,ok,ok,7787116.07,7787116.07,7787116.07,new_observed,33153854.84,33153854.84,32750139.26058027,new_observed,37092224874.8675,70592006.10887213,4,
3534302,Orlândia,2020,ok,ok,8215601.75,8215601.75,8215601.75,new_observed,33525285.25,33525285.25,33973527.89112768,new_observed,37158522668.0775,71913525.93397032,1,
3534302,Orlândia,2021,ok,ok,9305357.95,9305357.95,9305357.95,new_observed,44407599.91,44407599.91,44460058.658669196,new_observed,46897671220.665,72991266.81198303,1,
3534302,Orlândia,2022,ok,ok,11560733.2,11560733.2,11560733.2,new_observed,50952280.42,50952280.42,50927542.43008666,new_observed,50777650919.455,79397270.26409759,1,
3534302,Orlândia,2023,ok,ok,14231568.36,14231568.36,14231568.36,new_observed,50656430.97,50656430.97,50190099.932513654,new_observed,48945614200.0975,79509350.75047633,1,
3534302,Orlândia,2024,ok,ok,16246577.15,16246577.15,16246577.15,new_observed,57939690.1,57939690.1,58515814.31653855,new_observed,55712049158.33,80180670.35588233,1,
3534302,Orlândia,2025,ok,ok,17447673.17,17447673.17,17447673.17,new_observed,64641570.85,64641570.85,65055177.08029293,new_observed,59267888460.755,82502850.25029293,1,
3534401,Osasco,2019,ok,ok,931649135.13,931649135.13,931649135.13,new_observed,421246975.07,421246975.07,416117436.81751263,new_observed,37092224874.8675,2347014994.093103,1,
3534401,Osasco,2020,ok,ok,875516511.39,875516511.39,875516511.39,new_observed,424327149.38,424327149.38,430000524.58686036,new_observed,37158522668.0775,2225320456.3016095,1,
3534401,Osasco,2021,ok,ok,1183145754.36,1183145754.36,1183145754.36,new_observed,544579990.57,544579990.57,545223303.537003,new_observed,46897671220.665,2346412527.085197,1,
3534401,Osasco,2022,ok,ok,1593327168.9,1593327168.9,1593327168.9,new_observed,582276119.42,582276119.42,581993416.8471168,new_observed,50777650919.455,2763950752.618638,1,
3534401,Osasco,2023,ok,ok,1611340640.46,1611340640.46,1611340640.46,new_observed,554547236.49,554547236.49,549442206.7203206,new_observed,48945614200.0975,2666842474.6776996,1,
3534401,Osasco,2024,ok,ok,1828732138.3,1828732138.3,1828732138.3,new_observed,596019699.8,596019699.8,601946231.0257652,new_observed,55712049158.33,2606837706.0853033,1,
3534401,Osasco,2025,ok,ok,1942814472.22,1942814472.22,1942814472.22,new_observed,639773138.95,639773138.95,643866699.0656387,new_observed,59267888460.755,2586681171.285639,1,
3534500,Oscar Bressane,2019,ok,ok,137423.18,137423.18,137423.18,new_observed,2984933.3,2984933.3,2948585.6691572405,new_observed,37092224874.8675,5374008.520192109,1,
3534500,Oscar Bressane,2020,ok,partial,,,159716.65819689524,imputed_temporal,3735857.21,3735857.21,3785806.688138633,new_observed,37158522668.0775,6725346.028783384,1,
3534500,Oscar Bressane,2021,ok,ok,227815.18,227815.18,227815.18,new_observed,4609881.1,4609881.1,4615326.757826811,new_observed,46897671220.665,6574989.792513231,1,
3534500,Oscar Bressane,2022,ok,ok,226553.8,226553.8,226553.8,new_observed,5269331.94,5269331.94,5266773.611318589,new_observed,50777650919.455,6979792.556727856,1,
3534500,Oscar Bressane,2023,ok,ok,197522.15,197522.15,197522.15,new_observed,5298108.02,5298108.02,5249334.8995418195,new_observed,48945614200.0975,6722521.771297443,1,
3534500,Oscar Bressane,2024,ok,ok,335356.42,335356.42,335356.42,new_observed,6176084.46,6176084.46,6237496.4526194325,new_observed,55712049158.33,7049209.35699455,1,
3534500,Oscar Bressane,2025,ok,ok,337561.88,337561.88,337561.88,new_observed,6829363.21,6829363.21,6873060.588257467,new_observed,59267888460.755,7210622.468257467,1,
3534609,Osvaldo Cruz,2019,ok,ok,3792994.31,3792994.31,3792994.31,new_observed,15245057.19,15245057.19,15059417.627829928,new_observed,37092224874.8675,32829789.975403693,1,
3534609,Osvaldo Cruz,2020,ok,ok,3997204.01,3997204.01,3997204.01,new_observed,14437325.74,14437325.74,14630356.909526538,new_observed,37158522668.0775,31751628.835858062,1,
3534609,Osvaldo Cruz,2021,ok,ok,4766637.55,4766637.55,4766637.55,new_observed,18325086.18,18325086.18,18346733.6253068,new_observed,46897671220.665,31378427.78491911,1,
3534609,Osvaldo Cruz,2022,ok,ok,6018091.21,6018091.21,6018091.21,new_observed,20566579.26,20566579.26,20556593.920264624,new_observed,50777650919.455,33765653.41571084,1,
3534609,Osvaldo Cruz,2023,ok,ok,7053208.68,7053208.68,7053208.68,new_observed,22022565.25,22022565.25,21819830.759936437,new_observed,48945614200.0975,35635162.53007406,1,
3534609,Osvaldo Cruz,2024,ok,ok,8368580.68,8368580.68,8368580.68,new_observed,24788007.83,24788007.83,25034487.774334565,new_observed,55712049158.33,35823899.798746966,1,
3534609,Osvaldo Cruz,2025,ok,ok,8962884.52,8962884.52,8962884.52,new_observed,25416340.42,25416340.42,25578965.749346532,new_observed,59267888460.755,34541850.269346535,1,
3534708,Ourinhos,2019,ok,ok,24461707.92,24461707.92,24461707.92,new_observed,63249990.5,63249990.5,62479793.28805493,new_observed,37092224874.8675,151400851.74349847,1,
3534708,Ourinhos,2020,ok,ok,25102690.37,25102690.37,25102690.37,new_observed,62100897.6,62100897.6,62931204.34158466,new_observed,37158522668.0775,150058269.13856044,1,
3534708,Ourinhos,2021,ok,ok,31227690.45,31227690.45,31227690.45,new_observed,77913391.2,77913391.2,78005430.37832104,new_observed,46897671220.665,148293538.30023104,1,
3534708,Ourinhos,2022,ok,ok,42658518.4,42658518.4,42658518.4,new_observed,86037710.4,86037710.4,85995937.98089534,new_observed,50777650919.455,163467667.18965608,1,
3534708,Ourinhos,2023,ok,ok,43535351.47,43535351.47,43535351.47,new_observed,84157160.48,84157160.48,83382429.7062946,new_observed,48945614200.0975,156642177.19724727,1,
3534708,Ourinhos,2024,ok,ok,47778801.14,47778801.14,47778801.14,new_observed,94480619.42,94480619.42,95420088.93990038,new_observed,55712049158.33,153576989.38728613,1,
3534708,Ourinhos,2025,ok,ok,50019506.3,50019506.3,50019506.3,new_observed,94640951.78,94640951.78,95246507.7215147,new_observed,59267888460.755,145266014.0215147,1,
3534757,Ouroeste,2019,ok,ok,9718716.05,9718716.05,9718716.05,new_observed,32562106.81,32562106.81,32165596.965779237,new_observed,37092224874.8675,72937786.64006744,1,
3534757,Ouroeste,2020,ok,ok,4091311.05,4091311.05,4091311.05,new_observed,28197213.29,28197213.29,28574218.086925633,new_observed,37158522668.0775,55680062.53547295,1,
3534757,Ouroeste,2021,ok,ok,3204218.65,3204218.65,3204218.65,new_observed,36181816.75,36181816.75,36224558.371594734,new_observed,46897671220.665,53528021.63890166,1,
3534757,Ouroeste,2022,ok,ok,5233365.3,5233365.3,5233365.3,new_observed,42330480.35,42330480.35,42309928.35532394,new_observed,50777650919.455,60408255.74933337,1,
3534757,Ouroeste,2023,ok,ok,4179007.09,4179007.09,4179007.09,new_observed,37733846.84,37733846.84,37386478.033941224,new_observed,48945614200.0975,51300204.16154296,1,
3534757,Ouroeste,2024,ok,ok,4908917.93,4908917.93,4908917.93,new_observed,36989740.42,36989740.42,37357548.483568445,new_observed,55712049158.33,45329657.654558845,1,
3534757,Ouroeste,2025,ok,ok,11976623.88,11976623.88,11976623.88,new_observed,45816129.01,45816129.01,46109281.48382236,new_observed,59267888460.755,58085905.36382236,1,
3534807,Ouro Verde,2019,ok,ok,479988.96,479988.96,479988.96,new_observed,6559240.21,6559240.21,6479368.126505853,new_observed,37092224874.8675,12119098.19641485,1,
3534807,Ouro Verde,2020,ok,ok,322519.53,322519.53,322519.53,new_observed,6335410.62,6335410.62,6420116.8698577,new_observed,37158522668.0775,11493168.067914149,1,
3534807,Ouro Verde,2021,ok,ok,354536.22,354536.22,354536.22,new_observed,7948128.62,7948128.62,7957517.75344815,new_observed,46897671220.665,11284342.010171117,1,
3534807,Ouro Verde,2022,ok,ok,602634.15,602634.15,602634.15,new_observed,8773582.89,8773582.89,8769323.202244168,new_observed,50777650919.455,11907959.10587515,1,
3534807,Ouro Verde,2023,ok,ok,611189.73,611189.73,611189.73,new_observed,8712658.22,8712658.22,8632451.56372367,new_observed,48945614200.0975,11408520.41423569,1,
3534807,Ouro Verde,2024,ok,ok,597230.58,597230.58,597230.58,new_observed,10025554.51,10025554.51,10125243.768390393,new_observed,55712049158.33,11499567.687217264,1,
3534807,Ouro Verde,2025,ok,ok,732387.66,732387.66,732387.66,new_observed,11654560.1,11654560.1,11729131.287013216,new_observed,59267888460.755,12461518.947013216,4,
3534906,Pacaembu,2019,ok,ok,1136929.89,1136929.89,1136929.89,new_observed,7841121.65,7841121.65,7745640.0541039165,new_observed,37092224874.8675,15468201.4518049,1,
3534906,Pacaembu,2020,ok,ok,510701.55,510701.55,510701.55,new_observed,7464323.21,7464323.21,7564123.343688083,new_observed,37158522668.0775,13763951.386151083,3,
3534906,Pacaembu,2021,ok,ok,718951.37,718951.37,718951.37,new_observed,9604934.69,9604934.69,9616281.010357505,new_observed,46897671220.665,14030984.075307691,1,
3534906,Pacaembu,2022,ok,ok,2519680.11,2519680.11,2519680.11,new_observed,11546706.32,11546706.32,11541100.245019216,new_observed,50777650919.455,17865552.645111874,2,
3534906,Pacaembu,2023,ok,ok,1557354.09,1557354.09,1557354.09,new_observed,12729895.06,12729895.06,12612706.678253612,new_observed,48945614200.0975,17488717.098460596,1,
3534906,Pacaembu,2024,ok,ok,1679388.06,1679388.06,1679388.06,new_observed,13882934.87,13882934.87,14020980.05045281,new_observed,55712049158.33,16838225.948051106,1,
3534906,Pacaembu,2025,ok,ok,1595172.05,1595172.05,1595172.05,new_observed,13566225.43,13566225.43,13653028.323024163,new_observed,59267888460.755,15248200.373024164,1,
3535002,Palestina,2019,ok,ok,2028453.81,2028453.81,2028453.81,new_observed,16941051.99,16941051.99,16734760.243440533,new_observed,37092224874.8675,32674459.83407159,3,
3535002,Palestina,2020,ok,ok,2191171.77,2191171.77,2191171.77,new_observed,16944766.49,16944766.49,17171322.858667124,new_observed,37158522668.0775,33004360.873745576,1,
3535002,Palestina,2021,ok,ok,2014981.2,2014981.2,2014981.2,new_observed,21117603.78,21117603.78,21142550.029548183,new_observed,46897671220.665,31438378.930188287,1,
3535002,Palestina,2022,ok,ok,3107750.82,3107750.82,3107750.82,new_observed,22588692.43,22588692.43,22577725.32821608,new_observed,50777650919.455,32635829.21817803,1,
3535002,Palestina,2023,ok,ok,4817233.42,4817233.42,4817233.42,new_observed,24476495.33,24476495.33,24251170.544129707,new_observed,48945614200.0975,35876281.81322817,1,
3535002,Palestina,2024,ok,ok,3804448.07,3804448.07,3804448.07,new_observed,28521206.99,28521206.99,28804808.058688615,new_observed,55712049158.33,34972557.25661411,1,
3535002,Palestina,2025,ok,ok,3237320.75,3237320.75,3237320.75,new_observed,29714212.48,29714212.48,29904337.553514916,new_observed,59267888460.755,33141658.303514916,1,
3535101,Palmares Paulista,2019,ok,ok,526099.77,526099.77,526099.77,new_observed,4262441.93,4262441.93,4210538.0346063115,new_observed,37092224874.8675,8248431.279116327,1,
3535101,Palmares Paulista,2020,ok,ok,627926.49,627926.49,627926.49,new_observed,4163876.06,4163876.06,4219548.2724374095,new_observed,37158522668.0775,8262768.277233688,1,
3535101,Palmares Paulista,2021,ok,ok,522521.41,522521.41,522521.41,new_observed,5156606.07,5156606.07,5162697.5746604735,new_observed,46897671220.665,7718183.210859627,1,
3535101,Palmares Paulista,2022,ok,ok,930118.92,930118.92,930118.92,new_observed,5646278.32,5646278.32,5643536.978984903,new_observed,50777650919.455,8352452.180382879,1,
3535101,Palmares Paulista,2023,ok,ok,978504.73,978504.73,978504.73,new_observed,5597650.87,5597650.87,5546120.229413826,new_observed,48945614200.0975,8052705.062803095,1,
3535101,Palmares Paulista,2024,ok,ok,886589.28,886589.28,886589.28,new_observed,5989676.12,5989676.12,6049234.558369256,new_observed,55712049158.33,7438486.034514538,1,
3535101,Palmares Paulista,2025,ok,ok,1108255.44,1108255.44,1108255.44,new_observed,7169796.18,7169796.18,7215671.80354974,new_observed,59267888460.755,8323927.24354974,1,
3535200,Palmeira d'Oeste,2019,ok,ok,959184.7,959184.7,959184.7,new_observed,7456708.66,7456708.66,7365908.073710289,new_observed,37092224874.8675,14497404.798280692,1,
3535200,Palmeira d'Oeste,2020,ok,ok,987295.34,987295.34,987295.34,new_observed,7127256.91,7127256.91,7222550.370965674,new_observed,37158522668.0775,13994101.26427164,1,
3535200,Palmeira d'Oeste,2021,ok,ok,1291410.74,1291410.74,1291410.74,new_observed,8866275.24,8866275.24,8876748.981102644,new_observed,46897671220.665,13804168.292637968,1,
3535200,Palmeira d'Oeste,2022,ok,ok,2143458.7,2143458.7,2143458.7,new_observed,9590435.39,9590435.39,9585779.109810248,new_observed,50777650919.455,14903107.1026865,2,
3535200,Palmeira d'Oeste,2023,ok,ok,1698212.48,1698212.48,1698212.48,new_observed,9480601.78,9480601.78,9393325.618229335,new_observed,48945614200.0975,13689198.31461225,1,
3535200,Palmeira d'Oeste,2024,ok,ok,1995551.05,1995551.05,1995551.05,new_observed,10280042.83,10280042.83,10382262.596988648,new_observed,55712049158.33,13274874.924244968,1,
3535200,Palmeira d'Oeste,2025,ok,ok,1424161.43,1424161.43,1424161.43,new_observed,10783868.25,10783868.25,10852868.35374451,new_observed,59267888460.755,12277029.78374451,1,
3535309,Palmital,2019,ok,ok,5225109.4,5225109.4,5225109.4,new_observed,21715794.48,21715794.48,21451360.53729975,new_observed,37092224874.8675,46454687.507084645,1,
3535309,Palmital,2020,ok,ok,5448998.92,5448998.92,5448998.92,new_observed,22058293.36,22058293.36,22353219.043725707,new_observed,37158522668.0775,47390300.28738093,1,
3535309,Palmital,2021,ok,ok,6980692.31,6980692.31,6980692.31,new_observed,28088036.38,28088036.38,28121216.80956737,new_observed,46897671220.665,47653919.113187,1,
3535309,Palmital,2022,ok,ok,9617287.28,9617287.28,9617287.28,new_observed,31684044.59,31684044.59,31668661.57732578,new_observed,50777650919.455,52457706.76950043,2,
3535309,Palmital,2023,ok,ok,8812094.45,8812094.45,8812094.45,new_observed,33633866.43,33633866.43,33324241.067007735,new_observed,48945614200.0975,52004748.84862377,1,
3535309,Palmital,2024,ok,ok,9817867.86,9817867.86,9817867.86,new_observed,36443120.55,36443120.55,36805493.29032448,new_observed,55712049158.33,50002311.027604945,1,
3535309,Palmital,2025,ok,ok,9663993.32,9663993.32,9663993.32,new_observed,39315065.29,39315065.29,39566620.99532236,new_observed,59267888460.755,49230614.31532236,1,
3535408,Panorama,2019,ok,ok,867855.96,867855.96,867855.96,new_observed,9257315.5,9257315.5,9144588.865073534,new_observed,37092224874.8675,17435777.54567772,1,
3535408,Panorama,2020,ok,ok,688088.77,688088.77,688088.77,new_observed,8474617.28,8474617.28,8587925.334019719,new_observed,37158522668.0775,15811439.735960057,1,
3535408,Panorama,2021,ok,ok,768535.86,768535.86,768535.86,new_observed,10572908.42,10572908.42,10585398.208834147,new_observed,46897671220.665,15413960.929864919,1,
3535408,Panorama,2022,ok,ok,1099548.93,1099548.93,1099548.93,new_observed,12021964.67,12021964.67,12016127.850954933,new_observed,50777650919.455,16664709.076603848,1,
3535408,Panorama,2023,ok,ok,1089665.97,1089665.97,1089665.97,new_observed,12318200.73,12318200.73,12204802.30819275,new_observed,48945614200.0975,16408059.110986186,1,
3535408,Panorama,2024,ok,ok,1374646.18,1374646.18,1374646.18,new_observed,13571858.72,13571858.72,13706810.709880106,new_observed,55712049158.33,16174460.175142312,1,
3535408,Panorama,2025,ok,ok,2866608.91,2866608.91,2866608.91,new_observed,16597426.16,16597426.16,16703624.05674562,new_observed,59267888460.755,19570232.966745622,1,
3535507,Paraguaçu Paulista,2019,ok,ok,5683133.44,5683133.44,5683133.44,new_observed,36303855.94,36303855.94,35861782.69371479,new_observed,37092224874.8675,72346757.31219009,1,
3535507,Paraguaçu Paulista,2020,ok,ok,5927358.88,5927358.88,5927358.88,new_observed,33856587.99,33856587.99,34309260.24340639,new_observed,37158522668.0775,68585372.04819733,1,
3535507,Paraguaçu Paulista,2021,ok,ok,7845051.12,7845051.12,7845051.12,new_observed,40503934.39,40503934.39,40551781.734116435,new_observed,46897671220.665,65702943.686298296,1,
3535507,Paraguaçu Paulista,2022,ok,ok,9292606.66,9292606.66,9292606.66,new_observed,51820126.64,51820126.64,51794967.29954337,new_observed,50777650919.455,77617546.18027358,1,
3535507,Paraguaçu Paulista,2023,ok,ok,10729291.86,10729291.86,10729291.86,new_observed,57417215.95,57417215.95,56888646.73636161,new_observed,48945614200.0975,83454193.89747554,1,
3535507,Paraguaçu Paulista,2024,ok,ok,14395478.35,14395478.35,14395478.35,new_observed,62056664.62,62056664.62,62673726.03719926,new_observed,55712049158.33,82654665.67272516,1,
3535507,Paraguaçu Paulista,2025,ok,ok,17041566.02,17041566.02,17041566.02,new_observed,61223550.86,61223550.86,61615287.04065552,new_observed,59267888460.755,78656853.06065552,6,
3535606,Paraibuna,2019,ok,ok,9627429.58,9627429.58,9627429.58,new_observed,14360501.2,14360501.2,14185632.905175924,new_observed,37092224874.8675,41468319.4191586,1,
3535606,Paraibuna,2020,ok,ok,7387579.44,7387579.44,7387579.44,new_observed,14650235.54,14650235.54,14846113.37437554,new_observed,37158522668.0775,37898464.80397285,1,
3535606,Paraibuna,2021,ok,ok,6994619.21,6994619.21,6994619.21,new_observed,18593335.77,18593335.77,18615300.098854907,new_observed,46897671220.665,34767710.75562682,1,
3535606,Paraibuna,2022,ok,ok,7307387.3,7307387.3,7307387.3,new_observed,21806191.44,21806191.44,21795604.252548438,new_observed,50777650919.455,36978106.09257538,1,
3535606,Paraibuna,2023,ok,ok,20728059.42,20728059.42,20728059.42,new_observed,21524385.28,21524385.28,21326236.916077115,new_observed,48945614200.0975,51903495.92884099,1,
3535606,Paraibuna,2024,ok,ok,21589893.79,21589893.79,21589893.79,new_observed,21546104.23,21546104.23,21760348.255080946,new_observed,55712049158.33,46491978.10666657,1,
3535606,Paraibuna,2025,ok,ok,22238952.97,22238952.97,22238952.97,new_observed,26671874.69,26671874.69,26842533.499807935,new_observed,59267888460.755,49081486.46980794,1,
3535705,Paraíso,2019,ok,ok,972813.29,972813.29,972813.29,new_observed,9282691.62,9282691.62,9169655.979226744,new_observed,37092224874.8675,17662203.49092523,1,
3535705,Paraíso,2020,ok,ok,1094329.56,1094329.56,1094329.56,new_observed,9312727.37,9312727.37,9437241.195350101,new_observed,37158522668.0775,17951600.165318538,1,
3535705,Paraíso,2021,ok,ok,1021521.44,1021521.44,1021521.44,new_observed,12625813.18,12625813.18,12640728.06757997,new_observed,46897671220.665,18547701.514487285,1,
3535705,Paraíso,2022,ok,ok,1563955.31,1563955.31,1563955.31,new_observed,15342058.49,15342058.49,15334609.72254451,new_observed,50777650919.455,21471226.74510749,2,
3535705,Paraíso,2023,ok,ok,1615158.91,1615158.91,1615158.91,new_observed,19458808.28,19458808.28,19279675.125932474,new_observed,48945614200.0975,25788445.600205097,1,
3535705,Paraíso,2024,ok,ok,2428582.78,2428582.78,2428582.78,new_observed,21759997.89,21759997.89,21976368.77004129,new_observed,55712049158.33,26173659.468356483,1,
3535705,Paraíso,2025,ok,ok,2407401.79,2407401.79,2407401.79,new_observed,17557886.36,17557886.36,17670229.71882899,new_observed,59267888460.755,20077631.50882899,1,
3535804,Paranapanema,2019,ok,ok,5776230.61,5776230.61,5776230.61,new_observed,23614495.59,23614495.59,23326941.10151502,new_observed,37092224874.8675,50680571.69862206,1,
3535804,Paranapanema,2020,ok,ok,5680279.86,5680279.86,5680279.86,new_observed,23745780.07,23745780.07,24063267.933111142,new_observed,37158522668.0775,50699396.11892432,1,
3535804,Paranapanema,2021,ok,ok,3803274.72,3803274.72,3803274.72,new_observed,30627736.47,30627736.47,30663917.050194435,new_observed,46897671220.665,46792234.66395305,1,
3535804,Paranapanema,2022,ok,ok,7086222.26,7086222.26,7086222.26,new_observed,36806440.23,36806440.23,36788570.22811489,new_observed,50777650919.455,55747077.70112979,1,
3535804,Paranapanema,2023,ok,ok,7948805.9,7948805.9,7948805.9,new_observed,40301049.8,40301049.8,39930047.934982054,new_observed,48945614200.0975,59092176.34369709,1,
3535804,Paranapanema,2024,ok,ok,8588952.47,8588952.47,8588952.47,new_observed,45312428.62,45312428.62,45762993.46411808,new_observed,55712049158.33,58291012.02701311,1,
3535804,Paranapanema,2025,ok,ok,9700608.72,9700608.72,9700608.72,new_observed,50084771.64,50084771.64,50405236.834776476,new_observed,59267888460.755,60105845.554776475,1,
3535903,Paranapuã,2019,ok,ok,137130.82,137130.82,137130.82,new_observed,4210974.96,4210974.96,4159697.7795905815,new_observed,37092224874.8675,7482542.867727323,1,
3535903,Paranapuã,2020,ok,ok,161651.34,161651.34,161651.34,new_observed,3829304.45,3829304.45,3880503.3444329714,new_observed,37158522668.0775,6890059.079216414,1,
3535903,Paranapuã,2021,ok,ok,176958.14,176958.14,176958.14,new_observed,5169835.62,5169835.62,5175942.752743051,new_observed,46897671220.665,7267032.265817335,1,
3535903,Paranapuã,2022,ok,ok,296083.5,296083.5,296083.5,new_observed,6062132.52,6062132.52,6059189.2764023235,new_observed,50777650919.455,8074975.7477245545,1,
3535903,Paranapuã,2023,ok,ok,575219.04,575219.04,575219.04,new_observed,6962007.19,6962007.19,6897916.610112468,new_observed,48945614200.0975,9223358.838096566,1,
3535903,Paranapuã,2024,ok,ok,232682.84,232682.84,232682.84,new_observed,7703008.85,7703008.85,7779603.839221313,new_observed,55712049158.33,8592963.713727701,1,
3535903,Paranapuã,2025,ok,ok,322759.01,322759.01,322759.01,new_observed,8966163.6,8966163.6,9023533.200986201,new_observed,59267888460.755,9346292.2109862,1,
3536000,Parapuã,2019,ok,ok,794762.1,794762.1,794762.1,new_observed,10983621.74,10983621.74,10849873.817283595,new_observed,37092224874.8675,20278092.414124686,1,
3536000,Parapuã,2020,ok,ok,1188624.84,1188624.84,1188624.84,new_observed,10949055.72,10949055.72,11095447.722847672,new_observed,37158522668.0775,20938828.990725465,1,
3536000,Parapuã,2021,ok,ok,2720434.55,2720434.55,2720434.55,new_observed,14272434.85,14272434.85,14289294.893645931,new_observed,46897671220.665,23092199.01070409,1,
3536000,Parapuã,2022,ok,ok,4262179.38,4262179.38,4262179.38,new_observed,15891138.77,15891138.77,15883423.416980205,new_observed,50777650919.455,25596895.63804946,1,
3536000,Parapuã,2023,ok,ok,4651089.74,4651089.74,4651089.74,new_observed,17162286.48,17162286.48,17004294.55860712,new_observed,48945614200.0975,26727118.242518406,1,
3536000,Parapuã,2024,ok,ok,4433672.53,4433672.53,4433672.53,new_observed,19347360.27,19347360.27,19539741.05005603,new_observed,55712049158.33,25710846.50800701,3,
3536000,Parapuã,2025,ok,ok,4664604.18,4664604.18,4664604.18,new_observed,20250746.66,20250746.66,20380320.166282758,new_observed,59267888460.755,25044924.346282758,1,
3536109,Pardinho,2019,ok,ok,2463059.36,2463059.36,2463059.36,new_observed,8768989.64,8768989.64,8662209.365111211,new_observed,37092224874.8675,19373660.880623136,1,
3536109,Pardinho,2020,ok,ok,2277948.57,2277948.57,2277948.57,new_observed,8497147.6,8497147.6,8610756.890834467,new_observed,37158522668.0775,18560354.508516323,1,
3536109,Pardinho,2021,ok,ok,2610561.42,2610561.42,2610561.42,new_observed,11082833.27,11082833.27,11095925.433643878,new_observed,46897671220.665,18607757.590181936,1,
3536109,Pardinho,2022,ok,ok,3263801.68,3263801.68,3263801.68,new_observed,11981869.59,11981869.59,11976052.237633882,new_observed,50777650919.455,19363677.235176504,1,
3536109,Pardinho,2023,ok,ok,4306267.38,4306267.38,4306267.38,new_observed,11750470.84,11750470.84,11642298.80433062,new_observed,48945614200.0975,19683752.00964003,1,
3536109,Pardinho,2024,ok,ok,6004205.06,6004205.06,6004205.06,new_observed,13307560.98,13307560.98,13439884.921160351,new_observed,55712049158.33,20853267.780329272,1,
3536109,Pardinho,2025,ok,ok,5806545.37,5806545.37,5806545.37,new_observed,16323544.45,16323544.45,16427989.926745148,new_observed,59267888460.755,22234535.296745148,1,
3536208,Pariquera-Açu,2019,ok,ok,2870738.45,2870738.45,2870738.45,new_observed,8680165.37,8680165.37,8574466.711164687,new_observed,37092224874.8675,19930801.581545237,4,
3536208,Pariquera-Açu,2020,ok,ok,3169307.47,3169307.47,3169307.47,new_observed,8537538.82,8537538.82,8651688.15298463,new_observed,37158522668.0775,20149490.698906314,4,
3536208,Pariquera-Açu,2021,ok,ok,4063771.05,4063771.05,4063771.05,new_observed,10826728.03,10826728.03,10839517.656230342,new_observed,46897671220.665,20232521.032061953,1,
3536208,Pariquera-Açu,2022,ok,ok,5151779.22,5151779.22,5151779.22,new_observed,11551371.84,11551371.84,11545763.499849025,new_observed,50777650919.455,21215808.865045,1,
3536208,Pariquera-Açu,2023,ok,ok,5864720.63,5864720.63,5864720.63,new_observed,10806123.97,10806123.97,10706645.366678728,new_observed,48945614200.0975,20452412.773010407,1,
3536208,Pariquera-Açu,2024,ok,ok,5788395.48,5788395.48,5788395.48,new_observed,12863632.99,12863632.99,12991542.726234559,new_observed,55712049158.33,20140982.719792746,1,
3536208,Pariquera-Açu,2025,ok,ok,5651139.9,5651139.9,5651139.9,new_observed,17175252.15,17175252.15,17285147.240770243,new_observed,59267888460.755,22936287.14077024,1,
3536257,Parisi,2019,ok,ok,66524.68,66524.68,66524.68,new_observed,3019804.41,3019804.41,2983032.15250533,new_observed,37092224874.8675,5310530.592019917,1,
3536257,Parisi,2020,ok,ok,72324.9,72324.9,72324.9,new_observed,3035505.75,3035505.75,3076091.3290455434,new_observed,37158522668.0775,5366636.241712899,1,
3536257,Parisi,2021,ok,ok,62807.62,62807.62,62807.62,new_observed,3736079.85,3736079.85,3740493.285408723,new_observed,46897671220.665,5163314.425209587,1,
3536257,Parisi,2022,ok,ok,171000.13,171000.13,171000.13,new_observed,4013639.74,4013639.74,4011691.066092072,new_observed,50777650919.455,5314505.160828732,1,
3536257,Parisi,2023,ok,ok,149038.83,149038.83,149038.83,new_observed,3928104.17,3928104.17,3891942.9786591544,new_observed,48945614200.0975,4987387.76124356,1,
3536257,Parisi,2024,ok,ok,129881.31,129881.31,129881.31,new_observed,4674309.22,4674309.22,4720788.286984712,new_observed,55712049158.33,5202213.737841778,1,
3536257,Parisi,2025,ok,ok,116020.74,116020.74,116020.74,new_observed,5501886.94,5501886.94,5537090.520092939,new_observed,59267888460.755,5653111.260092939,1,
3536307,Patrocínio Paulista,2019,ok,ok,2929636.65,2929636.65,2929636.65,new_observed,22969863.7,22969863.7,22690158.915214323,new_observed,37092224874.8675,44614583.55527436,1,
3536307,Patrocínio Paulista,2020,ok,ok,3104640.27,3104640.27,3104640.27,new_observed,21518377.85,21518377.85,21806084.709116656,new_observed,37158522668.0775,42461602.83603861,1,
3536307,Patrocínio Paulista,2021,ok,ok,3291453.49,3291453.49,3291453.49,new_observed,26717795.31,26717795.31,26749357.07222094,new_observed,46897671220.665,40783034.10080432,1,
3536307,Patrocínio Paulista,2022,ok,ok,4002744.46,4002744.46,4002744.46,new_observed,29313619.05,29313619.05,29299386.90952651,new_observed,50777650919.455,42313510.783512585,1,
3536307,Patrocínio Paulista,2023,ok,ok,4678365.51,4678365.51,4678365.51,new_observed,29898709.29,29898709.29,29623468.89394909,new_observed,48945614200.0975,42335392.0395955,1,
3536307,Patrocínio Paulista,2024,ok,ok,5555490.74,5555490.74,5555490.74,new_observed,34592950.4,34592950.4,34936925.944442146,new_observed,55712049158.33,43427036.64771635,2,
3536307,Patrocínio Paulista,2025,ok,ok,5267185.3,5267185.3,5267185.3,new_observed,39227248.93,39227248.93,39478242.74622932,new_observed,59267888460.755,44745428.04622932,1,
3536406,Paulicéia,2019,ok,ok,1138436.03,1138436.03,1138436.03,new_observed,12497151.46,12497151.46,12344973.23616695,new_observed,37092224874.8675,23480151.814019114,1,
3536406,Paulicéia,2020,ok,ok,1162501.48,1162501.48,1162501.48,new_observed,11819153.94,11819153.94,11977179.404614363,new_observed,37158522668.0775,22397257.0682914,2,
3536406,Paulicéia,2021,ok,ok,1110081.98,1110081.98,1110081.98,new_observed,14150635.06,14150635.06,14167351.221414411,new_observed,46897671220.665,20740454.98657746,1,
3536406,Paulicéia,2022,ok,ok,1721250.33,1721250.33,1721250.33,new_observed,13667649.32,13667649.32,13661013.49981236,new_observed,50777650919.455,19544622.511254452,1,
3536406,Paulicéia,2023,ok,ok,2595920.87,2595920.87,2595920.87,new_observed,15099056.64,15099056.64,14960058.321066594,new_observed,48945614200.0975,21667624.329945967,3,
3536406,Paulicéia,2024,ok,ok,3109430.79,3109430.79,3109430.79,new_observed,17574743.22,17574743.22,17749497.95463895,new_observed,55712049158.33,22370644.60945298,1,
3536406,Paulicéia,2025,ok,ok,3920181.67,3920181.67,3920181.67,new_observed,19048592.89,19048592.89,19170474.468588177,new_observed,59267888460.755,23090656.138588175,2,
3536505,Paulínia,2019,ok,ok,120847913.52,120847913.52,120847913.52,new_observed,1045611967.62,1045611967.62,1032879516.34418,new_observed,37092224874.8675,2009113175.3438253,1,
3536505,Paulínia,2020,ok,ok,116240466.0,116240466.0,116240466.0,new_observed,1010906514.55,1010906514.55,1024422623.4402314,new_observed,37158522668.0775,1944318485.878824,1,
3536505,Paulínia,2021,ok,ok,144528757.77,144528757.77,144528757.77,new_observed,1310695024.57,1310695024.57,1312243350.104711,new_observed,46897671220.665,1977695855.7593124,1,
3536505,Paulínia,2022,ok,ok,211557804.09,211557804.09,211557804.09,new_observed,1387481415.67,1387481415.67,1386807775.5309746,new_observed,50777650919.455,2030874794.1333055,1,
3536505,Paulínia,2023,ok,ok,248899732.47,248899732.47,248899732.47,new_observed,1463430072.02,1463430072.02,1449958083.3562515,new_observed,48945614200.0975,2096733685.0140905,1,
3536505,Paulínia,2024,ok,ok,335588211.74,335588211.74,335588211.74,new_observed,1896684865.22,1896684865.22,1915544580.9021068,new_observed,55712049158.33,2414279864.9631066,1,
3536505,Paulínia,2025,ok,ok,354342306.44,354342306.44,354342306.44,new_observed,1992572450.77,1992572450.77,2005321837.4125514,new_observed,59267888460.755,2359664143.8525515,1,
3536570,Paulistânia,2019,ok,ok,1375535.84,1375535.84,1375535.84,new_observed,3525735.79,3525735.79,3482802.789472309,new_observed,37092224874.8675,8460362.385510558,1,
3536570,Paulistânia,2020,ok,ok,1327350.49,1327350.49,1327350.49,new_observed,3572807.88,3572807.88,3620577.3420174187,new_observed,37158522668.0775,8433995.664142061,3,
3536570,Paulistânia,2021,ok,ok,1626720.99,1626720.99,1626720.99,new_observed,4646328.54,4646328.54,4651817.253229455,new_observed,46897671220.665,8523666.122339822,1,
3536570,Paulistânia,2022,ok,ok,2277517.17,2277517.17,2277517.17,new_observed,5147378.33,5147378.33,5144879.211370606,new_observed,50777650919.455,9430857.31773976,2,
3536570,Paulistânia,2023,ok,ok,2580608.63,2580608.63,2580608.63,new_observed,5183505.53,5183505.53,5135787.412767212,new_observed,48945614200.0975,9523591.297080128,3,
3536570,Paulistânia,2024,ok,ok,2621097.55,2621097.55,2621097.55,new_observed,5792241.64,5792241.64,5849836.885523188,new_observed,55712049158.33,9084851.196673788,1,
3536570,Paulistânia,2025,ok,ok,2904149.16,2904149.16,2904149.16,new_observed,6613155.44,6613155.44,6655469.422409658,new_observed,59267888460.755,9559618.582409658,1,
3536604,Paulo de Faria,2019,ok,ok,1617874.61,1617874.61,1617874.61,new_observed,14144187.97,14144187.97,13971953.728483062,new_observed,37092224874.8675,27148292.313620504,1,
3536604,Paulo de Faria,2020,ok,ok,1563399.58,1563399.58,1563399.58,new_observed,12414202.63,12414202.63,12580184.065590188,new_observed,37158522668.0775,24108460.5904006,4,
3536604,Paulo de Faria,2021,ok,ok,2574692.58,2574692.58,2574692.58,new_observed,14907445.27,14907445.27,14925055.452182861,new_observed,46897671220.665,23757442.205954682,1,
3536604,Paulo de Faria,2022,ok,ok,3691947.6,3691947.6,3691947.6,new_observed,17275527.04,17275527.04,17267139.548603334,new_observed,50777650919.455,26630504.523399115,1,
3536604,Paulo de Faria,2023,ok,ok,2265651.41,2265651.41,2265651.41,new_observed,17853430.46,17853430.46,17689076.03175312,new_observed,48945614200.0975,24628164.17750049,1,
3536604,Paulo de Faria,2024,ok,ok,2546296.11,2546296.11,2546296.11,new_observed,18837233.2,18837233.2,19024541.523540787,new_observed,55712049158.33,23134147.900676735,1,
3536604,Paulo de Faria,2025,ok,ok,2720725.87,2720725.87,2720725.87,new_observed,21837139.41,21837139.41,21976863.380085904,new_observed,59267888460.755,24697589.250085905,1,
3536703,Pederneiras,2019,ok,ok,6889842.49,6889842.49,6889842.49,new_observed,46995849.6,46995849.6,46423579.59570791,new_observed,37092224874.8675,92840558.31772314,1,
3536703,Pederneiras,2020,ok,ok,8557535.5,8557535.5,8557535.5,new_observed,49106504.02,49106504.02,49763072.00724695,new_observed,37158522668.0775,99410453.73850961,1,
3536703,Pederneiras,2021,ok,ok,11379528.09,11379528.09,11379528.09,new_observed,65893984.63,65893984.63,65971825.269564465,new_observed,46897671220.665,105011243.79692034,1,
3536703,Pederneiras,2022,ok,ok,13826710.7,13826710.7,13826710.7,new_observed,70553234.45,70553234.45,70518979.94386621,new_observed,50777650919.455,107169185.38937326,1,
3536703,Pederneiras,2023,ok,ok,14429173.89,14429173.89,14429173.89,new_observed,65682098.81,65682098.81,65077445.053392336,new_observed,48945614200.0975,98127226.75623818,1,
3536703,Pederneiras,2024,ok,ok,17226610.62,17226610.62,17226610.62,new_observed,74243535.41,74243535.41,74981777.16789192,new_observed,55712049158.33,98891035.99070084,1,
3536703,Pederneiras,2025,ok,ok,18328390.35,18328390.35,18328390.35,new_observed,86217032.22,86217032.22,86768688.08502078,new_observed,59267888460.755,105097078.43502077,1,
3536802,Pedra Bela,2019,ok,ok,207473.42,207473.42,207473.42,new_observed,5055744.92,5055744.92,4994180.948038779,new_observed,37092224874.8675,9058216.051638607,1,
3536802,Pedra Bela,2020,ok,ok,224303.74,224303.74,224303.74,new_observed,4730932.06,4730932.06,4794185.97315112,new_observed,37158522668.0775,8554271.993898613,1,
3536802,Pedra Bela,2021,ok,ok,313245.69,313245.69,313245.69,new_observed,6121112.39,6121112.39,6128343.267081709,new_observed,46897671220.665,8745021.76151021,1,
3536802,Pedra Bela,2022,ok,ok,498996.04,498996.04,498996.04,new_observed,6742254.26,6742254.26,6738980.80851751,new_observed,50777650919.455,9196534.84133483,1,
3536802,Pedra Bela,2023,ok,ok,670594.91,670594.91,670594.91,new_observed,6426061.03,6426061.03,6366904.242802633,new_observed,48945614200.0975,8685695.409278754,1,
3536802,Pedra Bela,2024,ok,ok,818757.37,818757.37,818757.37,new_observed,7449217.07,7449217.07,7523288.476679465,new_observed,55712049158.33,8946621.623595743,1,
3536802,Pedra Bela,2025,ok,ok,926262.51,926262.51,926262.51,new_observed,9177922.49,9177922.49,9236647.020872219,new_observed,59267888460.755,10162909.530872218,1,
3536901,Pedranópolis,2019,ok,ok,63570.47,63570.47,63570.47,new_observed,4729362.66,4729362.66,4671773.055539756,new_observed,37092224874.8675,8246177.407831067,1,
3536901,Pedranópolis,2020,ok,ok,82714.13,82714.13,82714.13,new_observed,4491633.86,4491633.86,4551688.287855612,new_observed,37158522668.0775,7899575.584987254,1,
3536901,Pedranópolis,2021,ok,ok,871304.51,871304.51,871304.51,new_observed,5429217.58,5429217.58,5435631.120949675,new_observed,46897671220.665,8562218.065849094,1,
3536901,Pedranópolis,2022,ok,ok,2299397.18,2299397.18,2299397.18,new_observed,6530189.45,6530189.45,6527018.9587204205,new_observed,50777650919.455,11214797.34499126,1,
3536901,Pedranópolis,2023,ok,ok,915544.89,915544.89,915544.89,new_observed,6803485.76,6803485.76,6740854.490638302,new_observed,48945614200.0975,9449543.29771126,1,
3536901,Pedranópolis,2024,ok,ok,865541.97,865541.97,865541.97,new_observed,7535566.38,7535566.38,7610496.402396714,new_observed,55712049158.33,9090325.032809122,1,
3536901,Pedranópolis,2025,ok,ok,532718.73,532718.73,532718.73,new_observed,8718098.09,8718098.09,8773880.454798905,new_observed,59267888460.755,9306599.184798906,1,
3537008,Pedregulho,2019,ok,ok,1732683.35,1732683.35,1732683.35,new_observed,25353003.82,25353003.82,25044279.459692042,new_observed,37092224874.8675,46629686.86024666,1,
3537008,Pedregulho,2020,ok,ok,1660074.0,1660074.0,1660074.0,new_observed,23753624.95,23753624.95,24071217.701397825,new_observed,37158522668.0775,43860300.71782176,1,
3537008,Pedregulho,2021,ok,ok,1979405.25,1979405.25,1979405.25,new_observed,27986743.3,27986743.3,28019804.071935877,new_observed,46897671220.665,40726556.76981928,1,
3537008,Pedregulho,2022,ok,ok,2861228.82,2861228.82,2861228.82,new_observed,37896436.47,37896436.47,37878037.26086905,new_observed,50777650919.455,51763094.54483274,1,
3537008,Pedregulho,2023,ok,ok,3243153.36,3243153.36,3243153.36,new_observed,35633905.73,35633905.73,35305868.48160794,new_observed,48945614200.0975,47577279.197042435,1,
3537008,Pedregulho,2024,ok,ok,5576694.31,5576694.31,5576694.31,new_observed,35650718.96,35650718.96,36005212.44269583,new_observed,55712049158.33,44595485.680780716,1,
3537008,Pedregulho,2025,ok,ok,3792701.03,3792701.03,3792701.03,new_observed,42774892.89,42774892.89,43048586.149102114,new_observed,59267888460.755,46841287.179102115,1,
3537107,Pedreira,2019,ok,ok,7728520.69,7728520.69,7728520.69,new_observed,28251221.67,28251221.67,27907205.61573235,new_observed,37092224874.8675,62056431.511056215,1,
3537107,Pedreira,2020,ok,ok,8166562.68,8166562.68,8166562.68,new_observed,28134695.39,28134695.39,28510864.304742835,new_observed,37158522668.0775,62518547.29156024,1,
3537107,Pedreira,2021,ok,ok,9452742.58,9452742.58,9452742.58,new_observed,36259750.92,36259750.92,36302584.605319075,new_observed,46897671220.665,62116868.15265377,3,
3537107,Pedreira,2022,ok,ok,11778999.07,11778999.07,11778999.07,new_observed,41698946.63,41698946.63,41678701.253097795,new_observed,50777650919.455,67923069.36705665,1,
3537107,Pedreira,2023,ok,ok,11716474.82,11716474.82,11716474.82,new_observed,41352162.39,41352162.39,40971484.23284651,new_observed,48945614200.0975,65027583.53971915,2,
3537107,Pedreira,2024,ok,ok,12104774.98,12104774.98,12104774.98,new_observed,44764857.74,44764857.74,45209977.80449129,new_observed,55712049158.33,61468543.33303412,1,
3537107,Pedreira,2025,ok,ok,17907043.5,17907043.5,17907043.5,new_observed,50682714.34,50682714.34,51007005.44467975,new_observed,59267888460.755,68914048.94467975,1,
3537156,Pedrinhas Paulista,2019,ok,ok,522505.55,522505.55,522505.55,new_observed,5958894.06,5958894.06,5886332.411294486,new_observed,37092224874.8675,11160418.3565231,1,
3537156,Pedrinhas Paulista,2020,ok,ok,675751.54,675751.54,675751.54,new_observed,6217187.99,6217187.99,6300313.569521353,new_observed,37158522668.0775,11891059.223975496,6,
3537156,Pedrinhas Paulista,2021,ok,ok,500902.76,500902.76,500902.76,new_observed,8158856.24,8158856.24,8168494.306227171,new_observed,46897671220.665,11769466.587895436,1,
3537156,Pedrinhas Paulista,2022,ok,ok,775485.29,775485.29,775485.29,new_observed,9018637.58,9018637.58,9014258.915028637,new_observed,50777650919.455,12438796.856298594,1,
3537156,Pedrinhas Paulista,2023,ok,ok,1125358.45,1125358.45,1125358.45,new_observed,9120796.38,9120796.38,9036832.501038494,new_observed,48945614200.0975,12542196.222716128,1,
3537156,Pedrinhas Paulista,2024,ok,ok,950041.03,950041.03,950041.03,new_observed,10526700.11,10526700.11,10631372.517517934,new_observed,55712049158.33,12420757.063721025,1,
3537156,Pedrinhas Paulista,2025,ok,ok,973339.08,973339.08,973339.08,new_observed,11804145.75,11804145.75,11879674.054174647,new_observed,59267888460.755,12853013.134174647,1,
3537206,Pedro de Toledo,2019,ok,ok,670284.34,670284.34,670284.34,new_observed,9067307.84,9067307.84,8956894.9345907,new_observed,37092224874.8675,16764872.032429868,1,
3537206,Pedro de Toledo,2020,ok,ok,683027.61,683027.61,683027.61,new_observed,8857831.52,8857831.52,8976263.25788324,new_observed,37158522668.0775,16464754.552654408,1,
3537206,Pedro de Toledo,2021,ok,ok,857170.89,857170.89,857170.89,new_observed,11233131.85,11233131.85,11246401.561528688,new_observed,46897671220.665,16431660.75728406,1,
3537206,Pedro de Toledo,2022,ok,ok,824718.54,824718.54,824718.54,new_observed,12204402.45,12204402.45,12198477.05505756,new_observed,50777650919.455,16547202.974267066,1,
3537206,Pedro de Toledo,2023,ok,ok,824304.19,824304.19,824304.19,new_observed,11807568.33,11807568.33,11698870.668437922,new_observed,48945614200.0975,15456127.242901552,1,
3537206,Pedro de Toledo,2024,ok,ok,1475466.49,1475466.49,1475466.49,new_observed,15824537.33,15824537.33,15981888.86494256,new_observed,55712049158.33,18722547.895309508,1,
3537206,Pedro de Toledo,2025,ok,ok,1718589.29,1718589.29,1718589.29,new_observed,21156019.83,21156019.83,21291385.686597046,new_observed,59267888460.755,23009974.976597045,1,
3537305,Penápolis,2019,ok,ok,8439521.06,8439521.06,8439521.06,new_observed,37731519.66,37731519.66,37272061.70570065,new_observed,37092224874.8675,79602634.74987376,1,
3537305,Penápolis,2020,ok,ok,8809913.48,8809913.48,8809913.48,new_observed,38541204.14,38541204.14,39056511.04960952,new_observed,37158522668.0775,81590764.99224265,1,
3537305,Penápolis,2021,ok,ok,10181366.64,10181366.64,10181366.64,new_observed,48545866.26,48545866.26,48603213.54745132,new_observed,46897671220.665,79805221.41440682,1,
3537305,Penápolis,2022,ok,ok,14035635.25,14035635.25,14035635.25,new_observed,50871240.36,50871240.36,50846541.71608197,new_observed,50777650919.455,82438948.5540341,1,
3537305,Penápolis,2023,ok,ok,15999461.5,15999461.5,15999461.5,new_observed,50797101.79,50797101.79,50329475.77045159,new_observed,48945614200.0975,81863305.90503405,1,
3537305,Penápolis,2024,ok,ok,18101088.78,18101088.78,18101088.78,new_observed,58354689.79,58354689.79,58934940.562459916,new_observed,55712049158.33,82619086.32227759,1,
3537305,Penápolis,2025,ok,ok,19031333.1,19031333.1,19031333.1,new_observed,63569356.82,63569356.82,63976102.536274105,new_observed,59267888460.755,83007435.6362741,1,
3537404,Pereira Barreto,2019,ok,ok,4287311.18,4287311.18,4287311.18,new_observed,31775237.53,31775237.53,31388309.418848768,new_observed,37092224874.8675,62125903.855950244,1,
3537404,Pereira Barreto,2020,ok,ok,4914091.29,4914091.29,4914091.29,new_observed,31209122.96,31209122.96,31626397.849640768,new_observed,37158522668.0775,62285129.74161653,1,
3537404,Pereira Barreto,2021,ok,ok,5355561.23,5355561.23,5355561.23,new_observed,39245469.05,39245469.05,39291829.76756796,new_observed,46897671220.665,60612747.641891226,1,
3537404,Pereira Barreto,2022,ok,ok,7604903.75,7604903.75,7604903.75,new_observed,43958955.8,43958955.8,43937613.159470126,new_observed,50777650919.455,65489647.52009663,1,
3537404,Pereira Barreto,2023,ok,ok,7091062.76,7091062.76,7091062.76,new_observed,43704214.12,43704214.12,43301883.534863144,new_observed,48945614200.0975,62195074.242959395,1,
3537404,Pereira Barreto,2024,ok,ok,8444698.37,8444698.37,8444698.37,new_observed,45034231.54,45034231.54,45482030.127093196,new_observed,55712049158.33,57834977.66964608,1,
3537404,Pereira Barreto,2025,ok,ok,9115142.59,9115142.59,9115142.59,new_observed,48728790.53,48728790.53,49040579.53965473,new_observed,59267888460.755,58155722.129654735,1,
3537503,Pereiras,2019,ok,ok,1197973.41,1197973.41,1197973.41,new_observed,8755033.85,8755033.85,8648423.51522446,new_observed,37092224874.8675,17146619.972849432,1,
3537503,Pereiras,2020,ok,ok,1504026.65,1504026.65,1504026.65,new_observed,8155917.23,8155917.23,8264964.17330659,new_observed,37158522668.0775,16651743.728690932,1,
3537503,Pereiras,2021,ok,ok,1548254.48,1548254.48,1548254.48,new_observed,10598094.7,10598094.7,10610614.241415575,new_observed,46897671220.665,16506730.291635446,1,
3537503,Pereiras,2022,ok,ok,1570341.31,1570341.31,1570341.31,new_observed,11638693.31,11638693.31,11633042.574148063,new_observed,50777650919.455,16776149.254878718,1,
3537503,Pereiras,2023,ok,ok,1969691.57,1969691.57,1969691.57,new_observed,11047998.57,11047998.57,10946293.326724041,new_observed,48945614200.0975,15940934.171070294,1,
3537503,Pereiras,2024,ok,ok,2343718.62,2343718.62,2343718.62,new_observed,12085418.51,12085418.51,12205590.058356525,new_observed,55712049158.33,15603745.414797314,1,
3537503,Pereiras,2025,ok,ok,2627523.69,2627523.69,2627523.69,new_observed,13153605.94,13153605.94,13237768.705478372,new_observed,59267888460.755,15865292.395478372,1,
3537602,Peruíbe,2019,ok,ok,7740368.07,7740368.07,7740368.07,new_observed,22574655.56,22574655.56,22299763.237716846,new_observed,37092224874.8675,52312203.07078726,2,
3537602,Peruíbe,2020,ok,ok,8352737.52,8352737.52,8352737.52,new_observed,22159213.52,22159213.52,22455488.535095274,new_observed,37158522668.0775,52514194.58610796,2,
3537602,Peruíbe,2021,ok,ok,8694716.52,8694716.52,8694716.52,new_observed,27820526.76,27820526.76,27853391.18014667,new_observed,46897671220.665,49617260.47863184,1,
3537602,Peruíbe,2022,ok,ok,10833229.11,10833229.11,10833229.11,new_observed,30571401.03,30571401.03,30556558.220137853,new_observed,50777650919.455,52589643.380113214,1,
3537602,Peruíbe,2023,ok,ok,12688751.18,12688751.18,12688751.18,new_observed,29326652.27,29326652.27,29056678.094615057,new_observed,48945614200.0975,51522291.5891218,6,
3537602,Peruíbe,2024,ok,ok,15404472.76,15404472.76,15404472.76,new_observed,34280828.23,34280828.23,34621700.182753175,new_observed,55712049158.33,53651735.89564103,1,
3537602,Peruíbe,2025,ok,ok,18187827.4,18187827.4,18187827.4,new_observed,45760849.31,45760849.31,46053648.07910838,new_observed,59267888460.755,64241475.47910838,1,
3537701,Piacatu,2019,ok,ok,317596.6,317596.6,317596.6,new_observed,5585320.83,5585320.83,5517308.194787276,new_observed,37092224874.8675,10160965.056940734,1,
3537701,Piacatu,2020,ok,ok,524171.2,524171.2,524171.2,new_observed,5225962.37,5225962.37,5295834.979813594,new_observed,37158522668.0775,9920497.742145536,1,
3537701,Piacatu,2021,ok,ok,650516.75,650516.75,650516.75,new_observed,6546446.42,6546446.42,6554179.744658823,new_observed,46897671220.665,9781007.14756124,1,
3537701,Piacatu,2022,ok,ok,1311094.66,1311094.66,1311094.66,new_observed,7210178.53,7210178.53,7206677.895243749,new_observed,50777650919.455,10822636.451359909,1,
3537701,Piacatu,2023,ok,ok,1077621.89,1077621.89,1077621.89,new_observed,7518363.88,7518363.88,7449151.612944774,new_observed,48945614200.0975,10523760.765355533,1,
3537701,Piacatu,2024,ok,ok,756941.62,756941.62,756941.62,new_observed,8612280.87,8612280.87,8697917.219802268,new_observed,55712049158.33,10140083.871379204,1,
3537701,Piacatu,2025,ok,ok,788840.72,788840.72,788840.72,new_observed,9561065.83,9561065.83,9622241.886576738,new_observed,59267888460.755,10411082.606576739,1,
3537800,Piedade,2019,ok,ok,5102722.42,5102722.42,5102722.42,new_observed,26692506.61,26692506.61,26367471.080218416,new_observed,37092224874.8675,54802528.53080879,1,
3537800,Piedade,2020,ok,ok,4384146.2,4384146.2,4384146.2,new_observed,26002799.29,26002799.29,26350464.14485646,new_observed,37158522668.0775,52388712.84869269,1,
3537800,Piedade,2021,ok,ok,5223691.89,5223691.89,5223691.89,new_observed,33635217.56,33635217.56,33674950.881052926,new_observed,46897671220.665,52808317.91542621,1,
3537800,Piedade,2022,ok,ok,8557025.5,8557025.5,8557025.5,new_observed,37310999.42,37310999.42,37292884.44811453,new_observed,50777650919.455,58256651.42825989,1,
3537800,Piedade,2023,ok,ok,9309961.16,9309961.16,9309961.16,new_observed,35956900.75,35956900.75,35625890.08638907,new_observed,48945614200.0975,55459916.713078514,1,
3537800,Piedade,2024,ok,ok,9988463.61,9988463.61,9988463.61,new_observed,41945357.13,41945357.13,42362441.44598862,new_observed,55712049158.33,56144949.06847661,1,
3537800,Piedade,2025,ok,ok,10568329.15,10568329.15,10568329.15,new_observed,55104422.77,55104422.77,55457005.980381064,new_observed,59267888460.755,66025335.13038106,1,
3537909,Pilar do Sul,2019,ok,ok,1683708.16,1683708.16,1683708.16,new_observed,16412126.19,16412126.19,16212275.190281214,new_observed,37092224874.8675,31164255.0953447,1,
3537909,Pilar do Sul,2020,ok,ok,1619647.27,1619647.27,1619647.27,new_observed,16310999.2,16310999.2,16529081.918948365,new_observed,37158522668.0775,30935435.698719412,1,
3537909,Pilar do Sul,2021,ok,ok,2099688.81,2099688.81,2099688.81,new_observed,21638501.34,21638501.34,21664062.92643281,new_observed,46897671220.665,32261376.4173458,1,
3537909,Pilar do Sul,2022,ok,ok,4006585.81,4006585.81,4006585.81,new_observed,25185117.87,25185117.87,25172890.170146357,new_observed,50777650919.455,37075286.79899998,1,
3537909,Pilar do Sul,2023,ok,ok,5049440.5,5049440.5,5049440.5,new_observed,24862952.57,24862952.57,24634070.1508298,new_observed,48945614200.0975,36635447.70566881,1,
3537909,Pilar do Sul,2024,ok,ok,4995625.06,4995625.06,4995625.06,new_observed,32999339.73,32999339.73,33327469.18176998,new_observed,55712049158.33,41100496.20058039,1,
3537909,Pilar do Sul,2025,ok,ok,4811264.71,4811264.71,4811264.71,new_observed,43017741.73,43017741.73,43292988.84665728,new_observed,59267888460.755,48104253.556657284,1,
3538006,Pindamonhangaba,2019,ok,ok,50730347.85,50730347.85,50730347.85,new_observed,183394479.42,183394479.42,181161278.8199872,new_observed,37092224874.8675,403818536.62734663,1,
3538006,Pindamonhangaba,2020,ok,ok,48744482.6,48744482.6,48744482.6,new_observed,185381763.13,185381763.13,187860370.26197955,new_observed,37158522668.0775,403305054.33812493,1,
3538006,Pindamonhangaba,2021,ok,ok,67645665.61,67645665.61,67645665.61,new_observed,256486288.57,256486288.57,256789276.1166465,new_observed,46897671220.665,440448877.52030337,1,
3538006,Pindamonhangaba,2022,ok,ok,80159255.79,80159255.79,80159255.79,new_observed,299529223.26,299529223.26,299383797.95532906,new_observed,50777650919.455,482245383.0134121,1,
3538006,Pindamonhangaba,2023,ok,ok,86114042.43,86114042.43,86114042.43,new_observed,308447256.81,308447256.81,305607764.83388335,new_observed,48945614200.0975,483463831.28320765,2,
3538006,Pindamonhangaba,2024,ok,ok,97172312.19,97172312.19,97172312.19,new_observed,304455280.12,304455280.12,307482635.9692878,new_observed,55712049158.33,433981636.619505,1,
3538006,Pindamonhangaba,2025,ok,ok,106148169.3,106148169.3,106148169.3,new_observed,298675530.97,298675530.97,300586593.1366652,new_observed,59267888460.755,406734762.43666524,1,
3538105,Pindorama,2019,ok,ok,2543783.52,2543783.52,2543783.52,new_observed,10699331.35,10699331.35,10569045.240700953,new_observed,37092224874.8675,22834818.993818283,1,
3538105,Pindorama,2020,ok,ok,2468594.81,2468594.81,2468594.81,new_observed,10520463.03,10520463.03,10661124.626144161,new_observed,37158522668.0775,22380277.270675395,1,
3538105,Pindorama,2021,ok,ok,3302749.63,3302749.63,3302749.63,new_observed,12653797.32,12653797.32,12668745.265276624,new_observed,46897671220.665,21682704.586341653,1,
3538105,Pindorama,2022,ok,ok,4502104.58,4502104.58,4502104.58,new_observed,14092442.55,14092442.55,14085600.487215322,new_observed,50777650919.455,23617439.078451082,1,
3538105,Pindorama,2023,ok,ok,4230870.11,4230870.11,4230870.11,new_observed,14542922.69,14542922.69,14409044.007742902,new_observed,48945614200.0975,23005418.96582027,1,
3538105,Pindorama,2024,ok,ok,4534441.91,4534441.91,4534441.91,new_observed,15494031.14,15494031.14,15648096.281462612,new_observed,55712049158.33,21645233.785745744,1,
3538105,Pindorama,2025,ok,ok,4585062.71,4585062.71,4585062.71,new_observed,17029554.04,17029554.04,17138516.887861457,new_observed,59267888460.755,21723579.597861458,1,
3538204,Pinhalzinho,2019,ok,ok,910619.89,910619.89,910619.89,new_observed,6274110.5,6274110.5,6197710.450350422,new_observed,37092224874.8675,12378521.799707528,1,
3538204,Pinhalzinho,2020,ok,ok,1078102.81,1078102.81,1078102.81,new_observed,6060964.8,6060964.8,6142001.6308419965,new_observed,37158522668.0775,12307036.72650088,1,
3538204,Pinhalzinho,2021,ok,ok,1771204.95,1771204.95,1771204.95,new_observed,7749172.33,7749172.33,7758326.43615475,new_observed,46897671220.665,12937174.337598884,1,
3538204,Pinhalzinho,2022,ok,ok,2481138.27,2481138.27,2481138.27,new_observed,7849683.0,7849683.0,7845871.877567869,new_observed,50777650919.455,13121444.101935562,1,
3538204,Pinhalzinho,2023,ok,ok,2792614.34,2792614.34,2792614.34,new_observed,8280617.44,8280617.44,8204388.048235121,new_observed,48945614200.0975,13572522.153879408,1,
3538204,Pinhalzinho,2024,ok,ok,2285683.51,2285683.51,2285683.51,new_observed,10036273.76,10036273.76,10136069.60542076,new_observed,55712049158.33,13321998.831932494,1,
3538204,Pinhalzinho,2025,ok,ok,2705806.63,2705806.63,2705806.63,new_observed,12809320.92,12809320.92,12891280.793014651,new_observed,59267888460.755,15597087.423014652,1,
3538303,Piquerobi,2019,ok,ok,912175.13,912175.13,912175.13,new_observed,6580298.2,6580298.2,6500169.692669913,new_observed,37092224874.8675,12907935.841631908,1,
3538303,Piquerobi,2020,ok,ok,808788.53,808788.53,808788.53,new_observed,6822858.38,6822858.38,6914081.94566053,new_observed,37158522668.0775,13164027.107463751,1,
3538303,Piquerobi,2021,ok,ok,910650.97,910650.97,910650.97,new_observed,8920173.1,8920173.1,8930710.510706434,new_observed,46897671220.665,13360511.029976675,1,
3538303,Piquerobi,2022,ok,ok,1881450.25,1881450.25,1881450.25,new_observed,10094691.83,10094691.83,10089790.72679892,new_observed,50777650919.455,15210595.037989933,1,
3538303,Piquerobi,2023,ok,ok,1393014.39,1393014.39,1393014.39,new_observed,10115232.99,10115232.99,10022114.56447499,new_observed,48945614200.0975,14088574.791049646,5,
3538303,Piquerobi,2024,ok,ok,1479760.44,1479760.44,1479760.44,new_observed,11458710.78,11458710.78,11572650.650221523,new_observed,55712049158.33,13998362.685373971,1,
3538303,Piquerobi,2025,ok,ok,1571787.44,1571787.44,1571787.44,new_observed,13037445.47,13037445.47,13120864.9878519,new_observed,59267888460.755,14692652.427851899,1,
3538501,Piquete,2019,ok,ok,965697.65,965697.65,965697.65,new_observed,5371422.54,5371422.54,5306014.551290707,new_observed,37092224874.8675,10921626.104582744,1,
3538501,Piquete,2020,ok,ok,1038468.18,1038468.18,1038468.18,new_observed,5214250.0,5214250.0,5283966.012080763,new_observed,37158522668.0775,10776911.946407901,1,
3538501,Piquete,2021,ok,ok,1361340.38,1361340.38,1361340.38,new_observed,6266781.76,6266781.76,6274184.716475441,new_observed,46897671220.665,10365894.746485932,1,
3538501,Piquete,2022,ok,ok,2182468.92,2182468.92,2182468.92,new_observed,6892407.5,6892407.5,6889061.147181083,new_observed,50777650919.455,11526237.797256129,1,
3538501,Piquete,2023,ok,ok,2603439.7,2603439.7,2603439.7,new_observed,6691070.25,6691070.25,6629473.851046739,new_observed,48945614200.0975,11395280.212951427,1,
3538501,Piquete,2024,ok,ok,2083165.07,2083165.07,2083165.07,new_observed,7511821.46,7511821.46,7586515.374412564,new_observed,55712049158.33,10370474.311367858,1,
3538501,Piquete,2025,ok,ok,2324256.4,2324256.4,2324256.4,new_observed,10022334.92,10022334.92,10086462.386435082,new_observed,59267888460.755,12410718.786435083,1,
3538600,Piracaia,2019,ok,ok,3796648.64,3796648.64,3796648.64,new_observed,12480693.39,12480693.39,12328715.576625952,new_observed,37092224874.8675,28080880.16825171,1,
3538600,Piracaia,2020,ok,ok,3430115.7,3430115.7,3430115.7,new_observed,12258969.4,12258969.4,12422875.322958836,new_observed,37158522668.0775,27022232.75896138,1,
3538600,Piracaia,2021,ok,ok,4968316.98,4968316.98,4968316.98,new_observed,15904094.97,15904094.97,15922882.495615734,new_observed,46897671220.665,28361634.878528137,1,
3538600,Piracaia,2022,ok,ok,5053926.58,5053926.58,5053926.58,new_observed,17757892.51,17757892.51,17749270.823940545,new_observed,50777650919.455,28973621.19390147,1,
3538600,Piracaia,2023,ok,ok,6323037.73,6323037.73,6323037.73,new_observed,17881690.54,17881690.54,17717075.956188,new_observed,48945614200.0975,29670355.981429476,1,
3538600,Piracaia,2024,ok,ok,7538290.29,7538290.29,7538290.29,new_observed,21730644.2,21730644.2,21946723.201164745,new_observed,55712049158.33,31621890.375616703,3,
3538600,Piracaia,2025,ok,ok,9242072.17,9242072.17,9242072.17,new_observed,28627048.52,28627048.52,28810217.42303061,new_observed,59267888460.755,38052289.59303061,1,
3538709,Piracicaba,2019,ok,ok,187199251.46,187199251.46,187199251.46,new_observed,432849321.15,432849321.15,427578500.74818426,new_observed,37092224874.8675,1070580494.055802,1,
3538709,Piracicaba,2020,ok,ok,185920700.1,185920700.1,185920700.1,new_observed,443336364.99,443336364.99,449263898.8400234,new_observed,37158522668.0775,1082704585.6903098,1,
3538709,Piracicaba,2021,ok,ok,223977910.49,223977910.49,223977910.49,new_observed,543947745.93,543947745.93,544590312.0256852,new_observed,46897671220.665,1043398744.6087883,1,
3538709,Piracicaba,2022,ok,ok,282447531.07,282447531.07,282447531.07,new_observed,593678682.39,593678682.39,593390443.7255934,new_observed,50777650919.455,1112835066.9181232,1,
3538709,Piracicaba,2023,ok,ok,337667437.59,337667437.59,337667437.59,new_observed,596425943.46,596425943.46,590935388.289183,new_observed,48945614200.0975,1146083449.0573328,1,
3538709,Piracicaba,2024,ok,ok,384192574.63,384192574.63,384192574.63,new_observed,693683013.94,693683013.94,700580661.8604931,new_observed,55712049158.33,1163390356.832774,1,
3538709,Piracicaba,2025,ok,ok,389862809.76,389862809.76,389862809.76,new_observed,784110050.52,784110050.52,789127143.9765149,new_observed,59267888460.755,1178989953.736515,1,
3538808,Piraju,2019,ok,ok,5710300.69,5710300.69,5710300.69,new_observed,20935573.45,20935573.45,20680640.284410648,new_observed,37092224874.8675,45957464.34463432,2,
3538808,Piraju,2020,ok,ok,4736344.8,4736344.8,4736344.8,new_observed,21101010.24,21101010.24,21383136.77493947,new_observed,37158522668.0775,44521990.180858895,1,
3538808,Piraju,2021,ok,partial,,,6284516.907313394,imputed_temporal,25970539.72,25970539.72,26001218.74833605,new_observed,46897671220.665,43830716.73404807,1,
3538808,Piraju,2022,ok,ok,7700121.24,7700121.24,7700121.24,new_observed,27159944.28,27159944.28,27146757.77643024,new_observed,50777650919.455,44276258.917852074,2,
3538808,Piraju,2023,ok,ok,8254775.72,8254775.72,8254775.72,new_observed,26724453.96,26724453.96,26478435.00243066,new_observed,48945614200.0975,42867797.54725582,1,
3538808,Piraju,2024,ok,ok,8748423.12,8748423.12,8748423.12,new_observed,30634926.29,30634926.29,30939545.159674317,new_observed,55712049158.33,42564287.19447189,1,
3538808,Piraju,2025,ok,ok,10401547.15,10401547.15,10401547.15,new_observed,35376407.39,35376407.39,35602761.76705928,new_observed,59267888460.755,46004308.91705928,2,
3538907,Pirajuí,2019,ok,ok,3113376.98,3113376.98,3113376.98,new_observed,17818474.26,17818474.26,17601498.113637306,new_observed,37092224874.8675,36073103.05617664,1,
3538907,Pirajuí,2020,ok,ok,4494121.92,4494121.92,4494121.92,new_observed,17057142.97,17057142.97,17285201.84430787,new_observed,37158522668.0775,37123969.55499332,1,
3538907,Pirajuí,2021,ok,ok,3926561.1,3926561.1,3926561.1,new_observed,21742784.97,21742784.97,21768469.746804446,new_observed,46897671220.665,34883257.1303619,1,
3538907,Pirajuí,2022,ok,ok,5071295.81,5071295.81,5071295.81,new_observed,24300232.48,24300232.48,24288434.403426647,new_observed,50777650919.455,37304316.86794802,2,
3538907,Pirajuí,2023,ok,ok,6182520.74,6182520.74,6182520.74,new_observed,23639534.86,23639534.86,23421914.932858136,new_observed,48945614200.0975,36537853.21105579,1,
3538907,Pirajuí,2024,ok,ok,6999249.42,6999249.42,6999249.42,new_observed,27489483.5,27489483.5,27762825.60999666,new_observed,55712049158.33,37281398.09591432,1,
3538907,Pirajuí,2025,ok,ok,7271096.08,7271096.08,7271096.08,new_observed,31549705.02,31549705.02,31751574.411300167,new_observed,59267888460.755,39022670.491300166,3,
3539004,Pirangi,2019,ok,ok,1232104.38,1232104.38,1232104.38,new_observed,8927595.08,8927595.08,8818883.461458484,new_observed,37092224874.8675,17502896.762948662,2,
3539004,Pirangi,2020,ok,ok,1350778.3,1350778.3,1350778.3,new_observed,8703045.22,8703045.22,8819407.420833668,new_observed,37158522668.0775,17335600.919235215,1,
3539004,Pirangi,2021,ok,ok,1498941.04,1498941.04,1498941.04,new_observed,10629827.92,10629827.92,10642384.947904732,new_observed,46897671220.665,16482914.492873551,3,
3539004,Pirangi,2022,ok,ok,1936965.62,1936965.62,1936965.62,new_observed,12076789.1,12076789.1,12070925.66298641,new_observed,50777650919.455,17798352.071822505,2,
3539004,Pirangi,2023,ok,ok,1831088.66,1831088.66,1831088.66,new_observed,11859661.55,11859661.55,11750484.330662861,new_observed,48945614200.0975,16762404.316426223,3,
3539004,Pirangi,2024,ok,ok,2355773.59,2355773.59,2355773.59,new_observed,13144005.08,13144005.08,13274702.700505456,new_observed,55712049158.33,16763268.835713686,1,
3539004,Pirangi,2025,ok,ok,2838105.16,2838105.16,2838105.16,new_observed,14844784.67,14844784.67,14939768.367737118,new_observed,59267888460.755,17777873.52773712,1,
3539103,Pirapora do Bom Jesus,2019,ok,ok,2972496.81,2972496.81,2972496.81,new_observed,6042936.0,6042936.0,5969350.969830509,new_observed,37092224874.8675,15571428.503256893,1,
3539103,Pirapora do Bom Jesus,2020,ok,ok,2826727.23,2826727.23,2826727.23,new_observed,6889328.51,6889328.51,6981440.800287482,new_observed,37158522668.0775,16718523.278641503,1,
3539103,Pirapora do Bom Jesus,2021,ok,ok,3362828.91,3362828.91,3362828.91,new_observed,10165079.23,10165079.23,10177087.24974459,new_observed,46897671220.665,18381623.269491125,1,
3539103,Pirapora do Bom Jesus,2022,ok,ok,5264178.8,5264178.8,5264178.8,new_observed,12203489.37,12203489.37,12197564.418369686,new_observed,50777650919.455,22186797.949080296,1,
3539103,Pirapora do Bom Jesus,2023,ok,ok,5021357.33,5021357.33,5021357.33,new_observed,19295593.7,19295593.7,19117963.060479328,new_observed,48945614200.0975,29792797.092586085,1,
3539103,Pirapora do Bom Jesus,2024,ok,ok,4771830.49,4771830.49,4771830.49,new_observed,23508041.83,23508041.83,23741794.412353974,new_observed,55712049158.33,30580102.028573766,1,
3539103,Pirapora do Bom Jesus,2025,ok,ok,5454185.63,5454185.63,5454185.63,new_observed,18864278.48,18864278.48,18984980.73099285,new_observed,59267888460.755,24439166.36099285,1,
3539202,Pirapozinho,2019,ok,ok,9367979.84,9367979.84,9367979.84,new_observed,20594290.26,20594290.26,20343512.911025703,new_observed,37092224874.8675,51739908.40474826,1,
3539202,Pirapozinho,2020,ok,ok,8260327.08,8260327.08,8260327.08,new_observed,20490431.45,20490431.45,20764394.37209009,new_observed,37158522668.0775,49474119.91254709,1,
3539202,Pirapozinho,2021,ok,ok,5828894.38,5828894.38,5828894.38,new_observed,25003060.59,25003060.59,25032596.734130953,new_observed,46897671220.665,41897179.901400805,1,
3539202,Pirapozinho,2022,ok,ok,6437611.69,6437611.69,6437611.69,new_observed,27246535.75,27246535.75,27233307.205153707,new_observed,50777650919.455,42782090.249772534,1,
3539202,Pirapozinho,2023,ok,ok,7434619.57,7434619.57,7434619.57,new_observed,26280702.02,26280702.02,26038768.13709155,new_observed,48945614200.0975,41312921.483579576,1,
3539202,Pirapozinho,2024,ok,ok,7682108.34,7682108.34,7682108.34,new_observed,29015711.01,29015711.01,29304229.187161345,new_observed,55712049158.33,39666860.28581677,1,
3539202,Pirapozinho,2025,ok,ok,8015392.58,8015392.58,8015392.58,new_observed,33083957.24,33083957.24,33295643.476229653,new_observed,59267888460.755,41311036.05622965,1,
3539301,Pirassununga,2019,ok,ok,18599019.99,18599019.99,18599019.99,new_observed,65003487.94,65003487.94,64211938.33212942,new_observed,37092224874.8675,144207880.58009934,1,
3539301,Pirassununga,2020,ok,ok,18972818.78,18972818.78,18972818.78,new_observed,62750531.64,62750531.64,63589524.17428365,new_observed,37158522668.0775,140731729.7540137,1,
3539301,Pirassununga,2021,ok,ok,21700911.37,21700911.37,21700911.37,new_observed,82297217.59,82297217.59,82394435.38745984,new_observed,46897671220.665,141318559.55589354,1,
3539301,Pirassununga,2022,ok,ok,23322635.92,23322635.92,23322635.92,new_observed,100501802.52,100501802.52,100453007.59744659,new_observed,50777650919.455,157268673.54514766,1,
3539301,Pirassununga,2023,ok,ok,29135690.02,29135690.02,29135690.02,new_observed,97389506.89,97389506.89,96492962.28710066,new_observed,48945614200.0975,155051131.79063183,1,
3539301,Pirassununga,2024,ok,ok,33421422.58,33421422.58,33421422.58,new_observed,93732815.83,93732815.83,94664849.55318366,new_observed,55712049158.33,137369109.80999327,1,
3539301,Pirassununga,2025,ok,ok,35187260.2,35187260.2,35187260.2,new_observed,93062266.67,93062266.67,93657721.46470498,new_observed,59267888460.755,128844981.66470498,1,
3539400,Piratininga,2019,ok,ok,3492714.79,3492714.79,3492714.79,new_observed,8665335.93,8665335.93,8559817.849742685,new_observed,37092224874.8675,20988408.09013197,1,
3539400,Piratininga,2020,ok,ok,4049024.45,4049024.45,4049024.45,new_observed,8440664.25,8440664.25,8553518.342309088,new_observed,37158522668.0775,21481677.760073975,1,
3539400,Piratininga,2021,ok,ok,5614645.32,5614645.32,5614645.32,new_observed,10436125.57,10436125.57,10448453.777096678,new_observed,46897671220.665,21807065.321511112,1,
3539400,Piratininga,2022,ok,ok,6181786.04,6181786.04,6181786.04,new_observed,11405195.25,11405195.25,11399657.88047054,new_observed,50777650919.455,22338889.02376068,1,
3539400,Piratininga,2023,ok,ok,6695695.84,6695695.84,6695695.84,new_observed,10648162.41,10648162.41,10550137.963174699,new_observed,48945614200.0975,21284842.277212244,1,
3539400,Piratininga,2024,ok,ok,8179073.38,8179073.38,8179073.38,new_observed,12974387.89,12974387.89,13103398.919318456,new_observed,55712049158.33,22824883.772660002,6,
3539400,Piratininga,2025,ok,ok,9069440.82,9069440.82,9069440.82,new_observed,15948489.27,15948489.27,16050534.97277444,new_observed,59267888460.755,25119975.79277444,1,
3539509,Pitangueiras,2019,ok,ok,7168424.55,7168424.55,7168424.55,new_observed,37641497.26,37641497.26,37183135.5114225,new_observed,37092224874.8675,77234276.79703073,4,
3539509,Pitangueiras,2020,ok,ok,6422580.16,6422580.16,6422580.16,new_observed,34193229.46,34193229.46,34650402.70603034,new_observed,37158522668.0775,70010996.75785682,1,
3539509,Pitangueiras,2021,ok,ok,6519798.21,6519798.21,6519798.21,new_observed,40310565.38,40310565.38,40358184.2970833,new_observed,46897671220.665,63640971.178307116,1,
3539509,Pitangueiras,2022,ok,ok,8289968.96,8289968.96,8289968.96,new_observed,49131373.28,49131373.28,49107519.36401016,new_observed,50777650919.455,72928943.02155511,1,
3539509,Pitangueiras,2023,ok,ok,10143655.27,10143655.27,10143655.27,new_observed,50029736.84,50029736.84,49569174.99940008,new_observed,48945614200.0975,73697693.52503894,1,
3539509,Pitangueiras,2024,ok,ok,11676073.68,11676073.68,11676073.68,new_observed,60359785.32,60359785.32,60959973.791286275,new_observed,55712049158.33,77900223.14703616,1,
3539509,Pitangueiras,2025,ok,ok,12057010.65,12057010.65,12057010.65,new_observed,63753610.78,63753610.78,64161535.43708279,new_observed,59267888460.755,76218546.08708279,1,
3539608,Planalto,2019,ok,ok,533354.65,533354.65,533354.65,new_observed,14618580.08,14618580.08,14440569.150176827,new_observed,37092224874.8675,26075749.622310143,1,
3539608,Planalto,2020,ok,ok,992993.35,992993.35,992993.35,new_observed,13309965.59,13309965.59,13487923.63226245,new_observed,37158522668.0775,24683462.4892671,1,
3539608,Planalto,2021,ok,ok,1009301.59,1009301.59,1009301.59,new_observed,15323819.53,15323819.53,15341921.575573405,new_observed,46897671220.665,22198219.00511798,1,
3539608,Planalto,2022,ok,ok,2282687.79,2282687.79,2282687.79,new_observed,17751530.17,17751530.17,17742911.572938748,new_observed,50777650919.455,25444419.9137774,1,
3539608,Planalto,2023,ok,ok,1402542.56,1402542.56,1402542.56,new_observed,22109486.16,22109486.16,21905951.496742956,new_observed,48945614200.0975,28767389.58401565,1,
3539608,Planalto,2024,ok,ok,1829387.45,1829387.45,1829387.45,new_observed,20520826.26,20520826.26,20724875.417518124,new_observed,55712049158.33,24188845.228550266,1,
3539608,Planalto,2025,ok,ok,2693066.62,2693066.62,2693066.62,new_observed,19666510.41,19666510.41,19792345.706493214,new_observed,59267888460.755,22485412.326493215,1,
3539707,Platina,2019,ok,ok,557209.63,557209.63,557209.63,new_observed,7066221.71,7066221.71,6980176.096127097,new_observed,37092224874.8675,13125683.396288121,1,
3539707,Platina,2020,ok,ok,639329.13,639329.13,639329.13,new_observed,7331462.74,7331462.74,7429486.49124927,new_observed,37158522668.0775,13753708.274405265,1,
3539707,Platina,2021,ok,ok,653261.3,653261.3,653261.3,new_observed,10016650.59,10016650.59,10028483.270822043,new_observed,46897671220.665,14501404.753564348,1,
3539707,Platina,2022,ok,ok,823282.0,823282.0,823282.0,new_observed,12346190.11,12346190.11,12340195.87531822,new_observed,50777650919.455,16725444.892559925,1,
3539707,Platina,2023,ok,ok,1038249.3,1038249.3,1038249.3,new_observed,14537627.32,14537627.32,14403797.3856578,new_observed,48945614200.0975,19058604.639983777,1,
3539707,Platina,2024,ok,ok,1939235.75,1939235.75,1939235.75,new_observed,15982585.51,15982585.51,16141508.599497315,new_observed,55712049158.33,19391115.96135714,1,
3539707,Platina,2025,ok,ok,1584970.66,1584970.66,1584970.66,new_observed,15820848.73,15820848.73,15922077.730428135,new_observed,59267888460.755,17507048.390428133,1,
3539806,Poá,2019,ok,ok,140339966.62,140339966.62,140339966.62,new_observed,51683407.06,51683407.06,51054056.514541276,new_observed,37092224874.8675,333295580.5748122,1,
3539806,Poá,2020,ok,ok,24696618.5,24696618.5,24696618.5,new_observed,49611404.46,49611404.46,50274723.11036717,new_observed,37158522668.0775,127792480.31573233,1,
3539806,Poá,2021,ok,ok,28782092.42,28782092.42,28782092.42,new_observed,60969203.59,60969203.59,61041226.580077626,new_observed,46897671220.665,121943030.60632072,1,
3539806,Poá,2022,ok,ok,36066982.78,36066982.78,36066982.78,new_observed,65184435.73,65184435.73,65152787.84495337,new_observed,50777650919.455,128609301.55848251,1,
3539806,Poá,2023,ok,ok,40594852.04,40594852.04,40594852.04,new_observed,63895785.38,63895785.38,63307575.999340996,new_observed,48945614200.0975,128236582.71771446,1,
3539806,Poá,2024,ok,ok,44749182.59,44749182.59,44749182.59,new_observed,68204038.99,68204038.99,68882226.92058884,new_observed,55712049158.33,121866655.27039263,1,
3539806,Poá,2025,ok,ok,51948910.15,51948910.15,51948910.15,new_observed,76793204.16,76793204.16,77284562.07824175,new_observed,59267888460.755,129233472.22824174,1,
3539905,Poloni,2019,ok,ok,1136221.36,1136221.36,1136221.36,new_observed,6389038.44,6389038.44,6311238.909049906,new_observed,37092224874.8675,12969086.252165554,1,
3539905,Poloni,2020,ok,ok,1263941.21,1263941.21,1263941.21,new_observed,6831363.1,6831363.1,6922700.376196515,new_observed,37158522668.0775,13954548.648643957,1,
3539905,Poloni,2021,ok,ok,628045.95,628045.95,628045.95,new_observed,8918878.01,8918878.01,8929413.890815131,new_observed,46897671220.665,12975089.66336674,1,
3539905,Poloni,2022,ok,ok,807635.11,807635.11,807635.11,new_observed,9587996.11,9587996.11,9583341.014112176,new_observed,50777650919.455,13202718.931112478,1,
3539905,Poloni,2023,ok,ok,775149.56,775149.56,775149.56,new_observed,9124350.71,9124350.71,9040354.110723132,new_observed,48945614200.0975,12114314.093893241,1,
3539905,Poloni,2024,ok,ok,1111181.55,1111181.55,1111181.55,new_observed,10688616.05,10688616.05,10794898.471204866,new_observed,55712049158.33,12768953.19538102,1,
3539905,Poloni,2025,ok,ok,904295.64,904295.64,904295.64,new_observed,11231276.0,11231276.0,11303138.822432315,new_observed,59267888460.755,12207434.462432316,1,
3540002,Pompéia,2019,ok,ok,3307931.4,3307931.4,3307931.4,new_observed,35607884.26,35607884.26,35174285.883723326,new_observed,37092224874.8675,67013341.07162049,1,
3540002,Pompéia,2020,ok,ok,3731348.42,3731348.42,3731348.42,new_observed,36557044.22,36557044.22,37045822.34465427,new_observed,37158522668.0775,69506769.92490618,2,
3540002,Pompéia,2021,ok,ok,4628208.27,4628208.27,4628208.27,new_observed,48973718.07,48973718.07,49031570.77928483,new_observed,46897671220.665,72847854.563576,1,
3540002,Pompéia,2022,ok,ok,10678572.35,10678572.35,10678572.35,new_observed,60290891.18,60290891.18,60261619.1740057,new_observed,50777650919.455,90136229.59226653,1,
3540002,Pompéia,2023,ok,ok,10275920.4,10275920.4,10275920.4,new_observed,67730282.86,67730282.86,67106774.00889179,new_observed,48945614200.0975,95505874.88415743,1,
3540002,Pompéia,2024,ok,ok,9838778.3,9838778.3,9838778.3,new_observed,75714388.13,75714388.13,76467255.33496441,new_observed,55712049158.33,92560918.62318231,1,
3540002,Pompéia,2025,ok,ok,10416387.36,10416387.36,10416387.36,new_observed,78709157.25,78709157.25,79212774.30929531,new_observed,59267888460.755,89629161.66929531,1,
3540101,Pongaí,2019,ok,ok,695507.68,695507.68,695507.68,new_observed,4975656.16,4975656.16,4915067.431500044,new_observed,37092224874.8675,9770314.968673227,1,
3540101,Pongaí,2020,ok,ok,837277.39,837277.39,837277.39,new_observed,4658364.79,4658364.79,4720648.458020567,new_observed,37158522668.0775,9473768.43302017,3,
3540101,Pongaí,2021,ok,ok,821438.89,821438.89,821438.89,new_observed,5746003.12,5746003.12,5752790.8800711455,new_observed,46897671220.665,8925093.294137547,1,
3540101,Pongaí,2022,ok,ok,953486.3,953486.3,953486.3,new_observed,7093027.09,7093027.09,7089583.333780237,new_observed,50777650919.455,10219481.447152236,2,
3540101,Pongaí,2023,ok,ok,1373736.68,1373736.68,1373736.68,new_observed,8013288.3,8013288.3,7939519.876621946,new_observed,48945614200.0975,11494439.709747149,3,
3540101,Pongaí,2024,ok,ok,1437904.03,1437904.03,1437904.03,new_observed,9057317.36,9057317.36,9147378.937115181,new_observed,55712049158.33,11352433.59075622,6,
3540101,Pongaí,2025,ok,ok,4730225.83,4730225.83,4730225.83,new_observed,9751659.99,9751659.99,9814055.554874523,new_observed,59267888460.755,14544281.384874523,1,
3540200,Pontal,2019,ok,ok,4196074.55,4196074.55,4196074.55,new_observed,36367225.12,36367225.12,35924380.22512838,new_observed,37092224874.8675,69866185.20371465,1,
3540200,Pontal,2020,ok,ok,4778711.21,4778711.21,4778711.21,new_observed,37558372.69,37558372.69,38060538.86235266,new_observed,37158522668.0775,73021689.40851438,1,
3540200,Pontal,2021,ok,ok,6341593.14,6341593.14,6341593.14,new_observed,45624438.15,45624438.15,45678334.35107673,new_observed,46897671220.665,70621612.30289733,1,
3540200,Pontal,2022,ok,ok,8781099.12,8781099.12,8781099.12,new_observed,50552012.45,50552012.45,50527468.79535336,new_observed,50777650919.455,75357150.57377343,1,
3540200,Pontal,2023,ok,ok,8689504.93,8689504.93,8689504.93,new_observed,48785595.02,48785595.02,48336486.45264873,new_observed,48945614200.0975,70381591.64318877,1,
3540200,Pontal,2024,ok,ok,9697205.94,9697205.94,9697205.94,new_observed,46616799.81,46616799.81,47080334.68948791,new_observed,55712049158.33,60892397.62840163,1,
3540200,Pontal,2025,ok,ok,8469493.41,8469493.41,8469493.41,new_observed,48692654.11,48692654.11,49004211.90237062,new_observed,59267888460.755,57473705.31237061,1,
3540259,Pontalinda,2019,ok,ok,68499.15,68499.15,68499.15,new_observed,4145461.63,4145461.63,4094982.2075619632,new_observed,37092224874.8675,7250330.567039457,1,
3540259,Pontalinda,2020,ok,ok,96889.36,96889.36,96889.36,new_observed,3864934.74,3864934.74,3916610.0215889537,new_observed,37158522668.0775,6841214.652186324,1,
3540259,Pontalinda,2021,ok,ok,55872.8,55872.8,55872.8,new_observed,4897160.29,4897160.29,4902945.311063209,new_observed,46897671220.665,6732030.339338004,1,
3540259,Pontalinda,2022,ok,ok,114855.65,114855.65,114855.65,new_observed,5637836.84,5637836.84,5635099.597432419,new_observed,50777650919.455,7305862.518745018,1,
3540259,Pontalinda,2023,ok,ok,208496.89,208496.89,208496.89,new_observed,5608335.16,5608335.16,5556706.162385012,new_observed,48945614200.0975,7115425.039265324,1,
3540259,Pontalinda,2024,ok,ok,223511.37,223511.37,223511.37,new_observed,6229521.16,6229521.16,6291464.501283339,new_observed,55712049158.33,6987137.817089446,1,
3540259,Pontalinda,2025,ok,ok,311439.18,311439.18,311439.18,new_observed,7067018.64,7067018.64,7112236.646008594,new_observed,59267888460.755,7423675.826008594,1,
3540309,Pontes Gestal,2019,ok,ok,1787770.78,1787770.78,1787770.78,new_observed,8453099.2,8453099.2,8350165.533375415,new_observed,37092224874.8675,17654309.753558483,1,
3540309,Pontes Gestal,2020,ok,ok,1305057.62,1305057.62,1305057.62,new_observed,8228473.13,8228473.13,8338490.166416994,new_observed,37158522668.0775,16437919.666347586,1,
3540309,Pontes Gestal,2021,ok,ok,1379226.01,1379226.01,1379226.01,new_observed,10354935.56,10354935.56,10367167.857244814,new_observed,46897671220.665,15946759.514264824,1,
3540309,Pontes Gestal,2022,ok,ok,1814815.76,1814815.76,1814815.76,new_observed,11299833.48,11299833.48,11294347.264970046,new_observed,50777650919.455,16656432.732935349,1,
3540309,Pontes Gestal,2023,ok,ok,1753541.8,1753541.8,1753541.8,new_observed,12359436.0,12359436.0,12245657.976119097,new_observed,48945614200.0975,17277840.12316227,1,
3540309,Pontes Gestal,2024,ok,ok,2197861.19,2197861.19,2197861.19,new_observed,13732720.28,13732720.28,13869271.799322983,new_observed,55712049158.33,17231571.496179625,1,
3540309,Pontes Gestal,2025,ok,ok,2218717.49,2218717.49,2218717.49,new_observed,13562421.0,13562421.0,13649199.550547177,new_observed,59267888460.755,15867917.040547177,1,
3540408,Populina,2019,ok,ok,267484.45,267484.45,267484.45,new_observed,6246854.34,6246854.34,6170786.189506049,new_observed,37092224874.8675,11211672.734333523,1,
3540408,Populina,2020,ok,ok,343217.46,343217.46,343217.46,new_observed,5859595.78,5859595.78,5937940.249518506,new_observed,37158522668.0775,10706554.074025765,1,
3540408,Populina,2021,ok,ok,398701.63,398701.63,398701.63,new_observed,7432587.63,7432587.63,7441367.754285801,new_observed,46897671220.665,10643581.550163107,1,
3540408,Populina,2022,ok,ok,639237.91,639237.91,639237.91,new_observed,8023170.9,8023170.9,8019275.546952773,new_observed,50777650919.455,11001461.091622889,1,
3540408,Populina,2023,ok,ok,443666.73,443666.73,443666.73,new_observed,9304557.3,9304557.3,9218901.761779597,new_observed,48945614200.0975,11925561.192780906,1,
3540408,Populina,2024,ok,ok,305744.07,305744.07,305744.07,new_observed,10418641.17,10418641.17,10522239.091754546,new_observed,55712049158.33,11612723.07481315,1,
3540408,Populina,2025,ok,ok,1253614.17,1253614.17,1253614.17,new_observed,10408562.34,10408562.34,10475161.06548899,new_observed,59267888460.755,11728775.23548899,1,
3540507,Porangaba,2019,ok,ok,2941005.84,2941005.84,2941005.84,new_observed,5923678.1,5923678.1,5851545.2771961745,new_observed,37092224874.8675,15311441.712469732,1,
3540507,Porangaba,2020,ok,ok,2578764.17,2578764.17,2578764.17,new_observed,5773828.95,5773828.95,5851026.692499969,new_observed,37158522668.0775,14369009.006940346,1,
3540507,Porangaba,2021,ok,ok,2848412.66,2848412.66,2848412.66,new_observed,7074772.43,7074772.43,7083129.86677995,new_observed,46897671220.665,13482939.706448128,2,
3540507,Porangaba,2022,ok,ok,3596876.92,3596876.92,3596876.92,new_observed,7697503.67,7697503.67,7693766.4325971445,new_observed,50777650919.455,14345831.320877,1,
3540507,Porangaba,2023,ok,ok,4200424.79,4200424.79,4200424.79,new_observed,7377420.92,7377420.92,7309506.140262864,new_observed,48945614200.0975,14205579.577553011,4,
3540507,Porangaba,2024,ok,ok,4921921.96,4921921.96,4921921.96,new_observed,8272663.12,8272663.12,8354922.475382663,new_observed,55712049158.33,14239061.46068385,1,
3540507,Porangaba,2025,ok,ok,4154852.42,4154852.42,4154852.42,new_observed,9152897.14,9152897.14,9211461.547277773,new_observed,59267888460.755,13366313.967277773,1,
3540606,Porto Feliz,2019,ok,ok,24035163.93,24035163.93,24035163.93,new_observed,44295948.08,44295948.08,43756554.86520291,new_observed,37092224874.8675,118053217.6709015,1,
3540606,Porto Feliz,2020,ok,ok,22116147.01,22116147.01,22116147.01,new_observed,48397969.57,48397969.57,49045064.24923988,new_observed,37158522668.0775,121297918.56135818,1,
3540606,Porto Feliz,2021,ok,ok,28171495.33,28171495.33,28171495.33,new_observed,71392676.34,71392676.34,71477012.59038354,new_observed,46897671220.665,135281585.9676597,1,
3540606,Porto Feliz,2022,ok,ok,35478444.77,35478444.77,35478444.77,new_observed,92079356.96,92079356.96,92034651.2434957,new_observed,50777650919.455,162017460.78460804,1,
3540606,Porto Feliz,2023,ok,ok,40936530.56,40936530.56,40936530.56,new_observed,95648180.45,95648180.45,94767666.08353497,new_observed,48945614200.0975,167486388.58978903,1,
3540606,Porto Feliz,2024,ok,ok,45065801.18,45065801.18,45065801.18,new_observed,106941083.19,106941083.19,108004453.5266774,new_observed,55712049158.33,164163764.60376078,4,
3540606,Porto Feliz,2025,ok,ok,51428646.9,51428646.9,51428646.9,new_observed,121493115.49,121493115.49,122270483.8126382,new_observed,59267888460.755,173699130.7126382,1,
3540705,Porto Ferreira,2019,ok,ok,11627968.57,11627968.57,11627968.57,new_observed,62092881.22,62092881.22,61336774.16576604,new_observed,37092224874.8675,127061576.3926647,1,
3540705,Porto Ferreira,2020,ok,ok,11494970.31,11494970.31,11494970.31,new_observed,46782259.98,46782259.98,47407752.16045377,new_observed,37158522668.0775,100402698.4200002,1,
3540705,Porto Ferreira,2021,ok,ok,12953265.58,12953265.58,12953265.58,new_observed,60230373.82,60230373.82,60301524.02962355,new_observed,46897671220.665,99449799.3490776,1,
3540705,Porto Ferreira,2022,ok,ok,15518126.49,15518126.49,15518126.49,new_observed,67137402.99,67137402.99,67104806.91413677,new_observed,50777650919.455,104980259.21429455,1,
3540705,Porto Ferreira,2023,ok,ok,20622453.32,20622453.32,20622453.32,new_observed,65481221.66,65481221.66,64878417.13058763,new_observed,48945614200.0975,105525343.85261811,1,
3540705,Porto Ferreira,2024,ok,ok,21990696.42,21990696.42,21990696.42,new_observed,67651223.95,67651223.95,68323914.95557491,new_observed,55712049158.33,96860011.31017418,1,
3540705,Porto Ferreira,2025,ok,ok,21869422.89,21869422.89,21869422.89,new_observed,71427980.43,71427980.43,71885009.20164981,new_observed,59267888460.755,93754432.09164982,1,
3540754,Potim,2019,ok,ok,366392.1,366392.1,366392.1,new_observed,5718396.29,5718396.29,5648763.190539613,new_observed,37092224874.8675,10474855.180815928,1,
3540754,Potim,2020,ok,ok,593526.23,593526.23,593526.23,new_observed,5683076.3,5683076.3,5759060.653643707,new_observed,37158522668.0775,10828308.74897614,1,
3540754,Potim,2021,ok,ok,747943.44,747943.44,747943.44,new_observed,7302901.95,7302901.95,7311528.876443386,new_observed,46897671220.665,10941440.266240897,1,
3540754,Potim,2022,ok,ok,1475786.22,1475786.22,1475786.22,new_observed,8178433.28,8178433.28,8174462.54506292,new_observed,50777650919.455,12261554.693094546,1,
3540754,Potim,2023,ok,ok,533647.23,533647.23,533647.23,new_observed,7897983.52,7897983.52,7825276.564961798,new_observed,48945614200.0975,10316600.322928207,1,
3540754,Potim,2024,ok,ok,1618536.55,1618536.55,1618536.55,new_observed,8741851.91,8741851.91,8828776.651469143,new_observed,55712049158.33,11204464.697823007,1,
3540754,Potim,2025,ok,ok,1504903.72,1504903.72,1504903.72,new_observed,9965130.96,9965130.96,10028892.409428654,new_observed,59267888460.755,11533796.129428655,1,
3540804,Potirendaba,2019,ok,ok,2143690.65,2143690.65,2143690.65,new_observed,16992074.17,16992074.17,16785161.12467871,new_observed,37092224874.8675,32962903.11751915,1,
3540804,Potirendaba,2020,ok,ok,1903652.56,1903652.56,1903652.56,new_observed,16566674.71,16566674.71,16788175.883557163,new_observed,37158522668.0775,31861176.112500217,1,
3540804,Potirendaba,2021,ok,ok,1985962.22,1985962.22,1985962.22,new_observed,19445562.51,19445562.51,19468533.57527961,new_observed,46897671220.665,29126359.018248916,1,
3540804,Potirendaba,2022,ok,ok,3790103.89,3790103.89,3790103.89,new_observed,23098902.99,23098902.99,23087688.174402624,new_observed,50777650919.455,34150779.472175255,1,
3540804,Potirendaba,2023,ok,ok,4416157.65,4416157.65,4416157.65,new_observed,27262852.51,27262852.51,27011877.1836223,new_observed,48945614200.0975,38788542.91134599,1,
3540804,Potirendaba,2024,ok,ok,3961958.19,3961958.19,3961958.19,new_observed,29025323.86,29025323.86,29313937.62268597,new_observed,55712049158.33,35687510.53325809,1,
3540804,Potirendaba,2025,ok,ok,3958567.55,3958567.55,3958567.55,new_observed,33560075.47,33560075.47,33774808.127653114,new_observed,59267888460.755,37733375.67765311,1,
3540853,Pracinha,2019,ok,ok,26752.35,26752.35,26752.35,new_observed,2064146.3,2064146.3,2039011.1227021196,new_observed,37092224874.8675,3597342.4075029874,1,
3540853,Pracinha,2020,ok,ok,27461.79,27461.79,27461.79,new_observed,2022657.38,2022657.38,2049700.886993206,new_observed,37158522668.0775,3540629.856829477,1,
3540853,Pracinha,2021,ok,ok,26962.07,26962.07,26962.07,new_observed,2563697.31,2563697.31,2566725.808570555,new_observed,46897671220.665,3521158.691091106,1,
3540853,Pracinha,2022,ok,ok,63440.13,63440.13,63440.13,new_observed,2773534.0,2773534.0,2772187.41343801,new_observed,50777650919.455,3602933.256911102,1,
3540853,Pracinha,2023,ok,ok,550690.01,550690.01,550690.01,new_observed,2720628.11,2720628.11,2695582.6556547824,new_observed,48945614200.0975,4006556.1610925295,1,
3540853,Pracinha,2024,ok,ok,271195.68,271195.68,271195.68,new_observed,3094259.45,3094259.45,3125027.267334223,new_observed,55712049158.33,3642358.5074477866,1,
3540853,Pracinha,2025,ok,ok,128816.28,128816.28,128816.28,new_observed,3601796.05,3601796.05,3624841.9826240903,new_observed,59267888460.755,3753658.26262409,1,
3540903,Pradópolis,2019,ok,ok,3839136.11,3839136.11,3839136.11,new_observed,25854737.82,25854737.82,25539903.828293156,new_observed,37092224874.8675,51160971.5528094,6,
3540903,Pradópolis,2020,ok,ok,3263212.34,3263212.34,3263212.34,new_observed,27854664.41,27854664.41,28227089.23054239,new_observed,37158522668.0775,53676827.13355014,1,
3540903,Pradópolis,2021,ok,ok,4026261.14,4026261.14,4026261.14,new_observed,35113329.5,35113329.5,35154808.91638171,new_observed,46897671220.665,53191737.716456704,1,
3540903,Pradópolis,2022,ok,ok,5817518.42,5817518.42,5817518.42,new_observed,43070593.6,43070593.6,43049682.27078655,new_observed,50777650919.455,62090404.97875706,1,
3540903,Pradópolis,2023,ok,ok,5654695.29,5654695.29,5654695.29,new_observed,48505307.41,48505307.41,48058779.103623755,new_observed,48945614200.0975,66293276.606834695,1,
3540903,Pradópolis,2024,ok,ok,7524846.16,7524846.16,7524846.16,new_observed,41031632.83,41031632.83,41439631.5140917,new_observed,55712049158.33,52513096.04363674,1,
3540903,Pradópolis,2025,ok,ok,6888337.05,6888337.05,6888337.05,new_observed,34874517.54,34874517.54,35097660.59706579,new_observed,59267888460.755,41985997.64706579,1,
3541000,Praia Grande,2019,ok,ok,66361297.73,66361297.73,66361297.73,new_observed,106262801.12,106262801.12,104968835.50025658,new_observed,37092224874.8675,298356110.0275168,1,
3541000,Praia Grande,2020,ok,ok,70789097.04,70789097.04,70789097.04,new_observed,105777501.75,105777501.75,107191777.16638316,new_observed,37158522668.0775,303377488.98508286,1,
3541000,Praia Grande,2021,ok,ok,72947063.89,72947063.89,72947063.89,new_observed,134494538.99,134494538.99,134653417.54305297,new_observed,46897671220.665,281835854.4650951,1,
3541000,Praia Grande,2022,ok,ok,83940610.16,83940610.16,83940610.16,new_observed,144441482.91,144441482.91,144371354.70537713,new_observed,50777650919.455,290091966.7915368,1,
3541000,Praia Grande,2023,ok,ok,93552534.82,93552534.82,93552534.82,new_observed,138049320.42,138049320.42,136778471.25863945,new_observed,48945614200.0975,284274984.433224,1,
3541000,Praia Grande,2024,ok,ok,108300058.19,108300058.19,108300058.19,new_observed,161841528.44,161841528.44,163450802.21441904,new_observed,55712049158.33,291445548.0837088,1,
3541000,Praia Grande,2025,ok,ok,132615918.48,132615918.48,132615918.48,new_observed,182229245.15,182229245.15,183395230.91031694,new_observed,59267888460.755,316011149.39031696,1,
3541059,Pratânia,2019,ok,ok,790074.02,790074.02,790074.02,new_observed,5546391.58,5546391.58,5478852.987543268,new_observed,37092224874.8675,10916775.938669184,1,
3541059,Pratânia,2020,ok,ok,674446.67,674446.67,674446.67,new_observed,5412852.04,5412852.04,5485223.418091197,new_observed,37158522668.0775,10499472.219328,1,
3541059,Pratânia,2021,ok,ok,833335.24,833335.24,833335.24,new_observed,6740224.0,6740224.0,6748186.234336165,new_observed,46897671220.665,10292580.094781999,4,
3541059,Pratânia,2022,ok,ok,1011015.29,1011015.29,1011015.29,new_observed,7100295.86,7100295.86,7096848.574698565,new_observed,50777650919.455,10301808.651926309,1,
3541059,Pratânia,2023,ok,ok,1052117.49,1052117.49,1052117.49,new_observed,6877648.74,6877648.74,6814334.743909549,new_observed,48945614200.0975,9708790.945739383,1,
3541059,Pratânia,2024,ok,ok,1183497.66,1183497.66,1183497.66,new_observed,7930958.27,7930958.27,8009819.877851499,new_observed,55712049158.33,9859587.802369043,1,
3541059,Pratânia,2025,ok,ok,1281173.53,1281173.53,1281173.53,new_observed,8679358.41,8679358.41,8734892.900670895,new_observed,59267888460.755,10016066.430670895,1,
3541109,Presidente Alves,2019,ok,ok,705356.11,705356.11,705356.11,new_observed,4982605.38,4982605.38,4921932.030619836,new_observed,37092224874.8675,9799419.214732831,1,
3541109,Presidente Alves,2020,ok,ok,958656.53,958656.53,958656.53,new_observed,4863634.56,4863634.56,4928662.743485903,new_observed,37158522668.0775,10035236.347769208,1,
3541109,Presidente Alves,2021,ok,ok,734920.99,734920.99,734920.99,new_observed,6150999.62,6150999.62,6158265.802900761,new_observed,46897671220.665,9358105.41649053,1,
3541109,Presidente Alves,2022,ok,ok,1035165.05,1035165.05,1035165.05,new_observed,6577278.41,6577278.41,6574085.056422445,new_observed,50777650919.455,9668272.665790286,1,
3541109,Presidente Alves,2023,ok,ok,1459183.88,1459183.88,1459183.88,new_observed,6182907.92,6182907.92,6125989.542415845,new_observed,48945614200.0975,9361636.078836797,1,
3541109,Presidente Alves,2024,ok,ok,1349185.43,1349185.43,1349185.43,new_observed,7743454.65,7743454.65,7820451.812667479,new_observed,55712049158.33,9834191.317521047,1,
3541109,Presidente Alves,2025,ok,ok,1685466.02,1685466.02,1685466.02,new_observed,9765507.1,9765507.1,9827991.264995037,new_observed,59267888460.755,11513457.284995036,1,
3541208,Presidente Bernardes,2019,ok,ok,2170456.94,2170456.94,2170456.94,new_observed,14592106.5,14592106.5,14414417.939830087,new_observed,37092224874.8675,28881076.907756362,1,
3541208,Presidente Bernardes,2020,ok,ok,2114689.1,2114689.1,2114689.1,new_observed,14109432.74,14109432.74,14298079.886445712,new_observed,37158522668.0775,27976402.883751906,1,
3541208,Presidente Bernardes,2021,ok,ok,2822550.18,2822550.18,2822550.18,new_observed,17171047.75,17171047.75,17191331.9283868,new_observed,46897671220.665,27170599.63562688,1,
3541208,Presidente Bernardes,2022,ok,ok,4506444.18,4506444.18,4506444.18,new_observed,20296210.82,20296210.82,20286356.74763257,new_observed,50777650919.455,31501600.836420495,1,
3541208,Presidente Bernardes,2023,ok,ok,8010690.41,8010690.41,8010690.41,new_observed,20527277.84,20527277.84,20338308.609665424,new_observed,48945614200.0975,34988390.8042385,1,
3541208,Presidente Bernardes,2024,ok,ok,9330317.58,9330317.58,9330317.58,new_observed,21250878.15,21250878.15,21462186.58992769,new_observed,55712049158.33,33024139.247687653,1,
3541208,Presidente Bernardes,2025,ok,ok,7637275.34,7637275.34,7637275.34,new_observed,22328074.96,22328074.96,22470940.15947564,new_observed,59267888460.755,30108215.49947564,1,
3541307,Presidente Epitácio,2019,ok,ok,4712591.57,4712591.57,4712591.57,new_observed,29815915.75,29815915.75,29452846.364523347,new_observed,37092224874.8675,59496055.75705462,1,
3541307,Presidente Epitácio,2020,ok,ok,5635941.74,5635941.74,5635941.74,new_observed,27235636.59,27235636.59,27599784.831748232,new_observed,37158522668.0775,56651993.181243494,1,
3541307,Presidente Epitácio,2021,ok,ok,6837330.41,6837330.41,6837330.41,new_observed,34088993.9,34088993.9,34129263.26756344,new_observed,46897671220.665,55615742.574102685,1,
3541307,Presidente Epitácio,2022,ok,ok,10527434.93,10527434.93,10527434.93,new_observed,37522695.07,37522695.07,37504477.317143574,new_observed,50777650919.455,61029091.93019427,1,
3541307,Presidente Epitácio,2023,ok,ok,10027745.17,10027745.17,10027745.17,new_observed,37283407.94,37283407.94,36940185.76716308,new_observed,48945614200.0975,57967913.4969098,1,
3541307,Presidente Epitácio,2024,ok,ok,12516974.65,12516974.65,12516974.65,new_observed,40612913.01,40612913.01,41016748.14699937,new_observed,55712049158.33,57413489.540801115,1,
3541307,Presidente Epitácio,2025,ok,ok,11456694.44,11456694.44,11456694.44,new_observed,47483005.05,47483005.05,47786822.95639469,new_observed,59267888460.755,59243517.396394685,1,
3541406,Presidente Prudente,2019,ok,ok,88840605.88,88840605.88,88840605.88,new_observed,120825826.61,120825826.61,119354526.55050068,new_observed,37092224874.8675,362553210.3868012,1,
3541406,Presidente Prudente,2020,ok,ok,72804160.0,72804160.0,72804160.0,new_observed,117047844.32,117047844.32,118612807.43619895,new_observed,37158522668.0775,326279996.0325777,1,
3541406,Presidente Prudente,2021,ok,ok,85776294.85,85776294.85,85776294.85,new_observed,149910927.72,149910927.72,150088017.67072842,new_observed,46897671220.665,320206483.1364016,1,
3541406,Presidente Prudente,2022,ok,ok,107170667.63,107170667.63,107170667.63,new_observed,170200651.24,170200651.24,170118016.62661445,new_observed,50777650919.455,352321525.64789706,1,
3541406,Presidente Prudente,2023,ok,ok,121425888.37,121425888.37,121425888.37,new_observed,167470796.32,167470796.32,165929100.05950308,new_observed,48945614200.0975,354654096.52539986,1,
3541406,Presidente Prudente,2024,ok,ok,138620764.36,138620764.36,138620764.36,new_observed,179227834.89,179227834.89,181009989.6750823,new_observed,55712049158.33,342795456.6750246,1,
3541406,Presidente Prudente,2025,ok,ok,153543989.91,153543989.91,153543989.91,new_observed,181868293.87,181868293.87,183031970.0995262,new_observed,59267888460.755,336575960.0095262,3,
3541505,Presidente Venceslau,2019,ok,ok,4832546.35,4832546.35,4832546.35,new_observed,18340072.73,18340072.73,18116745.061934724,new_observed,37092224874.8675,39964139.316641614,1,
3541505,Presidente Venceslau,2020,ok,ok,4588625.13,4588625.13,4588625.13,new_observed,18216249.27,18216249.27,18459805.726666544,new_observed,37158522668.0775,39287227.40306116,2,
3541505,Presidente Venceslau,2021,ok,ok,5354031.52,5354031.52,5354031.52,new_observed,23680559.76,23680559.76,23708533.63238476,new_observed,46897671220.665,39454980.191417575,2,
3541505,Presidente Venceslau,2022,ok,ok,9242047.03,9242047.03,9242047.03,new_observed,26604496.31,26604496.31,26591579.483590238,new_observed,50777650919.455,45530015.03329068,1,
3541505,Presidente Venceslau,2023,ok,ok,8108914.28,8108914.28,8108914.28,new_observed,26694051.85,26694051.85,26448312.76701374,new_observed,48945614200.0975,42650598.1460924,1,
3541505,Presidente Venceslau,2024,ok,ok,9371854.74,9371854.74,9371854.74,new_observed,29984150.12,29984150.12,30282297.986628976,new_observed,55712049158.33,42528020.91595344,1,
3541505,Presidente Venceslau,2025,ok,ok,9579367.03,9579367.03,9579367.03,new_observed,32412529.68,32412529.68,32619919.816701833,new_observed,59267888460.755,42199286.84670183,1,
3541604,Promissão,2019,ok,ok,4246728.98,4246728.98,4246728.98,new_observed,35028534.81,35028534.81,34601991.19100636,new_observed,37092224874.8675,67651573.08429666,1,
3541604,Promissão,2020,ok,ok,4483424.79,4483424.79,4483424.79,new_observed,30906595.32,30906595.32,31319825.32866939,new_observed,37158522668.0775,61028468.1819887,1,
3541604,Promissão,2021,ok,ok,5597099.07,5597099.07,5597099.07,new_observed,39533214.76,39533214.76,39579915.39190497,new_observed,46897671220.665,61331757.92831159,1,
3541604,Promissão,2022,ok,ok,8123976.92,8123976.92,8123976.92,new_observed,48169689.52,48169689.52,48146302.51389052,new_observed,50777650919.455,71496717.4081821,1,
3541604,Promissão,2023,ok,ok,7284776.45,7284776.45,7284776.45,new_observed,49369920.53,49369920.53,48915432.8011861,new_observed,48945614200.0975,69362409.6990669,1,
3541604,Promissão,2024,ok,ok,8781733.57,8781733.57,8781733.57,new_observed,52803619.76,52803619.76,53328673.3806204,new_observed,55712049158.33,66611754.488970876,1,
3541604,Promissão,2025,ok,ok,11415836.17,11415836.17,11415836.17,new_observed,56725910.7,56725910.7,57088868.92914026,new_observed,59267888460.755,68504705.09914026,1,
3541653,Quadra,2019,ok,ok,1494975.59,1494975.59,1494975.59,new_observed,4125214.34,4125214.34,4074981.4694773736,new_observed,37092224874.8675,9699582.262348343,1,
3541653,Quadra,2020,ok,ok,1288441.59,1288441.59,1288441.59,new_observed,3933357.58,3933357.58,3985947.694506447,new_observed,37158522668.0775,8990465.881226724,1,
3541653,Quadra,2021,ok,ok,1376291.38,1376291.38,1376291.38,new_observed,5140454.78,5140454.78,5146527.2051230855,new_observed,46897671220.665,8855298.10320697,1,
3541653,Quadra,2022,ok,ok,2466924.43,2466924.43,2466924.43,new_observed,5950870.64,5950870.64,5947981.415481402,new_observed,50777650919.455,10691934.557703443,1,
3541653,Quadra,2023,ok,ok,2316735.82,2316735.82,2316735.82,new_observed,6308715.19,6308715.19,6250638.660654677,new_observed,48945614200.0975,10573870.572554117,1,
3541653,Quadra,2024,ok,ok,2271431.3,2271431.3,2271431.3,new_observed,7356410.46,7356410.46,7429559.042698467,new_observed,55712049158.33,10404053.342002021,1,
3541653,Quadra,2025,ok,ok,3125100.54,3125100.54,3125100.54,new_observed,8095488.82,8095488.82,8147287.446939135,new_observed,59267888460.755,11272387.986939136,1,
3541703,Quatá,2019,ok,ok,1985741.42,1985741.42,1985741.42,new_observed,17693691.03,17693691.03,17478234.373127878,new_observed,37092224874.8675,33894773.75531419,1,
3541703,Quatá,2020,ok,ok,2094087.36,2094087.36,2094087.36,new_observed,17004713.0,17004713.0,17232070.870631043,new_observed,37158522668.0775,32942423.627712242,1,
3541703,Quatá,2021,ok,ok,2710865.41,2710865.41,2710865.41,new_observed,21387509.34,21387509.34,21412774.429295547,new_observed,46897671220.665,32749956.069386974,1,
3541703,Quatá,2022,ok,ok,5109868.42,5109868.42,5109868.42,new_observed,24465672.21,24465672.21,24453793.810301986,new_observed,50777650919.455,37563431.80264719,1,
3541703,Quatá,2023,ok,ok,4895394.44,4895394.44,4895394.44,new_observed,27030637.96,27030637.96,26781800.345457643,new_observed,48945614200.0975,39096056.61796868,1,
3541703,Quatá,2024,ok,ok,5200167.84,5200167.84,5200167.84,new_observed,27532886.76,27532886.76,27806660.450992685,new_observed,55712049158.33,35398942.794356644,1,
3541703,Quatá,2025,ok,ok,5167302.61,5167302.61,5167302.61,new_observed,27612790.46,27612790.46,27789469.67772092,new_observed,59267888460.755,32956772.28772092,1,
3541802,Queiroz,2019,ok,ok,605091.24,605091.24,605091.24,new_observed,13790299.94,13790299.94,13622375.004648833,new_observed,37092224874.8675,24775860.523008075,1,
3541802,Queiroz,2020,ok,ok,557242.39,557242.39,557242.39,new_observed,14002537.06,14002537.06,14189754.980666691,new_observed,37158522668.0775,25137010.09915607,1,
3541802,Queiroz,2021,ok,ok,897691.56,897691.56,897691.56,new_observed,16957459.51,16957459.51,16977491.376354095,new_observed,46897671220.665,24267128.003804058,2,
3541802,Queiroz,2022,ok,ok,2608569.53,2608569.53,2608569.53,new_observed,19313997.29,19313997.29,19304620.09498129,new_observed,50777650919.455,27842782.049267534,1,
3541802,Queiroz,2023,ok,ok,2040444.35,2040444.35,2040444.35,new_observed,20764856.21,20764856.21,20573699.889780782,new_observed,48945614200.0975,27910421.66307173,1,
3541802,Queiroz,2024,ok,ok,2246061.52,2246061.52,2246061.52,new_observed,21638342.91,21638342.91,21853504.11184109,new_observed,55712049158.33,25846141.218094274,1,
3541802,Queiroz,2025,ok,ok,1967967.07,1967967.07,1967967.07,new_observed,21872323.39,21872323.39,22012272.483224824,new_observed,59267888460.755,23980239.553224824,1,
3541901,Queluz,2019,ok,ok,8557157.91,8557157.91,8557157.91,new_observed,7887267.06,7887267.06,7791223.549930568,new_observed,37092224874.8675,28469244.759622227,2,
3541901,Queluz,2020,ok,ok,14643236.97,14643236.97,14643236.97,new_observed,7882025.15,7882025.15,7987410.077952876,new_observed,37158522668.0775,38575093.566257976,2,
3541901,Queluz,2021,ok,ok,4082491.99,4082491.99,4082491.99,new_observed,10157700.1,10157700.1,10169699.402769862,new_observed,46897671220.665,19348599.345501516,1,
3541901,Queluz,2022,ok,ok,4492284.15,4492284.15,4492284.15,new_observed,10897403.29,10897403.29,10892112.46002247,new_observed,50777650919.455,19547332.410432316,1,
3541901,Queluz,2023,ok,ok,4200719.85,4200719.85,4200719.85,new_observed,9922671.04,9922671.04,9831325.29391972,new_observed,48945614200.0975,17318377.941231962,1,
3541901,Queluz,2024,ok,ok,4898044.2,4898044.2,4898044.2,new_observed,10718950.06,10718950.06,10825534.107908694,new_observed,55712049158.33,16863118.265626825,1,
3541901,Queluz,2025,ok,ok,5031230.03,5031230.03,5031230.03,new_observed,13218490.53,13218490.53,13303068.456655942,new_observed,59267888460.755,18334298.486655943,1,
3542008,Quintana,2019,ok,ok,397532.09,397532.09,397532.09,new_observed,8352285.0,8352285.0,8250578.951200346,new_observed,37092224874.8675,15059912.23313245,1,
3542008,Quintana,2020,ok,ok,437448.58,437448.58,437448.58,new_observed,8287644.93,8287644.93,8398453.110286897,new_observed,37158522668.0775,15061245.651653,4,
3542008,Quintana,2021,ok,ok,840638.75,840638.75,840638.75,new_observed,10710987.69,10710987.69,10723640.592034051,new_observed,46897671220.665,15699523.07979715,2,
3542008,Quintana,2022,ok,ok,1900595.67,1900595.67,1900595.67,new_observed,12703123.51,12703123.51,12696955.979544679,new_observed,50777650919.455,18547571.393616565,1,
3542008,Quintana,2023,ok,ok,1206885.04,1206885.04,1206885.04,new_observed,12472108.24,12472108.24,12357292.98231543,new_observed,48945614200.0975,16740935.411998767,1,
3542008,Quintana,2024,ok,ok,1114256.42,1114256.42,1114256.42,new_observed,13029828.54,13029828.54,13159390.844290594,new_observed,55712049158.33,15308105.902236383,1,
3542008,Quintana,2025,ok,ok,1267876.08,1267876.08,1267876.08,new_observed,14355817.43,14355817.43,14447672.492491815,new_observed,59267888460.755,15715548.572491815,1,
3542107,Rafard,2019,ok,ok,2213360.23,2213360.23,2213360.23,new_observed,11276153.49,11276153.49,11138843.398554804,new_observed,37092224874.8675,23251668.925962113,2,
3542107,Rafard,2020,ok,ok,1905225.9,1905225.9,1905225.9,new_observed,9794888.6,9794888.6,9925849.058736602,new_observed,37158522668.0775,20166671.441414215,5,
3542107,Rafard,2021,ok,ok,1779053.32,1779053.32,1779053.32,new_observed,12322386.42,12322386.42,12336942.86920062,new_observed,46897671220.665,19163702.41603865,1,
3542107,Rafard,2022,ok,ok,2278965.61,2278965.61,2278965.61,new_observed,14025219.31,14025219.31,14018409.88496616,new_observed,50777650919.455,20707358.520008415,1,
3542107,Rafard,2023,ok,ok,3330598.29,3330598.29,3330598.29,new_observed,15641022.34,15641022.34,15497034.813925004,new_observed,48945614200.0975,23237102.110800404,1,
3542107,Rafard,2024,ok,ok,3755608.37,3755608.37,3755608.37,new_observed,19206911.69,19206911.69,19397895.917399697,new_observed,55712049158.33,24831515.66496374,1,
3542107,Rafard,2025,ok,ok,3676533.46,3676533.46,3676533.46,new_observed,18344134.98,18344134.98,18461509.11582768,new_observed,59267888460.755,22138042.57582768,1,
3542206,Rancharia,2019,ok,ok,4254170.36,4254170.36,4254170.36,new_observed,38674105.75,38674105.75,38203169.8939208,new_observed,37092224874.8675,73935662.34639144,1,
3542206,Rancharia,2020,ok,ok,4497013.99,4497013.99,4497013.99,new_observed,37442430.5,37442430.5,37943046.492150575,new_observed,37158522668.0775,72341250.36671002,1,
3542206,Rancharia,2021,ok,ok,5897736.54,5897736.54,5897736.54,new_observed,45518484.43,45518484.43,45572255.46782586,new_observed,46897671220.665,69875026.66998942,1,
3542206,Rancharia,2022,ok,ok,7201718.0,7201718.0,7201718.0,new_observed,51653595.76,51653595.76,51628517.27243544,new_observed,50777650919.455,74749383.66481414,1,
3542206,Rancharia,2023,ok,ok,7585643.69,7585643.69,7585643.69,new_observed,56482391.78,56482391.78,55962428.33500175,new_observed,48945614200.0975,78431156.50483021,1,
3542206,Rancharia,2024,ok,ok,9081694.71,9081694.71,9081694.71,new_observed,64200286.9,64200286.9,64838663.45893524,new_observed,55712049158.33,79277612.107752,1,
3542206,Rancharia,2025,ok,ok,9130931.07,9130931.07,9130931.07,new_observed,68704124.2,68704124.2,69143724.4981097,new_observed,59267888460.755,78274655.56810969,1,
3542305,Redenção da Serra,2019,ok,ok,262367.07,262367.07,262367.07,new_observed,4189881.2,4189881.2,4138860.878998986,new_observed,37092224874.8675,7664345.001372044,1,
3542305,Redenção da Serra,2020,ok,ok,263786.21,263786.21,263786.21,new_observed,4011299.72,4011299.72,4064931.9431843664,new_observed,37158522668.0775,7378521.1455609305,1,
3542305,Redenção da Serra,2021,ok,ok,383321.19,383321.19,383321.19,new_observed,4962252.71,4962252.71,4968114.624813557,new_observed,46897671220.665,7265043.294080532,1,
3542305,Redenção da Serra,2022,ok,ok,541802.02,541802.02,541802.02,new_observed,5168927.35,5168927.35,5166417.769043209,new_observed,50777650919.455,7252833.667557954,1,
3542305,Redenção da Serra,2023,ok,ok,671491.63,671491.63,671491.63,new_observed,5400432.88,5400432.88,5350717.781253758,new_observed,48945614200.0975,7432622.7970075365,1,
3542305,Redenção da Serra,2024,ok,ok,893550.44,893550.44,893550.44,new_observed,6295223.0,6295223.0,6357819.648559057,new_observed,55712049158.33,7776900.969780849,1,
3542305,Redenção da Serra,2025,ok,ok,875081.85,875081.85,875081.85,new_observed,6662142.69,6662142.69,6704770.115160794,new_observed,59267888460.755,7579851.965160794,1,
3542404,Regente Feijó,2019,ok,ok,5523199.94,5523199.94,5523199.94,new_observed,16133567.99,16133567.99,15937109.002632653,new_observed,37092224874.8675,37371209.46207193,1,
3542404,Regente Feijó,2020,ok,ok,5999918.4,5999918.4,5999918.4,new_observed,16475993.18,16475993.18,16696281.915595617,new_observed,37158522668.0775,38686832.4585457,1,
3542404,Regente Feijó,2021,ok,ok,9732776.22,9732776.22,9732776.22,new_observed,21089422.81,21089422.81,21114335.76933602,new_observed,46897671220.665,41877658.97883326,1,
3542404,Regente Feijó,2022,ok,ok,11851935.54,11851935.54,11851935.54,new_observed,23548719.11,23548719.11,23537285.902869456,new_observed,50777650919.455,44965356.31689997,1,
3542404,Regente Feijó,2023,ok,ok,12302880.22,12302880.22,12302880.22,new_observed,23193903.52,23193903.52,22980385.968827765,new_observed,48945614200.0975,43546677.094606295,1,
3542404,Regente Feijó,2024,ok,ok,12601666.62,12601666.62,12601666.62,new_observed,24825073.89,24825073.89,25071922.401283078,new_observed,55712049158.33,40403919.17894253,1,
3542404,Regente Feijó,2025,api_error,api_error,,12987812.43,12987812.43,legacy_snapshot,,27345783.47,27520754.25531212,legacy_snapshot,59267888460.755,40508566.68531212,6,HTTP 429: Too Many Requests | HTTP 429: Too Many Requests | HTTP 429: Too Many Requests
3542503,Reginópolis,2019,ok,ok,508594.92,508594.92,508594.92,new_observed,9882972.17,9882972.17,9762626.893251464,new_observed,37092224874.8675,17886414.535807423,3,
3542503,Reginópolis,2020,ok,ok,595765.58,595765.58,595765.58,new_observed,9372315.47,9372315.47,9497626.005269935,new_observed,37158522668.0775,17204701.393541854,1,
3542503,Reginópolis,2021,ok,ok,594090.16,594090.16,594090.16,new_observed,12553218.3,12553218.3,12568047.431165025,new_observed,46897671220.665,17868755.741731767,1,
3542503,Reginópolis,2022,ok,ok,948512.89,948512.89,948512.89,new_observed,14401757.07,14401757.07,14394764.83102276,new_observed,50777650919.455,19495086.969028305,1,
3542503,Reginópolis,2023,ok,ok,1003387.11,1003387.11,1003387.11,new_observed,14825719.99,14825719.99,14689237.94315953,new_observed,48945614200.0975,19367868.95803454,1,
3542503,Reginópolis,2024,ok,ok,1053127.33,1053127.33,1053127.33,new_observed,15972919.68,15972919.68,16131746.657165226,new_observed,55712049158.33,18430318.897556636,1,
3542503,Reginópolis,2025,ok,ok,1012531.12,1012531.12,1012531.12,new_observed,19173416.67,19173416.67,19296096.928020284,new_observed,59267888460.755,20308628.048020285,1,
3542602,Registro,2019,ok,ok,12849328.3,12849328.3,12849328.3,new_observed,39505159.03,39505159.03,39024103.41083192,new_observed,37092224874.8675,90332943.81568065,1,
3542602,Registro,2020,ok,ok,12874891.14,12874891.14,12874891.14,new_observed,37763878.89,37763878.89,38268792.73895464,new_observed,37158522668.0775,87177020.91210234,1,
3542602,Registro,2021,ok,ok,15781472.25,15781472.25,15781472.25,new_observed,46018953.16,46018953.16,46073315.40211019,new_observed,46897671220.665,83973297.22142892,1,
3542602,Registro,2022,ok,ok,19939186.62,19939186.62,19939186.62,new_observed,51487188.78,51487188.78,51462191.08517246,new_observed,50777650919.455,90722210.29823011,1,
3542602,Registro,2023,ok,ok,21710104.66,21710104.66,21710104.66,new_observed,48187775.23,48187775.23,47744170.049238786,new_observed,48945614200.0975,85720603.56932013,1,
3542602,Registro,2024,ok,ok,23927676.86,23927676.86,23927676.86,new_observed,51551707.51,51551707.51,52064312.72154259,new_observed,55712049158.33,81499381.53131977,1,
3542602,Registro,2025,ok,ok,24030959.22,24030959.22,24030959.22,new_observed,59694051.49,59694051.49,60076001.23662642,new_observed,59267888460.755,84106960.45662642,1,
3542701,Restinga,2019,ok,ok,1030619.92,1030619.92,1030619.92,new_observed,8357655.48,8357655.48,8255884.0346889775,new_observed,37092224874.8675,16171616.419351831,1,
3542701,Restinga,2020,ok,ok,1133963.56,1133963.56,1133963.56,new_observed,7784817.76,7784817.76,7888902.997378855,new_observed,37158522668.0775,15379936.815294635,1,
3542701,Restinga,2021,ok,ok,1112700.31,1112700.31,1112700.31,new_observed,9599262.69,9599262.69,9610602.310017403,new_observed,46897671220.665,14557823.448858434,1,
3542701,Restinga,2022,ok,ok,1582397.68,1582397.68,1582397.68,new_observed,10560026.38,10560026.38,10554899.35086765,new_observed,50777650919.455,15421584.976037392,1,
3542701,Restinga,2023,ok,ok,2066936.87,2066936.87,2066936.87,new_observed,10215476.89,10215476.89,10121435.643009018,new_observed,48945614200.0975,15042913.524282562,1,
3542701,Restinga,2024,ok,ok,2334677.35,2334677.35,2334677.35,new_observed,11567898.19,11567898.19,11682923.76694404,new_observed,55712049158.33,15033503.239940912,1,
3542701,Restinga,2025,ok,ok,1835889.55,1835889.55,1835889.55,new_observed,12693281.73,12693281.73,12774499.13139289,new_observed,59267888460.755,14610388.681392891,1,
3542800,Ribeira,2019,ok,ok,584415.97,584415.97,584415.97,new_observed,3513321.67,3513321.67,3470539.836619326,new_observed,37092224874.8675,7061343.02230719,1,
3542800,Ribeira,2020,ok,ok,134239.25,134239.25,134239.25,new_observed,3475163.58,3475163.58,3521627.5098318853,new_observed,37158522668.0775,6231611.585274767,1,
3542800,Ribeira,2021,ok,ok,612843.37,612843.37,612843.37,new_observed,4526103.9,4526103.9,4531450.591724435,new_observed,46897671220.665,6983830.067801564,1,
3542800,Ribeira,2022,ok,ok,2616505.17,2616505.17,2616505.17,new_observed,5017741.46,5017741.46,5015305.281744541,new_observed,50777650919.455,9696937.72042219,1,
3542800,Ribeira,2023,ok,ok,801919.69,801919.69,801919.69,new_observed,5234702.49,5234702.49,5186513.065748227,new_observed,48945614200.0975,7390935.581805764,1,
3542800,Ribeira,2024,ok,ok,625504.95,625504.95,625504.95,new_observed,7280694.24,7280694.24,7353089.937278275,new_observed,55712049158.33,8556830.165689811,1,
3542800,Ribeira,2025,ok,ok,728664.15,728664.15,728664.15,new_observed,9736317.11,9736317.11,9798614.504135862,new_observed,59267888460.755,10527278.654135862,1,
3542909,Ribeirão Bonito,2019,ok,ok,784052.6,784052.6,784052.6,new_observed,8403115.0,8403115.0,8300789.992620689,new_observed,37092224874.8675,15820441.185928738,1,
3542909,Ribeirão Bonito,2020,ok,ok,553928.8,553928.8,553928.8,new_observed,8255430.13,8255430.13,8365807.589207935,new_observed,37158522668.0775,15204146.177127399,1,
3542909,Ribeirão Bonito,2021,ok,ok,566332.2,566332.2,566332.2,new_observed,10441733.18,10441733.18,10454068.011372797,new_observed,46897671220.665,14961159.476507151,1,
3542909,Ribeirão Bonito,2022,ok,ok,1540838.92,1540838.92,1540838.92,new_observed,11570162.34,11570162.34,11564544.8768187,new_observed,50777650919.455,16651630.865770726,1,
3542909,Ribeirão Bonito,2023,ok,ok,1547420.96,1547420.96,1547420.96,new_observed,11517558.02,11517558.02,11411530.124273265,new_observed,48945614200.0975,15993963.124942617,1,
3542909,Ribeirão Bonito,2024,ok,ok,1705947.16,1705947.16,1705947.16,new_observed,12625835.69,12625835.69,12751380.885055255,new_observed,55712049158.33,15505098.639417538,5,
3542909,Ribeirão Bonito,2025,ok,ok,2325163.02,2325163.02,2325163.02,new_observed,14320216.46,14320216.46,14411843.731260834,new_observed,59267888460.755,16737006.751260834,1,
3543006,Ribeirão Branco,2019,ok,ok,1150847.71,1150847.71,1150847.71,new_observed,9293949.71,9293949.71,9180776.97909501,new_observed,37092224874.8675,17991600.744043984,2,
3543006,Ribeirão Branco,2020,ok,ok,686100.04,686100.04,686100.04,new_observed,9405982.3,9405982.3,9531742.970404804,new_observed,37158522668.0775,17416835.203010898,1,
3543006,Ribeirão Branco,2021,ok,ok,1527018.67,1527018.67,1527018.67,new_observed,12450992.49,12450992.49,12465700.861698508,new_observed,46897671220.665,18996343.545467276,4,
3543006,Ribeirão Branco,2022,ok,ok,1724692.53,1724692.53,1724692.53,new_observed,13863425.71,13863425.71,13856694.837847639,new_observed,50777650919.455,19797627.8183447,1,
3543006,Ribeirão Branco,2023,ok,ok,2685639.33,2685639.33,2685639.33,new_observed,13624397.62,13624397.62,13498974.660750786,new_observed,48945614200.0975,19975082.6803908,2,
3543006,Ribeirão Branco,2024,ok,ok,2035462.62,2035462.62,2035462.62,new_observed,17078828.77,17078828.77,17248652.37153342,new_observed,55712049158.33,20681698.871726297,1,
3543006,Ribeirão Branco,2025,ok,ok,2114366.09,2114366.09,2114366.09,new_observed,22816453.24,22816453.24,22962443.30628644,new_observed,59267888460.755,25076809.39628644,1,
3543105,Ribeirão Corrente,2019,ok,ok,128939.31,128939.31,128939.31,new_observed,6068655.04,6068655.04,5994756.828235613,new_observed,37092224874.8675,10663869.36347664,1,
3543105,Ribeirão Corrente,2020,ok,ok,118650.95,118650.95,118650.95,new_observed,5719146.46,5719146.46,5795613.08198725,new_observed,37158522668.0775,10081165.064615319,1,
3543105,Ribeirão Corrente,2021,ok,ok,157795.66,157795.66,157795.66,new_observed,7296196.82,7296196.82,7304815.825665632,new_observed,46897671220.665,10131149.359987669,1,
3543105,Ribeirão Corrente,2022,ok,ok,295616.6,295616.6,295616.6,new_observed,7959666.06,7959666.06,7955801.53937241,new_observed,50777650919.455,10484207.948897114,1,
3543105,Ribeirão Corrente,2023,ok,ok,442224.21,442224.21,442224.21,new_observed,8008890.5,8008890.5,7935162.56172122,new_observed,48945614200.0975,10339387.365455534,1,
3543105,Ribeirão Corrente,2024,ok,ok,551870.83,551870.83,551870.83,new_observed,8159851.1,8159851.1,8240988.707293807,new_observed,55712049158.33,9430107.280087152,1,
3543105,Ribeirão Corrente,2025,ok,ok,394062.07,394062.07,394062.07,new_observed,9967591.35,9967591.35,10031368.54212518,new_observed,59267888460.755,10425430.61212518,1,
3543204,Ribeirão do Sul,2019,ok,ok,581921.33,581921.33,581921.33,new_observed,6284128.14,6284128.14,6207606.105219084,new_observed,37092224874.8675,11823355.04154814,1,
3543204,Ribeirão do Sul,2020,ok,ok,562623.17,562623.17,562623.17,new_observed,6420464.79,6420464.79,6506308.238408448,new_observed,37158522668.0775,12049354.572806267,1,
3543204,Ribeirão do Sul,2021,ok,ok,575252.56,575252.56,575252.56,new_observed,7692134.35,7692134.35,7701221.077123604,new_observed,46897671220.665,11236038.584182108,1,
3543204,Ribeirão do Sul,2022,ok,ok,1421142.35,1421142.35,1421142.35,new_observed,8519951.4,8519951.4,8515814.853606828,new_observed,50777650919.455,12625844.90837947,1,
3543204,Ribeirão do Sul,2023,ok,ok,1108639.2,1108639.2,1108639.2,new_observed,9766590.57,9766590.57,9676681.663549215,new_observed,48945614200.0975,13311264.396361766,1,
3543204,Ribeirão do Sul,2024,ok,ok,848474.95,848474.95,848474.95,new_observed,11792990.14,11792990.14,11910253.9222765,new_observed,55712049158.33,13683396.34140712,1,
3543204,Ribeirão do Sul,2025,ok,ok,975759.24,975759.24,975759.24,new_observed,13629065.71,13629065.71,13716270.68377467,new_observed,59267888460.755,14692029.92377467,1,
3543238,Ribeirão dos Índios,2019,ok,ok,92308.47,92308.47,92308.47,new_observed,3163904.69,3163904.69,3125377.7186623844,new_observed,37092224874.8675,5603312.8349254,1,
3543238,Ribeirão dos Índios,2020,ok,ok,68685.66,68685.66,68685.66,new_observed,3234885.77,3234885.77,3278137.116870827,new_observed,37158522668.0775,5704830.334453649,1,
3543238,Ribeirão dos Índios,2021,ok,ok,64654.61,64654.61,64654.61,new_observed,4246172.22,4246172.22,4251188.228110021,new_observed,46897671220.665,5859135.034848418,1,
3543238,Ribeirão dos Índios,2022,ok,ok,348543.65,348543.65,348543.65,new_observed,5011065.97,5011065.97,5008633.032781113,new_observed,50777650919.455,6806800.166053869,1,
3543238,Ribeirão dos Índios,2023,ok,ok,117011.09,117011.09,117011.09,new_observed,5521981.46,5521981.46,5471147.413978337,new_observed,48945614200.0975,6896916.3065543175,5,
3543238,Ribeirão dos Índios,2024,ok,ok,109834.53,109834.53,109834.53,new_observed,5946196.19,5946196.19,6005322.285003885,new_observed,55712049158.33,6558342.5455003735,1,
3543238,Ribeirão dos Índios,2025,ok,ok,157457.98,157457.98,157457.98,new_observed,6374896.33,6374896.33,6415685.822038769,new_observed,59267888460.755,6573143.802038769,1,
3543253,Ribeirão Grande,2019,ok,ok,802353.83,802353.83,802353.83,new_observed,4566471.83,4566471.83,4510865.752527282,new_observed,37092224874.8675,9252496.898688674,1,
3543253,Ribeirão Grande,2020,ok,ok,384746.48,384746.48,384746.48,new_observed,4225090.14,4225090.14,4281580.80217434,new_observed,37158522668.0775,7953993.146516782,1,
3543253,Ribeirão Grande,2021,ok,ok,481574.54,481574.54,481574.54,new_observed,5395566.76,5395566.76,5401940.549197442,new_observed,46897671220.665,7987387.557947323,1,
3543253,Ribeirão Grande,2022,ok,ok,1097707.64,1097707.64,1097707.64,new_observed,5822653.58,5822653.58,5819826.606519253,new_observed,50777650919.455,8789382.177599994,1,
3543253,Ribeirão Grande,2023,ok,ok,826291.52,826291.52,826291.52,new_observed,5425143.76,5425143.76,5375201.178778444,new_observed,48945614200.0975,7653894.585977264,1,
3543253,Ribeirão Grande,2024,ok,ok,990635.99,990635.99,990635.99,new_observed,7300449.96,7300449.96,7373042.098589706,new_observed,55712049158.33,8969821.625945052,1,
3543253,Ribeirão Grande,2025,ok,ok,968447.19,968447.19,968447.19,new_observed,9760563.96,9760563.96,9823016.496532513,new_observed,59267888460.755,10791463.686532512,1,
3543303,Ribeirão Pires,2019,ok,ok,31024177.84,31024177.84,31024177.84,new_observed,62200178.7,62200178.7,61442765.080827594,new_observed,37092224874.8675,161022914.5092531,1,
3543303,Ribeirão Pires,2020,ok,ok,26523620.41,26523620.41,26523620.41,new_observed,61594199.17,61594199.17,62417731.2088245,new_observed,37158522668.0775,151605075.7778028,1,
3543303,Ribeirão Pires,2021,ok,ok,30458079.66,30458079.66,30458079.66,new_observed,82134373.16,82134373.16,82231398.58914804,new_observed,46897671220.665,152985846.5276071,1,
3543303,Ribeirão Pires,2022,ok,ok,39664808.24,39664808.24,39664808.24,new_observed,92473267.83,92473267.83,92428370.8646831,new_observed,50777650919.455,167836889.97122398,1,
3543303,Ribeirão Pires,2023,ok,ok,46828521.13,46828521.13,46828521.13,new_observed,86676532.43,86676532.43,85878608.91822046,new_observed,48945614200.0975,163787403.05486944,1,
3543303,Ribeirão Pires,2024,ok,ok,53629102.54,53629102.54,53629102.54,new_observed,98655169.46,98655169.46,99636148.68364656,new_observed,55712049158.33,164372893.16614294,1,
3543303,Ribeirão Pires,2025,ok,ok,57652097.84,57652097.84,57652097.84,new_observed,107954101.22,107954101.22,108644840.75901704,new_observed,59267888460.755,166296938.59901702,1,
3543402,Ribeirão Preto,2019,ok,ok,320519102.07,320519102.07,320519102.07,new_observed,531863264.78,531863264.78,525386748.334206,new_observed,37092224874.8675,1473069414.1055357,1,
3543402,Ribeirão Preto,2020,ok,ok,305134975.6,305134975.6,305134975.6,new_observed,507873052.97,507873052.97,514663460.774833,new_observed,37158522668.0775,1397388299.2219527,1,
3543402,Ribeirão Preto,2021,ok,ok,382862095.52,382862095.52,382862095.52,new_observed,636454376.87,636454376.87,637206221.1548364,new_observed,46897671220.665,1384832172.1524243,1,
3543402,Ribeirão Preto,2022,ok,ok,454396367.6,454396367.6,454396367.6,new_observed,675270300.75,675270300.75,674942448.3015711,new_observed,50777650919.455,1434931885.7296278,1,
3543402,Ribeirão Preto,2023,ok,ok,517132743.54,517132743.54,517132743.54,new_observed,658465475.96,658465475.96,652403799.6303902,new_observed,48945614200.0975,1443444320.6935744,1,
3543402,Ribeirão Preto,2024,ok,ok,582816472.31,582816472.31,582816472.31,new_observed,781633874.65,781633874.65,789406063.3323264,new_observed,55712049158.33,1471672061.6741462,1,
3543402,Ribeirão Preto,2025,ok,ok,653724626.43,653724626.43,653724626.43,new_observed,809380520.86,809380520.86,814559306.3026103,new_observed,59267888460.755,1468283932.7326102,1,
3543501,Riversul,2019,ok,ok,557058.58,557058.58,557058.58,new_observed,4649023.08,4649023.08,4592411.773244399,new_observed,37092224874.8675,8967342.255149197,1,
3543501,Riversul,2020,ok,ok,1101619.47,1101619.47,1101619.47,new_observed,4865986.01,4865986.01,4931045.633044154,new_observed,37158522668.0775,10282985.73658671,1,
3543501,Riversul,2021,ok,ok,820065.81,820065.81,820065.81,new_observed,6823494.98,6823494.98,6831555.582440277,new_observed,46897671220.665,10387746.879465861,1,
3543501,Riversul,2022,ok,ok,2175839.7,2175839.7,2175839.7,new_observed,7951909.81,7951909.81,7948049.055131914,new_observed,50777650919.455,12863359.14233248,1,
3543501,Riversul,2023,ok,ok,1680565.7,1680565.7,1680565.7,new_observed,9315888.92,9315888.92,9230129.065584991,new_observed,48945614200.0975,13466001.114862377,1,
3543501,Riversul,2024,ok,ok,2118690.97,2118690.97,2118690.97,new_observed,10628405.16,10628405.16,10734088.873276526,new_observed,55712049158.33,13784263.498736871,1,
3543501,Riversul,2025,ok,ok,1313135.61,1313135.61,1313135.61,new_observed,11350246.63,11350246.63,11422870.680743184,new_observed,59267888460.755,12736006.290743183,1,
3543600,Rifaina,2019,ok,ok,1164744.07,1164744.07,1164744.07,new_observed,13141569.58,13141569.58,12981544.255551955,new_observed,37092224874.8675,24634496.43424429,1,
3543600,Rifaina,2020,ok,ok,1288174.02,1288174.02,1288174.02,new_observed,10409321.52,10409321.52,10548497.122405114,new_observed,37158522668.0775,20176210.42225596,1,
3543600,Rifaina,2021,ok,ok,1573012.38,1573012.38,1573012.38,new_observed,13286796.72,13286796.72,13302492.428193323,new_observed,46897671220.665,20194801.954583995,2,
3543600,Rifaina,2022,ok,ok,2001000.21,2001000.21,2001000.21,new_observed,15374120.02,15374120.02,15366655.686257796,new_observed,50777650919.455,22067251.09862206,1,
3543600,Rifaina,2023,ok,ok,2367070.88,2367070.88,2367070.88,new_observed,15196209.74,15196209.74,15056317.052769214,new_observed,48945614200.0975,21503979.93603575,4,
3543600,Rifaina,2024,ok,ok,3118744.78,3118744.78,3118744.78,new_observed,17874210.32,17874210.32,18051942.810441043,new_observed,55712049158.33,22704997.654552884,1,
3543600,Rifaina,2025,ok,ok,3043982.04,3043982.04,3043982.04,new_observed,21014474.27,21014474.27,21148934.453595657,new_observed,59267888460.755,24192916.493595656,1,
3543709,Rincão,2019,ok,ok,963772.07,963772.07,963772.07,new_observed,8638285.03,8638285.03,8533096.349440547,new_observed,37092224874.8675,16537947.328036463,1,
3543709,Rincão,2020,ok,ok,1194484.77,1194484.77,1194484.77,new_observed,8046397.93,8046397.93,8153980.568978664,new_observed,37158522668.0775,15934936.56579485,1,
3543709,Rincão,2021,ok,ok,1195958.41,1195958.41,1195958.41,new_observed,9758439.82,9758439.82,9769967.476143507,new_observed,46897671220.665,14887205.804090658,1,
3543709,Rincão,2022,ok,ok,1543847.68,1543847.68,1543847.68,new_observed,10830516.34,10830516.34,10825257.984500173,new_observed,50777650919.455,15716119.791544624,1,
3543709,Rincão,2023,ok,ok,1061167.6,1061167.6,1061167.6,new_observed,11194018.1,11194018.1,11090968.635711737,new_observed,48945614200.0975,14998190.638988143,1,
3543709,Rincão,2024,ok,ok,2495607.28,2495607.28,2495607.28,new_observed,12536433.08,12536433.08,12661089.298801607,new_observed,55712049158.33,16255152.734285422,1,
3543709,Rincão,2025,ok,ok,3235925.4,3235925.4,3235925.4,new_observed,14067692.06,14067692.06,14157703.565063208,new_observed,59267888460.755,17393628.965063207,1,
3543808,Rinópolis,2019,ok,ok,560959.06,560959.06,560959.06,new_observed,9675990.31,9675990.31,9558165.458159594,new_observed,37092224874.8675,17621550.693973303,1,
3543808,Rinópolis,2020,ok,ok,592325.79,592325.79,592325.79,new_observed,9450107.86,9450107.86,9576458.501747571,new_observed,37158522668.0775,17333212.111791566,1,
3543808,Rinópolis,2021,ok,ok,752565.43,752565.43,752565.43,new_observed,11835630.36,11835630.36,11849611.803709077,new_observed,46897671220.665,17108560.46318146,1,
3543808,Rinópolis,2022,ok,ok,2427581.1,2427581.1,2427581.1,new_observed,13800748.69,13800748.69,13794048.248349978,new_observed,50777650919.455,20611115.86946785,1,
3543808,Rinópolis,2023,ok,ok,1689868.01,1689868.01,1689868.01,new_observed,14314650.12,14314650.12,14182872.86064932,new_observed,48945614200.0975,19590168.257138047,1,
3543808,Rinópolis,2024,ok,ok,1467673.81,1467673.81,1467673.81,new_observed,15764962.94,15764962.94,15921722.096061945,new_observed,55712049158.33,18649663.19938986,1,
3543808,Rinópolis,2025,ok,ok,1892782.36,1892782.36,1892782.36,new_observed,15779896.84,15779896.84,15880863.811572345,new_observed,59267888460.755,17773646.171572346,1,
3543907,Rio Claro,2019,ok,ok,54265970.72,54265970.72,54265970.72,new_observed,208550231.15,208550231.15,206010708.13485852,new_observed,37092224874.8675,453248567.37053573,1,
3543907,Rio Claro,2020,ok,ok,59797824.28,59797824.28,59797824.28,new_observed,208297071.28,208297071.28,211082062.62827522,new_observed,37158522668.0775,461728600.18376327,1,
3543907,Rio Claro,2021,ok,ok,68600751.76,68600751.76,68600751.76,new_observed,267463974.34,267463974.34,267779929.83942807,new_observed,46897671220.665,456666266.7143109,1,
3543907,Rio Claro,2022,ok,ok,81221587.29,81221587.29,81221587.29,new_observed,304257099.28,304257099.28,304109378.5304867,new_observed,50777650919.455,489599473.27534384,1,
3543907,Rio Claro,2023,ok,ok,91252079.58,91252079.58,91252079.58,new_observed,296766385.45,296766385.45,294034424.793318,new_observed,48945614200.0975,475521367.69489694,1,
3543907,Rio Claro,2024,ok,ok,102352366.23,102352366.23,102352366.23,new_observed,312069821.43,312069821.43,315172892.5901387,new_observed,55712049158.33,447784701.45240766,1,
3543907,Rio Claro,2025,ok,ok,124370290.14,124370290.14,124370290.14,new_observed,323551222.85,323551222.85,325621451.03025556,new_observed,59267888460.755,449991741.17025554,1,
3544004,Rio das Pedras,2019,ok,absent_dca,,,9127155.707133321,imputed_temporal,,,20109303.893768005,imputed_temporal,37092224874.8675,50912680.6419895,1,
3544004,Rio das Pedras,2020,ok,ok,9206530.2,9206530.2,9206530.2,new_observed,19914361.51,19914361.51,20180622.212423522,new_observed,37158522668.0775,50091901.99259748,1,
3544004,Rio das Pedras,2021,ok,ok,11112540.84,11112540.84,11112540.84,new_observed,37444720.17,37444720.17,37488953.66085218,new_observed,46897671220.665,65980789.815005876,4,
3544004,Rio das Pedras,2022,ok,ok,13232554.27,13232554.27,13232554.27,new_observed,23811500.47,23811500.47,23799939.679126795,new_observed,50777650919.455,47053289.61288703,1,
3544004,Rio das Pedras,2023,ok,ok,15554166.84,15554166.84,15554166.84,new_observed,42863603.62,42863603.62,42469011.494898334,new_observed,48945614200.0975,71612321.75701022,1,
3544004,Rio das Pedras,2024,ok,ok,16731482.28,16731482.28,16731482.28,new_observed,51614789.77,51614789.77,52128022.24098353,new_observed,55712049158.33,73849981.58248453,1,
3544004,Rio das Pedras,2025,ok,partial,,,18521538.875901118,imputed_temporal,51949000.0,51949000.0,52281393.37743427,new_observed,59267888460.755,70802932.25333539,1,
3544103,Rio Grande da Serra,2019,ok,ok,3576792.65,3576792.65,3576792.65,new_observed,12881799.14,12881799.14,12724937.048732737,new_observed,37092224874.8675,28388004.888185184,1,
3544103,Rio Grande da Serra,2020,ok,ok,2574085.69,2574085.69,2574085.69,new_observed,11946264.98,11946264.98,12105989.955531608,new_observed,37158522668.0775,25022938.60119001,1,
3544103,Rio Grande da Serra,2021,ok,ok,3370320.97,3370320.97,3370320.97,new_observed,14869529.89,14869529.89,14887095.282701014,new_observed,46897671220.665,24786043.242217902,1,
3544103,Rio Grande da Serra,2022,ok,ok,3696881.99,3696881.99,3696881.99,new_observed,16317298.63,16317298.63,16309376.370866658,new_observed,50777650919.455,25419845.33953588,1,
3544103,Rio Grande da Serra,2023,ok,ok,4559092.85,4559092.85,4559092.85,new_observed,15228485.97,15228485.97,15088296.155483818,new_observed,48945614200.0975,24248846.47002537,1,
3544103,Rio Grande da Serra,2024,ok,ok,4976617.49,4976617.49,4976617.49,new_observed,15650398.15,15650398.15,15806018.129277125,new_observed,55712049158.33,22288822.267830934,1,
3544103,Rio Grande da Serra,2025,ok,ok,5472935.96,5472935.96,5472935.96,new_observed,14853493.26,14853493.26,14948532.679264825,new_observed,59267888460.755,20421468.639264826,1,
3544202,Riolândia,2019,ok,ok,1299744.48,1299744.48,1299744.48,new_observed,15210703.12,15210703.12,15025481.888468774,new_observed,37092224874.8675,28428922.237917375,1,
3544202,Riolândia,2020,ok,ok,1488135.19,1488135.19,1488135.19,new_observed,14658661.43,14658661.43,14854651.920931907,new_observed,37158522668.0775,27857115.203193456,1,
3544202,Riolândia,2021,ok,ok,1602875.72,1602875.72,1602875.72,new_observed,18934596.04,18934596.04,18956963.500002977,new_observed,46897671220.665,27911784.280245636,1,
3544202,Riolândia,2022,ok,ok,2302447.55,2302447.55,2302447.55,new_observed,21709443.02,21709443.02,21698902.805155322,new_observed,50777650919.455,30495987.953523226,1,
3544202,Riolândia,2023,ok,ok,2009388.99,2009388.99,2009388.99,new_observed,22503749.29,22503749.29,22296585.134279016,new_observed,48945614200.0975,29998481.46130486,1,
3544202,Riolândia,2024,ok,ok,3045068.99,3045068.99,3045068.99,new_observed,23771622.32,23771622.32,24007995.819087118,new_observed,55712049158.33,29013690.29299411,1,
3544202,Riolândia,2025,ok,ok,1978914.89,1978914.89,1978914.89,new_observed,23613510.27,23613510.27,23764600.27041818,new_observed,59267888460.755,25743515.16041818,1,
3544251,Rosana,2019,ok,ok,4651478.45,4651478.45,4651478.45,new_observed,54473508.43,54473508.43,53810182.72850993,new_observed,37092224874.8675,101805756.4428872,1,
3544251,Rosana,2020,ok,ok,2886870.43,2886870.43,2886870.43,new_observed,49386397.33,49386397.33,50046707.57076016,new_observed,37158522668.0775,90227986.84675018,5,
3544251,Rosana,2021,ok,ok,2410703.92,2410703.92,2410703.92,new_observed,62219952.63,62219952.63,62293453.13135206,new_observed,46897671220.665,87841565.99315138,1,
3544251,Rosana,2022,ok,ok,4875217.98,4875217.98,4875217.98,new_observed,63979107.58,63979107.58,63948044.89733041,new_observed,50777650919.455,87446471.32649416,1,
3544251,Rosana,2023,ok,ok,4785083.98,4785083.98,4785083.98,new_observed,58696015.13,58696015.13,58155673.595711954,new_observed,48945614200.0975,77681607.80725284,1,
3544251,Rosana,2024,ok,ok,4843202.84,4843202.84,4843202.84,new_observed,57985693.63,57985693.63,58562275.28336007,new_observed,55712049158.33,68000683.77215628,1,
3544251,Rosana,2025,ok,ok,5693334.66,5693334.66,5693334.66,new_observed,66083884.78,66083884.78,66506719.59214269,new_observed,59267888460.755,72200054.2521427,1,
3544301,Roseira,2019,ok,ok,3346187.46,3346187.46,3346187.46,new_observed,6208974.6,6208974.6,6133367.712344297,new_observed,37092224874.8675,16507797.856030624,1,
3544301,Roseira,2020,ok,ok,5144209.94,5144209.94,5144209.94,new_observed,6107987.93,6107987.93,6189653.473523429,new_observed,37158522668.0775,19319148.971633267,1,
3544301,Roseira,2021,ok,ok,2522507.58,2522507.58,2522507.58,new_observed,7266257.1,7266257.1,7274840.737840081,new_observed,46897671220.665,13300759.302627476,1,
3544301,Roseira,2022,ok,ok,2802965.66,2802965.66,2802965.66,new_observed,8225977.26,8225977.26,8221983.44184686,new_observed,50777650919.455,14008241.620701624,1,
3544301,Roseira,2023,ok,ok,2941073.58,2941073.58,2941073.58,new_observed,8003881.8,8003881.8,7930199.97062038,new_observed,48945614200.0975,13417347.373183426,1,
3544301,Roseira,2024,ok,ok,3616115.58,3616115.58,3616115.58,new_observed,9073190.26,9073190.26,9163409.669545092,new_observed,55712049158.33,13705699.901227245,1,
3544301,Roseira,2025,ok,ok,3844925.17,3844925.17,3844925.17,new_observed,11620523.26,11620523.26,11694876.663798818,new_observed,59267888460.755,15539801.833798818,1,
3544400,Rubiácea,2019,ok,ok,675588.02,675588.02,675588.02,new_observed,4748277.51,4748277.51,4690457.578789995,new_observed,37092224874.8675,9344488.683339959,1,
3544400,Rubiácea,2020,ok,ok,542025.25,542025.25,542025.25,new_observed,4575931.87,4575931.87,4637113.386331145,new_observed,37158522668.0775,8828106.287273295,1,
3544400,Rubiácea,2021,ok,ok,519176.66,519176.66,519176.66,new_observed,6020118.85,6020118.85,6027230.423297158,new_observed,46897671220.665,8887321.55754844,1,
3544400,Rubiácea,2022,ok,ok,902327.29,902327.29,902327.29,new_observed,6744000.06,6744000.06,6740725.760909073,new_observed,50777650919.455,9711222.507053547,1,
3544400,Rubiácea,2023,ok,ok,774133.29,774133.29,774133.29,new_observed,6656530.83,6656530.83,6595252.392720199,new_observed,48945614200.0975,9095310.422611788,1,
3544400,Rubiácea,2024,ok,ok,963895.0,963895.0,963895.0,new_observed,7547049.75,7547049.75,7622093.957466275,new_observed,55712049158.33,9208244.102062605,1,
3544400,Rubiácea,2025,ok,ok,1143397.16,1143397.16,1143397.16,new_observed,8305148.41,8305148.41,8358288.534547011,new_observed,59267888460.755,9501685.69454701,1,
3544509,Rubinéia,2019,ok,ok,355732.79,355732.79,355732.79,new_observed,5500677.43,5500677.43,5433695.500249431,new_observed,37092224874.8675,10081771.78990857,1,
3544509,Rubinéia,2020,ok,ok,510622.79,510622.79,510622.79,new_observed,5180201.87,5180201.87,5249462.648855965,new_observed,37158522668.0775,9818359.779227274,1,
3544509,Rubinéia,2021,ok,ok,493175.58,493175.58,493175.58,new_observed,7018072.62,7018072.62,7026363.077229414,new_observed,46897671220.665,10208432.986351192,1,
3544509,Rubinéia,2022,ok,ok,813005.86,813005.86,813005.86,new_observed,7836707.32,7836707.32,7832902.497428019,new_observed,50777650919.455,10985445.119289178,1,
3544509,Rubinéia,2023,ok,ok,1173519.17,1173519.17,1173519.17,new_observed,7938782.36,7938782.36,7865699.820558769,new_observed,48945614200.0975,11156222.002313826,1,
3544509,Rubinéia,2024,ok,ok,1036921.85,1036921.85,1036921.85,new_observed,8954706.36,8954706.36,9043747.623028565,new_observed,55712049158.33,10811249.080298208,1,
3544509,Rubinéia,2025,ok,ok,790911.23,790911.23,790911.23,new_observed,9564914.75,9564914.75,9626115.433721019,new_observed,59267888460.755,10417026.66372102,1,
3544608,Sabino,2019,ok,ok,310814.67,310814.67,310814.67,new_observed,8063476.58,8063476.58,7965287.360817422,new_observed,37092224874.8675,14412091.799327785,2,
3544608,Sabino,2020,ok,ok,302754.09,302754.09,302754.09,new_observed,8022186.61,8022186.61,8129445.536713698,new_observed,37158522668.0775,14373114.868550347,1,
3544608,Sabino,2021,ok,ok,272081.22,272081.22,272081.22,new_observed,11353689.43,11353689.43,11367101.556336114,new_observed,46897671220.665,15801211.058857547,1,
3544608,Sabino,2022,ok,ok,498919.97,498919.97,498919.97,new_observed,14739569.27,14739569.27,14732413.018838666,new_observed,50777650919.455,19352850.588423442,1,
3544608,Sabino,2023,ok,ok,480504.37,480504.37,480504.37,new_observed,16863056.45,16863056.45,16707819.168988705,new_observed,48945614200.0975,21213862.99511489,1,
3544608,Sabino,2024,ok,ok,431301.61,431301.61,431301.61,new_observed,18713643.73,18713643.73,18899723.139708955,new_observed,55712049158.33,20732008.335923012,1,
3544608,Sabino,2025,ok,ok,547000.51,547000.51,547000.51,new_observed,16058004.21,16058004.21,16160750.639271315,new_observed,59267888460.755,16707751.149271315,2,
3544707,Sagres,2019,ok,ok,97343.89,97343.89,97343.89,new_observed,2905563.49,2905563.49,2870182.3479407392,new_observed,37092224874.8675,5167681.645158691,6,
3544707,Sagres,2020,ok,ok,100043.3,100043.3,100043.3,new_observed,2782596.37,2782596.37,2819800.4783850615,new_observed,37158522668.0775,4977022.827115698,1,
3544707,Sagres,2021,ok,ok,191247.33,191247.33,191247.33,new_observed,3409656.13,3409656.13,3413683.960694173,new_observed,46897671220.665,4894010.28161098,1,
3544707,Sagres,2022,ok,ok,173613.35,173613.35,173613.35,new_observed,3842891.89,3842891.89,3841026.116377519,new_observed,50777650919.455,5100979.527932708,1,
3544707,Sagres,2023,ok,ok,408898.14,408898.14,408898.14,new_observed,3904935.14,3904935.14,3868987.2372306264,new_observed,48945614200.0975,5279774.61533839,1,
3544707,Sagres,2024,ok,ok,197819.24,197819.24,197819.24,new_observed,4390094.37,4390094.37,4433747.342169531,new_observed,55712049158.33,4967231.5996267535,1,
3544707,Sagres,2025,ok,ok,204245.71,204245.71,204245.71,new_observed,4984712.73,4984712.73,5016607.193798423,new_observed,59267888460.755,5220852.903798423,1,
3544806,Sales,2019,ok,ok,498473.54,498473.54,498473.54,new_observed,10123145.12,10123145.12,9999875.249350147,new_observed,37092224874.8675,18281935.859426804,1,
3544806,Sales,2020,ok,ok,504691.57,504691.57,504691.57,new_observed,9259543.98,9259543.98,9383346.72823264,new_observed,37158522668.0775,16854666.229067013,1,
3544806,Sales,2021,ok,ok,505431.23,505431.23,505431.23,new_observed,11345758.31,11345758.31,11359161.067294968,new_observed,46897671220.665,16107224.24584764,1,
3544806,Sales,2022,ok,ok,816339.18,816339.18,816339.18,new_observed,13898354.24,13898354.24,13891606.409595411,new_observed,50777650919.455,18687837.345994778,1,
3544806,Sales,2023,ok,ok,1185760.38,1185760.38,1185760.38,new_observed,15612085.09,15612085.09,15468363.953355843,new_observed,48945614200.0975,20554553.276241545,1,
3544806,Sales,2024,ok,ok,1116135.81,1116135.81,1116135.81,new_observed,16344734.58,16344734.58,16507258.70445045,new_observed,55712049158.33,18900620.464331437,1,
3544806,Sales,2025,ok,ok,749599.31,749599.31,749599.31,new_observed,16332105.75,16332105.75,16436606.005844308,new_observed,59267888460.755,17186205.31584431,1,
3544905,Sales Oliveira,2019,ok,ok,2521814.02,2521814.02,2521814.02,new_observed,11616462.75,11616462.75,11475008.701517355,new_observed,37092224874.8675,24374215.44711201,1,
3544905,Sales Oliveira,2020,ok,ok,2517543.03,2517543.03,2517543.03,new_observed,10939449.69,10939449.69,11085713.257482368,new_observed,37158522668.0775,23187445.015757382,1,
3544905,Sales Oliveira,2021,ok,ok,2878049.76,2878049.76,2878049.76,new_observed,13758533.37,13758533.37,13774786.341238625,new_observed,46897671220.665,22607685.008540258,1,
3544905,Sales Oliveira,2022,ok,ok,3907271.93,3907271.93,3907271.93,new_observed,15475709.49,15475709.49,15468195.83325864,new_observed,50777650919.455,24618366.165189426,1,
3544905,Sales Oliveira,2023,ok,ok,4907372.27,4907372.27,4907372.27,new_observed,15811586.89,15811586.89,15666029.18730504,new_observed,48945614200.0975,25391732.87428383,1,
3544905,Sales Oliveira,2024,ok,ok,5467426.26,5467426.26,5467426.26,new_observed,17997583.52,17997583.52,18176542.773788743,new_observed,55712049158.33,25357526.020972785,3,
3544905,Sales Oliveira,2025,ok,ok,6413361.24,6413361.24,6413361.24,new_observed,18831373.74,18831373.74,18951865.451470196,new_observed,59267888460.755,25365226.6914702,1,
3545001,Salesópolis,2019,ok,ok,1412716.42,1412716.42,1412716.42,new_observed,9073575.97,9073575.97,8963086.737365795,new_observed,37092224874.8675,18068533.59696211,1,
3545001,Salesópolis,2020,ok,ok,1013499.41,1013499.41,1013499.41,new_observed,8919745.76,8919745.76,9039005.30895939,new_observed,37158522668.0775,17135007.641957182,1,
3545001,Salesópolis,2021,ok,ok,1267939.39,1267939.39,1267939.39,new_observed,11433535.1,11433535.1,11447041.548117597,new_observed,46897671220.665,17261701.381734945,1,
3545001,Salesópolis,2022,ok,ok,1930512.8,1930512.8,1930512.8,new_observed,12250335.56,12250335.56,12244387.86393968,new_observed,50777650919.455,18010553.301932976,1,
3545001,Salesópolis,2023,ok,ok,2476804.59,2476804.59,2476804.59,new_observed,11855884.87,11855884.87,11746742.41787936,new_observed,48945614200.0975,17554729.92146633,1,
3545001,Salesópolis,2024,ok,ok,2473623.88,2473623.88,2473623.88,new_observed,14215629.37,14215629.37,14356982.703427538,new_observed,55712049158.33,18050376.55810326,1,
3545001,Salesópolis,2025,ok,ok,2586430.08,2586430.08,2586430.08,new_observed,18981872.39,18981872.39,19103327.06042173,new_observed,59267888460.755,21689757.140421733,1,
3545100,Salmourão,2019,ok,ok,222361.3,222361.3,222361.3,new_observed,4016911.22,4016911.22,3967997.1601271387,new_observed,37092224874.8675,7297134.638331338,2,
3545100,Salmourão,2020,ok,ok,252157.8,252157.8,252157.8,new_observed,3820603.97,3820603.97,3871686.536529862,new_observed,37158522668.0775,7029303.262838537,1,
3545100,Salmourão,2021,ok,ok,272012.73,272012.73,272012.73,new_observed,4911523.35,4911523.35,4917325.338162447,new_observed,46897671220.665,7044981.391435019,1,
3545100,Salmourão,2022,ok,ok,393536.03,393536.03,393536.03,new_observed,5586567.37,5586567.37,5583855.019421968,new_observed,50777650919.455,7594841.2376521155,1,
3545100,Salmourão,2023,ok,ok,337819.93,337819.93,337819.93,new_observed,5669985.01,5669985.01,5617788.478550495,new_observed,48945614200.0975,7350423.707405839,1,
3545100,Salmourão,2024,ok,ok,668853.43,668853.43,668853.43,new_observed,6314040.69,6314040.69,6376824.452554483,new_observed,55712049158.33,7556301.566245067,1,
3545100,Salmourão,2025,ok,ok,430934.8,430934.8,430934.8,new_observed,6940213.75,6940213.75,6984620.400531832,new_observed,59267888460.755,7415555.200531832,1,
3545159,Saltinho,2019,ok,ok,2063215.45,2063215.45,2063215.45,new_observed,7094908.22,7094908.22,7008513.289552538,new_observed,37092224874.8675,15797604.583195066,1,
3545159,Saltinho,2020,ok,ok,2337470.18,2337470.18,2337470.18,new_observed,6871560.53,6871560.53,6963435.257319015,new_observed,37158522668.0775,15853868.284687575,1,
3545159,Saltinho,2021,ok,ok,2698278.94,2698278.94,2698278.94,new_observed,8831721.3,8831721.3,8842154.22249372,new_observed,46897671220.665,15667149.800409334,1,
3545159,Saltinho,2022,ok,ok,3640885.55,3640885.55,3640885.55,new_observed,10329442.07,10329442.07,10324426.992526885,new_observed,50777650919.455,17744251.750927396,1,
3545159,Saltinho,2023,ok,ok,3700644.33,3700644.33,3700644.33,new_observed,10731706.76,10731706.76,10632913.223788304,new_observed,48945614200.0975,17690505.155370697,1,
3545159,Saltinho,2024,ok,ok,4695962.01,4695962.01,4695962.01,new_observed,14054092.49,14054092.49,14193839.578929657,new_observed,55712049158.33,20258808.26682598,5,
3545159,Saltinho,2025,ok,ok,5157999.01,5157999.01,5157999.01,new_observed,17391309.82,17391309.82,17502587.346209846,new_observed,59267888460.755,22660586.356209844,1,
3545209,Salto,2019,ok,ok,31693041.98,31693041.98,31693041.98,new_observed,103705941.23,103705941.23,102443110.57712446,new_observed,37092224874.8675,233586117.84429342,1,
3545209,Salto,2020,ok,ok,31671674.65,31671674.65,31671674.65,new_observed,102007547.8,102007547.8,103371417.85509016,new_observed,37158522668.0775,230187847.38335207,1,
3545209,Salto,2021,ok,ok,37793799.36,37793799.36,37793799.36,new_observed,133325336.35,133325336.35,133482833.72263432,new_observed,46897671220.665,232523045.7151688,1,
3545209,Salto,2022,ok,ok,44682866.67,44682866.67,44682866.67,new_observed,153587956.17,153587956.17,153513387.2345328,new_observed,50777650919.455,251827104.81153458,1,
3545209,Salto,2023,ok,ok,50267552.73,50267552.73,50267552.73,new_observed,147457458.69,147457458.69,146100000.44868153,new_observed,48945614200.0975,242357223.51684228,1,
3545209,Salto,2024,ok,partial,,,57205951.668269694,imputed_temporal,163308189.74,163308189.74,164932047.28404105,new_observed,55712049158.33,238237077.73556605,1,
3545209,Salto,2025,ok,ok,60258703.79,60258703.79,60258703.79,new_observed,181721763.49,181721763.49,182884502.15137464,new_observed,59267888460.755,243143205.94137463,1,
3545308,Salto de Pirapora,2019,ok,ok,6095190.9,6095190.9,6095190.9,new_observed,30781917.29,30781917.29,30407084.872039683,new_observed,37092224874.8675,63565449.936708264,1,
3545308,Salto de Pirapora,2020,ok,ok,5246361.54,5246361.54,5246361.54,new_observed,29428454.0,29428454.0,29821920.836953003,new_observed,37158522668.0775,59775678.133837804,6,
3545308,Salto de Pirapora,2021,ok,ok,7231044.99,7231044.99,7231044.99,new_observed,39463062.98,39463062.98,39509680.74152686,new_observed,46897671220.665,63454633.07180061,1,
3545308,Salto de Pirapora,2022,ok,ok,11245677.86,11245677.86,11245677.86,new_observed,45339819.64,45339819.64,45317806.57224952,new_observed,50777650919.455,71869262.11777374,1,
3545308,Salto de Pirapora,2023,ok,ok,14662293.69,14662293.69,14662293.69,new_observed,47246932.91,47246932.91,46811988.89953435,new_observed,48945614200.0975,75871681.47139071,1,
3545308,Salto de Pirapora,2024,ok,ok,19312110.43,19312110.43,19312110.43,new_observed,53563671.74,53563671.74,54096282.949395046,new_observed,55712049158.33,78728543.52903599,1,
3545308,Salto de Pirapora,2025,ok,ok,22671760.24,22671760.24,22671760.24,new_observed,61746993.74,61746993.74,62142079.14675761,new_observed,59267888460.755,84813839.38675761,1,
3545407,Salto Grande,2019,ok,ok,1808076.04,1808076.04,1808076.04,new_observed,8264575.33,8264575.33,8163937.3247330105,new_observed,37092224874.8675,17365369.772085913,1,
3545407,Salto Grande,2020,ok,ok,2189997.57,2189997.57,2189997.57,new_observed,8220834.66,8220834.66,8330749.567890976,new_observed,37158522668.0775,17933150.756632764,1,
3545407,Salto Grande,2021,ok,ok,2184513.41,2184513.41,2184513.41,new_observed,10414508.95,10414508.95,10426811.621358696,new_observed,46897671220.665,17120979.400504038,1,
3545407,Salto Grande,2022,ok,ok,2998675.78,2998675.78,2998675.78,new_observed,11040304.84,11040304.84,11034944.629475154,new_observed,50777650919.455,17831043.362930916,1,
3545407,Salto Grande,2023,ok,ok,3316617.5,3316617.5,3316617.5,new_observed,11278177.29,11278177.29,11174353.076254753,new_observed,48945614200.0975,17884784.619838275,1,
3545407,Salto Grande,2024,ok,ok,3774035.98,3774035.98,3774035.98,new_observed,12746142.68,12746142.68,12872884.14949577,new_observed,55712049158.33,17853377.73660173,1,
3545407,Salto Grande,2025,ok,ok,4076202.93,4076202.93,4076202.93,new_observed,14654965.81,14654965.81,14748734.960162072,new_observed,59267888460.755,18824937.890162073,1,
3545506,Sandovalina,2019,ok,ok,1080684.55,1080684.55,1080684.55,new_observed,19907922.26,19907922.26,19665502.83670742,new_observed,37092224874.8675,36127630.61522479,1,
3545506,Sandovalina,2020,ok,ok,765019.81,765019.81,765019.81,new_observed,19814449.85,19814449.85,20079374.70498706,new_observed,37158522668.0775,35530334.905751415,1,
3545506,Sandovalina,2021,ok,ok,1857624.16,1857624.16,1857624.16,new_observed,24217013.76,24217013.76,24245621.34610979,new_observed,46897671220.665,35437444.31969942,1,
3545506,Sandovalina,2022,ok,ok,3586393.5,3586393.5,3586393.5,new_observed,23991769.79,23991769.79,23980121.476044744,new_observed,50777650919.455,35025867.136242546,1,
3545506,Sandovalina,2023,ok,ok,4703969.71,4703969.71,4703969.71,new_observed,24399158.69,24399158.69,24174545.846816476,new_observed,48945614200.0975,35641921.16438618,4,
3545506,Sandovalina,2024,ok,ok,4343679.76,4343679.76,4343679.76,new_observed,26087468.88,26087468.88,26346870.035650354,new_observed,55712049158.33,32914795.901187968,1,
3545506,Sandovalina,2025,ok,ok,5539638.71,5539638.71,5539638.71,new_observed,29435076.44,29435076.44,29623415.473916482,new_observed,59267888460.755,35163054.18391648,1,
3545605,Santa Adélia,2019,ok,ok,3900949.68,3900949.68,3900949.68,new_observed,11298083.83,11298083.83,11160506.69208426,new_observed,37092224874.8675,26228179.770834614,1,
3545605,Santa Adélia,2020,ok,ok,3992557.25,3992557.25,3992557.25,new_observed,10704895.36,10704895.36,10848022.869083963,new_observed,37158522668.0775,25296526.672797758,1,
3545605,Santa Adélia,2021,ok,ok,4085309.42,4085309.42,4085309.42,new_observed,13436879.52,13436879.52,13452752.521176971,new_observed,46897671220.665,23809456.696502652,1,
3545605,Santa Adélia,2022,ok,ok,5555661.03,5555661.03,5555661.03,new_observed,14523440.96,14523440.96,14516389.641923282,new_observed,50777650919.455,25503440.699618876,1,
3545605,Santa Adélia,2023,ok,ok,7601208.99,7601208.99,7601208.99,new_observed,13854526.65,13854526.65,13726985.177715803,new_observed,48945614200.0975,26323299.534176216,1,
3545605,Santa Adélia,2024,ok,ok,7524000.92,7524000.92,7524000.92,new_observed,15878465.78,15878465.78,16036353.553330299,new_observed,55712049158.33,25267851.635528985,1,
3545605,Santa Adélia,2025,ok,ok,6589629.26,6589629.26,6589629.26,new_observed,18649594.99,18649594.99,18768923.598183163,new_observed,59267888460.755,25358552.85818316,1,
3545704,Santa Albertina,2019,ok,ok,509808.65,509808.65,509808.65,new_observed,10487153.0,10487153.0,10359450.59343851,new_observed,37092224874.8675,18927843.25565593,1,
3545704,Santa Albertina,2020,ok,ok,515855.9,515855.9,515855.9,new_observed,11055439.39,11055439.39,11203253.772906724,new_observed,37158522668.0775,19975820.89401676,1,
3545704,Santa Albertina,2021,ok,ok,548002.09,548002.09,548002.09,new_observed,15697378.06,15697378.06,15715921.390693031,new_observed,46897671220.665,22079702.029083278,1,
3545704,Santa Albertina,2022,ok,ok,1014970.82,1014970.82,1014970.82,new_observed,18115020.95,18115020.95,18106225.873472568,new_observed,50777650919.455,24295290.697918482,1,
3545704,Santa Albertina,2023,ok,ok,1150412.05,1150412.05,1150412.05,new_observed,14606486.22,14606486.22,14472022.38702613,new_observed,48945614200.0975,19281239.560419407,1,
3545704,Santa Albertina,2024,ok,ok,1347624.95,1347624.95,1347624.95,new_observed,13912328.5,13912328.5,14050665.956473371,new_observed,55712049158.33,16514256.205521636,1,
3545704,Santa Albertina,2025,ok,ok,1303756.3,1303756.3,1303756.3,new_observed,15024408.92,15024408.92,15120541.935551258,new_observed,59267888460.755,16424298.235551259,1,
3545803,Santa Bárbara d'Oeste,2019,ok,ok,42595201.92,42595201.92,42595201.92,new_observed,116623476.48,116623476.48,115203348.57607189,new_observed,37092224874.8675,274792068.42567503,1,
3545803,Santa Bárbara d'Oeste,2020,ok,ok,38420639.56,38420639.56,38420639.56,new_observed,114524986.65,114524986.65,116056218.43843375,new_observed,37158522668.0775,263313693.08550835,1,
3545803,Santa Bárbara d'Oeste,2021,ok,ok,48182466.34,48182466.34,48182466.34,new_observed,147238403.08,147238403.08,147412335.97430822,new_observed,46897671220.665,265537092.4896499,1,
3545803,Santa Bárbara d'Oeste,2022,ok,ok,62922595.62,62922595.62,62922595.62,new_observed,154508009.2,154508009.2,154432993.5669093,new_observed,50777650919.455,276170854.1974256,1,
3545803,Santa Bárbara d'Oeste,2023,ok,ok,73233215.92,73233215.92,73233215.92,new_observed,147189642.66,147189642.66,145834649.8692617,new_observed,48945614200.0975,270373994.3540207,1,
3545803,Santa Bárbara d'Oeste,2024,ok,ok,76614126.54,76614126.54,76614126.54,new_observed,166351984.32,166351984.32,168006107.88314953,new_observed,55712049158.33,262348675.5027062,1,
3545803,Santa Bárbara d'Oeste,2025,ok,ok,78769366.65,78769366.65,78769366.65,new_observed,181826656.22,181826656.22,182990066.0328654,new_observed,59267888460.755,261759432.6828654,1,
3546009,Santa Branca,2019,ok,ok,1857370.63,1857370.63,1857370.63,new_observed,6668627.83,6668627.83,6587423.729863964,new_observed,37092224874.8675,14705854.409190273,1,
3546009,Santa Branca,2020,ok,ok,1483796.3,1483796.3,1483796.3,new_observed,6560385.86,6560385.86,6648100.093086298,new_observed,37158522668.0775,13861232.671329888,1,
3546009,Santa Branca,2021,ok,ok,1547601.9,1547601.9,1547601.9,new_observed,8197148.75,8197148.75,8206832.05121312,new_observed,46897671220.665,13242499.287507817,1,
3546009,Santa Branca,2022,ok,ok,2814083.01,2814083.01,2814083.01,new_observed,8602635.94,8602635.94,8598459.249195239,new_observed,50777650919.455,14500715.422486087,1,
3546009,Santa Branca,2023,ok,ok,2916015.01,2916015.01,2916015.01,new_observed,8397299.84,8397299.84,8319996.29785369,new_observed,48945614200.0975,13867507.436411332,1,
3546009,Santa Branca,2024,ok,ok,2788267.58,2788267.58,2788267.58,new_observed,9167448.18,9167448.18,9258604.84464982,new_observed,55712049158.33,12919949.29205196,1,
3546009,Santa Branca,2025,ok,ok,3410829.94,3410829.94,3410829.94,new_observed,11470401.15,11470401.15,11543794.00412182,new_observed,59267888460.755,14954623.944121819,2,
3546108,Santa Clara d'Oeste,2019,ok,ok,260962.41,260962.41,260962.41,new_observed,5109012.79,5109012.79,5046800.173436053,new_observed,37092224874.8675,9242994.022629537,1,
3546108,Santa Clara d'Oeste,2020,ok,ok,302542.97,302542.97,302542.97,new_observed,5048324.03,5048324.03,5115821.564460965,new_observed,37158522668.0775,9235879.047118653,1,
3546108,Santa Clara d'Oeste,2021,ok,ok,390849.73,390849.73,390849.73,new_observed,6696376.39,6696376.39,6704286.827104217,new_observed,46897671220.665,9632269.92690213,1,
3546108,Santa Clara d'Oeste,2022,ok,ok,607243.24,607243.24,607243.24,new_observed,7969677.32,7969677.32,7965807.938776439,new_observed,50777650919.455,10892873.176060617,2,
3546108,Santa Clara d'Oeste,2023,ok,ok,689179.71,689179.71,689179.71,new_observed,8141956.53,8141956.53,8067003.61754448,new_observed,48945614200.0975,10806898.825780816,1,
3546108,Santa Clara d'Oeste,2024,ok,ok,892481.6,892481.6,892481.6,new_observed,8939657.45,8939657.45,9028549.073956134,new_observed,55712049158.33,10640040.727096125,1,
3546108,Santa Clara d'Oeste,2025,ok,ok,784733.69,784733.69,784733.69,new_observed,10022259.88,10022259.88,10086386.866294965,new_observed,59267888460.755,10871120.556294965,1,
3546207,Santa Cruz da Conceição,2019,ok,ok,2027388.39,2027388.39,2027388.39,new_observed,5464055.35,5464055.35,5397519.368520547,new_observed,37092224874.8675,12929813.071283523,2,
3546207,Santa Cruz da Conceição,2020,ok,ok,2002067.2,2002067.2,2002067.2,new_observed,5212213.17,5212213.17,5281901.949081792,new_observed,37158522668.0775,12415897.383057082,1,
3546207,Santa Cruz da Conceição,2021,ok,ok,2074477.77,2074477.77,2074477.77,new_observed,6482242.22,6482242.22,6489899.700163779,new_observed,46897671220.665,11626893.278875196,1,
3546207,Santa Cruz da Conceição,2022,ok,ok,2644419.41,2644419.41,2644419.41,new_observed,7055922.5,7055922.5,7052496.7585376855,new_observed,50777650919.455,12320850.047444597,3,
3546207,Santa Cruz da Conceição,2023,ok,ok,2879451.39,2879451.39,2879451.39,new_observed,7272532.42,7272532.42,7205583.218810124,new_observed,48945614200.0975,12446969.712142015,6,
3546207,Santa Cruz da Conceição,2024,ok,ok,3542775.21,3542775.21,3542775.21,new_observed,8457599.54,8457599.54,8541697.81357325,new_observed,55712049158.33,12960274.931298167,1,
3546207,Santa Cruz da Conceição,2025,ok,ok,3673274.71,3673274.71,3673274.71,new_observed,8882777.48,8882777.48,8939613.538587736,new_observed,59267888460.755,12612888.248587735,1,
3546256,Santa Cruz da Esperança,2019,ok,ok,92968.27,92968.27,92968.27,new_observed,3776761.67,3776761.67,3730771.919085887,new_observed,37092224874.8675,6658701.695155614,1,
3546256,Santa Cruz da Esperança,2020,ok,ok,72248.63,72248.63,72248.63,new_observed,3559017.48,3559017.48,3606602.560429847,new_observed,37158522668.0775,6270789.720968582,1,
3546256,Santa Cruz da Esperança,2021,ok,ok,48612.79,48612.79,48612.79,new_observed,4179642.27,4179642.27,4184579.6862038355,new_observed,46897671220.665,5746929.922370435,1,
3546256,Santa Cruz da Esperança,2022,ok,ok,71599.66,71599.66,71599.66,new_observed,4796551.0,4796551.0,4794222.212568334,new_observed,50777650919.455,6182487.360673064,1,
3546256,Santa Cruz da Esperança,2023,ok,ok,175783.94,175783.94,175783.94,new_observed,5127807.94,5127807.94,5080602.561513959,new_observed,48945614200.0975,6487442.643231111,1,
3546256,Santa Cruz da Esperança,2024,ok,ok,261344.62,261344.62,261344.62,new_observed,5949657.6,5949657.6,6008818.113588466,new_observed,55712049158.33,6724582.257974041,1,
3546256,Santa Cruz da Esperança,2025,ok,ok,161112.69,161112.69,161112.69,new_observed,6815629.7,6815629.7,6859239.2050015265,new_observed,59267888460.755,7020351.895001527,1,
3546306,Santa Cruz das Palmeiras,2019,ok,ok,3519272.77,3519272.77,3519272.77,new_observed,13720680.29,13720680.29,13553603.115413738,new_observed,37092224874.8675,29730887.031465195,1,
3546306,Santa Cruz das Palmeiras,2020,ok,ok,3366701.72,3366701.72,3366701.72,new_observed,13738247.89,13738247.89,13921932.188962989,new_observed,37158522668.0775,29469359.371735465,1,
3546306,Santa Cruz das Palmeiras,2021,ok,ok,3233864.45,3233864.45,3233864.45,new_observed,18559061.42,18559061.42,18580985.26052597,new_observed,46897671220.665,29615571.051439952,1,
3546306,Santa Cruz das Palmeiras,2022,ok,ok,4577217.82,4577217.82,4577217.82,new_observed,21851098.19,21851098.19,21840489.199741587,new_observed,50777650919.455,33566197.86439227,1,
3546306,Santa Cruz das Palmeiras,2023,ok,ok,4885902.76,4885902.76,4885902.76,new_observed,22381978.65,22381978.65,22175935.485785905,new_observed,48945614200.0975,33399774.42476275,1,
3546306,Santa Cruz das Palmeiras,2024,ok,ok,5183165.45,5183165.45,5183165.45,new_observed,24691607.59,24691607.59,24937128.977037344,new_observed,55712049158.33,32303212.231477555,1,
3546306,Santa Cruz das Palmeiras,2025,ok,ok,4371255.5,4371255.5,4371255.5,new_observed,20553770.43,20553770.43,20685282.820464417,new_observed,59267888460.755,25056538.320464417,1,
3546405,Santa Cruz do Rio Pardo,2019,ok,ok,11203843.79,11203843.79,11203843.79,new_observed,56285453.04,56285453.04,55600063.22947546,new_observed,37092224874.8675,116333031.77430075,1,
3546405,Santa Cruz do Rio Pardo,2020,ok,ok,11208051.31,11208051.31,11208051.31,new_observed,54570893.6,54570893.6,55300522.03697093,new_observed,37158522668.0775,113367259.64491642,1,
3546405,Santa Cruz do Rio Pardo,2021,ok,ok,14293147.6,14293147.6,14293147.6,new_observed,67454597.88,67454597.88,67534282.07378529,new_observed,46897671220.665,111087909.82370993,1,
3546405,Santa Cruz do Rio Pardo,2022,ok,ok,18345459.58,18345459.58,18345459.58,new_observed,76344636.93,76344636.93,76307570.62319794,new_observed,50777650919.455,120265636.14664231,1,
3546405,Santa Cruz do Rio Pardo,2023,ok,ok,20983346.06,20983346.06,20983346.06,new_observed,82425049.61,82425049.61,81666264.23638657,new_observed,48945614200.0975,126690352.57510638,1,
3546405,Santa Cruz do Rio Pardo,2024,ok,ok,24908399.9,24908399.9,24908399.9,new_observed,93800615.6,93800615.6,94733323.4912592,new_observed,55712049158.33,128312556.5657933,1,
3546405,Santa Cruz do Rio Pardo,2025,ok,ok,25998143.79,25998143.79,25998143.79,new_observed,100425451.98,100425451.98,101068019.79004437,new_observed,59267888460.755,127066163.58004436,1,
3546504,Santa Ernestina,2019,ok,ok,793948.06,793948.06,793948.06,new_observed,3902219.7,3902219.7,3854702.2425335497,new_observed,37092224874.8675,8095208.910379903,1,
3546504,Santa Ernestina,2020,ok,ok,1005577.23,1005577.23,1005577.23,new_observed,3589698.05,3589698.05,3637693.3384154174,new_observed,37158522668.0775,7914691.800483845,1,
3546504,Santa Ernestina,2021,ok,ok,785619.78,785619.78,785619.78,new_observed,4763027.6,4763027.6,4768654.1699627815,new_observed,46897671220.665,7540413.845937,1,
3546504,Santa Ernestina,2022,ok,ok,1189920.11,1189920.11,1189920.11,new_observed,5381624.21,5381624.21,5379011.3619718645,new_observed,50777650919.455,8346449.348577796,1,
3546504,Santa Ernestina,2023,ok,ok,983412.61,983412.61,983412.61,new_observed,5586151.0,5586151.0,5534726.224477854,new_observed,48945614200.0975,8044699.874545566,1,
3546504,Santa Ernestina,2024,ok,ok,1124855.51,1124855.51,1124855.51,new_observed,6283349.32,6283349.32,6345827.902435893,new_observed,55712049158.33,8012108.658853928,2,
3546504,Santa Ernestina,2025,ok,ok,1639603.03,1639603.03,1639603.03,new_observed,6457528.69,6457528.69,6498846.901537234,new_observed,59267888460.755,8138449.931537234,3,
3546603,Santa Fé do Sul,2019,ok,ok,6019350.0,6019350.0,6019350.0,new_observed,19009837.98,19009837.98,18778354.55848512,new_observed,37092224874.8675,43182985.56237083,1,
3546603,Santa Fé do Sul,2020,ok,ok,6224981.42,6224981.42,6224981.42,new_observed,21169931.95,21169931.95,21452979.98789138,new_observed,37158522668.0775,47178498.64258598,1,
3546603,Santa Fé do Sul,2021,ok,ok,8856281.68,8856281.68,8856281.68,new_observed,28547343.03,28547343.03,28581066.039039426,new_observed,46897671220.665,50824481.76645923,1,
3546603,Santa Fé do Sul,2022,ok,ok,9258038.02,9258038.02,9258038.02,new_observed,31417219.25,31417219.25,31401965.784472935,new_observed,50777650919.455,51662384.31851727,1,
3546603,Santa Fé do Sul,2023,ok,ok,9377547.2,9490172.04,9377547.2,new_observed,29729209.48,35675051.13,29455529.458826236,new_observed,48945614200.0975,47927860.21571495,1,
3546603,Santa Fé do Sul,2024,ok,ok,11122594.37,11195783.04,11122594.37,new_observed,32886220.63,39463464.53,33213225.280226327,new_observed,55712049158.33,47548983.79519742,1,
3546603,Santa Fé do Sul,2025,ok,ok,12121985.09,12183445.26,12121985.09,new_observed,37492038.65,44990446.18,37731929.80004657,new_observed,59267888460.755,49853914.89004657,1,
3546702,Santa Gertrudes,2019,ok,ok,5963466.51,5963466.51,5963466.51,new_observed,46599977.02,46599977.02,46032527.569118135,new_observed,37092224874.8675,90546375.2229188,1,
3546702,Santa Gertrudes,2020,ok,ok,6050742.9,6050742.9,6050742.9,new_observed,46279412.49,46279412.49,46898181.45586153,new_observed,37158522668.0775,90254145.49270856,1,
3546702,Santa Gertrudes,2021,ok,ok,8893692.97,8893692.97,8893692.97,new_observed,60994356.78,60994356.78,61066409.4835698,new_observed,46897671220.665,94976972.6802193,1,
3546702,Santa Gertrudes,2022,ok,ok,12681660.68,12681660.68,12681660.68,new_observed,84032328.33,84032328.33,83991529.54977883,new_observed,50777650919.455,122832440.71901785,4,
3546702,Santa Gertrudes,2023,ok,ok,12058695.79,12058695.79,12058695.79,new_observed,116585446.42,116585446.42,115512188.57013206,new_observed,48945614200.0975,157448238.44179937,1,
3546702,Santa Gertrudes,2024,ok,ok,13357854.43,13357854.43,13357854.43,new_observed,123183976.1,123183976.1,124408857.89688614,new_observed,55712049158.33,147751123.66542873,1,
3546702,Santa Gertrudes,2025,ok,ok,12444130.67,12444130.67,12444130.67,new_observed,100070848.16,100070848.16,100711147.0531955,new_observed,59267888460.755,113155277.72319551,1,
3546801,Santa Isabel,2019,ok,ok,11738393.35,11738393.35,11738393.35,new_observed,30668256.02,30668256.02,30294807.659058005,new_observed,37092224874.8675,73197061.76970711,1,
3546801,Santa Isabel,2020,ok,ok,8824313.84,8824313.84,8824313.84,new_observed,32510888.59,32510888.59,32945568.45799574,new_observed,37158522668.0775,71198897.42801328,1,
3546801,Santa Isabel,2021,ok,ok,10466426.54,10466426.54,10466426.54,new_observed,37759724.92,37759724.92,37804330.526324384,new_observed,46897671220.665,65531784.75095069,1,
3546801,Santa Isabel,2022,ok,ok,11332176.43,11332176.43,11332176.43,new_observed,41658081.82,41658081.82,41637856.2834906,new_observed,50777650919.455,67303441.49913087,1,
3546801,Santa Isabel,2023,ok,ok,13905484.35,13905484.35,13905484.35,new_observed,40540290.93,40540290.93,40167086.668124914,new_observed,48945614200.0975,66736474.3728586,1,
3546801,Santa Isabel,2024,ok,ok,14719648.5,14719648.5,14719648.5,new_observed,42439603.11,42439603.11,42861601.96863655,new_observed,55712049158.33,61754354.98972278,1,
3546801,Santa Isabel,2025,ok,ok,16169168.56,16169168.56,16169168.56,new_observed,51860650.13,51860650.13,52192478.2047011,new_observed,59267888460.755,68361646.7647011,1,
3546900,Santa Lúcia,2019,ok,ok,497223.22,497223.22,497223.22,new_observed,4926738.21,4926738.21,4866745.156984043,new_observed,37092224874.8675,9340871.38726948,1,
3546900,Santa Lúcia,2020,ok,ok,524345.57,524345.57,524345.57,new_observed,4581187.14,4581187.14,4642438.920792343,new_observed,37158522668.0775,8807048.01531666,1,
3546900,Santa Lúcia,2021,ok,ok,829106.83,829106.83,829106.83,new_observed,5594141.69,5594141.69,5600750.055989839,new_observed,46897671220.665,8729094.446419235,1,
3546900,Santa Lúcia,2022,ok,ok,949516.39,949516.39,949516.39,new_observed,6231680.49,6231680.49,6228654.928674107,new_observed,50777650919.455,9120546.25358161,1,
3546900,Santa Lúcia,2023,ok,ok,1011632.55,1011632.55,1011632.55,new_observed,6549287.33,6549287.33,6488996.150836515,new_observed,48945614200.0975,9257290.815817066,1,
3546900,Santa Lúcia,2024,ok,ok,1178965.12,1178965.12,1178965.12,new_observed,7034282.65,7034282.65,7104228.149771354,new_observed,55712049158.33,8883503.804915804,1,
3546900,Santa Lúcia,2025,ok,ok,1357049.55,1357049.55,1357049.55,new_observed,7970133.64,7970133.64,8021130.187367649,new_observed,59267888460.755,9378179.737367649,1,
3547007,Santa Maria da Serra,2019,ok,ok,630006.3,630006.3,630006.3,new_observed,6556268.31,6556268.31,6476432.415429773,new_observed,37092224874.8675,12375227.704020359,1,
3547007,Santa Maria da Serra,2020,ok,ok,640159.81,640159.81,640159.81,new_observed,6820671.89,6820671.89,6911866.221664604,new_observed,37158522668.0775,12872814.02820651,1,
3547007,Santa Maria da Serra,2021,ok,ok,1144550.97,1144550.97,1144550.97,new_observed,8530385.64,8530385.64,8540462.594333202,new_observed,46897671220.665,13148255.026037218,1,
3547007,Santa Maria da Serra,2022,ok,ok,914153.88,914153.88,914153.88,new_observed,9481480.36,9481480.36,9476876.978883868,new_observed,50777650919.455,13202788.476821927,1,
3547007,Santa Maria da Serra,2023,ok,ok,2026661.41,2026661.41,2026661.41,new_observed,9541442.46,9541442.46,9453606.213421099,new_observed,48945614200.0975,14168969.065428553,1,
3547007,Santa Maria da Serra,2024,ok,ok,1820396.11,1820396.11,1820396.11,new_observed,10113082.22,10113082.22,10213641.811546512,new_observed,55712049158.33,12906184.629869256,1,
3547007,Santa Maria da Serra,2025,ok,ok,4293276.39,4293276.39,4293276.39,new_observed,12897833.11,12897833.11,12980359.324345153,new_observed,59267888460.755,17273635.714345153,1,
3547106,Santa Mercedes,2019,ok,ok,172483.49,172483.49,172483.49,new_observed,3793565.05,3793565.05,3747370.6837756713,new_observed,37092224874.8675,6826075.606858288,1,
3547106,Santa Mercedes,2020,ok,ok,188674.9,188674.9,188674.9,new_observed,3750513.27,3750513.27,3800658.703847703,new_observed,37158522668.0775,6800022.849959244,1,
3547106,Santa Mercedes,2021,ok,ok,393264.14,393264.14,393264.14,new_observed,4579728.69,4579728.69,4585138.72875032,new_observed,46897671220.665,6758618.3649492,1,
3547106,Santa Mercedes,2022,ok,ok,741991.13,741991.13,741991.13,new_observed,4924604.29,4924604.29,4922213.331042931,new_observed,50777650919.455,7196908.026183425,1,
3547106,Santa Mercedes,2023,ok,ok,1193919.3,1193919.3,1193919.3,new_observed,5336287.95,5336287.95,5287163.354200444,new_observed,48945614200.0975,7998965.063367262,1,
3547106,Santa Mercedes,2024,ok,ok,981775.36,981775.36,981775.36,new_observed,6261289.12,6261289.12,6323548.346491466,new_observed,55712049158.33,7834764.785652522,1,
3547106,Santa Mercedes,2025,ok,ok,1041179.52,1041179.52,1041179.52,new_observed,7014458.97,7014458.97,7059340.675286191,new_observed,59267888460.755,8100520.19528619,1,
3547205,Santana da Ponte Pensa,2019,ok,ok,91495.6,91495.6,91495.6,new_observed,3092001.19,3092001.19,3054349.78994376,new_observed,37092224874.8675,5478208.506557473,1,
3547205,Santana da Ponte Pensa,2020,ok,ok,99885.85,99885.85,99885.85,new_observed,3325568.93,3325568.93,3370032.736625937,new_observed,37158522668.0775,5914653.42828106,1,
3547205,Santana da Ponte Pensa,2021,ok,ok,104780.27,104780.27,104780.27,new_observed,4374477.32,4374477.32,4379644.895071701,new_observed,46897671220.665,6088000.323786974,1,
3547205,Santana da Ponte Pensa,2022,ok,ok,240446.83,240446.83,240446.83,new_observed,4858901.95,4858901.95,4856542.890377188,new_observed,50777650919.455,6476207.997124941,1,
3547205,Santana da Ponte Pensa,2023,ok,ok,195103.71,195103.71,195103.71,new_observed,5105234.03,5105234.03,5058236.461552464,new_observed,48945614200.0975,6483682.856751964,1,
3547205,Santana da Ponte Pensa,2024,ok,ok,275211.8,275211.8,275211.8,new_observed,5592553.15,5592553.15,5648162.789893362,new_observed,55712049158.33,6352661.225386545,1,
3547205,Santana da Ponte Pensa,2025,ok,ok,333215.73,333215.73,333215.73,new_observed,5493623.64,5493623.64,5528774.347733591,new_observed,59267888460.755,5861990.077733591,1,
3547304,Santana de Parnaíba,2019,ok,ok,339256602.98,339256602.98,339256602.98,new_observed,238138479.8,238138479.8,235238659.70913693,new_observed,37092224874.8675,1000432139.8315334,1,
3547304,Santana de Parnaíba,2020,ok,ok,310423799.16,310423799.16,310423799.16,new_observed,208448558.94,208448558.94,211235575.72156563,new_observed,37158522668.0775,889195043.9213065,6,
3547304,Santana de Parnaíba,2021,ok,ok,352475527.42,352475527.42,352475527.42,new_observed,232832857.51,232832857.51,233107903.23142612,new_observed,46897671220.665,794980846.8602616,1,
3547304,Santana de Parnaíba,2022,ok,ok,379362432.27,379362432.27,379362432.27,new_observed,241063547.88,241063547.88,240946508.41548976,new_observed,50777650919.455,788161236.8757503,1,
3547304,Santana de Parnaíba,2023,ok,ok,409432320.18,409432320.18,409432320.18,new_observed,219615129.46,219615129.46,217593404.8890481,new_observed,48945614200.0975,773876393.2302603,1,
3547304,Santana de Parnaíba,2024,ok,ok,486324694.04,486324694.04,486324694.04,new_observed,226296937.85,226296937.85,228547124.9980307,new_observed,55712049158.33,766680954.7505255,1,
3547304,Santana de Parnaíba,2025,ok,ok,574271586.25,574271586.25,574271586.25,new_observed,241980700.25,241980700.25,243529003.05140147,new_observed,59267888460.755,817800589.3014015,1,
3547403,Santa Rita d'Oeste,2019,ok,ok,86601.71,86601.71,86601.71,new_observed,4586372.71,4586372.71,4530524.29885782,new_observed,37092224874.8675,8040312.171230022,1,
3547403,Santa Rita d'Oeste,2020,ok,ok,119895.33,119895.33,119895.33,new_observed,4148998.66,4148998.66,4204471.957349308,new_observed,37158522668.0775,7371104.872560606,1,
3547403,Santa Rita d'Oeste,2021,ok,ok,98909.6,98909.6,98909.6,new_observed,5147529.07,5147529.07,5153609.851989971,new_observed,46897671220.665,7130755.659271,1,
3547403,Santa Rita d'Oeste,2022,ok,ok,342977.3,342977.3,342977.3,new_observed,5528086.02,5528086.02,5525402.062872358,new_observed,50777650919.455,7456331.569211893,1,
3547403,Santa Rita d'Oeste,2023,ok,ok,207388.68,207388.68,207388.68,new_observed,5429273.6,5429273.6,5379293.000455104,new_observed,48945614200.0975,6895093.608033501,1,
3547403,Santa Rita d'Oeste,2024,ok,ok,221876.6,221876.6,221876.6,new_observed,5990296.2,5990296.2,6049860.804144454,new_observed,55712049158.33,6726271.050136678,1,
3547403,Santa Rita d'Oeste,2025,ok,ok,231231.54,231231.54,231231.54,new_observed,6603070.47,6603070.47,6645319.924175436,new_observed,59267888460.755,6876551.464175436,1,
3547502,Santa Rita do Passa Quatro,2019,ok,ok,7269433.07,7269433.07,7269433.07,new_observed,18411492.1,18411492.1,18187294.75592026,new_observed,37092224874.8675,44330615.6656249,5,
3547502,Santa Rita do Passa Quatro,2020,ok,ok,7328202.64,7328202.64,7328202.64,new_observed,17997877.13,17997877.13,18238513.888771284,new_observed,37158522668.0775,43579773.9317648,2,
3547502,Santa Rita do Passa Quatro,2021,ok,partial,,,8736878.541640729,imputed_temporal,24463987.57,24463987.57,24492886.9065546,new_observed,46897671220.665,45112319.94318357,3,
3547502,Santa Rita do Passa Quatro,2022,ok,ok,9612045.89,9612045.89,9612045.89,new_observed,28359970.49,28359970.49,28346201.358213525,new_observed,50777650919.455,48229546.825049244,3,
3547502,Santa Rita do Passa Quatro,2023,ok,ok,11723702.08,11723702.08,11723702.08,new_observed,27767279.5,27767279.5,27511660.538903497,new_observed,48945614200.0975,48424362.34534844,3,
3547502,Santa Rita do Passa Quatro,2024,ok,ok,13443716.35,13443716.35,13443716.35,new_observed,30206999.27,30206999.27,30507363.04064448,new_observed,55712049158.33,47136360.13079826,1,
3547502,Santa Rita do Passa Quatro,2025,ok,ok,14729908.87,14729908.87,14729908.87,new_observed,34757926.59,34757926.59,34980323.64503209,new_observed,59267888460.755,49710232.51503209,1,
3547601,Santa Rosa de Viterbo,2019,ok,ok,3383691.87,3383691.87,3383691.87,new_observed,17613731.26,17613731.26,17399248.275873676,new_observed,37092224874.8675,36191632.259599194,1,
3547601,Santa Rosa de Viterbo,2020,ok,ok,3208397.79,3208397.79,3208397.79,new_observed,17559205.12,17559205.12,17793976.70867997,new_observed,37158522668.0775,35799619.85547631,1,
3547601,Santa Rosa de Viterbo,2021,ok,ok,3959210.26,3959210.26,3959210.26,new_observed,22336836.76,22336836.76,22363223.290864818,new_observed,46897671220.665,35735011.30728845,1,
3547601,Santa Rosa de Viterbo,2022,ok,ok,5462479.18,5462479.18,5462479.18,new_observed,24900892.91,24900892.91,24888803.205033645,new_observed,50777650919.455,38564177.77715398,1,
3547601,Santa Rosa de Viterbo,2023,ok,ok,5852141.44,5852141.44,5852141.44,new_observed,26229824.24,26229824.24,25988358.725815482,new_observed,48945614200.0975,39297608.442229964,1,
3547601,Santa Rosa de Viterbo,2024,ok,ok,5829591.89,5829591.89,5829591.89,new_observed,29879936.46,29879936.46,30177048.076467536,new_observed,55712049158.33,38616160.7880939,1,
3547601,Santa Rosa de Viterbo,2025,ok,ok,6088822.4,6088822.4,6088822.4,new_observed,33036876.24,33036876.24,33248261.230534773,new_observed,59267888460.755,39337083.630534776,1,
3547650,Santa Salete,2019,ok,partial,,,46236.08694156146,imputed_temporal,2379954.67,2379954.67,2350973.8838070016,new_observed,37092224874.8675,4174526.8523809896,1,
3547650,Santa Salete,2020,ok,ok,46638.18,46638.18,46638.18,new_observed,2331305.85,2331305.85,2362476.075210252,new_observed,37158522668.0775,4106458.273580286,1,
3547650,Santa Salete,2021,ok,ok,82392.92,82392.92,82392.92,new_observed,2899659.7,2899659.7,2903085.0713269077,new_observed,46897671220.665,4053048.1185020492,1,
3547650,Santa Salete,2022,ok,ok,226051.39,226051.39,226051.39,new_observed,3159359.75,3159359.75,3157825.84005556,new_observed,50777650919.455,4299536.389285297,1,
3547650,Santa Salete,2023,ok,ok,230491.95,230491.95,230491.95,new_observed,3092807.28,3092807.28,3064335.632866354,new_observed,48945614200.0975,4066482.7361962027,1,
3547650,Santa Salete,2024,ok,ok,300400.01,300400.01,300400.01,new_observed,3646326.64,3646326.64,3682583.946089968,new_observed,55712049158.33,4271644.035878029,1,
3547650,Santa Salete,2025,ok,ok,1458033.17,1458033.17,1458033.17,new_observed,4038224.76,4038224.76,4064063.162410346,new_observed,59267888460.755,5522096.332410346,1,
3547700,Santo Anastácio,2019,ok,ok,2791441.96,2791441.96,2791441.96,new_observed,12423520.37,12423520.37,12272238.754368503,new_observed,37092224874.8675,26232053.2640654,1,
3547700,Santo Anastácio,2020,ok,ok,2352499.54,2352499.54,2352499.54,new_observed,12570252.94,12570252.94,12738320.812814552,new_observed,37158522668.0775,25723073.930140667,1,
3547700,Santo Anastácio,2021,ok,ok,3183897.92,3183897.92,3183897.92,new_observed,15752450.09,15752450.09,15771058.47734519,new_observed,46897671220.665,25733015.1438842,1,
3547700,Santo Anastácio,2022,ok,ok,4486947.97,4486947.97,4486947.97,new_observed,17101377.56,17101377.56,17093074.62042406,new_observed,50777650919.455,27419461.789281156,1,
3547700,Santo Anastácio,2023,ok,ok,4029559.26,4029559.26,4029559.26,new_observed,17923544.88,17923544.88,17758544.99510338,new_observed,48945614200.0975,26890921.47600088,1,
3547700,Santo Anastácio,2024,ok,ok,4033586.31,4033586.31,4033586.31,new_observed,20070494.41,20070494.41,20270065.685710058,new_observed,55712049158.33,26065018.398779865,1,
3547700,Santo Anastácio,2025,ok,ok,4669829.25,4669829.25,4669829.25,new_observed,20557391.84,20557391.84,20688927.401896033,new_observed,59267888460.755,25358756.651896033,1,
3547809,Santo André,2019,ok,ok,500905568.22,500905568.22,500905568.22,new_observed,442136617.56,442136617.56,436752705.444732,new_observed,37092224874.8675,1632848056.504761,1,
3547809,Santo André,2020,ok,ok,455354380.46,455354380.46,455354380.46,new_observed,437089965.74,437089965.74,442933983.4476109,new_observed,37158522668.0775,1531178388.9250925,1,
3547809,Santo André,2021,ok,ok,538284856.55,538284856.55,538284856.55,new_observed,550421835.98,550421835.98,551072049.9256812,new_observed,46897671220.665,1478897507.5331614,1,
3547809,Santo André,2022,ok,ok,592933509.07,592933509.07,592933509.07,new_observed,595165734.21,595165734.21,594876773.5627377,new_observed,50777650919.455,1509225419.9963562,1,
3547809,Santo André,2023,ok,ok,653810604.93,653810604.93,653810604.93,new_observed,574743287.9,574743287.9,569452338.0916046,new_observed,48945614200.0975,1509753549.9257977,1,
3547809,Santo André,2024,ok,ok,691826803.47,691826803.47,691826803.47,new_observed,648289099.25,648289099.25,654735372.0683609,new_observed,55712049158.33,1444152010.0231748,1,
3547809,Santo André,2025,ok,ok,764701778.77,764701778.77,764701778.77,new_observed,665907560.56,665907560.56,670168340.6156998,new_observed,59267888460.755,1434870119.3856997,1,
3547908,Santo Antônio da Alegria,2019,ok,ok,308283.96,308283.96,308283.96,new_observed,5978845.22,5978845.22,5906040.625363813,new_observed,37092224874.8675,10821690.701925404,1,
3547908,Santo Antônio da Alegria,2020,ok,ok,345273.41,345273.41,345273.41,new_observed,5958904.02,5958904.02,6038576.269057185,new_observed,37158522668.0775,10881597.780246979,1,
3547908,Santo Antônio da Alegria,2021,ok,ok,408611.14,408611.14,408611.14,new_observed,7809336.39,7809336.39,7818561.568027781,new_observed,46897671220.665,11169108.250583027,1,
3547908,Santo Antônio da Alegria,2022,ok,ok,631879.6,631879.6,631879.6,new_observed,8533606.0,8533606.0,8529462.82412225,new_observed,50777650919.455,11640352.899732728,1,
3547908,Santo Antônio da Alegria,2023,ok,ok,717141.41,717141.41,717141.41,new_observed,8317279.12,8317279.12,8240712.229541608,new_observed,48945614200.0975,11055800.7247464,1,
3547908,Santo Antônio da Alegria,2024,ok,ok,2634522.37,2634522.37,2634522.37,new_observed,9482988.18,9482988.18,9577282.421584954,new_observed,55712049158.33,13096834.85556634,1,
3547908,Santo Antônio da Alegria,2025,ok,ok,2166451.16,2166451.16,2166451.16,new_observed,11228108.29,11228108.29,11299950.84398007,new_observed,59267888460.755,13466402.00398007,1,
3548005,Santo Antônio de Posse,2019,ok,ok,5258442.62,5258442.62,5258442.62,new_observed,23033235.32,23033235.32,22752758.856915966,new_observed,37092224874.8675,48779003.1577107,1,
3548005,Santo Antônio de Posse,2020,ok,ok,5125315.82,5125315.82,5125315.82,new_observed,24265116.94,24265116.94,24589548.485424593,new_observed,37158522668.0775,50650503.64939083,1,
3548005,Santo Antônio de Posse,2021,ok,ok,6496529.96,6496529.96,6496529.96,new_observed,32477790.13,32477790.13,32516156.180703335,new_observed,46897671220.665,52963141.78823051,1,
3548005,Santo Antônio de Posse,2022,ok,ok,8385186.96,8385186.96,8385186.96,new_observed,37219911.17,37219911.17,37201840.422635816,new_observed,50777650919.455,57922634.240418285,1,
3548005,Santo Antônio de Posse,2023,ok,ok,9673264.86,9673264.86,9673264.86,new_observed,39325441.19,39325441.19,38963420.545462266,new_observed,48945614200.0975,60027493.57071305,1,
3548005,Santo Antônio de Posse,2024,ok,ok,10572280.83,10572280.83,10572280.83,new_observed,45815234.99,45815234.99,46270799.49713814,new_observed,55712049158.33,60962687.20568019,1,
3548005,Santo Antônio de Posse,2025,ok,ok,11805694.48,11805694.48,11805694.48,new_observed,50113800.26,50113800.26,50434451.19311684,new_observed,59267888460.755,62240145.67311685,1,
3548054,Santo Antônio do Aracanguá,2019,ok,ok,1148265.72,1148265.72,1148265.72,new_observed,23161964.38,23161964.38,22879920.37892387,new_observed,37092224874.8675,41842937.96035031,1,
3548054,Santo Antônio do Aracanguá,2020,ok,ok,710985.17,710985.17,710985.17,new_observed,23167423.6,23167423.6,23477178.67188527,new_observed,37158522668.0775,41229960.478797056,1,
3548054,Santo Antônio do Aracanguá,2021,ok,ok,578301.04,578301.04,578301.04,new_observed,29815047.41,29815047.41,29850267.959676433,new_observed,46897671220.665,41309450.175526,1,
3548054,Santo Antônio do Aracanguá,2022,ok,ok,1510315.36,1510315.36,1510315.36,new_observed,33952020.65,33952020.65,33935536.50567016,new_observed,50777650919.455,45037310.630552255,1,
3548054,Santo Antônio do Aracanguá,2023,ok,ok,2153327.72,2153327.72,2153327.72,new_observed,34316359.74,34316359.74,34000451.50616122,new_observed,48945614200.0975,44621066.011452325,1,
3548054,Santo Antônio do Aracanguá,2024,ok,ok,1131083.97,1131083.97,1131083.97,new_observed,37207340.96,37207340.96,37577312.73794816,new_observed,55712049158.33,41513722.81655572,1,
3548054,Santo Antônio do Aracanguá,2025,ok,ok,2136635.0,2136635.0,2136635.0,new_observed,40460091.64,40460091.64,40718973.74574831,new_observed,59267888460.755,42855608.74574831,1,
3548104,Santo Antônio do Jardim,2019,ok,ok,978609.93,978609.93,978609.93,new_observed,5564660.46,5564660.46,5496899.406791414,new_observed,37092224874.8675,11276520.596499264,4,
3548104,Santo Antônio do Jardim,2020,ok,ok,774643.86,774643.86,774643.86,new_observed,5398404.03,5398404.03,5470582.234070063,new_observed,37158522668.0775,10645306.80058398,1,
3548104,Santo Antônio do Jardim,2021,ok,ok,1198939.66,1198939.66,1198939.66,new_observed,6544982.29,6544982.29,6552713.885080377,new_observed,46897671220.665,10523549.29677575,1,
3548104,Santo Antônio do Jardim,2022,ok,ok,1532587.09,1532587.09,1532587.09,new_observed,7185742.1,7185742.1,7182253.329445975,new_observed,50777650919.455,11073029.830224393,1,
3548104,Santo Antônio do Jardim,2023,ok,ok,1998820.82,1998820.82,1998820.82,new_observed,6755372.73,6755372.73,6693184.377732281,new_observed,48945614200.0975,10727690.050705664,1,
3548104,Santo Antônio do Jardim,2024,ok,ok,2068743.71,2068743.71,2068743.71,new_observed,7541821.82,7541821.82,7616814.043462389,new_observed,55712049158.33,10387502.301753001,2,
3548104,Santo Antônio do Jardim,2025,ok,ok,1133744.47,1133744.47,1133744.47,new_observed,8291978.44,8291978.44,8345034.2970768185,new_observed,59267888460.755,9478778.767076818,1,
3548203,Santo Antônio do Pinhal,2019,ok,ok,921451.51,921451.51,921451.51,new_observed,3722436.98,3722436.98,3677108.7426204663,new_observed,37092224874.8675,8007981.566529845,1,
3548203,Santo Antônio do Pinhal,2020,ok,ok,1008071.5,1008071.5,1008071.5,new_observed,3649473.99,3649473.99,3698268.499809709,new_observed,37158522668.0775,8022196.867044704,5,
3548203,Santo Antônio do Pinhal,2021,ok,ok,1732879.21,1732879.21,1732879.21,new_observed,4643591.68,4643591.68,4649077.160173601,new_observed,46897671220.665,8664065.29662537,1,
3548203,Santo Antônio do Pinhal,2022,ok,ok,2533179.63,2533179.63,2533179.63,new_observed,5058092.39,5058092.39,5055636.620847114,new_observed,50777650919.455,9642309.517707018,1,
3548203,Santo Antônio do Pinhal,2023,ok,ok,3186282.05,3186282.05,3186282.05,new_observed,4904409.41,4904409.41,4859260.585169101,new_observed,48945614200.0975,9929824.6740982,1,
3548203,Santo Antônio do Pinhal,2024,ok,ok,3226430.46,3226430.46,3226430.46,new_observed,6219748.64,6219748.64,6281594.808077565,new_observed,55712049158.33,10197103.44734407,1,
3548203,Santo Antônio do Pinhal,2025,ok,ok,2825254.25,2825254.25,2825254.25,new_observed,8004496.9,8004496.9,8055713.319165972,new_observed,59267888460.755,10880967.569165971,1,
3548302,Santo Expedito,2019,ok,absent_dca,,,121098.24666639461,imputed_temporal,,,2482464.980164146,imputed_temporal,37092224874.8675,4533872.5997714335,1,
3548302,Santo Expedito,2020,ok,ok,122151.38,122151.38,122151.38,new_observed,2458399.62,2458399.62,2491269.1252226615,new_observed,37158522668.0775,4454708.709977459,1,
3548302,Santo Expedito,2021,ok,ok,115277.96,115277.96,115277.96,new_observed,3090035.26,3090035.26,3093685.5221941248,new_observed,46897671220.665,4356449.265957601,1,
3548302,Santo Expedito,2022,ok,ok,225625.84,225625.84,225625.84,new_observed,3436604.6,3436604.6,3434936.084101788,new_observed,50777650919.455,4651090.488188138,1,
3548302,Santo Expedito,2023,ok,ok,254358.07,254358.07,254358.07,new_observed,3500140.26,3500140.26,3467918.80247647,new_observed,48945614200.0975,4594041.497036336,1,
3548302,Santo Expedito,2024,ok,ok,133480.71,133480.71,133480.71,new_observed,4086166.53,4086166.53,4126797.3909293413,new_observed,55712049158.33,4569034.608635901,1,
3548302,Santo Expedito,2025,ok,ok,147875.21,147875.21,147875.21,new_observed,4448306.1,4448306.1,4476768.38971569,new_observed,59267888460.755,4624643.59971569,1,
3548401,Santópolis do Aguapeí,2019,ok,ok,225136.13,225136.13,225136.13,new_observed,3408214.45,3408214.45,3366712.5106898127,new_observed,37092224874.8675,6254883.294835289,1,
3548401,Santópolis do Aguapeí,2020,ok,ok,385680.23,385680.23,385680.23,new_observed,3369330.71,3369330.71,3414379.6241261824,new_observed,37158522668.0775,6477396.077968445,1,
3548401,Santópolis do Aguapeí,2021,ok,ok,669654.02,669654.02,669654.02,new_observed,4293204.44,4293204.44,4298276.007325411,new_observed,46897671220.665,6744400.56453134,2,
3548401,Santópolis do Aguapeí,2022,ok,ok,1794488.52,1794488.52,1794488.52,new_observed,4655885.89,4655885.89,4653625.3972951565,new_observed,50777650919.455,8192939.2069617985,1,
3548401,Santópolis do Aguapeí,2023,ok,ok,754333.0,754333.0,754333.0,new_observed,4551548.61,4551548.61,4509648.137644815,new_observed,48945614200.0975,6496815.958203468,1,
3548401,Santópolis do Aguapeí,2024,ok,ok,698650.9,698650.9,698650.9,new_observed,4898408.29,4898408.29,4947115.689599332,new_observed,55712049158.33,6054934.051026512,1,
3548401,Santópolis do Aguapeí,2025,ok,ok,629295.68,629295.68,629295.68,new_observed,5512534.37,5512534.37,5547806.077202579,new_observed,59267888460.755,6177101.757202579,1,
3548500,Santos,2019,ok,ok,709063360.48,709063360.48,709063360.48,new_observed,322356298.29,322356298.29,318430955.05700946,new_observed,37092224874.8675,1789289492.0417318,1,
3548500,Santos,2020,ok,ok,744905182.95,744905182.95,744905182.95,new_observed,347941069.86,347941069.86,352593141.3620863,new_observed,37158522668.0775,1870741939.4347239,1,
3548500,Santos,2021,ok,ok,842160432.72,842160432.72,842160432.72,new_observed,477833014.19,477833014.19,478397478.8773067,new_observed,46897671220.665,1792773142.0299685,1,
3548500,Santos,2022,ok,ok,1035730137.33,1035730137.33,1035730137.33,new_observed,584474938.27,584474938.27,584191168.1421795,new_observed,50777650919.455,2058263384.6151156,1,
3548500,Santos,2023,ok,ok,1127761314.98,1127761314.98,1127761314.98,new_observed,691016431.35,691016431.35,684655098.67849,new_observed,48945614200.0975,2236887931.6377378,1,
3548500,Santos,2024,ok,ok,1309960669.65,1309960669.65,1309960669.65,new_observed,908945607.0,908945607.0,917983721.8881744,new_observed,55712049158.33,2389410923.39338,1,
3548500,Santos,2025,ok,ok,1524861275.05,1524861275.05,1524861275.05,new_observed,933824005.5,933824005.5,939799037.0716826,new_observed,59267888460.755,2464660312.1216826,1,
3548609,São Bento do Sapucaí,2019,ok,ok,923865.34,923865.34,923865.34,new_observed,5998151.37,5998151.37,5925111.683741099,new_observed,37092224874.8675,11926881.185138581,1,
3548609,São Bento do Sapucaí,2020,ok,ok,1144071.01,1144071.01,1144071.01,new_observed,5848567.52,5848567.52,5926764.538531807,new_observed,37158522668.0775,12052600.276884733,1,
3548609,São Bento do Sapucaí,2021,ok,ok,1767610.07,1767610.07,1767610.07,new_observed,7842872.34,7842872.34,7852137.134083952,new_observed,46897671220.665,13059650.219912978,1,
3548609,São Bento do Sapucaí,2022,ok,ok,2832323.91,2832323.91,2832323.91,new_observed,8435341.65,8435341.65,8431246.182732722,new_observed,50777650919.455,14311432.181058992,1,
3548609,São Bento do Sapucaí,2023,ok,ok,2463231.39,2463231.39,2463231.39,new_observed,7422269.78,7422269.78,7353942.132340402,new_observed,48945614200.0975,12116375.028070478,1,
3548609,São Bento do Sapucaí,2024,ok,ok,2350230.14,2350230.14,2350230.14,new_observed,9811408.51,9811408.51,9908968.404283302,new_observed,55712049158.33,13147663.390976893,1,
3548609,São Bento do Sapucaí,2025,ok,ok,2894573.59,2894573.59,2894573.59,new_observed,13113210.54,13113210.54,13197114.837299218,new_observed,59267888460.755,16091688.427299218,2,
3548708,São Bernardo do Campo,2019,ok,ok,518502997.83,518502997.83,518502997.83,new_observed,876182785.83,876182785.83,865513479.2662222,new_observed,37092224874.8675,2410140963.151332,1,
3548708,São Bernardo do Campo,2020,ok,ok,491386551.43,491386551.43,491386551.43,new_observed,873369458.84,873369458.84,885046658.0044934,new_observed,37158522668.0775,2346200695.4168506,1,
3548708,São Bernardo do Campo,2021,ok,ok,590951066.47,590951066.47,590951066.47,new_observed,1137751590.27,1137751590.27,1139095617.5275621,new_observed,46897671220.665,2348690051.598918,1,
3548708,São Bernardo do Campo,2022,ok,ok,708945777.34,708945777.34,708945777.34,new_observed,1226255877.44,1226255877.44,1225660514.3811293,new_observed,50777650919.455,2458100452.4383144,1,
3548708,São Bernardo do Campo,2023,ok,ok,775687057.86,775687057.86,775687057.86,new_observed,1128061186.84,1128061186.84,1117676524.2505903,new_observed,48945614200.0975,2336793087.4541364,1,
3548708,São Bernardo do Campo,2024,ok,ok,878450487.35,878450487.35,878450487.35,new_observed,1267506095.24,1267506095.24,1280109561.962339,new_observed,55712049158.33,2314998067.3739276,1,
3548708,São Bernardo do Campo,2025,ok,ok,940106648.08,940106648.08,940106648.08,new_observed,1416945277.81,1416945277.81,1426011539.4614425,new_observed,59267888460.755,2366118187.5414424,1,
3548807,São Caetano do Sul,2019,ok,ok,227209481.69,227209481.69,227209481.69,new_observed,368228076.62,368228076.62,363744151.23549545,new_observed,37092224874.8675,1029092920.2122574,1,
3548807,São Caetano do Sul,2020,ok,ok,212988813.49,212988813.49,212988813.49,new_observed,356355420.19,356355420.19,361119993.95976776,new_observed,37158522668.0775,978597780.15454,1,
3548807,São Caetano do Sul,2021,ok,ok,235992768.85,235992768.85,235992768.85,new_observed,422911370.66,422911370.66,423410956.34685916,new_observed,46897671220.665,895198368.7391132,1,
3548807,São Caetano do Sul,2022,ok,ok,252080301.06,252080301.06,252080301.06,new_observed,424118610.64,424118610.64,423912695.5793669,new_observed,50777650919.455,858913101.8518808,1,
3548807,São Caetano do Sul,2023,ok,ok,303299370.9,303299370.9,303299370.9,new_observed,435113241.85,435113241.85,431107692.98659664,new_observed,48945614200.0975,906406654.5288857,1,
3548807,São Caetano do Sul,2024,ok,ok,364617134.75,364617134.75,364617134.75,new_observed,553825443.4,553825443.4,559332415.3759845,new_observed,55712049158.33,990911243.6200584,1,
3548807,São Caetano do Sul,2025,ok,ok,404634097.05,404634097.05,404634097.05,new_observed,579719005.1,579719005.1,583428311.4979676,new_observed,59267888460.755,988062408.5479677,3,
3548906,São Carlos,2019,ok,ok,124701745.02,124701745.02,124701745.02,new_observed,176237803.82,176237803.82,174091750.29384986,new_observed,37092224874.8675,520322159.81270325,1,
3548906,São Carlos,2020,ok,ok,123977347.85,123977347.85,123977347.85,new_observed,171898626.75,171898626.75,174196960.4967842,new_observed,37158522668.0775,508253335.36240697,1,
3548906,São Carlos,2021,ok,ok,143796364.24,143796364.24,143796364.24,new_observed,231433686.23,231433686.23,231707079.10878944,new_observed,46897671220.665,509778845.7919338,3,
3548906,São Carlos,2022,ok,ok,166681019.04,166681019.04,166681019.04,new_observed,264109758.21,264109758.21,263981529.51285914,new_observed,50777650919.455,547197540.903386,2,
3548906,São Carlos,2023,ok,ok,195378451.04,195378451.04,195378451.04,new_observed,244786862.07,244786862.07,242533412.52437901,new_observed,48945614200.0975,540471690.3610691,1,
3548906,São Carlos,2024,ok,ok,224289645.16,224289645.16,224289645.16,new_observed,267758491.31,267758491.31,270420952.0646445,new_observed,55712049158.33,530563917.7605005,1,
3548906,São Carlos,2025,ok,ok,245134120.75,245134120.75,245134120.75,new_observed,287658799.76,287658799.76,289499371.8595767,new_observed,59267888460.755,534633492.6095767,1,
3549003,São Francisco,2019,ok,ok,51331.26,51331.26,51331.26,new_observed,2892783.27,2892783.27,2857557.753099482,new_observed,37092224874.8675,5065570.160292602,1,
3549003,São Francisco,2020,ok,ok,52044.83,52044.83,52044.83,new_observed,2849024.08,2849024.08,2887116.3458444965,new_observed,37158522668.0775,5009950.317561523,1,
3549003,São Francisco,2021,ok,ok,62722.79,62722.79,62722.79,new_observed,3746117.13,3746117.13,3750542.422459091,new_observed,46897671220.665,5176841.845629364,1,
3549003,São Francisco,2022,ok,ok,157729.65,157729.65,157729.65,new_observed,4533370.28,4533370.28,4531169.270205431,new_observed,50777650919.455,5957689.999519509,1,
3549003,São Francisco,2023,ok,ok,208873.95,208873.95,208873.95,new_observed,4496815.37,4496815.37,4455418.758815163,new_observed,48945614200.0975,5756679.310199898,1,
3549003,São Francisco,2024,ok,ok,230452.82,230452.82,230452.82,new_observed,4467545.05,4467545.05,4511968.154219915,new_observed,55712049158.33,5086119.977755639,1,
3549003,São Francisco,2025,ok,ok,182881.08,182881.08,182881.08,new_observed,4524234.51,4524234.51,4553182.624286772,new_observed,59267888460.755,4736063.704286772,1,
3549102,São João da Boa Vista,2019,ok,ok,22743048.8,22743048.8,22743048.8,new_observed,60078174.71,60078174.71,59346600.803117104,new_observed,37092224874.8675,142951785.93127173,1,
3549102,São João da Boa Vista,2020,ok,ok,23472015.65,23472015.65,23472015.65,new_observed,57920825.51,57920825.51,58695243.493599355,new_observed,37158522668.0775,140058289.22306612,1,
3549102,São João da Boa Vista,2021,ok,ok,29492026.16,29492026.16,29492026.16,new_observed,74499624.91,74499624.91,74587631.40229014,new_observed,46897671220.665,141297260.09793466,1,
3549102,São João da Boa Vista,2022,ok,ok,33584019.23,33584019.23,33584019.23,new_observed,85574156.36,85574156.36,85532609.00236602,new_observed,50777650919.455,151348953.53328678,1,
3549102,São João da Boa Vista,2023,ok,ok,38709790.67,38709790.67,38709790.67,new_observed,84546676.0,84546676.0,83768359.43919747,new_observed,48945614200.0975,151162775.73074475,1,
3549102,São João da Boa Vista,2024,ok,ok,42081952.99,42081952.99,42081952.99,new_observed,95413588.53,95413588.53,96362335.04286714,new_observed,55712049158.33,148477805.53390175,1,
3549102,São João da Boa Vista,2025,ok,ok,47949073.98,47949073.98,47949073.98,new_observed,98587942.28,98587942.28,99218752.86555012,new_observed,59267888460.755,147167826.84555012,1,
3549201,São João das Duas Pontes,2019,ok,ok,107170.1,107170.1,107170.1,new_observed,3174428.72,3174428.72,3135773.5972033828,new_observed,37092224874.8675,5647296.52801663,1,
3549201,São João das Duas Pontes,2020,ok,ok,77974.53,77974.53,77974.53,new_observed,2995725.55,2995725.55,3035779.256407336,new_observed,37158522668.0775,5307552.338138659,1,
3549201,São João das Duas Pontes,2021,ok,ok,73357.74,73357.74,73357.74,new_observed,3715411.66,3715411.66,3719800.6800521887,new_observed,46897671220.665,5149545.112117795,1,
3549201,São João das Duas Pontes,2022,ok,ok,300325.62,300325.62,300325.62,new_observed,4017863.34,4017863.34,4015912.615479747,new_observed,50777650919.455,5484189.317933686,1,
3549201,São João das Duas Pontes,2023,ok,ok,140433.06,140433.06,140433.06,new_observed,3775385.18,3775385.18,3740629.8833044516,new_observed,48945614200.0975,4790015.580514381,1,
3549201,São João das Duas Pontes,2024,ok,ok,100188.46,100188.46,100188.46,new_observed,4258597.7,4258597.7,4300943.132970573,new_observed,55712049158.33,4720096.221196645,1,
3549201,São João das Duas Pontes,2025,ok,ok,318276.32,318276.32,318276.32,new_observed,4921602.86,4921602.86,4953093.518088232,new_observed,59267888460.755,5271369.838088232,1,
3549250,São João de Iracema,2019,ok,ok,82720.14,82720.14,82720.14,new_observed,3639747.85,3639747.85,3595426.520872637,new_observed,37092224874.8675,6405163.581900849,1,
3549250,São João de Iracema,2020,ok,ok,60243.87,60243.87,60243.87,new_observed,3301132.94,3301132.94,3345270.0304588857,new_observed,37158522668.0775,5804872.351772945,1,
3549250,São João de Iracema,2021,ok,ok,46482.2,46482.2,46482.2,new_observed,3923899.18,3923899.18,3928534.4865985117,new_observed,46897671220.665,5396433.652981571,1,
3549250,São João de Iracema,2022,ok,ok,392194.94,392194.94,392194.94,new_observed,5613078.46,5613078.46,5610353.237945528,new_observed,50777650919.455,7626805.751191868,1,
3549250,São João de Iracema,2023,ok,ok,239175.39,239175.39,239175.39,new_observed,5729708.94,5729708.94,5676962.604276756,new_observed,48945614200.0975,7301709.243842001,1,
3549250,São João de Iracema,2024,ok,ok,290921.95,290921.95,290921.95,new_observed,6159463.65,6159463.65,6220710.373334717,new_observed,55712049158.33,6983551.951112866,1,
3549250,São João de Iracema,2025,ok,ok,193638.61,193638.61,193638.61,new_observed,6752943.56,6752943.56,6796151.970508986,new_observed,59267888460.755,6989790.5805089865,1,
3549300,São João do Pau d'Alho,2019,ok,partial,,,116109.87811367231,imputed_temporal,3246093.07,3246093.07,3206565.2880594125,new_observed,37092224874.8675,5786141.753197245,1,
3549300,São João do Pau d'Alho,2020,ok,ok,117119.63,117119.63,117119.63,new_observed,3096194.16,3096194.16,3137591.1604244043,new_observed,37158522668.0775,5547820.749698269,1,
3549300,São João do Pau d'Alho,2021,ok,ok,116831.79,116831.79,116831.79,new_observed,3805036.58,3805036.58,3809531.474072904,new_observed,46897671220.665,5330382.366320283,1,
3549300,São João do Pau d'Alho,2022,ok,ok,612455.15,612455.15,612455.15,new_observed,4213554.67,4213554.67,4211508.934812751,new_observed,50777650919.455,6129303.078444493,1,
3549300,São João do Pau d'Alho,2023,ok,ok,329435.34,329435.34,329435.34,new_observed,4570682.9,4570682.9,4528606.281928736,new_observed,48945614200.0975,5995804.602955795,2,
3549300,São João do Pau d'Alho,2024,ok,ok,298300.43,298300.43,298300.43,new_observed,5218025.71,5218025.71,5269911.230424138,new_observed,55712049158.33,5971758.458476703,1,
3549300,São João do Pau d'Alho,2025,ok,ok,237962.38,237962.38,237962.38,new_observed,5355219.74,5355219.74,5389484.876504673,new_observed,59267888460.755,5627447.256504673,1,
3549409,São Joaquim da Barra,2019,ok,ok,8216093.89,8216093.89,8216093.89,new_observed,42290815.19,42290815.19,41775838.544268765,new_observed,37092224874.8675,87056481.03244948,1,
3549409,São Joaquim da Barra,2020,ok,ok,8601537.52,8601537.52,8601537.52,new_observed,42312343.95,42312343.95,42878072.076189496,new_observed,37158522668.0775,87749623.45175527,1,
3549409,São Joaquim da Barra,2021,ok,ok,9744724.45,9744724.45,9744724.45,new_observed,57114956.44,57114956.44,57182426.40350198,new_observed,46897671220.665,90859474.97570628,1,
3549409,São Joaquim da Barra,2022,ok,ok,12243280.66,12243280.66,12243280.66,new_observed,73011145.17,73011145.17,72975697.3164812,new_observed,50777650919.455,108278779.62391894,1,
3549409,São Joaquim da Barra,2023,ok,ok,14735522.59,14735522.59,14735522.59,new_observed,74113605.39,74113605.39,73431333.1921454,new_observed,48945614200.0975,108815708.23529719,1,
3549409,São Joaquim da Barra,2024,ok,ok,18168478.22,18168478.22,18168478.22,new_observed,75182658.19,75182658.19,75930238.12997277,new_observed,55712049158.33,100918362.94383009,1,
3549409,São Joaquim da Barra,2025,ok,ok,18378659.62,18378659.62,18378659.62,new_observed,78903919.94,78903919.94,79408783.1797478,new_observed,59267888460.755,97787442.79974781,1,
3549508,São José da Bela Vista,2019,ok,ok,921089.57,921089.57,921089.57,new_observed,7149387.69,7149387.69,7062329.361256814,new_observed,37092224874.8675,13902410.347447153,1,
3549508,São José da Bela Vista,2020,ok,ok,734649.89,734649.89,734649.89,new_observed,6556261.88,6556261.88,6643920.97429558,new_observed,37158522668.0775,12577150.83763873,1,
3549508,São José da Bela Vista,2021,ok,ok,894515.11,894515.11,894515.11,new_observed,8243597.4,8243597.4,8253335.571056601,new_observed,46897671220.665,12419009.317404233,1,
3549508,São José da Bela Vista,2022,ok,ok,1280413.07,1280413.07,1280413.07,new_observed,9373679.5,9373679.5,9369128.457593055,new_observed,50777650919.455,13531250.755908623,1,
3549508,São José da Bela Vista,2023,ok,ok,1339007.09,1339007.09,1339007.09,new_observed,9512406.61,9512406.61,9424837.660540054,new_observed,48945614200.0975,13284758.535100166,1,
3549508,São José da Bela Vista,2024,ok,ok,1514429.51,1514429.51,1514429.51,new_observed,10354146.62,10354146.62,10457103.239185864,new_observed,55712049158.33,12839149.500009483,1,
3549508,São José da Bela Vista,2025,ok,ok,901298.25,901298.25,901298.25,new_observed,11675536.01,11675536.01,11750241.410445038,new_observed,59267888460.755,12651539.660445038,1,
3549607,São José do Barreiro,2019,ok,ok,378254.03,378254.03,378254.03,new_observed,3168273.83,3168273.83,3129693.655501088,new_observed,37092224874.8675,6108777.282158238,1,
3549607,São José do Barreiro,2020,ok,ok,444976.16,444976.16,444976.16,new_observed,3206200.72,3206200.72,3249068.539557726,new_observed,37158522668.0775,6296687.8331598,1,
3549607,São José do Barreiro,2021,ok,ok,526776.75,526776.75,526776.75,new_observed,4116550.71,4116550.71,4121413.5960716982,new_observed,46897671220.665,6310325.914749773,1,
3549607,São José do Barreiro,2022,ok,ok,936526.47,936526.47,936526.47,new_observed,4449174.04,4449174.04,4447013.908566884,new_observed,50777650919.455,6840297.737531989,1,
3549607,São José do Barreiro,2023,ok,ok,881753.05,881753.05,881753.05,new_observed,4347573.59,4347573.59,4307550.863093448,new_observed,48945614200.0975,6404649.179582232,1,
3549607,São José do Barreiro,2024,ok,ok,954572.89,954572.89,954572.89,new_observed,5994506.21,5994506.21,6054112.676444868,new_observed,55712049158.33,7516628.294089063,1,
3549607,São José do Barreiro,2025,ok,ok,1026984.56,1026984.56,1026984.56,new_observed,9603136.2,9603136.2,9664581.441977309,new_observed,59267888460.755,10691566.00197731,1,
3549706,São José do Rio Pardo,2019,ok,ok,10432814.31,10432814.31,10432814.31,new_observed,36283603.77,36283603.77,35841777.13505412,new_observed,37092224874.8675,80583064.03173208,1,
3549706,São José do Rio Pardo,2020,ok,ok,9966236.13,9966236.13,9966236.13,new_observed,34540765.8,34540765.8,35002585.70617857,new_observed,37158522668.0775,76651653.2302106,1,
3549706,São José do Rio Pardo,2021,ok,ok,12138723.2,12138723.2,12138723.2,new_observed,43110371.45,43110371.45,43161297.78120265,new_observed,46897671220.665,75074626.79079075,1,
3549706,São José do Rio Pardo,2022,ok,ok,14213398.27,14213398.27,14213398.27,new_observed,47330241.91,47330241.91,47307262.46654203,new_observed,50777650919.455,78167823.93293113,1,
3549706,São José do Rio Pardo,2023,ok,ok,17183571.37,17183571.37,17183571.37,new_observed,47340472.04,47340472.04,46904666.93058397,new_observed,48945614200.0975,79097830.79326737,1,
3549706,São José do Rio Pardo,2024,ok,ok,21317226.29,21317226.29,21317226.29,new_observed,54768373.26,54768373.26,55312963.4378392,new_observed,55712049158.33,82183834.16248244,1,
3549706,São José do Rio Pardo,2025,ok,ok,22883222.49,22883222.49,22883222.49,new_observed,55574463.5,55574463.5,55930054.24518975,new_observed,59267888460.755,78813276.73518975,1,
3549805,São José do Rio Preto,2019,ok,ok,231806239.53,231806239.53,231806239.53,new_observed,254991780.93,254991780.93,251886737.63768214,new_observed,37092224874.8675,842308077.3621483,1,
3549805,São José do Rio Preto,2020,ok,ok,218756946.38,218756946.38,218756946.38,new_observed,255373101.53,255373101.53,258787512.8511617,new_observed,37158522668.0775,813998917.3909408,2,
3549805,São José do Rio Preto,2021,ok,ok,264431042.95,264431042.95,264431042.95,new_observed,327311161.26,327311161.26,327697814.3099275,new_observed,46897671220.665,803866837.3373138,2,
3549805,São José do Rio Preto,2022,ok,ok,310225525.66,310225525.66,310225525.66,new_observed,354232879.89,354232879.89,354060895.2538373,new_observed,50777650919.455,844038789.0728052,1,
3549805,São José do Rio Preto,2023,ok,ok,343534314.78,343534314.78,343534314.78,new_observed,339819888.66,339819888.66,336691587.7078236,new_observed,48945614200.0975,839536157.6929035,3,
3549805,São José do Rio Preto,2024,ok,ok,383891193.21,383891193.21,383891193.21,new_observed,385408162.28,385408162.28,389240474.38173705,new_observed,55712049158.33,829163088.0830193,1,
3549805,São José do Rio Preto,2025,ok,ok,422774358.35,422774358.35,422774358.35,new_observed,412536342.69,412536342.69,415175938.22140783,new_observed,59267888460.755,837950296.5714078,1,
3549904,São José dos Campos,2019,ok,ok,358052405.21,358052405.21,358052405.21,new_observed,969617016.34,969617016.34,957809958.0821878,new_observed,37092224874.8675,2291456666.9708314,1,
3549904,São José dos Campos,2020,ok,ok,348533124.55,348533124.55,348533124.55,new_observed,950128796.54,950128796.54,962832289.9777646,new_observed,37158522668.0775,2235289316.199163,5,
3549904,São José dos Campos,2021,ok,ok,384238723.47,384238723.47,384238723.47,new_observed,1215778081.5,1215778081.5,1217214281.541078,new_observed,46897671220.665,2174112858.204242,1,
3549904,São José dos Campos,2022,ok,ok,473098659.67,473098659.67,473098659.67,new_observed,1267731512.67,1267731512.67,1267116012.6547947,new_observed,50777650919.455,2211107495.973131,1,
3549904,São José dos Campos,2023,ok,ok,548052961.56,548052961.56,548052961.56,new_observed,1223357833.08,1223357833.08,1212095892.2643294,new_observed,48945614200.0975,2172379205.647344,1,
3549904,São José dos Campos,2024,ok,ok,639169483.36,639169483.36,639169483.36,new_observed,1413468900.6,1413468900.6,1427523750.7649608,new_observed,55712049158.33,2216473358.8848915,1,
3549904,São José dos Campos,2025,ok,ok,703971243.08,703971243.08,703971243.08,new_observed,1447268715.66,1447268715.66,1456529000.4865253,new_observed,59267888460.755,2160500243.5665255,1,
3549953,São Lourenço da Serra,2019,ok,ok,3303119.26,3303119.26,3303119.26,new_observed,4976763.71,4976763.71,4916161.494827313,new_observed,37092224874.8675,14313142.627039306,1,
3549953,São Lourenço da Serra,2020,ok,ok,2704152.56,2704152.56,2704152.56,new_observed,4895662.91,4895662.91,4961119.321675102,new_observed,37158522668.0775,13065847.362644047,1,
3549953,São Lourenço da Serra,2021,ok,ok,2817791.28,2817791.28,2817791.28,new_observed,6220327.28,6220327.28,6227675.359744977,new_observed,46897671220.665,12280014.005026039,1,
3549953,São Lourenço da Serra,2022,ok,ok,3753976.26,3753976.26,3753976.26,new_observed,6674120.81,6674120.81,6670880.438187056,new_observed,50777650919.455,13245767.408117194,3,
3549953,São Lourenço da Serra,2023,ok,ok,5617828.79,5617828.79,5617828.79,new_observed,6400091.23,6400091.23,6341173.514595601,new_observed,48945614200.0975,14759824.35823295,1,
3549953,São Lourenço da Serra,2024,ok,ok,5211372.12,5211372.12,5211372.12,new_observed,8332382.14,8332382.14,8415235.312393948,new_observed,55712049158.33,14614172.944090571,1,
3549953,São Lourenço da Serra,2025,ok,ok,5160075.25,5160075.25,5160075.25,new_observed,11136274.37,11136274.37,11207529.328707172,new_observed,59267888460.755,16367604.578707172,2,
3550001,São Luís do Paraitinga,2019,ok,partial,,,2263777.800901201,imputed_temporal,7954074.57,7954074.57,7857217.542686814,new_observed,37092224874.8675,17624808.56920424,2,
3550001,São Luís do Paraitinga,2020,ok,ok,2283464.79,2283464.79,2283464.79,new_observed,7900507.74,7900507.74,8006139.785461188,new_observed,37158522668.0775,17539156.455277592,1,
3550001,São Luís do Paraitinga,2021,ok,ok,2435877.01,2435877.01,2435877.01,new_observed,10300771.77,10300771.77,10312940.083497608,new_observed,46897671220.665,17307636.929174483,2,
3550001,São Luís do Paraitinga,2022,ok,ok,3243400.72,3243400.72,3243400.72,new_observed,11871995.94,11871995.94,11866231.932709372,new_observed,50777650919.455,19198218.78939462,1,
3550001,São Luís do Paraitinga,2023,ok,ok,2028182.1,2028182.1,2028182.1,new_observed,10795836.75,10795836.75,10696452.8483757,new_observed,48945614200.0975,15704769.685384631,3,
3550001,São Luís do Paraitinga,2024,ok,ok,2209534.58,2209534.58,2209534.58,new_observed,11482640.09,11482640.09,11596817.901690528,new_observed,55712049158.33,14806944.714268645,1,
3550001,São Luís do Paraitinga,2025,ok,ok,2029381.61,2029381.61,2029381.61,new_observed,14762061.31,14762061.31,14856515.705979185,new_observed,59267888460.755,16885897.315979186,1,
3550100,São Manuel,2019,ok,ok,7166825.08,7166825.08,7166825.08,new_observed,31836456.76,31836456.76,31448783.180274136,new_observed,37092224874.8675,67245629.53206886,1,
3550100,São Manuel,2020,ok,ok,6918778.2,6918778.2,6918778.2,new_observed,30559625.78,30559625.78,30968216.706799075,new_observed,37158522668.0775,64580317.58337717,1,
3550100,São Manuel,2021,ok,ok,8027906.3,8027906.3,8027906.3,new_observed,38357032.36,38357032.36,38402343.56628783,new_observed,46897671220.665,63033134.86444385,1,
3550100,São Manuel,2022,ok,ok,9481966.7,9481966.7,9481966.7,new_observed,41686988.5,41686988.5,41666748.928924285,new_observed,50777650919.455,64989285.71003586,1,
3550100,São Manuel,2023,ok,ok,11132646.43,11132646.43,11132646.43,new_observed,42735541.45,42735541.45,42342128.23473181,new_observed,48945614200.0975,65998672.928110674,1,
3550100,São Manuel,2024,ok,ok,12098535.66,12098535.66,12098535.66,new_observed,43634583.85,43634583.85,44068465.01835245,new_observed,55712049158.33,60237609.81863769,1,
3550100,São Manuel,2025,ok,ok,13352757.73,13352757.73,13352757.73,new_observed,47915580.11,47915580.11,48222165.82877196,new_observed,59267888460.755,61574923.55877197,1,
3550209,São Miguel Arcanjo,2019,ok,ok,3489318.61,3489318.61,3489318.61,new_observed,19582575.52,19582575.52,19344117.85464734,new_observed,37092224874.8675,39762388.28342638,1,
3550209,São Miguel Arcanjo,2020,ok,ok,2913358.18,2913358.18,2913358.18,new_observed,20400427.49,20400427.49,20673187.033433005,new_observed,37158522668.0775,40204470.8039073,1,
3550209,São Miguel Arcanjo,2021,ok,ok,3198719.72,3198719.72,3198719.72,new_observed,28174647.89,28174647.89,28207930.633843403,new_observed,46897671220.665,42637281.36495858,1,
3550209,São Miguel Arcanjo,2022,ok,ok,4526123.94,4526123.94,4526123.94,new_observed,30811929.35,30811929.35,30796969.760533385,new_observed,50777650919.455,44881334.75961949,1,
3550209,São Miguel Arcanjo,2023,ok,ok,5103167.37,5103167.37,5103167.37,new_observed,29727151.16,29727151.16,29453490.087229878,new_observed,48945614200.0975,42649895.1572517,1,
3550209,São Miguel Arcanjo,2024,ok,ok,5016319.8,5016319.8,5016319.8,new_observed,32573220.94,32573220.94,32897113.27290349,new_observed,55712049158.33,40661145.52580709,1,
3550209,São Miguel Arcanjo,2025,ok,ok,5357974.9,5357974.9,5357974.9,new_observed,37700782.03,37700782.03,37942008.81532531,new_observed,59267888460.755,43299983.71532531,1,
3550308,São Paulo,2019,ok,ok,17127164854.87,17127164854.87,17127164854.87,new_observed,7722459488.64,7722459488.64,7628422845.780595,new_observed,37092224874.8675,43109642819.71854,1,
3550308,São Paulo,2020,ok,ok,17884120266.08,17884120266.08,17884120266.08,new_observed,7468082304.22,7468082304.22,7567932698.071683,new_observed,37158522668.0775,43384324030.378,1,
3550308,São Paulo,2021,ok,ok,23421735019.94,23421735019.94,23421735019.94,new_observed,9368688194.05,9368688194.05,9379755436.151075,new_observed,46897671220.665,44530899093.32557,1,
3550308,São Paulo,2022,ok,ok,26210552885.03,26210552885.03,26210552885.03,new_observed,9976606243.1,9976606243.1,9971762471.975786,new_observed,50777650919.455,45973057220.958435,1,
3550308,São Paulo,2023,ok,ok,28911145999.74,28911145999.74,28911145999.74,new_observed,9364031069.1,9364031069.1,9277828029.527517,new_observed,48945614200.0975,47132907473.10118,1,
3550308,São Paulo,2024,ok,ok,35836255499.67,35836255499.67,35836255499.67,new_observed,10058616190.72,10058616190.72,10158634198.450773,new_observed,55712049158.33,49328292161.31732,1,
3550308,São Paulo,2025,ok,ok,39527981778.01,39527981778.01,39527981778.01,new_observed,10127026601.53,10127026601.53,10191823933.056095,new_observed,59267888460.755,49719805711.0661,1,
3550407,São Pedro,2019,ok,ok,7263371.57,7263371.57,7263371.57,new_observed,18664867.46,18664867.46,18437584.7558387,new_observed,37092224874.8675,44755917.76409226,3,
3550407,São Pedro,2020,ok,ok,7461790.01,7461790.01,7461790.01,new_observed,18708908.59,18708908.59,18959052.042515382,new_observed,37158522668.0775,45035674.50437957,2,
3550407,São Pedro,2021,ok,ok,10599671.52,10599671.52,10599671.52,new_observed,23997700.92,23997700.92,24026049.431600545,new_observed,46897671220.665,47007451.9264123,1,
3550407,São Pedro,2022,ok,ok,12270174.93,12270174.93,12270174.93,new_observed,26235135.32,26235135.32,26222397.82311916,new_observed,50777650919.455,48908457.96628685,2,
3550407,São Pedro,2023,ok,ok,12665890.83,12665890.83,12665890.83,new_observed,25466609.69,25466609.69,25232170.14717018,new_observed,48945614200.0975,46773862.007341534,1,
3550407,São Pedro,2024,ok,ok,13990836.37,13990836.37,13990836.37,new_observed,29420523.29,29420523.29,29713066.724411722,new_observed,55712049158.33,46871270.147194706,1,
3550407,São Pedro,2025,ok,ok,16246076.52,16246076.52,16246076.52,new_observed,35694148.76,35694148.76,35922536.19115319,new_observed,59267888460.755,52168612.711153194,1,
3550506,São Pedro do Turvo,2019,ok,ok,532865.98,532865.98,532865.98,new_observed,11909910.3,11909910.3,11764882.931061883,new_observed,37092224874.8675,21415430.304186538,1,
3550506,São Pedro do Turvo,2020,ok,ok,574614.63,574614.63,574614.63,new_observed,12375611.65,12375611.65,12541077.11316311,new_observed,37158522668.0775,22356366.351640858,1,
3550506,São Pedro do Turvo,2021,ok,ok,542003.26,542003.26,542003.26,new_observed,16121271.94,16121271.94,16140316.017019298,new_observed,46897671220.665,22647711.004535697,1,
3550506,São Pedro do Turvo,2022,ok,ok,2052092.68,2052092.68,2052092.68,new_observed,17530929.35,17530929.35,17522417.85748471,new_observed,50777650919.455,24871268.854213767,1,
3550506,São Pedro do Turvo,2023,ok,ok,2507295.79,2507295.79,2507295.79,new_observed,19321036.89,19321036.89,19143172.026532587,new_observed,48945614200.0975,26721050.31059296,1,
3550506,São Pedro do Turvo,2024,ok,ok,1308309.11,1308309.11,1308309.11,new_observed,22635115.57,22635115.57,22860188.19640719,new_observed,55712049158.33,25920068.600124814,1,
3550506,São Pedro do Turvo,2025,ok,ok,1456284.77,1456284.77,1456284.77,new_observed,24087796.16,24087796.16,24241920.857695244,new_observed,59267888460.755,25698205.627695244,1,
3550605,São Roque,2019,ok,ok,31313050.31,31313050.31,31313050.31,new_observed,49409404.23,49409404.23,48807744.29169829,new_observed,37092224874.8675,139523200.96284658,1,
3550605,São Roque,2020,ok,ok,28605813.73,28605813.73,28605813.73,new_observed,48661563.56,48661563.56,49312182.56618839,new_observed,37158522668.0775,132815203.70371816,1,
3550605,São Roque,2021,ok,ok,38206911.92,38206911.92,38206911.92,new_observed,62896797.16,62896797.16,62971097.218571074,new_observed,46897671220.665,137358017.9670349,1,
3550605,São Roque,2022,ok,ok,49628143.96,49628143.96,49628143.96,new_observed,66690197.44,66690197.44,66657818.4882045,new_observed,50777650919.455,147752324.66129088,4,
3550605,São Roque,2023,ok,ok,65768200.43,65768200.43,65768200.43,new_observed,63158654.86,63158654.86,62577231.32732854,new_observed,48945614200.0975,158404186.3752949,2,
3550605,São Roque,2024,ok,ok,64907565.34,64907565.34,64907565.34,new_observed,69722728.84,69722728.84,70416017.8869132,new_observed,55712049158.33,145130932.88288173,1,
3550605,São Roque,2025,ok,ok,74901307.99,74901307.99,74901307.99,new_observed,81228685.05,81228685.05,81748423.19641887,new_observed,59267888460.755,156649731.18641886,5,
3550704,São Sebastião,2019,ok,ok,62450712.82,62450712.82,62450712.82,new_observed,79329919.88,79329919.88,78363916.83980346,new_observed,37092224874.8675,245216088.65967393,1,
3550704,São Sebastião,2020,ok,ok,62029099.54,62029099.54,62029099.54,new_observed,55170576.4,55170576.4,55908222.767321296,new_observed,37158522668.0775,201030188.5455978,1,
3550704,São Sebastião,2021,ok,ok,58399951.61,58399951.61,58399951.61,new_observed,68284096.32,68284096.32,68364760.40124317,new_observed,46897671220.665,172094210.3750931,1,
3550704,São Sebastião,2022,ok,ok,119271192.1,119271192.1,119271192.1,new_observed,73396126.27,73396126.27,73360491.50318722,new_observed,50777650919.455,244756791.41810843,1,
3550704,São Sebastião,2023,ok,ok,140980363.54,140980363.54,140980363.54,new_observed,63217514.64,63217514.64,62635549.25821387,new_observed,48945614200.0975,251303163.33228102,1,
3550704,São Sebastião,2024,ok,ok,167781141.3,167781141.3,167781141.3,new_observed,68791227.2,68791227.2,69475253.84575738,new_observed,55712049158.33,254451154.32832617,1,
3550704,São Sebastião,2025,ok,ok,135309918.91,135309918.91,135309918.91,new_observed,79688265.64,79688265.64,80198147.4809971,new_observed,59267888460.755,215508066.3909971,1,
3550803,São Sebastião da Grama,2019,ok,ok,796440.86,796440.86,796440.86,new_observed,8408816.64,8408816.64,8306422.203563122,new_observed,37092224874.8675,15851822.225036565,1,
3550803,São Sebastião da Grama,2020,ok,ok,874091.0,874091.0,874091.0,new_observed,7844888.67,7844888.67,7949777.072606311,new_observed,37158522668.0775,15040733.735798998,1,
3550803,São Sebastião da Grama,2021,ok,ok,972647.84,972647.84,972647.84,new_observed,9913494.39,9913494.39,9925205.212284757,new_observed,46897671220.665,14794790.963990066,1,
3550803,São Sebastião da Grama,2022,ok,ok,1293011.31,1293011.31,1293011.31,new_observed,10894220.89,10894220.89,10888931.605118755,new_observed,50777650919.455,15478311.798826497,1,
3550803,São Sebastião da Grama,2023,ok,ok,1690296.7,1690296.7,1690296.7,new_observed,10492015.85,10492015.85,10395428.85121299,new_observed,48945614200.0975,14916226.440491846,1,
3550803,São Sebastião da Grama,2024,ok,ok,2167698.59,2167698.59,2167698.59,new_observed,11114454.19,11114454.19,11224970.939423678,new_observed,55712049158.33,14363280.784090567,1,
3550803,São Sebastião da Grama,2025,ok,ok,1830506.16,1830506.16,1830506.16,new_observed,12181858.3,12181858.3,12259803.3812097,new_observed,59267888460.755,14090309.5412097,1,
3550902,São Simão,2019,ok,ok,6491259.72,6491259.72,6491259.72,new_observed,15060740.7,15060740.7,14877345.565783057,new_observed,37092224874.8675,37211515.742017604,1,
3550902,São Simão,2020,ok,ok,5405925.3,5405925.3,5405925.3,new_observed,15142555.96,15142555.96,15345016.25903457,new_observed,37158522668.0775,35371039.569994025,1,
3550902,São Simão,2021,ok,ok,6232127.94,6232127.94,6232127.94,new_observed,19231973.34,19231973.34,19254692.092148293,new_observed,46897671220.665,34600592.69503681,1,
3550902,São Simão,2022,ok,ok,7000525.92,7000525.92,7000525.92,new_observed,20813347.49,20813347.49,20803242.3411033,new_observed,50777650919.455,35327319.896858804,1,
3550902,São Simão,2023,ok,ok,11034296.65,11034296.65,11034296.65,new_observed,20698095.11,20698095.11,20507553.376565333,new_observed,48945614200.0975,38929013.84816419,1,
3550902,São Simão,2024,ok,ok,9703004.56,9703004.56,9703004.56,new_observed,22190890.04,22190890.04,22411545.502887744,new_observed,55712049158.33,34441998.19868472,1,
3550902,São Simão,2025,ok,ok,12871982.57,12871982.57,12871982.57,new_observed,23894539.47,23894539.47,24047427.623317093,new_observed,59267888460.755,36919410.19331709,1,
3551009,São Vicente,2019,ok,ok,46558947.51,46558947.51,46558947.51,new_observed,100394508.52,100394508.52,99172001.2920076,new_observed,37092224874.8675,253777418.9246224,1,
3551009,São Vicente,2020,ok,ok,44613229.58,44613229.58,44613229.58,new_observed,98326076.61,98326076.61,99640724.34357564,new_observed,37158522668.0775,245888231.03968477,1,
3551009,São Vicente,2021,ok,ok,49100324.52,49100324.52,49100324.52,new_observed,124817059.77,124817059.77,124964506.30575903,new_observed,46897671220.665,236308268.6006206,1,
3551009,São Vicente,2022,ok,ok,56725047.63,56725047.63,56725047.63,new_observed,131987679.84,131987679.84,131923598.11754023,new_observed,50777650919.455,239695964.72849068,1,
3551009,São Vicente,2023,ok,ok,71385081.39,71385081.39,71385081.39,new_observed,123593967.72,123593967.72,122456191.09242721,new_observed,48945614200.0975,239239282.87207967,1,
3551009,São Vicente,2024,ok,ok,76924610.57,76924610.57,76924610.57,new_observed,126456355.71,126456355.71,127713776.46482281,new_observed,55712049158.33,219469210.8042364,1,
3551009,São Vicente,2025,ok,ok,91489003.82,91489003.82,91489003.82,new_observed,138432303.7,138432303.7,139318056.66873562,new_observed,59267888460.755,230807060.48873562,1,
3551108,Sarapuí,2019,ok,ok,1008377.54,1008377.54,1008377.54,new_observed,7719552.95,7719552.95,7625551.700157086,new_observed,37092224874.8675,15035215.894475168,1,
3551108,Sarapuí,2020,ok,ok,923949.02,923949.02,923949.02,new_observed,7353625.18,7353625.18,7451945.249403324,new_observed,37158522668.0775,14277139.511684632,1,
3551108,Sarapuí,2021,ok,ok,1240621.71,1240621.71,1240621.71,new_observed,9195446.81,9195446.81,9206309.401855547,new_observed,46897671220.665,14182624.896259112,1,
3551108,Sarapuí,2022,ok,ok,1412862.12,1412862.12,1412862.12,new_observed,10293310.7,10293310.7,10288313.164773459,new_observed,50777650919.455,14867451.00780834,1,
3551108,Sarapuí,2023,ok,ok,1862416.51,1862416.51,1862416.51,new_observed,11293057.1,11293057.1,11189095.906268165,new_observed,48945614200.0975,16108202.50443365,1,
3551108,Sarapuí,2024,ok,ok,1953069.51,1953069.51,1953069.51,new_observed,12878739.32,12878739.32,13006799.26626366,new_observed,55712049158.33,16044060.166985309,1,
3551108,Sarapuí,2025,ok,ok,2377379.88,2377379.88,2377379.88,new_observed,13919016.51,13919016.51,14008076.721136348,new_observed,59267888460.755,16385456.60113635,1,
3551207,Sarutaiá,2019,ok,ok,71194.54,71194.54,71194.54,new_observed,3201261.83,3201261.83,3162279.959541503,new_observed,37092224874.8675,5630806.766839107,1,
3551207,Sarutaiá,2020,ok,ok,157179.12,157179.12,157179.12,new_observed,2476542.98,2476542.98,2509655.0671289656,new_observed,37158522668.0775,4545755.058448544,1,
3551207,Sarutaiá,2021,ok,ok,135662.7,135662.7,135662.7,new_observed,3985462.33,3985462.33,3990170.3612181647,new_observed,46897671220.665,5601180.104024678,1,
3551207,Sarutaiá,2022,ok,ok,658102.8,658102.8,658102.8,new_observed,4305115.05,4305115.05,4303024.86106626,new_observed,50777650919.455,6303582.388033035,1,
3551207,Sarutaiá,2023,ok,ok,1487092.24,1487092.24,1487092.24,new_observed,4646776.1,4646776.1,4603998.986054427,new_observed,48945614200.0975,7517636.869422551,1,
3551207,Sarutaiá,2024,ok,ok,566884.19,566884.19,566884.19,new_observed,5738973.69,5738973.69,5796039.264827549,new_observed,55712049158.33,6824065.656856133,1,
3551207,Sarutaiá,2025,ok,absent_dca,,,627533.6152236426,imputed_temporal,,,6160984.2624285,imputed_temporal,59267888460.755,6788517.877652142,1,
3551306,Sebastianópolis do Sul,2019,ok,ok,1263256.16,1263256.16,1263256.16,new_observed,12929904.7,12929904.7,12772456.825748453,new_observed,37092224874.8675,24441939.3654629,3,
3551306,Sebastianópolis do Sul,2020,ok,ok,1223169.31,1223169.31,1223169.31,new_observed,10662797.48,10662797.48,10805362.128402054,new_observed,37158522668.0775,20503246.09445966,3,
3551306,Sebastianópolis do Sul,2021,ok,ok,763954.3,763954.3,763954.3,new_observed,15511599.25,15511599.25,15529923.119971856,new_observed,46897671220.665,22120367.12780062,1,
3551306,Sebastianópolis do Sul,2022,ok,ok,1518023.16,1518023.16,1518023.16,new_observed,18207297.13,18207297.13,18198457.252195936,new_observed,50777650919.455,25051655.021029036,1,
3551306,Sebastianópolis do Sul,2023,ok,ok,1711780.42,1711780.42,1711780.42,new_observed,23362481.63,23362481.63,23147412.188901283,new_observed,48945614200.0975,30681264.812020887,5,
3551306,Sebastianópolis do Sul,2024,ok,ok,986646.96,986646.96,986646.96,new_observed,20727993.49,20727993.49,20934102.618116345,new_observed,55712049158.33,23509419.126372553,1,
3551306,Sebastianópolis do Sul,2025,ok,ok,1268234.97,1268234.97,1268234.97,new_observed,18500042.35,18500042.35,18618414.052234758,new_observed,59267888460.755,19886649.022234756,1,
3551405,Serra Azul,2019,ok,ok,515859.73,515859.73,515859.73,new_observed,6569612.17,6569612.17,6489613.786808236,new_observed,37092224874.8675,12199405.836956302,1,
3551405,Serra Azul,2020,ok,ok,520064.83,520064.83,520064.83,new_observed,5763825.91,5763825.91,5840889.90899755,new_observed,37158522668.0775,10842572.18574573,1,
3551405,Serra Azul,2021,ok,ok,395576.8,395576.8,395576.8,new_observed,8068146.69,8068146.69,8077677.600931793,new_observed,46897671220.665,11503185.723376293,1,
3551405,Serra Azul,2022,ok,ok,948340.62,948340.62,948340.62,new_observed,9328406.86,9328406.86,9323877.798044223,new_observed,50777650919.455,13051826.022170024,1,
3551405,Serra Azul,2023,ok,ok,913766.15,913766.15,913766.15,new_observed,9648114.18,9648114.18,9559295.93897527,new_observed,48945614200.0975,12925873.997594358,1,
3551405,Serra Azul,2024,ok,ok,1040818.41,1040818.41,1040818.41,new_observed,10788790.85,10788790.85,10896069.3608986,new_observed,55712049158.33,12801993.685046272,1,
3551405,Serra Azul,2025,ok,ok,1043778.83,1043778.83,1043778.83,new_observed,10878200.6,10878200.6,10947804.285111193,new_observed,59267888460.755,11991583.115111193,1,
3551504,Serrana,2019,ok,ok,6190070.32,6190070.32,6190070.32,new_observed,20455946.77,20455946.77,20206854.034247715,new_observed,37092224874.8675,45967883.86570365,1,
3551504,Serrana,2020,ok,ok,5845927.63,5845927.63,5845927.63,new_observed,21349378.51,21349378.51,21634825.79966197,new_observed,37158522668.0775,46842347.57292843,1,
3551504,Serrana,2021,ok,ok,5833838.12,5833838.12,5833838.12,new_observed,24702575.73,24702575.73,24731756.91102145,new_observed,46897671220.665,41495475.0265355,1,
3551504,Serrana,2022,ok,ok,8049590.82,8049590.82,8049590.82,new_observed,26162040.26,26162040.26,26149338.251714416,new_observed,50777650919.455,43452977.16844436,1,
3551504,Serrana,2023,ok,ok,8124577.7,8124577.7,8124577.7,new_observed,28542147.83,28542147.83,28279395.615625978,new_observed,48945614200.0975,44929856.05278787,1,
3551504,Serrana,2024,ok,ok,10435771.59,10435771.59,10435771.59,new_observed,33088513.39,33088513.39,33417529.541455716,new_observed,55712049158.33,47031495.556321725,1,
3551504,Serrana,2025,ok,ok,11778112.17,11778112.17,11778112.17,new_observed,31214092.23,31214092.23,31413814.217716306,new_observed,59267888460.755,43191926.38771631,1,
3551603,Serra Negra,2019,ok,ok,5843058.44,5843058.44,5843058.44,new_observed,13257972.76,13257972.76,13096529.9902055,new_observed,37092224874.8675,32981600.043257106,1,
3551603,Serra Negra,2020,ok,ok,4755733.71,4755733.71,4755733.71,new_observed,12800688.68,12800688.68,12971837.544488078,new_observed,37158522668.0775,30217550.49227556,1,
3551603,Serra Negra,2021,ok,ok,6147218.39,6147218.39,6147218.39,new_observed,16146714.25,16146714.25,16165788.38204926,new_observed,46897671220.665,30291862.937292404,1,
3551603,Serra Negra,2022,ok,ok,8682160.13,8682160.13,8682160.13,new_observed,17089131.19,17089131.19,17080834.196194794,new_observed,50777650919.455,32734323.40233172,1,
3551603,Serra Negra,2023,ok,ok,11324613.23,11324613.23,11324613.23,new_observed,17078361.87,17078361.87,16921142.5385765,new_observed,48945614200.0975,34860967.77902009,1,
3551603,Serra Negra,2024,ok,ok,12070679.07,12070679.07,12070679.07,new_observed,19208478.35,19208478.35,19399478.15550796,new_observed,55712049158.33,33750904.0715424,1,
3551603,Serra Negra,2025,ok,ok,14342106.03,14342106.03,14342106.03,new_observed,20026258.55,20026258.55,20154395.679045916,new_observed,59267888460.755,34496501.70904592,1,
3551702,Sertãozinho,2019,ok,ok,42617667.28,42617667.28,42617667.28,new_observed,103811650.84,103811650.84,102547532.95773116,new_observed,37092224874.8675,252792218.3781177,1,
3551702,Sertãozinho,2020,ok,ok,43735568.6,43735568.6,43735568.6,new_observed,103209228.34,103209228.34,104589165.20720002,new_observed,37158522668.0775,252827083.2327181,1,
3551702,Sertãozinho,2021,ok,ok,52517662.89,52517662.89,52517662.89,new_observed,127728530.97,127728530.97,127879416.83002442,new_observed,46897671220.665,244904851.64070594,1,
3551702,Sertãozinho,2022,ok,ok,67420104.34,67420104.34,67420104.34,new_observed,150723328.96,150723328.96,150650150.83802426,new_observed,50777650919.455,277078905.00012356,1,
3551702,Sertãozinho,2023,ok,ok,78119065.0,78119065.0,78119065.0,new_observed,147536542.79,147536542.79,146178356.5192942,new_observed,48945614200.0975,276828322.4058858,1,
3551702,Sertãozinho,2024,ok,ok,90013312.09,90013312.09,90013312.09,new_observed,148005519.03,148005519.03,149477214.22801313,new_observed,55712049158.33,256847200.4089898,1,
3551702,Sertãozinho,2025,ok,ok,99121272.59,99121272.59,99121272.59,new_observed,173821535.15,173821535.15,174933724.5499753,new_observed,59267888460.755,274054997.1399753,1,
3551801,Sete Barras,2019,ok,ok,613424.76,613424.76,613424.76,new_observed,10787482.08,10787482.08,10656122.556366183,new_observed,37092224874.8675,19624909.148721028,1,
3551801,Sete Barras,2020,ok,ok,642129.61,642129.61,642129.61,new_observed,10686726.09,10686726.09,10829610.670753557,new_observed,37158522668.0775,19554167.13274704,1,
3551801,Sete Barras,2021,ok,ok,757699.91,757699.91,757699.91,new_observed,13722772.27,13722772.27,13738982.996610207,new_observed,46897671220.665,19680518.010800373,1,
3551801,Sete Barras,2022,ok,ok,1588412.62,1588412.62,1588412.62,new_observed,14981611.14,14981611.14,14974337.374386135,new_observed,50777650919.455,21044541.94584619,1,
3551801,Sete Barras,2023,ok,ok,1573287.43,1573287.43,1573287.43,new_observed,14049671.87,14049671.87,13920333.93730277,new_observed,48945614200.0975,19122258.21433914,1,
3551801,Sete Barras,2024,ok,ok,1794080.8,1794080.8,1794080.8,new_observed,19321281.29,19321281.29,19513402.753309693,new_observed,55712049158.33,22851707.67532176,1,
3551801,Sete Barras,2025,ok,ok,1700654.56,1700654.56,1700654.56,new_observed,25846863.66,25846863.66,26012243.673244342,new_observed,59267888460.755,27712898.23324434,1,
3551900,Severínia,2019,ok,ok,1101332.03,1101332.03,1101332.03,new_observed,11621505.73,11621505.73,11479990.272984246,new_observed,37092224874.8675,21909248.014627233,4,
3551900,Severínia,2020,ok,ok,1087399.61,1087399.61,1087399.61,new_observed,11673719.86,11673719.86,11829800.829417884,new_observed,37158522668.0775,22018027.788106356,1,
3551900,Severínia,2021,ok,ok,1163899.29,1163899.29,1163899.29,new_observed,14534721.94,14534721.94,14551891.823685955,new_observed,46897671220.665,21335564.2845606,1,
3551900,Severínia,2022,ok,ok,1832496.32,1832496.32,1832496.32,new_observed,15661085.32,15661085.32,15653481.660900062,new_observed,50777650919.455,22217590.50930073,5,
3551900,Severínia,2023,ok,ok,2208920.16,2208920.16,2208920.16,new_observed,16092742.19,16092742.19,15944596.238582553,new_observed,48945614200.0975,22405105.93633845,1,
3551900,Severínia,2024,ok,ok,1901342.96,1901342.96,1901342.96,new_observed,15063465.03,15063465.03,15213248.830600005,new_observed,55712049158.33,18354943.116710924,1,
3551900,Severínia,2025,ok,ok,2438626.13,2438626.13,2438626.13,new_observed,13401074.22,13401074.22,13486820.400315944,new_observed,59267888460.755,15925446.530315943,1,
3552007,Silveiras,2019,ok,ok,5110973.18,5110973.18,5110973.18,new_observed,5264926.21,5264926.21,5200815.030599292,new_observed,37092224874.8675,17957057.290134024,1,
3552007,Silveiras,2020,ok,ok,5335606.96,5335606.96,5335606.96,new_observed,5186846.55,5186846.55,5256196.1701257825,new_observed,37158522668.0775,18054269.323993787,1,
3552007,Silveiras,2021,ok,ok,1829828.9,1829828.9,1829828.9,new_observed,6607914.31,6607914.31,6615720.246747728,new_observed,46897671220.665,11465573.411823649,1,
3552007,Silveiras,2022,ok,ok,1992407.71,1992407.71,1992407.71,new_observed,7124276.66,7124276.66,7120817.731710585,new_observed,50777650919.455,11579215.718104491,1,
3552007,Silveiras,2023,ok,ok,2766799.32,2766799.32,2766799.32,new_observed,6544631.36,6544631.36,6484383.042587314,new_observed,48945614200.0975,11417827.616380634,1,
3552007,Silveiras,2024,ok,ok,1578235.92,1578235.92,1578235.92,new_observed,7981336.01,7981336.01,8060698.549698708,new_observed,55712049158.33,10337500.073720507,1,
3552007,Silveiras,2025,ok,ok,1436981.25,1436981.25,1436981.25,new_observed,10659519.1,10659519.1,10727723.561211457,new_observed,59267888460.755,12164704.811211457,1,
3552106,Socorro,2019,ok,ok,5039376.78,5039376.78,5039376.78,new_observed,19622620.05,19622620.05,19383674.761090156,new_observed,37092224874.8675,42530560.82673015,1,
3552106,Socorro,2020,ok,ok,4727774.56,4727774.56,4727774.56,new_observed,19156537.2,19156537.2,19412665.574907377,new_observed,37158522668.0775,41148612.983159825,1,
3552106,Socorro,2021,ok,ok,6031749.84,6031749.84,6031749.84,new_observed,24988199.28,24988199.28,25017717.86844842,new_observed,46897671220.665,42152374.608624965,1,
3552106,Socorro,2022,ok,ok,7886174.81,7886174.81,7886174.81,new_observed,28231220.01,28231220.01,28217513.388233673,new_observed,50777650919.455,45873153.971714005,1,
3552106,Socorro,2023,ok,ok,9676230.05,9676230.05,9676230.05,new_observed,28007359.69,28007359.69,27749530.607859854,new_observed,48945614200.0975,46190948.01670881,1,
3552106,Socorro,2024,ok,ok,11093493.03,11093493.03,11093493.03,new_observed,30148624.08,30148624.08,30448407.396027867,new_observed,55712049158.33,44552579.962707885,1,
3552106,Socorro,2025,ok,ok,11032378.71,11032378.71,11032378.71,new_observed,33095896.08,33095896.08,33307658.706369024,new_observed,59267888460.755,44340037.41636902,1,
3552205,Sorocaba,2019,ok,ok,418566623.8,418566623.8,418566623.8,new_observed,565818422.6,565818422.6,558928433.0820777,new_observed,37092224874.8675,1702220253.0509653,1,
3552205,Sorocaba,2020,ok,ok,414720645.63,414720645.63,414720645.63,new_observed,550296596.58,550296596.58,557654219.2822437,new_observed,37158522668.0775,1657462613.242439,1,
3552205,Sorocaba,2021,ok,ok,505607140.55,505607140.55,505607140.55,new_observed,699618310.2,699618310.2,700444770.1116713,new_observed,46897671220.665,1637321206.6957877,1,
3552205,Sorocaba,2022,ok,ok,617718208.05,617718208.05,617718208.05,new_observed,757669834.82,757669834.82,757301976.3340417,new_observed,50777650919.455,1747093324.2645738,1,
3552205,Sorocaba,2023,ok,ok,683885520.04,683885520.04,683885520.04,new_observed,698610930.48,698610930.48,692179684.6584582,new_observed,48945614200.0975,1698342404.284027,1,
3552205,Sorocaba,2024,ok,ok,829710310.91,829710310.91,829710310.91,new_observed,836597113.59,836597113.59,844915830.1001085,new_observed,55712049158.33,1795991860.9849625,1,
3552205,Sorocaba,2025,ok,ok,895383690.16,895383690.16,895383690.16,new_observed,960260064.63,960260064.63,966404246.1560661,new_observed,59267888460.755,1861787936.316066,2,
3552304,Sud Mennucci,2019,ok,ok,2363193.7,2363193.7,2363193.7,new_observed,16399411.56,16399411.56,16199715.386748372,new_observed,37092224874.8675,32325646.64193365,1,
3552304,Sud Mennucci,2020,ok,partial,,,1870091.3221954126,imputed_temporal,15998383.43,15998383.43,16212286.386796962,new_observed,37158522668.0775,30822336.212781668,2,
3552304,Sud Mennucci,2021,ok,ok,1709022.87,1709022.87,1709022.87,new_observed,27581794.15,27581794.15,27614376.555040866,new_observed,46897671220.665,39809085.58462458,2,
3552304,Sud Mennucci,2022,ok,ok,1594999.19,1594999.19,1594999.19,new_observed,22441402.31,22441402.31,22430506.71947078,new_observed,50777650919.455,30526679.87220757,2,
3552304,Sud Mennucci,2023,ok,ok,1611340.54,1611340.54,1611340.54,new_observed,21807968.27,21807968.27,21607209.308618747,new_observed,48945614200.0975,28656380.263995405,2,
3552304,Sud Mennucci,2024,ok,ok,1400213.07,1400213.07,1400213.07,new_observed,22134114.39,22134114.39,22354205.303322185,new_observed,55712049158.33,25475979.991083138,2,
3552304,Sud Mennucci,2025,ok,ok,1460341.48,1460341.48,1460341.48,new_observed,21077425.86,21077425.86,21212288.83655827,new_observed,59267888460.755,22672630.31655827,2,
3552403,Sumaré,2019,ok,ok,71210317.49,71210317.49,71210317.49,new_observed,270112665.08,270112665.08,266823494.28469893,new_observed,37092224874.8675,588655662.8268719,1,
3552403,Sumaré,2020,ok,ok,65443164.63,65443164.63,65443164.63,new_observed,271133154.65,271133154.65,274758282.3836289,new_observed,37158522668.0775,579890739.4083633,1,
3552403,Sumaré,2021,ok,ok,87514552.88,87514552.88,87514552.88,new_observed,328964538.84,328964538.84,329353145.02675766,new_observed,46897671220.665,565934447.8752369,1,
3552403,Sumaré,2022,ok,ok,94604143.24,94604143.24,94604143.24,new_observed,331963674.65,331963674.65,331802502.00046605,new_observed,50777650919.455,541790012.8174415,4,
3552403,Sumaré,2023,ok,ok,119201675.36,119201675.36,119201675.36,new_observed,288865573.97,288865573.97,286206346.3018824,new_observed,48945614200.0975,500355384.2320651,6,
3552403,Sumaré,2024,ok,ok,158115699.96,158115699.96,158115699.96,new_observed,297940494.23,297940494.23,300903070.20369107,new_observed,55712049158.33,492285385.41507214,1,
3552403,Sumaré,2025,ok,ok,180922370.8,180922370.8,180922370.8,new_observed,348904104.57,348904104.57,351136552.0419185,new_observed,59267888460.755,532058922.8419185,1,
3552502,Suzano,2019,ok,ok,70247988.32,70247988.32,70247988.32,new_observed,223964340.15,223964340.15,221237119.02324507,new_observed,37092224874.8675,507595255.53515214,1,
3552502,Suzano,2020,ok,ok,66786787.25,66786787.25,66786787.25,new_observed,220020177.26,220020177.26,222961909.88422588,new_observed,37158522668.0775,493891450.78223306,1,
3552502,Suzano,2021,ok,ok,77189586.04,77189586.04,77189586.04,new_observed,288317595.74,288317595.74,288658185.6462883,new_observed,46897671220.665,496670424.97012085,1,
3552502,Suzano,2022,ok,ok,93254059.21,93254059.21,93254059.21,new_observed,320961801.81,320961801.81,320805970.7117588,new_observed,50777650919.455,526102469.1394996,1,
3552502,Suzano,2023,ok,ok,108676264.03,108676264.03,108676264.03,new_observed,325633983.26,325633983.26,322636274.3739481,new_observed,48945614200.0975,532326790.16204524,1,
3552502,Suzano,2024,ok,ok,116970735.14,116970735.14,116970735.14,new_observed,384666362.14,384666362.14,388491298.14041954,new_observed,55712049158.33,542094546.1062547,1,
3552502,Suzano,2025,ok,ok,133843843.67,133843843.67,133843843.67,new_observed,418080279.64,418080279.64,420755347.80662876,new_observed,59267888460.755,554599191.4766288,1,
3552551,Suzanápolis,2019,ok,ok,1311384.2,1311384.2,1311384.2,new_observed,10219135.68,10219135.68,10094696.929147944,new_observed,37092224874.8675,19862670.577494595,2,
3552551,Suzanápolis,2020,ok,ok,2320195.25,2320195.25,2320195.25,new_observed,10478667.3,10478667.3,10618770.07529407,new_observed,37158522668.0775,22055127.14754375,1,
3552551,Suzanápolis,2021,ok,ok,1208167.49,1208167.49,1208167.49,new_observed,13208461.96,13208461.96,13224065.131251557,new_observed,46897671220.665,19593021.09788771,1,
3552551,Suzanápolis,2022,ok,ok,1877828.32,1877828.32,1877828.32,new_observed,14019493.23,14019493.23,14012686.585051922,new_observed,50777650919.455,20190403.621005293,1,
3552551,Suzanápolis,2023,ok,ok,1441072.95,1441072.95,1441072.95,new_observed,14190484.12,14190484.12,14059849.903269807,new_observed,48945614200.0975,19131269.722798016,1,
3552551,Suzanápolis,2024,ok,ok,2024208.68,2024208.68,2024208.68,new_observed,13665795.4,13665795.4,13801681.450729862,new_observed,55712049158.33,16972844.966153853,1,
3552551,Suzanápolis,2025,ok,ok,1611394.98,1611394.98,1611394.98,new_observed,15289603.0,15289603.0,15387432.848135654,new_observed,59267888460.755,16998827.828135654,1,
3552601,Tabapuã,2019,ok,ok,931065.36,931065.36,931065.36,new_observed,9399676.54,9399676.54,9285216.370013196,new_observed,37092224874.8675,17790741.292516775,1,
3552601,Tabapuã,2020,ok,ok,1214065.96,1214065.96,1214065.96,new_observed,9112578.48,9112578.48,9234416.257513274,new_observed,37158522668.0775,17809971.50951618,1,
3552601,Tabapuã,2021,ok,ok,1501682.56,1501682.56,1501682.56,new_observed,11073537.52,11073537.52,11086618.702563748,new_observed,46897671220.665,17089722.61580615,2,
3552601,Tabapuã,2022,ok,ok,3079228.55,3079228.55,3079228.55,new_observed,12183716.04,12183716.04,12177800.688576665,new_observed,50777650919.455,19385500.106507428,1,
3552601,Tabapuã,2023,ok,ok,1935635.44,1935635.44,1935635.44,new_observed,11714442.88,11714442.88,11606602.509148763,new_observed,48945614200.0975,16713856.930190768,1,
3552601,Tabapuã,2024,ok,ok,2019519.14,2019519.14,2019519.14,new_observed,12872953.95,12872953.95,13000956.369346395,new_observed,55712049158.33,16109059.2713656,1,
3552601,Tabapuã,2025,ok,ok,1931702.91,1931702.91,1931702.91,new_observed,15705735.59,15705735.59,15806228.044096317,new_observed,59267888460.755,17737930.954096317,1,
3552700,Tabatinga,2019,ok,ok,820287.5,820287.5,820287.5,new_observed,10520589.8,10520589.8,10392480.232426584,new_observed,37092224874.8675,19526032.579411224,6,
3552700,Tabatinga,2020,ok,ok,734013.68,734013.68,734013.68,new_observed,11078704.67,11078704.67,11226830.116346631,new_observed,37158522668.0775,20387869.05199001,1,
3552700,Tabatinga,2021,ok,ok,873584.7,873584.7,873584.7,new_observed,13636752.44,13636752.44,13652861.551286442,new_observed,46897671220.665,19720924.36063473,1,
3552700,Tabatinga,2022,ok,ok,2112042.21,2112042.21,2112042.21,new_observed,15397415.08,15397415.08,15389939.436205437,new_observed,50777650919.455,22237924.68121786,1,
3552700,Tabatinga,2023,ok,ok,1565865.72,1565865.72,1565865.72,new_observed,15566861.6,15566861.6,15423556.78003285,new_observed,48945614200.0975,20968378.938428126,1,
3552700,Tabatinga,2024,ok,ok,2099819.94,2099819.94,2099819.94,new_observed,17233669.04,17233669.04,17405032.298184816,new_observed,55712049158.33,20918433.67998804,1,
3552700,Tabatinga,2025,ok,ok,1969432.55,1969432.55,1969432.55,new_observed,19241854.82,19241854.82,19364972.976494245,new_observed,59267888460.755,21334405.526494246,1,
3552809,Taboão da Serra,2019,ok,ok,79383788.18,79383788.18,79383788.18,new_observed,196069125.66,196069125.66,193681585.4763878,new_observed,37092224874.8675,475518936.05218214,1,
3552809,Taboão da Serra,2020,ok,ok,77288995.97,77288995.97,77288995.97,new_observed,177187086.6,177187086.6,179556128.56575936,new_observed,37158522668.0775,437805631.01046383,1,
3552809,Taboão da Serra,2021,ok,ok,87818380.59,87818380.59,87818380.59,new_observed,202240521.8,202240521.8,202479428.76019007,new_observed,46897671220.665,394104727.4205876,1,
3552809,Taboão da Serra,2022,ok,ok,115852906.32,115852906.32,115852906.32,new_observed,216544180.3,216544180.3,216439045.30498314,new_observed,50777650919.455,422208384.2724952,1,
3552809,Taboão da Serra,2023,ok,ok,120870796.07,120870796.07,120870796.07,new_observed,198670191.37,198670191.37,196841280.9101603,new_observed,48945614200.0975,392120875.41069555,1,
3552809,Taboão da Serra,2024,ok,ok,129965923.01,129965923.01,129965923.01,new_observed,215707725.33,215707725.33,217852618.47738424,new_observed,55712049158.33,373026106.7310258,1,
3552809,Taboão da Serra,2025,ok,ok,163869142.75,163869142.75,163869142.75,new_observed,232027202.48,232027202.48,233511818.2664242,new_observed,59267888460.755,397380961.0164242,1,
3552908,Taciba,2019,ok,ok,1724548.44,1724548.44,1724548.44,new_observed,22267139.2,22267139.2,21995991.514533818,new_observed,37092224874.8675,41307199.703602314,1,
3552908,Taciba,2020,ok,ok,590413.79,590413.79,590413.79,new_observed,22350910.98,22350910.98,22649749.044898644,new_observed,37158522668.0775,39614044.35108192,1,
3552908,Taciba,2021,ok,ok,525393.61,525393.61,525393.61,new_observed,26509888.43,26509888.43,26541204.591585323,new_observed,46897671220.665,36745280.06365532,1,
3552908,Taciba,2022,ok,ok,2777013.96,2777013.96,2777013.96,new_observed,24828786.87,24828786.87,24816732.173446923,new_observed,50777650919.455,35060466.89983122,1,
3552908,Taciba,2023,ok,ok,3033752.42,3033752.42,3033752.42,new_observed,23666132.66,23666132.66,23448267.879846755,new_observed,48945614200.0975,32684161.96614447,1,
3552908,Taciba,2024,ok,ok,1580447.51,1580447.51,1580447.51,new_observed,26739445.48,26739445.48,27005329.575190216,new_observed,55712049158.33,30657483.31980814,4,
3552908,Taciba,2025,ok,ok,1574083.98,1574083.98,1574083.98,new_observed,33784987.72,33784987.72,34001159.46873098,new_observed,59267888460.755,35575243.448730975,1,
3553005,Taguaí,2019,ok,ok,484693.12,484693.12,484693.12,new_observed,8063349.44,8063349.44,7965161.769005379,new_observed,37092224874.8675,14714666.868276406,1,
3553005,Taguaí,2020,ok,ok,500236.2,500236.2,500236.2,new_observed,7806338.23,7806338.23,7910711.202210615,new_observed,37158522668.0775,14336889.366603345,1,
3553005,Taguaí,2021,ok,ok,548515.72,548515.72,548515.72,new_observed,9716726.77,9716726.77,9728205.150469733,new_observed,46897671220.665,13951549.570765946,1,
3553005,Taguaí,2022,ok,ok,671090.29,671090.29,671090.29,new_observed,10488848.38,10488848.38,10483755.908705523,new_observed,50777650919.455,14173288.180265246,1,
3553005,Taguaí,2023,ok,ok,1070537.37,1070537.37,1070537.37,new_observed,10377185.66,10377185.66,10281655.760590347,new_observed,48945614200.0975,14010899.272413692,1,
3553005,Taguaí,2024,ok,ok,954346.64,954346.64,954346.64,new_observed,12519482.31,12519482.31,12643969.97855446,new_observed,55712049158.33,14583831.800982824,1,
3553005,Taguaí,2025,ok,ok,1112974.26,1112974.26,1112974.26,new_observed,14544267.93,14544267.93,14637328.784675961,new_observed,59267888460.755,15750303.044675961,1,
3553104,Taiaçu,2019,ok,ok,246562.59,246562.59,246562.59,new_observed,4276131.2,4276131.2,4224060.609915859,new_observed,37092224874.8675,7785190.626876323,1,
3553104,Taiaçu,2020,ok,ok,161412.37,161412.37,161412.37,new_observed,4126883.1,4126883.1,4182060.705994246,new_observed,37158522668.0775,7403671.664975951,1,
3553104,Taiaçu,2021,ok,ok,201703.63,201703.63,201703.63,new_observed,5178450.53,5178450.53,5184567.839546108,new_observed,46897671220.665,7312335.749520071,1,
3553104,Taiaçu,2022,ok,ok,303320.18,303320.18,303320.18,new_observed,5892724.61,5892724.61,5889863.616129604,new_observed,50777650919.455,7869026.352517548,1,
3553104,Taiaçu,2023,ok,ok,299257.24,299257.24,299257.24,new_observed,6080462.09,6080462.09,6024486.804324913,new_observed,48945614200.0975,7804777.43906695,1,
3553104,Taiaçu,2024,ok,ok,336864.6,336864.6,336864.6,new_observed,6591931.38,6591931.38,6657478.352985593,new_observed,55712049158.33,7501246.223782568,6,
3553104,Taiaçu,2025,ok,ok,465292.7,465292.7,465292.7,new_observed,7178270.43,7178270.43,7224200.275663327,new_observed,59267888460.755,7689492.975663328,1,
3553203,Taiúva,2019,ok,ok,829387.62,829387.62,829387.62,new_observed,5107465.53,5107465.53,5045271.754471899,new_observed,37092224874.8675,10230194.103383737,1,
3553203,Taiúva,2020,ok,ok,856477.49,856477.49,856477.49,new_observed,4819429.23,4819429.23,4883866.375595449,new_observed,37158522668.0775,9784709.259467239,1,
3553203,Taiúva,2021,ok,ok,922266.94,922266.94,922266.94,new_observed,5932955.23,5932955.23,5939963.836812955,new_observed,46897671220.665,9316079.910650097,1,
3553203,Taiúva,2022,ok,ok,1174863.77,1174863.77,1174863.77,new_observed,7015598.67,7015598.67,7012192.50627771,new_observed,50777650919.455,10402430.108377377,1,
3553203,Taiúva,2023,ok,ok,1326406.08,1326406.08,1326406.08,new_observed,7578756.02,7578756.02,7508987.797288939,new_observed,48945614200.0975,10904660.643344646,1,
3553203,Taiúva,2024,ok,ok,1576971.15,1576971.15,1576971.15,new_observed,8404568.88,8404568.88,8488139.842374448,new_observed,55712049158.33,10794563.02486184,1,
3553203,Taiúva,2025,ok,ok,1880980.29,1880980.29,1880980.29,new_observed,8864278.65,8864278.65,8920996.344642667,new_observed,59267888460.755,10801976.634642668,1,
3553302,Tambaú,2019,ok,ok,1943356.02,1943356.02,1943356.02,new_observed,19227577.35,19227577.35,18993442.50902436,new_observed,37092224874.8675,36459562.878845654,1,
3553302,Tambaú,2020,ok,ok,2381380.83,2381380.83,2381380.83,new_observed,18144151.34,18144151.34,18386743.826745868,new_observed,37158522668.0775,35400329.03752745,1,
3553302,Tambaú,2021,ok,ok,2876254.22,2876254.22,2876254.22,new_observed,22406353.79,22406353.79,22432822.44141203,new_observed,46897671220.665,34359290.48599971,1,
3553302,Tambaú,2022,ok,ok,3614111.45,3614111.45,3614111.45,new_observed,24620459.44,24620459.44,24608505.88910359,new_observed,50777650919.455,35859507.30498509,1,
3553302,Tambaú,2023,ok,ok,4045803.81,4045803.81,4045803.81,new_observed,23543281.22,23543281.22,23326547.380941,new_observed,48945614200.0975,33783010.11739954,1,
3553302,Tambaú,2024,ok,ok,4944610.58,4944610.58,4944610.58,new_observed,26336674.32,26336674.32,26598553.453848537,new_observed,55712049158.33,33829201.925830685,1,
3553302,Tambaú,2025,ok,ok,5362467.0,5362467.0,5362467.0,new_observed,28549239.82,28549239.82,28731910.867507182,new_observed,59267888460.755,34094377.86750718,1,
3553401,Tanabi,2019,ok,ok,3896495.03,3896495.03,3896495.03,new_observed,25039925.91,25039925.91,24735013.909686048,new_observed,37092224874.8675,49859213.14835137,1,
3553401,Tanabi,2020,ok,ok,4057643.8,4057643.8,4057643.8,new_observed,22807502.23,22807502.23,23112445.050347835,new_observed,37158522668.0775,46312803.93286494,1,
3553401,Tanabi,2021,ok,ok,3797361.87,3797361.87,3797361.87,new_observed,25811066.22,25811066.22,25841556.862107728,new_observed,46897671220.665,40237430.70643539,1,
3553401,Tanabi,2022,ok,ok,5302086.14,5302086.14,5302086.14,new_observed,30843647.88,30843647.88,30828672.8907776,new_observed,50777650919.455,45907550.027391516,1,
3553401,Tanabi,2023,ok,ok,6556494.73,6556494.73,6556494.73,new_observed,33582859.26,33582859.26,33273703.456865188,new_observed,48945614200.0975,49158509.582845874,1,
3553401,Tanabi,2024,ok,ok,7693107.02,7693107.02,7693107.02,new_observed,38931482.14,38931482.14,39318597.942792185,new_observed,55712049158.33,50418799.40633954,1,
3553401,Tanabi,2025,ok,absent_dca,,,8516171.990196064,imputed_temporal,,,41794275.72485634,imputed_temporal,59267888460.755,50310447.7150524,1,
3553500,Tapiraí,2019,ok,ok,434356.41,434356.41,434356.41,new_observed,8415097.01,8415097.01,8312626.097291335,new_observed,37092224874.8675,15232088.05217521,1,
3553500,Tapiraí,2020,ok,ok,579348.4,579348.4,579348.4,new_observed,7941368.39,7941368.39,8047546.754024553,new_observed,37158522668.0775,14704983.337314589,2,
3553500,Tapiraí,2021,ok,ok,1250235.48,1250235.48,1250235.48,new_observed,10005685.98,10005685.98,10017505.708315684,new_observed,46897671220.665,15296946.537788173,1,
3553500,Tapiraí,2022,ok,ok,3098391.26,3098391.26,3098391.26,new_observed,11284240.6,11284240.6,11278761.95551458,new_observed,50777650919.455,18267534.3169646,1,
3553500,Tapiraí,2023,ok,ok,3123780.87,3123780.87,3123780.87,new_observed,10490282.78,10490282.78,10393711.735442603,new_observed,48945614200.0975,16683316.177920265,1,
3553500,Tapiraí,2024,ok,ok,2869716.26,2869716.26,2869716.26,new_observed,13401188.45,13401188.45,13534443.377375621,new_observed,55712049158.33,17593023.585105263,1,
3553500,Tapiraí,2025,ok,ok,3147059.34,3147059.34,3147059.34,new_observed,17903420.45,17903420.45,18017974.69341183,new_observed,59267888460.755,21165034.03341183,1,
3553609,Tapiratiba,2019,ok,ok,579216.17,579216.17,579216.17,new_observed,8621565.93,8621565.93,8516580.838470433,new_observed,37092224874.8675,15839517.321801234,1,
3553609,Tapiratiba,2020,ok,ok,875488.44,875488.44,875488.44,new_observed,8195200.7,8195200.7,8304772.874522794,new_observed,37158522668.0775,15648224.216481209,1,
3553609,Tapiratiba,2021,ok,ok,1092166.91,1092166.91,1092166.91,new_observed,9997095.65,9997095.65,10008905.23054901,new_observed,46897671220.665,15070678.693099419,1,
3553609,Tapiratiba,2022,ok,ok,1521756.06,1521756.06,1521756.06,new_observed,10620046.57,10620046.57,10614890.400290571,new_observed,50777650919.455,15420758.36452646,1,
3553609,Tapiratiba,2023,ok,ok,1286905.72,1286905.72,1286905.72,new_observed,10045097.91,10045097.91,9952625.131315762,new_observed,48945614200.0975,13871851.263931243,1,
3553609,Tapiratiba,2024,ok,ok,2107648.33,2107648.33,2107648.33,new_observed,11042798.59,11042798.59,11152602.830842093,new_observed,55712049158.33,14221265.616410226,1,
3553609,Tapiratiba,2025,ok,ok,3098882.8,3098882.8,3098882.8,new_observed,13460541.81,13460541.81,13546668.49105875,new_observed,59267888460.755,16645551.291058749,1,
3553658,Taquaral,2019,ok,ok,456740.43,456740.43,456740.43,new_observed,3009173.03,3009173.03,2972530.2311688075,new_observed,37092224874.8675,5971768.278045854,1,
3553658,Taquaral,2020,ok,ok,493758.47,493758.47,493758.47,new_observed,3024327.16,3024327.16,3064763.2781038005,new_observed,37158522668.0775,6065682.041693333,3,
3553658,Taquaral,2021,ok,ok,598954.22,598954.22,598954.22,new_observed,3873712.25,3873712.25,3878288.2707205834,new_observed,46897671220.665,6078249.213630013,2,
3553658,Taquaral,2022,ok,ok,819154.74,819154.74,819154.74,new_observed,4366085.95,4366085.95,4363966.158907205,new_observed,50777650919.455,6585645.813914694,1,
3553658,Taquaral,2023,ok,ok,747459.79,747459.79,747459.79,new_observed,4101467.32,4101467.32,4063710.1887941984,new_observed,48945614200.0975,5937955.528055819,1,
3553658,Taquaral,2024,ok,ok,921932.75,921932.75,921932.75,new_observed,4442978.68,4442978.68,4487157.508134817,new_observed,55712049158.33,5801104.9995215265,2,
3553658,Taquaral,2025,ok,ok,931722.73,931722.73,931722.73,new_observed,5064801.72,5064801.72,5097208.629656502,new_observed,59267888460.755,6028931.359656502,4,
3553708,Taquaritinga,2019,ok,absent_dca,,,9764245.671466688,imputed_temporal,,,24434891.551049165,imputed_temporal,37092224874.8675,59554740.05436167,1,
3553708,Taquaritinga,2020,ok,ok,9849160.63,9849160.63,9849160.63,new_observed,24198016.32,24198016.32,24521550.710966222,new_observed,37158522668.0775,58586632.68033029,1,
3553708,Taquaritinga,2021,ok,ok,12070688.25,12070688.25,12070688.25,new_observed,38018121.69,38018121.69,38063032.54072493,new_observed,46897671220.665,68060921.33810848,1,
3553708,Taquaritinga,2022,ok,ok,15074452.32,15074452.32,15074452.32,new_observed,43540418.37,43540418.37,43519278.9347955,new_observed,50777650919.455,74448882.91939011,1,
3553708,Taquaritinga,2023,ok,ok,18705023.25,18705023.25,18705023.25,new_observed,43925993.67,43925993.67,43521621.435152255,new_observed,48945614200.0975,76800248.26168601,1,
3553708,Taquaritinga,2024,ok,ok,16688955.69,16688955.69,16688955.69,new_observed,47854218.12,47854218.12,48330057.287846185,new_observed,55712049158.33,69731156.85812199,1,
3553708,Taquaritinga,2025,ok,ok,20591078.02,20591078.02,20591078.02,new_observed,54653653.59,54653653.59,55003352.57373217,new_observed,59267888460.755,75594430.59373216,1,
3553807,Taquarituba,2019,ok,ok,3744006.99,3744006.99,3744006.99,new_observed,20042808.88,20042808.88,19798746.937904935,new_observed,37092224874.8675,40997601.232380934,1,
3553807,Taquarituba,2020,ok,ok,3923830.43,3923830.43,3923830.43,new_observed,19701701.4,19701701.4,19965118.776001148,new_observed,37158522668.0775,40719933.852021135,1,
3553807,Taquarituba,2021,ok,ok,4213107.37,4213107.37,4213107.37,new_observed,25081793.11,25081793.11,25111422.260947067,new_observed,46897671220.665,39810619.93823059,1,
3553807,Taquarituba,2022,ok,ok,5514509.86,5514509.86,5514509.86,new_observed,29476647.11,29476647.11,29462335.81729876,new_observed,50777650919.455,44441393.865076184,1,
3553807,Taquarituba,2023,ok,ok,6573316.2,6573316.2,6573316.2,new_observed,31452083.43,31452083.43,31162543.041619603,new_observed,48945614200.0975,46573672.30368983,1,
3553807,Taquarituba,2024,ok,ok,6651838.93,6651838.93,6651838.93,new_observed,36429302.97,36429302.97,36791538.315001205,new_observed,55712049158.33,46591863.12394398,1,
3553807,Taquarituba,2025,ok,ok,7315791.6,7315791.6,7315791.6,new_observed,40253762.85,40253762.85,40511324.770116836,new_observed,59267888460.755,47827116.37011684,1,
3553856,Taquarivaí,2019,ok,ok,825206.72,825206.72,825206.72,new_observed,7529154.73,7529154.73,7437471.9655361995,new_observed,37092224874.8675,14388716.243573798,1,
3553856,Taquarivaí,2020,ok,ok,728010.45,728010.45,728010.45,new_observed,7675549.75,7675549.75,7778174.04287002,new_observed,37158522668.0775,14499225.851078587,1,
3553856,Taquarivaí,2021,ok,ok,1084911.75,1084911.75,1084911.75,new_observed,10578605.75,10578605.75,10591102.269096605,new_observed,46897671220.665,15851212.700003844,1,
3553856,Taquarivaí,2022,ok,ok,1512606.75,1512606.75,1512606.75,new_observed,12850786.89,12850786.89,12844547.667067425,new_observed,50777650919.455,18242123.9501517,1,
3553856,Taquarivaí,2023,ok,ok,1955124.78,1955124.78,1955124.78,new_observed,15343713.39,15343713.39,15202462.819301698,new_observed,48945614200.0975,21175928.637405876,1,
3553856,Taquarivaí,2024,ok,ok,2288296.11,2288296.11,2288296.11,new_observed,18897055.31,18897055.31,19084958.475629102,new_observed,55712049158.33,22922245.352861527,1,
3553856,Taquarivaí,2025,ok,ok,2175992.86,2175992.86,2175992.86,new_observed,19809760.52,19809760.52,19936512.39598234,new_observed,59267888460.755,22112505.25598234,1,
3553906,Tarabai,2019,ok,ok,2661273.48,2661273.48,2661273.48,new_observed,5219733.91,5219733.91,5156173.038720863,new_observed,37092224874.8675,13613384.229026068,1,
3553906,Tarabai,2020,ok,ok,4806184.5,4806184.5,4806184.5,new_observed,4948753.92,4948753.92,5014920.1736455755,new_observed,37158522668.0775,16740574.447877377,1,
3553906,Tarabai,2021,ok,ok,10652674.21,10652674.21,10652674.21,new_observed,6386696.79,6386696.79,6394241.402237815,new_observed,46897671220.665,23142682.494783852,1,
3553906,Tarabai,2022,ok,ok,6816496.48,6816496.48,6816496.48,new_observed,7359261.72,7359261.72,7355688.7034304105,new_observed,50777650919.455,18007103.02685789,1,
3553906,Tarabai,2023,ok,ok,4887888.55,4887888.55,4887888.55,new_observed,7392790.55,7392790.55,7324734.281110027,new_observed,48945614200.0975,15072843.314969582,1,
3553906,Tarabai,2024,ok,ok,3891832.54,3891832.54,3891832.54,new_observed,7716416.8,7716416.8,7793145.111382266,new_observed,55712049158.33,12531826.802258817,1,
3553906,Tarabai,2025,ok,ok,2336892.9,2336892.9,2336892.9,new_observed,8282687.27,8282687.27,8335683.677936765,new_observed,59267888460.755,10672576.577936765,1,
3553955,Tarumã,2019,ok,ok,3439736.58,3439736.58,3439736.58,new_observed,24153580.61,24153580.61,23859461.665518694,new_observed,37092224874.8675,47539113.1836498,1,
3553955,Tarumã,2020,ok,ok,3009550.82,3009550.82,3009550.82,new_observed,22204013.82,22204013.82,22500887.827904597,new_observed,37158522668.0775,43483845.40990048,1,
3553955,Tarumã,2021,ok,ok,3535828.02,3535828.02,3535828.02,new_observed,26692872.32,26692872.32,26724404.640664294,new_observed,46897671220.665,41080918.836795405,1,
3553955,Tarumã,2022,ok,ok,4933889.14,4933889.14,4933889.14,new_observed,32134419.5,32134419.5,32118817.82449285,new_observed,50777650919.455,47078972.16257638,1,
3553955,Tarumã,2023,ok,ok,7330664.37,7330664.37,7330664.37,new_observed,34314922.99,34314922.99,33999027.9825395,new_observed,48945614200.0975,51009188.25551766,1,
3553955,Tarumã,2024,ok,ok,8363278.7,8363278.7,8363278.7,new_observed,35566326.38,35566326.38,35919980.703754,new_observed,55712049158.33,47492614.333044685,1,
3553955,Tarumã,2025,ok,ok,9543702.76,9543702.76,9543702.76,new_observed,37850983.43,37850983.43,38093171.272335865,new_observed,59267888460.755,47636874.03233586,1,
3554003,Tatuí,2019,ok,ok,24047825.63,24047825.63,24047825.63,new_observed,73897684.23,73897684.23,72997829.70175081,new_observed,37092224874.8675,168996332.8338734,1,
3554003,Tatuí,2020,ok,ok,23912747.34,23912747.34,23912747.34,new_observed,73034507.53,73034507.53,74010999.75980756,new_observed,37158522668.0775,166916027.5766555,1,
3554003,Tatuí,2021,ok,ok,29329896.57,29329896.57,29329896.57,new_observed,91922160.04,91922160.04,92030747.79300718,new_observed,46897671220.665,164757714.75276035,1,
3554003,Tatuí,2022,ok,ok,35127654.51,35127654.51,35127654.51,new_observed,103635367.4,103635367.4,103585051.09124455,new_observed,50777650919.455,176247625.08862564,1,
3554003,Tatuí,2023,ok,ok,38512027.68,38512027.68,38512027.68,new_observed,109081194.47,109081194.47,108077018.97612107,new_observed,48945614200.0975,180920492.0592518,6,
3554003,Tatuí,2024,ok,ok,46012214.28,46012214.28,46012214.28,new_observed,123296825.28,123296825.28,124522829.19447607,new_observed,55712049158.33,182894284.63605177,1,
3554003,Tatuí,2025,ok,ok,50302811.65,50302811.65,50302811.65,new_observed,133798377.18,133798377.18,134654480.17497745,new_observed,59267888460.755,184957291.82497746,1,
3554102,Taubaté,2019,ok,ok,112318106.9,112318106.9,112318106.9,new_observed,256419737.12,256419737.12,253297305.55825117,new_observed,37092224874.8675,636686554.6094489,1,
3554102,Taubaté,2020,ok,ok,104357625.3,104357625.3,104357625.3,new_observed,261826984.39,261826984.39,265327685.96871275,new_observed,37158522668.0775,630147491.6755325,1,
3554102,Taubaté,2021,ok,ok,118185121.97,118185121.97,118185121.97,new_observed,337978957.57,337978957.57,338378212.49993485,new_observed,46897671220.665,619824754.7381654,1,
3554102,Taubaté,2022,ok,ok,117816351.51,117816351.51,117816351.51,new_observed,330892406.42,330892406.42,330731753.88502127,new_observed,50777650919.455,569922834.1860398,1,
3554102,Taubaté,2023,ok,ok,156515694.49,156515694.49,156515694.49,new_observed,289751600.4,289751600.4,287084216.1836133,new_observed,48945614200.0975,547491889.3823028,1,
3554102,Taubaté,2024,ok,ok,169583216.96,169583216.96,169583216.96,new_observed,320526883.22,320526883.22,323714047.30658644,new_observed,55712049158.33,529048155.8675188,1,
3554102,Taubaté,2025,ok,ok,181113901.85,181113901.85,181113901.85,new_observed,343125091.03,343125091.03,345320561.7395401,new_observed,59267888460.755,526434463.5895401,1,
3554201,Tejupá,2019,ok,ok,100590.24,100590.24,100590.24,new_observed,5429283.07,5429283.07,5363170.5117163025,new_observed,37092224874.8675,9514650.886381358,1,
3554201,Tejupá,2020,ok,ok,196441.41,196441.41,196441.41,new_observed,5343895.44,5343895.44,5415344.8486500215,new_observed,37158522668.0775,9565576.253412837,1,
3554201,Tejupá,2021,ok,ok,171540.95,171540.95,171540.95,new_observed,6886215.47,6886215.47,6894350.164226997,new_observed,46897671220.665,9592566.674165843,1,
3554201,Tejupá,2022,ok,ok,565824.46,565824.46,565824.46,new_observed,7582315.93,7582315.93,7578634.617731933,new_observed,50777650919.455,10348306.334736163,1,
3554201,Tejupá,2023,ok,ok,1275332.99,1275332.99,1275332.99,new_observed,8502209.34,8502209.34,8423940.02598543,new_observed,48945614200.0975,11970861.98933836,1,
3554201,Tejupá,2024,ok,ok,534927.95,534927.95,534927.95,new_observed,9720108.13,9720108.13,9816760.177523918,new_observed,55712049158.33,11101909.357078046,1,
3554201,Tejupá,2025,ok,ok,290048.96,290048.96,290048.96,new_observed,11157497.8,11157497.8,11228888.555884758,new_observed,59267888460.755,11518937.515884759,1,
3554300,Teodoro Sampaio,2019,ok,ok,2452202.7,2452202.7,2452202.7,new_observed,23673075.06,23673075.06,23384807.247384623,new_observed,37092224874.8675,44992842.98275793,1,
3554300,Teodoro Sampaio,2020,ok,ok,2116621.71,2116621.71,2116621.71,new_observed,22232973.08,22232973.08,22530234.281483736,new_observed,37158522668.0775,42011824.671693355,1,
3554300,Teodoro Sampaio,2021,ok,ok,2664464.92,2664464.92,2664464.92,new_observed,28576809.28,28576809.28,28610567.097554322,new_observed,46897671220.665,42458597.93409539,1,
3554300,Teodoro Sampaio,2022,ok,ok,4266696.8,4266696.8,4266696.8,new_observed,33300769.41,33300769.41,33284601.45655453,new_observed,50777650919.455,47712479.603259966,1,
3554300,Teodoro Sampaio,2023,ok,ok,4598010.94,4598010.94,4598010.94,new_observed,32897952.53,32897952.53,32595101.815081365,new_observed,48945614200.0975,45903813.51377439,1,
3554300,Teodoro Sampaio,2024,ok,ok,4990306.94,4990306.94,4990306.94,new_observed,36232421.76,36232421.76,36592699.41360405,new_observed,55712049158.33,44596664.973419905,1,
3554300,Teodoro Sampaio,2025,ok,ok,6039421.58,6039421.58,6039421.58,new_observed,47095672.03,47095672.03,47397011.60320811,new_observed,59267888460.755,53436433.18320811,1,
3554409,Terra Roxa,2019,ok,ok,268561.8,268561.8,268561.8,new_observed,7137792.12,7137792.12,7050874.990893593,new_observed,37092224874.8675,12746144.810314361,1,
3554409,Terra Roxa,2020,ok,ok,231789.3,231789.3,231789.3,new_observed,7100585.68,7100585.68,7195522.53900127,new_observed,37158522668.0775,12660232.318066515,1,
3554409,Terra Roxa,2021,ok,ok,320648.63,320648.63,320648.63,new_observed,8810613.16,8810613.16,8821021.147423746,new_observed,46897671220.665,12410618.198825382,1,
3554409,Terra Roxa,2022,ok,ok,241237.18,241237.18,241237.18,new_observed,9969279.29,9969279.29,9964439.076206103,new_observed,50777650919.455,12967277.905677037,5,
3554409,Terra Roxa,2023,ok,ok,1112141.05,1112141.05,1112141.05,new_observed,10362963.32,10362963.32,10267564.34806472,new_observed,48945614200.0975,14044854.96748555,1,
3554409,Terra Roxa,2024,ok,ok,467560.46,467560.46,467560.46,new_observed,14196904.74,14196904.74,14338071.884775681,new_observed,55712049158.33,15878645.70889457,1,
3554409,Terra Roxa,2025,ok,ok,552573.58,552573.58,552573.58,new_observed,14815531.61,14815531.61,14910328.133327339,new_observed,59267888460.755,15462901.713327339,1,
3554508,Tietê,2019,ok,ok,9585621.82,9585621.82,9585621.82,new_observed,40221643.12,40221643.12,39731862.850533016,new_observed,37092224874.8675,85881990.547845,1,
3554508,Tietê,2020,ok,ok,8440238.56,8440238.56,8440238.56,new_observed,38304062.57,38304062.57,38816198.829073206,new_observed,37158522668.0775,80551010.76115315,1,
3554508,Tietê,2021,ok,ok,10872774.34,10872774.34,10872774.34,new_observed,47449432.0,47449432.0,47505484.068403356,new_observed,46897671220.665,79253603.97597285,1,
3554508,Tietê,2022,ok,ok,14338564.96,14338564.96,14338564.96,new_observed,54913057.27,54913057.27,54886396.27179425,new_observed,50777650919.455,87956867.11662303,1,
3554508,Tietê,2023,ok,ok,15289496.86,15289496.86,15289496.86,new_observed,53025435.28,53025435.28,52537295.75311681,new_observed,48945614200.0975,83711961.93909833,1,
3554508,Tietê,2024,ok,ok,16382878.89,16382878.89,16382878.89,new_observed,57501362.34,57501362.34,58073128.037587516,new_observed,55712049158.33,79852081.1115058,1,
3554508,Tietê,2025,ok,ok,17975699.52,17975699.52,17975699.52,new_observed,64358346.33,64358346.33,64770140.36073615,new_observed,59267888460.755,82745839.88073614,1,
3554607,Timburi,2019,ok,absent_dca,,,168931.057665133,imputed_temporal,,,5397700.1243811175,imputed_temporal,37092224874.8675,9693790.544137018,1,
3554607,Timburi,2020,ok,ok,170400.17,170400.17,170400.17,new_observed,5345374.07,5345374.07,5416843.24835553,new_observed,37158522668.0775,9523741.728808409,1,
3554607,Timburi,2021,ok,ok,191516.33,191516.33,191516.33,new_observed,6847830.64,6847830.64,6855919.990183325,new_observed,46897671220.665,9567512.673267715,1,
3554607,Timburi,2022,ok,ok,445513.59,445513.59,445513.59,new_observed,7617043.92,7617043.92,7613345.746844468,new_observed,50777650919.455,10239543.75978512,1,
3554607,Timburi,2023,ok,ok,289479.29,289479.29,289479.29,new_observed,7486572.38,7486572.38,7417652.777921253,new_observed,48945614200.0975,9512157.680955403,1,
3554607,Timburi,2024,ok,ok,352128.27,352128.27,352128.27,new_observed,7212014.83,7212014.83,7283727.612488599,new_observed,55712049158.33,8189251.726556495,1,
3554607,Timburi,2025,ok,ok,355067.44,355067.44,355067.44,new_observed,9725126.58,9725126.58,9787352.372024909,new_observed,59267888460.755,10142419.812024908,1,
3554656,Torre de Pedra,2019,ok,ok,141174.98,141174.98,141174.98,new_observed,2079541.51,2079541.51,2054218.8647242503,new_observed,37092224874.8675,3823082.1113644484,1,
3554656,Torre de Pedra,2020,ok,ok,193745.15,193745.15,193745.15,new_observed,2058575.81,2058575.81,2086099.556663303,new_observed,37158522668.0775,3886111.7267095656,1,
3554656,Torre de Pedra,2021,ok,ok,491133.81,491133.81,491133.81,new_observed,2526827.98,2526827.98,2529812.9247887693,new_observed,46897671220.665,4101200.047396302,1,
3554656,Torre de Pedra,2022,ok,ok,255138.95,255138.95,255138.95,new_observed,2852790.45,2852790.45,2851405.3834083723,new_observed,50777650919.455,3947158.68760937,1,
3554656,Torre de Pedra,2023,ok,ok,317544.52,317544.52,317544.52,new_observed,2912080.79,2912080.79,2885272.8678854518,new_observed,48945614200.0975,3952923.571100715,1,
3554656,Torre de Pedra,2024,ok,ok,378037.48,378037.48,378037.48,new_observed,3358931.08,3358931.08,3392330.663835053,new_observed,55712049158.33,4043619.2493449557,1,
3554656,Torre de Pedra,2025,ok,ok,379617.4,379617.4,379617.4,new_observed,4319389.88,4319389.88,4347027.304987364,new_observed,59267888460.755,4726644.704987365,1,
3554706,Torrinha,2019,ok,ok,855137.06,855137.06,855137.06,new_observed,8857915.45,8857915.45,8750052.32260182,new_observed,37092224874.8675,16726578.601437727,1,
3554706,Torrinha,2020,ok,ok,1080156.46,1080156.46,1080156.46,new_observed,8666058.03,8666058.03,8781925.701537052,new_observed,37158522668.0775,16810422.668574493,1,
3554706,Torrinha,2021,ok,ok,2033083.01,2033083.01,2033083.01,new_observed,11559982.87,11559982.87,11573638.691013217,new_observed,46897671220.665,18472317.648793507,1,
3554706,Torrinha,2022,ok,ok,3225810.34,3225810.34,3225810.34,new_observed,13973476.33,13973476.33,13966692.026850928,new_observed,50777650919.455,21844701.956854228,1,
3554706,Torrinha,2023,ok,ok,3168790.37,3168790.37,3168790.37,new_observed,14920340.85,14920340.85,14782987.746060427,new_observed,48945614200.0975,22156120.148016132,1,
3554706,Torrinha,2024,ok,ok,3713475.24,3713475.24,3713475.24,new_observed,16257403.54,16257403.54,16419059.28688556,new_observed,55712049158.33,21591606.189471845,1,
3554706,Torrinha,2025,ok,ok,3201039.64,3201039.64,3201039.64,new_observed,16558286.34,16558286.34,16664233.802339528,new_observed,59267888460.755,19865273.44233953,2,
3554755,Trabiju,2019,ok,ok,104468.6,104468.6,104468.6,new_observed,2131014.01,2131014.01,2105064.582400989,new_observed,37092224874.8675,3847704.503865175,1,
3554755,Trabiju,2020,ok,ok,155890.24,155890.24,155890.24,new_observed,1975390.03,1975390.03,2001801.5590206068,new_observed,37158522668.0775,3677895.8576836856,1,
3554755,Trabiju,2021,ok,ok,174551.64,174551.64,174551.64,new_observed,2664244.27,2664244.27,2667391.544809639,new_observed,46897671220.665,3858187.0345535427,3,
3554755,Trabiju,2022,ok,ok,201214.66,201214.66,201214.66,new_observed,2983065.46,2983065.46,2981617.14320923,new_observed,50777650919.455,4044089.140505826,1,
3554755,Trabiju,2023,ok,ok,277522.24,277522.24,277522.24,new_observed,2949191.81,2949191.81,2922042.252674929,new_observed,48945614200.0975,3948908.8413816146,1,
3554755,Trabiju,2024,ok,ok,271400.28,271400.28,271400.28,new_observed,3290959.71,3290959.71,3323683.4194522128,new_observed,55712049158.33,3855631.358937988,1,
3554755,Trabiju,2025,ok,ok,300222.3,300222.3,300222.3,new_observed,4092574.15,4092574.15,4118760.304576963,new_observed,59267888460.755,4418982.604576963,1,
3554805,Tremembé,2019,ok,ok,7202414.44,7202414.44,7202414.44,new_observed,15199649.23,15199649.23,15014562.602050403,new_observed,37092224874.8675,38688879.31073067,1,
3554805,Tremembé,2020,ok,ok,8537739.68,8537739.68,8537739.68,new_observed,14540419.06,14540419.06,14734828.616666121,new_observed,37158522668.0775,39669281.11550538,1,
3554805,Tremembé,2021,ok,ok,9056220.0,9056220.0,9056220.0,new_observed,19139340.43,19139340.43,19161949.75478554,new_observed,46897671220.665,38308639.408650585,1,
3554805,Tremembé,2022,ok,ok,10326387.66,10326387.66,10326387.66,new_observed,22473315.35,22473315.35,22462404.265277885,new_observed,50777650919.455,41661264.41919451,1,
3554805,Tremembé,2023,ok,ok,11023758.02,11023758.02,11023758.02,new_observed,22609177.87,22609177.87,22401043.16388392,new_observed,48945614200.0975,41252955.900292896,1,
3554805,Tremembé,2024,ok,ok,11939428.32,11939428.32,11939428.32,new_observed,26490571.36,26490571.36,26753980.771477647,new_observed,55712049158.33,41497648.9977269,1,
3554805,Tremembé,2025,ok,ok,14213147.32,14213147.32,14213147.32,new_observed,27254167.63,27254167.63,27428552.215414446,new_observed,59267888460.755,41641699.53541444,1,
3554904,Três Fronteiras,2019,ok,ok,301977.67,301977.67,301977.67,new_observed,4553760.43,4553760.43,4498309.139662623,new_observed,37092224874.8675,8359270.331171471,1,
3554904,Três Fronteiras,2020,ok,ok,581972.31,581972.31,581972.31,new_observed,4275311.24,4275311.24,4332473.372628252,new_observed,37158522668.0775,8376923.630684521,1,
3554904,Três Fronteiras,2021,ok,ok,304679.21,304679.21,304679.21,new_observed,5413211.8,5413211.8,5419606.433303418,new_observed,46897671220.665,7771219.625051571,1,
3554904,Três Fronteiras,2022,ok,ok,1731236.16,1731236.16,1731236.16,new_observed,5460686.45,5460686.45,5458035.21623369,new_observed,50777650919.455,9134649.927608756,1,
3554904,Três Fronteiras,2023,ok,ok,902173.83,902173.83,902173.83,new_observed,6296432.99,6296432.99,6238469.52766234,new_observed,48945614200.0975,8812996.191444658,1,
3554904,Três Fronteiras,2024,ok,ok,716666.49,716666.49,716666.49,new_observed,7700012.81,7700012.81,7776578.008050618,new_observed,55712049158.33,9108778.143552307,1,
3554904,Três Fronteiras,2025,ok,ok,1454214.26,1454214.26,1454214.26,new_observed,8656488.19,8656488.19,8711876.346580375,new_observed,59267888460.755,10166090.606580375,1,
3554953,Tuiuti,2019,ok,ok,255637.9,255637.9,255637.9,new_observed,3729049.82,3729049.82,3683641.0578505686,new_observed,37092224874.8675,6859902.131740062,1,
3554953,Tuiuti,2020,ok,ok,248911.27,248911.27,248911.27,new_observed,3640768.17,3640768.17,3689446.2805092735,new_observed,37158522668.0775,6713131.563863809,1,
3554953,Tuiuti,2021,ok,ok,282213.09,282213.09,282213.09,new_observed,4595392.68,4595392.68,4600821.222639659,new_observed,46897671220.665,6629147.1887986865,1,
3554953,Tuiuti,2022,ok,ok,601089.88,601089.88,601089.88,new_observed,4944885.67,4944885.67,4942484.864171119,new_observed,50777650919.455,7043636.55028209,1,
3554953,Tuiuti,2023,ok,ok,519084.92,519084.92,519084.92,new_observed,4870693.62,4870693.62,4825855.174700965,new_observed,48945614200.0975,6596735.66353836,1,
3554953,Tuiuti,2024,ok,ok,548172.84,548172.84,548172.84,new_observed,5829509.58,5829509.58,5887475.39986864,new_observed,55712049158.33,6902061.048679466,1,
3554953,Tuiuti,2025,ok,ok,602207.59,602207.59,602207.59,new_observed,7783862.9,7783862.9,7833667.602281396,new_observed,59267888460.755,8435875.192281397,6,
3555000,Tupã,2019,ok,ok,13756755.09,13756755.09,13756755.09,new_observed,37096940.02,37096940.02,36645209.36282152,new_observed,37092224874.8675,87770515.13570744,1,
3555000,Tupã,2020,ok,ok,14105587.91,14105587.91,14105587.91,new_observed,37250130.32,37250130.32,37748175.20380863,new_observed,37158522668.0775,88387387.22933176,1,
3555000,Tupã,2021,ok,ok,16478399.29,16478399.29,16478399.29,new_observed,48075141.63,48075141.63,48131932.8499064,new_observed,46897671220.665,87714190.44996928,1,
3555000,Tupã,2022,ok,ok,21591510.69,21591510.69,21591510.69,new_observed,54122440.72,54122440.72,54096163.57633576,new_observed,50777650919.455,96168355.88421741,1,
3555000,Tupã,2023,ok,ok,22114210.83,22114210.83,22114210.83,new_observed,54452093.06,54452093.06,53950820.06141449,new_observed,48945614200.0975,93879611.9580484,1,
3555000,Tupã,2024,ok,ok,26203445.1,26203445.1,26203445.1,new_observed,59551030.94,59551030.94,60143177.54943396,new_observed,55712049158.33,92604449.25837757,1,
3555000,Tupã,2025,ok,ok,28281904.18,28281904.18,28281904.18,new_observed,63393163.63,63393163.63,63798781.98194554,new_observed,59267888460.755,92080686.16194554,1,
3555109,Tupi Paulista,2019,ok,ok,1388211.58,1388211.58,1388211.58,new_observed,7941012.0,7941012.0,7844314.036030782,new_observed,37092224874.8675,16077617.968266971,1,
3555109,Tupi Paulista,2020,ok,ok,1510624.83,1510624.83,1510624.83,new_observed,7532017.24,7532017.24,7632722.462207673,new_observed,37158522668.0775,15585302.380366873,1,
3555109,Tupi Paulista,2021,ok,ok,2227985.63,2227985.63,2227985.63,new_observed,9390822.72,9390822.72,9401916.10964195,new_observed,46897671220.665,15788611.237850554,1,
3555109,Tupi Paulista,2022,ok,ok,3205541.48,3205541.48,3205541.48,new_observed,10642540.8,10642540.8,10637373.709051518,new_observed,50777650919.455,17588734.32537029,1,
3555109,Tupi Paulista,2023,ok,ok,3437460.29,3437460.29,3437460.29,new_observed,10681900.19,10681900.19,10583565.161208132,new_observed,48945614200.0975,17304777.414636012,1,
3555109,Tupi Paulista,2024,ok,ok,3907500.72,3907500.72,3907500.72,new_observed,12081185.41,12081185.41,12201314.866460335,new_observed,55712049158.33,17276274.969611757,1,
3555109,Tupi Paulista,2025,ok,ok,3747065.89,3747065.89,3747065.89,new_observed,13663099.56,13663099.56,13750522.297857687,new_observed,59267888460.755,17497588.187857687,1,
3555208,Turiúba,2019,ok,ok,358685.32,358685.32,358685.32,new_observed,3838799.51,3838799.51,3792054.3222703966,new_observed,37092224874.8675,7228142.008974421,1,
3555208,Turiúba,2020,ok,ok,166940.88,166940.88,166940.88,new_observed,4119482.42,4119482.42,4174561.076788457,new_observed,37158522668.0775,7400311.791631082,1,
3555208,Turiúba,2021,ok,ok,125265.57,125265.57,125265.57,new_observed,5088714.1,5088714.1,5094725.403798501,new_observed,46897671220.665,7086595.398262654,1,
3555208,Turiúba,2022,ok,ok,279018.47,279018.47,279018.47,new_observed,5923476.26,5923476.26,5920600.33580654,new_observed,50777650919.455,7877202.64154649,1,
3555208,Turiúba,2023,ok,ok,519277.77,519277.77,519277.77,new_observed,8783596.09,8783596.09,8702736.396589376,new_observed,48945614200.0975,11381828.171041397,1,
3555208,Turiúba,2024,ok,ok,239689.88,239689.88,239689.88,new_observed,12443490.08,12443490.08,12567222.118624507,new_observed,55712049158.33,13735071.458998222,1,
3555208,Turiúba,2025,ok,ok,385936.35,385936.35,385936.35,new_observed,11374328.1,11374328.1,11447106.234963221,new_observed,59267888460.755,11833042.584963221,1,
3555307,Turmalina,2019,ok,ok,79707.37,79707.37,79707.37,new_observed,3725730.14,3725730.14,3680361.8017029734,new_observed,37092224874.8675,6547824.310601607,1,
3555307,Turmalina,2020,ok,ok,31596.93,31596.93,31596.93,new_observed,3493979.44,3493979.44,3540694.9432553058,new_observed,37158522668.0775,6089153.923209264,1,
3555307,Turmalina,2021,ok,ok,48403.3,48403.3,48403.3,new_observed,4287124.04,4287124.04,4292188.424541921,new_observed,46897671220.665,5892733.8179843975,1,
3555307,Turmalina,2022,ok,ok,182521.12,182521.12,182521.12,new_observed,4831876.37,4831876.37,4829530.431645165,new_observed,50777650919.455,6368286.012231715,1,
3555307,Turmalina,2023,ok,ok,285118.79,285118.79,285118.79,new_observed,5767120.3,5767120.3,5714029.564207732,new_observed,48945614200.0975,7404160.794672799,1,
3555307,Turmalina,2024,ok,ok,142900.98,142900.98,142900.98,new_observed,6324625.3,6324625.3,6387514.310789899,new_observed,55712049158.33,7003696.182621342,1,
3555307,Turmalina,2025,ok,ok,529962.6,529962.6,529962.6,new_observed,7248646.55,7248646.55,7295026.694152567,new_observed,59267888460.755,7824989.294152566,1,
3555356,Ubarana,2019,ok,ok,831503.13,831503.13,831503.13,new_observed,9310618.51,9310618.51,9197242.802569874,new_observed,37092224874.8675,17464164.467056066,1,
3555356,Ubarana,2020,ok,ok,1232667.07,1232667.07,1232667.07,new_observed,10459888.95,10459888.95,10599740.653390063,new_observed,37158522668.0775,20168943.206825964,1,
3555356,Ubarana,2021,ok,ok,1738356.18,1738356.18,1738356.18,new_observed,13885598.23,13885598.23,13902001.303103372,new_observed,46897671220.665,21233156.517565593,1,
3555356,Ubarana,2022,ok,ok,1740395.85,1740395.85,1740395.85,new_observed,14552325.43,14552325.43,14545260.088140212,new_observed,50777650919.455,20692467.713512275,1,
3555356,Ubarana,2023,ok,ok,1750466.84,1750466.84,1750466.84,new_observed,14468171.55,14468171.55,14334981.00893252,new_observed,48945614200.0975,19852691.631518874,1,
3555356,Ubarana,2024,ok,ok,2421815.89,2421815.89,2421815.89,new_observed,16290912.12,16290912.12,16452901.059975933,new_observed,55712049158.33,20242630.393972255,1,
3555356,Ubarana,2025,ok,ok,2505255.44,2505255.44,2505255.44,new_observed,17063784.59,17063784.59,17172966.46052072,new_observed,59267888460.755,19678221.90052072,1,
3555406,Ubatuba,2019,ok,ok,17387777.61,17387777.61,17387777.61,new_observed,35195088.32,35195088.32,34766516.573444165,new_observed,37092224874.8675,90822040.7025002,1,
3555406,Ubatuba,2020,ok,ok,17332439.84,17332439.84,17332439.84,new_observed,34729651.14,34729651.14,35193996.49713419,new_observed,37158522668.0775,89533993.08970846,1,
3555406,Ubatuba,2021,ok,ok,19787661.25,19787661.25,19787661.25,new_observed,44680324.83,44680324.83,44733105.74892976,new_observed,46897671220.665,87592597.91866498,1,
3555406,Ubatuba,2022,ok,ok,29343771.73,29343771.73,29343771.73,new_observed,48710378.11,48710378.11,48686728.59260004,new_observed,50777650919.455,99145138.19570471,1,
3555406,Ubatuba,2023,ok,ok,33182781.76,33182781.76,33182781.76,new_observed,46719707.05,46719707.05,46289616.55521984,new_observed,48945614200.0975,98084991.58909047,1,
3555406,Ubatuba,2024,ok,ok,39030992.74,39030992.74,39030992.74,new_observed,55038506.04,55038506.04,55585782.28737065,new_observed,55712049158.33,101473967.05470228,1,
3555406,Ubatuba,2025,ok,ok,45872721.69,45872721.69,45872721.69,new_observed,73446844.25,73446844.25,73916790.63245481,new_observed,59267888460.755,119789512.32245481,1,
3555505,Ubirajara,2019,ok,ok,199910.62,199910.62,199910.62,new_observed,6206535.12,6206535.12,6130957.937972388,new_observed,37092224874.8675,11024641.611138305,1,
3555505,Ubirajara,2020,ok,ok,454713.35,454713.35,454713.35,new_observed,6666971.01,6666971.01,6756110.316990508,new_observed,37158522668.0775,12291217.173532292,1,
3555505,Ubirajara,2021,ok,ok,287221.35,287221.35,287221.35,new_observed,8446020.46,8446020.46,8455997.753649376,new_observed,46897671220.665,11869686.475882309,1,
3555505,Ubirajara,2022,ok,ok,759546.63,759546.63,759546.63,new_observed,8451658.79,8451658.79,8447555.400550604,new_observed,50777650919.455,11698494.811989648,1,
3555505,Ubirajara,2023,ok,ok,683329.33,683329.33,683329.33,new_observed,8170583.83,8170583.83,8095367.38143951,new_observed,48945614200.0975,10834684.888826594,1,
3555505,Ubirajara,2024,ok,ok,717301.03,717301.03,717301.03,new_observed,9871853.97,9871853.97,9970014.904662114,new_observed,55712049158.33,11461861.226440864,4,
3555505,Ubirajara,2025,ok,ok,719478.87,719478.87,719478.87,new_observed,11654843.48,11654843.48,11729416.480207605,new_observed,59267888460.755,12448895.350207604,1,
3555604,Uchoa,2019,ok,ok,3499309.85,3499309.85,3499309.85,new_observed,7146511.69,7146511.69,7059488.382403284,new_observed,37092224874.8675,18387203.16029574,1,
3555604,Uchoa,2020,ok,ok,3088452.05,3088452.05,3088452.05,new_observed,9062169.37,9062169.37,9183333.16331195,new_observed,37158522668.0775,20917884.575967133,1,
3555604,Uchoa,2021,ok,ok,2721486.78,2721486.78,2721486.78,new_observed,11351097.68,11351097.68,11364506.744698869,new_observed,46897671220.665,19122971.1685593,1,
3555604,Uchoa,2022,ok,ok,3092902.83,3092902.83,3092902.83,new_observed,11065603.79,11065603.79,11060231.29650833,new_observed,50777650919.455,17982896.85538001,1,
3555604,Uchoa,2023,ok,ok,3756782.33,3756782.33,3756782.33,new_observed,12054186.37,12054186.37,11943218.401504453,new_observed,48945614200.0975,19376972.03487332,1,
3555604,Uchoa,2024,ok,ok,3965067.45,3965067.45,3965067.45,new_observed,11879585.79,11879585.79,11997710.637479398,new_observed,55712049158.33,17119653.647905793,1,
3555604,Uchoa,2025,ok,ok,4298073.65,4298073.65,4298073.65,new_observed,11637332.51,11637332.51,11711793.467041029,new_observed,59267888460.755,16009867.117041029,1,
3555703,União Paulista,2019,ok,ok,238253.03,238253.03,238253.03,new_observed,3031913.05,3031913.05,2994993.3451983067,new_observed,37092224874.8675,5630409.5086898515,1,
3555703,União Paulista,2020,ok,ok,207881.48,207881.48,207881.48,new_observed,2911645.01,2911645.01,2950574.5355678294,new_observed,37158522668.0775,5383749.570539149,1,
3555703,União Paulista,2021,ok,ok,322259.16,322259.16,322259.16,new_observed,3544219.6,3544219.6,3548406.3906755075,new_observed,46897671220.665,5254767.837207694,1,
3555703,União Paulista,2022,ok,ok,507467.45,507467.45,507467.45,new_observed,3790046.35,3790046.35,3788206.2335693995,new_observed,50777650919.455,5458060.107783106,1,
3555703,União Paulista,2023,ok,ok,520881.98,520881.98,520881.98,new_observed,4322756.25,4322756.25,4282961.985614163,new_observed,48945614200.0975,5928913.748062024,1,
3555703,União Paulista,2024,ok,ok,506778.48,506778.48,506778.48,new_observed,4959968.73,4959968.73,5009288.256799246,new_observed,55712049158.33,5915834.418997957,1,
3555703,União Paulista,2025,ok,ok,288052.81,288052.81,288052.81,new_observed,5626526.79,5626526.79,5662527.872657076,new_observed,59267888460.755,5950580.682657076,1,
3555802,Urânia,2019,ok,ok,889642.52,889642.52,889642.52,new_observed,6760307.58,6760307.58,6677987.092536731,new_observed,37092224874.8675,13178350.420653095,1,
3555802,Urânia,2020,ok,ok,668160.82,668160.82,668160.82,new_observed,6526679.43,6526679.43,6613942.998488113,new_observed,37158522668.0775,12412717.831803834,2,
3555802,Urânia,2021,ok,ok,890092.1,890092.1,890092.1,new_observed,8300966.59,8300966.59,8310772.531346498,new_observed,46897671220.665,12490980.402805313,2,
3555802,Urânia,2022,ok,ok,1434710.72,1434710.72,1434710.72,new_observed,9276787.35,9276787.35,9272283.349982712,new_observed,50777650919.455,13604249.650332825,3,
3555802,Urânia,2023,ok,ok,1257154.31,1257154.31,1257154.31,new_observed,8872617.46,8872617.46,8790938.257061452,new_observed,48945614200.0975,12401375.770962207,3,
3555802,Urânia,2024,ok,ok,1485434.54,1485434.54,1485434.54,new_observed,10068623.38,10068623.38,10168740.894374214,new_observed,55712049158.33,12498792.246251358,1,
3555802,Urânia,2025,ok,ok,1290810.3,1290810.3,1290810.3,new_observed,10681311.85,10681311.85,10749655.751157867,new_observed,59267888460.755,12040466.051157868,6,
3555901,Uru,2019,ok,ok,130400.2,130400.2,130400.2,new_observed,4363978.87,4363978.87,4310838.555952661,new_observed,37092224874.8675,7734020.244697263,1,
3555901,Uru,2020,ok,ok,175751.78,175751.78,175751.78,new_observed,3946951.51,3946951.51,3999723.379233992,new_observed,37158522668.0775,7117310.636754735,1,
3555901,Uru,2021,ok,ok,142200.17,142200.17,142200.17,new_observed,4681837.84,4681837.84,4687368.500406243,new_observed,46897671220.665,6556562.891983174,1,
3555901,Uru,2022,ok,ok,287793.88,287793.88,287793.88,new_observed,5093689.78,5093689.78,5091216.727854725,new_observed,50777650919.455,6834542.234986252,1,
3555901,Uru,2023,ok,ok,372277.84,372277.84,372277.84,new_observed,5583057.34,5583057.34,5531661.043974925,new_observed,48945614200.0975,7286653.077717462,1,
3555901,Uru,2024,ok,ok,281804.68,281804.68,281804.68,new_observed,5969964.97,5969964.97,6029327.410240318,new_observed,55712049158.33,6768520.80001312,1,
3555901,Uru,2025,ok,ok,137408.67,137408.67,137408.67,new_observed,7128479.56,7128479.56,7174090.820985186,new_observed,59267888460.755,7311499.490985186,1,
3556008,Urupês,2019,ok,ok,1992131.2,1992131.2,1992131.2,new_observed,11451796.63,11451796.63,11312347.726269525,new_observed,37092224874.8675,23168560.623542707,1,
3556008,Urupês,2020,ok,ok,1885869.27,1885869.27,1885869.27,new_observed,11127552.81,11127552.81,11276331.369933125,new_observed,37158522668.0775,22435643.14124237,1,
3556008,Urupês,2021,ok,ok,1911934.69,1911934.69,1911934.69,new_observed,13910482.74,13910482.74,13926915.209203556,new_observed,46897671220.665,21502627.37481154,1,
3556008,Urupês,2022,ok,ok,3291402.84,3291402.84,3291402.84,new_observed,15976119.74,15976119.74,15968363.127622208,new_observed,50777650919.455,24471356.07976847,1,
3556008,Urupês,2023,ok,ok,3119857.29,3119857.29,3119857.29,new_observed,16250319.42,16250319.42,16100722.850137018,new_observed,48945614200.0975,23722078.12208094,2,
3556008,Urupês,2024,ok,ok,2829116.77,2829116.77,2829116.77,new_observed,18488793.88,18488793.88,18672637.491701636,new_observed,55712049158.33,23060057.82736779,1,
3556008,Urupês,2025,ok,ok,3393677.37,3393677.37,3393677.37,new_observed,21157586.12,21157586.12,21292961.998434294,new_observed,59267888460.755,24686639.368434295,1,
3556107,Valentim Gentil,2019,ok,ok,878281.39,878281.39,878281.39,new_observed,7831899.02,7831899.02,7736529.728372368,new_observed,37092224874.8675,15001923.394555992,1,
3556107,Valentim Gentil,2020,ok,ok,1071754.43,1071754.43,1071754.43,new_observed,7597255.03,7597255.03,7698832.5000967765,new_observed,37158522668.0775,14949913.307498064,1,
3556107,Valentim Gentil,2021,ok,ok,1158527.01,1158527.01,1158527.01,new_observed,9535210.92,9535210.92,9546474.875588093,new_observed,46897671220.665,14532978.597393641,1,
3556107,Valentim Gentil,2022,ok,ok,2589036.42,2589036.42,2589036.42,new_observed,10761425.25,10761425.25,10756200.439116301,new_observed,50777650919.455,16956386.88950304,1,
3556107,Valentim Gentil,2023,ok,ok,2651149.02,2651149.02,2651149.02,new_observed,11178913.55,11178913.55,11076003.134601235,new_observed,48945614200.0975,16942078.409232702,1,
3556107,Valentim Gentil,2024,ok,ok,2783389.15,2783389.15,2783389.15,new_observed,13514238.46,13514238.46,13648617.501921775,new_observed,55712049158.33,17622888.76531047,1,
3556107,Valentim Gentil,2025,ok,ok,2992083.36,2992083.36,2992083.36,new_observed,15235185.02,15235185.02,15332666.677098956,new_observed,59267888460.755,18324750.037098955,1,
3556206,Valinhos,2019,ok,ok,74257890.87,74257890.87,74257890.87,new_observed,113841447.63,113841447.63,112455196.58276202,new_observed,37092224874.8675,325144149.5628037,1,
3556206,Valinhos,2020,ok,ok,73619025.81,73619025.81,73619025.81,new_observed,116156578.14,116156578.14,117709624.77275991,new_observed,37158522668.0775,326129455.4458384,1,
3556206,Valinhos,2021,ok,ok,95395033.19,95395033.19,95395033.19,new_observed,149863368.17,149863368.17,150040401.9385775,new_observed,46897671220.665,333200121.2038703,1,
3556206,Valinhos,2022,ok,ok,107915032.54,107915032.54,107915032.54,new_observed,164758159.88,164758159.88,164678167.66642967,new_observed,50777650919.455,346355468.61729175,1,
3556206,Valinhos,2023,ok,ok,126928150.86,126928150.86,126928150.86,new_observed,163391074.61,163391074.61,161886935.2958029,new_observed,48945614200.0975,356456152.03447515,1,
3556206,Valinhos,2024,ok,ok,134247220.7,134247220.7,134247220.7,new_observed,191294707.32,191294707.32,193196849.24020168,new_observed,55712049158.33,351175029.5416194,1,
3556206,Valinhos,2025,ok,ok,144298645.82,144298645.82,144298645.82,new_observed,215928390.68,215928390.68,217309998.93159428,new_observed,59267888460.755,361608644.7515943,1,
3556305,Valparaíso,2019,ok,ok,4667351.55,4667351.55,4667351.55,new_observed,34251459.35,34251459.35,33834378.20440805,new_observed,37092224874.8675,67047320.29489405,1,
3556305,Valparaíso,2020,ok,ok,4517626.28,4517626.28,4517626.28,new_observed,32246241.84,32246241.84,32677383.305345282,new_observed,37158522668.0775,63400793.26553528,2,
3556305,Valparaíso,2021,ok,ok,4370283.07,4370283.07,4370283.07,new_observed,38079266.04,38079266.04,38124249.12061566,new_observed,46897671220.665,57690053.064249925,1,
3556305,Valparaíso,2022,ok,ok,5512737.2,5512737.2,5512737.2,new_observed,44744353.47,44744353.47,44722629.50876223,new_observed,50777650919.455,63828789.43568176,1,
3556305,Valparaíso,2023,ok,ok,9280610.13,9280610.13,9280610.13,new_observed,49735972.05,49735972.05,49278114.53808401,new_observed,48945614200.0975,72273294.1033805,1,
3556305,Valparaíso,2024,ok,ok,12001268.61,12001268.61,12001268.61,new_observed,49536369.43,49536369.43,50028935.095759794,new_observed,55712049158.33,66525738.648499556,1,
3556305,Valparaíso,2025,ok,ok,10248931.15,10248931.15,10248931.15,new_observed,43050257.46,43050257.46,43325712.62711667,new_observed,59267888460.755,53574643.77711667,1,
3556354,Vargem,2019,ok,partial,,,932063.8377601694,imputed_temporal,4523244.09,4523244.09,4468164.3981372,new_observed,37092224874.8675,9404014.689918917,1,
3556354,Vargem,2020,ok,partial,,,939900.8475748071,imputed_temporal,4581749.96,4581749.96,4643009.265856527,new_observed,37158522668.0775,9516355.389277427,2,
3556354,Vargem,2021,ok,ok,1184213.93,1184213.93,1184213.93,new_observed,5791271.88,5791271.88,5798113.116109217,new_observed,46897671220.665,9479121.12539842,1,
3556354,Vargem,2022,ok,ok,1381316.62,1381316.62,1381316.62,new_observed,6298133.26,6298133.26,6295075.434996398,new_observed,50777650919.455,9753582.868115947,1,
3556354,Vargem,2023,ok,ok,1766816.01,1766816.01,1766816.01,new_observed,6479959.09,6479959.09,6420306.130100431,new_observed,48945614200.0975,10104562.379827127,1,
3556354,Vargem,2024,ok,ok,2224808.26,2224808.26,2224808.26,new_observed,8157434.66,8157434.66,8238548.2393847965,new_observed,55712049158.33,11221670.70683854,1,
3556354,Vargem,2025,ok,ok,2440137.3,2440137.3,2440137.3,new_observed,10898338.04,10898338.04,10968070.573629824,new_observed,59267888460.755,13408207.873629823,1,
3556404,Vargem Grande do Sul,2019,ok,ok,4118893.91,4118893.91,4118893.91,new_observed,21171122.47,21171122.47,20913321.016256828,new_observed,37092224874.8675,43591364.40251016,1,
3556404,Vargem Grande do Sul,2020,ok,ok,4226793.72,4226793.72,4226793.72,new_observed,21390593.65,21390593.65,21676591.997857906,new_observed,37158522668.0775,44153643.757155724,1,
3556404,Vargem Grande do Sul,2021,ok,ok,4974347.62,4974347.62,4974347.62,new_observed,27896046.57,27896046.57,27929000.20178478,new_observed,46897671220.665,44669179.39737731,2,
3556404,Vargem Grande do Sul,2022,ok,ok,6797437.32,6797437.32,6797437.32,new_observed,31584615.01,31584615.01,31569280.271670457,new_observed,50777650919.455,48748547.06833173,1,
3556404,Vargem Grande do Sul,2023,ok,ok,7633258.8,7633258.8,7633258.8,new_observed,30806653.15,30806653.15,30523054.439040095,new_observed,48945614200.0975,47092597.461038336,1,
3556404,Vargem Grande do Sul,2024,ok,ok,7926820.45,7926820.45,7926820.45,new_observed,32401428.78,32401428.78,32723612.89486821,new_observed,55712049158.33,43596505.30049521,1,
3556404,Vargem Grande do Sul,2025,ok,ok,9129529.97,9129529.97,9129529.97,new_observed,35504136.67,35504136.67,35731308.31720455,new_observed,59267888460.755,44860838.28720455,1,
3556453,Vargem Grande Paulista,2019,ok,ok,14678914.34,14678914.34,14678914.34,new_observed,35654913.41,35654913.41,35220742.35821897,new_observed,37092224874.8675,86895791.08761217,1,
3556453,Vargem Grande Paulista,2020,ok,ok,15289641.11,15289641.11,15289641.11,new_observed,37385378.31,37385378.31,37885231.4980719,new_observed,37158522668.0775,90639285.82703832,1,
3556453,Vargem Grande Paulista,2021,ok,ok,16905667.44,16905667.44,16905667.44,new_observed,51081379.35,51081379.35,51141721.84197048,new_observed,46897671220.665,92380296.85681483,1,
3556453,Vargem Grande Paulista,2022,ok,ok,20344005.36,20344005.36,20344005.36,new_observed,56705698.02,56705698.02,56678166.67156801,new_observed,50777650919.455,97863961.63849053,1,
3556453,Vargem Grande Paulista,2023,ok,ok,26517332.79,26517332.79,26517332.79,new_observed,56649275.35,56649275.35,56127775.61460689,new_observed,48945614200.0975,102000756.67268369,1,
3556453,Vargem Grande Paulista,2024,ok,ok,31839592.94,31839592.94,31839592.94,new_observed,65333616.02,65333616.02,65983261.85480147,new_observed,55712049158.33,104912402.07429484,1,
3556453,Vargem Grande Paulista,2025,ok,ok,30383371.42,30383371.42,30383371.42,new_observed,74738183.91,74738183.91,75216392.87211953,new_observed,59267888460.755,105599764.29211953,1,
3556503,Várzea Paulista,2019,ok,ok,11931974.09,11931974.09,11931974.09,new_observed,59635536.76,59635536.76,58909352.869973965,new_observed,37092224874.8675,123363837.65347305,1,
3556503,Várzea Paulista,2020,ok,ok,14171944.78,14171944.78,14171944.78,new_observed,58578216.69,58578216.69,59361424.18147616,new_observed,37158522668.0775,125341382.50314422,1,
3556503,Várzea Paulista,2021,ok,ok,15990218.81,15990218.81,15990218.81,new_observed,75717598.21,75717598.21,75807043.49554534,new_observed,46897671220.665,124622831.70467006,1,
3556503,Várzea Paulista,2022,ok,ok,20385523.22,20385523.22,20385523.22,new_observed,84856344.35,84856344.35,84815145.49936348,new_observed,50777650919.455,133667409.478867,1,
3556503,Várzea Paulista,2023,ok,ok,21866135.58,21866135.58,21866135.58,new_observed,88721940.14,88721940.14,87905187.09204465,new_observed,48945614200.0975,135479984.1110225,1,
3556503,Várzea Paulista,2024,ok,ok,24198480.85,24198480.85,24198480.85,new_observed,106541263.53,106541263.53,107600658.25362223,new_observed,55712049158.33,141351060.5848721,1,
3556503,Várzea Paulista,2025,ok,ok,26260905.52,26260905.52,26260905.52,new_observed,108013239.9,108013239.9,108704357.83524378,new_observed,59267888460.755,134965263.35524377,1,
3556602,Vera Cruz,2019,ok,ok,751969.35,751969.35,751969.35,new_observed,6379646.92,6379646.92,6301961.749897437,new_observed,37092224874.8675,12283790.385775855,1,
3556602,Vera Cruz,2020,ok,ok,962996.23,962996.23,962996.23,new_observed,6126509.87,6126509.87,6208423.057152484,new_observed,37158522668.0775,12224050.395845765,4,
3556602,Vera Cruz,2021,ok,ok,1372213.01,1372213.01,1372213.01,new_observed,7895270.47,7895270.47,7904597.162054974,new_observed,46897671220.665,12594083.132676821,1,
3556602,Vera Cruz,2022,ok,ok,1968398.25,1968398.25,1968398.25,new_observed,9220095.55,9220095.55,9215619.074583476,new_observed,50777650919.455,14210352.857468862,1,
3556602,Vera Cruz,2023,ok,ok,2264322.84,2264322.84,2264322.84,new_observed,9233849.91,9233849.91,9148845.28716991,new_observed,48945614200.0975,14086154.734101525,1,
3556602,Vera Cruz,2024,ok,ok,3064818.64,3064818.64,3064818.64,new_observed,9919715.62,9919715.62,10018352.467728974,new_observed,55712049158.33,14031351.983542826,1,
3556602,Vera Cruz,2025,ok,ok,3229412.55,3229412.55,3229412.55,new_observed,11227362.11,11227362.11,11299199.889580363,new_observed,59267888460.755,14528612.439580362,1,
3556701,Vinhedo,2019,ok,ok,40675283.15,40675283.15,40675283.15,new_observed,207640116.06,207640116.06,205111675.54620475,new_observed,37092224874.8675,428016015.10190904,1,
3556701,Vinhedo,2020,ok,ok,41435467.52,41435467.52,41435467.52,new_observed,203262432.62,203262432.62,205980109.4111207,new_observed,37158522668.0775,421732485.5822458,1,
3556701,Vinhedo,2021,ok,ok,50476402.28,50476402.28,50476402.28,new_observed,263945895.97,263945895.97,264257695.55941752,new_observed,46897671220.665,427279131.4430461,1,
3556701,Vinhedo,2022,ok,ok,64706103.22,64706103.22,64706103.22,new_observed,297367469.83,297367469.83,297223094.0845265,new_observed,50777650919.455,459865310.8139149,1,
3556701,Vinhedo,2023,ok,ok,83827209.73,83827209.73,83827209.73,new_observed,275333315.78,275333315.78,272798662.85748595,new_observed,48945614200.0975,440148359.11270875,1,
3556701,Vinhedo,2024,ok,ok,86618895.46,86618895.46,86618895.46,new_observed,300889179.32,300889179.32,303881075.59009516,new_observed,55712049158.33,418800801.29275906,1,
3556701,Vinhedo,2025,ok,ok,105273679.94,105273679.94,105273679.94,new_observed,323699524.65,323699524.65,325770701.7327596,new_observed,59267888460.755,431044381.6727596,1,
3556800,Viradouro,2019,ok,ok,1939343.44,1939343.44,1939343.44,new_observed,9825173.46,9825173.46,9705532.000041699,new_observed,37092224874.8675,20278509.52159448,1,
3556800,Viradouro,2020,ok,ok,2366046.17,2366046.17,2366046.17,new_observed,9626377.18,9626377.18,9755084.592911707,new_observed,37158522668.0775,20661086.371830575,1,
3556800,Viradouro,2021,ok,ok,2784586.21,2784586.21,2784586.21,new_observed,11814503.67,11814503.67,11828460.156725965,new_observed,46897671220.665,19838491.609820254,1,
3556800,Viradouro,2022,ok,ok,3707017.99,3707017.99,3707017.99,new_observed,13083058.8,13083058.8,13076706.806056606,new_observed,50777650919.455,21325311.352152836,1,
3556800,Viradouro,2023,ok,ok,4243616.25,4243616.25,4243616.25,new_observed,13890700.06,13890700.06,13762825.583919609,new_observed,48945614200.0975,22223586.216992423,1,
3556800,Viradouro,2024,ok,ok,5083822.64,5083822.64,5083822.64,new_observed,15805215.24,15805215.24,15962374.64543783,new_observed,55712049158.33,22571485.12355749,1,
3556800,Viradouro,2025,ok,ok,5141395.1,5141395.1,5141395.1,new_observed,17637146.25,17637146.25,17749996.749727417,new_observed,59267888460.755,22891391.849727415,1,
3556909,Vista Alegre do Alto,2019,ok,ok,586812.96,586812.96,586812.96,new_observed,14671191.82,14671191.82,14492540.235290663,new_observed,37092224874.8675,26259345.48846431,1,
3556909,Vista Alegre do Alto,2020,ok,ok,707043.52,707043.52,707043.52,new_observed,14277434.22,14277434.22,14468327.594227133,new_observed,37158522668.0775,25867195.020698868,1,
3556909,Vista Alegre do Alto,2021,ok,ok,929436.07,929436.07,929436.07,new_observed,18955748.46,18955748.46,18978140.907380965,new_observed,46897671220.665,27026281.1002158,1,
3556909,Vista Alegre do Alto,2022,ok,ok,1530939.43,1530939.43,1530939.43,new_observed,21382124.04,21382124.04,21371742.74274564,new_observed,50777650919.455,29100026.01138657,1,
3556909,Vista Alegre do Alto,2023,ok,ok,1497987.92,1497987.92,1497987.92,new_observed,21523320.46,21523320.46,21325181.8985564,new_observed,48945614200.0975,28168401.446880322,1,
3556909,Vista Alegre do Alto,2024,ok,ok,1700095.56,1700095.56,1700095.56,new_observed,24461956.81,24461956.81,24705194.66090733,new_observed,55712049158.33,28318969.32833627,1,
3556909,Vista Alegre do Alto,2025,ok,ok,1703575.71,1703575.71,1703575.71,new_observed,25817432.89,25817432.89,25982624.59176499,new_observed,59267888460.755,27686200.30176499,1,
3556958,Vitória Brasil,2019,ok,ok,89791.27,89791.27,89791.27,new_observed,2109086.43,2109086.43,2083404.015262923,new_observed,37092224874.8675,3784425.304624006,1,
3556958,Vitória Brasil,2020,ok,ok,105988.36,105988.36,105988.36,new_observed,2087962.42,2087962.42,2115879.074034022,new_observed,37158522668.0775,3787286.5048035365,1,
3556958,Vitória Brasil,2021,ok,ok,126027.81,126027.81,126027.81,new_observed,2619072.11,2619072.11,2622166.0228852592,new_observed,46897671220.665,3730914.070046102,1,
3556958,Vitória Brasil,2022,ok,ok,577785.42,577785.42,577785.42,new_observed,2927028.06,2927028.06,2925606.9500903455,new_observed,50777650919.455,4451391.689792654,2,
3556958,Vitória Brasil,2023,ok,ok,188879.34,188879.34,188879.34,new_observed,2920844.52,2920844.52,2893955.921074534,new_observed,48945614200.0975,3804841.392274154,1,
3556958,Vitória Brasil,2024,ok,ok,158886.45,158886.45,158886.45,new_observed,3362866.29,3362866.29,3396305.003657361,new_observed,55712049158.33,3812847.989558152,1,
3556958,Vitória Brasil,2025,ok,ok,230198.52,230198.52,230198.52,new_observed,3791167.14,3791167.14,3815424.755162609,new_observed,59267888460.755,4045623.275162609,1,
3557006,Votorantim,2019,ok,ok,26518506.28,26518506.28,26518506.28,new_observed,63921539.01,63921539.01,63143164.32978973,new_observed,37092224874.8675,156137783.57221982,1,
3557006,Votorantim,2020,ok,ok,25674612.27,25674612.27,25674612.27,new_observed,58987511.63,58987511.63,59776191.5117493,new_observed,37158522668.0775,145655258.73866272,1,
3557006,Votorantim,2021,ok,ok,32119166.66,32119166.66,32119166.66,new_observed,73826485.05,73826485.05,73913696.36140203,new_observed,46897671220.665,143948907.7517105,1,
3557006,Votorantim,2022,ok,ok,43165417.66,43165417.66,43165417.66,new_observed,80534825.65,80534825.65,80495724.95248108,new_observed,50777650919.455,157123189.3050184,1,
3557006,Votorantim,2023,ok,ok,52902674.31,52902674.31,52902674.31,new_observed,78807042.61,78807042.61,78081563.74704348,new_observed,48945614200.0975,161661006.3429793,1,
3557006,Votorantim,2024,ok,ok,61106086.13,61106086.13,61106086.13,new_observed,93090915.42,93090915.42,94016566.39639698,new_observed,55712049158.33,166364906.51206532,1,
3557006,Votorantim,2025,ok,ok,65202310.79,65202310.79,65202310.79,new_observed,102465725.77,102465725.77,103121348.1815949,new_observed,59267888460.755,168323658.9715949,4,
3557105,Votuporanga,2019,ok,ok,18471122.35,18471122.35,18471122.35,new_observed,48463400.46,48463400.46,47873260.04067979,new_observed,37092224874.8675,115532810.71496697,3,
3557105,Votuporanga,2020,ok,ok,18379895.58,18379895.58,18379895.58,new_observed,48454688.59,48454688.59,49102541.618740484,new_observed,37158522668.0775,115027260.31229483,2,
3557105,Votuporanga,2021,ok,ok,21413457.25,21413457.25,21413457.25,new_observed,64977150.49,64977150.49,65053908.072344095,new_observed,46897671220.665,117387029.26287335,5,
3557105,Votuporanga,2022,ok,ok,27440919.13,27440919.13,27440919.13,new_observed,74778947.01,74778947.01,74742640.86586641,new_observed,50777650919.455,129833887.20096426,1,
3557105,Votuporanga,2023,ok,ok,31949888.61,31949888.61,31949888.61,new_observed,73951580.42,73951580.42,73270799.78542596,new_observed,48945614200.0975,129863582.26321657,1,
3557105,Votuporanga,2024,ok,ok,34935928.4,34935928.4,34935928.4,new_observed,84222403.92,84222403.92,85059870.71330968,new_observed,55712049158.33,128692293.3317508,1,
3557105,Votuporanga,2025,ok,ok,40647601.47,40647601.47,40647601.47,new_observed,87464224.0,87464224.0,88023859.96642913,new_observed,59267888460.755,128671461.43642913,1,
3557154,Zacarias,2019,ok,ok,209805.44,209805.44,209805.44,new_observed,8393137.23,8393137.23,8290933.722253728,new_observed,37092224874.8675,14803277.281060899,1,
3557154,Zacarias,2020,ok,ok,196668.76,196668.76,196668.76,new_observed,8016935.99,8016935.99,8124124.714424327,new_observed,37158522668.0775,14183217.392825805,1,
3557154,Zacarias,2021,ok,ok,193182.96,193182.96,193182.96,new_observed,9820707.15,9820707.15,9832308.3626118,new_observed,46897671220.665,13610483.433545772,1,
3557154,Zacarias,2022,ok,ok,400074.68,400074.68,400074.68,new_observed,10805002.68,10805002.68,10799756.711711472,new_observed,50777650919.455,14230446.126951426,1,
3557154,Zacarias,2023,ok,ok,1064377.53,1064377.53,1064377.53,new_observed,11030965.5,11030965.5,10929417.059109297,new_observed,48945614200.0975,14802765.064770525,1,
3557154,Zacarias,2024,ok,ok,939636.22,939636.22,939636.22,new_observed,12666757.44,12666757.44,12792709.541117704,new_observed,55712049158.33,14727574.480786677,1,
3557154,Zacarias,2025,ok,ok,646141.73,646141.73,646141.73,new_observed,13777212.18,13777212.18,13865365.062406564,new_observed,59267888460.755,14511506.792406565,1,
3557204,Chavantes,2019,ok,ok,2318583.81,2318583.81,2318583.81,new_observed,14364320.82,14364320.82,14189406.01353772,new_observed,37092224874.8675,28747188.45578272,1,
3557204,Chavantes,2020,ok,ok,1698924.02,1698924.02,1698924.02,new_observed,14414459.03,14414459.03,14607184.465081392,new_observed,37158522668.0775,27794594.612373963,5,
3557204,Chavantes,2021,ok,ok,1579495.26,1579495.26,1579495.26,new_observed,15068754.68,15068754.68,15086555.417173771,new_observed,46897671220.665,22625624.95393136,1,
3557204,Chavantes,2022,ok,ok,2624788.14,2624788.14,2624788.14,new_observed,13407398.66,13407398.66,13400889.194867501,new_observed,50777650919.455,20362140.28458595,1,
3557204,Chavantes,2023,ok,ok,2579533.83,2579533.83,2579533.83,new_observed,12820628.62,12820628.62,12702604.966712378,new_observed,48945614200.0975,18861246.0063607,1,
3557204,Chavantes,2024,ok,ok,3169438.61,3169438.61,3169438.61,new_observed,14921890.69,14921890.69,15070266.743931463,new_observed,55712049158.33,19561597.397891697,1,
3557204,Chavantes,2025,ok,ok,3474165.18,3474165.18,3474165.18,new_observed,18771666.39,18771666.39,18891776.066633645,new_observed,59267888460.755,22365941.246633645,1,
3557303,Estiva Gerbi,2019,ok,ok,1516736.18,1516736.18,1516736.18,new_observed,7054956.55,7054956.55,6969048.112350453,new_observed,37092224874.8675,14777234.712096615,1,
3557303,Estiva Gerbi,2020,ok,ok,1594625.69,1594625.69,1594625.69,new_observed,6962070.93,6962070.93,7055155.807223571,new_observed,37158522668.0775,14743994.278027901,1,
3557303,Estiva Gerbi,2021,ok,ok,2484433.78,2484433.78,2484433.78,new_observed,9573932.62,9573932.62,9585242.317576682,new_observed,46897671220.665,16385643.485005256,1,
3557303,Estiva Gerbi,2022,ok,ok,3039460.67,3039460.67,3039460.67,new_observed,11351478.74,11351478.74,11345967.450529598,new_observed,50777650919.455,18278048.367212623,1,
3557303,Estiva Gerbi,2023,ok,ok,3409250.5,3409250.5,3409250.5,new_observed,11777037.33,11777037.33,11668620.729551643,new_observed,48945614200.0975,18609138.569922008,3,
3557303,Estiva Gerbi,2024,ok,ok,3674231.22,3674231.22,3674231.22,new_observed,12344295.87,12344295.87,12467041.569442803,new_observed,55712049158.33,17311084.453925487,2,
3557303,Estiva Gerbi,2025,ok,ok,3555732.99,3555732.99,3555732.99,new_observed,12831495.21,12831495.21,12913596.964227866,new_observed,59267888460.755,16469329.954227867,1,
