codigo_ibge,municipio,ano,request_status,data_status,new_iss,legacy_iss,adjusted_iss,iss_source,new_cota_raw,legacy_cota_raw,adjusted_cota,cota_source,cota_target_pr,total_real_2025,api_attempts,api_error
4200051,Abdon Batista,2019,ok,ok,2994361.91,2994361.91,2994361.91,new_observed,7312469.84,7312469.84,7377310.748223687,new_observed,6025655732.23,18065719.288944133,1,
4200051,Abdon Batista,2020,ok,ok,2366009.14,2366009.14,2366009.14,new_observed,6751904.58,6751904.58,6695635.737713681,new_observed,5997695988.4,15451578.258367607,1,
4200051,Abdon Batista,2021,ok,ok,2087236.23,2087236.23,2087236.23,new_observed,7624462.89,7624462.89,7608036.375672644,new_observed,7262695676.16,13164490.722315865,1,
4200051,Abdon Batista,2022,ok,partial,,,1768875.606863823,imputed_temporal,7971688.22,7971688.22,7861192.464444171,new_observed,8681897309.48,12232667.340676162,1,
4200051,Abdon Batista,2023,ok,ok,1082212.62,1082212.62,1082212.62,new_observed,8453197.76,8453197.76,8358055.970879564,new_observed,9173087527.72,11651029.25217166,1,
4200051,Abdon Batista,2024,ok,ok,2020183.33,2020183.33,2020183.33,new_observed,11104789.64,11104789.64,11026306.7598327,new_observed,10681113310.91,13991560.469151229,1,
4200051,Abdon Batista,2025,ok,ok,1978165.35,1978165.35,1978165.35,new_observed,12865516.17,12865516.17,12781984.85695482,new_observed,11364874541.51,14760150.20695482,1,
4200101,Abelardo Luz,2019,ok,ok,1439820.92,1439820.92,1439820.92,new_observed,19106079.14,19106079.14,19275495.978788797,new_observed,6025655732.23,36082617.7615919,1,
4200101,Abelardo Luz,2020,ok,ok,1675062.32,1675062.32,1675062.32,new_observed,19569160.88,19569160.88,19406075.929052375,new_observed,5997695988.4,35946769.248464,1,
4200101,Abelardo Luz,2021,ok,ok,2108295.51,2108295.51,2108295.51,new_observed,23848102.27,23848102.27,23796722.756548345,new_observed,7262695676.16,35174500.65631638,1,
4200101,Abelardo Luz,2022,ok,ok,3086086.46,3086086.46,3086086.46,new_observed,29697594.03,29697594.03,29285954.989438634,new_observed,8681897309.48,41120832.29914045,1,
4200101,Abelardo Luz,2023,ok,ok,3420099.81,3420099.81,3420099.81,new_observed,32395663.16,32395663.16,32031045.953554165,new_observed,9173087527.72,43753239.893324606,1,
4200101,Abelardo Luz,2024,ok,ok,3777131.14,3777131.14,3777131.14,new_observed,36883241.53,36883241.53,36622569.95322797,new_observed,10681113310.91,43326201.67488914,1,
4200101,Abelardo Luz,2025,ok,ok,5325327.59,5325327.59,5325327.59,new_observed,38342771.34,38342771.34,38093825.087591596,new_observed,11364874541.51,43419152.67759159,1,
4200200,Agrolândia,2019,ok,ok,1053819.19,1053819.19,1053819.19,new_observed,7521353.65,7521353.65,7588046.766335307,new_observed,6025655732.23,15052685.294309571,1,
4200200,Agrolândia,2020,ok,ok,1292816.26,1292816.26,1292816.26,new_observed,7609627.67,7609627.67,7546210.757905422,new_observed,5997695988.4,15071978.60190816,1,
4200200,Agrolândia,2021,ok,ok,2760895.15,2760895.15,2760895.15,new_observed,9321292.21,9321292.21,9301209.963913152,new_observed,7262695676.16,16378236.82964835,1,
4200200,Agrolândia,2022,ok,ok,3156822.73,3156822.73,3156822.73,new_observed,11475634.39,11475634.39,11316570.355204431,new_observed,8681897309.48,18384937.841680393,1,
4200200,Agrolândia,2023,ok,ok,3450354.05,3450354.05,3450354.05,new_observed,12387097.35,12387097.35,12247679.033127688,new_observed,9173087527.72,19374262.59564065,1,
4200200,Agrolândia,2024,ok,partial,,,4000958.5539639234,imputed_temporal,15825804.33,15825804.33,15713955.772301205,new_observed,10681113310.91,21143036.48266609,1,
4200200,Agrolândia,2025,ok,partial,,,4500998.5116411,imputed_temporal,18538058.68,18538058.68,18417697.525236554,new_observed,11364874541.51,22918696.036877654,1,
4200309,Agronômica,2019,ok,ok,692597.11,692597.11,692597.11,new_observed,5475463.34,5475463.34,5524015.200544986,new_observed,6025655732.23,10828299.024791488,1,
4200309,Agronômica,2020,ok,ok,908572.91,908572.91,908572.91,new_observed,5907846.45,5907846.45,5858611.796842796,new_observed,5997695988.4,11539150.507186076,1,
4200309,Agronômica,2021,ok,ok,944113.34,944113.34,944113.34,new_observed,7327541.35,7327541.35,7311754.537904955,new_observed,7262695676.16,11210029.929406505,1,
4200309,Agronômica,2022,ok,ok,1316166.68,1316166.68,1316166.68,new_observed,8829613.51,8829613.51,8707226.032074602,new_observed,8681897309.48,12732290.962416083,1,
4200309,Agronômica,2023,ok,ok,848144.09,848144.09,848144.09,new_observed,9862423.47,9862423.47,9751420.670747004,new_observed,9173087527.72,13081814.134723147,1,
4200309,Agronômica,2024,ok,ok,1830133.46,1830133.46,1830133.46,new_observed,11113928.9,11113928.9,11035381.428294215,new_observed,10681113310.91,13797475.664862307,1,
4200309,Agronômica,2025,ok,ok,2366090.75,2366090.75,2366090.75,new_observed,11685039.74,11685039.74,11609172.84903582,new_observed,11364874541.51,13975263.59903582,1,
4200408,Água Doce,2019,ok,ok,1296332.63,1296332.63,1296332.63,new_observed,17534688.41,17534688.41,17690171.461116932,new_observed,6025655732.23,33071314.96447101,1,
4200408,Água Doce,2020,ok,ok,1416212.27,1416212.27,1416212.27,new_observed,16899859.45,16899859.45,16759019.852107901,new_observed,5997695988.4,30991726.69957951,1,
4200408,Água Doce,2021,ok,ok,1763075.51,1763075.51,1763075.51,new_observed,20040001.53,20040001.53,19996826.374319915,new_observed,7262695676.16,29546154.927817933,1,
4200408,Água Doce,2022,ok,partial,,,2287669.322569346,imputed_temporal,25712849.24,25712849.24,25356442.8395165,new_observed,8681897309.48,35115144.09899761,1,
4200408,Água Doce,2023,ok,ok,2793071.63,2793071.63,2793071.63,new_observed,28636155.0,28636155.0,28313851.524134066,new_observed,9173087527.72,38391669.487457246,1,
4200408,Água Doce,2024,ok,ok,3064636.39,3064636.39,3064636.39,new_observed,34389461.28,34389461.28,34146414.44560213,new_observed,10681113310.91,39906569.83618373,1,
4200408,Água Doce,2025,ok,ok,3486300.22,3486300.22,3486300.22,new_observed,34383610.48,34383610.48,34160369.679345176,new_observed,11364874541.51,37646669.899345174,1,
4200507,Águas de Chapecó,2019,ok,ok,348114.03,348114.03,348114.03,new_observed,6457914.49,6457914.49,6515177.911241339,new_observed,6025655732.23,11954706.795554977,1,
4200507,Águas de Chapecó,2020,ok,ok,264897.65,264897.65,264897.65,new_observed,6307129.27,6307129.27,6254567.084328078,new_observed,5997695988.4,11116747.66607655,1,
4200507,Águas de Chapecó,2021,ok,ok,464773.83,464773.83,464773.83,new_observed,7607860.98,7607860.98,7591470.233636423,new_observed,7262695676.16,10938975.575622395,1,
4200507,Águas de Chapecó,2022,ok,ok,565605.96,565605.96,565605.96,new_observed,9490701.72,9490701.72,9359150.883042354,new_observed,8681897309.48,12606997.998254709,1,
4200507,Águas de Chapecó,2023,ok,ok,624848.65,624848.65,624848.65,new_observed,9878996.18,9878996.18,9767806.852840671,new_observed,9173087527.72,12826450.021593904,1,
4200507,Águas de Chapecó,2024,ok,ok,711906.67,711906.67,711906.67,new_observed,12134514.27,12134514.27,12048753.831467208,new_observed,10681113310.91,13685025.765797947,1,
4200507,Águas de Chapecó,2025,ok,ok,915603.47,915603.47,915603.47,new_observed,13905157.7,13905157.7,13814876.356800595,new_observed,11364874541.51,14730479.826800596,1,
4200556,Águas Frias,2019,ok,ok,241903.95,241903.95,241903.95,new_observed,6187593.88,6187593.88,6242460.322621597,new_observed,6025655732.23,11294678.165874843,1,
4200556,Águas Frias,2020,ok,ok,350258.21,350258.21,350258.21,new_observed,6624939.37,6624939.37,6569728.626994068,new_observed,5997695988.4,11799702.990089526,1,
4200556,Águas Frias,2021,ok,ok,432884.03,432884.03,432884.03,new_observed,8462329.48,8462329.48,8444097.825068826,new_observed,7262695676.16,12053394.476483848,5,
4200556,Águas Frias,2022,ok,ok,437599.78,437599.78,437599.78,new_observed,10202422.74,10202422.74,10061006.721454775,new_observed,8681897309.48,13335934.899109485,1,
4200556,Águas Frias,2023,ok,ok,388855.98,388855.98,388855.98,new_observed,10810488.31,10810488.31,10688814.923397608,new_observed,9173087527.72,13671885.126881873,1,
4200556,Águas Frias,2024,ok,ok,576795.28,576795.28,576795.28,new_observed,13091626.9,13091626.9,12999102.08696917,new_observed,10681113310.91,14559317.30488716,1,
4200556,Águas Frias,2025,ok,ok,678824.96,678824.96,678824.96,new_observed,14229400.53,14229400.53,14137013.991099348,new_observed,11364874541.51,14815838.951099347,1,
4200606,Águas Mornas,2019,ok,ok,1121732.93,1121732.93,1121732.93,new_observed,5168752.69,5168752.69,5214584.895278979,new_observed,6025655732.23,11036806.012794835,1,
4200606,Águas Mornas,2020,ok,ok,1021407.24,1021407.24,1021407.24,new_observed,5191748.17,5191748.17,5148481.317587221,new_observed,5997695988.4,10520663.43136362,1,
4200606,Águas Mornas,2021,ok,ok,1224022.15,1224022.15,1224022.15,new_observed,6233559.35,6233559.35,6220129.466026468,new_observed,7262695676.16,10107860.693608016,1,
4200606,Águas Mornas,2022,ok,ok,1610002.99,1610002.99,1610002.99,new_observed,7386211.9,7386211.9,7283831.445313082,new_observed,8681897309.48,11297460.955066575,1,
4200606,Águas Mornas,2023,ok,ok,2644912.02,2644912.02,2644912.02,new_observed,8097130.82,8097130.82,8005996.6084472565,new_observed,9173087527.72,13145181.9190967,1,
4200606,Águas Mornas,2024,ok,ok,1643405.66,1643405.66,1643405.66,new_observed,9664869.61,9664869.61,9596563.336038541,new_observed,10681113310.91,12054177.391512888,1,
4200606,Águas Mornas,2025,ok,ok,2384586.41,2384586.41,2384586.41,new_observed,10545305.59,10545305.59,10476838.595690874,new_observed,11364874541.51,12861425.005690875,1,
4200705,Alfredo Wagner,2019,ok,ok,705520.94,705520.94,705520.94,new_observed,7012569.61,7012569.61,7074751.252104964,new_observed,6025655732.23,13551933.043577058,1,
4200705,Alfredo Wagner,2020,ok,ok,745684.62,745684.62,745684.62,new_observed,6943946.6,6943946.6,6886077.323049995,new_observed,5997695988.4,13013395.305557529,1,
4200705,Alfredo Wagner,2021,ok,ok,148408.52,148408.52,148408.52,new_observed,3799423.78,3799423.78,3791238.11629381,new_observed,7262695676.16,5349353.618210568,2,
4200705,Alfredo Wagner,2022,ok,partial,,,855649.7841761673,imputed_temporal,76824602.81,76824602.81,75759735.20623821,new_observed,8681897309.48,97321276.52948947,2,
4200705,Alfredo Wagner,2023,ok,ok,1805205.89,1805205.89,1805205.89,new_observed,10878804.16,10878804.16,10756361.870033601,new_observed,9173087527.72,15503287.010995077,1,
4200705,Alfredo Wagner,2024,ok,ok,2188239.23,2188239.23,2188239.23,new_observed,12949284.23,12949284.23,12857765.420961542,new_observed,10681113310.91,16135917.20405458,1,
4200705,Alfredo Wagner,2025,ok,ok,2647390.5,2647390.5,2647390.5,new_observed,14089304.65,14089304.65,13997827.704826798,new_observed,11364874541.51,16645218.204826798,1,
4200754,Alto Bela Vista,2019,ok,ok,103461.42,103461.42,103461.42,new_observed,4839821.9,4839821.9,4882737.420269262,new_observed,6025655732.23,8685124.524802614,2,
4200754,Alto Bela Vista,2020,ok,ok,117940.68,117940.68,117940.68,new_observed,4943383.28,4943383.28,4902186.244282539,new_observed,5997695988.4,8560132.854937162,3,
4200754,Alto Bela Vista,2021,ok,ok,225102.1,225102.1,225102.1,new_observed,6176466.57,6176466.57,6163159.689493361,new_observed,7262695676.16,8674146.306139441,1,
4200754,Alto Bela Vista,2022,ok,ok,413864.03,413864.03,413864.03,new_observed,7619383.23,7619383.23,7513770.782092666,new_observed,8681897309.48,10070138.522034526,1,
4200754,Alto Bela Vista,2023,ok,ok,314750.41,314750.41,314750.41,new_observed,8238435.32,8238435.32,8145710.70877574,new_observed,9173087527.72,10441766.463821866,1,
4200754,Alto Bela Vista,2024,ok,ok,414270.85,414270.85,414270.85,new_observed,9595724.09,9595724.09,9527906.500627462,new_observed,10681113310.91,10662375.446461072,1,
4200754,Alto Bela Vista,2025,ok,ok,776793.02,776793.02,776793.02,new_observed,9877647.26,9877647.26,9813515.138558276,new_observed,11364874541.51,10590308.158558276,1,
4200804,Anchieta,2019,ok,ok,508754.91,508754.91,508754.91,new_observed,6275772.24,6275772.24,6331420.575070138,new_observed,6025655732.23,11914441.794729583,1,
4200804,Anchieta,2020,ok,ok,656530.84,656530.84,656530.84,new_observed,6371698.96,6371698.96,6318598.665167908,new_observed,5997695988.4,11893730.207461376,1,
4200804,Anchieta,2021,ok,ok,778781.87,778781.87,778781.87,new_observed,7664749.55,7664749.55,7648236.240129504,new_observed,7262695676.16,11442422.120516634,1,
4200804,Anchieta,2022,ok,ok,1108785.57,1108785.57,1108785.57,new_observed,9465900.73,9465900.73,9334693.660140734,new_observed,8681897309.48,13265909.062698936,1,
4200804,Anchieta,2023,ok,ok,1051668.91,1051668.91,1051668.91,new_observed,10779259.9,10779259.9,10657937.99302498,new_observed,9173087527.72,14451810.480305832,1,
4200804,Anchieta,2024,ok,ok,1309065.06,1309065.06,1309065.06,new_observed,12395314.04,12395314.04,12307710.404273914,new_observed,10681113310.91,14603156.55715846,1,
4200804,Anchieta,2025,ok,ok,2104494.79,2104494.79,2104494.79,new_observed,13359155.74,13359155.74,13272419.397253076,new_observed,11364874541.51,15376914.187253077,1,
4200903,Angelina,2019,ok,ok,621433.86,621433.86,621433.86,new_observed,5212170.96,5212170.96,5258388.162430679,new_observed,6025655732.23,10241666.665208545,1,
4200903,Angelina,2020,ok,ok,431964.46,431964.46,431964.46,new_observed,5327559.43,5327559.43,5283160.757331308,new_observed,5997695988.4,9745217.975728659,1,
4200903,Angelina,2021,ok,ok,793081.47,793081.47,793081.47,new_observed,6315147.56,6315147.56,6301541.898411724,new_observed,7262695676.16,9633262.24134589,1,
4200903,Angelina,2022,ok,ok,952895.16,952895.16,952895.16,new_observed,7377790.65,7377790.65,7275526.92245491,new_observed,8681897309.48,10452215.84396062,1,
4200903,Angelina,2023,ok,ok,1042386.07,1042386.07,1042386.07,new_observed,7896639.24,7896639.24,7807761.586044317,new_observed,9173087527.72,10922711.386223765,1,
4200903,Angelina,2024,ok,ok,1380504.04,1380504.04,1380504.04,new_observed,8969464.81,8969464.81,8906073.295647277,new_observed,10681113310.91,11031723.308054497,1,
4200903,Angelina,2025,ok,ok,1355068.32,1355068.32,1355068.32,new_observed,9205131.77,9205131.77,9145366.057272907,new_observed,11364874541.51,10500434.377272908,1,
4201000,Anita Garibaldi,2019,ok,ok,723760.29,723760.29,723760.29,new_observed,4999742.55,4999742.55,5044076.113750686,new_observed,6025655732.23,10046606.445113052,1,
4201000,Anita Garibaldi,2020,ok,ok,1119320.18,1119320.18,1119320.18,new_observed,4950108.49,4950108.49,4908855.407906831,new_observed,5997695988.4,10279019.770550165,1,
4201000,Anita Garibaldi,2021,ok,ok,1666181.66,1666181.66,1666181.66,new_observed,5862993.74,5862993.74,5850362.220631256,new_observed,7262695676.16,10206156.77402968,1,
4201000,Anita Garibaldi,2022,ok,ok,1151286.23,1151286.23,1151286.23,new_observed,7043611.88,7043611.88,6945980.212147012,new_observed,8681897309.48,10285614.392562782,1,
4201000,Anita Garibaldi,2023,ok,ok,1220308.45,1220308.45,1220308.45,new_observed,8089717.55,8089717.55,7998666.775720471,new_observed,9173087527.72,11377912.502795372,1,
4201000,Anita Garibaldi,2024,ok,ok,1800748.17,1800748.17,1800748.17,new_observed,9624186.95,9624186.95,9556168.199929869,new_observed,10681113310.91,12179596.277530678,1,
4201000,Anita Garibaldi,2025,ok,ok,1945145.62,1945145.62,1945145.62,new_observed,9878878.05,9878878.05,9814737.937467718,new_observed,11364874541.51,11759883.557467718,1,
4201109,Anitápolis,2019,ok,ok,140472.18,140472.18,140472.18,new_observed,4097116.23,4097116.23,4133446.053337939,new_observed,6025655732.23,7444450.824058971,1,
4201109,Anitápolis,2020,ok,ok,149631.43,149631.43,149631.43,new_observed,4217310.61,4217310.61,4182164.499332288,new_observed,5997695988.4,7386416.5617405865,2,
4201109,Anitápolis,2021,ok,ok,215636.77,215636.77,215636.77,new_observed,5159497.68,5159497.68,5148381.806818476,new_observed,7262695676.16,7283402.505623268,1,
4201109,Anitápolis,2022,ok,ok,732114.72,732114.72,732114.72,new_observed,6081481.52,6081481.52,5997185.963411961,new_observed,8681897309.48,8547945.46476997,1,
4201109,Anitápolis,2023,ok,ok,429764.38,429764.38,429764.38,new_observed,6729145.25,6729145.25,6653407.885689682,new_observed,9173087527.72,8741938.481014386,1,
4201109,Anitápolis,2024,ok,ok,639337.63,639337.63,639337.63,new_observed,8116298.89,8116298.89,8058937.108837448,new_observed,10681113310.91,9328366.18490816,1,
4201109,Anitápolis,2025,ok,ok,918432.42,918432.42,918432.42,new_observed,9089568.43,9089568.43,9030553.029767374,new_observed,11364874541.51,9948985.449767374,1,
4201208,Antônio Carlos,2019,ok,ok,1602629.91,1602629.91,1602629.91,new_observed,16783519.89,16783519.89,16932342.202661723,new_observed,6025655732.23,32284821.76886427,4,
4201208,Antônio Carlos,2020,ok,ok,1652672.12,1652672.12,1652672.12,new_observed,17412868.11,17412868.11,17267753.21422135,new_observed,5997695988.4,32262402.32083388,1,
4201208,Antônio Carlos,2021,ok,ok,2406746.94,2406746.94,2406746.94,new_observed,21529253.83,21529253.83,21482870.15660582,new_observed,7262695676.16,32437937.066765603,5,
4201208,Antônio Carlos,2022,ok,ok,2317202.62,2317202.62,2317202.62,new_observed,24975071.88,24975071.88,24628891.828637965,new_observed,8681897309.48,34228481.78017689,1,
4201208,Antônio Carlos,2023,ok,ok,2957243.06,2957243.06,2957243.06,new_observed,22744300.13,22744300.13,22488310.211380094,new_observed,9173087527.72,31404496.879354097,1,
4201208,Antônio Carlos,2024,ok,ok,3502378.35,3502378.35,3502378.35,new_observed,24708821.42,24708821.42,24534192.31549217,new_observed,10681113310.91,30067502.532314844,1,
4201208,Antônio Carlos,2025,ok,ok,3440086.25,3440086.25,3440086.25,new_observed,27632275.74,27632275.74,27452869.003069315,new_observed,11364874541.51,30892955.253069315,1,
4201257,Apiúna,2019,ok,ok,1135060.61,1135060.61,1135060.61,new_observed,15842529.15,15842529.15,15983007.538440948,new_observed,6025655732.23,29816812.015711438,1,
4201257,Apiúna,2020,ok,ok,1035736.18,1035736.18,1035736.18,new_observed,15363349.84,15363349.84,15235315.164910367,new_observed,5997695988.4,27744788.787754115,1,
4201257,Apiúna,2021,ok,ok,1120907.96,1120907.96,1120907.96,new_observed,16551919.78,16551919.78,16516259.517587546,new_observed,7262695676.16,23948200.02181091,1,
4201257,Apiúna,2022,ok,ok,1422214.04,1422214.04,1422214.04,new_observed,16376769.05,16376769.05,16149770.27385581,new_observed,8681897309.48,22320946.958558943,1,
4201257,Apiúna,2023,ok,ok,2431844.76,2431844.76,2431844.76,new_observed,17012117.81,17012117.81,16820644.31427392,new_observed,9173087527.72,23761115.61043851,1,
4201257,Apiúna,2024,ok,ok,2678030.7,2678030.7,2678030.7,new_observed,20855518.89,20855518.89,20708122.924571276,new_observed,10681113310.91,25080215.46990997,1,
4201257,Apiúna,2025,ok,ok,3146263.94,3146263.94,3146263.94,new_observed,23566796.3,23566796.3,23413785.304312356,new_observed,11364874541.51,26560049.244312357,1,
4201273,Arabutã,2019,ok,ok,470143.72,470143.72,470143.72,new_observed,11176458.22,11176458.22,11275561.767442308,new_observed,6025655732.23,20459054.69437416,1,
4201273,Arabutã,2020,ok,ok,605388.41,605388.41,605388.41,new_observed,11125126.29,11125126.29,11032412.00927961,new_observed,5997695988.4,19844342.430149697,1,
4201273,Arabutã,2021,ok,ok,547035.94,547035.94,547035.94,new_observed,13758905.5,13758905.5,13729262.643632911,new_observed,7262695676.16,19384725.72120189,1,
4201273,Arabutã,2022,ok,ok,720776.56,720776.56,720776.56,new_observed,17026392.88,17026392.88,16790389.652860995,new_observed,8681897309.48,22243692.30238701,1,
4201273,Arabutã,2023,ok,ok,731990.9,731990.9,731990.9,new_observed,18376537.07,18376537.07,18169706.86629283,new_observed,9173087527.72,23328174.56100228,1,
4201273,Arabutã,2024,ok,ok,806510.22,806510.22,806510.22,new_observed,22037910.13,22037910.13,21882157.637972556,new_observed,10681113310.91,24332204.76262069,1,
4201273,Arabutã,2025,ok,ok,1000351.9,1000351.9,1000351.9,new_observed,22556843.87,22556843.87,22410390.143486504,new_observed,11364874541.51,23410742.043486502,1,
4201307,Araquari,2019,ok,ok,12115563.01,12115563.01,12115563.01,new_observed,66818865.34,66818865.34,67411359.53278588,new_observed,6025655732.23,138522599.57629943,1,
4201307,Araquari,2020,ok,ok,13010457.53,13010457.53,13010457.53,new_observed,69945284.02,69945284.02,69362375.87777722,new_observed,5997695988.4,140459077.67739424,1,
4201307,Araquari,2021,ok,ok,17979289.9,17979289.9,17979289.9,new_observed,83525092.23,83525092.23,83345141.70181142,new_observed,7262695676.16,137580921.5499033,1,
4201307,Araquari,2022,ok,ok,22873420.57,22873420.57,22873420.57,new_observed,111623822.07,111623822.07,110076601.67988117,new_observed,8681897309.48,168880778.73133823,1,
4201307,Araquari,2023,ok,ok,23708884.92,23708884.92,23708884.92,new_observed,119941286.42,119941286.42,118591332.36670628,new_observed,9173087527.72,175624663.4549754,1,
4201307,Araquari,2024,ok,ok,27251363.84,27251363.84,27251363.84,new_observed,141927855.78,141927855.78,140924783.47888583,new_observed,10681113310.91,180358603.61514676,1,
4201307,Araquari,2025,ok,ok,31226792.65,31226792.65,31226792.65,new_observed,164394551.86,164394551.86,163327195.32390082,new_observed,11364874541.51,194553987.97390082,1,
4201406,Araranguá,2019,ok,ok,9018525.87,9018525.87,9018525.87,new_observed,24804937.98,24804937.98,25024887.565057762,new_observed,6025655732.23,59297933.03566857,1,
4201406,Araranguá,2020,ok,ok,10046792.74,10046792.74,10046792.74,new_observed,25171495.58,25171495.58,24961722.041568,new_observed,5997695988.4,59695211.31720839,1,
4201406,Araranguá,2021,ok,ok,13785284.91,13785284.91,13785284.91,new_observed,31900434.88,31900434.88,31831707.02884966,new_observed,7262695676.16,61939925.939532705,1,
4201406,Araranguá,2022,ok,ok,16640795.4,16640795.4,16640795.4,new_observed,36322397.65,36322397.65,35818932.05260412,new_observed,8681897309.48,66637368.49609639,1,
4201406,Araranguá,2023,ok,ok,20340198.31,20340198.31,20340198.31,new_observed,38105782.01,38105782.01,37676896.70775141,new_observed,9173087527.72,71603775.32381886,1,
4201406,Araranguá,2024,ok,ok,23320471.05,23320471.05,23320471.05,new_observed,46215988.95,46215988.95,45889358.36624622,new_observed,10681113310.91,74223297.3519599,2,
4201406,Araranguá,2025,ok,ok,26879444.8,26879444.8,26879444.8,new_observed,50458755.66,50458755.66,50131144.54364743,new_observed,11364874541.51,77010589.34364744,2,
4201505,Armazém,2019,ok,ok,351703.86,351703.86,351703.86,new_observed,6824029.98,6824029.98,6884539.809282096,new_observed,6025655732.23,12604326.336118542,1,
4201505,Armazém,2020,ok,ok,367218.55,367218.55,367218.55,new_observed,7351190.24,7351190.24,7289927.086865911,new_observed,5997695988.4,13056678.631794212,1,
4201505,Armazém,2021,ok,ok,620736.07,620736.07,620736.07,new_observed,9035285.49,9035285.49,9015819.430725465,new_observed,7262695676.16,13084763.125706963,1,
4201505,Armazém,2022,ok,ok,855315.01,855315.01,855315.01,new_observed,10797927.74,10797927.74,10648257.412819475,new_observed,8681897309.48,14612500.517726213,4,
4201505,Armazém,2023,ok,ok,966133.26,966133.26,966133.26,new_observed,12199600.57,12199600.57,12062292.552639185,new_observed,9173087527.72,16079475.789434562,1,
4201505,Armazém,2024,ok,ok,1492127.2,1492127.2,1492127.2,new_observed,14366361.89,14366361.89,14264827.91275188,new_observed,10681113310.91,16898367.9711358,1,
4201505,Armazém,2025,ok,ok,1665506.94,1665506.94,1665506.94,new_observed,15684024.2,15684024.2,15582193.296525387,new_observed,11364874541.51,17247700.236525387,1,
4201604,Arroio Trinta,2019,ok,ok,331259.26,331259.26,331259.26,new_observed,6806614.04,6806614.04,6866969.439193237,new_observed,6025655732.23,12538110.615565656,1,
4201604,Arroio Trinta,2020,ok,ok,519569.66,519569.66,519569.66,new_observed,6754627.36,6754627.36,6698335.826682345,new_observed,5997695988.4,12307702.739848765,1,
4201604,Arroio Trinta,2021,ok,ok,824311.8,824311.8,824311.8,new_observed,8313403.26,8313403.26,8295492.458973139,new_observed,7262695676.16,12383104.987305218,1,
4201604,Arroio Trinta,2022,ok,ok,667563.5,667563.5,667563.5,new_observed,9708962.5,9708962.5,9574386.345301779,new_observed,8681897309.48,13009914.82612121,1,
4201604,Arroio Trinta,2023,ok,ok,855282.99,855282.99,855282.99,new_observed,10132275.69,10132275.69,10018235.670544911,new_observed,9173087527.72,13419923.677853692,1,
4201604,Arroio Trinta,2024,ok,ok,1259875.68,1259875.68,1259875.68,new_observed,11674610.18,11674610.18,11592100.104486594,new_observed,10681113310.91,13782955.80639324,1,
4201604,Arroio Trinta,2025,ok,ok,2377531.6,2377531.6,2377531.6,new_observed,11947484.14,11947484.14,11869913.289004706,new_observed,11364874541.51,14247444.889004705,1,
4201653,Arvoredo,2019,ok,ok,328414.05,328414.05,328414.05,new_observed,7307561.78,7307561.78,7372359.167624631,new_observed,6025655732.23,13413459.124851724,1,
4201653,Arvoredo,2020,ok,ok,279703.03,279703.03,279703.03,new_observed,7318875.87,7318875.87,7257882.017500654,new_observed,5997695988.4,12852808.382173492,1,
4201653,Arvoredo,2021,ok,ok,423291.99,423291.99,423291.99,new_observed,8942868.04,8942868.04,8923601.089382485,new_observed,7262695676.16,12691452.033438955,1,
4201653,Arvoredo,2022,ok,ok,3086.84,3086.84,3086.84,new_observed,10648746.33,10648746.33,10501143.809808146,new_observed,8681897309.48,13343079.01640668,1,
4201653,Arvoredo,2023,ok,ok,12039.12,12039.12,12039.12,new_observed,11486516.64,11486516.64,11357234.47070514,new_observed,9173087527.72,14031776.522674814,1,
4201653,Arvoredo,2024,ok,ok,7892.84,7892.84,7892.84,new_observed,14240182.29,14240182.29,14139540.084568132,new_observed,10681113310.91,15172254.137656294,1,
4201653,Arvoredo,2025,ok,ok,1146679.4,56678.15,1146679.4,new_observed,14719874.12,14719874.12,14624303.107002445,new_observed,11364874541.51,15770982.507002445,1,
4201703,Ascurra,2019,ok,ok,522211.52,522211.52,522211.52,new_observed,6204140.08,6204140.08,6259153.240578611,new_observed,6025655732.23,11812003.347735122,1,
4201703,Ascurra,2020,ok,ok,701440.54,701440.54,701440.54,new_observed,6556508.25,6556508.25,6501867.79643657,new_observed,5997695988.4,12282812.224670172,1,
4201703,Ascurra,2021,ok,ok,912551.66,912551.66,912551.66,new_observed,7911886.1,7911886.1,7894840.347105261,new_observed,7262695676.16,11958903.589518204,1,
4201703,Ascurra,2022,ok,ok,1166112.97,1166112.97,1166112.97,new_observed,9318118.04,9318118.04,9188959.389439002,new_observed,8681897309.48,13153609.561603347,1,
4201703,Ascurra,2023,ok,ok,1448561.32,1448561.32,1448561.32,new_observed,9570941.82,9570941.82,9463219.682866137,new_observed,9173087527.72,13467146.451798059,1,
4201703,Ascurra,2024,ok,ok,1669448.65,1669448.65,1669448.65,new_observed,10643042.53,10643042.53,10567823.03835932,new_observed,10681113310.91,13123723.363615215,1,
4201703,Ascurra,2025,ok,ok,1972947.82,1972947.82,1972947.82,new_observed,11176052.15,11176052.15,11103489.938082863,new_observed,11364874541.51,13076437.758082863,1,
4201802,Atalanta,2019,ok,ok,177749.45,177749.45,177749.45,new_observed,4926113.88,4926113.88,4969794.565866939,new_observed,6025655732.23,8966160.838522164,1,
4201802,Atalanta,2020,ok,ok,224359.04,224359.04,224359.04,new_observed,4651005.07,4651005.07,4612244.648010045,new_observed,5997695988.4,8247195.889765692,1,
4201802,Atalanta,2021,ok,ok,307799.93,307799.93,307799.93,new_observed,5555895.41,5555895.41,5543925.518235775,new_observed,7262695676.16,7945623.450316064,1,
4201802,Atalanta,2022,ok,ok,466951.4,466951.4,466951.4,new_observed,6410026.52,6410026.52,6321176.99353667,new_observed,8681897309.48,8622671.811774032,1,
4201802,Atalanta,2023,ok,ok,2398246.51,2398246.51,2398246.51,new_observed,7555141.86,7555141.86,7470107.801407351,new_observed,9173087527.72,12179365.835425751,1,
4201802,Atalanta,2024,ok,ok,2014854.58,2014854.58,2014854.58,new_observed,8661691.37,8661691.37,8600475.03832009,new_observed,10681113310.91,11384289.96856749,1,
4201802,Atalanta,2025,ok,ok,1909301.63,1909301.63,1909301.63,new_observed,9124378.23,9124378.23,9065136.821866686,new_observed,11364874541.51,10974438.451866686,1,
4201901,Aurora,2019,ok,ok,433618.38,433618.38,433618.38,new_observed,6046217.54,6046217.54,6099830.374676878,new_observed,6025655732.23,11380175.125090078,1,
4201901,Aurora,2020,ok,ok,429269.86,429269.86,429269.86,new_observed,6432326.09,6432326.09,6378720.542409102,new_observed,5997695988.4,11608730.854566561,1,
4201901,Aurora,2021,ok,ok,769726.83,769726.83,769726.83,new_observed,7835120.05,7835120.05,7818239.685623556,new_observed,7262695676.16,11660962.00867391,2,
4201901,Aurora,2022,ok,ok,1401241.19,1401241.19,1401241.19,new_observed,9257491.76,9257491.76,9129173.451714097,new_observed,8681897309.48,13376339.431625422,1,
4201901,Aurora,2023,ok,ok,1237372.01,1237372.01,1237372.01,new_observed,11061406.9,11061406.9,10936909.393549243,new_observed,9173087527.72,15025304.353517972,1,
4201901,Aurora,2024,ok,ok,1961683.19,1961683.19,1961683.19,new_observed,13740017.93,13740017.93,13642910.62624591,new_observed,10681113310.91,16734969.825079424,1,
4201901,Aurora,2025,ok,ok,1330903.23,1330903.23,1330903.23,new_observed,15187030.74,15187030.74,15088426.641866121,new_observed,11364874541.51,16419329.871866122,1,
4201950,Balneário Arroio do Silva,2019,ok,ok,560056.43,560056.43,560056.43,new_observed,4041945.17,4041945.17,4077785.782207317,new_observed,6025655732.23,8078345.53529987,1,
4201950,Balneário Arroio do Silva,2020,ok,ok,701068.52,701068.52,701068.52,new_observed,4114221.05,4114221.05,4079934.0643575713,new_observed,5997695988.4,8152386.965345054,1,
4201950,Balneário Arroio do Silva,2021,ok,ok,973630.36,973630.36,973630.36,new_observed,4906592.87,4906592.87,4896021.867263104,new_observed,7262695676.16,7969964.892355374,2,
4201950,Balneário Arroio do Silva,2022,ok,ok,1407377.26,1407377.26,1407377.26,new_observed,5925945.96,5925945.96,5843806.285421356,new_observed,8681897309.48,9210871.146550102,2,
4201950,Balneário Arroio do Silva,2023,ok,ok,1463042.82,1463042.82,1463042.82,new_observed,8286211.13,8286211.13,8192948.796109226,new_observed,9173087527.72,11917271.176659487,5,
4201950,Balneário Arroio do Silva,2024,ok,ok,1450776.93,1450776.93,1450776.93,new_observed,9344813.21,9344813.21,9278768.928287137,new_observed,10681113310.91,11506779.880954225,1,
4201950,Balneário Arroio do Silva,2025,ok,ok,1498994.55,1498994.55,1498994.55,new_observed,9823498.46,9823498.46,9759717.907846602,new_observed,11364874541.51,11258712.457846602,1,
4202008,Balneário Camboriú,2019,ok,ok,68936385.26,68936385.26,68936385.26,new_observed,55227291.34,55227291.34,55717001.08343462,new_observed,6025655732.23,217125352.90160948,1,
4202008,Balneário Camboriú,2020,ok,ok,65608662.1,65608662.1,65608662.1,new_observed,56359267.54,56359267.54,55889582.17952046,new_observed,5997695988.4,207174266.38031542,1,
4202008,Balneário Camboriú,2021,ok,ok,87642458.1,87642458.1,87642458.1,new_observed,68010959.3,68010959.3,67864433.17567143,new_observed,7262695676.16,211151260.0746236,1,
4202008,Balneário Camboriú,2022,ok,ok,114511240.91,114511240.91,114511240.91,new_observed,78759676.42,78759676.42,77667986.7159889,new_observed,8681897309.48,244117128.13754812,1,
4202008,Balneário Camboriú,2023,ok,ok,134395387.42,134395387.42,134395387.42,new_observed,92122010.84,92122010.84,91085166.183394,new_observed,9173087527.72,278284510.7147777,1,
4202008,Balneário Camboriú,2024,ok,ok,157377163.09,157377163.09,157377163.09,new_observed,106859904.18,106859904.18,106104673.93014106,new_observed,10681113310.91,282568110.6417509,1,
4202008,Balneário Camboriú,2025,ok,ok,174551046.65,174551046.65,174551046.65,new_observed,114429425.05,114429425.05,113686474.67015286,new_observed,11364874541.51,288237521.3201529,1,
4202057,Balneário Barra do Sul,2019,ok,ok,843201.53,843201.53,843201.53,new_observed,4922703.75,4922703.75,4966354.197666824,new_observed,6025655732.23,10119274.530544372,1,
4202057,Balneário Barra do Sul,2020,ok,ok,1100020.02,1100020.02,1100020.02,new_observed,4924274.77,4924274.77,4883236.98027347,new_observed,5997695988.4,10202426.273294583,1,
4202057,Balneário Barra do Sul,2021,ok,ok,1167353.44,1167353.44,1167353.44,new_observed,5832734.43,5832734.43,5820168.1027630055,new_observed,7262695676.16,9487836.625435853,1,
4202057,Balneário Barra do Sul,2022,ok,ok,1640793.19,1640793.19,1640793.19,new_observed,6871753.51,6871753.51,6776503.975004906,new_observed,8681897309.48,10692135.856640555,1,
4202057,Balneário Barra do Sul,2023,ok,ok,1866861.95,1866861.95,1866861.95,new_observed,8507369.81,8507369.81,8411618.307738615,new_observed,9173087527.72,12685536.751197856,1,
4202057,Balneário Barra do Sul,2024,ok,ok,2270523.19,2270523.19,2270523.19,new_observed,9609557.86,9609557.86,9541642.500732815,new_observed,10681113310.91,12667823.253268648,1,
4202057,Balneário Barra do Sul,2025,ok,ok,2947699.25,2947699.25,2947699.25,new_observed,10061185.74,10061185.74,9995861.967168147,new_observed,11364874541.51,12943561.217168147,1,
4202073,Balneário Gaivota,2019,ok,ok,725100.06,725100.06,725100.06,new_observed,4103101.59,4103101.59,4139484.486538504,new_observed,6025655732.23,8473292.762996959,1,
4202073,Balneário Gaivota,2020,ok,ok,809640.63,809640.63,809640.63,new_observed,4161907.99,4161907.99,4127223.592209016,new_observed,5997695988.4,8418156.406460758,1,
4202073,Balneário Gaivota,2021,ok,ok,1207017.13,1207017.13,1207017.13,new_observed,4958621.16,4958621.16,4947938.064980219,new_observed,7262695676.16,8357356.606267947,1,
4202073,Balneário Gaivota,2022,ok,ok,1481717.68,1481717.68,1481717.68,new_observed,5960711.4,5960711.4,5878089.840850106,new_observed,8681897309.48,9348851.578962686,1,
4202073,Balneário Gaivota,2023,ok,ok,1787517.17,1787517.17,1787517.17,new_observed,9048881.47,9048881.47,8947035.186849214,new_observed,9173087527.72,13248413.677493216,1,
4202073,Balneário Gaivota,2024,ok,ok,2203735.7,2203735.7,2203735.7,new_observed,10449031.45,10449031.45,10375183.127812898,new_observed,10681113310.91,13490118.967173183,1,
4202073,Balneário Gaivota,2025,ok,ok,2344722.07,2344722.07,2344722.07,new_observed,10692433.85,10692433.85,10623011.603170767,new_observed,11364874541.51,12967733.673170768,1,
4202081,Bandeirante,2019,ok,ok,57910.09,57910.09,57910.09,new_observed,4799570.78,4799570.78,4842129.386772876,new_observed,6025655732.23,8535049.32224542,1,
4202081,Bandeirante,2020,ok,ok,72063.58,72063.58,72063.58,new_observed,4643693.17,4643693.17,4604993.683727225,new_observed,5997695988.4,7975143.288508743,1,
4202081,Bandeirante,2021,ok,ok,107423.76,107423.76,107423.76,new_observed,5517047.0,5517047.0,5505160.805143041,new_observed,7262695676.16,7620911.803223361,1,
4202081,Bandeirante,2022,ok,partial,,,159731.80923512107,imputed_temporal,6470866.18,6470866.18,6381173.3535964405,new_observed,8681897309.48,8308634.619335779,1,
4202081,Bandeirante,2023,ok,ok,218354.78,218354.78,218354.78,new_observed,7763925.37,7763925.37,7676541.427109808,new_observed,9173087527.72,9743755.250858303,1,
4202081,Bandeirante,2024,ok,ok,458476.39,458476.39,458476.39,new_observed,8790807.26,8790807.26,8728678.404332599,new_observed,10681113310.91,9852660.061002318,2,
4202081,Bandeirante,2025,ok,ok,396226.02,396226.02,396226.02,new_observed,9806133.08,9806133.08,9742465.275207357,new_observed,11364874541.51,10138691.295207357,1,
4202099,Barra Bonita,2019,ok,ok,94318.07,94318.07,94318.07,new_observed,3963650.42,3963650.42,3998796.779402146,new_observed,6025655732.23,7129521.565461001,2,
4202099,Barra Bonita,2020,ok,ok,61100.56,61100.56,61100.56,new_observed,4083392.74,4083392.74,4049362.670505125,new_observed,5997695988.4,7009008.313766242,5,
4202099,Barra Bonita,2021,ok,ok,115739.14,115739.14,115739.14,new_observed,4969324.78,4969324.78,4958618.624579791,new_observed,7262695676.16,6890093.598238493,1,
4202099,Barra Bonita,2022,ok,ok,161114.15,161114.15,161114.15,new_observed,5979563.49,5979563.49,5896680.621592786,new_observed,8681897309.48,7694959.963965959,1,
4202099,Barra Bonita,2023,ok,ok,118037.85,118037.85,118037.85,new_observed,6400856.31,6400856.31,6328813.878422459,new_observed,9173087527.72,7956601.801015616,1,
4202099,Barra Bonita,2024,ok,ok,261380.76,261380.76,261380.76,new_observed,7461595.29,7461595.29,7408860.613523773,new_observed,10681113310.91,8225863.450758933,1,
4202099,Barra Bonita,2025,ok,ok,250471.07,250471.07,250471.07,new_observed,8216568.13,8216568.13,8163220.816487272,new_observed,11364874541.51,8413691.886487272,1,
4202107,Barra Velha,2019,ok,ok,6384862.71,6384862.71,6384862.71,new_observed,17716585.04,17716585.04,17873680.999334004,new_observed,6025655732.23,42254326.32256508,1,
4202107,Barra Velha,2020,ok,ok,6866360.88,6866360.88,6866360.88,new_observed,17914220.97,17914220.97,17764927.91312993,new_observed,5997695988.4,42000353.30534011,1,
4202107,Barra Velha,2021,ok,ok,9233293.9,9233293.9,9233293.9,new_observed,23862239.18,23862239.18,23810829.209300667,new_observed,7262695676.16,44868160.98857609,1,
4202107,Barra Velha,2022,ok,ok,12569306.91,12569306.91,12569306.91,new_observed,31720168.56,31720168.56,31280494.56690504,new_observed,8681897309.48,55700544.42500048,1,
4202107,Barra Velha,2023,ok,ok,15658319.6,15658319.6,15658319.6,new_observed,39056291.38,39056291.38,38616707.976913705,new_observed,9173087527.72,66985375.24366425,1,
4202107,Barra Velha,2024,ok,ok,16102375.49,16102375.49,16102375.49,new_observed,50150725.56,50150725.56,49796286.30342452,new_observed,10681113310.91,70672273.15317483,1,
4202107,Barra Velha,2025,ok,ok,22426524.06,22426524.06,22426524.06,new_observed,51663229.92,51663229.92,51327798.57201916,new_observed,11364874541.51,73754322.63201916,1,
4202131,Bela Vista do Toldo,2019,ok,ok,234853.02,234853.02,234853.02,new_observed,6443925.76,6443925.76,6501065.140803847,new_observed,6025655732.23,11732842.97108007,1,
4202131,Bela Vista do Toldo,2020,ok,ok,196741.86,196741.86,196741.86,new_observed,6901930.72,6901930.72,6844411.593869993,new_observed,5997695988.4,12006311.777812446,1,
4202131,Bela Vista do Toldo,2021,ok,ok,200588.21,200588.21,200588.21,new_observed,8232468.52,8232468.52,8214732.088720277,new_observed,7262695676.16,11426538.531056957,1,
4202131,Bela Vista do Toldo,2022,ok,ok,276277.7,276277.7,276277.7,new_observed,9356956.12,9356956.12,9227259.133910127,new_observed,8681897309.48,12071940.072308887,1,
4202131,Bela Vista do Toldo,2023,ok,ok,547025.34,547025.34,547025.34,new_observed,11056175.18,11056175.18,10931736.557206659,new_observed,9173087527.72,14166905.248043112,1,
4202131,Bela Vista do Toldo,2024,ok,ok,503560.23,503560.23,503560.23,new_observed,13800429.92,13800429.92,13702895.65570676,new_observed,10681113310.91,15235552.643549696,1,
4202131,Bela Vista do Toldo,2025,ok,ok,640404.21,640404.21,640404.21,new_observed,14992465.86,14992465.86,14895125.00382891,new_observed,11364874541.51,15535529.21382891,1,
4202156,Belmonte,2019,ok,ok,107145.9,107145.9,107145.9,new_observed,4676547.88,4676547.88,4718015.621888253,new_observed,6025655732.23,8404624.44687074,1,
4202156,Belmonte,2020,ok,ok,158182.73,158182.73,158182.73,new_observed,4736528.23,4736528.23,4697055.077380511,new_observed,5997695988.4,8278970.0938549135,1,
4202156,Belmonte,2021,ok,ok,167295.37,167295.37,167295.37,new_observed,5575392.47,5575392.47,5563380.572819779,new_observed,7262695676.16,7781259.315773068,1,
4202156,Belmonte,2022,ok,ok,266425.22,266425.22,266425.22,new_observed,6499704.83,6499704.83,6409612.2703990275,new_observed,8681897309.48,8480287.488024129,1,
4202156,Belmonte,2023,ok,ok,377444.99,377444.99,377444.99,new_observed,7067789.78,7067789.78,6988240.929507199,new_observed,9173087527.72,9090612.336326705,1,
4202156,Belmonte,2024,ok,ok,437700.33,437700.33,437700.33,new_observed,8341424.68,8341424.68,8282471.826789086,new_observed,10681113310.91,9351849.822674256,1,
4202156,Belmonte,2025,ok,ok,398885.63,398885.63,398885.63,new_observed,9056080.42,9056080.42,8997282.445746213,new_observed,11364874541.51,9396168.075746214,1,
4202206,Benedito Novo,2019,ok,ok,703750.93,703750.93,703750.93,new_observed,8505922.94,8505922.94,8581346.398937682,new_observed,6025655732.23,16173086.776134484,1,
4202206,Benedito Novo,2020,ok,ok,872677.85,872677.85,872677.85,new_observed,8445684.77,8445684.77,8375300.347546698,new_observed,5997695988.4,15769306.8730281,1,
4202206,Benedito Novo,2021,ok,ok,1495789.76,1495789.76,1495789.76,new_observed,10325610.93,10325610.93,10303364.930730622,new_observed,7262695676.16,16021195.976110091,1,
4202206,Benedito Novo,2022,ok,ok,1455123.57,1455123.57,1455123.57,new_observed,12979626.05,12979626.05,12799715.15187573,new_observed,8681897309.48,18107317.49645991,1,
4202206,Benedito Novo,2023,ok,ok,1600070.34,1600070.34,1600070.34,new_observed,15242942.01,15242942.01,15071380.807309002,new_observed,9173087527.72,20575639.67842046,1,
4202206,Benedito Novo,2024,ok,ok,2308107.49,2308107.49,2308107.49,new_observed,18447511.58,18447511.58,18317134.158395994,new_observed,10681113310.91,22119306.704512235,1,
4202206,Benedito Novo,2025,ok,ok,2226200.31,2226200.31,2226200.31,new_observed,17544958.27,17544958.27,17431044.97011753,new_observed,11364874541.51,19657245.28011753,1,
4202305,Biguaçu,2019,ok,ok,21712171.6,21712171.6,21712171.6,new_observed,44814445.66,44814445.66,45211822.93767988,new_observed,6025655732.23,116570406.61169696,1,
4202305,Biguaçu,2020,ok,ok,27476621.89,27476621.89,27476621.89,new_observed,47457420.64,47457420.64,47061921.253764935,new_observed,5997695988.4,127100338.64637457,2,
4202305,Biguaçu,2021,ok,ok,35926188.21,35926188.21,35926188.21,new_observed,57488085.31,57488085.31,57364230.17808829,new_observed,7262695676.16,126672131.59456575,2,
4202305,Biguaçu,2022,ok,ok,47963708.76,47963708.76,47963708.76,new_observed,61672470.31,61672470.31,60817626.76672129,new_observed,8681897309.48,138180320.27598327,1,
4202305,Biguaçu,2023,ok,ok,50553896.15,50553896.15,50553896.15,new_observed,64005696.11,64005696.11,63285304.062552586,new_observed,9173087527.72,140498529.1416056,1,
4202305,Biguaçu,2024,ok,ok,50448708.14,50448708.14,50448708.14,new_observed,75656003.74,75656003.74,75121306.43658821,new_observed,10681113310.91,134666139.31893653,1,
4202305,Biguaçu,2025,ok,ok,57237100.89,57237100.89,57237100.89,new_observed,79175373.9,79175373.9,78661315.78874198,new_observed,11364874541.51,135898416.678742,3,
4202404,Blumenau,2019,ok,ok,167572553.57,167572553.57,167572553.57,new_observed,287349367.11,287349367.11,289897342.60235626,new_observed,6025655732.23,796836055.256649,1,
4202404,Blumenau,2020,ok,ok,171886587.02,171886587.02,171886587.02,new_observed,275801123.85,275801123.85,273502659.8008672,new_observed,5997695988.4,759461101.7712278,1,
4202404,Blumenau,2021,ok,ok,223518716.72,223518716.72,223518716.72,new_observed,319648263.36,319648263.36,318959597.5675959,new_observed,7262695676.16,736591019.7634037,1,
4202404,Blumenau,2022,ok,ok,268220674.05,268220674.05,268220674.05,new_observed,357148138.17,357148138.17,352197699.5322416,new_observed,8681897309.48,788091166.1140615,1,
4202404,Blumenau,2023,ok,ok,333825098.61,333825098.61,333825098.61,new_observed,336508464.01,336508464.01,332721019.5151393,new_observed,9173087527.72,822640610.8508719,1,
4202404,Blumenau,2024,ok,ok,370970308.07,370970308.07,370970308.07,new_observed,379411143.31,379411143.31,376729662.5922314,new_observed,10681113310.91,801862361.4680845,1,
4202404,Blumenau,2025,ok,ok,428369205.19,428369205.19,428369205.19,new_observed,408078331.47,408078331.47,405428821.073172,new_observed,11364874541.51,833798026.2631719,1,
4202438,Bocaina do Sul,2019,ok,ok,292608.94,292608.94,292608.94,new_observed,4273474.52,4273474.52,4311368.142156475,new_observed,6025655732.23,8019358.142104713,1,
4202438,Bocaina do Sul,2020,ok,ok,311052.47,311052.47,311052.47,new_observed,4657675.34,4657675.34,4618859.329491844,new_observed,5997695988.4,8406301.395019753,2,
4202438,Bocaina do Sul,2021,ok,ok,313060.71,313060.71,313060.71,new_observed,5276325.05,5276325.05,5264957.478240514,new_observed,7262695676.16,7573976.686848074,1,
4202438,Bocaina do Sul,2022,ok,partial,,,368540.2298651342,imputed_temporal,7746428.77,7746428.77,7639055.340912157,new_observed,8681897309.48,10171709.284988048,1,
4202438,Bocaina do Sul,2023,ok,ok,406754.22,406754.22,406754.22,new_observed,7390590.02,7390590.02,7307408.012773609,new_observed,9173087527.72,9520696.256129414,1,
4202438,Bocaina do Sul,2024,ok,ok,311042.18,311042.18,311042.18,new_observed,8451326.96,8451326.96,8391597.374608561,new_observed,10681113310.91,9333047.18212486,1,
4202438,Bocaina do Sul,2025,ok,ok,593598.6,593598.6,593598.6,new_observed,8683003.77,8683003.77,8626628.052422838,new_observed,11364874541.51,9220226.652422838,1,
4202453,Bombinhas,2019,ok,ok,7664496.76,7664496.76,7664496.76,new_observed,8612976.09,8612976.09,8689348.807345048,new_observed,6025655732.23,28485664.082363967,1,
4202453,Bombinhas,2020,ok,ok,8170047.11,8170047.11,8170047.11,new_observed,9227585.53,9227585.53,9150684.923849683,new_observed,5997695988.4,29534665.07735942,1,
4202453,Bombinhas,2021,ok,ok,9813355.64,9813355.64,9813355.64,new_observed,11818287.05,11818287.05,11792825.156571908,new_observed,7262695676.16,29337428.477743812,1,
4202453,Bombinhas,2022,ok,ok,12242401.8,12242401.8,12242401.8,new_observed,13484543.17,13484543.17,13297633.603948966,new_observed,8681897309.48,32442424.565661967,1,
4202453,Bombinhas,2023,ok,ok,15607402.15,15607402.15,15607402.15,new_observed,17201043.46,17201043.46,17007443.582653377,new_observed,9173087527.72,40252723.5351474,1,
4202453,Bombinhas,2024,ok,ok,16579585.69,16579585.69,16579585.69,new_observed,19720923.74,19720923.74,19581546.50325345,new_observed,10681113310.91,38780596.48465688,1,
4202453,Bombinhas,2025,ok,ok,21176374.14,21176374.14,21176374.14,new_observed,22304282.76,22304282.76,22159468.824759834,new_observed,11364874541.51,43335842.964759834,1,
4202503,Bom Jardim da Serra,2019,ok,ok,828838.25,828838.25,828838.25,new_observed,6497277.16,6497277.16,6554889.616701143,new_observed,6025655732.23,12861219.143858198,1,
4202503,Bom Jardim da Serra,2020,ok,ok,1616120.55,1616120.55,1616120.55,new_observed,5756648.97,5756648.97,5708674.362368529,new_observed,5997695988.4,12489966.594620211,1,
4202503,Bom Jardim da Serra,2021,ok,ok,1370550.2,1370550.2,1370550.2,new_observed,6638952.78,6638952.78,6624649.496669401,new_observed,7262695676.16,10856087.962733943,1,
4202503,Bom Jardim da Serra,2022,ok,ok,1429745.81,1429745.81,1429745.81,new_observed,8195137.54,8195137.54,8081544.548230154,new_observed,8681897309.48,12081789.0456518,1,
4202503,Bom Jardim da Serra,2023,ok,ok,1539433.63,1539433.63,1539433.63,new_observed,10071871.74,10071871.74,9958511.57449322,new_observed,9173087527.72,14190580.980592191,1,
4202503,Bom Jardim da Serra,2024,ok,ok,1448954.99,1448954.99,1448954.99,new_observed,12612840.27,12612840.27,12523699.271964874,new_observed,10681113310.91,14984814.741336467,1,
4202503,Bom Jardim da Serra,2025,ok,ok,1254917.93,1254917.93,1254917.93,new_observed,13641788.19,13641788.19,13553216.81324855,new_observed,11364874541.51,14808134.74324855,1,
4202537,Bom Jesus,2019,ok,ok,152488.13,152488.13,152488.13,new_observed,5693744.67,5693744.67,5744232.06805764,new_observed,6025655732.23,10271100.461225033,1,
4202537,Bom Jesus,2020,ok,ok,216357.37,216357.37,216357.37,new_observed,5696435.09,5696435.09,5648962.291195508,new_observed,5997695988.4,10001323.929411234,1,
4202537,Bom Jesus,2021,ok,ok,324663.57,324663.57,324663.57,new_observed,6872314.0,6872314.0,6857507.951887267,new_observed,7262695676.16,9752137.377823263,1,
4202537,Bom Jesus,2022,ok,ok,508089.44,508089.44,508089.44,new_observed,7936084.19,7936084.19,7826081.942730888,new_observed,8681897309.48,10586544.698357765,1,
4202537,Bom Jesus,2023,ok,ok,660393.66,660393.66,660393.66,new_observed,8443086.02,8443086.02,8348058.039767281,new_observed,9173087527.72,11118087.717564085,1,
4202537,Bom Jesus,2024,ok,ok,771101.27,771101.27,771101.27,new_observed,10087711.53,10087711.53,10016416.829169333,new_observed,10681113310.91,11568951.553814158,1,
4202537,Bom Jesus,2025,ok,ok,556858.36,556858.36,556858.36,new_observed,10431408.29,10431408.29,10363680.791168207,new_observed,11364874541.51,10920539.151168207,1,
4202578,Bom Jesus do Oeste,2019,ok,ok,155864.1,155864.1,155864.1,new_observed,4849739.3,4849739.3,4892742.759534283,new_observed,6025655732.23,8793828.857707579,1,
4202578,Bom Jesus do Oeste,2020,ok,ok,150922.41,150922.41,150922.41,new_observed,4944917.26,4944917.26,4903707.440440932,new_observed,5997695988.4,8618965.955425384,1,
4202578,Bom Jesus do Oeste,2021,ok,ok,222193.89,222193.89,222193.89,new_observed,6030264.17,6030264.17,6017272.275067157,new_observed,7262695676.16,8472107.776956273,2,
4202578,Bom Jesus do Oeste,2022,ok,absent_dca,,,265110.1400977422,imputed_temporal,,,7353852.358411888,imputed_temporal,8681897309.48,9678045.163879758,1,
4202578,Bom Jesus do Oeste,2023,ok,ok,297074.44,297074.44,297074.44,new_observed,8048330.4,8048330.4,7957745.443226389,new_observed,9173087527.72,10187967.323704923,2,
4202578,Bom Jesus do Oeste,2024,ok,ok,441341.67,441341.67,441341.67,new_observed,9555994.46,9555994.46,9488457.658998197,new_observed,10681113310.91,10649100.777418148,2,
4202578,Bom Jesus do Oeste,2025,ok,ok,805226.61,805226.61,805226.61,new_observed,10124510.39,10124510.39,10058775.472283423,new_observed,11364874541.51,10864002.082283422,6,
4202602,Bom Retiro,2019,ok,ok,734378.66,734378.66,734378.66,new_observed,6605465.18,6605465.18,6664036.958192953,new_observed,6025655732.23,12886802.75068621,1,
4202602,Bom Retiro,2020,ok,ok,865231.73,865231.73,865231.73,new_observed,6767094.8,6767094.8,6710699.365863433,new_observed,5997695988.4,12918194.6310469,1,
4202602,Bom Retiro,2021,ok,ok,1184334.96,1184334.96,1184334.96,new_observed,8094745.44,8094745.44,8077305.726033938,new_observed,7262695676.16,12575694.139160097,1,
4202602,Bom Retiro,2022,ok,ok,1662023.51,1662023.51,1662023.51,new_observed,9367789.93,9367789.93,9237942.776218107,new_observed,8681897309.48,13845765.223732349,1,
4202602,Bom Retiro,2023,ok,ok,1949213.27,1949213.27,1949213.27,new_observed,10520149.57,10520149.57,10401743.981922952,new_observed,9173087527.72,15243354.873769382,1,
4202602,Bom Retiro,2024,ok,ok,1902190.1,1902190.1,1902190.1,new_observed,12034306.48,12034306.48,11949254.258032255,new_observed,10681113310.91,14854824.553273939,1,
4202602,Bom Retiro,2025,ok,ok,2959320.13,2959320.13,2959320.13,new_observed,13806349.27,13806349.27,13716709.455503274,new_observed,11364874541.51,16676029.585503273,1,
4202701,Botuverá,2019,ok,ok,437118.81,437118.81,437118.81,new_observed,8911093.71,8911093.71,8990109.886759067,new_observed,6025655732.23,16420655.849882575,1,
4202701,Botuverá,2020,ok,ok,505701.7,505701.7,505701.7,new_observed,9323122.32,9323122.32,9245425.531897562,new_observed,5997695988.4,16627257.806308988,2,
4202701,Botuverá,2021,ok,ok,527146.06,527146.06,527146.06,new_observed,11051625.78,11051625.78,11027815.61896507,new_observed,7262695676.16,15689624.418652175,1,
4202701,Botuverá,2022,ok,ok,656606.29,656606.29,656606.29,new_observed,13034158.68,13034158.68,12853491.903824806,new_observed,8681897309.48,17161305.16640074,1,
4202701,Botuverá,2023,ok,ok,782716.63,782716.63,782716.63,new_observed,13879733.11,13879733.11,13723514.992538195,new_observed,9173087527.72,17903360.20060452,1,
4202701,Botuverá,2024,ok,ok,964051.84,964051.84,964051.84,new_observed,15092226.32,15092226.32,14985562.310313245,new_observed,10681113310.91,17104982.972979788,1,
4202701,Botuverá,2025,ok,ok,1140757.19,1140757.19,1140757.19,new_observed,16917651.91,16917651.91,16807811.491705805,new_observed,11364874541.51,17948568.681705806,1,
4202800,Braço do Norte,2019,ok,ok,5139328.23,5139328.23,5139328.23,new_observed,26608747.45,26608747.45,26844691.719050508,new_observed,6025655732.23,55710813.98075048,1,
4202800,Braço do Norte,2020,ok,ok,5402721.29,5402721.29,5402721.29,new_observed,27868289.36,27868289.36,27636041.353499383,new_observed,5997695988.4,56336463.570890464,1,
4202800,Braço do Norte,2021,ok,ok,7064669.26,7064669.26,7064669.26,new_observed,34653203.15,34653203.15,34578544.600769095,new_observed,7262695676.16,56544227.77104326,1,
4202800,Braço do Norte,2022,ok,ok,8842143.23,8842143.23,8842143.23,new_observed,42959629.63,42959629.63,42364165.205983,new_observed,8681897309.48,65045203.440224566,1,
4202800,Braço do Norte,2023,ok,ok,10792520.64,10792520.64,10792520.64,new_observed,45673694.19,45673694.19,45159631.09762344,new_observed,9173087527.72,69055255.19123599,1,
4202800,Braço do Norte,2024,ok,ok,11971426.46,11971426.46,11971426.46,new_observed,52218122.49,52218122.49,51849071.94669371,new_observed,10681113310.91,68443570.37641189,1,
4202800,Braço do Norte,2025,ok,ok,14516173.92,14516173.92,14516173.92,new_observed,52920675.61,52920675.61,52577080.10535565,new_observed,11364874541.51,67093254.02535565,1,
4202859,Braço do Trombudo,2019,ok,ok,341136.68,341136.68,341136.68,new_observed,5940361.52,5940361.52,5993035.711423925,new_observed,6025655732.23,11033069.025805792,1,
4202859,Braço do Trombudo,2020,ok,ok,324873.3,324873.3,324873.3,new_observed,6121933.42,6121933.42,6070914.614562834,new_observed,5997695988.4,10905858.57418015,1,
4202859,Braço do Trombudo,2021,ok,ok,519108.57,519108.57,519108.57,new_observed,6962065.23,6962065.23,6947065.817464519,new_observed,7262695676.16,10137763.77958275,1,
4202859,Braço do Trombudo,2022,ok,partial,,,643534.940617077,imputed_temporal,8537994.72,8537994.72,8419649.376895491,new_observed,8681897309.48,11512578.933235513,1,
4202859,Braço do Trombudo,2023,ok,ok,751262.86,751262.86,751262.86,new_observed,10658109.89,10658109.89,10538151.541412069,new_observed,9173087527.72,13933215.582215216,1,
4202859,Braço do Trombudo,2024,ok,ok,1126969.62,1126969.62,1126969.62,new_observed,12784911.87,12784911.87,12694554.759350337,new_observed,10681113310.91,14822737.211155005,1,
4202859,Braço do Trombudo,2025,ok,ok,1066225.21,1066225.21,1066225.21,new_observed,12299874.29,12299874.29,12220015.492563633,new_observed,11364874541.51,13286240.702563632,4,
4202875,Brunópolis,2019,ok,ok,169146.49,169146.49,169146.49,new_observed,5472196.64,5472196.64,5520719.534162967,new_observed,6025655732.23,9910795.08305977,3,
4202875,Brunópolis,2020,ok,ok,128441.3,128441.3,128441.3,new_observed,5854258.74,5854258.74,5805470.6746709775,new_observed,5997695988.4,10118284.979407283,1,
4202875,Brunópolis,2021,ok,ok,214520.05,214520.05,214520.05,new_observed,7246919.8,7246919.8,7231306.682900298,new_observed,7262695676.16,10110135.210420614,1,
4202875,Brunópolis,2022,ok,partial,,,262481.3809599201,imputed_temporal,9398579.27,9398579.27,9268305.344461301,new_observed,8681897309.48,12106554.454622332,1,
4202875,Brunópolis,2023,ok,ok,302270.21,302270.21,302270.21,new_observed,9001935.87,9001935.87,8900617.965399217,new_observed,9173087527.72,11358058.12131568,1,
4202875,Brunópolis,2024,ok,ok,522931.47,522931.47,522931.47,new_observed,10021191.6,10021191.6,9950367.027453091,new_observed,10681113310.91,11231970.302325562,1,
4202875,Brunópolis,2025,ok,ok,698477.47,698477.47,698477.47,new_observed,10381387.65,10381387.65,10313984.917752258,new_observed,11364874541.51,11012462.38775226,1,
4202909,Brusque,2019,ok,ok,31612118.8,31612118.8,31612118.8,new_observed,102138759.76,102138759.76,103044441.43699674,new_observed,6025655732.23,234549208.96751598,1,
4202909,Brusque,2020,ok,ok,31863179.69,31863179.69,31863179.69,new_observed,103291089.51,103291089.51,102430284.98346145,new_observed,5997695988.4,228992198.10442019,1,
4202909,Brusque,2021,ok,ok,45689356.04,45689356.04,45689356.04,new_observed,122628726.66,122628726.66,122364529.3565981,new_observed,7262695676.16,228187891.68013906,1,
4202909,Brusque,2022,ok,ok,48653586.63,48653586.63,48653586.63,new_observed,142606644.38,142606644.38,140629970.37028196,new_observed,8681897309.48,240438880.4626457,1,
4202909,Brusque,2023,ok,ok,58306936.65,58306936.65,58306936.65,new_observed,139968378.74,139968378.74,138393017.27896512,new_observed,9173087527.72,242763952.64233306,1,
4202909,Brusque,2024,ok,ok,62707136.04,62707136.04,62707136.04,new_observed,167767559.77,167767559.77,166581865.87428123,new_observed,10681113310.91,245898392.06601018,1,
4202909,Brusque,2025,ok,ok,76018609.55,76018609.55,76018609.55,new_observed,190761146.15,190761146.15,189522600.5055533,new_observed,11364874541.51,265541210.05555332,1,
4203006,Caçador,2019,ok,ok,13090337.59,13090337.59,13090337.59,new_observed,58030490.32,58030490.32,58545056.503429845,new_observed,6025655732.23,124776876.73826306,1,
4203006,Caçador,2020,ok,ok,13174659.0,13174659.0,13174659.0,new_observed,61033228.4,61033228.4,60524591.30918013,new_observed,5997695988.4,125669207.86490145,1,
4203006,Caçador,2021,ok,ok,18767862.87,18767862.87,18767862.87,new_observed,76238948.48,76238948.48,76074695.57490005,new_observed,7262695676.16,128779667.31931452,1,
4203006,Caçador,2022,ok,ok,20970767.2,20970767.2,20970767.2,new_observed,96591388.26,96591388.26,95252532.78404222,new_observed,8681897309.48,147633532.32946545,1,
4203006,Caçador,2023,ok,ok,22891195.92,22891195.92,22891195.92,new_observed,106631756.71,106631756.71,105431603.06418674,new_observed,9173087527.72,158373956.23782814,1,
4203006,Caçador,2024,ok,ok,27031363.61,27031363.61,27031363.61,new_observed,115455208.82,115455208.82,114639231.42535655,new_observed,10681113310.91,151933024.3988439,1,
4203006,Caçador,2025,ok,ok,29489076.9,29489076.9,29489076.9,new_observed,112946651.6,112946651.6,112213328.35143854,new_observed,11364874541.51,141702405.25143853,1,
4203105,Caibi,2019,ok,ok,763250.37,763250.37,763250.37,new_observed,9197601.2,9197601.2,9279157.88718454,new_observed,6025655732.23,17492195.766072523,1,
4203105,Caibi,2020,ok,ok,691785.33,691785.33,691785.33,new_observed,9196830.05,9196830.05,9120185.753048526,new_observed,5997695988.4,16731006.467869516,1,
4203105,Caibi,2021,ok,ok,1059926.7,1059926.7,1059926.7,new_observed,11081369.86,11081369.86,11057495.616869936,new_observed,7262695676.16,16453347.951813491,1,
4203105,Caibi,2022,ok,ok,1183982.92,1183982.92,1183982.92,new_observed,13324374.59,13324374.59,13139685.12435618,new_observed,8681897309.48,18194748.467762806,1,
4203105,Caibi,2023,ok,ok,1472374.39,1472374.39,1472374.39,new_observed,13834691.82,13834691.82,13678980.647842987,new_observed,9173087527.72,18699561.252578687,1,
4203105,Caibi,2024,ok,ok,2223654.84,2223654.84,2223654.84,new_observed,16727487.85,16727487.85,16609266.661936907,new_observed,10681113310.91,20197153.271934733,1,
4203105,Caibi,2025,ok,ok,2397394.35,2397394.35,2397394.35,new_observed,17565776.46,17565776.46,17451727.994864702,new_observed,11364874541.51,19849122.344864704,1,
4203154,Calmon,2019,ok,ok,367159.19,367159.19,367159.19,new_observed,5131664.94,5131664.94,5177168.2819200065,new_observed,6025655732.23,9657291.263841573,1,
4203154,Calmon,2020,ok,ok,298349.85,298349.85,298349.85,new_observed,5050189.12,5050189.12,5008101.988622121,new_observed,5997695988.4,9048363.400378125,1,
4203154,Calmon,2021,ok,ok,479051.79,479051.79,479051.79,new_observed,6301010.01,6301010.01,6287434.80703825,new_observed,7262695676.16,9187709.686189337,1,
4203154,Calmon,2022,ok,ok,785265.21,785265.21,785265.21,new_observed,7878862.69,7878862.69,7769653.591271327,new_observed,8681897309.48,10866950.78867021,1,
4203154,Calmon,2023,ok,ok,769885.29,769885.29,769885.29,new_observed,9427908.14,9427908.14,9321795.864672998,new_observed,9173087527.72,12454992.271118172,1,
4203154,Calmon,2024,ok,ok,584939.92,584939.92,584939.92,new_observed,10683341.26,10683341.26,10607836.957885642,new_observed,10681113310.91,12003566.739126144,1,
4203154,Calmon,2025,ok,ok,609693.54,609693.54,609693.54,new_observed,10590307.69,10590307.69,10521548.512738157,new_observed,11364874541.51,11131242.052738156,1,
4203204,Camboriú,2019,ok,ok,8704481.71,8704481.71,8704481.71,new_observed,17406220.39,17406220.39,17560564.2934313,new_observed,6025655732.23,45749317.76630703,1,
4203204,Camboriú,2020,ok,ok,9274844.23,9274844.23,9274844.23,new_observed,18859997.65,18859997.65,18702822.7046621,new_observed,5997695988.4,47706472.27532353,3,
4203204,Camboriú,2021,ok,ok,11936128.34,11936128.34,11936128.34,new_observed,25696527.09,25696527.09,25641165.24005765,new_observed,7262695676.16,51023416.547872074,1,
4203204,Camboriú,2022,ok,ok,15608784.38,15608784.38,15608784.38,new_observed,31462429.03,31462429.03,31026327.57051624,new_observed,8681897309.48,59238606.27585085,1,
4203204,Camboriú,2023,ok,ok,19808207.92,19808207.92,19808207.92,new_observed,45267410.92,45267410.92,44757920.59621291,new_observed,9173087527.72,79686488.23918495,2,
4203204,Camboriú,2024,ok,ok,26459166.07,26459166.07,26459166.07,new_observed,54300479.19,54300479.19,53916711.632085614,new_observed,10681113310.91,86198199.31540343,2,
4203204,Camboriú,2025,ok,ok,30262770.71,30262770.71,30262770.71,new_observed,62564123.29,62564123.29,62157916.24017169,new_observed,11364874541.51,92420686.9501717,1,
4203253,Capão Alto,2019,ok,ok,3078168.8,3078168.8,3078168.8,new_observed,5561814.31,5561814.31,5611131.859216982,new_observed,6025655732.23,15135308.614101231,1,
4203253,Capão Alto,2020,ok,ok,2188012.39,2188012.39,2188012.39,new_observed,6126427.99,6126427.99,6075371.727835258,new_observed,5997695988.4,14090413.837526001,1,
4203253,Capão Alto,2021,ok,ok,3128985.06,3128985.06,3128985.06,new_observed,7756917.89,7756917.89,7740206.008167204,new_observed,7262695676.16,14758467.430018015,1,
4203253,Capão Alto,2022,ok,ok,3702572.33,3702572.33,3702572.33,new_observed,8592485.72,8592485.72,8473385.075878965,new_observed,8681897309.48,15466602.665471027,1,
4203253,Capão Alto,2023,ok,ok,3356443.37,3356443.37,3356443.37,new_observed,9418314.22,9418314.22,9312309.925432399,new_observed,9173087527.72,15635573.692917198,1,
4203253,Capão Alto,2024,ok,ok,4140454.54,4140454.54,4140454.54,new_observed,11485533.73,11485533.73,11404359.948540682,new_observed,10681113310.91,16670860.162431942,1,
4203253,Capão Alto,2025,ok,ok,4647162.36,4647162.36,4647162.36,new_observed,12218363.32,12218363.32,12139033.744886447,new_observed,11364874541.51,16786196.104886446,2,
4203303,Campo Alegre,2019,ok,ok,2120886.93,2120886.93,2120886.93,new_observed,13225421.11,13225421.11,13342693.15831974,new_observed,6025655732.23,26934970.49930375,1,
4203303,Campo Alegre,2020,ok,ok,2506139.01,2506139.01,2506139.01,new_observed,14064102.19,14064102.19,13946895.150319383,new_observed,5997695988.4,28055099.084826797,3,
4203303,Campo Alegre,2021,ok,ok,2582374.84,2582374.84,2582374.84,new_observed,18573951.69,18573951.69,18533935.06352372,new_observed,7262695676.16,28672269.168773763,1,
4203303,Campo Alegre,2022,ok,ok,2716462.03,2716462.03,2716462.03,new_observed,20732606.56,20732606.56,20445231.418967582,new_observed,8681897309.48,29421317.57636225,1,
4203303,Campo Alegre,2023,ok,ok,3288385.34,3288385.34,3288385.34,new_observed,20512953.82,20512953.82,20282077.98082175,new_observed,9173087527.72,29090290.704593886,2,
4203303,Campo Alegre,2024,ok,ok,3988987.73,3988987.73,3988987.73,new_observed,23780559.34,23780559.34,23612490.70930124,new_observed,10681113310.91,29600892.804296717,3,
4203303,Campo Alegre,2025,ok,ok,4383486.19,4383486.19,4383486.19,new_observed,25087167.72,25087167.72,24924285.48250978,new_observed,11364874541.51,29307771.672509782,1,
4203402,Campo Belo do Sul,2019,ok,ok,747904.71,747904.71,747904.71,new_observed,8337912.79,8337912.79,8411846.47449004,new_observed,6025655732.23,15954754.754467078,1,
4203402,Campo Belo do Sul,2020,ok,ok,926515.68,926515.68,926515.68,new_observed,8581014.98,8581014.98,8509502.746252444,new_observed,5997695988.4,16089946.044919953,1,
4203402,Campo Belo do Sul,2021,ok,ok,827022.24,827022.24,827022.24,new_observed,9946035.91,9946035.91,9924607.685647266,new_observed,7262695676.16,14598839.884413669,1,
4203402,Campo Belo do Sul,2022,ok,partial,,,1012299.2993390048,imputed_temporal,10889142.24,10889142.24,10738207.586516565,new_observed,8681897309.48,14926170.900832733,1,
4203402,Campo Belo do Sul,2023,ok,ok,1166207.7,1166207.7,1166207.7,new_observed,11630546.5,11630546.5,11499643.256768836,new_observed,9173087527.72,15631991.672729596,1,
4203402,Campo Belo do Sul,2024,ok,ok,1312909.7,1312909.7,1312909.7,new_observed,14101040.02,14101040.02,14001381.199797085,new_observed,10681113310.91,16423637.751709735,1,
4203402,Campo Belo do Sul,2025,ok,ok,2016818.58,2016818.58,2016818.58,new_observed,16626564.08,16626564.08,16518613.593546087,new_observed,11364874541.51,18535432.173546087,1,
4203501,Campo Erê,2019,ok,ok,761825.79,761825.79,761825.79,new_observed,9618653.18,9618653.18,9703943.40638401,new_observed,6025655732.23,18229619.722411625,1,
4203501,Campo Erê,2020,ok,ok,981400.42,981400.42,981400.42,new_observed,9719753.3,9719753.3,9638751.0792163,new_observed,5997695988.4,18109085.515969135,1,
4203501,Campo Erê,2021,ok,ok,1024283.19,1024283.19,1024283.19,new_observed,11427763.21,11427763.21,11403142.680159807,new_observed,7262695676.16,16874278.75666592,1,
4203501,Campo Erê,2022,ok,ok,1424325.98,1424325.98,1424325.98,new_observed,3412329.92,3412329.92,3365031.535729251,new_observed,8681897309.48,6083717.875269977,1,
4203501,Campo Erê,2023,ok,ok,1943882.61,1943882.61,1943882.61,new_observed,15831685.14,15831685.14,15653497.560367296,new_observed,9173087527.72,21718406.542438447,1,
4203501,Campo Erê,2024,ok,ok,2527718.0,2527718.0,2527718.0,new_observed,19230292.3,19230292.3,19094382.59120852,new_observed,10681113310.91,23188376.782482497,1,
4203501,Campo Erê,2025,ok,ok,1647957.2,1647957.2,1647957.2,new_observed,20794337.78,20794337.78,20659327.391320948,new_observed,11364874541.51,22307284.591320947,2,
4203600,Campos Novos,2019,ok,ok,7759699.94,7759699.94,7759699.94,new_observed,61168918.81,61168918.81,61711313.970251545,new_observed,6025655732.23,121006888.41407028,1,
4203600,Campos Novos,2020,ok,ok,7620613.11,7620613.11,7620613.11,new_observed,58594650.75,58594650.75,58106336.2125523,new_observed,5997695988.4,112075138.10642932,1,
4203600,Campos Novos,2021,ok,ok,9273480.46,9273480.46,9273480.46,new_observed,67342016.46,67342016.46,67196931.53871799,new_observed,7262695676.16,103833493.9339183,1,
4203600,Campos Novos,2022,ok,ok,5226915.63,5226915.63,5226915.63,new_observed,76824602.81,76824602.81,75759735.20623821,new_observed,8681897309.48,102873910.27555181,1,
4203600,Campos Novos,2023,ok,ok,14296830.25,14296830.25,14296830.25,new_observed,84791920.96,84791920.96,83837577.3740417,new_observed,9173087527.72,121115924.07199913,1,
4203600,Campos Novos,2024,ok,ok,16485318.62,16485318.62,16485318.62,new_observed,107193351.91,107193351.91,106435765.02493373,new_observed,10681113310.91,131825323.35589585,1,
4203600,Campos Novos,2025,ok,ok,18708109.36,18708109.36,18708109.36,new_observed,109593903.29,109593903.29,108882348.26783101,new_observed,11364874541.51,127590457.62783101,2,
4203709,Canelinha,2019,ok,ok,795841.54,795841.54,795841.54,new_observed,5541691.57,5541691.57,5590830.687474206,new_observed,6025655732.23,11124514.960521823,1,
4203709,Canelinha,2020,ok,ok,789353.28,789353.28,789353.28,new_observed,5551483.68,5551483.68,5505218.8733896855,new_observed,5997695988.4,10733269.24014064,2,
4203709,Canelinha,2021,ok,ok,970274.15,970274.15,970274.15,new_observed,6798669.29,6798669.29,6784021.90563859,new_observed,7262695676.16,10528982.797535527,2,
4203709,Canelinha,2022,ok,partial,,,1325600.6829483493,imputed_temporal,12730666.01,12730666.01,12554205.952772139,new_observed,8681897309.48,17630930.131589103,1,
4203709,Canelinha,2023,ok,ok,1694875.66,1694875.66,1694875.66,new_observed,10748744.98,10748744.98,10627766.522233916,new_observed,9173087527.72,15208408.86539596,1,
4203709,Canelinha,2024,ok,ok,2365667.91,2365667.91,2365667.91,new_observed,12700292.67,12700292.67,12610533.60386525,new_observed,10681113310.91,16061057.620603828,1,
4203709,Canelinha,2025,ok,ok,2536689.63,2536689.63,2536689.63,new_observed,14385465.46,14385465.46,14292065.645895235,new_observed,11364874541.51,16828755.275895234,1,
4203808,Canoinhas,2019,ok,ok,7587702.87,7587702.87,7587702.87,new_observed,31728604.88,31728604.88,32009947.791780088,new_observed,6025655732.23,68972485.43514182,1,
4203808,Canoinhas,2020,ok,ok,8307812.26,8307812.26,8307812.26,new_observed,33126558.45,33126558.45,32850489.220817912,new_observed,5997695988.4,70181597.81083839,5,
4203808,Canoinhas,2021,ok,ok,9700609.43,9700609.43,9700609.43,new_observed,39145510.53,39145510.53,39061173.53487658,new_observed,7262695676.16,66210004.14873447,1,
4203808,Canoinhas,2022,ok,ok,11025641.84,11025641.84,11025641.84,new_observed,44676322.27,44676322.27,44057062.729430646,new_observed,8681897309.48,69969225.16364607,1,
4203808,Canoinhas,2023,ok,ok,13177049.25,13177049.25,13177049.25,new_observed,48465796.29,48465796.29,47920307.742222644,new_observed,9173087527.72,75405385.63007528,1,
4203808,Canoinhas,2024,ok,ok,16311740.33,16311740.33,16311740.33,new_observed,55502044.43,55502044.43,55109784.83362283,new_observed,10681113310.91,76595205.39586362,1,
4203808,Canoinhas,2025,ok,ok,17432994.64,17432994.64,17432994.64,new_observed,61336083.77,61336083.77,60937849.95282102,new_observed,11364874541.51,78370844.59282102,1,
4203907,Capinzal,2019,ok,ok,4609415.23,4609415.23,4609415.23,new_observed,27360619.2,27360619.2,27603230.443165198,new_observed,6025655732.23,56109041.75848628,1,
4203907,Capinzal,2020,ok,ok,4674298.53,4674298.53,4674298.53,new_observed,24214065.56,24214065.56,24012271.02632988,new_observed,5997695988.4,48915266.537742846,1,
4203907,Capinzal,2021,ok,ok,5798404.99,5798404.99,5798404.99,new_observed,30168458.84,30168458.84,30103462.442415137,new_observed,7262695676.16,48748479.795329355,1,
4203907,Capinzal,2022,ok,partial,,,7235975.668554746,imputed_temporal,38079203.58,38079203.58,37551386.85480746,new_observed,8681897309.48,56891488.48769691,1,
4203907,Capinzal,2023,ok,ok,8504587.07,8504587.07,8504587.07,new_observed,41501477.79,41501477.79,41034373.51062696,new_observed,9173087527.72,61140196.73176341,1,
4203907,Capinzal,2024,ok,ok,12786624.88,12786624.88,12786624.88,new_observed,45314811.71,45314811.71,44994550.178486675,new_observed,10681113310.91,61966766.482232936,1,
4203907,Capinzal,2025,ok,ok,15084413.14,15084413.14,15084413.14,new_observed,44070303.42,44070303.42,43784170.29775839,new_observed,11364874541.51,58868583.43775839,1,
4203956,Capivari de Baixo,2019,ok,ok,6882158.21,6882158.21,6882158.21,new_observed,23225240.1,23225240.1,23431182.236480277,new_observed,6025655732.23,52800769.679333456,1,
4203956,Capivari de Baixo,2020,ok,ok,6067579.66,6067579.66,6067579.66,new_observed,22516540.87,22516540.87,22328893.122311078,new_observed,5997695988.4,48420604.358111896,1,
4203956,Capivari de Baixo,2021,ok,ok,8391575.63,8391575.63,8391575.63,new_observed,24282775.67,24282775.67,24230459.674997337,new_observed,7262695676.16,44295039.30239445,1,
4203956,Capivari de Baixo,2022,ok,ok,10311257.06,10311257.06,10311257.06,new_observed,24738355.8,24738355.8,24395456.875720453,new_observed,8681897309.48,44086467.81309958,1,
4203956,Capivari de Baixo,2023,ok,ok,9583789.64,9583789.64,9583789.64,new_observed,26150892.86,26150892.86,25856561.317731995,new_observed,9173087527.72,43739917.115779154,1,
4203956,Capivari de Baixo,2024,ok,ok,9916838.69,9916838.69,9916838.69,new_observed,36370612.16,36370612.16,36113563.581116274,new_observed,10681113310.91,49364783.35254215,1,
4203956,Capivari de Baixo,2025,ok,ok,13296326.37,13296326.37,13296326.37,new_observed,39361091.77,39361091.77,39105533.917909585,new_observed,11364874541.51,52401860.28790958,1,
4204004,Catanduvas,2019,ok,ok,1504540.91,1504540.91,1504540.91,new_observed,13888398.71,13888398.71,14011549.492954763,new_observed,6025655732.23,27026434.68596204,2,
4204004,Catanduvas,2020,ok,ok,1554665.88,1554665.88,1554665.88,new_observed,13556748.43,13556748.43,13443769.561551154,new_observed,5997695988.4,25574771.700463507,1,
4204004,Catanduvas,2021,ok,ok,1897707.74,1897707.74,1897707.74,new_observed,15711484.57,15711484.57,15677634.982151441,new_observed,7262695676.16,23864252.777370162,1,
4204004,Catanduvas,2022,ok,ok,2213306.56,2213306.56,2213306.56,new_observed,16311643.64,16311643.64,16085547.568676325,new_observed,8681897309.48,23244258.878977235,1,
4204004,Catanduvas,2023,ok,ok,2932490.28,2932490.28,2932490.28,new_observed,17060523.69,17060523.69,16868505.38009142,new_observed,9173087527.72,24438073.70912467,5,
4204004,Catanduvas,2024,ok,ok,2981287.96,2981287.96,2981287.96,new_observed,21677020.38,21677020.38,21523818.469111063,new_observed,10681113310.91,26280223.726463635,1,
4204004,Catanduvas,2025,ok,ok,3646114.25,3646114.25,3646114.25,new_observed,22859485.15,22859485.15,22711066.479121577,new_observed,11364874541.51,26357180.729121577,1,
4204103,Caxambu do Sul,2019,ok,ok,497491.5,497491.5,497491.5,new_observed,7187639.62,7187639.62,7251373.637526608,new_observed,6025655732.23,13497227.206784645,1,
4204103,Caxambu do Sul,2020,ok,ok,443191.18,443191.18,443191.18,new_observed,6909817.92,6909817.92,6852233.06373302,new_observed,5997695988.4,12439884.82789392,2,
4204103,Caxambu do Sul,2021,ok,ok,705922.85,705922.85,705922.85,new_observed,8482264.97,8482264.97,8463990.36507788,new_observed,7262695676.16,12451144.217822555,1,
4204103,Caxambu do Sul,2022,ok,ok,1032627.95,1032627.95,1032627.95,new_observed,10479569.88,10479569.88,10334312.318510635,new_observed,8681897309.48,14438942.482692203,1,
4204103,Caxambu do Sul,2023,ok,ok,1129710.98,1129710.98,1129710.98,new_observed,10846662.63,10846662.63,10724582.096939815,new_observed,9173087527.72,14630379.853458539,1,
4204103,Caxambu do Sul,2024,ok,ok,1246192.37,1246192.37,1246192.37,new_observed,13165107.66,13165107.66,13072063.523157675,new_observed,10681113310.91,15355451.29475245,1,
4204103,Caxambu do Sul,2025,ok,ok,1252674.2,1252674.2,1252674.2,new_observed,14001273.72,14001273.72,13910368.328977782,new_observed,11364874541.51,15163042.528977782,1,
4204152,Celso Ramos,2019,ok,ok,164460.98,164460.98,164460.98,new_observed,4099577.23,4099577.23,4135928.8754416374,new_observed,6025655732.23,7490559.962845688,1,
4204152,Celso Ramos,2020,ok,ok,309166.26,309166.26,309166.26,new_observed,3963089.65,3963089.65,3930062.1591875637,new_observed,5997695988.4,7228573.902214039,1,
4204152,Celso Ramos,2021,ok,ok,1191161.19,1191161.19,1191161.19,new_observed,4745804.62,4745804.62,4735580.027302789,new_observed,7262695676.16,8047481.792631501,1,
4204152,Celso Ramos,2022,ok,partial,,,958476.1908568549,imputed_temporal,6514030.67,6514030.67,6423739.539598077,new_observed,8681897309.48,9377315.777945107,1,
4204152,Celso Ramos,2023,ok,ok,496843.72,496843.72,496843.72,new_observed,6613840.83,6613840.83,6539401.231236374,new_observed,9173087527.72,8684021.536368385,1,
4204152,Celso Ramos,2024,ok,ok,398273.62,398273.62,398273.62,new_observed,7997914.54,7997914.54,7941389.437879189,new_observed,10681113310.91,8943777.151036,1,
4204152,Celso Ramos,2025,ok,ok,339440.06,339440.06,339440.06,new_observed,8209947.71,8209947.71,8156643.380567211,new_observed,11364874541.51,8496083.44056721,1,
4204178,Cerro Negro,2019,ok,ok,791952.66,791952.66,791952.66,new_observed,4040538.32,4040538.32,4076366.457430158,new_observed,6025655732.23,8479797.760948258,1,
4204178,Cerro Negro,2020,ok,ok,232117.96,232117.96,232117.96,new_observed,4114783.73,4114783.73,4080492.0551099963,new_observed,5997695988.4,7353701.457687771,1,
4204178,Cerro Negro,2021,ok,ok,179458.9,179458.9,179458.9,new_observed,4984456.46,4984456.46,4973717.704151157,new_observed,7262695676.16,6997115.847584412,1,
4204178,Cerro Negro,2022,ok,ok,156759.11,156759.11,156759.11,new_observed,6284366.1,6284366.1,6197258.35553669,new_observed,8681897309.48,8071239.097918387,1,
4204178,Cerro Negro,2023,ok,ok,479888.44,479888.44,479888.44,new_observed,7180768.38,7180768.38,7099947.941353045,new_observed,9173087527.72,9354913.42811371,1,
4204178,Cerro Negro,2024,ok,ok,294162.62,294162.62,294162.62,new_observed,8157112.6,8157112.6,8099462.368752847,new_observed,10681113310.91,9001648.012367459,1,
4204178,Cerro Negro,2025,ok,ok,429190.26,429190.26,429190.26,new_observed,9145028.15,9145028.15,9085652.669132324,new_observed,11364874541.51,9514842.929132324,1,
4204194,Chapadão do Lageado,2019,ok,ok,166048.67,166048.67,166048.67,new_observed,4696921.12,4696921.12,4738569.514856944,new_observed,6025655732.23,8543024.666018656,1,
4204194,Chapadão do Lageado,2020,ok,ok,244757.98,244757.98,244757.98,new_observed,4597540.15,4597540.15,4559225.292534201,new_observed,5997695988.4,8191572.7761536045,1,
4204194,Chapadão do Lageado,2021,ok,ok,323961.11,323961.11,323961.11,new_observed,5464870.08,5464870.08,5453096.29764164,new_observed,7262695676.16,7844237.262672422,1,
4204194,Chapadão do Lageado,2022,ok,ok,142363.34,142363.34,142363.34,new_observed,6525684.24,6525684.24,6435231.579193659,new_observed,8681897309.48,8355240.061900116,1,
4204194,Chapadão do Lageado,2023,ok,ok,202246.43,202246.43,202246.43,new_observed,7248773.56,7248773.56,7167187.7146184165,new_observed,9173087527.72,9095238.336105643,1,
4204194,Chapadão do Lageado,2024,ok,ok,200407.07,200407.07,200407.07,new_observed,8240637.79,8240637.79,8182397.2461318765,new_observed,10681113310.91,8990043.504622407,1,
4204194,Chapadão do Lageado,2025,ok,ok,245792.94,245792.94,245792.94,new_observed,8893792.89,8893792.89,8836048.592123643,new_observed,11364874541.51,9081841.532123642,2,
4204202,Chapecó,2019,ok,ok,83740624.2,83740624.2,83740624.2,new_observed,143932976.6,143932976.6,145209254.67434245,new_observed,6025655732.23,398792401.1178743,1,
4204202,Chapecó,2020,ok,ok,81707636.32,81707636.32,81707636.32,new_observed,129006388.43,129006388.43,127931278.43126015,new_observed,5997695988.4,357468444.30474293,1,
4204202,Chapecó,2021,ok,ok,116310522.8,116310522.8,116310522.8,new_observed,171775572.68,171775572.68,171405491.0170125,new_observed,7262695676.16,390668210.0243001,2,
4204202,Chapecó,2022,ok,ok,141790883.45,141790883.45,141790883.45,new_observed,219213514.03,219213514.03,216174990.42090768,new_observed,8681897309.48,454708878.6863059,5,
4204202,Chapecó,2023,ok,ok,166123746.1,166123746.1,166123746.1,new_observed,236315747.22,236315747.22,233655984.17810902,new_observed,9173087527.72,493401780.5802246,1,
4204202,Chapecó,2024,ok,ok,203264064.36,203264064.36,203264064.36,new_observed,272358658.7,272358658.7,270433769.2904534,new_observed,10681113310.91,508011874.304137,1,
4204202,Chapecó,2025,ok,ok,232226626.33,232226626.33,232226626.33,new_observed,278850632.84,278850632.84,277040152.85638934,new_observed,11364874541.51,509266779.1863893,1,
4204251,Cocal do Sul,2019,ok,ok,3140903.7,3140903.7,3140903.7,new_observed,20197803.42,20197803.42,20376900.762831062,new_observed,6025655732.23,40964082.43089968,1,
4204251,Cocal do Sul,2020,ok,ok,3197337.04,3197337.04,3197337.04,new_observed,21246180.19,21246180.19,21069119.340260055,new_observed,5997695988.4,41378254.70682714,1,
4204251,Cocal do Sul,2021,ok,ok,3871362.1,3871362.1,3871362.1,new_observed,25299986.4,25299986.4,25245478.876640342,new_observed,7262695676.16,39535596.21168948,1,
4204251,Cocal do Sul,2022,ok,ok,4686653.82,4686653.82,4686653.82,new_observed,28247144.86,28247144.86,27855610.529069953,new_observed,8681897309.48,41337059.23435384,1,
4204251,Cocal do Sul,2023,ok,ok,4889639.12,4889639.12,4889639.12,new_observed,29777801.47,29777801.47,29442648.621531803,new_observed,9173087527.72,42372363.129266895,1,
4204251,Cocal do Sul,2024,ok,ok,5448585.53,5448585.53,5448585.53,new_observed,34853374.82,34853374.82,34607049.28587452,new_observed,10681113310.91,42957211.69430133,1,
4204251,Cocal do Sul,2025,ok,ok,6391540.66,6391540.66,6391540.66,new_observed,36698963.7,36698963.7,36460690.11775489,new_observed,11364874541.51,42852230.77775489,1,
4204301,Concórdia,2019,ok,ok,20124465.9,20124465.9,20124465.9,new_observed,68087685.69,68087685.69,68691430.72766685,new_observed,6025655732.23,154702439.0129672,1,
4204301,Concórdia,2020,ok,ok,22632511.02,22632511.02,22632511.02,new_observed,69278307.35,69278307.35,68700957.64015852,new_observed,5997695988.4,155738418.09685576,1,
4204301,Concórdia,2021,ok,ok,29780543.42,29780543.42,29780543.42,new_observed,82085764.57,82085764.57,81908914.99944867,new_observed,7262695676.16,151654821.78221905,1,
4204301,Concórdia,2022,ok,ok,48357489.94,48357489.94,48357489.94,new_observed,99085796.14,99085796.14,97712365.61848618,new_observed,8681897309.48,185546346.95379516,1,
4204301,Concórdia,2023,ok,ok,42347548.53,42347548.53,42347548.53,new_observed,105477386.58,105477386.58,104290225.51316026,new_observed,9173087527.72,180978006.9711996,1,
4204301,Concórdia,2024,ok,ok,46273193.65,46273193.65,46273193.65,new_observed,126205284.98,126205284.98,125313331.63566224,new_observed,10681113310.91,184016024.82316953,1,
4204301,Concórdia,2025,ok,ok,51403905.63,51403905.63,51403905.63,new_observed,128696078.11,128696078.11,127860499.32355689,new_observed,11364874541.51,179264404.9535569,1,
4204350,Cordilheira Alta,2019,ok,ok,1400085.38,1400085.38,1400085.38,new_observed,11140665.29,11140665.29,11239451.455471514,new_observed,6025655732.23,22015959.42490966,1,
4204350,Cordilheira Alta,2020,ok,ok,1476708.15,1476708.15,1476708.15,new_observed,11253184.12,11253184.12,11159402.634351812,new_observed,5997695988.4,21546623.962941855,1,
4204350,Cordilheira Alta,2021,ok,ok,1880101.16,1880101.16,1880101.16,new_observed,13741711.89,13741711.89,13712106.076383997,new_observed,7262695676.16,21171500.36438429,1,
4204350,Cordilheira Alta,2022,ok,ok,2255156.45,2255156.45,2255156.45,new_observed,16310833.59,16310833.59,16084748.746798186,new_observed,8681897309.48,23296404.311033975,1,
4204350,Cordilheira Alta,2023,ok,ok,2626814.98,2626814.98,2626814.98,new_observed,16546095.5,16546095.5,16359867.14316719,new_observed,9173087527.72,23433060.90172322,1,
4204350,Cordilheira Alta,2024,ok,ok,2626814.98,2626814.98,2626814.98,new_observed,16546095.5,16546095.5,16429156.2987669,new_observed,10681113310.91,20436360.47775476,1,
4204350,Cordilheira Alta,2025,ok,ok,3054332.67,3054332.67,3054332.67,new_observed,20662610.37,20662610.37,20528455.24148898,new_observed,11364874541.51,23582787.91148898,1,
4204400,Coronel Freitas,2019,ok,ok,1041542.39,1041542.39,1041542.39,new_observed,15422810.94,15422810.94,15559567.616005903,new_observed,6025655732.23,28916357.383838683,1,
4204400,Coronel Freitas,2020,ok,ok,1124683.46,1124683.46,1124683.46,new_observed,14650243.79,14650243.79,14528151.979088234,new_observed,5997695988.4,26690630.12469818,2,
4204400,Coronel Freitas,2021,ok,ok,1375336.87,1375336.87,1375336.87,new_observed,17083517.29,17083517.29,17046711.72801164,new_observed,7262695676.16,25013931.81174515,1,
4204400,Coronel Freitas,2022,ok,partial,,,1769659.2041902517,imputed_temporal,23202860.06,23202860.06,22881244.677833702,new_observed,8681897309.48,31312998.475495137,1,
4204400,Coronel Freitas,2023,ok,ok,2143528.66,2143528.66,2143528.66,new_observed,21425264.81,21425264.81,21184120.797488157,new_observed,9173087527.72,28790613.69887122,1,
4204400,Coronel Freitas,2024,ok,ok,2143528.66,2143528.66,2143528.66,new_observed,21425264.81,21425264.81,21273842.17660053,new_observed,10681113310.91,25113694.015233513,1,
4204400,Coronel Freitas,2025,ok,ok,2571489.49,2571489.49,2571489.49,new_observed,26795312.19,26795312.19,26621339.56572976,new_observed,11364874541.51,29192829.05572976,1,
4204459,Coronel Martins,2019,ok,ok,102282.39,102282.39,102282.39,new_observed,4648653.71,4648653.71,4689874.109559803,new_observed,6025655732.23,8347135.217489948,1,
4204459,Coronel Martins,2020,ok,ok,109298.45,109298.45,109298.45,new_observed,4729971.11,4729971.11,4690552.60293226,new_observed,5997695988.4,8184526.6696881885,1,
4204459,Coronel Martins,2021,ok,ok,83707.52,83707.52,83707.52,new_observed,5797106.32,5797106.32,5784616.751699054,new_observed,7262695676.16,7968161.7601059135,1,
4204459,Coronel Martins,2022,ok,ok,165123.4,165123.4,165123.4,new_observed,6937278.75,6937278.75,6841120.968131475,new_observed,8681897309.48,8899735.290365128,1,
4204459,Coronel Martins,2023,ok,ok,363029.09,363029.09,363029.09,new_observed,7601523.55,7601523.55,7515967.45973433,new_observed,9173087527.72,9724132.146769911,1,
4204459,Coronel Martins,2024,ok,ok,304969.25,304969.25,304969.25,new_observed,9069127.8,9069127.8,9005031.919445407,new_observed,10681113310.91,9984405.264039446,2,
4204459,Coronel Martins,2025,ok,ok,228524.45,228524.45,228524.45,new_observed,9554068.64,9554068.64,9492037.401775459,new_observed,11364874541.51,9720561.851775458,2,
4204509,Corupá,2019,ok,ok,1402353.8,1402353.8,1402353.8,new_observed,10748131.35,10748131.35,10843436.850561418,new_observed,6025655732.23,21330119.417990588,1,
4204509,Corupá,2020,ok,ok,1554167.58,1554167.58,1554167.58,new_observed,10791883.14,10791883.14,10701946.032154046,new_observed,5997695988.4,20898666.9834521,1,
4204509,Corupá,2021,ok,ok,2088019.61,2088019.61,2088019.61,new_observed,13685129.92,13685129.92,13655646.009336937,new_observed,7262695676.16,21377154.45564051,1,
4204509,Corupá,2022,ok,ok,2799734.43,2799734.43,2799734.43,new_observed,16480395.25,16480395.25,16251960.108690942,new_observed,8681897309.48,24200560.145815138,1,
4204509,Corupá,2023,ok,ok,4199784.03,4199784.03,4199784.03,new_observed,19027548.37,19027548.37,18813390.953375522,new_observed,9173087527.72,28402494.30780989,1,
4204509,Corupá,2024,ok,ok,3733295.0,3733295.0,3733295.0,new_observed,22635504.33,22635504.33,22475528.35283617,new_observed,10681113310.91,28107355.636769004,1,
4204509,Corupá,2025,ok,ok,3711219.07,3711219.07,3711219.07,new_observed,24899189.97,24899189.97,24737528.206532996,new_observed,11364874541.51,28448747.276532996,1,
4204558,Correia Pinto,2019,ok,ok,4762941.89,4762941.89,4762941.89,new_observed,15264938.42,15264938.42,15400295.213639978,new_observed,6025655732.23,35120987.084176704,1,
4204558,Correia Pinto,2020,ok,ok,4370824.44,4370824.44,4370824.44,new_observed,15350125.71,15350125.71,15222201.241812214,new_observed,5997695988.4,33409295.3019267,1,
4204558,Correia Pinto,2021,ok,ok,5210246.04,5210246.04,5210246.04,new_observed,18039314.68,18039314.68,18000449.901546508,new_observed,7262695676.16,31516080.445453793,1,
4204558,Correia Pinto,2022,ok,partial,,,5904966.252226936,imputed_temporal,21327351.76,21327351.76,21031732.84193773,new_observed,8681897309.48,34216547.2595724,4,
4204558,Correia Pinto,2023,ok,ok,6228233.96,6228233.96,6228233.96,new_observed,21401853.58,21401853.58,21160973.063785173,new_observed,9173087527.72,33803323.40715471,1,
4204558,Correia Pinto,2024,ok,ok,7082061.98,7082061.98,7082061.98,new_observed,22658623.77,22658623.77,22498484.396653272,new_observed,10681113310.91,31723321.789208047,1,
4204558,Correia Pinto,2025,ok,ok,6839879.42,6839879.42,6839879.42,new_observed,21249801.36,21249801.36,21111833.80501849,new_observed,11364874541.51,27951713.225018486,1,
4204608,Criciúma,2019,ok,ok,71301500.08,71301500.08,71301500.08,new_observed,107043222.1,107043222.1,107992392.47499245,new_observed,6025655732.23,312299977.0487691,1,
4204608,Criciúma,2020,ok,ok,77365955.23,77365955.23,77365955.23,new_observed,110531996.1,110531996.1,109610847.49926798,new_observed,5997695988.4,318825857.6515287,1,
4204608,Criciúma,2021,ok,ok,101184493.22,101184493.22,101184493.22,new_observed,132694296.99,132694296.99,132408413.931467,new_observed,7262695676.16,317178462.54215044,1,
4204608,Criciúma,2022,ok,ok,117712467.69,117712467.69,117712467.69,new_observed,149828848.32,149828848.32,147752067.1737376,new_observed,8681897309.48,337208348.0292953,1,
4204608,Criciúma,2023,ok,ok,134833569.02,134833569.02,134833569.02,new_observed,160663566.66,160663566.66,158855278.29239142,new_observed,9173087527.72,362466101.26952296,1,
4204608,Criciúma,2024,ok,ok,156782714.12,156782714.12,156782714.12,new_observed,186988807.62,186988807.62,185667267.9369604,new_observed,10681113310.91,367256603.0110829,1,
4204608,Criciúma,2025,ok,ok,176321423.88,176321423.88,176321423.88,new_observed,197845336.77,197845336.77,196560795.94459575,new_observed,11364874541.51,372882219.82459575,1,
4204707,Cunha Porã,2019,ok,ok,1560172.09,1560172.09,1560172.09,new_observed,13274009.3,13274009.3,13391712.188027456,new_observed,6025655732.23,26043681.969990253,1,
4204707,Cunha Porã,2020,ok,ok,1676772.3,1676772.3,1676772.3,new_observed,12803136.52,12803136.52,12696438.082384625,new_observed,5997695988.4,24508661.291020762,2,
4204707,Cunha Porã,2021,ok,ok,1876930.64,1876930.64,1876930.64,new_observed,15525115.79,15525115.79,15491667.724131286,new_observed,7262695676.16,23583529.965981137,1,
4204707,Cunha Porã,2022,ok,ok,2689390.86,2689390.86,2689390.86,new_observed,19766330.36,19766330.36,19492348.79581706,new_observed,8681897309.48,28176523.804181155,1,
4204707,Cunha Porã,2023,ok,ok,3731518.42,3731518.42,3731518.42,new_observed,20485222.71,20485222.71,20254658.987903908,new_observed,9173087527.72,29603358.414745,3,
4204707,Cunha Porã,2024,ok,ok,4246017.02,4246017.02,4246017.02,new_observed,24746209.35,24746209.35,24571316.00703966,new_observed,10681113310.91,30904822.280263163,1,
4204707,Cunha Porã,2025,ok,ok,4093540.17,4093540.17,4093540.17,new_observed,26924912.92,26924912.92,26750098.843353853,new_observed,11364874541.51,30843639.013353854,1,
4204756,Cunhataí,2019,ok,ok,126465.15,126465.15,126465.15,new_observed,5227466.17,5227466.17,5273818.997647545,new_observed,6025655732.23,9406391.88169714,2,
4204756,Cunhataí,2020,ok,ok,226822.05,226822.05,226822.05,new_observed,5159414.01,5159414.01,5116416.623147338,new_observed,5997695988.4,9111090.936075531,1,
4204756,Cunhataí,2021,ok,ok,290499.5,290499.5,290499.5,new_observed,6518477.24,6518477.24,6504433.5150425555,new_observed,7262695676.16,9226334.96483098,1,
4204756,Cunhataí,2022,ok,ok,398110.9,398110.9,398110.9,new_observed,8282707.67,8282707.67,8167900.866624452,new_observed,8681897309.48,10881041.712429175,6,
4204756,Cunhataí,2023,ok,ok,472147.51,472147.51,472147.51,new_observed,9799457.36,9799457.36,9689163.252123855,new_observed,9173087527.72,12540928.024472786,1,
4204756,Cunhataí,2024,ok,ok,556968.61,556968.61,556968.61,new_observed,12086045.22,12086045.22,12000627.335515175,new_observed,10681113310.91,13467251.483659152,1,
4204756,Cunhataí,2025,ok,ok,451323.6,451323.6,451323.6,new_observed,12804600.76,12804600.76,12721464.94948381,new_observed,11364874541.51,13172788.54948381,1,
4204806,Curitibanos,2019,ok,ok,5603490.05,5603490.05,5603490.05,new_observed,29905568.99,29905568.99,30170746.73386577,new_observed,6025655732.23,62312737.859220624,1,
4204806,Curitibanos,2020,ok,ok,5852607.87,5852607.87,5852607.87,new_observed,31657781.0,31657781.0,31393952.229152076,new_observed,5997695988.4,63511442.568498455,1,
4204806,Curitibanos,2021,ok,ok,7257483.91,7257483.91,7257483.91,new_observed,38134322.73,38134322.73,38052164.28713972,new_observed,7262695676.16,61522606.69531311,1,
4204806,Curitibanos,2022,ok,ok,8689611.58,8689611.58,8689611.58,new_observed,45942076.02,45942076.02,45305271.83730541,new_observed,8681897309.48,68587412.05686793,1,
4204806,Curitibanos,2023,ok,ok,9490587.94,9490587.94,9490587.94,new_observed,50809018.65,50809018.65,50237156.843963824,new_observed,9173087527.72,73715032.0401391,1,
4204806,Curitibanos,2024,ok,ok,12176224.71,12176224.71,12176224.71,new_observed,54158835.91,54158835.91,53776069.41315305,new_observed,10681113310.91,70729790.53749286,1,
4204806,Curitibanos,2025,ok,ok,11978059.33,11978059.33,11978059.33,new_observed,51070551.9,51070551.9,50738968.60386328,new_observed,11364874541.51,62717027.933863275,1,
4204905,Descanso,2019,ok,ok,683427.73,683427.73,683427.73,new_observed,9470339.55,9470339.55,9554314.654314235,new_observed,6025655732.23,17832435.149300456,1,
4204905,Descanso,2020,ok,ok,1170190.62,1170190.62,1170190.62,new_observed,9397573.99,9397573.99,9319256.738556063,new_observed,5997695988.4,17886213.699057467,1,
4204905,Descanso,2021,ok,ok,1023542.02,1023542.02,1023542.02,new_observed,11401472.89,11401472.89,11376909.001306126,new_observed,7262695676.16,16837651.612498526,1,
4204905,Descanso,2022,ok,partial,,,1364220.580286882,imputed_temporal,14309654.52,14309654.52,14111308.066363823,new_observed,8681897309.48,19657908.174045753,1,
4204905,Descanso,2023,ok,ok,1707048.53,1707048.53,1707048.53,new_observed,15560569.93,15560569.93,15385433.785678463,new_observed,9173087527.72,21095269.645674556,1,
4204905,Descanso,2024,ok,ok,2081400.5,2081400.5,2081400.5,new_observed,18683248.61,18683248.61,18551205.121619746,new_observed,10681113310.91,22127204.11415605,1,
4204905,Descanso,2025,ok,ok,1933446.61,1933446.61,1933446.61,new_observed,19832941.0,19832941.0,19704172.62558059,new_observed,11364874541.51,21637619.23558059,1,
4205001,Dionísio Cerqueira,2019,ok,ok,1665181.98,1665181.98,1665181.98,new_observed,9147040.4,9147040.4,9228148.756009951,new_observed,6025655732.23,18974360.42221635,1,
4205001,Dionísio Cerqueira,2020,ok,ok,1719980.42,1719980.42,1719980.42,new_observed,8611444.3,8611444.3,8539678.475197108,new_observed,5997695988.4,17494386.99735199,1,
4205001,Dionísio Cerqueira,2021,ok,ok,2613046.08,2613046.08,2613046.08,new_observed,10717078.6,10717078.6,10693989.203709384,new_observed,7262695676.16,18068635.061527316,1,
4205001,Dionísio Cerqueira,2022,ok,ok,3191010.39,3191010.39,3191010.39,new_observed,13415640.93,13415640.93,13229686.419497823,new_observed,8681897309.48,20858515.234296415,1,
4205001,Dionísio Cerqueira,2023,ok,ok,5933977.45,5933977.45,5933977.45,new_observed,14961788.94,14961788.94,14793392.149979325,new_observed,9173087527.72,25581389.682412867,1,
4205001,Dionísio Cerqueira,2024,ok,ok,6796793.18,6796793.18,6796793.18,new_observed,16952396.91,16952396.91,16832586.18162352,new_observed,10681113310.91,25341060.155659772,1,
4205001,Dionísio Cerqueira,2025,ok,ok,7379770.18,7379770.18,7379770.18,new_observed,17850988.89,17850988.89,17735088.639949124,new_observed,11364874541.51,25114858.819949124,4,
4205100,Dona Emma,2019,ok,ok,204788.6,204788.6,204788.6,new_observed,4907727.28,4907727.28,4951244.928771508,new_observed,6025655732.23,8980948.150278691,1,
4205100,Dona Emma,2020,ok,ok,278284.82,278284.82,278284.82,new_observed,5167756.6,5167756.6,5124689.687893328,new_observed,5997695988.4,9212950.249463178,1,
4205100,Dona Emma,2021,ok,ok,333773.92,333773.92,333773.92,new_observed,6387454.78,6387454.78,6373693.336214023,new_observed,7262695676.16,9107571.705926342,1,
4205100,Dona Emma,2022,ok,ok,407462.71,407462.71,407462.71,new_observed,7551051.63,7551051.63,7446386.327987232,new_observed,8681897309.48,9976411.58029096,1,
4205100,Dona Emma,2023,ok,ok,635294.51,635294.51,635294.51,new_observed,8381671.12,8381671.12,8287334.372083211,new_observed,9173087527.72,11012166.561855981,1,
4205100,Dona Emma,2024,ok,ok,750877.68,750877.68,750877.68,new_observed,9489984.2,9489984.2,9422913.925199354,new_observed,10681113310.91,10910767.52939267,1,
4205100,Dona Emma,2025,ok,ok,531272.1,531272.1,531272.1,new_observed,9483852.86,9483852.86,9422277.508365812,new_observed,11364874541.51,9953549.608365811,1,
4205159,Doutor Pedrinho,2019,ok,ok,327769.3,327769.3,327769.3,new_observed,5456478.8,5456478.8,5504862.321414331,new_observed,6025655732.23,10159468.87841105,1,
4205159,Doutor Pedrinho,2020,ok,ok,335109.8,335109.8,335109.8,new_observed,5475895.68,5475895.68,5430260.806647826,new_observed,5997695988.4,9830894.53617915,1,
4205159,Doutor Pedrinho,2021,ok,ok,330709.56,330709.56,330709.56,new_observed,6065033.16,6065033.16,6051966.357061095,new_observed,7262695676.16,8666561.664757868,1,
4205159,Doutor Pedrinho,2022,ok,ok,525553.03,525553.03,525553.03,new_observed,7137791.91,7137791.91,7038854.8105639,new_observed,8681897309.48,9608746.693963144,1,
4205159,Doutor Pedrinho,2023,ok,ok,426747.64,426747.64,426747.64,new_observed,8120305.83,8120305.83,8028910.780835634,new_observed,9173087527.72,10435839.05045954,1,
4205159,Doutor Pedrinho,2024,ok,ok,621652.59,621652.59,621652.59,new_observed,9073825.71,9073825.71,9009696.627059814,new_observed,10681113310.91,10329031.336560251,1,
4205159,Doutor Pedrinho,2025,ok,ok,805778.53,805778.53,805778.53,new_observed,9565397.01,9565397.01,9503292.220616823,new_observed,11364874541.51,10309070.750616822,1,
4205175,Entre Rios,2019,ok,ok,57279.83,57279.83,57279.83,new_observed,5079329.26,5079329.26,5124368.532583932,new_observed,6025655732.23,9025564.907144934,1,
4205175,Entre Rios,2020,ok,ok,56902.72,56902.72,56902.72,new_observed,5160057.87,5160057.87,5117055.117364045,new_observed,5997695988.4,8822439.580052918,1,
4205175,Entre Rios,2021,ok,ok,75629.15,75629.15,75629.15,new_observed,6017071.6,6017071.6,6004108.127782729,new_observed,7262695676.16,8255223.782017197,1,
4205175,Entre Rios,2022,ok,partial,,,99333.63833855322,imputed_temporal,7025494.53,7025494.53,6928113.987156129,new_observed,8681897309.48,8926668.8895819,1,
4205175,Entre Rios,2023,ok,ok,122656.86,122656.86,122656.86,new_observed,7619414.07,7619414.07,7533656.619713019,new_observed,9173087527.72,9449300.245769948,1,
4205175,Entre Rios,2024,ok,ok,169914.21,169914.21,169914.21,new_observed,9128060.49,9128060.49,9063548.103829619,new_observed,10681113310.91,9902322.035583809,1,
4205175,Entre Rios,2025,ok,ok,215170.32,215170.32,215170.32,new_observed,9630441.67,9630441.67,9567914.568306567,new_observed,11364874541.51,9783084.888306567,1,
4205191,Ermo,2019,ok,ok,132313.5,132313.5,132313.5,new_observed,5555429.13,5555429.13,5604690.060744778,new_observed,6025655732.23,9992900.788852954,1,
4205191,Ermo,2020,ok,ok,167683.31,167683.31,167683.31,new_observed,5844787.67,5844787.67,5796078.534421508,new_observed,5997695988.4,10169183.861969624,1,
4205191,Ermo,2021,ok,ok,461459.41,461459.41,461459.41,new_observed,7281241.78,7281241.78,7265554.717954361,new_observed,7262695676.16,10491938.693827108,1,
4205191,Ermo,2022,ok,ok,639828.36,639828.36,639828.36,new_observed,10811701.29,10811701.29,10661840.047323039,new_observed,8681897309.48,14356030.403701445,1,
4205191,Ermo,2023,ok,ok,318902.21,318902.21,318902.21,new_observed,12995635.22,12995635.22,12849367.733932413,new_observed,9173087527.72,16252069.19064521,1,
4205191,Ermo,2024,ok,ok,328201.48,328201.48,328201.48,new_observed,13297758.75,13297758.75,13203777.104214415,new_observed,10681113310.91,14512217.10395852,1,
4205191,Ermo,2025,ok,absent_dca,,,369595.6056845083,imputed_temporal,,,14102797.950175077,imputed_temporal,11364874541.51,14472393.555859584,1,
4205209,Erval Velho,2019,ok,ok,439340.99,439340.99,439340.99,new_observed,8036916.54,8036916.54,8108181.239776399,new_observed,6025655732.23,14888354.299989702,1,
4205209,Erval Velho,2020,ok,ok,494149.28,494149.28,494149.28,new_observed,8261026.49,8261026.49,8192180.967794928,new_observed,5997695988.4,14811605.77500948,1,
4205209,Erval Velho,2021,ok,ok,551132.59,551132.59,551132.59,new_observed,9772920.2,9772920.2,9751864.94456739,new_observed,7262695676.16,13989675.274988882,1,
4205209,Erval Velho,2022,ok,partial,,,734318.928090397,imputed_temporal,11680655.63,11680655.63,11518749.791035278,new_observed,8681897309.48,15564553.898646636,1,
4205209,Erval Velho,2023,ok,ok,918569.12,918569.12,918569.12,new_observed,12050634.02,12050634.02,11915002.639633667,new_observed,9173087527.72,15838990.018334273,1,
4205209,Erval Velho,2024,ok,ok,1115284.81,1115284.81,1115284.81,new_observed,14501495.47,14501495.47,14399006.438859861,new_observed,10681113310.91,16638125.859890187,1,
4205209,Erval Velho,2025,ok,ok,1273036.78,1273036.78,1273036.78,new_observed,14685350.53,14685350.53,14590003.666641342,new_observed,11364874541.51,15863040.44664134,1,
4205308,Faxinal dos Guedes,2019,ok,ok,1438071.42,1438071.42,1438071.42,new_observed,18834976.88,18834976.88,19001989.809146155,new_observed,6025655732.23,35603168.41679297,2,
4205308,Faxinal dos Guedes,2020,ok,ok,1844458.1,1844458.1,1844458.1,new_observed,19367190.67,19367190.67,19205788.893001057,new_observed,5997695988.4,35894094.63289281,1,
4205308,Faxinal dos Guedes,2021,ok,ok,1916720.17,1916720.17,1916720.17,new_observed,23129438.52,23129438.52,23079607.3307459,new_observed,7262695676.16,33940656.94274599,1,
4205308,Faxinal dos Guedes,2022,ok,ok,1955381.7,1955381.7,1955381.7,new_observed,28089869.75,28089869.75,27700515.4130223,new_observed,8681897309.48,37670629.26105022,2,
4205308,Faxinal dos Guedes,2023,ok,ok,2797313.78,2797313.78,2797313.78,new_observed,30979614.37,30979614.37,30630934.9682983,new_observed,9173087527.72,41256612.59167695,1,
4205308,Faxinal dos Guedes,2024,ok,ok,3271936.15,3271936.15,3271936.15,new_observed,37760751.12,37760751.12,37493877.761633694,new_observed,10681113310.91,43718835.21862265,1,
4205308,Faxinal dos Guedes,2025,ok,ok,3834181.68,3834181.68,3834181.68,new_observed,38847428.88,38847428.88,38595206.06205025,new_observed,11364874541.51,42429387.74205025,1,
4205357,Flor do Sertão,2019,ok,ok,311250.95,311250.95,311250.95,new_observed,4645311.68,4645311.68,4686502.445213918,new_observed,6025655732.23,8705250.627218055,1,
4205357,Flor do Sertão,2020,ok,ok,399867.0,399867.0,399867.0,new_observed,4639128.51,4639128.51,4600467.064568974,new_observed,5997695988.4,8526382.810111063,2,
4205357,Flor do Sertão,2021,ok,ok,466572.74,466572.74,466572.74,new_observed,5326000.66,5326000.66,5314526.064686048,new_observed,7262695676.16,7849724.775614057,5,
4205357,Flor do Sertão,2022,ok,ok,846509.91,846509.91,846509.91,new_observed,6178133.67,6178133.67,6092498.415716114,new_observed,8681897309.48,8814328.195204377,1,
4205357,Flor do Sertão,2023,ok,ok,598993.96,598993.96,598993.96,new_observed,6889330.05,6889330.05,6811789.785900206,new_observed,9173087527.72,9146271.355925145,1,
4205357,Flor do Sertão,2024,ok,ok,985879.9,985879.9,985879.9,new_observed,8050422.52,8050422.52,7993526.318773688,new_observed,10681113310.91,9629862.455110002,1,
4205357,Flor do Sertão,2025,ok,ok,809436.39,809436.39,809436.39,new_observed,9002965.92,9002965.92,8944512.799685078,new_observed,11364874541.51,9753949.189685078,1,
4205407,Florianópolis,2019,ok,ok,343636938.21,343636938.21,343636938.21,new_observed,171349261.84,171349261.84,172868644.75770977,new_observed,6025655732.23,899666348.9633482,1,
4205407,Florianópolis,2020,ok,ok,324227357.5,324227357.5,324227357.5,new_observed,172154670.91,172154670.91,170719972.90567955,new_observed,5997695988.4,843965694.1690991,1,
4205407,Florianópolis,2021,ok,ok,414585664.22,414585664.22,414585664.22,new_observed,202894922.02,202894922.02,202457795.31460539,new_observed,7262695676.16,837837493.4559594,1,
4205407,Florianópolis,2022,ok,ok,538212638.99,538212638.99,538212638.99,new_observed,218371656.49,218371656.49,215344801.88782132,new_observed,8681897309.48,957212080.7550641,1,
4205407,Florianópolis,2023,ok,ok,686716465.87,686716465.87,686716465.87,new_observed,220127017.4,220127017.4,217649460.51989442,new_observed,9173087527.72,1116154033.2883954,1,
4205407,Florianópolis,2024,ok,ok,755464881.08,755464881.08,755464881.08,new_observed,247117052.17,247117052.17,245370557.31314158,new_observed,10681113310.91,1073334625.5986532,1,
4205407,Florianópolis,2025,ok,ok,878638086.83,878638086.83,878638086.83,new_observed,265413311.91,265413311.91,263690075.7684755,new_observed,11364874541.51,1142328162.5984755,1,
4205431,Formosa do Sul,2019,ok,ok,147869.57,147869.57,147869.57,new_observed,5190313.63,5190313.63,5236337.019784671,new_observed,6025655732.23,9378387.464591656,1,
4205431,Formosa do Sul,2020,ok,ok,207012.75,207012.75,207012.75,new_observed,5100164.47,5100164.47,5057660.855383349,new_observed,5997695988.4,8977124.718097288,1,
4205431,Formosa do Sul,2021,ok,ok,254453.37,254453.37,254453.37,new_observed,6122480.21,6122480.21,6109289.640337654,new_observed,7262695676.16,8640854.07663277,1,
4205431,Formosa do Sul,2022,ok,ok,350876.76,350876.76,350876.76,new_observed,7338973.35,7338973.35,7237247.669951721,new_observed,8681897309.48,9638872.87233368,1,
4205431,Formosa do Sul,2023,ok,ok,474046.45,474046.45,474046.45,new_observed,8058669.71,8058669.71,7967968.383010099,new_observed,9173087527.72,10419000.351504143,1,
4205431,Formosa do Sul,2024,ok,ok,486523.53,486523.53,486523.53,new_observed,9825469.69,9825469.69,9756028.378163705,new_observed,10681113310.91,10984508.737194808,1,
4205431,Formosa do Sul,2025,ok,ok,945884.79,945884.79,945884.79,new_observed,10400312.46,10400312.46,10332786.855555953,new_observed,11364874541.51,11278671.645555954,1,
4205456,Forquilhinha,2019,ok,ok,3184595.19,3184595.19,3184595.19,new_observed,20869713.31,20869713.31,21054768.591593932,new_observed,6025655732.23,42220918.095950864,1,
4205456,Forquilhinha,2020,ok,ok,3516203.9,3516203.9,3516203.9,new_observed,20942663.69,20942663.69,20768132.277971655,new_observed,5997695988.4,41408742.66980879,1,
4205456,Forquilhinha,2021,ok,ok,4382584.86,4382584.86,4382584.86,new_observed,24513586.33,24513586.33,24460773.065265935,new_observed,7262695676.16,39164253.88445852,5,
4205456,Forquilhinha,2022,ok,ok,5591595.27,5591595.27,5591595.27,new_observed,30124854.52,30124854.52,29707293.211863834,new_observed,8681897309.48,44838682.04221499,4,
4205456,Forquilhinha,2023,ok,ok,6676316.38,6676316.38,6676316.38,new_observed,33562303.49,33562303.49,33184555.60195797,new_observed,9173087527.72,49195653.810904056,2,
4205456,Forquilhinha,2024,ok,ok,7329056.29,7329056.29,7329056.29,new_observed,36882639.42,36882639.42,36621972.098628424,new_observed,10681113310.91,47134782.39332051,1,
4205456,Forquilhinha,2025,ok,ok,8181458.0,8181458.0,8181458.0,new_observed,38657936.1,38657936.1,38406943.59263529,new_observed,11364874541.51,46588401.59263529,4,
4205506,Fraiburgo,2019,ok,ok,5713943.26,5713943.26,5713943.26,new_observed,22862267.73,22862267.73,23064991.329016753,new_observed,6025655732.23,50128091.278297685,1,
4205506,Fraiburgo,2020,ok,ok,5642776.68,5642776.68,5642776.68,new_observed,22953028.99,22953028.99,22761743.649259645,new_observed,5997695988.4,48434326.73447311,1,
4205506,Fraiburgo,2021,ok,ok,7354659.22,7354659.22,7354659.22,new_observed,27675703.95,27675703.95,27616078.065001518,new_observed,7262695676.16,47484167.31176668,1,
4205506,Fraiburgo,2022,ok,ok,9463665.86,9463665.86,9463665.86,new_observed,34125084.57,34125084.57,33652075.980237484,new_observed,8681897309.48,54768099.57860053,1,
4205506,Fraiburgo,2023,ok,ok,10034080.0,10034080.0,10034080.0,new_observed,39504243.87,39504243.87,39059618.70608549,new_observed,9173087527.72,60590661.61258561,1,
4205506,Fraiburgo,2024,ok,ok,11392165.5,11392165.5,11392165.5,new_observed,44045630.43,44045630.43,43734338.81196887,new_observed,10681113310.91,59119794.919779,1,
4205506,Fraiburgo,2025,ok,ok,12243223.34,12243223.34,12243223.34,new_observed,48885981.06,48885981.06,48568581.421036,new_observed,11364874541.51,60811804.76103599,1,
4205555,Frei Rogério,2019,ok,ok,100200.26,100200.26,100200.26,new_observed,4618003.41,4618003.41,4658952.028159973,new_observed,6025655732.23,8289647.4006111985,1,
4205555,Frei Rogério,2020,ok,ok,74225.92,74225.92,74225.92,new_observed,4718762.47,4718762.47,4679437.373197309,new_observed,5997695988.4,8105769.027587415,1,
4205555,Frei Rogério,2021,ok,ok,108208.44,108208.44,108208.44,new_observed,5613777.41,5613777.41,5601682.814434863,new_observed,7262695676.16,7753037.330838951,1,
4205555,Frei Rogério,2022,ok,ok,187505.84,187505.84,187505.84,new_observed,6812827.18,6812827.18,6718394.42423357,new_observed,8681897309.48,8772272.427850325,1,
4205555,Frei Rogério,2023,ok,ok,315972.48,315972.48,315972.48,new_observed,7493098.4,7493098.4,7408762.648244032,new_observed,9173087527.72,9533745.155450463,1,
4205555,Frei Rogério,2024,ok,ok,364485.44,364485.44,364485.44,new_observed,8892291.73,8892291.73,8829445.634857016,new_observed,10681113310.91,9859927.206269778,1,
4205555,Frei Rogério,2025,ok,ok,311550.15,311550.15,311550.15,new_observed,9174211.16,9174211.16,9114646.204018252,new_observed,11364874541.51,9426196.354018252,1,
4205605,Galvão,2019,ok,ok,202193.1,202193.1,202193.1,new_observed,5242700.54,5242700.54,5289188.45338583,new_observed,6025655732.23,9565068.328038124,1,
4205605,Galvão,2020,ok,ok,215394.9,215394.9,215394.9,new_observed,5506410.78,5506410.78,5460521.600721416,new_observed,5997695988.4,9678360.737193754,1,
4205605,Galvão,2021,ok,ok,405344.16,405344.16,405344.16,new_observed,6606828.0,6606828.0,6592593.927860607,new_observed,7262695676.16,9501980.478514902,1,
4205605,Galvão,2022,ok,ok,438209.61,438209.61,438209.61,new_observed,7711888.07,7711888.07,7604993.410357047,new_observed,8681897309.48,10216939.919115838,1,
4205605,Galvão,2023,ok,ok,435529.0,435529.0,435529.0,new_observed,8802117.64,8802117.64,8703048.714358523,new_observed,9173087527.72,11278687.17380581,1,
4205605,Galvão,2024,ok,ok,435481.95,435481.95,435481.95,new_observed,10562499.86,10562499.86,10487849.602079444,new_observed,10681113310.91,11714603.15250712,1,
4205605,Galvão,2025,ok,ok,315704.47,315704.47,315704.47,new_observed,10761370.96,10761370.96,10691501.128539128,new_observed,11364874541.51,11007205.598539129,1,
4205704,Garopaba,2019,ok,ok,5081211.95,5081211.95,5081211.95,new_observed,9167053.31,9167053.31,9248339.12387152,new_observed,6025655732.23,24959681.6027442,1,
4205704,Garopaba,2020,ok,ok,5688960.66,5688960.66,5688960.66,new_observed,9406454.68,9406454.68,9328063.418898627,new_observed,5997695988.4,25606468.350306556,1,
4205704,Garopaba,2021,ok,ok,9559041.96,9559041.96,9559041.96,new_observed,11193059.95,11193059.95,11168945.076298302,new_observed,7262695676.16,28144994.38334266,1,
4205704,Garopaba,2022,ok,ok,11331107.81,11331107.81,11331107.81,new_observed,12976903.72,12976903.72,12797030.556155086,new_observed,8681897309.48,30648951.59592493,1,
4205704,Garopaba,2023,ok,ok,13024655.14,13024655.14,13024655.14,new_observed,15910950.85,15910950.85,15731871.124971028,new_observed,9173087527.72,35490847.05362219,1,
4205704,Garopaba,2024,ok,ok,15096260.73,15096260.73,15096260.73,new_observed,17994582.82,17994582.82,17867406.463409185,new_observed,10681113310.91,35351511.375537746,1,
4205704,Garopaba,2025,ok,ok,16743209.42,16743209.42,16743209.42,new_observed,20845590.4,20845590.4,20710247.24592008,new_observed,11364874541.51,37453456.66592008,1,
4205803,Garuva,2019,ok,ok,2859405.93,2859405.93,2859405.93,new_observed,13849796.84,13849796.84,13972605.333637375,new_observed,6025655732.23,29318548.76041735,1,
4205803,Garuva,2020,ok,ok,3064190.05,3064190.05,3064190.05,new_observed,13620147.26,13620147.26,13506640.040072821,new_observed,5997695988.4,28255960.30281371,1,
4205803,Garuva,2021,ok,ok,4182243.37,4182243.37,4182243.37,new_observed,16462676.19,16462676.19,16427208.198325945,new_observed,7262695676.16,27984043.873557664,2,
4205803,Garuva,2022,ok,ok,6772528.66,6772528.66,6772528.66,new_observed,21019741.01,21019741.01,20728385.891687583,new_observed,8681897309.48,34933246.243342705,1,
4205803,Garuva,2023,ok,ok,7928213.66,7928213.66,7928213.66,new_observed,23532012.56,23532012.56,23267156.84029151,new_observed,9173087527.72,38500829.794437595,5,
4205803,Garuva,2024,ok,ok,9858412.34,9858412.34,9858412.34,new_observed,28731053.2,28731053.2,28527997.052294716,new_observed,10681113310.91,41167069.80250912,1,
4205803,Garuva,2025,ok,ok,12557443.12,12557443.12,12557443.12,new_observed,34420133.88,34420133.88,34196655.94563686,new_observed,11364874541.51,46754099.06563686,1,
4205902,Gaspar,2019,ok,ok,18888892.68,18888892.68,18888892.68,new_observed,62106635.49,62106635.49,62657345.54282793,new_observed,6025655732.23,142039909.7955414,1,
4205902,Gaspar,2020,ok,ok,20952551.57,20952551.57,20952551.57,new_observed,64314677.52,64314677.52,63778693.576034315,new_observed,5997695988.4,144480553.25174123,1,
4205902,Gaspar,2021,ok,ok,24244272.09,24244272.09,24244272.09,new_observed,77021583.36,77021583.36,76855644.30818324,new_observed,7262695676.16,137276069.02688578,1,
4205902,Gaspar,2022,ok,ok,30655571.91,30655571.91,30655571.91,new_observed,93217049.43,93217049.43,91924965.74293216,new_observed,8681897309.48,155708861.91522855,1,
4205902,Gaspar,2023,ok,ok,34208295.26,34208295.26,34208295.26,new_observed,94553249.01,94553249.01,93489040.46627827,new_observed,9173087527.72,157602019.43921942,1,
4205902,Gaspar,2024,ok,ok,38360115.6,38360115.6,38360115.6,new_observed,105421620.58,105421620.58,104676555.37091039,new_observed,10681113310.91,153398057.057141,1,
4205902,Gaspar,2025,ok,ok,42836194.91,42836194.91,42836194.91,new_observed,114320973.11,114320973.11,113578726.87080532,new_observed,11364874541.51,156414921.78080532,1,
4206009,Governador Celso Ramos,2019,ok,ok,4281637.7,4281637.7,4281637.7,new_observed,5501537.77,5501537.77,5550320.836930736,new_observed,6025655732.23,17125627.547442187,1,
4206009,Governador Celso Ramos,2020,ok,ok,5435437.11,5435437.11,5435437.11,new_observed,5546399.3,5546399.3,5500176.865460107,new_observed,5997695988.4,18647000.343248207,1,
4206009,Governador Celso Ramos,2021,ok,ok,10620067.71,10620067.71,10620067.71,new_observed,6590533.19,6590533.19,6576334.224193185,new_observed,7262695676.16,23349717.22068404,1,
4206009,Governador Celso Ramos,2022,ok,ok,15186420.1,15186420.1,15186420.1,new_observed,7928439.55,7928439.55,7818543.265263469,new_observed,8681897309.48,29222229.99338441,1,
4206009,Governador Celso Ramos,2023,ok,ok,11522453.88,11522453.88,11522453.88,new_observed,11646141.21,11646141.21,11515062.446373792,new_observed,9173087527.72,28432536.00594377,1,
4206009,Governador Celso Ramos,2024,ok,ok,13795344.69,13795344.69,13795344.69,new_observed,15944906.32,15944906.32,15832216.01135302,new_observed,10681113310.91,31773741.76902051,1,
4206009,Governador Celso Ramos,2025,ok,ok,17605900.79,17605900.79,17605900.79,new_observed,22017946.83,22017946.83,21874991.974169385,new_observed,11364874541.51,39480892.76416938,1,
4206108,Grão Pará,2019,ok,ok,521365.66,521365.66,521365.66,new_observed,8119436.68,8119436.68,8191433.099830145,new_observed,6025655732.23,15176238.375721136,1,
4206108,Grão Pará,2020,ok,ok,508084.75,508084.75,508084.75,new_observed,8602343.9,8602343.9,8530653.91586788,new_observed,5997695988.4,15412519.44181559,1,
4206108,Grão Pará,2021,ok,ok,688373.82,688373.82,688373.82,new_observed,10532632.22,10532632.22,10509940.203977007,new_observed,7262695676.16,15205359.051788842,1,
4206108,Grão Pará,2022,ok,partial,,,931544.3752982926,imputed_temporal,13145283.86,13145283.86,12963076.775124,new_observed,8681897309.48,17649748.381763335,1,
4206108,Grão Pará,2023,ok,ok,1181329.21,1181329.21,1181329.21,new_observed,13813176.5,13813176.5,13657707.485437827,new_observed,9173087527.72,18314102.924955696,1,
4206108,Grão Pará,2024,ok,ok,1531505.99,1531505.99,1531505.99,new_observed,14587684.64,14587684.64,14484586.468613164,new_observed,10681113310.91,17176276.881460972,1,
4206108,Grão Pará,2025,ok,ok,1379659.77,1379659.77,1379659.77,new_observed,15836520.22,15836520.22,15733699.21301019,new_observed,11364874541.51,17113358.98301019,1,
4206207,Gravatal,2019,ok,ok,1425686.99,1425686.99,1425686.99,new_observed,6010169.61,6010169.61,6063462.801577909,new_observed,6025655732.23,13044846.507011984,1,
4206207,Gravatal,2020,ok,ok,1185608.11,1185608.11,1185608.11,new_observed,5991034.65,5991034.65,5941106.7252406245,new_observed,5997695988.4,12152207.848336443,1,
4206207,Gravatal,2021,ok,ok,1724532.82,1724532.82,1724532.82,new_observed,7463821.77,7463821.77,7447741.348728286,new_observed,7262695676.16,12454349.981465388,3,
4206207,Gravatal,2022,ok,ok,2612843.61,2612843.61,2612843.61,new_observed,9045396.53,9045396.53,8920018.07862293,new_observed,8681897309.48,14649705.43077286,2,
4206207,Gravatal,2023,ok,ok,25585.28,25585.28,25585.28,new_observed,9861169.45,9861169.45,9750180.76489762,new_observed,9173087527.72,12065094.87044972,1,
4206207,Gravatal,2024,ok,ok,22115.58,22115.58,22115.58,new_observed,11499973.56,11499973.56,11418697.725329025,new_observed,10681113310.91,12269570.595276762,1,
4206207,Gravatal,2025,ok,ok,16671.85,16671.85,16671.85,new_observed,12514728.69,12514728.69,12433474.91781809,new_observed,11364874541.51,12450146.76781809,1,
4206306,Guabiruba,2019,ok,ok,2396217.82,2396217.82,2396217.82,new_observed,18116368.19,18116368.19,18277009.094216615,new_observed,6025655732.23,36009304.0472843,3,
4206306,Guabiruba,2020,ok,ok,2463403.65,2463403.65,2463403.65,new_observed,18592443.74,18592443.74,18437498.528300438,new_observed,5997695988.4,35639437.43511369,1,
4206306,Guabiruba,2021,ok,ok,3380252.02,3380252.02,3380252.02,new_observed,21832897.38,21832897.38,21785859.52214766,new_observed,7262695676.16,34171194.084788084,2,
4206306,Guabiruba,2022,ok,ok,3460681.95,3460681.95,3460681.95,new_observed,26343824.86,26343824.86,25978672.491793595,new_observed,8681897309.48,37395564.28304718,2,
4206306,Guabiruba,2023,ok,ok,3776847.9,3776847.9,3776847.9,new_observed,28554676.2,28554676.2,28233289.77813274,new_observed,9173087527.72,39506402.47823906,2,
4206306,Guabiruba,2024,ok,ok,4809978.16,4809978.16,4809978.16,new_observed,31789580.22,31789580.22,31564907.993343122,new_observed,10681113310.91,39009834.497143164,1,
4206306,Guabiruba,2025,ok,ok,5393402.87,5393402.87,5393402.87,new_observed,36741395.47,36741395.47,36502846.393059134,new_observed,11364874541.51,41896249.26305913,4,
4206405,Guaraciaba,2019,ok,ok,1156016.37,1156016.37,1156016.37,new_observed,12396713.65,12396713.65,12506637.408954604,new_observed,6025655732.23,23798058.041960843,1,
4206405,Guaraciaba,2020,ok,ok,1187003.88,1187003.88,1187003.88,new_observed,12761255.89,12761255.89,12654906.476061782,new_observed,5997695988.4,23602708.33808718,1,
4206405,Guaraciaba,2021,ok,ok,1382863.88,1382863.88,1382863.88,new_observed,16042435.48,16042435.48,16007872.875386432,new_observed,7262695676.16,23613590.043519836,1,
4206405,Guaraciaba,2022,ok,ok,2086713.35,2086713.35,2086713.35,new_observed,19652410.25,19652410.25,19380007.735107504,new_observed,8681897309.48,27268266.016891424,1,
4206405,Guaraciaba,2023,ok,ok,2523870.14,2523870.14,2523870.14,new_observed,21311848.51,21311848.51,21071981.012010098,new_observed,9173087527.72,29121623.961797014,1,
4206405,Guaraciaba,2024,ok,ok,2213720.06,2213720.06,2213720.06,new_observed,25238269.84,25238269.84,25059898.869302105,new_observed,10681113310.91,29249283.587721743,1,
4206405,Guaraciaba,2025,ok,ok,2963543.57,2963543.57,2963543.57,new_observed,26375581.91,26375581.91,26204334.448167853,new_observed,11364874541.51,29167878.018167853,1,
4206504,Guaramirim,2019,ok,ok,5076056.37,5076056.37,5076056.37,new_observed,53083579.77,53083579.77,53554280.859968714,new_observed,6025655732.23,102124242.55145647,1,
4206504,Guaramirim,2020,ok,ok,5523824.49,5523824.49,5523824.49,new_observed,55475391.85,55475391.85,55013072.509169,new_observed,5997695988.4,103225254.81018463,1,
4206504,Guaramirim,2021,ok,ok,6586203.43,6586203.43,6586203.43,new_observed,65028167.3,65028167.3,64888067.44808307,new_observed,7262695676.16,97049604.90830219,2,
4206504,Guaramirim,2022,ok,ok,8588709.13,8588709.13,8588709.13,new_observed,77635293.97,77635293.97,76559189.35724156,new_observed,8681897309.48,108159766.80947973,1,
4206504,Guaramirim,2023,ok,ok,11445420.85,11445420.85,11445420.85,new_observed,89054834.69,89054834.69,88052511.48134111,new_observed,9173087527.72,122798764.56513429,1,
4206504,Guaramirim,2024,ok,ok,13317759.05,13317759.05,13317759.05,new_observed,100401268.08,100401268.08,99691684.11246726,new_observed,10681113310.91,121195696.82768567,1,
4206504,Guaramirim,2025,ok,ok,15545944.16,15545944.16,15545944.16,new_observed,99070348.02,99070348.02,98427118.77489203,new_observed,11364874541.51,113973062.93489203,1,
4206603,Guarujá do Sul,2019,ok,ok,358161.31,358161.31,358161.31,new_observed,6642208.89,6642208.89,6701106.480890993,new_observed,6025655732.23,12296063.952095754,1,
4206603,Guarujá do Sul,2020,ok,ok,452827.7,452827.7,452827.7,new_observed,6663676.41,6663676.41,6608142.8412834,new_observed,5997695988.4,12040103.13480705,1,
4206603,Guarujá do Sul,2021,ok,ok,616024.82,616024.82,616024.82,new_observed,7688384.82,7688384.82,7671820.589152264,new_observed,7262695676.16,11253449.844508374,1,
4206603,Guarujá do Sul,2022,ok,ok,1077904.72,1077904.72,1077904.72,new_observed,9100401.34,9100401.34,8974260.465674063,new_observed,8681897309.48,12768839.41622808,1,
4206603,Guarujá do Sul,2023,ok,ok,978233.4,978233.4,978233.4,new_observed,10289970.35,10289970.35,10174155.457589954,new_observed,9173087527.72,13764100.836803356,1,
4206603,Guarujá do Sul,2024,ok,ok,978774.74,978774.74,978774.74,new_observed,12105407.77,12105407.77,12019853.041077713,new_observed,10681113310.91,13940231.078447098,1,
4206603,Guarujá do Sul,2025,ok,ok,993324.71,993324.71,993324.71,new_observed,12877418.11,12877418.11,12793809.521806056,new_observed,11364874541.51,13787134.231806055,1,
4206652,Guatambú,2019,ok,ok,1035108.88,1035108.88,1035108.88,new_observed,12553807.79,12553807.79,12665124.52929327,new_observed,6025655732.23,23863515.473471887,1,
4206652,Guatambú,2020,ok,ok,1217087.53,1217087.53,1217087.53,new_observed,11839166.15,11839166.15,11740501.222940875,new_observed,5997695988.4,22094796.183000013,3,
4206652,Guatambú,2021,ok,ok,1766591.41,1766591.41,1766591.41,new_observed,14402898.79,14402898.79,14371868.483112454,new_observed,7262695676.16,21913216.28347404,1,
4206652,Guatambú,2022,ok,ok,3052880.32,3052880.32,3052880.32,new_observed,18484925.6,18484925.6,18228705.616955392,new_observed,8681897309.48,27033096.684375584,1,
4206652,Guatambú,2023,ok,ok,3066172.34,3066172.34,3066172.34,new_observed,19173598.32,19173598.32,18957797.093075745,new_observed,9173087527.72,27181632.560921874,1,
4206652,Guatambú,2024,ok,ok,3776982.41,3776982.41,3776982.41,new_observed,23442058.94,23442058.94,23276382.654153418,new_observed,10681113310.91,29013074.82570431,3,
4206652,Guatambú,2025,ok,ok,3270097.01,3270097.01,3270097.01,new_observed,23685139.69,23685139.69,23531360.331922043,new_observed,11364874541.51,26801457.341922045,1,
4206702,Herval d'Oeste,2019,ok,ok,2002434.0,2002434.0,2002434.0,new_observed,11458218.81,11458218.81,11559820.776301734,new_observed,6025655732.23,23623179.769324794,1,
4206702,Herval d'Oeste,2020,ok,ok,2370176.15,2370176.15,2370176.15,new_observed,12070988.48,12070988.48,11970391.598190822,new_observed,5997695988.4,24453000.290881008,1,
4206702,Herval d'Oeste,2021,ok,ok,3458174.85,3458174.85,3458174.85,new_observed,15156776.95,15156776.95,15124122.45127429,new_observed,7262695676.16,25231521.6262007,1,
4206702,Herval d'Oeste,2022,ok,partial,,,4053471.717992878,imputed_temporal,17867182.3,17867182.3,17619524.871183466,new_observed,8681897309.48,27530289.047582388,1,
4206702,Herval d'Oeste,2023,ok,ok,4451591.98,4451591.98,4451591.98,new_observed,19905247.59,19905247.59,19681211.55980569,new_observed,9173087527.72,29784322.053170595,3,
4206702,Herval d'Oeste,2024,ok,ok,4430693.03,4430693.03,4430693.03,new_observed,23833786.24,23833786.24,23665341.42924292,new_observed,10681113310.91,30131273.80414811,1,
4206702,Herval d'Oeste,2025,ok,ok,4543373.72,4543373.72,4543373.72,new_observed,25039072.84,25039072.84,24876502.86580525,new_observed,11364874541.51,29419876.58580525,1,
4206751,Ibiam,2019,ok,ok,133627.35,133627.35,133627.35,new_observed,5572711.78,5572711.78,5622125.958928639,new_observed,6025655732.23,10025559.714620288,1,
4206751,Ibiam,2020,ok,ok,246767.66,246767.66,246767.66,new_observed,5537839.95,5537839.95,5491688.847142822,new_observed,5997695988.4,9785001.61934483,1,
4206751,Ibiam,2021,ok,ok,383114.86,383114.86,383114.86,new_observed,6746257.89,6746257.89,6731723.423312324,new_observed,7262695676.16,9660710.57317574,1,
4206751,Ibiam,2022,ok,ok,211286.65,211286.65,211286.65,new_observed,8353386.69,8353386.69,8237600.203086748,new_observed,8681897309.48,10732262.898613624,1,
4206751,Ibiam,2023,ok,ok,332351.53,332351.53,332351.53,new_observed,9142449.52,9142449.52,9039550.116842529,new_observed,9173087527.72,11566651.857906984,1,
4206751,Ibiam,2024,ok,ok,364113.83,364113.83,364113.83,new_observed,10933615.73,10933615.73,10856342.618040998,new_observed,10681113310.91,12033251.380506478,1,
4206751,Ibiam,2025,ok,ok,518004.43,518004.43,518004.43,new_observed,11275257.14,11275257.14,11202050.824654302,new_observed,11364874541.51,11720055.254654301,1,
4206801,Ibicaré,2019,ok,ok,424909.48,424909.48,424909.48,new_observed,6551658.42,6551658.42,6609753.084541436,new_observed,6025655732.23,12253205.76259056,1,
4206801,Ibicaré,2020,ok,ok,567755.02,567755.02,567755.02,new_observed,6615092.34,6615092.34,6559963.659910019,new_observed,5997695988.4,12153919.566758176,1,
4206801,Ibicaré,2021,ok,ok,663042.91,663042.91,663042.91,new_observed,7723975.0,7723975.0,7707334.091934457,new_observed,7262695676.16,11365513.36573865,1,
4206801,Ibicaré,2022,ok,partial,,,736952.852108695,imputed_temporal,11305224.83,11305224.83,11148522.846073266,new_observed,8681897309.48,15097616.063040257,1,
4206801,Ibicaré,2023,ok,ok,758259.1,758259.1,758259.1,new_observed,10398167.06,10398167.06,10281134.400200784,new_observed,9173087527.72,13624643.765044536,1,
4206801,Ibicaré,2024,ok,ok,1154071.95,1154071.95,1154071.95,new_observed,12220769.67,12220769.67,12134399.623141302,new_observed,10681113310.91,14251070.769072102,1,
4206801,Ibicaré,2025,ok,ok,1271255.36,1271255.36,1271255.36,new_observed,13393023.8,13393023.8,13306067.563742027,new_observed,11364874541.51,14577322.923742026,1,
4206900,Ibirama,2019,ok,ok,2853653.76,2853653.76,2853653.76,new_observed,8871642.35,8871642.35,8950308.704870014,new_observed,6025655732.23,20560528.606588,1,
4206900,Ibirama,2020,ok,ok,2913648.95,2913648.95,2913648.95,new_observed,9423875.55,9423875.55,9345339.107316911,new_observed,5997695988.4,20903568.37994057,1,
4206900,Ibirama,2021,ok,ok,4420067.82,4420067.82,4420067.82,new_observed,11184658.24,11184658.24,11160561.467351671,new_observed,7262695676.16,21155779.527145498,1,
4206900,Ibirama,2022,ok,ok,4547190.4,4547190.4,4547190.4,new_observed,13002881.22,13002881.22,12822647.981424272,new_observed,8681897309.48,22064169.54770416,1,
4206900,Ibirama,2023,ok,ok,5550574.74,5550574.74,5550574.74,new_observed,16439918.17,16439918.17,16254884.852184026,new_observed,9173087527.72,26911951.192896347,1,
4206900,Ibirama,2024,ok,ok,6001535.52,6001535.52,6001535.52,new_observed,19583018.73,19583018.73,19444616.13417194,new_observed,10681113310.91,27289437.01524743,1,
4206900,Ibirama,2025,ok,ok,7090261.06,7090261.06,7090261.06,new_observed,21523802.0,21523802.0,21384055.454348236,new_observed,11364874541.51,28474316.514348235,1,
4207007,Içara,2019,ok,ok,11278329.84,11278329.84,11278329.84,new_observed,32861995.33,32861995.33,33153388.20680669,new_observed,6025655732.23,77392622.40624902,1,
4207007,Içara,2020,ok,ok,14418615.9,14418615.9,14418615.9,new_observed,35202736.13,35202736.13,34909364.506648965,new_observed,5997695988.4,84112229.05624038,1,
4207007,Içara,2021,ok,ok,16929406.33,16929406.33,16929406.33,new_observed,44621486.42,44621486.42,44525351.715620056,new_observed,7262695676.16,83444852.4593706,1,
4207007,Içara,2022,ok,ok,22072226.18,,22072226.18,new_observed,51928106.51,69827189.61,51208329.819661,new_observed,8681897309.48,93085184.59536588,1,
4207007,Içara,2023,ok,ok,23077112.34,23077112.34,23077112.34,new_observed,55690037.11,55690037.11,55063238.83587221,new_observed,9173087527.72,96439577.81080766,1,
4207007,Içara,2024,ok,ok,27004283.2,27004283.2,27004283.2,new_observed,67264264.04,67264264.04,66788875.19020339,new_observed,10681113310.91,100587409.9603166,1,
4207007,Içara,2025,ok,ok,32809141.79,32809141.79,32809141.79,new_observed,78376576.95,78376576.95,77867705.14896911,new_observed,11364874541.51,110676846.9389691,1,
4207106,Ilhota,2019,ok,ok,3721221.98,3721221.98,3721221.98,new_observed,11690384.75,11690384.75,11794045.371002208,new_observed,6025655732.23,27025001.067101803,2,
4207106,Ilhota,2020,ok,ok,3790529.75,3790529.75,3790529.75,new_observed,12533846.19,12533846.19,12429391.95695364,new_observed,5997695988.4,27657604.439562168,1,
4207106,Ilhota,2021,ok,ok,4213652.7,4213652.7,4213652.7,new_observed,15450349.03,15450349.03,15417062.045281796,new_observed,7262695676.16,26655089.820319913,1,
4207106,Ilhota,2022,ok,partial,,,4553387.342019399,imputed_temporal,31373895.2,31373895.2,30939020.909990024,new_observed,8681897309.48,45084502.004701875,1,
4207106,Ilhota,2023,ok,ok,4511013.82,4511013.82,4511013.82,new_observed,31005433.32,31005433.32,30656463.32281409,new_observed,9173087527.72,43403140.596217856,1,
4207106,Ilhota,2024,ok,ok,5325147.06,5325147.06,5325147.06,new_observed,28620862.8,28620862.8,28418585.42075762,new_observed,10681113310.91,36188083.55415973,3,
4207106,Ilhota,2025,ok,ok,6051505.73,6051505.73,6051505.73,new_observed,28548175.43,28548175.43,28362822.075559966,new_observed,11364874541.51,34414327.80555996,3,
4207205,Imaruí,2019,ok,ok,198145.66,198145.66,198145.66,new_observed,4515481.57,4515481.57,4555521.109645626,new_observed,6025655732.23,8280092.544716674,2,
4207205,Imaruí,2020,ok,ok,286396.28,286396.28,286396.28,new_observed,4634564.17,4634564.17,4595940.762743916,new_observed,5997695988.4,8325178.697437404,3,
4207205,Imaruí,2021,ok,ok,279624.99,279624.99,279624.99,new_observed,5530189.95,5530189.95,5518275.439331213,new_observed,7262695676.16,7872538.454069234,1,
4207205,Imaruí,2022,ok,ok,622481.93,622481.93,622481.93,new_observed,6527128.18,6527128.18,6436655.504707783,new_observed,8681897309.48,8966923.11118479,1,
4207205,Imaruí,2023,ok,ok,760352.81,760352.81,760352.81,new_observed,7935065.47,7935065.47,7845755.3240602,new_observed,9173087527.72,10621521.692101087,1,
4207205,Imaruí,2024,ok,ok,837847.16,837847.16,837847.16,new_observed,9211712.92,9211712.92,9146609.321942475,new_observed,10681113310.91,10707717.221781792,1,
4207205,Imaruí,2025,ok,ok,830250.38,830250.38,830250.38,new_observed,10455775.42,10455775.42,10387889.713884711,new_observed,11364874541.51,11218140.093884712,1,
4207304,Imbituba,2019,ok,ok,27678456.83,27678456.83,27678456.83,new_observed,27594487.9,27594487.9,27839172.89652691,new_observed,6025655732.23,96702426.62659863,3,
4207304,Imbituba,2020,ok,ok,28677098.72,28677098.72,28677098.72,new_observed,29334604.35,29334604.35,29090136.406748686,new_observed,5997695988.4,98502530.87336697,1,
4207304,Imbituba,2021,ok,ok,37213473.91,37213473.91,37213473.91,new_observed,35769608.18,35769608.18,35692544.39337927,new_observed,7262695676.16,98993668.41879939,1,
4207304,Imbituba,2022,ok,ok,46130894.41,46130894.41,46130894.41,new_observed,42778263.38,42778263.38,42185312.87778639,new_observed,8681897309.48,112184335.20324579,1,
4207304,Imbituba,2023,ok,ok,55332643.15,55332643.15,55332643.15,new_observed,43471352.43,43471352.43,42982076.96725782,new_observed,9173087527.72,121338462.88143753,1,
4207304,Imbituba,2024,ok,absent_dca,,,61495890.42451894,imputed_temporal,,,52211216.09615856,imputed_temporal,10681113310.91,121943897.99108647,1,
4207304,Imbituba,2025,ok,ok,66248984.45,66248984.45,66248984.45,new_observed,58729582.64,58729582.64,58348271.92633009,new_observed,11364874541.51,124597256.37633009,1,
4207403,Imbuia,2019,ok,ok,297320.4,297320.4,297320.4,new_observed,6611117.45,6611117.45,6669739.347828089,new_observed,6025655732.23,12135452.96127004,1,
4207403,Imbuia,2020,ok,ok,300346.54,300346.54,300346.54,new_observed,6455923.1,6455923.1,6402120.900276599,new_observed,5997695988.4,11428797.042389126,1,
4207403,Imbuia,2021,ok,ok,456134.97,456134.97,456134.97,new_observed,7526654.02,7526654.02,7510438.229867591,new_observed,7262695676.16,10817218.16846541,1,
4207403,Imbuia,2022,ok,ok,861489.14,861489.14,861489.14,new_observed,8807662.4,8807662.4,8685579.186920114,new_observed,8681897309.48,12127236.282978542,1,
4207403,Imbuia,2023,ok,ok,846211.16,846211.16,846211.16,new_observed,9937033.88,9937033.88,9825191.33132957,new_observed,9173087527.72,13170475.118504448,1,
4207403,Imbuia,2024,ok,ok,981730.11,981730.11,981730.11,new_observed,11848827.43,11848827.43,11765086.07753331,new_observed,10681113310.91,13670178.588187242,1,
4207403,Imbuia,2025,ok,ok,1269976.06,1269976.06,1269976.06,new_observed,13259618.56,13259618.56,13173528.477475546,new_observed,11364874541.51,14443504.537475547,1,
4207502,Indaial,2019,ok,ok,24737845.5,24737845.5,24737845.5,new_observed,52636745.38,52636745.38,53103484.31377427,new_observed,6025655732.23,135586578.928399,1,
4207502,Indaial,2020,ok,ok,26006739.42,26006739.42,26006739.42,new_observed,52110402.46,52110402.46,51676126.17798857,new_observed,5997695988.4,132461919.80814232,1,
4207502,Indaial,2021,ok,ok,30695339.32,30695339.32,30695339.32,new_observed,62997587.01,62997587.01,62861861.93919326,new_observed,7262695676.16,127034376.24454902,1,
4207502,Indaial,2022,ok,ok,39389365.48,39389365.48,39389365.48,new_observed,72671092.83,72671092.83,71663797.12453416,new_observed,8681897309.48,141066125.93100503,1,
4207502,Indaial,2023,ok,ok,46785033.09,46785033.09,46785033.09,new_observed,78891965.38,78891965.38,78004026.5257834,new_observed,9173087527.72,154012671.34911272,1,
4207502,Indaial,2024,ok,ok,48942894.76,48942894.76,48942894.76,new_observed,90479784.79,90479784.79,89840320.70851411,new_observed,10681113310.91,148836486.8988192,1,
4207502,Indaial,2025,ok,ok,54230672.08,54230672.08,54230672.08,new_observed,96883819.71,96883819.71,96254786.8312353,new_observed,11364874541.51,150485458.9112353,1,
4207577,Iomerê,2019,ok,ok,314196.37,314196.37,314196.37,new_observed,9196440.31,9196440.31,9277986.703376349,new_observed,6025655732.23,16707978.78820224,1,
4207577,Iomerê,2020,ok,ok,536725.1,536725.1,536725.1,new_observed,8826771.29,8826771.29,8753210.978871547,new_observed,5997695988.4,15840851.884512788,1,
4207577,Iomerê,2021,ok,ok,730178.16,730178.16,730178.16,new_observed,10630586.12,10630586.12,10607683.06732236,new_observed,7262695676.16,15394839.83675307,2,
4207577,Iomerê,2022,ok,ok,774813.51,774813.51,774813.51,new_observed,13713111.55,13713111.55,13523033.792325404,new_observed,8681897309.48,18161949.473465662,1,
4207577,Iomerê,2023,ok,ok,793509.87,793509.87,793509.87,new_observed,14865767.54,14865767.54,14698451.482744513,new_observed,9173087527.72,19119932.14565116,1,
4207577,Iomerê,2024,ok,ok,877091.75,877091.75,877091.75,new_observed,16893843.64,16893843.64,16774446.735695992,new_observed,10681113310.91,18930192.44222893,1,
4207577,Iomerê,2025,ok,ok,1063311.79,1063311.79,1063311.79,new_observed,18230340.96,18230340.96,18111977.709157333,new_observed,11364874541.51,19175289.499157332,1,
4207601,Ipira,2019,ok,ok,280301.56,280301.56,280301.56,new_observed,6041583.37,6041583.37,6095155.112706828,new_observed,6025655732.23,11104979.33972332,1,
4207601,Ipira,2020,ok,ok,424281.69,424281.69,424281.69,new_observed,5816249.3,5816249.3,5767777.9967281725,new_observed,5997695988.4,10558468.812353592,1,
4207601,Ipira,2021,ok,ok,308229.75,308229.75,308229.75,new_observed,6842394.58,6842394.58,6827652.991743442,new_observed,7262695676.16,9689285.28056566,1,
4207601,Ipira,2022,ok,ok,353451.22,353451.22,353451.22,new_observed,8191742.77,8191742.77,8078196.833215965,new_observed,8681897309.48,10710365.181732468,1,
4207601,Ipira,2023,ok,ok,770637.82,770637.82,770637.82,new_observed,9305958.2,9305958.2,9201218.486371439,new_observed,9173087527.72,12307106.35036722,1,
4207601,Ipira,2024,ok,ok,1228333.15,1228333.15,1228333.15,new_observed,10582457.93,10582457.93,10507666.618816217,new_observed,10681113310.91,12586139.973333059,1,
4207601,Ipira,2025,ok,ok,853379.6,853379.6,853379.6,new_observed,11110759.04,11110759.04,11038620.753492385,new_observed,11364874541.51,11892000.353492385,2,
4207650,Iporã do Oeste,2019,ok,ok,1064039.45,1064039.45,1064039.45,new_observed,12057962.86,12057962.86,12164882.858342156,new_observed,6025655732.23,23042570.354191165,1,
4207650,Iporã do Oeste,2020,ok,ok,1170669.79,1170669.79,1170669.79,new_observed,11855048.73,11855048.73,11756251.441119326,new_observed,5997695988.4,22042503.07067763,1,
4207650,Iporã do Oeste,2021,ok,ok,1337139.46,1337139.46,1337139.46,new_observed,14692613.8,14692613.8,14660959.31697949,new_observed,7262695676.16,21722630.34677483,1,
4207650,Iporã do Oeste,2022,ok,ok,2066250.17,2066250.17,2066250.17,new_observed,18974984.61,18974984.61,18711971.90763641,new_observed,8681897309.48,26393694.90686233,4,
4207650,Iporã do Oeste,2023,ok,ok,2045428.29,2045428.29,2045428.29,new_observed,21424035.72,21424035.72,21182905.541048534,new_observed,9173087527.72,28668039.933336228,1,
4207650,Iporã do Oeste,2024,ok,ok,2687312.38,2687312.38,2687312.38,new_observed,25465937.07,25465937.07,25285957.065677036,new_observed,10681113310.91,29999615.856380083,1,
4207650,Iporã do Oeste,2025,ok,ok,2937874.46,2937874.46,2937874.46,new_observed,26724096.71,26724096.71,26550586.46302383,new_observed,11364874541.51,29488460.92302383,1,
4207684,Ipuaçu,2019,ok,ok,406052.4,406052.4,406052.4,new_observed,14711600.9,14711600.9,14842051.156158652,new_observed,6025655732.23,26559646.4149777,1,
4207684,Ipuaçu,2020,ok,ok,479749.51,479749.51,479749.51,new_observed,14334537.83,14334537.83,14215077.040996438,new_observed,5997695988.4,25057069.164593887,1,
4207684,Ipuaçu,2021,ok,ok,614188.12,614188.12,614188.12,new_observed,17309157.88,17309157.88,17271866.186930943,new_observed,7262695676.16,24286144.965605553,1,
4207684,Ipuaçu,2022,ok,ok,775336.02,775336.02,775336.02,new_observed,19291692.74,19291692.74,19024290.138891093,new_observed,8681897309.48,25150625.98499032,1,
4207684,Ipuaçu,2023,ok,ok,833750.53,833750.53,833750.53,new_observed,17928221.48,17928221.48,17726437.123856578,new_observed,9173087527.72,22906688.215396468,1,
4207684,Ipuaçu,2024,ok,ok,1143932.79,1143932.79,1143932.79,new_observed,21650598.43,21650598.43,21497583.255717777,new_observed,10681113310.91,24281637.33583769,1,
4207684,Ipuaçu,2025,ok,ok,1526241.08,1526241.08,1526241.08,new_observed,22971384.57,22971384.57,22822239.375182852,new_observed,11364874541.51,24348480.45518285,1,
4207700,Ipumirim,2019,ok,ok,956273.36,956273.36,956273.36,new_observed,17179461.71,17179461.71,17331794.905820806,new_observed,6025655732.23,31854756.558037184,1,
4207700,Ipumirim,2020,ok,ok,1009603.56,1009603.56,1009603.56,new_observed,17110745.83,17110745.83,16968148.752819505,new_observed,5997695988.4,30654991.507586744,1,
4207700,Ipumirim,2021,ok,ok,1168610.67,1168610.67,1168610.67,new_observed,20314637.22,20314637.22,20270870.37580865,new_observed,7262695676.16,29111079.26492732,1,
4207700,Ipumirim,2022,ok,ok,1551895.08,1551895.08,1551895.08,new_observed,24304125.11,24304125.11,23967245.067399334,new_observed,8681897309.48,32415882.20682535,1,
4207700,Ipumirim,2023,ok,ok,1612581.17,1612581.17,1612581.17,new_observed,24942307.34,24942307.34,24661578.577643517,new_observed,9173087527.72,32427149.805014607,1,
4207700,Ipumirim,2024,ok,ok,1647704.56,1647704.56,1647704.56,new_observed,28963606.77,28963606.77,28758907.05455877,new_observed,10681113310.91,32609226.093586877,1,
4207700,Ipumirim,2025,ok,ok,2221592.62,2221592.62,2221592.62,new_observed,29467524.62,29467524.62,29276202.25164922,new_observed,11364874541.51,31497794.87164922,1,
4207759,Iraceminha,2019,ok,ok,371364.99,371364.99,371364.99,new_observed,6955886.13,6955886.13,7017565.150090118,new_observed,6025655732.23,12870280.634112142,1,
4207759,Iraceminha,2020,ok,ok,582417.79,582417.79,582417.79,new_observed,7119282.42,7119282.42,7059951.9340702435,new_observed,5997695988.4,13031483.297394982,1,
4207759,Iraceminha,2021,ok,ok,547396.55,547396.55,547396.55,new_observed,8643794.21,8643794.21,8625171.598613236,new_observed,7262695676.16,12454749.154920883,2,
4207759,Iraceminha,2022,ok,partial,,,634689.5109825942,imputed_temporal,10700272.75,10700272.75,10551956.02090385,new_observed,8681897309.48,14209921.71979961,1,
4207759,Iraceminha,2023,ok,ok,688219.36,688219.36,688219.36,new_observed,11672675.85,11672675.85,11541298.435709871,new_observed,9173087527.72,15093476.229630657,1,
4207759,Iraceminha,2024,ok,ok,873327.41,873327.41,873327.41,new_observed,14280606.95,14280606.95,14179679.044086678,new_observed,10681113310.91,16143426.208479822,1,
4207759,Iraceminha,2025,ok,ok,878353.07,878353.07,878353.07,new_observed,15522638.8,15522638.8,15421855.715687107,new_observed,11364874541.51,16300208.785687108,2,
4207809,Irani,2019,ok,ok,1040155.48,1040155.48,1040155.48,new_observed,10275171.3,10275171.3,10366282.983716149,new_observed,6025655732.23,19868108.27554628,1,
4207809,Irani,2020,ok,ok,1166535.85,1166535.85,1166535.85,new_observed,10042812.26,10042812.26,9959117.73907283,new_observed,5997695988.4,18971048.791576695,1,
4207809,Irani,2021,ok,ok,1568793.29,1568793.29,1568793.29,new_observed,11809222.11,11809222.11,11783779.746520303,new_observed,7262695676.16,18130467.394539148,1,
4207809,Irani,2022,ok,ok,2360946.38,2360946.38,2360946.38,new_observed,13732511.96,13732511.96,13542165.292791827,new_observed,8681897309.48,20201048.770828012,2,
4207809,Irani,2023,ok,ok,2888971.67,2888971.67,2888971.67,new_observed,15000895.59,15000895.59,14832058.649783727,new_observed,9173087527.72,21871013.58894537,1,
4207809,Irani,2024,ok,ok,2793058.95,2793058.95,2793058.95,new_observed,18446508.57,18446508.57,18316138.23714925,new_observed,10681113310.91,22638319.33842546,1,
4207809,Irani,2025,ok,ok,3293429.41,3293429.41,3293429.41,new_observed,19562741.62,19562741.62,19435727.555994347,new_observed,11364874541.51,22729156.965994347,1,
4207858,Irati,2019,ok,ok,149298.34,149298.34,149298.34,new_observed,3876836.01,3876836.01,3911212.571329201,new_observed,6025655732.23,7072730.95777894,1,
4207858,Irati,2020,ok,ok,151144.87,151144.87,151144.87,new_observed,3896895.72,3896895.72,3864419.8743957193,new_observed,5997695988.4,6847190.961121315,1,
4207858,Irati,2021,ok,ok,176526.02,176526.02,176526.02,new_observed,4772177.77,4772177.77,4761896.357703481,new_observed,7262695676.16,6705517.030652289,1,
4207858,Irati,2022,ok,partial,,,223073.31849546795,imputed_temporal,6615160.26,6615160.26,6523467.370002403,new_observed,8681897309.48,8569844.712584827,1,
4207858,Irati,2023,ok,ok,265500.28,265500.28,265500.28,new_observed,6650706.55,6650706.55,6575852.022985835,new_observed,9173087527.72,8443488.131630939,1,
4207858,Irati,2024,ok,ok,283231.84,283231.84,283231.84,new_observed,7865875.39,7865875.39,7810283.471948655,new_observed,10681113310.91,8679798.789973488,1,
4207858,Irati,2025,ok,ok,420470.53,420470.53,420470.53,new_observed,8349295.71,8349295.71,8295086.642563978,new_observed,11364874541.51,8715557.172563978,1,
4207908,Irineópolis,2019,ok,ok,846029.69,846029.69,846029.69,new_observed,8891029.2,8891029.2,8969867.461351559,new_observed,6025655732.23,17097651.29975037,1,
4207908,Irineópolis,2020,ok,ok,1402641.53,1402641.53,1402641.53,new_observed,10022843.33,10022843.33,9939315.225609006,new_observed,5997695988.4,19339880.86901623,2,
4207908,Irineópolis,2021,ok,ok,1109988.44,1109988.44,1109988.44,new_observed,11793466.84,11793466.84,11768058.420441614,new_observed,7262695676.16,17486143.537278146,5,
4207908,Irineópolis,2022,ok,ok,1437606.4,1437606.4,1437606.4,new_observed,12793963.37,12793963.37,12616625.94659513,new_observed,8681897309.48,17852495.719806246,1,
4207908,Irineópolis,2023,ok,ok,2159384.63,2159384.63,2159384.63,new_observed,16119601.48,16119601.48,15938173.366254365,new_observed,9173087527.72,22335718.054774866,1,
4207908,Irineópolis,2024,ok,ok,1799777.89,1799777.89,1799777.89,new_observed,19132222.77,19132222.77,18997006.165663496,new_observed,10681113310.91,22303275.415466726,1,
4207908,Irineópolis,2025,ok,ok,1934107.95,1934107.95,1934107.95,new_observed,21175257.72,21175257.72,21037774.150895625,new_observed,11364874541.51,22971882.100895625,1,
4208005,Itá,2019,ok,ok,1622035.94,1622035.94,1622035.94,new_observed,25072025.52,25072025.52,25294343.41549839,new_observed,6025655732.23,46883831.54144447,1,
4208005,Itá,2020,ok,ok,1644315.68,1644315.68,1644315.68,new_observed,24481306.66,24481306.66,24277284.999579176,new_observed,5997695988.4,44200544.92178788,1,
4208005,Itá,2021,ok,ok,2843280.41,2843280.41,2843280.41,new_observed,30992629.53,30992629.53,30925857.498925567,new_observed,7262695676.16,45852604.74703413,1,
4208005,Itá,2022,ok,ok,5703433.85,5703433.85,5703433.85,new_observed,38736862.39,38736862.39,38199929.840768255,new_observed,8681897309.48,55768582.23525968,1,
4208005,Itá,2023,ok,ok,3816362.68,3816362.68,3816362.68,new_observed,37528106.96,37528106.96,37105723.4620801,new_observed,9173087527.72,50505387.43801156,1,
4208005,Itá,2024,ok,ok,4092141.1,4092141.1,4092141.1,new_observed,44530104.32,44530104.32,44215388.69237611,new_observed,10681113310.91,51806862.96094999,1,
4208005,Itá,2025,ok,ok,5609815.79,5609815.79,5609815.79,new_observed,39508765.33,39508765.33,39252248.6849466,new_observed,11364874541.51,44862064.474946596,1,
4208104,Itaiópolis,2019,ok,ok,2170240.12,2170240.12,2170240.12,new_observed,20773828.32,20773828.32,20958033.373152293,new_observed,6025655732.23,40285584.62399222,1,
4208104,Itaiópolis,2020,ok,ok,2471455.83,2471455.83,2471455.83,new_observed,22126057.27,22126057.27,21941663.724120874,new_observed,5997695988.4,41628339.27084537,1,
4208104,Itaiópolis,2021,ok,ok,3415770.15,3415770.15,3415770.15,new_observed,25361021.9,25361021.9,25306382.878785387,new_observed,7262695676.16,38999678.75592796,1,
4208104,Itaiópolis,2022,ok,ok,5290323.2,,5290323.2,new_observed,28896055.88,28896055.88,28495526.9783511,new_observed,8681897309.48,42916733.60908638,1,
4208104,Itaiópolis,2023,ok,ok,5546977.43,5546977.43,5546977.43,new_observed,30969065.87,30969065.87,30620505.192973983,new_observed,9173087527.72,44637331.44465741,1,
4208104,Itaiópolis,2024,ok,ok,5311608.8,5311608.8,5311608.8,new_observed,37895947.8,37895947.8,37628118.94178367,new_observed,10681113310.91,46050224.47349752,1,
4208104,Itaiópolis,2025,ok,ok,5947909.11,5947909.11,5947909.11,new_observed,40857011.85,40857011.85,40591741.510136686,new_observed,11364874541.51,46539650.620136686,1,
4208203,Itajaí,2019,ok,ok,146291119.41,146291119.41,146291119.41,new_observed,454676959.75,454676959.75,458708657.3383178,new_observed,6025655732.23,1053808435.4159392,1,
4208203,Itajaí,2020,ok,ok,154593169.0,154593169.0,154593169.0,new_observed,492603548.82,492603548.82,488498302.5047101,new_observed,5997695988.4,1096575548.1857872,1,
4208203,Itajaí,2021,ok,ok,222052438.5,222052438.5,222052438.5,new_observed,593070389.58,593070389.58,591792649.8372643,new_observed,7262695676.16,1105059811.1650455,1,
4208203,Itajaí,2022,ok,ok,281691225.92,281691225.92,281691225.92,new_observed,704192500.62,704192500.62,694431672.0143932,new_observed,8681897309.48,1239927548.3445678,1,
4208203,Itajaí,2023,ok,ok,328502850.3,328502850.3,328502850.3,new_observed,726563429.53,726563429.53,718385868.0251614,new_observed,9173087527.72,1292053394.8323298,1,
4208203,Itajaí,2024,ok,ok,414623593.74,414623593.74,414623593.74,new_observed,874096050.96,874096050.96,867918394.4850771,new_observed,10681113310.91,1375447622.9941108,1,
4208203,Itajaí,2025,ok,ok,458370081.71,458370081.71,458370081.71,new_observed,935364041.08,935364041.08,929291048.3221312,new_observed,11364874541.51,1387661130.0321312,1,
4208302,Itapema,2019,ok,ok,23688938.41,23688938.41,23688938.41,new_observed,18309350.82,18309350.82,18471702.93387277,new_observed,6025655732.23,73436786.5877773,1,
4208302,Itapema,2020,ok,ok,30597163.38,30597163.38,30597163.38,new_observed,19085448.33,19085448.33,18926394.529798858,new_observed,5997695988.4,84445720.50688519,1,
4208302,Itapema,2021,ok,ok,47034995.41,47034995.41,47034995.41,new_observed,24144845.79,24144845.79,24092826.957850993,new_observed,7262695676.16,96579188.20273766,1,
4208302,Itapema,2022,ok,partial,,,62057422.59420678,imputed_temporal,53013923.63,53013923.63,52279096.40334313,new_observed,8681897309.48,145236834.4056741,1,
4208302,Itapema,2023,ok,ok,76945819.67,76945819.67,76945819.67,new_observed,43836313.26,43836313.26,43342930.117855184,new_observed,9173087527.72,148458460.5823042,1,
4208302,Itapema,2024,ok,ok,86915783.88,86915783.88,86915783.88,new_observed,51057429.68,51057429.68,50696582.31006947,new_observed,10681113310.91,147580822.8568569,1,
4208302,Itapema,2025,ok,ok,98015998.09,98015998.09,98015998.09,new_observed,59146205.44,59146205.44,58762189.739676714,new_observed,11364874541.51,156778187.82967672,1,
4208401,Itapiranga,2019,ok,ok,3001135.72,3001135.72,3001135.72,new_observed,25885126.21,25885126.21,26114654.00699139,new_observed,6025655732.23,50714836.59549232,1,
4208401,Itapiranga,2020,ok,ok,3221570.09,3221570.09,3221570.09,new_observed,24693603.2,24693603.2,24487812.308336988,new_observed,5997695988.4,47249003.50839661,1,
4208401,Itapiranga,2021,ok,ok,3714174.72,3714174.72,3714174.72,new_observed,29124450.98,29124450.98,29061703.843814604,new_observed,7262695676.16,44503931.63949137,1,
4208401,Itapiranga,2022,ok,ok,4811021.48,4811021.48,4811021.48,new_observed,38012078.96,38012078.96,37485192.650724225,new_observed,8681897309.48,53727088.26147281,1,
4208401,Itapiranga,2023,ok,ok,5607052.58,5607052.58,5607052.58,new_observed,41160337.54,41160337.54,40697072.836447544,new_observed,9173087527.72,57147814.65481486,1,
4208401,Itapiranga,2024,ok,ok,6750592.07,6750592.07,6750592.07,new_observed,46945773.09,46945773.09,46613984.771335036,new_observed,10681113310.91,57230235.76801575,1,
4208401,Itapiranga,2025,ok,ok,7502113.29,7502113.29,7502113.29,new_observed,47119291.17,47119291.17,46813362.03282586,new_observed,11364874541.51,54315475.32282586,1,
4208450,Itapoá,2019,ok,ok,33223983.11,33223983.11,33223983.11,new_observed,9847960.71,9847960.71,9935284.24507903,new_observed,6025655732.23,75176226.09648427,1,
4208450,Itapoá,2020,ok,ok,23595403.78,23595403.78,23595403.78,new_observed,11721930.32,11721930.32,11624242.409773739,new_observed,5997695988.4,60055224.70558489,1,
4208450,Itapoá,2021,ok,ok,30895333.39,30895333.39,30895333.39,new_observed,18267069.99,18267069.99,18227714.524410006,new_observed,7262695676.16,66700538.99699115,1,
4208450,Itapoá,2022,ok,ok,42954423.74,42954423.74,42954423.74,new_observed,29529862.51,29529862.51,29120548.399932835,new_observed,8681897309.48,91553782.51200138,1,
4208450,Itapoá,2023,ok,ok,49482657.8,49482657.8,49482657.8,new_observed,39178603.04,39178603.04,38737643.004011795,new_observed,9173087527.72,108880091.21858655,1,
4208450,Itapoá,2024,ok,ok,71375950.29,71375950.29,71375950.29,new_observed,48800641.6,48800641.6,48455744.03499037,new_observed,10681113310.91,128512142.78509822,1,
4208450,Itapoá,2025,ok,ok,84392341.95,84392341.95,84392341.95,new_observed,49164592.62,49164592.62,48845384.05326902,new_observed,11364874541.51,133237726.00326902,1,
4208500,Ituporanga,2019,ok,ok,3630633.09,3630633.09,3630633.09,new_observed,17640865.4,17640865.4,17797289.94046522,new_observed,6025655732.23,37323858.47200316,1,
4208500,Ituporanga,2020,ok,ok,3975029.62,3975029.62,3975029.62,new_observed,20331822.11,20331822.11,20162381.313237272,new_observed,5997695988.4,41158211.232329205,3,
4208500,Ituporanga,2021,ok,ok,5097254.34,5097254.34,5097254.34,new_observed,23872855.92,23872855.92,23821423.076078746,new_observed,7262695676.16,39266524.62797889,1,
4208500,Ituporanga,2022,ok,ok,6411494.51,6411494.51,6411494.51,new_observed,25541545.76,25541545.76,25187513.801031217,new_observed,8681897309.48,40138881.06520983,1,
4208500,Ituporanga,2023,ok,ok,8311100.95,8311100.95,8311100.95,new_observed,25832157.13,25832157.13,25541412.99790147,new_observed,9173087527.72,41780233.9488098,1,
4208500,Ituporanga,2024,ok,ok,9924314.73,9924314.73,9924314.73,new_observed,31979110.93,31979110.93,31753099.19881551,new_observed,10681113310.91,44696470.32785548,1,
4208500,Ituporanga,2025,ok,ok,10326063.56,10326063.56,10326063.56,new_observed,35527113.98,35527113.98,35296448.80961414,new_observed,11364874541.51,45622512.36961414,1,
4208609,Jaborá,2019,ok,ok,268963.83,268963.83,268963.83,new_observed,9816729.18,9816729.18,9903775.779814376,new_observed,6025655732.23,17719211.18670404,1,
4208609,Jaborá,2020,ok,ok,515495.58,515495.58,515495.58,new_observed,9703687.76,9703687.76,9622819.425785014,new_observed,5997695988.4,17287475.931124162,1,
4208609,Jaborá,2021,ok,ok,451954.22,451954.22,451954.22,new_observed,11649303.56,11649303.56,11624205.732835935,new_observed,7262695676.16,16397320.851741176,1,
4208609,Jaborá,2022,ok,ok,568633.01,568633.01,568633.01,new_observed,14184477.31,14184477.31,13987865.94057881,new_observed,8681897309.48,18490503.700369667,1,
4208609,Jaborá,2023,ok,ok,747762.53,747762.53,747762.53,new_observed,15057162.81,15057162.81,14887692.575244593,new_observed,9173087527.72,19297029.851271264,1,
4208609,Jaborá,2024,ok,ok,974389.49,974389.49,974389.49,new_observed,17786677.91,17786677.91,17660970.917230263,new_observed,10681113310.91,19985281.114449717,1,
4208609,Jaborá,2025,ok,ok,1013877.04,1013877.04,1013877.04,new_observed,18149701.28,18149701.28,18031861.59449781,new_observed,11364874541.51,19045738.63449781,1,
4208708,Jacinto Machado,2019,ok,ok,662212.81,662212.81,662212.81,new_observed,8639902.53,8639902.53,8716514.008647729,new_observed,6025655732.23,16336173.68930732,1,
4208708,Jacinto Machado,2020,ok,ok,1003327.73,1003327.73,1003327.73,new_observed,8298266.42,8298266.42,8229110.548659643,new_observed,5997695988.4,15742808.783988817,1,
4208708,Jacinto Machado,2021,ok,ok,1011074.64,1011074.64,1011074.64,new_observed,10462422.74,10462422.74,10439881.986701448,new_observed,7262695676.16,15548403.6813624,3,
4208708,Jacinto Machado,2022,ok,ok,1136896.14,1136896.14,1136896.14,new_observed,13539694.25,13539694.25,13352020.23354823,new_observed,8681897309.48,18404656.416973628,1,
4208708,Jacinto Machado,2023,ok,ok,1196634.98,1196634.98,1196634.98,new_observed,15163254.67,15163254.67,14992590.358203206,new_observed,9173087527.72,19980484.259487588,1,
4208708,Jacinto Machado,2024,ok,ok,1340103.13,1340103.13,1340103.13,new_observed,16052824.42,16052824.42,15939371.402325226,new_observed,10681113310.91,18531176.67123352,2,
4208708,Jacinto Machado,2025,ok,ok,1599637.58,1599637.58,1599637.58,new_observed,16736582.35,16736582.35,16627917.553258754,new_observed,11364874541.51,18227555.133258753,2,
4208807,Jaguaruna,2019,ok,ok,2438967.95,2438967.95,2438967.95,new_observed,10089630.85,10089630.85,10179097.315130161,new_observed,6025655732.23,21978559.540121343,1,
4208807,Jaguaruna,2020,ok,ok,2833490.5,2833490.5,2833490.5,new_observed,9939673.25,9939673.25,9856838.266203206,new_observed,5997695988.4,21639074.439747445,1,
4208807,Jaguaruna,2021,ok,ok,3256279.44,3256279.44,3256279.44,new_observed,12474935.34,12474935.34,12448058.731502881,new_observed,7262695676.16,21323754.634593613,1,
4208807,Jaguaruna,2022,ok,ok,3656280.05,3656280.05,3656280.05,new_observed,15001205.46,15001205.46,14793273.402723566,new_observed,8681897309.48,23435685.843551565,1,
4208807,Jaguaruna,2023,ok,ok,3730866.31,3730866.31,3730866.31,new_observed,17673005.28,17673005.28,17474093.41383847,new_observed,9173087527.72,26170823.812391654,1,
4208807,Jaguaruna,2024,ok,ok,4144931.86,4144931.86,4144931.86,new_observed,20834498.79,20834498.79,20687251.383710425,new_observed,10681113310.91,26630993.550225712,4,
4208807,Jaguaruna,2025,ok,ok,5745573.25,5745573.25,5745573.25,new_observed,21633776.23,21633776.23,21493315.659997277,new_observed,11364874541.51,27238888.909997277,1,
4208906,Jaraguá do Sul,2019,ok,ok,47930973.59,47930973.59,47930973.59,new_observed,163513253.25,163513253.25,164963152.9527439,new_observed,6025655732.23,370825965.6012769,1,
4208906,Jaraguá do Sul,2020,ok,ok,51670976.74,51670976.74,51670976.74,new_observed,165015493.78,165015493.78,163640292.05961284,new_observed,5997695988.4,367140730.48126805,1,
4208906,Jaraguá do Sul,2021,ok,ok,65780480.72,65780480.72,65780480.72,new_observed,194255960.13,194255960.13,193837445.6250065,new_observed,7262695676.16,352515903.5462318,1,
4208906,Jaraguá do Sul,2022,ok,partial,,,80686260.76132989,imputed_temporal,226931129.02,226931129.02,223785631.37029362,new_observed,8681897309.48,386757740.802398,1,
4208906,Jaraguá do Sul,2023,ok,ok,93159194.85,93159194.85,93159194.85,new_observed,224988563.87,224988563.87,222456289.6814651,new_observed,9173087527.72,389527607.96097404,1,
4208906,Jaraguá do Sul,2024,ok,ok,111295329.27,111295329.27,111295329.27,new_observed,258221842.27,258221842.27,256396864.5297233,new_observed,10681113310.91,394327326.9791501,1,
4208906,Jaraguá do Sul,2025,ok,ok,128073668.26,128073668.26,128073668.26,new_observed,301617816.13,301617816.13,299659516.75932205,new_observed,11364874541.51,427733185.01932204,1,
4208955,Jardinópolis,2019,ok,ok,178265.59,178265.59,178265.59,new_observed,5071811.47,5071811.47,5116784.081067084,new_observed,6025655732.23,9223091.022128055,1,
4208955,Jardinópolis,2020,ok,ok,159997.42,159997.42,159997.42,new_observed,5175960.86,5175960.86,5132825.575450185,new_observed,5997695988.4,9025124.006241184,1,
4208955,Jardinópolis,2021,ok,ok,146173.08,146173.08,146173.08,new_observed,6420290.8,6420290.8,6406458.612692705,new_observed,7262695676.16,8897331.991958082,1,
4208955,Jardinópolis,2022,ok,ok,135300.12,135300.12,135300.12,new_observed,7847488.11,7847488.11,7738713.895053365,new_observed,8681897309.48,10002026.296049545,1,
4208955,Jardinópolis,2023,ok,ok,190595.71,190595.71,190595.71,new_observed,8401021.62,8401021.62,8306467.079805939,new_observed,9173087527.72,10486939.663688574,1,
4208955,Jardinópolis,2024,ok,ok,167612.96,167612.96,167612.96,new_observed,9276954.99,9276954.99,9211390.294908883,new_observed,10681113310.91,10058405.76874317,1,
4208955,Jardinópolis,2025,ok,ok,286815.31,286815.31,286815.31,new_observed,9826467.58,9826467.58,9762667.750385135,new_observed,11364874541.51,10049483.060385136,1,
4209003,Joaçaba,2019,ok,ok,11808692.05,11808692.05,11808692.05,new_observed,27416628.13,27416628.13,27659736.013830982,new_observed,6025655732.23,68747401.27974422,1,
4209003,Joaçaba,2020,ok,ok,12258176.44,12258176.44,12258176.44,new_observed,27799990.04,27799990.04,27568311.22455056,new_observed,5997695988.4,67910638.65437867,2,
4209003,Joaçaba,2021,ok,ok,16151935.7,16151935.7,16151935.7,new_observed,34702010.04,34702010.04,34627246.33882733,new_observed,7262695676.16,68949280.54377821,1,
4209003,Joaçaba,2022,ok,partial,,,19866951.03365901,imputed_temporal,47061399.47,47061399.47,46409080.318969235,new_observed,8681897309.48,84187633.79382925,1,
4209003,Joaçaba,2023,ok,ok,23004833.17,23004833.17,23004833.17,new_observed,49420665.28,49420665.28,48864429.56332119,new_observed,9173087527.72,88699900.25992666,1,
4209003,Joaçaba,2024,ok,ok,32028616.9,32028616.9,32028616.9,new_observed,48379808.17,48379808.17,48037884.836896405,new_observed,10681113310.91,85866412.56702578,1,
4209003,Joaçaba,2025,ok,ok,34795250.61,34795250.61,34795250.61,new_observed,45526460.51,45526460.51,45230873.067222744,new_observed,11364874541.51,80026123.67722274,1,
4209102,Joinville,2019,ok,ok,253825858.56,253825858.56,253825858.56,new_observed,502182576.66,502182576.66,506635514.59714246,new_observed,6025655732.23,1324596538.1146946,1,
4209102,Joinville,2020,ok,ok,255857626.6,255857626.6,255857626.6,new_observed,505317453.18,505317453.18,501106252.06768954,new_observed,5997695988.4,1290746522.053328,2,
4209102,Joinville,2021,ok,ok,315852339.6,315852339.6,315852339.6,new_observed,620157337.28,620157337.28,618821240.097416,new_observed,7262695676.16,1269123847.1336126,2,
4209102,Joinville,2022,ok,ok,373903094.42,373903094.42,373903094.42,new_observed,755345604.41,755345604.41,744875741.444755,new_observed,8681897309.48,1421137340.4200294,2,
4209102,Joinville,2023,ok,ok,442446070.99,442446070.99,442446070.99,new_observed,750145952.39,750145952.39,741702966.6657624,new_observed,9173087527.72,1461457896.4402924,5,
4209102,Joinville,2024,ok,ok,509072373.3,509072373.3,509072373.3,new_observed,826167869.32,826167869.32,820328944.3166522,new_observed,10681113310.91,1425701379.8445485,1,
4209102,Joinville,2025,ok,ok,575868272.22,575868272.22,575868272.22,new_observed,901000337.17,901000337.17,895150455.9663639,new_observed,11364874541.51,1471018728.186364,1,
4209151,José Boiteux,2019,ok,ok,247388.22,247388.22,247388.22,new_observed,4391404.15,4391404.15,4430343.474153612,new_observed,6025655732.23,8147826.342028934,1,
4209151,José Boiteux,2020,ok,ok,219579.72,219579.72,219579.72,new_observed,4537752.6,4537752.6,4499935.998423599,new_observed,5997695988.4,8047541.8590027,1,
4209151,José Boiteux,2021,ok,ok,378247.96,378247.96,378247.96,new_observed,5454310.74,5454310.74,5442559.707198205,new_observed,7262695676.16,7903642.491329359,1,
4209151,José Boiteux,2022,ok,ok,531602.34,531602.34,531602.34,new_observed,6495000.12,6495000.12,6404972.772493602,new_observed,8681897309.48,8811237.387569422,1,
4209151,José Boiteux,2023,ok,ok,610606.09,610606.09,610606.09,new_observed,7791882.81,7791882.81,7704184.202655438,new_observed,9173087527.72,10261981.848587997,1,
4209151,José Boiteux,2024,ok,ok,728719.38,728719.38,728719.38,new_observed,9161389.08,9161389.08,9096641.144681918,new_observed,10681113310.91,10537096.56510852,1,
4209151,José Boiteux,2025,ok,ok,886579.24,886579.24,886579.24,new_observed,9731804.61,9731804.61,9668619.394060668,new_observed,11364874541.51,10555198.634060668,1,
4209177,Jupiá,2019,ok,ok,34153.92,34153.92,34153.92,new_observed,4414838.56,4414838.56,4453985.681035011,new_observed,6025655732.23,7817588.621793112,1,
4209177,Jupiá,2020,ok,ok,104076.32,104076.32,104076.32,new_observed,4368679.99,4368679.99,4332272.401230919,new_observed,5997695988.4,7564696.075885499,1,
4209177,Jupiá,2021,ok,absent_dca,,,135394.185062541,imputed_temporal,,,5784176.200273563,imputed_temporal,7262695676.16,8037745.052393639,1,
4209177,Jupiá,2022,ok,partial,,,316160.73563077534,imputed_temporal,7648581.29,7648581.29,7542564.127104895,new_observed,8681897309.48,9982605.133827386,1,
4209177,Jupiá,2023,ok,ok,374314.22,374314.22,374314.22,new_observed,7630840.12,7630840.12,7544954.068103256,new_observed,9173087527.72,9773834.885336637,1,
4209177,Jupiá,2024,ok,ok,464446.69,464446.69,464446.69,new_observed,9280035.43,9280035.43,9214448.96396038,new_observed,10681113310.91,10380021.9740732,1,
4209177,Jupiá,2025,ok,ok,509214.08,509214.08,509214.08,new_observed,9357977.18,9357977.18,9297219.095290197,new_observed,11364874541.51,9806433.175290197,1,
4209201,Lacerdópolis,2019,ok,ok,131475.98,131475.98,131475.98,new_observed,7065916.66,7065916.66,7128571.339430073,new_observed,6025655732.23,12645788.313930253,1,
4209201,Lacerdópolis,2020,ok,ok,210391.41,210391.41,210391.41,new_observed,6734573.42,6734573.42,6678449.011672591,new_observed,5997695988.4,11746593.286464853,1,
4209201,Lacerdópolis,2021,ok,ok,371802.83,371802.83,371802.83,new_observed,8030118.56,8030118.56,8012818.081332943,new_observed,7262695676.16,11384854.11259049,1,
4209201,Lacerdópolis,2022,ok,ok,737350.19,737350.19,737350.19,new_observed,9841667.03,9841667.03,9705251.454729453,new_observed,8681897309.48,13264794.303143786,1,
4209201,Lacerdópolis,2023,ok,ok,818554.44,818554.44,818554.44,new_observed,10044616.77,10044616.77,9931563.36256062,new_observed,9173087527.72,13267624.302864818,1,
4209201,Lacerdópolis,2024,ok,ok,625233.95,625233.95,625233.95,new_observed,11824979.06,11824979.06,11741406.255414499,new_observed,10681113310.91,13262463.163877092,1,
4209201,Lacerdópolis,2025,ok,ok,548539.09,548539.09,548539.09,new_observed,12911836.3,12911836.3,12828004.24649263,new_observed,11364874541.51,13376543.33649263,1,
4209300,Lages,2019,ok,ok,43858378.38,43858378.38,43858378.38,new_observed,117806503.16,117806503.16,118851113.37059759,new_observed,6025655732.23,283412724.2998138,1,
4209300,Lages,2020,ok,ok,42817640.54,42817640.54,42817640.54,new_observed,114849873.19,114849873.19,113892740.3803518,new_observed,5997695988.4,267216686.083637,1,
4209300,Lages,2021,ok,ok,53055009.81,53055009.81,53055009.81,new_observed,126318338.17,126318338.17,126046191.78779665,new_observed,7262695676.16,243188222.0011325,1,
4209300,Lages,2022,ok,ok,63463020.99,63463020.99,63463020.99,new_observed,139486885.1,139486885.1,137553454.14611685,new_observed,8681897309.48,255342709.11975306,1,
4209300,Lages,2023,ok,ok,73540579.92,73540579.92,73540579.92,new_observed,136269719.73,136269719.73,134735987.13481548,new_observed,9173087527.72,257051624.31945744,1,
4209300,Lages,2024,ok,ok,76611049.07,76611049.07,76611049.07,new_observed,152635943.29,152635943.29,151557191.7931412,new_observed,10681113310.91,244696444.575879,2,
4209300,Lages,2025,ok,ok,83317688.17,83317688.17,83317688.17,new_observed,158213047.95,158213047.95,157185825.76462355,new_observed,11364874541.51,240503513.93462354,1,
4209409,Laguna,2019,ok,ok,5414062.47,5414062.47,5414062.47,new_observed,12115229.39,12115229.39,12222657.180360077,new_observed,6025655732.23,30720216.196620572,1,
4209409,Laguna,2020,ok,ok,5238247.08,5238247.08,5238247.08,new_observed,11656946.84,11656946.84,11559800.487365976,new_observed,5997695988.4,28643403.055144325,2,
4209409,Laguna,2021,ok,ok,7485825.16,7485825.16,7485825.16,new_observed,13499148.86,13499148.86,13470065.635993922,new_observed,7262695676.16,28454447.975017685,2,
4209409,Laguna,2022,ok,ok,9745217.07,9745217.07,9745217.07,new_observed,15811881.11,15811881.11,15592712.258711383,new_observed,8681897309.48,32185697.78371148,6,
4209409,Laguna,2023,ok,ok,9965817.02,9965817.02,9965817.02,new_observed,16489719.2,16489719.2,16304125.36541525,new_observed,9173087527.72,32421944.803672165,1,
4209409,Laguna,2024,ok,ok,10982490.96,10982490.96,10982490.96,new_observed,18928810.86,18928810.86,18795031.865296338,new_observed,10681113310.91,31934566.949646708,1,
4209409,Laguna,2025,ok,ok,12472309.95,12472309.95,12472309.95,new_observed,19527833.56,19527833.56,19401046.141862974,new_observed,11364874541.51,31873356.091862973,1,
4209458,Lajeado Grande,2019,ok,ok,86459.2,86459.2,86459.2,new_observed,5441707.52,5441707.52,5489960.061973487,new_observed,6025655732.23,9713189.795321567,1,
4209458,Lajeado Grande,2020,ok,ok,135384.95,135384.95,135384.95,new_observed,5150492.59,5150492.59,5107569.552239361,new_observed,5997695988.4,8940090.114947451,1,
4209458,Lajeado Grande,2021,ok,ok,158055.95,158055.95,158055.95,new_observed,6347708.1,6347708.1,6334032.288397941,new_observed,7262695676.16,8815124.53119065,1,
4209458,Lajeado Grande,2022,ok,ok,196205.82,196205.82,196205.82,new_observed,7927542.83,7927542.83,7817658.974720215,new_observed,8681897309.48,10179672.814467812,1,
4209458,Lajeado Grande,2023,ok,ok,209945.64,209945.64,209945.64,new_observed,8681490.26,8681490.26,8583779.010480145,new_observed,9173087527.72,10853075.010733483,1,
4209458,Lajeado Grande,2024,ok,ok,263965.62,263965.62,263965.62,new_observed,10063919.31,10063919.31,9992792.760211516,new_observed,10681113310.91,10999744.307171224,1,
4209458,Lajeado Grande,2025,ok,ok,281842.81,281842.81,281842.81,new_observed,10713131.8,10713131.8,10643575.168594357,new_observed,11364874541.51,10925417.978594357,1,
4209508,Laurentino,2019,ok,ok,873915.88,873915.88,873915.88,new_observed,6533481.11,6533481.11,6591414.593255872,new_observed,6025655732.23,13003357.23786129,1,
4209508,Laurentino,2020,ok,ok,953780.62,953780.62,953780.62,new_observed,6627574.05,6627574.05,6572341.350168162,new_observed,5997695988.4,12833261.971022427,1,
4209508,Laurentino,2021,ok,ok,1442930.33,1442930.33,1442930.33,new_observed,8341676.49,8341676.49,8323704.775748907,new_observed,7262695676.16,13261388.56195222,1,
4209508,Laurentino,2022,ok,ok,1714181.21,1714181.21,1714181.21,new_observed,10468804.26,10468804.26,10323695.92101948,new_observed,8681897309.48,15291205.14427409,1,
4209508,Laurentino,2023,ok,ok,1687903.2,1687903.2,1687903.2,new_observed,11759793.93,11759793.93,11627435.990915436,new_observed,9173087527.72,16433579.714651857,1,
4209508,Laurentino,2024,ok,ok,1894845.35,1894845.35,1894845.35,new_observed,13290197.45,13290197.45,13196269.243551947,new_observed,10681113310.91,16184294.850852124,1,
4209508,Laurentino,2025,ok,ok,2522411.74,2522411.74,2522411.74,new_observed,13820251.12,13820251.12,13730521.045635816,new_observed,11364874541.51,16252932.785635816,1,
4209607,Lauro Muller,2019,ok,ok,1642976.56,1642976.56,1642976.56,new_observed,14435167.35,14435167.35,14563166.423064882,new_observed,6025655732.23,28228390.881233644,1,
4209607,Lauro Muller,2020,ok,ok,2185075.93,2185075.93,2185075.93,new_observed,14438822.85,14438822.85,14318492.973278495,new_observed,5997695988.4,28141269.04029698,1,
4209607,Lauro Muller,2021,ok,ok,2383415.24,2383415.24,2383415.24,new_observed,16749555.09,16749555.09,16713469.032446546,new_observed,7262695676.16,25930241.062295582,1,
4209607,Lauro Muller,2022,ok,partial,,,2451037.226018254,imputed_temporal,25848401.44,25848401.44,25490116.14732417,new_observed,8681897309.48,35492462.96080288,1,
4209607,Lauro Muller,2023,ok,ok,2256706.06,2256706.06,2256706.06,new_observed,22013317.87,22013317.87,21765555.24736988,new_observed,9173087527.72,29647892.589187518,1,
4209607,Lauro Muller,2024,ok,ok,2534931.69,2534931.69,2534931.69,new_observed,25033173.02,25033173.02,24856251.567002896,new_observed,10681113310.91,29375364.11886189,1,
4209607,Lauro Muller,2025,ok,ok,2545394.21,2545394.21,2545394.21,new_observed,24349899.16,24349899.16,24191803.75034241,new_observed,11364874541.51,26737197.96034241,1,
4209706,Lebon Régis,2019,ok,ok,485298.83,485298.83,485298.83,new_observed,7311567.96,7311567.96,7376400.87110102,new_observed,6025655732.23,13693766.146914959,1,
4209706,Lebon Régis,2020,ok,ok,762100.5,762100.5,762100.5,new_observed,7492790.97,7492790.97,7430347.74847934,new_observed,5997695988.4,13969456.643609256,1,
4209706,Lebon Régis,2021,ok,ok,1032575.97,1032575.97,1032575.97,new_observed,9256379.08,9256379.08,9236436.685923103,new_observed,7262695676.16,13943529.731917718,1,
4209706,Lebon Régis,2022,ok,ok,1071736.04,1071736.04,1071736.04,new_observed,11000798.3,11000798.3,10848315.97927575,new_observed,8681897309.48,15141536.898352409,1,
4209706,Lebon Régis,2023,ok,ok,1167261.75,1167261.75,1167261.75,new_observed,13453272.99,13453272.99,13301854.734076666,new_observed,9173087527.72,17857553.28740594,3,
4209706,Lebon Régis,2024,ok,ok,2634309.76,2634309.76,2634309.76,new_observed,16329923.8,16329923.8,16214512.387962073,new_observed,10681113310.91,20214205.739596747,1,
4209706,Lebon Régis,2025,ok,ok,2910041.54,2910041.54,2910041.54,new_observed,17626992.42,17626992.42,17512546.500969302,new_observed,11364874541.51,20422588.0409693,1,
4209805,Leoberto Leal,2019,ok,ok,165404.89,165404.89,165404.89,new_observed,4366055.52,4366055.52,4404770.073559353,new_observed,6025655732.23,7960480.504324367,1,
4209805,Leoberto Leal,2020,ok,ok,218226.91,218226.91,218226.91,new_observed,4459990.06,4459990.06,4422821.513805187,new_observed,5997695988.4,7913742.360139016,2,
4209805,Leoberto Leal,2021,ok,ok,245204.72,245204.72,245204.72,new_observed,5328909.24,5328909.24,5317428.378299586,new_observed,7262695676.16,7553086.415679129,2,
4209805,Leoberto Leal,2022,ok,partial,,,257465.5083409957,imputed_temporal,7907485.28,7907485.28,7797879.442886591,new_observed,8681897309.48,10232363.29931554,1,
4209805,Leoberto Leal,2023,ok,ok,244727.82,244727.82,244727.82,new_observed,6990571.18,6990571.18,6911891.434426538,new_observed,9173087527.72,8832585.585598228,1,
4209805,Leoberto Leal,2024,ok,ok,345236.14,345236.14,345236.14,new_observed,8215239.07,8215239.07,8157178.031080893,new_observed,10681113310.91,9118317.738282368,1,
4209805,Leoberto Leal,2025,ok,ok,374703.36,374703.36,374703.36,new_observed,9027768.42,9027768.42,8969154.26569589,new_observed,11364874541.51,9343857.62569589,1,
4209854,Lindóia do Sul,2019,ok,ok,348018.06,348018.06,348018.06,new_observed,8922308.72,8922308.72,9001424.34215167,new_observed,6025655732.23,16285165.133080004,1,
4209854,Lindóia do Sul,2020,ok,ok,361644.98,361644.98,361644.98,new_observed,8905254.02,8905254.02,8831039.651589746,new_observed,5997695988.4,15675022.350394763,1,
4209854,Lindóia do Sul,2021,ok,ok,410281.19,410281.19,410281.19,new_observed,10987154.86,10987154.86,10963483.598256253,new_observed,7262695676.16,15443590.6160283,1,
4209854,Lindóia do Sul,2022,ok,ok,464123.59,464123.59,464123.59,new_observed,13477398.74,13477398.74,13290588.203059122,new_observed,8681897309.48,17472027.45458,1,
4209854,Lindóia do Sul,2023,ok,ok,525750.64,525750.64,525750.64,new_observed,14221167.11,14221167.11,14061106.11052492,new_observed,9173087527.72,18002866.450409845,1,
4209854,Lindóia do Sul,2024,ok,ok,794993.42,794993.42,794993.42,new_observed,17873596.89,17873596.89,17747275.599065892,new_observed,10681113310.91,19885446.310016453,1,
4209854,Lindóia do Sul,2025,ok,ok,856960.27,856960.27,856960.27,new_observed,18978723.97,18978723.97,18855501.72907408,new_observed,11364874541.51,19712461.99907408,1,
4209904,Lontras,2019,ok,ok,1071724.12,1071724.12,1071724.12,new_observed,6637550.99,6637550.99,6696407.278503015,new_observed,6025655732.23,13530785.811458822,1,
4209904,Lontras,2020,ok,ok,1232412.82,1232412.82,1232412.82,new_observed,7025116.25,7025116.25,6966570.52358597,new_observed,5997695988.4,13980600.043602154,1,
4209904,Lontras,2021,ok,ok,1764140.46,1764140.46,1764140.46,new_observed,8890926.56,8890926.56,8871771.514637677,new_observed,7262695676.16,14441715.071690008,1,
4209904,Lontras,2022,ok,ok,2376065.09,2376065.09,2376065.09,new_observed,10914723.61,10914723.61,10763434.37255288,new_observed,8681897309.48,16690549.30434894,1,
4209904,Lontras,2023,ok,ok,2645585.87,2645585.87,2645585.87,new_observed,12020503.33,12020503.33,11885211.074286306,new_observed,9173087527.72,17933678.329746813,1,
4209904,Lontras,2024,ok,ok,3027999.73,3027999.73,3027999.73,new_observed,15002861.18,15002861.18,14896828.756664822,new_observed,10681113310.91,19223279.20716271,1,
4209904,Lontras,2025,ok,ok,3547911.82,3547911.82,3547911.82,new_observed,16697606.25,16697606.25,16589194.511493448,new_observed,11364874541.51,20137106.33149345,1,
4210001,Luiz Alves,2019,ok,ok,1016262.35,1016262.35,1016262.35,new_observed,12687684.0,12687684.0,12800187.842315355,new_observed,6025655732.23,24065945.67426273,1,
4210001,Luiz Alves,2020,ok,ok,1297780.18,1297780.18,1297780.18,new_observed,16022581.29,16022581.29,15889052.729436908,new_observed,5997695988.4,29306345.293533053,1,
4210001,Luiz Alves,2021,ok,ok,1880643.15,1880643.15,1880643.15,new_observed,16256143.59,16256143.59,16221120.562222013,new_observed,7262695676.16,24579040.748959705,1,
4210001,Luiz Alves,2022,ok,ok,2515877.49,2515877.49,2515877.49,new_observed,16243691.52,16243691.52,16018537.334589796,new_observed,8681897309.48,23543481.64773761,1,
4210001,Luiz Alves,2023,ok,ok,3267920.75,3267920.75,3267920.75,new_observed,18622861.72,18622861.72,18413259.101808883,new_observed,9173087527.72,26758567.115248173,1,
4210001,Luiz Alves,2024,ok,ok,3388015.12,3388015.12,3388015.12,new_observed,24324066.86,24324066.86,24152157.000701234,new_observed,10681113310.91,29535145.53756622,1,
4210001,Luiz Alves,2025,ok,ok,3418869.17,3418869.17,3418869.17,new_observed,26070711.2,26070711.2,25901443.157444842,new_observed,11364874541.51,29320312.327444844,1,
4210035,Luzerna,2019,ok,ok,1025866.46,1025866.46,1025866.46,new_observed,7724192.78,7724192.78,7792684.505245878,new_observed,6025655732.23,15360441.03234013,1,
4210035,Luzerna,2020,ok,ok,1185019.42,1185019.42,1185019.42,new_observed,7531820.18,7531820.18,7469051.6978901215,new_observed,5997695988.4,14756598.712053739,2,
4210035,Luzerna,2021,ok,ok,1536400.81,1536400.81,1536400.81,new_observed,8836952.14,8836952.14,8817913.379757853,new_observed,7262695676.16,14059354.350413732,1,
4210035,Luzerna,2022,ok,ok,2019760.27,2019760.27,2019760.27,new_observed,10472823.48,10472823.48,10327659.430517716,new_observed,8681897309.48,15684403.951635763,2,
4210035,Luzerna,2023,ok,ok,2153323.14,2153323.14,2153323.14,new_observed,11766112.85,11766112.85,11633683.790687189,new_observed,9173087527.72,17015704.532445244,1,
4210035,Luzerna,2024,ok,ok,2558422.58,2558422.58,2558422.58,new_observed,14358106.63,14358106.63,14256630.996637927,new_observed,10681113310.91,18033113.67958615,1,
4210035,Luzerna,2025,ok,ok,2757813.35,2757813.35,2757813.35,new_observed,15803941.51,15803941.51,15701332.025221009,new_observed,11364874541.51,18459145.37522101,1,
4210050,Macieira,2019,ok,ok,129809.29,129809.29,129809.29,new_observed,4871601.02,4871601.02,4914798.331107164,new_observed,6025655732.23,8786862.85317054,1,
4210050,Macieira,2020,ok,ok,185124.76,185124.76,185124.76,new_observed,4961751.86,4961751.86,4920401.7447005045,new_observed,5997695988.4,8705753.028522346,1,
4210050,Macieira,2021,ok,ok,211585.73,211585.73,211585.73,new_observed,5976903.23,5976903.23,5964026.298476132,new_observed,7262695676.16,8385404.986542501,1,
4210050,Macieira,2022,ok,partial,,,296754.0885375523,imputed_temporal,7050831.23,7050831.23,6953099.494568997,new_observed,8681897309.48,9209181.751786515,2,
4210050,Macieira,2023,ok,ok,387790.53,387790.53,387790.53,new_observed,7981281.08,7981281.08,7891450.7716381755,new_observed,9173087527.72,10218107.849639762,1,
4210050,Macieira,2024,ok,ok,603457.69,603457.69,603457.69,new_observed,9525349.36,9525349.36,9458029.142633636,new_observed,10681113310.91,10790327.548561959,1,
4210050,Macieira,2025,ok,ok,2118519.3,2118519.3,2118519.3,new_observed,9906043.47,9906043.47,9841726.981862416,new_observed,11364874541.51,11960246.281862415,1,
4210100,Mafra,2019,ok,ok,11433811.41,11433811.41,11433811.41,new_observed,34856857.68,34856857.68,35165939.3390356,new_observed,6025655732.23,81168972.8078077,4,
4210100,Mafra,2020,ok,ok,12354212.11,12354212.11,12354212.11,new_observed,37321417.13,37321417.13,37010388.89944555,new_observed,5997695988.4,84174673.13980535,1,
4210100,Mafra,2021,ok,ok,14313152.9,14313152.9,14313152.9,new_observed,45145630.59,45145630.59,45048366.64388298,new_observed,7262695676.16,80602599.3369995,1,
4210100,Mafra,2022,ok,ok,15451017.29,15451017.29,15451017.29,new_observed,52100087.93,52100087.93,51377927.40120419,new_observed,8681897309.48,84889976.17489442,1,
4210100,Mafra,2023,ok,ok,20959408.74,20959408.74,20959408.74,new_observed,56818014.09,56818014.09,56178520.29507514,new_observed,9173087527.72,95202404.35827108,1,
4210100,Mafra,2024,ok,ok,22445264.35,22445264.35,22445264.35,new_observed,66842759.19,66842759.19,66370349.31735693,new_observed,10681113310.91,95249298.52206205,1,
4210100,Mafra,2025,ok,ok,25634102.58,25634102.58,25634102.58,new_observed,72384065.36,72384065.36,71914100.8484192,new_observed,11364874541.51,97548203.4284192,1,
4210209,Major Gercino,2019,ok,ok,473502.93,473502.93,473502.93,new_observed,4391840.85,4391840.85,4430784.046446453,new_observed,6025655732.23,8542447.75635642,1,
4210209,Major Gercino,2020,ok,ok,377444.09,377444.09,377444.09,new_observed,4429689.41,4429689.41,4392773.382553908,new_observed,5997695988.4,8133996.595681661,1,
4210209,Major Gercino,2021,ok,ok,240628.53,240628.53,240628.53,new_observed,5226597.94,5226597.94,5215337.50274909,new_observed,7262695676.16,7408251.128222172,1,
4210209,Major Gercino,2022,ok,ok,262628.54,262628.54,262628.54,new_observed,5819724.05,5819724.05,5739056.719782816,new_observed,8681897309.48,7623686.429081601,1,
4210209,Major Gercino,2023,ok,absent_dca,,,546760.7620811631,imputed_temporal,,,6398629.002690347,imputed_temporal,9173087527.72,8571889.511201607,1,
4210209,Major Gercino,2024,ok,ok,907470.42,907470.42,907470.42,new_observed,7847595.92,7847595.92,7792133.1917397315,new_observed,10681113310.91,9329791.319594968,1,
4210209,Major Gercino,2025,ok,absent_dca,,,1021924.3359922544,imputed_temporal,,,8322685.178386042,imputed_temporal,11364874541.51,9344609.514378296,1,
4210308,Major Vieira,2019,ok,ok,246228.83,246228.83,246228.83,new_observed,8146189.51,8146189.51,8218423.151703563,new_observed,6025655732.23,14744008.18645304,1,
4210308,Major Vieira,2020,ok,ok,202543.61,202543.61,202543.61,new_observed,9199333.61,9199333.61,9122668.448946977,new_observed,5997695988.4,15901003.167655285,1,
4210308,Major Vieira,2021,ok,ok,620495.73,620495.73,620495.73,new_observed,11335272.22,11335272.22,11310850.957254985,new_observed,7262695676.16,16200689.671913054,1,
4210308,Major Vieira,2022,ok,ok,817723.12,817723.12,817723.12,new_observed,12334595.98,12334595.98,12163625.858656496,new_observed,8681897309.48,16489657.447204605,1,
4210308,Major Vieira,2023,ok,ok,732033.59,732033.59,732033.59,new_observed,14782951.8,14782951.8,14616567.84416869,new_observed,9173087527.72,18942999.615730394,1,
4210308,Major Vieira,2024,ok,ok,1854143.9,1854143.9,1854143.9,new_observed,18084174.85,18084174.85,17956365.303517044,new_observed,10681113310.91,21245556.125604663,1,
4210308,Major Vieira,2025,ok,ok,1466446.77,1466446.77,1466446.77,new_observed,18101515.01,18101515.01,17983988.181156702,new_observed,11364874541.51,19450434.951156702,1,
4210407,Maracajá,2019,ok,ok,683740.72,683740.72,683740.72,new_observed,6058620.19,6058620.19,6112343.001074455,new_observed,6025655732.23,11837641.315428995,1,
4210407,Maracajá,2020,ok,ok,943552.19,943552.19,943552.19,new_observed,6370524.84,6370524.84,6317434.330017844,new_observed,5997695988.4,12381162.908175593,2,
4210407,Maracajá,2021,ok,ok,1507090.85,1507090.85,1507090.85,new_observed,7637395.74,7637395.74,7620941.362510494,new_observed,7262695676.16,12394277.114424448,6,
4210407,Maracajá,2022,ok,partial,,,1699089.7052058894,imputed_temporal,10559298.75,10559298.75,10412936.064791903,new_observed,8681897309.48,15385393.017887155,1,
4210407,Maracajá,2023,ok,ok,1780350.57,1780350.57,1780350.57,new_observed,10332823.07,10332823.07,10216525.864911932,new_observed,9173087527.72,14806353.96464124,1,
4210407,Maracajá,2024,ok,ok,2976182.62,2976182.62,2976182.62,new_observed,12048227.29,12048227.29,11963076.682984136,new_observed,10681113310.91,16021439.365130654,1,
4210407,Maracajá,2025,ok,ok,2570030.83,2570030.83,2570030.83,new_observed,12632397.62,12632397.62,12550379.864461523,new_observed,11364874541.51,15120410.694461523,1,
4210506,Maravilha,2019,ok,ok,6776437.65,6776437.65,6776437.65,new_observed,25983367.71,25983367.71,26213766.631006207,new_observed,6025655732.23,57463418.820205435,1,
4210506,Maravilha,2020,ok,ok,7562178.65,7562178.65,7562178.65,new_observed,26090556.94,26090556.94,25873124.15252137,new_observed,5997695988.4,57012629.03338647,1,
4210506,Maravilha,2021,ok,ok,10992638.45,10992638.45,10992638.45,new_observed,34618072.82,34618072.82,34543489.95726366,new_observed,7262695676.16,61830127.35473432,1,
4210506,Maravilha,2022,ok,partial,,,12567154.270822216,imputed_temporal,47683180.62,47683180.62,47022242.946008526,new_observed,8681897309.48,75693885.8362501,1,
4210506,Maravilha,2023,ok,ok,13397994.99,13397994.99,13397994.99,new_observed,44585491.96,44585491.96,44083676.71867656,new_observed,9173087527.72,70942964.397067,1,
4210506,Maravilha,2024,ok,ok,15127283.65,15127283.65,15127283.65,new_observed,48824168.37,48824168.37,48479104.53001078,new_observed,10681113310.91,68213950.28985447,1,
4210506,Maravilha,2025,ok,ok,16354796.48,16354796.48,16354796.48,new_observed,54550061.55,54550061.55,54195887.010264695,new_observed,11364874541.51,70550683.4902647,1,
4210555,Marema,2019,ok,ok,176458.21,176458.21,176458.21,new_observed,7563288.15,7563288.15,7630353.106647185,new_observed,6025655732.23,13598159.760323074,1,
4210555,Marema,2020,ok,ok,199187.37,199187.37,199187.37,new_observed,7158552.24,7158552.24,7098894.488291824,new_observed,5997695988.4,12444416.492938193,1,
4210555,Marema,2021,ok,ok,233480.6,233480.6,233480.6,new_observed,8347592.82,8347592.82,8329608.3593193,new_observed,7262695676.16,11627182.622319197,1,
4210555,Marema,2022,ok,ok,324215.18,324215.18,324215.18,new_observed,10082138.31,10082138.31,9942389.55673255,new_observed,8681897309.48,13041232.88981088,1,
4210555,Marema,2023,ok,ok,292800.95,292800.95,292800.95,new_observed,11110541.15,11110541.15,10985490.63147206,new_observed,9173087527.72,13919487.9748659,1,
4210555,Marema,2024,ok,ok,353310.05,353310.05,353310.05,new_observed,13451612.46,13451612.46,13356543.456175527,new_observed,10681113310.91,14702977.048543459,1,
4210555,Marema,2025,ok,ok,407740.66,407740.66,407740.66,new_observed,13506270.97,13506270.97,13418579.45933222,new_observed,11364874541.51,13826320.11933222,1,
4210605,Massaranduba,2019,ok,ok,2185982.9,2185982.9,2185982.9,new_observed,15996475.08,15996475.08,16138318.533068487,new_observed,6025655732.23,31917868.676016245,1,
4210605,Massaranduba,2020,ok,ok,2367889.23,2367889.23,2367889.23,new_observed,15298541.76,15298541.76,15171047.180758758,new_observed,5997695988.4,29906739.027688354,1,
4210605,Massaranduba,2021,ok,ok,2745980.66,2745980.66,2745980.66,new_observed,17208476.12,17208476.12,17171401.340620082,new_observed,7262695676.16,27044333.999084376,1,
4210605,Massaranduba,2022,ok,ok,3486529.98,3486529.98,3486529.98,new_observed,19952187.3,19952187.3,19675629.568455286,new_observed,8681897309.48,29421909.64278779,1,
4210605,Massaranduba,2023,ok,ok,4270649.55,4270649.55,4270649.55,new_observed,21650876.44,21650876.44,21407193.14061306,new_observed,9173087527.72,31691184.78366521,1,
4210605,Massaranduba,2024,ok,ok,5582535.27,5582535.27,5582535.27,new_observed,24577327.16,24577327.16,24403627.388562385,new_observed,10681113310.91,32158320.374768343,1,
4210605,Massaranduba,2025,ok,ok,5054728.56,5054728.56,5054728.56,new_observed,27302712.38,27302712.38,27125445.383117728,new_observed,11364874541.51,32180173.943117727,1,
4210704,Matos Costa,2019,ok,ok,150755.76,150755.76,150755.76,new_observed,3951877.95,3951877.95,3986919.920917334,new_observed,6025655732.23,7207139.08193719,1,
4210704,Matos Costa,2020,ok,ok,228256.09,228256.09,228256.09,new_observed,4051826.44,4051826.44,4018059.436894056,new_observed,5997695988.4,7240658.573466349,1,
4210704,Matos Costa,2021,ok,ok,276276.21,276276.21,276276.21,new_observed,4944379.13,4944379.13,4933726.718703547,new_observed,7262695676.16,7074276.093900286,1,
4210704,Matos Costa,2022,ok,ok,431178.09,431178.09,431178.09,new_observed,5769208.24,5769208.24,5689241.11059843,new_observed,8681897309.48,7774509.122056362,1,
4210704,Matos Costa,2023,ok,ok,404152.49,404152.49,404152.49,new_observed,6514147.29,6514147.29,6440829.754392667,new_observed,9173087527.72,8447968.14754442,2,
4210704,Matos Costa,2024,ok,ok,525729.85,525729.85,525729.85,new_observed,8353251.94,8353251.94,8294215.497864002,new_observed,10681113310.91,9458850.4509285,3,
4210704,Matos Costa,2025,ok,ok,576503.62,576503.62,576503.62,new_observed,8888001.62,8888001.62,8830294.92282158,new_observed,11364874541.51,9406798.542821579,4,
4210803,Meleiro,2019,ok,ok,685390.65,685390.65,685390.65,new_observed,7376390.59,7376390.59,7441798.294337042,new_observed,6025655732.23,14156204.010178339,1,
4210803,Meleiro,2020,ok,ok,945427.61,945427.61,945427.61,new_observed,7386504.96,7386504.96,7324947.501994371,new_observed,5997695988.4,14102334.61954859,4,
4210803,Meleiro,2021,ok,ok,1354358.06,1354358.06,1354358.06,new_observed,8680785.4,8680785.4,8662083.092991225,new_observed,7262695676.16,13600581.643472772,1,
4210803,Meleiro,2022,ok,ok,1668116.24,1668116.24,1668116.24,new_observed,10315940.81,10315940.81,10172951.314850107,new_observed,8681897309.48,15041206.280619908,1,
4210803,Meleiro,2023,ok,ok,1724167.19,1724167.19,1724167.19,new_observed,11986901.88,11986901.88,11851987.812773174,new_observed,9173087527.72,16755474.43874045,1,
4210803,Meleiro,2024,ok,ok,1907063.17,1907063.17,1907063.17,new_observed,14343534.16,14343534.16,14242161.517280145,new_observed,10681113310.91,17319053.03159491,1,
4210803,Meleiro,2025,ok,ok,2454827.54,2454827.54,2454827.54,new_observed,15810356.3,15810356.3,15707705.166225001,new_observed,11364874541.51,18162532.706225,1,
4210852,Mirim Doce,2019,ok,ok,170730.69,170730.69,170730.69,new_observed,4492924.0,4492924.0,4532763.517852972,new_observed,6025655732.23,8192700.332561329,1,
4210852,Mirim Doce,2020,ok,ok,219082.91,219082.91,219082.91,new_observed,4538231.92,4538231.92,4500411.323879369,new_observed,5997695988.4,8047505.224360647,1,
4210852,Mirim Doce,2021,ok,ok,172319.41,172319.41,172319.41,new_observed,5475619.67,5475619.67,5463822.728201204,new_observed,7262695676.16,7652898.882347163,1,
4210852,Mirim Doce,2022,ok,ok,666582.62,666582.62,666582.62,new_observed,6776246.73,6776246.73,6682321.016700583,new_observed,8681897309.48,9335000.837043239,1,
4210852,Mirim Doce,2023,ok,ok,490104.5,490104.5,490104.5,new_observed,8238740.28,8238740.28,8146012.23641312,new_observed,9173087527.72,10658557.83153556,1,
4210852,Mirim Doce,2024,ok,ok,526565.96,526565.96,526565.96,new_observed,9182457.7,9182457.7,9117560.862628624,new_observed,10681113310.91,10342734.53487152,1,
4210852,Mirim Doce,2025,ok,ok,462436.19,462436.19,462436.19,new_observed,9404933.37,9404933.37,9343870.415112082,new_observed,11364874541.51,9806306.605112081,1,
4210902,Modelo,2019,ok,ok,412456.98,412456.98,412456.98,new_observed,6469517.99,6469517.99,6526884.301440552,new_observed,6025655732.23,12087172.028253876,1,
4210902,Modelo,2020,ok,ok,481605.42,481605.42,481605.42,new_observed,6342620.38,6342620.38,6289762.41946226,new_observed,5997695988.4,11546283.428626612,1,
4210902,Modelo,2021,ok,ok,503838.29,503838.29,503838.29,new_observed,7874507.41,7874507.41,7857542.187576152,new_observed,7262695676.16,11353297.653373977,1,
4210902,Modelo,2022,ok,ok,690693.03,690693.03,690693.03,new_observed,9986856.49,9986856.49,9848428.440252442,new_observed,8681897309.48,13387399.346915035,1,
4210902,Modelo,2023,ok,ok,892863.35,892863.35,892863.35,new_observed,11073106.06,11073106.06,10948476.87805256,new_observed,9173087527.72,14614393.6535076,1,
4210902,Modelo,2024,ok,ok,2124965.16,2124965.16,2124965.16,new_observed,13126524.69,13126524.69,13033753.237531641,new_observed,10681113310.91,16256795.784422271,2,
4210902,Modelo,2025,ok,ok,1618415.64,1618415.64,1618415.64,new_observed,13928031.98,13928031.98,13837602.12207191,new_observed,11364874541.51,15456017.762071911,1,
4211009,Mondaí,2019,ok,ok,952409.36,952409.36,952409.36,new_observed,14507280.56,14507280.56,14635919.073108211,new_observed,6025655732.23,27152261.253936466,1,
4211009,Mondaí,2020,ok,ok,1181523.35,1181523.35,1181523.35,new_observed,15365796.36,15365796.36,15237741.296167249,new_observed,5997695988.4,27997516.57108781,1,
4211009,Mondaí,2021,ok,ok,1354623.19,1354623.19,1354623.19,new_observed,18369033.16,18369033.16,18329458.01998874,new_observed,7262695676.16,26727552.179872997,2,
4211009,Mondaí,2022,ok,partial,,,3012016.108372175,imputed_temporal,25050480.92,25050480.92,24703255.62218319,new_observed,8681897309.48,35205535.083022654,1,
4211009,Mondaí,2023,ok,ok,5116098.36,5116098.36,5116098.36,new_observed,25791953.71,25791953.71,25501662.07237944,new_observed,9173087527.72,37787952.64133475,1,
4211009,Mondaí,2024,ok,ok,7116164.37,7116164.37,7116164.37,new_observed,29419621.94,29419621.94,29211699.346404225,new_observed,10681113310.91,38959405.81745174,1,
4211009,Mondaí,2025,ok,ok,8047830.78,8047830.78,8047830.78,new_observed,27895298.11,27895298.11,27714183.660480406,new_observed,11364874541.51,35762014.4404804,1,
4211058,Monte Carlo,2019,ok,ok,397022.74,397022.74,397022.74,new_observed,5803544.95,5803544.95,5855005.965731859,new_observed,6025655732.23,10889988.462431526,1,
4211058,Monte Carlo,2020,ok,ok,479628.05,479628.05,479628.05,new_observed,5821312.77,5821312.77,5772799.2689169515,new_observed,5997695988.4,10661405.443133654,1,
4211058,Monte Carlo,2021,ok,ok,692823.11,692823.11,692823.11,new_observed,6937610.57,6937610.57,6922663.843775497,new_observed,7262695676.16,10340504.225764321,1,
4211058,Monte Carlo,2022,ok,ok,991369.48,991369.48,991369.48,new_observed,8146612.4,8146612.4,8033692.016322666,new_observed,8681897309.48,11464153.129154896,1,
4211058,Monte Carlo,2023,ok,ok,1051707.92,1051707.92,1051707.92,new_observed,10085797.44,10085797.44,9972280.539012708,new_observed,9173087527.72,13605631.108382778,1,
4211058,Monte Carlo,2024,ok,ok,1752589.51,1752589.51,1752589.51,new_observed,12207618.21,12207618.21,12121341.11082358,new_observed,10681113310.91,14878939.691016251,1,
4211058,Monte Carlo,2025,ok,ok,1668588.12,1668588.12,1668588.12,new_observed,12533933.09,12533933.09,12452554.630341345,new_observed,11364874541.51,14121142.750341345,1,
4211108,Monte Castelo,2019,ok,ok,1989908.35,1989908.35,1989908.35,new_observed,5724588.05,5724588.05,5775348.941530523,new_observed,6025655732.23,13525779.597757095,1,
4211108,Monte Castelo,2020,ok,ok,1901863.59,1901863.59,1901863.59,new_observed,5847305.38,5847305.38,5798575.262397069,new_observed,5997695988.4,13130500.60527292,1,
4211108,Monte Castelo,2021,ok,ok,1991869.82,1991869.82,1991869.82,new_observed,7475301.24,7475301.24,7459196.08679882,new_observed,7262695676.16,12832900.580149993,1,
4211108,Monte Castelo,2022,ok,ok,2764545.37,2764545.37,2764545.37,new_observed,9025682.9,9025682.9,8900577.6997062,new_observed,8681897309.48,14817711.45781544,1,
4211108,Monte Castelo,2023,ok,ok,3197613.56,3197613.56,3197613.56,new_observed,9959139.23,9959139.23,9847047.882873904,new_observed,9173087527.72,16099513.545878792,5,
4211108,Monte Castelo,2024,ok,ok,5147608.78,5147608.78,5147608.78,new_observed,11509691.73,11509691.73,11428347.212355617,new_observed,10681113310.91,17776696.184499025,1,
4211108,Monte Castelo,2025,ok,ok,4633614.1,4633614.1,4633614.1,new_observed,11933567.98,11933567.98,11856087.481782004,new_observed,11364874541.51,16489701.581782004,1,
4211207,Morro da Fumaça,2019,ok,ok,2319040.97,2319040.97,2319040.97,new_observed,15270598.78,15270598.78,15406005.765010515,new_observed,6025655732.23,30874067.2069145,1,
4211207,Morro da Fumaça,2020,ok,ok,2297935.9,2297935.9,2297935.9,new_observed,14678564.58,14678564.58,14556236.750043971,new_observed,5997695988.4,28739105.44902088,1,
4211207,Morro da Fumaça,2021,ok,ok,2932936.74,2932936.74,2932936.74,new_observed,17561231.66,17561231.66,17523396.88689784,new_observed,7262695676.16,27776136.391083065,1,
4211207,Morro da Fumaça,2022,ok,ok,3857063.85,3857063.85,3857063.85,new_observed,20711990.23,20711990.23,20424900.852396518,new_observed,8681897309.48,30844350.671564154,1,
4211207,Morro da Fumaça,2023,ok,ok,4608628.15,4608628.15,4608628.15,new_observed,23818529.0,23818529.0,23550448.502226695,new_observed,9173087527.72,34753484.25003545,1,
4211207,Morro da Fumaça,2024,ok,ok,4954195.41,4954195.41,4954195.41,new_observed,27191764.81,27191764.81,26999587.552410755,new_observed,10681113310.91,34268472.47483997,1,
4211207,Morro da Fumaça,2025,ok,ok,6520408.69,6520408.69,6520408.69,new_observed,29251676.07,29251676.07,29061755.131064266,new_observed,11364874541.51,35582163.82106426,1,
4211256,Morro Grande,2019,ok,ok,177828.76,177828.76,177828.76,new_observed,7526952.43,7526952.43,7593695.191665555,new_observed,6025655732.23,13536695.071722515,1,
4211256,Morro Grande,2020,ok,ok,252339.94,252339.94,252339.94,new_observed,5865783.71,5865783.71,5816899.598183411,new_observed,5997695988.4,10349040.484212957,1,
4211256,Morro Grande,2021,ok,ok,251628.19,251628.19,251628.19,new_observed,6003040.23,6003040.23,5990106.987649891,new_observed,7262695676.16,8475188.700650647,1,
4211256,Morro Grande,2022,ok,ok,381186.22,381186.22,381186.22,new_observed,6789968.52,6789968.52,6695852.6086507095,new_observed,8681897309.48,8989662.493234504,1,
4211256,Morro Grande,2023,ok,ok,426355.5,426355.5,426355.5,new_observed,7808469.53,7808469.53,7720584.237064821,new_observed,9173087527.72,10054823.364234181,1,
4211256,Morro Grande,2024,ok,ok,519033.74,519033.74,519033.74,new_observed,9363255.68,9363255.68,9297081.056496799,new_observed,10681113310.91,10527181.088678256,1,
4211256,Morro Grande,2025,ok,ok,612779.2,612779.2,612779.2,new_observed,10566459.55,10566459.55,10497855.210400444,new_observed,11364874541.51,11110634.410400443,1,
4211306,Navegantes,2019,ok,ok,28915229.91,28915229.91,28915229.91,new_observed,55558567.07,55558567.07,56051214.291424364,new_observed,6025655732.23,147997336.64035216,1,
4211306,Navegantes,2020,ok,ok,34068645.94,34068645.94,34068645.94,new_observed,55619376.52,55619376.52,55155857.24356684,new_observed,5997695988.4,152142288.9673755,1,
4211306,Navegantes,2021,ok,ok,43819002.31,43819002.31,43819002.31,new_observed,69536000.89,69536000.89,69386189.14176725,new_observed,7262695676.16,153712923.1119115,1,
4211306,Navegantes,2022,ok,partial,,,59298126.16257798,imputed_temporal,94679330.35,94679330.35,93366977.9531393,new_observed,8681897309.48,193924011.6839184,1,
4211306,Navegantes,2023,ok,ok,75198251.34,75198251.34,75198251.34,new_observed,106916066.62,106916066.62,105712713.03089073,new_observed,9173087527.72,223277433.01289335,1,
4211306,Navegantes,2024,ok,ok,89990184.09,89990184.09,89990184.09,new_observed,125248834.51,125248834.51,124363640.86035764,new_observed,10681113310.91,229881330.7591487,1,
4211306,Navegantes,2025,ok,ok,102532889.69,102532889.69,102532889.69,new_observed,149877235.12,149877235.12,148904134.46241835,new_observed,11364874541.51,251437024.15241835,1,
4211405,Nova Erechim,2019,ok,ok,551876.41,551876.41,551876.41,new_observed,9420085.68,9420085.68,9503615.174739925,new_observed,6025655732.23,17514984.734715253,1,
4211405,Nova Erechim,2020,ok,ok,857435.39,857435.39,857435.39,new_observed,9744141.32,9744141.32,9662935.854985759,new_observed,5997695988.4,17938943.95473064,1,
4211405,Nova Erechim,2021,ok,ok,837566.47,837566.47,837566.47,new_observed,11487877.33,11487877.33,11463127.287370814,new_observed,7262695676.16,16702198.63154865,3,
4211405,Nova Erechim,2022,ok,ok,1028484.59,1028484.59,1028484.59,new_observed,13378828.3,13378828.3,13193384.050217211,new_observed,8681897309.48,18065436.999028616,1,
4211405,Nova Erechim,2023,ok,ok,1157093.6,1157093.6,1157093.6,new_observed,14069021.55,14069021.55,13910672.967671204,new_observed,9173087527.72,18596397.693010412,1,
4211405,Nova Erechim,2024,ok,ok,1481720.07,1481720.07,1481720.07,new_observed,16826938.8,16826938.8,16708014.744323527,new_observed,10681113310.91,19507374.996649116,1,
4211405,Nova Erechim,2025,ok,ok,1760317.03,1760317.03,1760317.03,new_observed,17575717.92,17575717.92,17461604.908429377,new_observed,11364874541.51,19221921.938429378,4,
4211454,Nova Itaberaba,2019,ok,ok,393541.17,393541.17,393541.17,new_observed,9141934.71,9141934.71,9222997.792992223,new_observed,6025655732.23,16750402.67481459,1,
4211454,Nova Itaberaba,2020,ok,ok,452589.25,452589.25,452589.25,new_observed,8562525.47,8562525.47,8491167.323637687,new_observed,5997695988.4,15250559.527137429,1,
4211454,Nova Itaberaba,2021,ok,ok,758552.77,758552.77,758552.77,new_observed,10074567.6,10074567.6,10052862.460712042,new_observed,7262695676.16,14680017.910640137,1,
4211454,Nova Itaberaba,2022,ok,ok,824663.4,824663.4,824663.4,new_observed,12300297.53,12300297.53,12129802.820268508,new_observed,8681897309.48,16455509.41853804,4,
4211454,Nova Itaberaba,2023,ok,ok,1384206.09,1384206.09,1384206.09,new_observed,13261170.2,13261170.2,13111914.084801931,new_observed,9173087527.72,17890880.812732987,1,
4211454,Nova Itaberaba,2024,ok,ok,1162478.09,1162478.09,1162478.09,new_observed,15947490.47,15947490.47,15834781.897924235,new_observed,10681113310.91,18228518.880818486,1,
4211454,Nova Itaberaba,2025,ok,ok,1435886.11,1435886.11,1435886.11,new_observed,16892854.76,16892854.76,16783175.340959303,new_observed,11364874541.51,18219061.450959302,1,
4211504,Nova Trento,2019,ok,ok,1380882.06,1380882.06,1380882.06,new_observed,9771339.64,9771339.64,9857983.763077807,new_observed,6025655732.23,19576224.759161,1,
4211504,Nova Trento,2020,ok,ok,1733799.27,1733799.27,1733799.27,new_observed,9451767.59,9451767.59,9372998.70137796,new_observed,5997695988.4,18938896.896820955,1,
4211504,Nova Trento,2021,ok,ok,2110342.64,2110342.64,2110342.64,new_observed,11790229.73,11790229.73,11764828.28462912,new_observed,7262695676.16,18840064.25986969,1,
4211504,Nova Trento,2022,ok,ok,2331064.83,2331064.83,2331064.83,new_observed,13957492.69,13957492.69,13764027.559668232,new_observed,8681897309.48,20444913.739173412,1,
4211504,Nova Trento,2023,ok,ok,3220126.51,3220126.51,3220126.51,new_observed,14518749.33,14518749.33,14355339.005733872,new_observed,9173087527.72,21691359.824463498,1,
4211504,Nova Trento,2024,ok,ok,2773330.13,2773330.13,2773330.13,new_observed,17395757.98,17395757.98,17272813.80606933,new_observed,10681113310.91,21498259.92459094,1,
4211504,Nova Trento,2025,ok,ok,3655741.21,3655741.21,3655741.21,new_observed,18659703.02,18659703.02,18538552.07092823,new_observed,11364874541.51,22194293.28092823,1,
4211603,Nova Veneza,2019,ok,ok,2417216.31,2417216.31,2417216.31,new_observed,19279225.56,19279225.56,19450177.717412207,new_observed,6025655732.23,38089343.45481175,1,
4211603,Nova Veneza,2020,ok,ok,2531911.56,2531911.56,2531911.56,new_observed,19165657.27,19165657.27,19005935.026674207,new_observed,5997695988.4,36725531.24093276,1,
4211603,Nova Veneza,2021,ok,ok,3400727.13,3400727.13,3400727.13,new_observed,23142256.57,23142256.57,23092397.76491446,new_observed,7262695676.16,35973046.97551202,1,
4211603,Nova Veneza,2022,ok,ok,3870271.43,3870271.43,3870271.43,new_observed,27123738.62,27123738.62,26747775.84905313,new_observed,8681897309.48,38892807.840233706,1,
4211603,Nova Veneza,2023,ok,ok,4375016.14,4375016.14,4375016.14,new_observed,28488918.15,28488918.15,28168271.84314054,new_observed,9173087527.72,40164408.09954643,1,
4211603,Nova Veneza,2024,ok,ok,4449625.08,4449625.08,4449625.08,new_observed,32656189.85,32656189.85,32425392.876999605,new_observed,10681113310.91,39546195.18306118,1,
4211603,Nova Veneza,2025,ok,ok,4796754.16,4796754.16,4796754.16,new_observed,33944441.78,33944441.78,33724052.348670326,new_observed,11364874541.51,38520806.50867033,1,
4211652,Novo Horizonte,2019,ok,ok,95801.29,95801.29,95801.29,new_observed,5579253.5,5579253.5,5628725.685467527,new_observed,6025655732.23,9971168.663791655,1,
4211652,Novo Horizonte,2020,ok,ok,79337.11,79337.11,79337.11,new_observed,5734412.81,5734412.81,5686623.513485602,new_observed,5997695988.4,9831900.61084503,1,
4211652,Novo Horizonte,2021,ok,ok,148225.49,148225.49,148225.49,new_observed,6940382.1,6940382.1,6925429.402656229,new_observed,7262695676.16,9604790.705188897,1,
4211652,Novo Horizonte,2022,ok,ok,193674.57,193674.57,193674.57,new_observed,8043306.01,8043306.01,7931817.558593695,new_observed,8681897309.48,10321468.285827901,1,
4211652,Novo Horizonte,2023,ok,ok,194532.0,194532.0,194532.0,new_observed,8481330.21,8481330.21,8385871.786665941,new_observed,9173087527.72,10589797.795634007,1,
4211652,Novo Horizonte,2024,ok,ok,175882.43,175882.43,175882.43,new_observed,9739850.87,9739850.87,9671014.667473106,new_observed,10681113310.91,10560193.218570972,1,
4211652,Novo Horizonte,2025,ok,ok,269458.85,269458.85,269458.85,new_observed,10028921.17,10028921.17,9963806.879777418,new_observed,11364874541.51,10233265.729777418,1,
4211702,Orleans,2019,ok,ok,3726144.45,3726144.45,3726144.45,new_observed,20814864.27,20814864.27,20999433.195869178,new_observed,6025655732.23,43067821.33671451,1,
4211702,Orleans,2020,ok,ok,4058409.0,4058409.0,4058409.0,new_observed,20006524.53,20006524.53,19839794.689532384,new_observed,5997695988.4,40750323.978309266,1,
4211702,Orleans,2021,ok,ok,5053206.88,5053206.88,5053206.88,new_observed,23588397.47,23588397.47,23537577.477222737,new_observed,7262695676.16,38821302.99195226,1,
4211702,Orleans,2022,ok,partial,,,5623476.463251803,imputed_temporal,27922974.35,27922974.35,27535933.354037758,new_observed,8681897309.48,42120992.967494205,3,
4211702,Orleans,2023,ok,ok,5795410.23,5795410.23,5795410.23,new_observed,29571486.99,29571486.99,29238656.2365905,new_observed,9173087527.72,43238487.26286517,1,
4211702,Orleans,2024,ok,ok,6678005.43,6678005.43,6678005.43,new_observed,34451089.85,34451089.85,34207607.456907995,new_observed,10681113310.91,43847312.27223257,3,
4211702,Orleans,2025,ok,ok,6757885.74,6757885.74,6757885.74,new_observed,34853761.09,34853761.09,34627467.76527515,new_observed,11364874541.51,41385353.50527515,1,
4211751,Otacílio Costa,2019,ok,ok,6439120.74,6439120.74,6439120.74,new_observed,19146554.78,19146554.78,19316330.523142044,new_observed,6025655732.23,44861688.94957142,3,
4211751,Otacílio Costa,2020,ok,ok,8237938.83,8237938.83,8237938.83,new_observed,20334998.63,20334998.63,20165531.360839628,new_observed,5997695988.4,48432536.07767757,2,
4211751,Otacílio Costa,2021,ok,ok,8649645.24,8649645.24,8649645.24,new_observed,24453344.03,24453344.03,24400660.554212168,new_observed,7262695676.16,44876555.99730529,1,
4211751,Otacílio Costa,2022,ok,ok,10045330.7,10045330.7,10045330.7,new_observed,27336687.17,27336687.17,26957772.71425596,new_observed,8681897309.48,47003474.04478432,2,
4211751,Otacílio Costa,2023,ok,ok,9494297.18,9494297.18,9494297.18,new_observed,30061420.36,30061420.36,29723075.34575158,new_observed,9173087527.72,48401457.02340368,3,
4211751,Otacílio Costa,2024,ok,ok,13888905.28,13888905.28,13888905.28,new_observed,33548808.58,33548808.58,33311703.04185855,new_observed,10681113310.91,50619757.57224334,1,
4211751,Otacílio Costa,2025,ok,ok,14537675.65,14537675.65,14537675.65,new_observed,33404437.52,33404437.52,33187554.148146823,new_observed,11364874541.51,47725229.79814682,1,
4211801,Ouro,2019,ok,ok,762944.15,762944.15,762944.15,new_observed,10904208.73,10904208.73,11000898.195117008,new_observed,6025655732.23,20490646.067369804,1,
4211801,Ouro,2020,ok,ok,1348848.68,1348848.68,1348848.68,new_observed,10605349.14,10605349.14,10516966.56422758,new_observed,5997695988.4,20233144.78990852,1,
4211801,Ouro,2021,ok,ok,1065509.15,1065509.15,1065509.15,new_observed,12978493.95,12978493.95,12950532.45029924,new_observed,7262695676.16,19031342.08962567,1,
4211801,Ouro,2022,ok,ok,1226882.21,1226882.21,1226882.21,new_observed,16148575.15,16148575.15,15924739.374803398,new_observed,8681897309.48,21786977.999166273,1,
4211801,Ouro,2023,ok,ok,2076722.28,2076722.28,2076722.28,new_observed,17436836.01,17436836.01,17240582.25826108,new_observed,9173087527.72,23841109.82454774,1,
4211801,Ouro,2024,ok,ok,2717503.08,2717503.08,2717503.08,new_observed,20288137.78,20288137.78,20144751.769294318,new_observed,10681113310.91,24518366.16457732,1,
4211801,Ouro,2025,ok,ok,2445009.84,2445009.84,2445009.84,new_observed,20939403.36,20939403.36,20803451.111063264,new_observed,11364874541.51,23248460.951063264,1,
4211850,Ouro Verde,2019,ok,ok,99685.29,99685.29,99685.29,new_observed,5850353.92,5850353.92,5902229.998794576,new_observed,6025655732.23,10454332.717241293,1,
4211850,Ouro Verde,2020,ok,ok,85288.77,85288.77,85288.77,new_observed,6121558.73,6121558.73,6070543.047144362,new_observed,5997695988.4,10496694.402788622,1,
4211850,Ouro Verde,2021,ok,ok,81955.35,81955.35,81955.35,new_observed,7497512.08,7497512.08,7481359.074682974,new_observed,7262695676.16,10269663.022723116,1,
4211850,Ouro Verde,2022,ok,ok,259352.04,259352.04,259352.04,new_observed,9200890.53,9200890.53,9073356.772677662,new_observed,8681897309.48,11854944.47677112,1,
4211850,Ouro Verde,2023,ok,ok,265938.64,265938.64,265938.64,new_observed,9946099.39,9946099.39,9834154.807890251,new_observed,9173087527.72,12465374.58952453,1,
4211850,Ouro Verde,2024,ok,ok,328526.95,328526.95,328526.95,new_observed,11283788.41,11283788.41,11204040.459581805,new_observed,10681113310.91,12367971.244731596,1,
4211850,Ouro Verde,2025,ok,ok,748729.31,748729.31,748729.31,new_observed,11693742.59,11693742.59,11617819.194463588,new_observed,11364874541.51,12366548.504463589,1,
4211876,Paial,2019,ok,ok,226975.99,226975.99,226975.99,new_observed,4586241.27,4586241.27,4626908.247886606,new_observed,6025655732.23,8454654.614765681,1,
4211876,Paial,2020,ok,ok,253567.01,253567.01,253567.01,new_observed,4562462.51,4562462.51,4524439.98163476,new_observed,5997695988.4,8147278.992564025,1,
4211876,Paial,2021,ok,ok,421617.83,421617.83,421617.83,new_observed,5504338.81,5504338.81,5492479.994286741,new_observed,7262695676.16,8030314.268124665,1,
4211876,Paial,2022,ok,ok,402105.08,402105.08,402105.08,new_observed,6675306.12,6675306.12,6582779.546840087,new_observed,8681897309.48,8872602.916246304,2,
4211876,Paial,2023,ok,ok,449799.36,449799.36,449799.36,new_observed,7457482.32,7457482.32,7373547.431641394,new_observed,9173087527.72,9655450.101002328,1,
4211876,Paial,2024,ok,ok,521254.63,521254.63,521254.63,new_observed,9092518.98,9092518.98,9028257.782745458,new_observed,10681113310.91,10241266.383053046,1,
4211876,Paial,2025,ok,ok,555073.83,555073.83,555073.83,new_observed,9722054.06,9722054.06,9658932.150983892,new_observed,11364874541.51,10214005.980983892,1,
4211892,Painel,2019,ok,ok,219806.22,219806.22,219806.22,new_observed,4137558.33,4137558.33,4174246.760286323,new_observed,6025655732.23,7653705.462798172,2,
4211892,Painel,2020,ok,ok,261647.68,261647.68,261647.68,new_observed,4187687.19,4187687.19,4152787.9541996988,new_observed,5997695988.4,7527330.6986593325,3,
4211892,Painel,2021,ok,ok,454327.97,454327.97,454327.97,new_observed,5213210.33,5213210.33,5201978.735668342,new_observed,7262695676.16,7680278.8511358,1,
4211892,Painel,2022,ok,ok,563397.6,563397.6,563397.6,new_observed,6331778.65,6331778.65,6244013.719080008,new_observed,8681897309.48,8647166.094865287,3,
4211892,Painel,2023,ok,ok,436367.67,436367.67,436367.67,new_observed,6616074.02,6616074.02,6541609.286405972,new_observed,9173087527.72,8612108.104488885,1,
4211892,Painel,2024,ok,ok,629012.18,629012.18,629012.18,new_observed,7885640.87,7885640.87,7829909.259811428,new_observed,10681113310.91,9071674.451441605,1,
4211892,Painel,2025,ok,ok,757272.11,757272.11,757272.11,new_observed,8255070.85,8255070.85,8201473.5517439535,new_observed,11364874541.51,8958745.661743954,1,
4211900,Palhoça,2019,ok,ok,40885603.05,40885603.05,40885603.05,new_observed,70936278.24,70936278.24,71565282.23013334,new_observed,6025655732.23,195870636.7051962,1,
4211900,Palhoça,2020,ok,ok,43799550.8,43799550.8,43799550.8,new_observed,72528679.11,72528679.11,71924241.5386865,new_observed,5997695988.4,197327886.69240487,1,
4211900,Palhoça,2021,ok,ok,67624295.8,67624295.8,67624295.8,new_observed,89034824.92,89034824.92,88843003.95526029,new_observed,7262695676.16,212455327.4313046,1,
4211900,Palhoça,2022,ok,ok,90975075.79,90975075.79,90975075.79,new_observed,106890793.29,106890793.29,105409177.52172294,new_observed,8681897309.48,249458594.05364487,1,
4211900,Palhoça,2023,ok,ok,103482346.93,103482346.93,103482346.93,new_observed,120065496.36,120065496.36,118714144.30842756,new_observed,9173087527.72,274231373.210073,3,
4211900,Palhoça,2024,ok,ok,120200058.76,120200058.76,120200058.76,new_observed,141461284.68,141461284.68,140461509.86086595,new_observed,10681113310.91,279543545.7529578,1,
4211900,Palhoça,2025,ok,ok,124271318.28,124271318.28,124271318.28,new_observed,155806316.39,155806316.39,154794720.27393144,new_observed,11364874541.51,279066038.5539315,1,
4212007,Palma Sola,2019,ok,ok,307681.52,307681.52,307681.52,new_observed,9166945.25,9166945.25,9248230.105685204,new_observed,6025655732.23,16644799.992092406,1,
4212007,Palma Sola,2020,ok,ok,315640.57,315640.57,315640.57,new_observed,9148676.18,9148676.18,9072433.18648586,new_observed,5997695988.4,16008192.585479941,1,
4212007,Palma Sola,2021,ok,ok,487355.15,487355.15,487355.15,new_observed,10882357.12,10882357.12,10858911.63961324,new_observed,7262695676.16,15406253.125609888,1,
4212007,Palma Sola,2022,ok,ok,419.03,419.03,419.03,new_observed,13268723.06,13268723.06,13084804.981505988,new_observed,8681897309.48,16621605.499122899,1,
4212007,Palma Sola,2023,ok,ok,730379.87,730379.87,730379.87,new_observed,16584187.21,16584187.21,16397530.126247158,new_observed,9173087527.72,21138993.925197836,1,
4212007,Palma Sola,2024,ok,ok,1158710.59,1158710.59,1158710.59,new_observed,18888122.13,18888122.13,18754630.70208727,new_observed,10681113310.91,21355837.23381787,1,
4212007,Palma Sola,2025,ok,ok,1481981.33,1481981.33,1481981.33,new_observed,17226718.41,17226718.41,17114871.330626518,new_observed,11364874541.51,18596852.660626516,1,
4212056,Palmeira,2019,ok,ok,352933.08,352933.08,352933.08,new_observed,5333833.16,5333833.16,5381129.1617580075,new_observed,6025655732.23,9987777.503062392,1,
4212056,Palmeira,2020,ok,ok,345790.64,345790.64,345790.64,new_observed,5063825.21,5063825.21,5021624.438539011,new_observed,5997695988.4,9152315.639201364,1,
4212056,Palmeira,2021,ok,ok,265843.4,265843.4,265843.4,new_observed,6186052.7,6186052.7,6172725.166667836,new_observed,7262695676.16,8742454.143197628,1,
4212056,Palmeira,2022,ok,ok,571047.4,571047.4,571047.4,new_observed,7943787.16,7943787.16,7833678.141684819,new_observed,8681897309.48,10676166.656332918,1,
4212056,Palmeira,2023,ok,ok,580835.42,580835.42,580835.42,new_observed,8919294.19,8919294.19,8818906.427756507,new_observed,9173087527.72,11601011.790795809,1,
4212056,Palmeira,2024,ok,ok,888288.24,888288.24,888288.24,new_observed,10223807.31,10223807.31,10151550.754947932,new_observed,10681113310.91,11839550.239484256,1,
4212056,Palmeira,2025,ok,ok,903439.02,903439.02,903439.02,new_observed,10740498.13,10740498.13,10670763.818550438,new_observed,11364874541.51,11574202.838550437,1,
4212106,Palmitos,2019,ok,ok,1827608.74,1827608.74,1827608.74,new_observed,16537187.71,16537187.71,16683825.753512532,new_observed,6025655732.23,32243823.17256339,1,
4212106,Palmitos,2020,ok,ok,1972776.07,1972776.07,1972776.07,new_observed,16283848.77,16283848.77,16148142.865481216,new_observed,5997695988.4,30899113.88314841,1,
4212106,Palmitos,2021,ok,ok,2522589.73,2522589.73,2522589.73,new_observed,19542026.39,19542026.39,19499924.09622375,new_observed,7262695676.16,29902736.1827627,1,
4212106,Palmitos,2022,ok,ok,3072050.77,3072050.77,3072050.77,new_observed,24845651.97,24845651.97,24501265.811016183,new_observed,8681897309.48,35025215.472740516,1,
4212106,Palmitos,2023,ok,ok,3851310.6,3851310.6,3851310.6,new_observed,27412439.61,27412439.61,27103909.202608783,new_observed,9173087527.72,38204439.625376716,1,
4212106,Palmitos,2024,ok,ok,4313170.65,4313170.65,4313170.65,new_observed,33034127.07,33034127.07,32800659.033205546,new_observed,10681113310.91,39802306.11289332,2,
4212106,Palmitos,2025,ok,ok,5501977.89,5501977.89,5501977.89,new_observed,34483294.94,34483294.94,34259406.92288499,new_observed,11364874541.51,39761384.812884994,1,
4212205,Papanduva,2019,ok,ok,1730904.4,1730904.4,1730904.4,new_observed,14067745.17,14067745.17,14192486.248382648,new_observed,6025655732.23,27735883.59962246,1,
4212205,Papanduva,2020,ok,ok,2186365.83,2186365.83,2186365.83,new_observed,14702503.99,14702503.99,14579976.65442748,new_observed,5997695988.4,28589340.73237365,1,
4212205,Papanduva,2021,ok,ok,2454735.09,2454735.09,2454735.09,new_observed,17682551.18,17682551.18,17644455.03021305,new_observed,7262695676.16,27291197.74402157,1,
4212205,Papanduva,2022,ok,ok,3067892.06,3067892.06,3067892.06,new_observed,22543231.06,22543231.06,22230758.81072225,new_observed,8681897309.48,32135804.02318165,1,
4212205,Papanduva,2023,ok,ok,3606503.06,3606503.06,3606503.06,new_observed,25008542.05,25008542.05,24727067.807768308,new_observed,9173087527.72,34968842.233766355,1,
4212205,Papanduva,2024,ok,ok,4576587.69,4576587.69,4576587.69,new_observed,28233629.74,28233629.74,28034089.122716196,new_observed,10681113310.91,34972950.84144103,1,
4212205,Papanduva,2025,ok,ok,5060350.11,5060350.11,5060350.11,new_observed,28402707.61,28402707.61,28218298.72742179,new_observed,11364874541.51,33278648.83742179,1,
4212239,Paraíso,2019,ok,ok,230736.64,230736.64,230736.64,new_observed,5780089.96,5780089.96,5831342.996364114,new_observed,6025655732.23,10559128.949267756,1,
4212239,Paraíso,2020,ok,ok,254701.32,254701.32,254701.32,new_observed,5699788.94,5699788.94,5652288.190969841,new_observed,5997695988.4,10072377.800258243,4,
4212239,Paraíso,2021,ok,ok,254060.12,254060.12,254060.12,new_observed,6690928.49,6690928.49,6676513.22766743,new_observed,7262695676.16,9410510.900159217,1,
4212239,Paraíso,2022,ok,ok,534630.05,534630.05,534630.05,new_observed,8123370.17,8123370.17,8010771.947412484,new_observed,8681897309.48,10854861.996058397,5,
4212239,Paraíso,2023,ok,ok,521681.11,521681.11,521681.11,new_observed,8936208.17,8936208.17,8835630.038814005,new_observed,9173087527.72,11548644.49744922,1,
4212239,Paraíso,2024,ok,ok,660661.67,660661.67,660661.67,new_observed,10366990.98,10366990.98,10293722.477204766,new_observed,10681113310.91,11747905.156297293,1,
4212239,Paraíso,2025,ok,ok,685110.24,685110.24,685110.24,new_observed,10993818.03,10993818.03,10922439.000718063,new_observed,11364874541.51,11607549.240718063,1,
4212254,Passo de Torres,2019,ok,ok,478185.34,478185.34,478185.34,new_observed,4471690.44,4471690.44,4511341.676281171,new_observed,6025655732.23,8690921.650835864,1,
4212254,Passo de Torres,2020,ok,ok,704947.93,704947.93,704947.93,new_observed,4676217.08,4676217.08,4637246.546833621,new_observed,5997695988.4,9109310.411537632,1,
4212254,Passo de Torres,2021,ok,ok,1168250.55,1168250.55,1168250.55,new_observed,5634872.37,5634872.37,5622732.326425256,new_observed,7262695676.16,9220971.364930872,1,
4212254,Passo de Torres,2022,ok,partial,,,1624550.8591915295,imputed_temporal,11734214.99,11734214.99,11571566.763502428,new_observed,8681897309.48,16762468.953651365,1,
4212254,Passo de Torres,2023,ok,ok,2108119.88,2108119.88,2108119.88,new_observed,9713029.69,9713029.69,9603708.336268118,new_observed,9173087527.72,14454551.98975812,1,
4212254,Passo de Torres,2024,ok,ok,2745100.53,2745100.53,2745100.53,new_observed,11397064.38,11397064.38,11316515.853914231,new_observed,10681113310.91,15080221.161005497,1,
4212254,Passo de Torres,2025,ok,ok,2727338.97,2727338.97,2727338.97,new_observed,11932859.44,11932859.44,11855383.542085307,new_observed,11364874541.51,14582722.512085307,1,
4212270,Passos Maia,2019,ok,ok,365071.77,365071.77,365071.77,new_observed,8129344.99,8129344.99,8201429.268492597,new_observed,6025655732.23,14921412.210897982,1,
4212270,Passos Maia,2020,ok,ok,446643.26,446643.26,446643.26,new_observed,8076071.22,8076071.22,8008767.073090497,new_observed,5997695988.4,14417849.764746215,1,
4212270,Passos Maia,2021,ok,ok,355661.15,355661.15,355661.15,new_observed,9776664.1,9776664.1,9755600.77852682,new_observed,7262695676.16,13729331.73339709,1,
4212270,Passos Maia,2022,ok,ok,561198.76,561198.76,561198.76,new_observed,11495899.12,11495899.12,11336554.195311263,new_observed,8681897309.48,15113211.342451226,1,
4212270,Passos Maia,2023,ok,ok,699457.75,699457.75,699457.75,new_observed,12196046.16,12196046.16,12058778.147964537,new_observed,9173087527.72,15746011.696838995,1,
4212270,Passos Maia,2024,ok,ok,817154.88,817154.88,817154.88,new_observed,14685392.79,14685392.79,14581604.068204157,new_observed,10681113310.91,16514224.553129973,1,
4212270,Passos Maia,2025,ok,ok,730241.88,730241.88,730241.88,new_observed,15492307.62,15492307.62,15391721.465468867,new_observed,11364874541.51,16121963.345468868,1,
4212304,Paulo Lopes,2019,ok,ok,720902.52,720902.52,720902.52,new_observed,5092196.65,5092196.65,5137350.019909778,new_observed,6025655732.23,10204096.23377756,1,
4212304,Paulo Lopes,2020,ok,ok,742354.33,742354.33,742354.33,new_observed,4931463.6,4931463.6,4890365.900193772,new_observed,5997695988.4,9604704.0707127,1,
4212304,Paulo Lopes,2021,ok,ok,1878738.11,1878738.11,1878738.11,new_observed,6192378.74,6192378.74,6179037.577539044,new_observed,7262695676.16,10941055.253984852,1,
4212304,Paulo Lopes,2022,ok,ok,3292273.49,3292273.49,3292273.49,new_observed,7389609.48,7389609.48,7287181.931377795,new_observed,8681897309.48,13438633.855643127,1,
4212304,Paulo Lopes,2023,ok,ok,2792204.03,2792204.03,2792204.03,new_observed,8904976.04,8904976.04,8804749.430310436,new_observed,9173087527.72,14312775.394196834,1,
4212304,Paulo Lopes,2024,ok,ok,3665585.0,3665585.0,3665585.0,new_observed,10546047.9,10546047.9,10471513.915979903,new_observed,10681113310.91,15161171.547238845,2,
4212304,Paulo Lopes,2025,ok,ok,5197423.33,5197423.33,5197423.33,new_observed,12178455.85,12178455.85,12099385.380181981,new_observed,11364874541.51,17296808.71018198,1,
4212403,Pedras Grandes,2019,ok,ok,276900.62,276900.62,276900.62,new_observed,4974937.28,4974937.28,5019050.891221551,new_observed,6025655732.23,9224661.876860071,1,
4212403,Pedras Grandes,2020,ok,ok,697520.65,697520.65,697520.65,new_observed,5070756.97,5070756.97,5028498.430822424,new_observed,5997695988.4,9763793.784706004,1,
4212403,Pedras Grandes,2021,ok,ok,756787.04,756787.04,756787.04,new_observed,6565538.53,6565538.53,6551393.413906473,new_observed,7262695676.16,9923235.549475,1,
4212403,Pedras Grandes,2022,ok,partial,,,804199.6869769171,imputed_temporal,10772712.39,10772712.39,10623391.573371438,new_observed,8681897309.48,14515984.867184106,1,
4212403,Pedras Grandes,2023,ok,ok,777979.47,777979.47,777979.47,new_observed,10636269.95,10636269.95,10516557.41264527,new_observed,9173087527.72,13939537.667028502,1,
4212403,Pedras Grandes,2024,ok,ok,728138.78,728138.78,728138.78,new_observed,12015106.12,12015106.12,11930189.59619511,new_observed,10681113310.91,13575280.837558808,2,
4212403,Pedras Grandes,2025,ok,ok,1295458.56,1295458.56,1295458.56,new_observed,13590464.99,13590464.99,13502226.83690076,new_observed,11364874541.51,14797685.39690076,1,
4212502,Penha,2019,ok,ok,13172727.14,13172727.14,13172727.14,new_observed,11032606.2,11032606.2,11130434.187223844,new_observed,6025655732.23,42332042.75140938,3,
4212502,Penha,2020,ok,absent_dca,,,11909431.983222926,imputed_temporal,,,11336247.895601429,imputed_temporal,5997695988.4,39637664.75775202,2,
4212502,Penha,2021,ok,ok,13179702.42,13179702.42,13179702.42,new_observed,14110153.79,14110153.79,14079754.187203502,new_observed,7262695676.16,37013591.90157659,1,
4212502,Penha,2022,ok,ok,20287451.49,20287451.49,20287451.49,new_observed,16213857.5,16213857.5,15989116.844633896,new_observed,8681897309.48,46080587.32430226,1,
4212502,Penha,2023,ok,ok,25531765.45,25531765.45,25531765.45,new_observed,20775804.48,20775804.48,20541970.224045772,new_observed,9173087527.72,56863471.301415294,1,
4212502,Penha,2024,ok,ok,30181597.91,30181597.91,30181597.91,new_observed,26437614.65,26437614.65,26250767.333684225,new_observed,10681113310.91,60520250.67949605,5,
4212502,Penha,2025,ok,ok,33863793.41,33863793.41,33863793.41,new_observed,29182193.73,29182193.73,28992723.915684294,new_observed,11364874541.51,62856517.325684294,1,
4212601,Peritiba,2019,ok,ok,320313.12,320313.12,320313.12,new_observed,5184430.55,5184430.55,5230401.773518185,new_observed,6025655732.23,9668417.084080543,1,
4212601,Peritiba,2020,ok,ok,300546.0,300546.0,300546.0,new_observed,5228404.43,5228404.43,5184832.092625414,new_observed,5997695988.4,9353461.763149763,1,
4212601,Peritiba,2021,ok,ok,441476.69,441476.69,441476.69,new_observed,6406732.43,6406732.43,6392929.453505621,new_observed,7262695676.16,9279932.594786096,1,
4212601,Peritiba,2022,ok,ok,557943.67,557943.67,557943.67,new_observed,7778784.5,7778784.5,7670962.587387182,new_observed,8681897309.48,10452830.870857349,1,
4212601,Peritiba,2023,ok,ok,939710.92,939710.92,939710.92,new_observed,8886445.16,8886445.16,8786427.117662963,new_observed,9173087527.72,12003844.773754736,1,
4212601,Peritiba,2024,ok,ok,938339.89,938339.89,938339.89,new_observed,10442274.0,10442274.0,10368473.435956528,new_observed,10681113310.91,12125863.835731037,1,
4212601,Peritiba,2025,ok,ok,993526.14,993526.14,993526.14,new_observed,10859552.65,10859552.65,10789045.359040858,new_observed,11364874541.51,11782571.499040859,1,
4212650,Pescaria Brava,2019,ok,ok,1426843.27,1426843.27,1426843.27,new_observed,3631240.66,3631240.66,3663439.4857763783,new_observed,6025655732.23,8866421.29939324,1,
4212650,Pescaria Brava,2020,ok,ok,1492613.06,1492613.06,1492613.06,new_observed,3896962.51,3896962.51,3864486.1077829986,new_observed,5997695988.4,9134725.333632791,1,
4212650,Pescaria Brava,2021,ok,ok,2004587.56,2004587.56,2004587.56,new_observed,4706230.85,4706230.85,4696091.5169609785,new_observed,7262695676.16,9098354.54139341,1,
4212650,Pescaria Brava,2022,ok,ok,2178146.22,2178146.22,2178146.22,new_observed,5338006.15,5338006.15,5264015.922782369,new_observed,8681897309.48,9453463.164945764,1,
4212650,Pescaria Brava,2023,ok,ok,2223734.67,2223734.67,2223734.67,new_observed,6781131.8,6781131.8,6704809.320622269,new_observed,9173087527.72,11019466.894675422,1,
4212650,Pescaria Brava,2024,ok,ok,3012364.79,3012364.79,3012364.79,new_observed,7814802.36,7814802.36,7759571.399573539,new_observed,10681113310.91,11552240.911424272,1,
4212650,Pescaria Brava,2025,ok,ok,3770441.65,3770441.65,3770441.65,new_observed,8776495.51,8776495.51,8719512.78313554,new_observed,11364874541.51,12489954.433135541,1,
4212700,Petrolândia,2019,ok,ok,483295.54,483295.54,483295.54,new_observed,6561331.4,6561331.4,6619511.8364929315,new_observed,6025655732.23,12371902.628976664,1,
4212700,Petrolândia,2020,ok,ok,526155.48,526155.48,526155.48,new_observed,6737515.13,6737515.13,6681366.206128262,new_observed,5997695988.4,12289996.671133216,1,
4212700,Petrolândia,2021,ok,ok,531341.79,531341.79,531341.79,new_observed,8069207.32,8069207.32,8051822.626603928,new_observed,7262695676.16,11654441.595008126,1,
4212700,Petrolândia,2022,ok,ok,789535.78,789535.78,789535.78,new_observed,9339586.25,9339586.25,9210130.028081603,new_observed,8681897309.48,12702151.68183973,1,
4212700,Petrolândia,2023,ok,ok,906303.76,906303.76,906303.76,new_observed,10103249.81,10103249.81,9989536.480423985,new_observed,9173087527.72,13447472.616490569,1,
4212700,Petrolândia,2024,ok,ok,1104025.89,1104025.89,1104025.89,new_observed,12193464.67,12193464.67,12107287.600686347,new_observed,10681113310.91,14168323.457809163,1,
4212700,Petrolândia,2025,ok,ok,1282845.74,1282845.74,1282845.74,new_observed,12771189.86,12771189.86,12688270.974814292,new_observed,11364874541.51,13971116.714814292,1,
4212809,Balneário Piçarras,2019,ok,ok,5269562.45,5269562.45,5269562.45,new_observed,13544796.17,13544796.17,13664900.171053562,new_observed,6025655732.23,32980667.426650446,1,
4212809,Balneário Piçarras,2020,ok,ok,5920389.53,5920389.53,5920389.53,new_observed,15619591.92,15619591.92,15489421.781499144,new_observed,5997695988.4,36507210.27372463,6,
4212809,Balneário Piçarras,2021,ok,ok,10373304.18,10373304.18,10373304.18,new_observed,19443304.21,19443304.21,19401414.60809826,new_observed,7262695676.16,40428879.63935586,1,
4212809,Balneário Piçarras,2022,ok,ok,13915905.9,13915905.9,13915905.9,new_observed,25909369.85,25909369.85,25550239.4727772,new_observed,8681897309.48,50132171.85892402,1,
4212809,Balneário Piçarras,2023,ok,ok,19407479.38,19407479.38,19407479.38,new_observed,35341318.21,35341318.21,34943547.29065811,new_observed,9173087527.72,67079172.11563144,1,
4212809,Balneário Piçarras,2024,ok,ok,24407094.67,24407094.67,24407094.67,new_observed,37629791.35,37629791.35,37363843.547206454,new_observed,10681113310.91,66245542.77443456,1,
4212809,Balneário Piçarras,2025,ok,ok,27664458.93,27664458.93,27664458.93,new_observed,37566069.41,37566069.41,37322166.01255368,new_observed,11364874541.51,64986624.94255368,1,
4212908,Pinhalzinho,2019,ok,ok,4455130.03,4455130.03,4455130.03,new_observed,25549801.27,25549801.27,25776355.683970958,new_observed,6025655732.23,52658192.42408115,1,
4212908,Pinhalzinho,2020,ok,ok,4696079.77,4696079.77,4696079.77,new_observed,25307824.2,25307824.2,25096914.52975112,new_observed,5997695988.4,50801900.66881696,1,
4212908,Pinhalzinho,2021,ok,ok,5879186.45,5879186.45,5879186.45,new_observed,31161782.78,31161782.78,31094646.316922326,new_observed,7262695676.16,50204021.92134522,1,
4212908,Pinhalzinho,2022,ok,ok,7852484.42,7852484.42,7852484.42,new_observed,38166063.85,38166063.85,37637043.152587704,new_observed,8681897309.48,57783418.9913884,1,
4212908,Pinhalzinho,2023,ok,ok,9567931.07,9567931.07,9567931.07,new_observed,40677335.69,40677335.69,40219507.23216925,new_observed,9173087527.72,61446863.981146455,1,
4212908,Pinhalzinho,2024,ok,ok,11177752.1,11177752.1,11177752.1,new_observed,46632072.32,46632072.32,46302501.07529487,new_observed,10681113310.91,61644046.21830155,1,
4212908,Pinhalzinho,2025,ok,ok,13169935.62,13169935.62,13169935.62,new_observed,46250833.61,46250833.61,45950543.065118015,new_observed,11364874541.51,59120478.68511801,1,
4213005,Pinheiro Preto,2019,ok,ok,317750.37,317750.37,317750.37,new_observed,8491680.54,8491680.54,8566977.70916535,new_observed,6025655732.23,15475710.497817686,1,
4213005,Pinheiro Preto,2020,ok,ok,501051.69,501051.69,501051.69,new_observed,8407558.95,8407558.95,8337492.259488433,new_observed,5997695988.4,15071154.891693296,3,
4213005,Pinheiro Preto,2021,ok,ok,549185.11,549185.11,549185.11,new_observed,10166165.16,10166165.16,10144262.678465985,new_observed,7262695676.16,14519838.680808589,1,
4213005,Pinheiro Preto,2022,ok,ok,787201.15,787201.15,787201.15,new_observed,12779912.04,12779912.04,12602769.382406594,new_observed,8681897309.48,17008712.089211542,1,
4213005,Pinheiro Preto,2023,ok,ok,760528.14,760528.14,760528.14,new_observed,12882408.7,12882408.7,12737415.59245691,new_observed,9173087527.72,16658947.333655259,4,
4213005,Pinheiro Preto,2024,ok,ok,916649.41,916649.41,916649.41,new_observed,14455500.91,14455500.91,14353336.94449891,new_observed,10681113310.91,16376123.844112417,1,
4213005,Pinheiro Preto,2025,ok,ok,870125.64,870125.64,870125.64,new_observed,15704897.75,15704897.75,15602931.321839368,new_observed,11364874541.51,16473056.961839369,1,
4213104,Piratuba,2019,ok,ok,2379148.87,2379148.87,2379148.87,new_observed,15434052.73,15434052.73,15570909.0888613,new_observed,6025655732.23,31265999.129652813,1,
4213104,Piratuba,2020,ok,ok,1809570.98,1809570.98,1809570.98,new_observed,18579680.12,18579680.12,18424841.277416337,new_observed,5997695988.4,34502963.725326,1,
4213104,Piratuba,2021,ok,ok,2106835.4,2106835.4,2106835.4,new_observed,26075163.77,26075163.77,26018986.166746423,new_observed,7262695676.16,38189964.54584543,1,
4213104,Piratuba,2022,ok,ok,3551293.21,3551293.21,3551293.21,new_observed,26515939.88,26515939.88,26148401.821504086,new_observed,8681897309.48,37726263.90070537,1,
4213104,Piratuba,2023,ok,ok,4103729.56,4103729.56,4103729.56,new_observed,24017689.84,24017689.84,23747367.762273367,new_observed,9173087527.72,34373381.06252475,1,
4213104,Piratuba,2024,ok,ok,5284589.23,5284589.23,5284589.23,new_observed,31985679.68,31985679.68,31759621.52430538,new_observed,10681113310.91,39727644.08143527,1,
4213104,Piratuba,2025,ok,ok,5490730.32,5490730.32,5490730.32,new_observed,37211171.15,37211171.15,36969571.98327894,new_observed,11364874541.51,42460302.30327894,1,
4213153,Planalto Alegre,2019,ok,ok,164242.56,164242.56,164242.56,new_observed,5332924.79,5332924.79,5380212.737087412,new_observed,6025655732.23,9657513.913906658,1,
4213153,Planalto Alegre,2020,ok,ok,238343.29,238343.29,238343.29,new_observed,5396769.92,5396769.92,5351794.462795888,new_observed,5997695988.4,9532094.021342216,1,
4213153,Planalto Alegre,2021,ok,ok,227829.21,227829.21,227829.21,new_observed,6562796.52,6562796.52,6548657.3114264095,new_observed,7262695676.16,9201287.840944342,1,
4213153,Planalto Alegre,2022,ok,ok,288129.59,288129.59,288129.59,new_observed,7925797.95,7925797.95,7815938.280542419,new_observed,8681897309.48,10294253.958803266,1,
4213153,Planalto Alegre,2023,ok,ok,271500.82,271500.82,271500.82,new_observed,8268486.57,8268486.57,8175423.728230155,new_observed,9173087527.72,10425059.843890196,1,
4213153,Planalto Alegre,2024,ok,ok,477572.29,477572.29,477572.29,new_observed,9652566.35,9652566.35,9584347.029084167,new_observed,10681113310.91,10790791.363755396,1,
4213153,Planalto Alegre,2025,ok,ok,500188.62,500188.62,500188.62,new_observed,10114456.89,10114456.89,10048787.246155424,new_observed,11364874541.51,10548975.866155423,1,
4213203,Pomerode,2019,ok,ok,7676427.31,7676427.31,7676427.31,new_observed,44302782.96,44302782.96,44695623.2378839,new_observed,6025655732.23,91223353.74075569,1,
4213203,Pomerode,2020,ok,ok,8762221.59,8762221.59,8762221.59,new_observed,45179655.47,45179655.47,44803138.46238084,new_observed,5997695988.4,91337650.49903695,1,
4213203,Pomerode,2021,ok,ok,11066505.36,11066505.36,11066505.36,new_observed,54865762.34,54865762.34,54747556.868459,new_observed,7262695676.16,89364027.89721839,1,
4213203,Pomerode,2022,ok,ok,14428851.59,14428851.59,14428851.59,new_observed,62712678.85,62712678.85,61843416.951990046,new_observed,8681897309.48,96885430.24661691,1,
4213203,Pomerode,2023,ok,ok,16092108.0,16092108.0,16092108.0,new_observed,62428007.35,62428007.35,61725372.385205016,new_observed,9173087527.72,96041095.8194828,1,
4213203,Pomerode,2024,ok,ok,20589279.79,20589279.79,20589279.79,new_observed,74753596.29,74753596.29,74225276.7333134,new_observed,10681113310.91,101682796.81487177,1,
4213203,Pomerode,2025,ok,ok,22024613.86,22024613.86,22024613.86,new_observed,82787523.87,82787523.87,82250013.32776888,new_observed,11364874541.51,104274627.18776888,1,
4213302,Ponte Alta,2019,ok,ok,1309330.56,1309330.56,1309330.56,new_observed,5033837.81,5033837.81,5078473.702194138,new_observed,6025655732.23,11126486.775690846,1,
4213302,Ponte Alta,2020,ok,ok,1353441.02,1353441.02,1353441.02,new_observed,5379884.23,5379884.23,5335049.494308797,new_observed,5997695988.4,11404964.11047474,1,
4213302,Ponte Alta,2021,ok,ok,1092889.83,1092889.83,1092889.83,new_observed,7109081.33,7109081.33,7093765.178815797,new_observed,7262695676.16,11116050.914060824,1,
4213302,Ponte Alta,2022,ok,ok,1960473.34,1960473.34,1960473.34,new_observed,8551546.46,8551546.46,8433013.275912618,new_observed,8681897309.48,13202405.563573593,1,
4213302,Ponte Alta,2023,ok,ok,1904913.87,1904913.87,1904913.87,new_observed,9601262.47,9601262.47,9493199.070190141,new_observed,9173087527.72,14067369.588828458,1,
4213302,Ponte Alta,2024,ok,ok,3372677.05,3372677.05,3372677.05,new_observed,11365074.47,11365074.47,11284752.031967627,new_observed,10681113310.91,15719193.737974597,1,
4213302,Ponte Alta,2025,ok,ok,2032125.04,2032125.04,2032125.04,new_observed,10919014.57,10919014.57,10848121.213515919,new_observed,11364874541.51,12880246.253515918,1,
4213351,Ponte Alta do Norte,2019,ok,ok,726953.84,726953.84,726953.84,new_observed,6774355.29,6774355.29,6834424.645394912,new_observed,6025655732.23,13170656.812649662,1,
4213351,Ponte Alta do Norte,2020,ok,ok,722952.63,722952.63,722952.63,new_observed,5972199.88,5972199.88,5922428.919944445,new_observed,5997695988.4,11331456.315201147,1,
4213351,Ponte Alta do Norte,2021,ok,ok,611086.16,611086.16,611086.16,new_observed,5672907.01,5672907.01,5660685.022743724,new_observed,7262695676.16,8515972.361562032,1,
4213351,Ponte Alta do Norte,2022,ok,partial,,,732469.7408185885,imputed_temporal,6224335.33,6224335.33,6138059.673433844,new_observed,8681897309.48,8727342.33616537,1,
4213351,Ponte Alta do Norte,2023,ok,ok,824966.57,824966.57,824966.57,new_observed,6710427.45,6710427.45,6634900.756849989,new_observed,9173087527.72,9206849.530363927,1,
4213351,Ponte Alta do Norte,2024,ok,ok,1390720.96,1390720.96,1390720.96,new_observed,7961313.15,7961313.15,7905046.727475872,new_observed,10681113310.91,9969140.72757852,1,
4213351,Ponte Alta do Norte,2025,ok,ok,920826.48,920826.48,920826.48,new_observed,8379705.39,8379705.39,8325298.883109071,new_observed,11364874541.51,9246125.36310907,1,
4213401,Ponte Serrada,2019,ok,ok,1078302.24,1078302.24,1078302.24,new_observed,9110692.32,9110692.32,9191478.37143011,new_observed,6025655732.23,17888240.38310061,1,
4213401,Ponte Serrada,2020,ok,ok,1158594.59,1158594.59,1158594.59,new_observed,8749730.07,8749730.07,8676811.80293576,new_observed,5997695988.4,16770967.48263211,1,
4213401,Ponte Serrada,2021,ok,ok,1274855.09,1274855.09,1274855.09,new_observed,10034642.82,10034642.82,10013023.69660328,new_observed,7262695676.16,15326972.392083174,1,
4213401,Ponte Serrada,2022,ok,partial,,,1889149.5945013175,imputed_temporal,12594785.94,12594785.94,12420209.319578154,new_observed,8681897309.48,18176572.186005164,1,
4213401,Ponte Serrada,2023,ok,ok,2576005.39,2576005.39,2576005.39,new_observed,13822083.27,13822083.27,13666514.008636896,new_observed,9173087527.72,20046258.940695263,1,
4213401,Ponte Serrada,2024,ok,ok,2935564.52,2935564.52,2935564.52,new_observed,15672574.09,15672574.09,15561808.483978255,new_observed,10681113310.91,19837298.087345272,1,
4213401,Ponte Serrada,2025,ok,ok,2515296.13,2515296.13,2515296.13,new_observed,16120200.59,16120200.59,16015537.74522629,new_observed,11364874541.51,18530833.87522629,1,
4213500,Porto Belo,2019,ok,ok,5637641.8,5637641.8,5637641.8,new_observed,9748431.9,9748431.9,9834872.896268472,new_observed,6025655732.23,26950533.092192814,2,
4213500,Porto Belo,2020,ok,ok,6289331.34,6289331.34,6289331.34,new_observed,10734906.17,10734906.17,10645443.89530681,new_observed,5997695988.4,28876545.965706605,4,
4213500,Porto Belo,2021,ok,ok,10125793.83,10125793.83,10125793.83,new_observed,13637505.47,13637505.47,13608124.163772363,new_observed,7262695676.16,32226524.816889856,1,
4213500,Porto Belo,2022,ok,ok,14584548.07,14584548.07,14584548.07,new_observed,16360157.99,16360157.99,16133389.460144253,new_observed,8681897309.48,39019694.19276271,1,
4213500,Porto Belo,2023,ok,ok,23869882.55,23869882.55,23869882.55,new_observed,22150621.14,22150621.14,21901313.152038228,new_observed,9173087527.72,56490081.28291343,1,
4213500,Porto Belo,2024,ok,ok,34179284.94,34179284.94,34179284.94,new_observed,26854869.06,26854869.06,26665072.806430936,new_observed,10681113310.91,65251842.047486275,1,
4213500,Porto Belo,2025,ok,ok,43716118.63,43716118.63,43716118.63,new_observed,30836612.99,30836612.99,30636401.607970335,new_observed,11364874541.51,74352520.23797034,1,
4213609,Porto União,2019,ok,ok,4260524.6,4260524.6,4260524.6,new_observed,12054120.47,12054120.47,12161006.397219433,new_observed,6025655732.23,28603560.7819954,1,
4213609,Porto União,2020,ok,ok,4889808.63,4889808.63,4889808.63,new_observed,14190628.17,14190628.17,14072366.691482255,new_observed,5997695988.4,32333592.839128666,1,
4213609,Porto União,2021,ok,ok,6271028.63,6271028.63,6271028.63,new_observed,17491784.1,17491784.1,17454098.94810471,new_observed,7262695676.16,32214588.96421105,1,
4213609,Porto União,2022,ok,ok,7656506.56,7656506.56,7656506.56,new_observed,21346302.11,21346302.11,21050420.520696267,new_observed,8681897309.48,36465192.847126886,1,
4213609,Porto União,2023,ok,ok,8359544.14,8359544.14,8359544.14,new_observed,25094507.35,25094507.35,24812065.557655733,new_observed,9173087527.72,40939872.759806596,1,
4213609,Porto União,2024,ok,ok,9789690.69,9789690.69,9789690.69,new_observed,30372187.63,30372187.63,30157532.797314305,new_observed,10681113310.91,42840947.19337832,1,
4213609,Porto União,2025,ok,ok,9497328.23,9497328.23,9497328.23,new_observed,30113727.01,30113727.01,29918209.074723154,new_observed,11364874541.51,39415537.30472316,1,
4213708,Pouso Redondo,2019,ok,ok,1571414.38,1571414.38,1571414.38,new_observed,14004944.72,14004944.72,14129128.936159082,new_observed,6025655732.23,27347720.81422555,1,
4213708,Pouso Redondo,2020,ok,ok,2482871.2,2482871.2,2482871.2,new_observed,13109635.35,13109635.35,13000382.620610818,new_observed,5997695988.4,26401465.88526425,1,
4213708,Pouso Redondo,2021,ok,ok,3702218.32,3702218.32,3702218.32,new_observed,15430434.54,15430434.54,15397190.46002932,new_observed,7262695676.16,25933668.90367803,1,
4213708,Pouso Redondo,2022,ok,ok,5505984.52,5505984.52,5505984.52,new_observed,18944904.59,18944904.59,18682308.827492226,new_observed,8681897309.48,30725363.91929928,1,
4213708,Pouso Redondo,2023,ok,ok,4223591.95,4223591.95,4223591.95,new_observed,19493376.88,19493376.88,19273976.505725287,new_observed,9173087527.72,29000325.02221992,1,
4213708,Pouso Redondo,2024,ok,ok,7130983.62,7130983.62,7130983.62,new_observed,21894744.72,21894744.72,21740004.046663534,new_observed,10681113310.91,30962363.59057566,1,
4213708,Pouso Redondo,2025,ok,ok,5741129.97,5741129.97,5741129.97,new_observed,23472645.97,23472645.97,23320246.259595007,new_observed,11364874541.51,29061376.229595006,1,
4213807,Praia Grande,2019,ok,ok,637350.46,637350.46,637350.46,new_observed,5411914.83,5411914.83,5459903.1951467395,new_observed,6025655732.23,10620396.207744827,1,
4213807,Praia Grande,2020,ok,ok,714021.35,714021.35,714021.35,new_observed,5373714.48,5373714.48,5328931.161606773,new_observed,5997695988.4,10304216.828705592,1,
4213807,Praia Grande,2021,ok,ok,1131897.41,1131897.41,1131897.41,new_observed,6383840.85,6383840.85,6370087.192240891,new_observed,7262695676.16,10186387.811042355,1,
4213807,Praia Grande,2022,ok,ok,1745541.13,1745541.13,1745541.13,new_observed,7785275.95,7785275.95,7677364.0592479715,new_observed,8681897309.48,11969517.111330817,1,
4213807,Praia Grande,2023,ok,ok,1852900.46,1852900.46,1852900.46,new_observed,8983861.81,8983861.81,8882747.33118599,new_observed,9173087527.72,13249765.645117734,1,
4213807,Praia Grande,2024,ok,ok,2628463.03,2628463.03,2628463.03,new_observed,10380303.28,10380303.28,10306940.692788985,new_observed,10681113310.91,13872427.15351703,1,
4213807,Praia Grande,2025,ok,ok,2969231.57,2969231.57,2969231.57,new_observed,11043212.82,11043212.82,10971513.087559965,new_observed,11364874541.51,13940744.657559965,1,
4213906,Presidente Castello Branco,2019,ok,ok,105020.71,105020.71,105020.71,new_observed,5581745.04,5581745.04,5631239.318374576,new_observed,6025655732.23,9991605.679806907,1,
4213906,Presidente Castello Branco,2020,ok,ok,136140.92,136140.92,136140.92,new_observed,5595387.28,5595387.28,5548756.590739104,new_observed,5997695988.4,9693674.819901716,1,
4213906,Presidente Castello Branco,2021,ok,ok,132890.67,132890.67,132890.67,new_observed,6720560.08,6720560.08,6706080.977926231,new_observed,7262695676.16,9286131.754214851,1,
4213906,Presidente Castello Branco,2022,ok,partial,,,173123.16693519248,imputed_temporal,9860332.55,9860332.55,9723658.251523238,new_observed,8681897309.48,12571462.002027545,1,
4213906,Presidente Castello Branco,2023,ok,ok,212163.53,212163.53,212163.53,new_observed,9065738.95,9065738.95,8963702.933821214,new_observed,9173087527.72,11324708.354938988,1,
4213906,Presidente Castello Branco,2024,ok,ok,232178.63,232178.63,232178.63,new_observed,10896319.92,10896319.92,10819310.395437235,new_observed,10681113310.91,11852044.18267788,1,
4213906,Presidente Castello Branco,2025,ok,ok,291269.59,291269.59,291269.59,new_observed,11043182.26,11043182.26,10971482.725975396,new_observed,11364874541.51,11262752.315975396,1,
4214003,Presidente Getúlio,2019,ok,ok,1997459.61,1997459.61,1997459.61,new_observed,15594597.39,15594597.39,15732877.32554505,new_observed,6025655732.23,30883281.85155172,3,
4214003,Presidente Getúlio,2020,ok,ok,2427778.59,2427778.59,2427778.59,new_observed,16546261.03,16546261.03,16408368.2411885,new_observed,5997695988.4,32118693.766516894,1,
4214003,Presidente Getúlio,2021,ok,ok,3628680.75,3628680.75,3628680.75,new_observed,20867988.96,20867988.96,20823029.94785973,new_observed,7262695676.16,33201162.228113893,1,
4214003,Presidente Getúlio,2022,ok,ok,3552831.23,3552831.23,3552831.23,new_observed,28026535.24,28026535.24,27638058.784136314,new_observed,8681897309.48,39620465.6890576,1,
4214003,Presidente Getúlio,2023,ok,ok,3925990.48,3925990.48,3925990.48,new_observed,29651424.05,29651424.05,29317693.59506673,new_observed,9173087527.72,41028825.809337296,1,
4214003,Presidente Getúlio,2024,ok,ok,4147705.35,4147705.35,4147705.35,new_observed,29798620.28,29798620.28,29588019.12316565,new_observed,10681113310.91,36179495.45715517,1,
4214003,Presidente Getúlio,2025,ok,ok,5029657.71,5029657.71,5029657.71,new_observed,28665917.46,28665917.46,28479799.647590578,new_observed,11364874541.51,33509457.35759058,1,
4214102,Presidente Nereu,2019,ok,ok,98299.07,98299.07,98299.07,new_observed,3715484.56,3715484.56,3748430.390701913,new_observed,6025655732.23,6700359.422011891,1,
4214102,Presidente Nereu,2020,ok,ok,101076.6,101076.6,101076.6,new_observed,3792649.2,3792649.2,3761042.12126339,new_observed,5997695988.4,6585540.535965536,1,
4214102,Presidente Nereu,2021,ok,ok,105879.69,105879.69,105879.69,new_observed,4525328.08,4525328.08,4515578.492702565,new_observed,7262695676.16,6275134.887301885,4,
4214102,Presidente Nereu,2022,ok,ok,173455.22,173455.22,173455.22,new_observed,5330323.35,5330323.35,5256439.614251598,new_observed,8681897309.48,6897365.28448381,1,
4214102,Presidente Nereu,2023,ok,ok,278981.8,278981.8,278981.8,new_observed,6193650.22,6193650.22,6123939.918662276,new_observed,9173087527.72,7902384.082119508,1,
4214102,Presidente Nereu,2024,ok,ok,465950.68,465950.68,465950.68,new_observed,7095968.98,7095968.98,7045818.36020598,new_observed,10681113310.91,8055911.592516896,1,
4214102,Presidente Nereu,2025,ok,ok,372368.41,372368.41,372368.41,new_observed,7785971.95,7785971.95,7735420.34742746,new_observed,11364874541.51,8107788.7574274605,1,
4214151,Princesa,2019,ok,ok,144929.97,144929.97,144929.97,new_observed,5012399.1,5012399.1,5056844.891522551,new_observed,6025655732.23,9060621.902489461,1,
4214151,Princesa,2020,ok,ok,301198.07,301198.07,301198.07,new_observed,5143398.7,5143398.7,5100534.781110619,new_observed,5997695988.4,9210833.022711636,1,
4214151,Princesa,2021,ok,ok,471179.95,471179.95,471179.95,new_observed,6240066.07,6240066.07,6226622.167631882,new_observed,7262695676.16,9094448.131956898,1,
4214151,Princesa,2022,ok,ok,515858.39,515858.39,515858.39,new_observed,7526225.19,7526225.19,7421904.007848654,new_observed,8681897309.48,10083003.165004836,1,
4214151,Princesa,2023,ok,ok,676399.86,676399.86,676399.86,new_observed,8482560.65,8482560.65,8387088.377911148,new_observed,9173087527.72,11186012.937029978,1,
4214151,Princesa,2024,ok,ok,696604.51,696604.51,696604.51,new_observed,10244277.33,10244277.33,10171876.10348825,new_observed,10681113310.91,11655778.884922197,1,
4214151,Princesa,2025,ok,ok,987432.67,987432.67,987432.67,new_observed,10317904.96,10317904.96,10250914.39873563,new_observed,11364874541.51,11238347.06873563,1,
4214201,Quilombo,2019,ok,ok,1144547.73,1144547.73,1144547.73,new_observed,12865287.26,12865287.26,12979365.94049368,new_observed,6025655732.23,24601495.63533558,1,
4214201,Quilombo,2020,ok,ok,1288765.8,1288765.8,1288765.8,new_observed,12721713.94,12721713.94,12615694.059709936,new_observed,5997695988.4,23709365.414554443,1,
4214201,Quilombo,2021,ok,ok,1630700.88,1630700.88,1630700.88,new_observed,16197374.61,16197374.61,16162478.196975855,new_observed,7262695676.16,24160036.587553207,1,
4214201,Quilombo,2022,ok,ok,1810472.08,1810472.08,1810472.08,new_observed,25646810.28,20517448.22,25291319.24707478,new_observed,8681897309.48,34426256.92629178,1,
4214201,Quilombo,2023,ok,ok,2279457.68,2279457.68,2279457.68,new_observed,21370356.23,21370356.23,21129830.220365603,new_observed,9173087527.72,28891370.565787677,1,
4214201,Quilombo,2024,ok,ok,2702362.12,2702362.12,2702362.12,new_observed,25111343.35,25111343.35,24933869.429748595,new_observed,10681113310.91,29638163.38381405,1,
4214201,Quilombo,2025,ok,ok,3414868.19,3414868.19,3414868.19,new_observed,25733833.99,25733833.99,25566753.17377253,new_observed,11364874541.51,28981621.36377253,1,
4214300,Rancho Queimado,2019,ok,ok,507288.65,507288.65,507288.65,new_observed,4620205.78,4620205.78,4661173.92694767,new_observed,6025655732.23,9002597.47365965,1,
4214300,Rancho Queimado,2020,ok,ok,575060.96,575060.96,575060.96,new_observed,4656669.0,4656669.0,4617861.376101294,new_observed,5997695988.4,8854777.134693798,1,
4214300,Rancho Queimado,2021,ok,ok,942175.02,942175.02,942175.02,new_observed,5817699.75,5817699.75,5805165.814210114,new_observed,7262695676.16,9161713.076565882,1,
4214300,Rancho Queimado,2022,ok,ok,1774198.26,1774198.26,1774198.26,new_observed,6947827.22,6947827.22,6851523.225543822,new_observed,8681897309.48,10956888.437824827,1,
4214300,Rancho Queimado,2023,ok,ok,2779851.68,2779851.68,2779851.68,new_observed,7228888.08,7228888.08,7147526.048161933,new_observed,9173087527.72,12252211.59702147,3,
4214300,Rancho Queimado,2024,ok,ok,1483995.02,1483995.02,1483995.02,new_observed,8171694.69,8171694.69,8113941.400121469,new_observed,10681113310.91,10293198.161078773,1,
4214300,Rancho Queimado,2025,ok,ok,1349147.46,1349147.46,1349147.46,new_observed,8852371.15,8852371.15,8794895.789046586,new_observed,11364874541.51,10144043.249046586,1,
4214409,Rio das Antas,2019,ok,ok,459290.37,459290.37,459290.37,new_observed,11698287.66,11698287.66,11802018.357443305,new_observed,6025655732.23,21357149.312790643,1,
4214409,Rio das Antas,2020,ok,ok,466338.76,466338.76,466338.76,new_observed,11605346.38,11605346.38,11508630.053903116,new_observed,5997695988.4,20419269.378411185,1,
4214409,Rio das Antas,2021,ok,ok,888667.8,888667.8,888667.8,new_observed,14047919.14,14047919.14,14017653.618565645,new_observed,7262695676.16,20240186.944692027,1,
4214409,Rio das Antas,2022,ok,ok,1862081.22,1862081.22,1862081.22,new_observed,17791490.54,17791490.54,17544882.27642673,new_observed,8681897309.48,24651843.24623255,1,
4214409,Rio das Antas,2023,ok,ok,1478173.7,1478173.7,1478173.7,new_observed,19741250.27,19741250.27,19519060.04998058,new_observed,9173087527.72,25914451.721433107,1,
4214409,Rio das Antas,2024,ok,ok,1694526.93,1694526.93,1694526.93,new_observed,22682265.76,22682265.76,22521959.29735863,new_observed,10681113310.91,25970696.26140352,1,
4214409,Rio das Antas,2025,ok,ok,1662410.61,1662410.61,1662410.61,new_observed,24437008.05,24437008.05,24278347.07267583,new_observed,11364874541.51,25940757.68267583,1,
4214508,Rio do Campo,2019,ok,ok,489736.72,489736.72,489736.72,new_observed,6669919.37,6669919.37,6729062.67440911,new_observed,6025655732.23,12573941.326541068,1,
4214508,Rio do Campo,2020,ok,ok,579724.49,579724.49,579724.49,new_observed,7053940.99,7053940.99,6995155.044736639,new_observed,5997695988.4,12916401.548304927,1,
4214508,Rio do Campo,2021,ok,ok,793046.08,793046.08,793046.08,new_observed,8482959.53,8482959.53,8464683.428683974,new_observed,7262695676.16,12570383.441871729,1,
4214508,Rio do Campo,2022,ok,ok,1036429.12,1036429.12,1036429.12,new_observed,10078423.11,10078423.11,9938725.853206033,new_observed,8681897309.48,13941274.226253925,1,
4214508,Rio do Campo,2023,ok,ok,1162699.25,1162699.25,1162699.25,new_observed,11503709.58,11503709.58,11374233.90203324,new_observed,9173087527.72,15472883.36986295,1,
4214508,Rio do Campo,2024,ok,ok,1386966.89,1386966.89,1386966.89,new_observed,13816200.81,13816200.81,13718555.085254999,new_observed,10681113310.91,16199745.884111827,4,
4214508,Rio do Campo,2025,ok,ok,1544115.35,1544115.35,1544115.35,new_observed,14418407.12,14418407.12,14324793.427176546,new_observed,11364874541.51,15868908.777176546,4,
4214607,Rio do Oeste,2019,ok,ok,635578.98,635578.98,635578.98,new_observed,7946368.27,7946368.27,8016830.062934613,new_observed,6025655732.23,15071049.588017887,1,
4214607,Rio do Oeste,2020,ok,ok,580757.5,580757.5,580757.5,new_observed,7993235.76,7993235.76,7926621.945037464,new_observed,5997695988.4,14506465.552619489,1,
4214607,Rio do Oeste,2021,ok,ok,745060.56,745060.56,745060.56,new_observed,9487098.22,9487098.22,9466658.753366848,new_observed,7262695676.16,13865735.356534094,1,
4214607,Rio do Oeste,2022,ok,ok,968955.2,968955.2,968955.2,new_observed,11589736.32,11589736.32,11429090.715702742,new_observed,8681897309.48,15748712.287204131,2,
4214607,Rio do Oeste,2023,ok,ok,1257577.65,1257577.65,1257577.65,new_observed,13361548.92,13361548.92,13211163.029859768,new_observed,9173087527.72,17857089.475822404,1,
4214607,Rio do Oeste,2024,ok,ok,1575857.33,1575857.33,1575857.33,new_observed,15554409.0,15554409.0,15444478.523404302,new_observed,10681113310.91,18253266.331283648,1,
4214607,Rio do Oeste,2025,ok,ok,1936734.28,1936734.28,1936734.28,new_observed,16839631.9,16839631.9,16730298.038441885,new_observed,11364874541.51,18667032.318441886,1,
4214706,Rio dos Cedros,2019,ok,ok,928886.31,928886.31,928886.31,new_observed,9262811.58,9262811.58,9344946.498665467,new_observed,6025655732.23,17895298.633025162,1,
4214706,Rio dos Cedros,2020,ok,ok,1112412.12,1112412.12,1112412.12,new_observed,9706681.76,9706681.76,9625788.474467676,new_observed,5997695988.4,18310378.42230364,1,
4214706,Rio dos Cedros,2021,ok,ok,1773439.94,1773439.94,1773439.94,new_observed,11438760.02,11438760.02,11414115.79809656,new_observed,7262695676.16,17906402.658819396,1,
4214706,Rio dos Cedros,2022,ok,ok,1948139.36,1948139.36,1948139.36,new_observed,14038544.05,14038544.05,13843955.464884898,new_observed,8681897309.48,20060028.773918327,1,
4214706,Rio dos Cedros,2023,ok,ok,2138031.74,2138031.74,2138031.74,new_observed,15212001.27,15212001.27,15040788.309174849,new_observed,9173087527.72,21201826.30228329,1,
4214706,Rio dos Cedros,2024,ok,ok,2672184.35,2672184.35,2672184.35,new_observed,17783669.84,17783669.84,17657984.106705233,new_observed,10681113310.91,21802858.80351056,1,
4214706,Rio dos Cedros,2025,ok,ok,3100091.11,3100091.11,3100091.11,new_observed,19631349.59,19631349.59,19503890.078354023,new_observed,11364874541.51,22603981.188354023,1,
4214805,Rio do Sul,2019,ok,ok,24814651.4,24814651.4,24814651.4,new_observed,42015161.33,42015161.33,42387716.87954903,new_observed,6025655732.23,117055287.11687118,1,
4214805,Rio do Sul,2020,ok,ok,24454855.64,24454855.64,24454855.64,new_observed,43822561.52,43822561.52,43457354.22574179,new_observed,5997695988.4,115801362.73271756,1,
4214805,Rio do Sul,2021,ok,ok,31690300.88,31690300.88,31690300.88,new_observed,51760113.46,51760113.46,51648598.94971871,new_observed,7262695676.16,113159703.52132526,1,
4214805,Rio do Sul,2022,ok,ok,37188131.49,37188131.49,37188131.49,new_observed,60079585.11,60079585.11,59246820.58547245,new_observed,8681897309.48,122497232.62787664,1,
4214805,Rio do Sul,2023,ok,ok,42367550.3,42367550.3,42367550.3,new_observed,61809959.12,61809959.12,61114280.36468152,new_observed,9173087527.72,127715628.48405616,1,
4214805,Rio do Sul,2024,ok,ok,54235761.36,54235761.36,54235761.36,new_observed,68182900.96,68182900.96,67701019.6620214,new_observed,10681113310.91,130769719.1609289,1,
4214805,Rio do Sul,2025,ok,ok,59074492.62,59074492.62,59074492.62,new_observed,73416250.99,73416250.99,72939584.85682541,new_observed,11364874541.51,132014077.47682542,1,
4214904,Rio Fortuna,2019,ok,ok,503272.74,503272.74,503272.74,new_observed,6664388.58,6664388.58,6723482.841957704,new_observed,6025655732.23,12587799.67471687,3,
4214904,Rio Fortuna,2020,ok,ok,764103.0,764103.0,764103.0,new_observed,6835139.09,6835139.09,6778176.590174465,new_observed,5997695988.4,12860813.340929935,1,
4214904,Rio Fortuna,2021,ok,ok,797310.88,797310.88,797310.88,new_observed,8104425.21,8104425.21,8086964.641465833,new_observed,7262695676.16,12063298.004473243,1,
4214904,Rio Fortuna,2022,ok,ok,654522.61,654522.61,654522.61,new_observed,9659210.88,9659210.88,9525324.333662055,new_observed,8681897309.48,12931028.142140968,1,
4214904,Rio Fortuna,2023,ok,ok,834396.19,834396.19,834396.19,new_observed,10814939.2,10814939.2,10693215.718078675,new_observed,9173087527.72,14227195.154009202,2,
4214904,Rio Fortuna,2024,ok,ok,1375031.82,1375031.82,1375031.82,new_observed,12656453.1,12656453.1,12567003.869155286,new_observed,10681113310.91,14951978.19986097,1,
4214904,Rio Fortuna,2025,ok,ok,1486353.2,1486353.2,1486353.2,new_observed,13616393.11,13616393.11,13527986.614653176,new_observed,11364874541.51,15014339.814653175,1,
4215000,Rio Negrinho,2019,ok,ok,6215110.28,6215110.28,6215110.28,new_observed,24728980.67,24728980.67,24948256.72872885,new_observed,6025655732.23,54281373.79862687,1,
4215000,Rio Negrinho,2020,ok,ok,6678695.86,6678695.86,6678695.86,new_observed,25454713.08,25454713.08,25242579.271121137,new_observed,5997695988.4,54430965.61954969,1,
4215000,Rio Negrinho,2021,ok,ok,8586990.95,8586990.95,8586990.95,new_observed,31893540.61,31893540.61,31824827.61220085,new_observed,7262695676.16,54872207.53573597,1,
4215000,Rio Negrinho,2022,ok,ok,9812000.52,9812000.52,9812000.52,new_observed,41176309.91,41176309.91,40605564.12203861,new_observed,8681897309.48,64043295.62639599,2,
4215000,Rio Negrinho,2023,ok,ok,11031055.07,11031055.07,11031055.07,new_observed,47455919.54,47455919.54,46921797.28028475,new_observed,9173087527.72,71524488.04605912,1,
4215000,Rio Negrinho,2024,ok,ok,12667637.88,12667637.88,12667637.88,new_observed,56187895.51,56187895.51,55790788.67474039,new_observed,10681113310.91,73417463.86716345,3,
4215000,Rio Negrinho,2025,ok,ok,12433884.38,12433884.38,12433884.38,new_observed,53456503.29,53456503.29,53109428.842957616,new_observed,11364874541.51,65543313.22295762,1,
4215059,Rio Rufino,2019,ok,ok,62880.4,62880.4,62880.4,new_observed,3680561.66,3680561.66,3713197.8234344437,new_observed,6025655732.23,6577296.781881357,1,
4215059,Rio Rufino,2020,ok,ok,122362.5,122362.5,122362.5,new_observed,3745513.49,3745513.49,3714299.229586075,new_observed,5997695988.4,6542132.224954357,1,
4215059,Rio Rufino,2021,ok,ok,113311.26,113311.26,113311.26,new_observed,4524143.61,4524143.61,4514396.574582443,new_observed,7262695676.16,6283620.825504613,1,
4215059,Rio Rufino,2022,ok,ok,166709.69,166709.69,166709.69,new_observed,5334144.57,5334144.57,5260207.868232433,new_observed,8681897309.48,6893583.376936103,1,
4215059,Rio Rufino,2023,ok,ok,247677.44,247677.44,247677.44,new_observed,6108347.91,6108347.91,6039597.696740176,new_observed,9173087527.72,7759654.911236615,1,
4215059,Rio Rufino,2024,ok,ok,414659.99,414659.99,414659.99,new_observed,7112092.5,7112092.5,7061827.927548698,new_observed,10681113310.91,8018074.752287845,1,
4215059,Rio Rufino,2025,ok,ok,182293.65,182293.65,182293.65,new_observed,7534157.61,7534157.61,7485240.950183419,new_observed,11364874541.51,7667534.600183419,1,
4215075,Riqueza,2019,ok,ok,324707.2,324707.2,324707.2,new_observed,5994346.25,5994346.25,6047499.133165565,new_observed,6025655732.23,11099317.791805143,1,
4215075,Riqueza,2020,ok,ok,432482.08,432482.08,432482.08,new_observed,6034752.76,6034752.76,5984460.498421656,new_observed,5997695988.4,10941930.71655112,1,
4215075,Riqueza,2021,ok,ok,617194.89,617194.89,617194.89,new_observed,7251283.88,7251283.88,7235661.360713722,new_observed,7262695676.16,10662810.367571779,1,
4215075,Riqueza,2022,ok,absent_dca,,,817497.8916139154,imputed_temporal,,,9157687.512203226,imputed_temporal,8681897309.48,12671055.26180251,1,
4215075,Riqueza,2023,ok,ok,1017211.31,1017211.31,1017211.31,new_observed,10351603.95,10351603.95,10235095.363778401,new_observed,9173087527.72,13887417.815342443,1,
4215075,Riqueza,2024,ok,ok,1068212.21,1068212.21,1068212.21,new_observed,12164208.15,12164208.15,12078237.850560224,new_observed,10681113310.91,14098761.40712754,1,
4215075,Riqueza,2025,ok,ok,925567.47,925567.47,925567.47,new_observed,12800175.57,12800175.57,12717068.490700368,new_observed,11364874541.51,13642635.960700369,1,
4215109,Rodeio,2019,ok,ok,706069.51,706069.51,706069.51,new_observed,6617614.35,6617614.35,6676293.856940448,new_observed,6025655732.23,12858842.413463898,1,
4215109,Rodeio,2020,ok,ok,890567.41,890567.41,890567.41,new_observed,6850931.24,6850931.24,6793837.131976042,new_observed,5997695988.4,13103159.498262782,1,
4215109,Rodeio,2021,ok,ok,1122640.68,1122640.68,1122640.68,new_observed,8307598.98,8307598.98,8289700.683996766,new_observed,7262695676.16,12780319.399075696,1,
4215109,Rodeio,2022,ok,ok,1555499.11,1555499.11,1555499.11,new_observed,10126207.29,10126207.29,9985847.695577288,new_observed,8681897309.48,14660483.715233656,1,
4215109,Rodeio,2023,ok,ok,2497941.45,2497941.45,2497941.45,new_observed,11662612.4,11662612.4,11531348.25108765,new_observed,9173087527.72,17314726.071722224,1,
4215109,Rodeio,2024,ok,ok,3077334.09,3077334.09,3077334.09,new_observed,14251905.08,14251905.08,14151180.023982696,new_observed,10681113310.91,18476524.748006415,1,
4215109,Rodeio,2025,ok,ok,2042084.12,2042084.12,2042084.12,new_observed,16020246.6,16020246.6,15916232.721650839,new_observed,11364874541.51,17958316.84165084,1,
4215208,Romelândia,2019,ok,ok,256097.72,256097.72,256097.72,new_observed,5677121.54,5677121.54,5727461.537949291,new_observed,6025655732.23,10422359.581235386,1,
4215208,Romelândia,2020,ok,ok,522608.4,522608.4,522608.4,new_observed,5731854.61,5731854.61,5684086.632944524,new_observed,5997695988.4,10583424.457874024,1,
4215208,Romelândia,2021,ok,ok,577636.8,577636.8,577636.8,new_observed,6910514.02,6910514.02,6895625.671903007,new_observed,7262695676.16,10147388.163096717,1,
4215208,Romelândia,2022,ok,ok,730867.55,730867.55,730867.55,new_observed,8486435.98,8486435.98,8368805.293788056,new_observed,8681897309.48,11558928.761749128,1,
4215208,Romelândia,2023,ok,ok,641394.9,641394.9,641394.9,new_observed,9534201.29,9534201.29,9426892.6720877,new_observed,9173087527.72,12426120.283802286,1,
4215208,Romelândia,2024,ok,ok,895957.46,895957.46,895957.46,new_observed,10455936.69,10455936.69,10382039.565166382,new_observed,10681113310.91,12094960.120461531,1,
4215208,Romelândia,2025,ok,ok,1146438.57,1146438.57,1146438.57,new_observed,10595155.92,10595155.92,10526365.264870305,new_observed,11364874541.51,11672803.834870305,3,
4215307,Salete,2019,ok,ok,516445.58,516445.58,516445.58,new_observed,7883422.79,7883422.79,7953326.434705481,new_observed,6025655732.23,14752926.427706003,1,
4215307,Salete,2020,ok,ok,616862.57,616862.57,616862.57,new_observed,7825233.47,7825233.47,7760019.74804052,new_observed,5997695988.4,14283946.727671435,1,
4215307,Salete,2021,ok,ok,871073.96,871073.96,871073.96,new_observed,9943812.89,9943812.89,9922389.455029864,new_observed,7262695676.16,14655642.473186376,5,
4215307,Salete,2022,ok,ok,1210753.79,1210753.79,1210753.79,new_observed,13035481.69,13035481.69,12854796.57555247,new_observed,8681897309.48,17866872.519620683,1,
4215307,Salete,2023,ok,ok,1570275.33,1570275.33,1570275.33,new_observed,15491400.69,15491400.69,15317043.054052753,new_observed,9173087527.72,20842059.58646384,1,
4215307,Salete,2024,ok,ok,1610666.02,1610666.02,1610666.02,new_observed,18137827.96,18137827.96,18009639.221228015,new_observed,10681113310.91,21041574.04141843,1,
4215307,Salete,2025,ok,ok,1799213.4,1799213.4,1799213.4,new_observed,18109929.62,18109929.62,17992348.15802634,new_observed,11364874541.51,19791561.55802634,1,
4215356,Saltinho,2019,ok,ok,175421.37,175421.37,175421.37,new_observed,5273761.25,5273761.25,5320524.58396062,new_observed,6025655732.23,9573018.750522878,1,
4215356,Saltinho,2020,ok,ok,187583.12,187583.12,187583.12,new_observed,5454815.55,5454815.55,5409356.353672923,new_observed,5997695988.4,9543692.061636375,1,
4215356,Saltinho,2021,ok,ok,264567.77,264567.77,264567.77,new_observed,6726525.26,6726525.26,6712033.306251804,new_observed,7262695676.16,9473008.534889339,1,
4215356,Saltinho,2022,ok,partial,,,397134.7259027158,imputed_temporal,8232304.17,8232304.17,8118196.010708547,new_observed,8681897309.48,10816663.747907689,1,
4215356,Saltinho,2023,ok,ok,546630.36,546630.36,546630.36,new_observed,9264386.31,9264386.31,9160114.493148968,new_observed,9173087527.72,11979910.014071774,1,
4215356,Saltinho,2024,ok,ok,541830.69,541830.69,541830.69,new_observed,10876002.89,10876002.89,10799136.955643132,new_observed,10681113310.91,12162492.248881808,1,
4215356,Saltinho,2025,ok,ok,457738.31,457738.31,457738.31,new_observed,11295457.57,11295457.57,11222120.100301867,new_observed,11364874541.51,11679858.410301868,1,
4215406,Salto Veloso,2019,ok,ok,278014.24,278014.24,278014.24,new_observed,7137433.81,7137433.81,7200722.644108457,new_observed,6025655732.23,13026708.963577682,1,
4215406,Salto Veloso,2020,ok,ok,252736.5,252736.5,252736.5,new_observed,7323752.14,7323752.14,7262717.649771798,new_observed,5997695988.4,12815071.602284184,1,
4215406,Salto Veloso,2021,ok,ok,311088.15,311088.15,311088.15,new_observed,8348801.97,8348801.97,8330814.904267628,new_observed,7262695676.16,11734198.429293817,1,
4215406,Salto Veloso,2022,ok,partial,,,495826.636267642,imputed_temporal,10065228.27,10065228.27,9925713.907189716,new_observed,8681897309.48,13238041.278784858,1,
4215406,Salto Veloso,2023,ok,ok,711087.85,711087.85,711087.85,new_observed,11795343.41,11795343.41,11662585.357109334,new_observed,9173087527.72,15271390.54413402,1,
4215406,Salto Veloso,2024,ok,ok,728299.7,728299.7,728299.7,new_observed,14465540.77,14465540.77,14363305.847987816,new_observed,10681113310.91,16184821.369373944,1,
4215406,Salto Veloso,2025,ok,ok,911676.06,911676.06,911676.06,new_observed,16127972.47,16127972.47,16023259.16511784,new_observed,11364874541.51,16934935.22511784,1,
4215455,Sangão,2019,ok,ok,757027.37,757027.37,757027.37,new_observed,9499659.91,9499659.91,9583895.002910899,new_observed,6025655732.23,18012157.434379112,1,
4215455,Sangão,2020,ok,ok,776022.25,776022.25,776022.25,new_observed,9625582.64,9625582.64,9545365.21615067,new_observed,5997695988.4,17599644.25006247,1,
4215455,Sangão,2021,ok,ok,1342324.42,1342324.42,1342324.42,new_observed,11690011.03,11690011.03,11664825.500679227,new_observed,7262695676.16,17661442.99587472,1,
4215455,Sangão,2022,ok,ok,2014427.79,2014427.79,2014427.79,new_observed,13482287.51,13482287.51,13295409.209704611,new_observed,8681897309.48,19447437.09708014,1,
4215455,Sangão,2023,ok,ok,2103345.53,2103345.53,2103345.53,new_observed,14844425.03,14844425.03,14677349.185341377,new_observed,9173087527.72,20710466.351465177,1,
4215455,Sangão,2024,ok,ok,2518540.18,2518540.18,2518540.18,new_observed,18300658.02,18300658.02,18171318.48301383,new_observed,10681113310.91,22188604.48967409,1,
4215455,Sangão,2025,ok,ok,2487496.52,2487496.52,2487496.52,new_observed,21140251.23,21140251.23,21002994.945835937,new_observed,11364874541.51,23490491.465835936,1,
4215505,Santa Cecília,2019,ok,ok,4418264.5,4418264.5,4418264.5,new_observed,13563416.09,13563416.09,13683685.19703694,new_observed,6025655732.23,31530569.136306003,1,
4215505,Santa Cecília,2020,ok,ok,4339800.86,4339800.86,4339800.86,new_observed,14591222.26,14591222.26,14469622.32114059,new_observed,5997695988.4,32073125.59698069,1,
4215505,Santa Cecília,2021,ok,ok,3918756.47,3918756.47,3918756.47,new_observed,18525597.65,18525597.65,18485685.199823387,new_observed,7262695676.16,30421327.640492287,3,
4215505,Santa Cecília,2022,ok,ok,6343518.64,6343518.64,6343518.64,new_observed,21574615.79,21574615.79,21275569.539475318,new_observed,8681897309.48,35083357.19442469,1,
4215505,Santa Cecília,2023,ok,ok,6806956.25,6806956.25,6806956.25,new_observed,23507427.01,23507427.01,23242848.003705766,new_observed,9173087527.72,37086990.164687455,1,
4215505,Santa Cecília,2024,ok,ok,7805917.92,7805917.92,7805917.92,new_observed,25893876.21,25893876.21,25710871.75430674,new_observed,10681113310.91,35944701.312834084,1,
4215505,Santa Cecília,2025,ok,ok,7607915.11,7607915.11,7607915.11,new_observed,23266708.68,23266708.68,23115646.04865281,new_observed,11364874541.51,30723561.15865281,2,
4215554,Santa Helena,2019,ok,ok,152643.3,152643.3,152643.3,new_observed,5153885.03,5153885.03,5199585.401220357,new_observed,6025655732.23,9322687.330457747,2,
4215554,Santa Helena,2020,ok,ok,291647.64,291647.64,291647.64,new_observed,5225855.15,5225855.15,5182304.057747079,new_observed,5997695988.4,9333977.901548892,2,
4215554,Santa Helena,2021,ok,ok,249210.97,249210.97,249210.97,new_observed,6323035.03,6323035.03,6309412.375262065,new_observed,7262695676.16,8905467.612055501,2,
4215554,Santa Helena,2022,ok,ok,284267.06,284267.06,284267.06,new_observed,7673727.21,7673727.21,7567361.498923774,new_observed,8681897309.48,9973590.999842402,5,
4215554,Santa Helena,2023,ok,ok,169627.35,169627.35,169627.35,new_observed,4584261.03,4584261.03,4532664.603585709,new_observed,9173087527.72,5803493.891731949,1,
4215554,Santa Helena,2024,ok,ok,390831.71,390831.71,390831.71,new_observed,9687282.22,9687282.22,9618817.545362627,new_observed,10681113310.91,10734734.926180953,1,
4215554,Santa Helena,2025,ok,ok,612805.1,612805.1,612805.1,new_observed,10185749.52,10185749.52,10119616.997953285,new_observed,11364874541.51,10732422.097953284,1,
4215604,Santa Rosa de Lima,2019,ok,ok,255333.4,255333.4,255333.4,new_observed,4050907.9,4050907.9,4086827.9862518026,new_observed,6025655732.23,7563318.983955708,1,
4215604,Santa Rosa de Lima,2020,ok,ok,209702.37,209702.37,209702.37,new_observed,4023628.03,4023628.03,3990096.0260511395,new_observed,5997695988.4,7161339.30005918,1,
4215604,Santa Rosa de Lima,2021,ok,ok,263937.53,263937.53,263937.53,new_observed,4841300.36,4841300.36,4830870.0266278135,new_observed,7262695676.16,6917860.852305385,1,
4215604,Santa Rosa de Lima,2022,ok,ok,402793.54,402793.54,402793.54,new_observed,5529453.65,5529453.65,5452809.764538599,new_observed,8681897309.48,7438124.712409817,1,
4215604,Santa Rosa de Lima,2023,ok,ok,464251.1,464251.1,464251.1,new_observed,6823341.44,6823341.44,6746543.8858894,new_observed,9173087527.72,8899448.411158236,1,
4215604,Santa Rosa de Lima,2024,ok,ok,658759.67,658759.67,658759.67,new_observed,7486234.17,7486234.17,7433325.3587288605,new_observed,10681113310.91,8678264.898940729,1,
4215604,Santa Rosa de Lima,2025,ok,ok,646967.05,646967.05,646967.05,new_observed,8138102.38,8138102.38,8085264.517257841,new_observed,11364874541.51,8732231.567257842,2,
4215653,Santa Rosa do Sul,2019,ok,ok,1106977.36,1106977.36,1106977.36,new_observed,4957256.31,4957256.31,5001213.141066806,new_observed,6025655732.23,10639446.364340514,1,
4215653,Santa Rosa do Sul,2020,ok,ok,713920.68,713920.68,713920.68,new_observed,5052116.25,5052116.25,5010013.058357531,new_observed,5997695988.4,9760237.936653402,1,
4215653,Santa Rosa do Sul,2021,ok,ok,1252073.57,1252073.57,1252073.57,new_observed,6113067.36,6113067.36,6099897.069840305,new_observed,7262695676.16,9982694.991194785,1,
4215653,Santa Rosa do Sul,2022,ok,ok,1790088.16,1790088.16,1790088.16,new_observed,7288796.09,7288796.09,7187765.918117924,new_observed,8681897309.48,11404187.54649912,1,
4215653,Santa Rosa do Sul,2023,ok,ok,1735190.93,1735190.93,1735190.93,new_observed,8677851.45,8677851.45,8580181.155737966,new_observed,9173087527.72,12731068.058178019,1,
4215653,Santa Rosa do Sul,2024,ok,ok,2088146.04,2088146.04,2088146.04,new_observed,10628494.97,10628494.97,10553378.292950613,new_observed,10681113310.91,13557259.531785173,1,
4215653,Santa Rosa do Sul,2025,ok,ok,2343171.04,2343171.04,2343171.04,new_observed,11630094.25,11630094.25,11554584.100954682,new_observed,11364874541.51,13897755.14095468,1,
4215679,Santa Terezinha,2019,ok,ok,341385.35,341385.35,341385.35,new_observed,6579188.08,6579188.08,6637526.854697997,new_observed,6025655732.23,12156097.959020358,1,
4215679,Santa Terezinha,2020,ok,ok,449856.93,449856.93,449856.93,new_observed,6927277.88,6927277.88,6869547.516384104,new_observed,5997695988.4,12480774.973437587,1,
4215679,Santa Terezinha,2021,ok,ok,381287.33,381287.33,381287.33,new_observed,7912113.15,7912113.15,7895066.907937677,new_observed,7262695676.16,11237846.836424364,1,
4215679,Santa Terezinha,2022,ok,ok,600335.18,600335.18,600335.18,new_observed,9251737.34,9251737.34,9123498.79386336,new_observed,8681897309.48,12351774.192815188,1,
4215679,Santa Terezinha,2023,ok,ok,745410.64,745410.64,745410.64,new_observed,10510704.83,10510704.83,10392405.543642951,new_observed,9173087527.72,13746115.474543333,1,
4215679,Santa Terezinha,2024,ok,ok,1105285.04,1105285.04,1105285.04,new_observed,12372323.7,12372323.7,12284882.548045125,new_observed,10681113310.91,14360133.507954448,1,
4215679,Santa Terezinha,2025,ok,ok,1346440.38,1346440.38,1346440.38,new_observed,13300252.94,13300252.94,13213899.032606699,new_observed,11364874541.51,14560339.412606698,1,
4215687,Santa Terezinha do Progresso,2019,ok,ok,140308.31,140308.31,140308.31,new_observed,4404636.52,4404636.52,4443693.177818915,new_observed,6025655732.23,7984563.9973390605,1,
4215687,Santa Terezinha do Progresso,2020,ok,ok,159209.54,159209.54,159209.54,new_observed,4452207.49,4452207.49,4415103.80197946,new_observed,5997695988.4,7799948.192156903,1,
4215687,Santa Terezinha do Progresso,2021,ok,ok,141612.49,141612.49,141612.49,new_observed,5425894.14,5425894.14,5414204.32930575,new_observed,7262695676.16,7543831.096594799,2,
4215687,Santa Terezinha do Progresso,2022,ok,ok,304091.52,304091.52,304091.52,new_observed,6574288.46,6574288.46,6483162.0949714305,new_observed,8681897309.48,8621560.617636453,1,
4215687,Santa Terezinha do Progresso,2023,ok,ok,340923.82,340923.82,340923.82,new_observed,7338813.03,7338813.03,7256213.779217234,new_observed,9173087527.72,9376266.31585131,1,
4215687,Santa Terezinha do Progresso,2024,ok,ok,374768.92,374768.92,374768.92,new_observed,8476370.98,8476370.98,8416464.396494748,new_observed,10681113310.91,9428058.558217974,4,
4215687,Santa Terezinha do Progresso,2025,ok,ok,247246.9,247246.9,247246.9,new_observed,8793877.03,8793877.03,8736781.450983388,new_observed,11364874541.51,8984028.350983389,2,
4215695,Santiago do Sul,2019,ok,ok,61088.65,61088.65,61088.65,new_observed,3977190.34,3977190.34,4012456.7601653747,new_observed,6025655732.23,7095434.874958554,2,
4215695,Santiago do Sul,2020,ok,ok,119840.05,119840.05,119840.05,new_observed,4024347.62,4024347.62,3990809.6191511927,new_observed,5997695988.4,7009326.221979262,1,
4215695,Santiago do Sul,2021,ok,ok,116323.03,116323.03,116323.03,new_observed,4865782.84,4865782.84,4855299.760380072,new_observed,7262695676.16,6750597.405638581,1,
4215695,Santiago do Sul,2022,ok,ok,139230.07,139230.07,139230.07,new_observed,5970160.16,5970160.16,5887407.631368303,new_observed,8681897309.48,7655382.458122386,1,
4215695,Santiago do Sul,2023,ok,ok,173416.37,173416.37,173416.37,new_observed,6725507.16,6725507.16,6649810.742843813,new_observed,9173087527.72,8421118.310421625,1,
4215695,Santiago do Sul,2024,ok,ok,191967.8,191967.8,191967.8,new_observed,7730775.35,7730775.35,7676138.24879739,new_observed,10681113310.91,8438061.179783175,1,
4215695,Santiago do Sul,2025,ok,ok,223183.47,223183.47,223183.47,new_observed,8126940.53,8126940.53,8074175.137260147,new_observed,11364874541.51,8297358.607260147,1,
4215703,Santo Amaro da Imperatriz,2019,ok,ok,4168793.7,4168793.7,4168793.7,new_observed,10241909.93,10241909.93,10332726.67951652,new_observed,6025655732.23,25259223.374305405,1,
4215703,Santo Amaro da Imperatriz,2020,ok,ok,4212613.36,4212613.36,4212613.36,new_observed,10573071.97,10573071.97,10484958.384845953,new_observed,5997695988.4,25061750.16657229,1,
4215703,Santo Amaro da Imperatriz,2021,ok,ok,4998964.53,4998964.53,4998964.53,new_observed,12772521.51,12772521.51,12745003.767359314,new_observed,7262695676.16,24093216.92419265,1,
4215703,Santo Amaro da Imperatriz,2022,ok,ok,7188169.63,7188169.63,7188169.63,new_observed,15394931.3,15394931.3,15181541.799711244,new_observed,8681897309.48,28415296.382158592,1,
4215703,Santo Amaro da Imperatriz,2023,ok,ok,8213971.1,8213971.1,8213971.1,new_observed,19091341.37,19091341.37,18876465.95524917,new_observed,9173087527.72,33434586.266937487,1,
4215703,Santo Amaro da Imperatriz,2024,ok,ok,9107060.39,9107060.39,9107060.39,new_observed,21778885.18,21778885.18,21624963.34166076,new_observed,10681113310.91,32958210.631380323,1,
4215703,Santo Amaro da Imperatriz,2025,ok,ok,11774397.85,11774397.85,11774397.85,new_observed,24244752.19,24244752.19,24087339.462976422,new_observed,11364874541.51,35861737.31297642,1,
4215752,São Bernardino,2019,ok,ok,69322.98,69322.98,69322.98,new_observed,4607756.41,4607756.41,4648614.166275945,new_observed,6025655732.23,8217857.515964147,1,
4215752,São Bernardino,2020,ok,ok,70741.14,70741.14,70741.14,new_observed,4728926.73,4728926.73,4689516.926558445,new_observed,5997695988.4,8117014.188710027,1,
4215752,São Bernardino,2021,ok,ok,85362.81,85362.81,85362.81,new_observed,5883362.1,5883362.1,5870686.69804409,new_observed,7262695676.16,8087277.344261999,3,
4215752,São Bernardino,2022,ok,partial,,,118693.19776630639,imputed_temporal,201546.37,201546.37,198752.73108461796,new_observed,8681897309.48,403238.1097964428,1,
4215752,São Bernardino,2023,ok,ok,154012.04,154012.04,154012.04,new_observed,8074488.47,8074488.47,7983609.100904519,new_observed,9173087527.72,10043322.5011594,1,
4215752,São Bernardino,2024,ok,ok,248303.13,248303.13,248303.13,new_observed,9237410.06,9237410.06,9172124.847916037,new_observed,10681113310.91,10102831.24355529,1,
4215752,São Bernardino,2025,ok,ok,373544.77,373544.77,373544.77,new_observed,9631929.98,9631929.98,9569393.215228394,new_observed,11364874541.51,9942937.985228393,1,
4215802,São Bento do Sul,2019,ok,ok,16907583.87,16907583.87,16907583.87,new_observed,56582788.77,56582788.77,57084517.938660175,new_observed,6025655732.23,128881867.45985913,1,
4215802,São Bento do Sul,2020,ok,ok,17865134.51,17865134.51,17865134.51,new_observed,57290274.18,57290274.18,56812830.021217994,new_observed,5997695988.4,127338074.78679861,1,
4215802,São Bento do Sul,2021,ok,ok,22557744.04,22557744.04,22557744.04,new_observed,71500450.44,71500450.44,71346406.38594532,new_observed,7262695676.16,127505472.75442436,1,
4215802,São Bento do Sul,2022,ok,ok,27397333.07,27397333.07,27397333.07,new_observed,85505507.72,85505507.72,84320313.89167109,new_observed,8681897309.48,141910192.24847552,1,
4215802,São Bento do Sul,2023,ok,ok,34972178.92,34972178.92,34972178.92,new_observed,89434847.63,89434847.63,88428247.32857375,new_observed,9173087527.72,152298842.1475228,1,
4215802,São Bento do Sul,2024,ok,ok,37060864.26,37060864.26,37060864.26,new_observed,99018268.87,99018268.87,98318459.22190857,new_observed,10681113310.91,145186021.50673905,2,
4215802,São Bento do Sul,2025,ok,ok,38593743.5,38593743.5,38593743.5,new_observed,103699609.64,103699609.64,103026324.21242423,new_observed,11364874541.51,141620067.71242422,2,
4215901,São Bonifácio,2019,ok,ok,345039.89,345039.89,345039.89,new_observed,4199503.5,4199503.5,4236741.208597312,new_observed,6025655732.23,7980696.450636468,1,
4215901,São Bonifácio,2020,ok,ok,404610.31,404610.31,404610.31,new_observed,4216981.41,4216981.41,4181838.0428104666,new_observed,5997695988.4,7820640.359202933,1,
4215901,São Bonifácio,2021,ok,ok,550937.69,550937.69,550937.69,new_observed,5002348.09,5002348.09,4991570.787551775,new_observed,7262695676.16,7525760.687574313,1,
4215901,São Bonifácio,2022,ok,ok,341633.9,341633.9,341633.9,new_observed,6004319.06,6004319.06,5921093.05406208,new_observed,8681897309.48,7955276.630160107,1,
4215901,São Bonifácio,2023,ok,ok,538892.24,538892.24,538892.24,new_observed,6626935.35,6626935.35,6552348.370789844,new_observed,9173087527.72,8751896.304128595,1,
4215901,São Bonifácio,2024,ok,ok,381422.16,381422.16,381422.16,new_observed,7843142.41,7843142.41,7787711.156833181,new_observed,10681113310.91,8760894.462496394,1,
4215901,São Bonifácio,2025,ok,ok,360799.73,360799.73,360799.73,new_observed,8327818.01,8327818.01,8273748.389785409,new_observed,11364874541.51,8634548.11978541,1,
4216008,São Carlos,2019,ok,ok,1749785.68,1749785.68,1749785.68,new_observed,14360966.1,14360966.1,14488307.218017325,new_observed,6025655732.23,28284042.290013768,1,
4216008,São Carlos,2020,ok,ok,2306518.26,2306518.26,2306518.26,new_observed,14354477.67,14354477.67,14234850.706889728,new_observed,5997695988.4,28205724.296372697,1,
4216008,São Carlos,2021,ok,ok,3079471.68,3079471.68,3079471.68,new_observed,17838250.68,17838250.68,17799819.083624303,new_observed,7262695676.16,28350438.479207434,1,
4216008,São Carlos,2022,ok,ok,3694524.73,3694524.73,3694524.73,new_observed,22334475.95,22334475.95,22024897.260150194,new_observed,8681897309.48,32670291.74356044,1,
4216008,São Carlos,2023,ok,ok,4003373.4,4003373.4,4003373.4,new_observed,24342573.39,24342573.39,24068594.707627367,new_observed,9173087527.72,34645976.270630985,1,
4216008,São Carlos,2024,ok,ok,5042726.28,5042726.28,5042726.28,new_observed,30304736.2,30304736.2,30090558.078955803,new_observed,10681113310.91,37678292.721143566,1,
4216008,São Carlos,2025,ok,ok,7121116.16,7121116.16,7121116.16,new_observed,32281911.49,32281911.49,32072316.288475495,new_observed,11364874541.51,39193432.448475495,1,
4216057,São Cristovão do Sul,2019,ok,ok,1271822.46,1271822.46,1271822.46,new_observed,6060991.09,6060991.09,6114734.924246196,new_observed,6025655732.23,12866147.690234134,1,
4216057,São Cristovão do Sul,2020,ok,ok,1280316.92,1280316.92,1280316.92,new_observed,6310414.41,6310414.41,6257824.846715975,new_observed,5997695988.4,12853757.678977719,1,
4216057,São Cristovão do Sul,2021,ok,ok,1774931.56,1774931.56,1774931.56,new_observed,7662904.02,7662904.02,7646394.686229252,new_observed,7262695676.16,12792519.303462237,1,
4216057,São Cristovão do Sul,2022,ok,ok,1871118.89,1871118.89,1871118.89,new_observed,9128186.7,9128186.7,9001660.6921538,new_observed,8681897309.48,13811231.105754623,2,
4216057,São Cristovão do Sul,2023,ok,ok,2176076.15,2176076.15,2176076.15,new_observed,10201106.74,10201106.74,10086292.018541014,new_observed,9173087527.72,15134019.636962326,2,
4216057,São Cristovão do Sul,2024,ok,ok,3279925.69,3279925.69,3279925.69,new_observed,11436382.16,11436382.16,11355555.756285187,new_observed,10681113310.91,15695656.24477211,1,
4216057,São Cristovão do Sul,2025,ok,ok,2394864.52,2394864.52,2394864.52,new_observed,11519444.8,11519444.8,11444653.059273796,new_observed,11364874541.51,13839517.579273796,1,
4216107,São Domingos,2019,ok,ok,739122.63,739122.63,739122.63,new_observed,11036677.61,11036677.61,11134541.699105687,new_observed,6025655732.23,20681937.59766326,1,
4216107,São Domingos,2020,ok,ok,1398235.95,1398235.95,1398235.95,new_observed,13851345.31,13851345.31,13735911.33793078,new_observed,5997695988.4,25806182.470055643,1,
4216107,São Domingos,2021,ok,ok,735418.79,735418.79,735418.79,new_observed,13694995.53,13694995.53,13665490.364386084,new_observed,7262695676.16,19553925.16192961,2,
4216107,São Domingos,2022,ok,ok,1004628.82,1004628.82,1004628.82,new_observed,16238235.58,16238235.58,16013157.019500848,new_observed,8681897309.48,21616972.12397881,2,
4216107,São Domingos,2023,ok,ok,1383979.41,1383979.41,1383979.41,new_observed,17664410.78,17664410.78,17465595.646001823,new_observed,9173087527.72,23263845.541498568,4,
4216107,São Domingos,2024,ok,ok,1848690.97,1848690.97,1848690.97,new_observed,20226901.06,20226901.06,20083947.838596355,new_observed,10681113310.91,23521409.975061268,1,
4216107,São Domingos,2025,ok,ok,3944241.02,3944241.02,3944241.02,new_observed,20167890.33,20167890.33,20036947.2463059,new_observed,11364874541.51,23981188.2663059,5,
4216206,São Francisco do Sul,2019,ok,ok,42593265.87,42593265.87,42593265.87,new_observed,87247647.85,87247647.85,88021287.51631749,new_observed,6025655732.23,227508708.98890725,1,
4216206,São Francisco do Sul,2020,ok,ok,45017570.62,45017570.62,45017570.62,new_observed,88288447.5,88288447.5,87552671.59125906,new_observed,5997695988.4,226053823.54984203,1,
4216206,São Francisco do Sul,2021,ok,ok,55161752.64,55161752.64,55161752.64,new_observed,101823598.45,101823598.45,101604224.7284759,new_observed,7262695676.16,212860879.58316877,1,
4216206,São Francisco do Sul,2022,ok,ok,87056928.9,87056928.9,87056928.9,new_observed,115962850.45,115962850.45,114355486.68673427,new_observed,8681897309.48,255845655.4938863,1,
4216206,São Francisco do Sul,2023,ok,ok,97555328.46,97555328.46,97555328.46,new_observed,152763081.62,152763081.62,151043714.19130304,new_observed,9173087527.72,306816981.96495247,1,
4216206,São Francisco do Sul,2024,ok,ok,107006244.41,107006244.41,107006244.41,new_observed,174236012.09,174236012.09,173004602.53601515,new_observed,10681113310.91,300294460.0491901,1,
4216206,São Francisco do Sul,2025,ok,ok,107050671.99,107050671.99,107050671.99,new_observed,138309337.17,138309337.17,137411342.84256226,new_observed,11364874541.51,244462014.83256227,1,
4216255,São João do Oeste,2019,ok,ok,665755.91,665755.91,665755.91,new_observed,12529241.03,12529241.03,12640339.93167269,new_observed,6025655732.23,23176993.743323095,1,
4216255,São João do Oeste,2020,ok,ok,844917.7,844917.7,844917.7,new_observed,12656381.91,12656381.91,12550906.492038863,new_observed,5997695988.4,22842058.879143223,1,
4216255,São João do Oeste,2021,ok,ok,1009321.39,1009321.39,1009321.39,new_observed,15675663.71,15675663.71,15641891.296357483,new_observed,7262695676.16,22609445.225563433,1,
4216255,São João do Oeste,2022,ok,ok,1108153.21,1108153.21,1108153.21,new_observed,19177149.09,19177149.09,18911334.181083962,new_observed,8681897309.48,25429906.39034277,1,
4216255,São João do Oeste,2023,ok,ok,1212683.92,1212683.92,1212683.92,new_observed,19733562.92,19733562.92,19511459.22205819,new_observed,9173087527.72,25577407.639395956,2,
4216255,São João do Oeste,2024,ok,ok,1679285.47,1679285.47,1679285.47,new_observed,22912451.66,22912451.66,22750518.36308337,new_observed,10681113310.91,26199466.31059539,4,
4216255,São João do Oeste,2025,ok,ok,1620356.22,1620356.22,1620356.22,new_observed,25159982.59,25159982.59,24996627.590933803,new_observed,11364874541.51,26616983.810933802,1,
4216305,São João Batista,2019,ok,ok,3540451.13,3540451.13,3540451.13,new_observed,15153234.08,15153234.08,15287600.372343345,new_observed,6025655732.23,32795317.053264238,1,
4216305,São João Batista,2020,ok,ok,3370753.54,3370753.54,3370753.54,new_observed,16408186.06,16408186.06,16271443.956690427,new_observed,5997695988.4,33493141.243358947,1,
4216305,São João Batista,2021,ok,ok,3675908.96,3675908.96,3675908.96,new_observed,20365570.37,20365570.37,20321693.792948738,new_observed,7262695676.16,32584562.77074403,1,
4216305,São João Batista,2022,ok,partial,,,4657557.67825193,imputed_temporal,22253448.11,22253448.11,21944992.548922263,new_observed,8681897309.48,33792092.11534172,1,
4216305,São João Batista,2023,ok,ok,5557955.2,5557955.2,5557955.2,new_observed,24305441.44,24305441.44,24031880.682329573,new_observed,9173087527.72,36519304.521171406,1,
4216305,São João Batista,2024,ok,ok,6707148.48,6707148.48,6707148.48,new_observed,28582137.08,28582137.08,28380133.394014373,new_observed,10681113310.91,37628957.87741493,1,
4216305,São João Batista,2025,ok,ok,6724931.56,6724931.56,6724931.56,new_observed,31171646.56,31171646.56,30969259.921754688,new_observed,11364874541.51,37694191.48175469,1,
4216354,São João do Itaperiú,2019,ok,ok,614034.18,614034.18,614034.18,new_observed,6097094.29,6097094.29,6151158.257433615,new_observed,6025655732.23,11783833.865356022,1,
4216354,São João do Itaperiú,2020,ok,ok,703211.76,703211.76,703211.76,new_observed,6530949.28,6530949.28,6476521.829098987,new_observed,5997695988.4,12242613.446377305,1,
4216354,São João do Itaperiú,2021,ok,ok,729411.78,729411.78,729411.78,new_observed,8183924.53,8183924.53,8166292.684257481,new_observed,7262695676.16,12078816.51720268,1,
4216354,São João do Itaperiú,2022,ok,ok,1163347.35,1163347.35,1163347.35,new_observed,10234676.34,10234676.34,10092813.2535561,new_observed,8681897309.48,14298223.769234935,1,
4216354,São João do Itaperiú,2023,ok,ok,1671870.59,1671870.59,1671870.59,new_observed,11502983.26,11502983.26,11373515.756854914,new_observed,9173087527.72,16100408.210835245,1,
4216354,São João do Itaperiú,2024,ok,ok,3022130.97,3022130.97,3022130.97,new_observed,13438795.26,13438795.26,13343816.841481892,new_observed,10681113310.91,17551475.290490065,1,
4216354,São João do Itaperiú,2025,ok,ok,1470648.59,1470648.59,1470648.59,new_observed,13726036.83,13726036.83,13636918.456188468,new_observed,11364874541.51,15107567.046188468,1,
4216404,São João do Sul,2019,ok,ok,282892.87,282892.87,282892.87,new_observed,6704003.54,6704003.54,6763449.074515656,new_observed,6025655732.23,12273549.289332686,1,
4216404,São João do Sul,2020,ok,ok,531354.77,531354.77,531354.77,new_observed,6906914.41,6906914.41,6849353.750927208,new_observed,5997695988.4,12585308.390730206,1,
4216404,São João do Sul,2021,ok,ok,1120347.64,1120347.64,1120347.64,new_observed,8141502.13,8141502.13,8123961.681142934,new_observed,7262695676.16,12552161.165762402,1,
4216404,São João do Sul,2022,ok,ok,1079317.0,1079317.0,1079317.0,new_observed,9689056.55,9689056.55,9554756.312137036,new_observed,8681897309.48,13508012.647522885,1,
4216404,São João do Sul,2023,ok,ok,959635.95,959635.95,959635.95,new_observed,11277785.58,11277785.58,11150852.704671428,new_observed,9173087527.72,14946572.358120093,1,
4216404,São João do Sul,2024,ok,ok,1095005.02,1095005.02,1095005.02,new_observed,13027719.17,13027719.17,12935646.02358132,new_observed,10681113310.91,15047012.73262878,1,
4216404,São João do Sul,2025,ok,ok,1237123.56,1237123.56,1237123.56,new_observed,14055582.37,14055582.37,13964324.371839108,new_observed,11364874541.51,15201447.931839108,1,
4216503,São Joaquim,2019,ok,ok,2621547.43,2621547.43,2621547.43,new_observed,20096602.57,20096602.57,20274802.547758713,new_observed,6025655732.23,39881612.64534677,1,
4216503,São Joaquim,2020,ok,ok,2692466.28,2692466.28,2692466.28,new_observed,19330539.1,19330539.1,19169442.768877465,new_observed,5997695988.4,37278110.442932606,1,
4216503,São Joaquim,2021,ok,ok,3491850.96,3491850.96,3491850.96,new_observed,23090020.42,23090020.42,23040274.155021057,new_observed,7262695676.16,36026002.478326984,1,
4216503,São Joaquim,2022,ok,ok,5173526.28,5173526.28,5173526.28,new_observed,28777198.16,28777198.16,28378316.74796843,new_observed,8681897309.48,42619484.24337322,1,
4216503,São Joaquim,2023,ok,ok,5675759.83,5675759.83,5675759.83,new_observed,28015830.31,28015830.31,27700508.665450193,new_observed,9173087527.72,41192459.39088204,1,
4216503,São Joaquim,2024,ok,ok,5746053.11,5746053.11,5746053.11,new_observed,31551170.4,31551170.4,31328183.1300096,new_observed,10681113310.91,39759844.57336479,1,
4216503,São Joaquim,2025,ok,ok,7433138.89,7433138.89,7433138.89,new_observed,34069033.32,34069033.32,33847834.95921946,new_observed,11364874541.51,41280973.849219464,1,
4216602,São José,2019,ok,ok,68472774.05,68472774.05,68472774.05,new_observed,138841462.73,138841462.73,140072593.48875856,new_observed,6025655732.23,363251154.67056614,1,
4216602,São José,2020,ok,ok,72237012.33,72237012.33,72237012.33,new_observed,137472977.05,137472977.05,136327308.42085934,new_observed,5997695988.4,355636086.76731586,2,
4216602,São José,2021,ok,ok,93030253.16,93030253.16,93030253.16,new_observed,161920023.14,161920023.14,161571174.75312102,new_observed,7262695676.16,345704372.83935624,1,
4216602,São José,2022,ok,ok,118075851.42,118075851.42,118075851.42,new_observed,185444883.49,185444883.49,182874427.65308192,new_observed,8681897309.48,382284384.98302746,5,
4216602,São José,2023,ok,ok,147775319.19,147775319.19,147775319.19,new_observed,190444759.98,190444759.98,188301280.58823085,new_observed,9173087527.72,414780390.75811183,1,
4216602,São José,2024,ok,ok,165178967.43,165178967.43,165178967.43,new_observed,214214326.16,214214326.16,212700370.66555497,new_observed,10681113310.91,405252414.4503142,1,
4216602,São José,2025,ok,ok,180671071.42,180671071.42,180671071.42,new_observed,227998552.32,227998552.32,226518237.17398983,new_observed,11364874541.51,407189308.59398985,1,
4216701,São José do Cedro,2019,ok,ok,1852444.59,1852444.59,1852444.59,new_observed,10733097.69,10733097.69,10828269.88455269,new_observed,6025655732.23,22087683.985945832,1,
4216701,São José do Cedro,2020,ok,ok,1645519.68,1645519.68,1645519.68,new_observed,10978405.71,10978405.71,10886914.165335543,new_observed,5997695988.4,21369837.920405827,1,
4216701,São José do Cedro,2021,ok,ok,2437948.57,2437948.57,2437948.57,new_observed,13064802.22,13064802.22,13036654.773557266,new_observed,7262695676.16,21011814.77131289,1,
4216701,São José do Cedro,2022,ok,ok,3268557.86,3268557.86,3268557.86,new_observed,15973288.88,15973288.88,15751882.751862802,new_observed,8681897309.48,24160859.607132804,1,
4216701,São José do Cedro,2023,ok,ok,2687110.15,2687110.15,2687110.15,new_observed,18394101.97,18394101.97,18187074.071165003,new_observed,9173087527.72,25762585.95131282,1,
4216701,São José do Cedro,2024,ok,ok,3151340.15,3151340.15,3151340.15,new_observed,20711111.32,20711111.32,20564735.952203374,new_observed,10681113310.91,25434037.09274775,1,
4216701,São José do Cedro,2025,ok,ok,3345797.49,3345797.49,3345797.49,new_observed,20866374.08,20866374.08,20730895.984728653,new_observed,11364874541.51,24076693.47472865,1,
4216800,São José do Cerrito,2019,ok,ok,890306.1,890306.1,890306.1,new_observed,5899141.01,5899141.01,5951449.692182269,new_observed,6025655732.23,11917194.425440064,1,
4216800,São José do Cerrito,2020,ok,ok,767376.31,767376.31,767376.31,new_observed,6295193.88,6295193.88,6242731.161162891,new_observed,5997695988.4,11953373.328129152,1,
4216800,São José do Cerrito,2021,ok,ok,1047770.9,1047770.9,1047770.9,new_observed,7764283.65,7764283.65,7747555.899014989,new_observed,7262695676.16,11942521.139387378,1,
4216800,São José do Cerrito,2022,ok,ok,1065193.9,1065193.9,1065193.9,new_observed,9024174.93,9024174.93,8899090.63171339,new_observed,8681897309.48,12657208.345957154,3,
4216800,São José do Cerrito,2023,ok,ok,1067244.04,1067244.04,1067244.04,new_observed,10446699.38,10446699.38,10329120.4829204,new_observed,9173087527.72,14065211.720060356,1,
4216800,São José do Cerrito,2024,ok,ok,1886250.76,1886250.76,1886250.76,new_observed,12650851.79,12650851.79,12561442.146302432,new_observed,10681113310.91,15494264.552869476,1,
4216800,São José do Cerrito,2025,ok,ok,1863746.07,1863746.07,1863746.07,new_observed,12977494.81,12977494.81,12893236.458668241,new_observed,11364874541.51,14756982.528668242,1,
4216909,São Lourenço do Oeste,2019,ok,ok,6765232.88,6765232.88,6765232.88,new_observed,23168850.74,23168850.74,23374292.86247727,new_observed,6025655732.23,52498013.532443345,1,
4216909,São Lourenço do Oeste,2020,ok,ok,7477904.95,7477904.95,7477904.95,new_observed,23831486.94,23831486.94,23632880.72982821,new_observed,5997695988.4,53048949.29103144,1,
4216909,São Lourenço do Oeste,2021,ok,ok,7754476.04,7754476.04,7754476.04,new_observed,29105099.2,29105099.2,29042393.756232284,new_observed,7262695676.16,49963737.04431356,2,
4216909,São Lourenço do Oeste,2022,ok,ok,10565349.2,10565349.2,10565349.2,new_observed,36198029.36,36198029.36,35696287.6343602,new_observed,8681897309.48,58764196.66398434,2,
4216909,São Lourenço do Oeste,2023,ok,ok,10562857.01,10562857.01,10562857.01,new_observed,40806813.59,40806813.59,40347527.84234743,new_observed,9173087527.72,62832786.7415848,4,
4216909,São Lourenço do Oeste,2024,ok,ok,14380965.06,14380965.06,14380965.06,new_observed,47022531.91,47022531.91,46690201.09989961,new_observed,10681113310.91,65495080.160580955,1,
4216909,São Lourenço do Oeste,2025,ok,ok,16178078.25,16178078.25,16178078.25,new_observed,53566792.18,53566792.18,53219001.66562894,new_observed,11364874541.51,69397079.91562894,1,
4217006,São Ludgero,2019,ok,ok,1957761.99,1957761.99,1957761.99,new_observed,16288534.14,16288534.14,16432967.33020515,new_observed,6025655732.23,32033574.946500693,1,
4217006,São Ludgero,2020,ok,ok,1940847.19,1940847.19,1940847.19,new_observed,16224036.02,16224036.02,16088828.581381701,new_observed,5997695988.4,30743529.449014146,1,
4217006,São Ludgero,2021,ok,ok,2837400.15,2837400.15,2837400.15,new_observed,19758288.35,19758288.35,19715720.130920466,new_observed,7262695676.16,30623207.28596498,1,
4217006,São Ludgero,2022,ok,ok,3430834.41,3430834.41,3430834.41,new_observed,23939512.11,23939512.11,23607685.97666028,new_observed,8681897309.48,34345886.5321584,1,
4217006,São Ludgero,2023,ok,ok,4206340.21,4206340.21,4206340.21,new_observed,24679687.65,24679687.65,24401914.704823505,new_observed,9173087527.72,35307852.9130215,1,
4217006,São Ludgero,2024,ok,ok,4800548.45,4800548.45,4800548.45,new_observed,28990306.86,28990306.86,28785418.442203134,new_observed,10681113310.91,36018889.6363311,1,
4217006,São Ludgero,2025,ok,ok,5405601.04,5405601.04,5405601.04,new_observed,31728739.07,31728739.07,31522735.424225956,new_observed,11364874541.51,36928336.464225955,1,
4217105,São Martinho,2019,ok,ok,297492.76,297492.76,297492.76,new_observed,4420513.15,4420513.15,4459710.588585367,new_observed,6025655732.23,8286252.6737984475,1,
4217105,São Martinho,2020,ok,ok,330184.61,330184.61,330184.61,new_observed,4725496.45,4725496.45,4686115.233734409,new_observed,5997695988.4,8553607.060184829,1,
4217105,São Martinho,2021,ok,ok,408409.08,408409.08,408409.08,new_observed,5634421.31,5634421.31,5622282.238210895,new_observed,7262695676.16,8188627.915556184,1,
4217105,São Martinho,2022,ok,ok,551246.85,551246.85,551246.85,new_observed,6493383.88,6493383.88,6403378.935233778,new_observed,8681897309.48,8834166.392148722,1,
4217105,São Martinho,2023,ok,ok,919639.04,919639.04,919639.04,new_observed,7061956.32,7061956.32,6982473.12582294,new_observed,9173087527.72,9752661.072259443,1,
4217105,São Martinho,2024,ok,ok,848423.41,848423.41,848423.41,new_observed,8438382.87,8438382.87,8378744.766707482,new_observed,10681113310.91,9895571.959545033,1,
4217105,São Martinho,2025,ok,ok,701990.43,701990.43,701990.43,new_observed,9575963.43,9575963.43,9513790.036534008,new_observed,11364874541.51,10215780.466534007,1,
4217154,São Miguel da Boa Vista,2019,ok,ok,88421.79,88421.79,88421.79,new_observed,4128725.81,4128725.81,4165335.920835955,new_observed,6025655732.23,7409334.56535691,1,
4217154,São Miguel da Boa Vista,2020,ok,ok,101441.93,101441.93,101441.93,new_observed,4158624.04,4158624.04,4123967.009903929,new_observed,5997695988.4,7205009.442502521,1,
4217154,São Miguel da Boa Vista,2021,ok,ok,176626.34,176626.34,176626.34,new_observed,5031021.94,5031021.94,5020182.861212295,new_observed,7262695676.16,7056361.311076157,1,
4217154,São Miguel da Boa Vista,2022,ok,ok,200644.6,200644.6,200644.6,new_observed,6140901.7,6140901.7,6055782.5189169785,new_observed,8681897309.48,7947274.216567545,1,
4217154,São Miguel da Boa Vista,2023,ok,ok,350170.42,350170.42,350170.42,new_observed,6910463.22,6910463.22,6832685.099451006,new_observed,9173087527.72,8864965.966338998,1,
4217154,São Miguel da Boa Vista,2024,ok,ok,556223.2,556223.2,556223.2,new_observed,7991229.04,7991229.04,7934751.1875176225,new_observed,10681113310.91,9106049.272022294,1,
4217154,São Miguel da Boa Vista,2025,ok,ok,892528.94,892528.94,892528.94,new_observed,8331801.84,8331801.84,8277706.354165525,new_observed,11364874541.51,9170235.294165526,1,
4217204,São Miguel do Oeste,2019,ok,ok,11754915.94,11754915.94,11754915.94,new_observed,24766755.88,24766755.88,24986366.89791204,new_observed,6025655732.23,63997170.363752924,4,
4217204,São Miguel do Oeste,2020,ok,ok,13443429.61,13443429.61,13443429.61,new_observed,23284404.18,23284404.18,23090357.233540434,new_observed,5997695988.4,62296048.245703764,1,
4217204,São Miguel do Oeste,2021,ok,ok,16891434.18,16891434.18,16891434.18,new_observed,26943965.29,26943965.29,26885915.898422208,new_observed,7262695676.16,59442012.86488524,1,
4217204,São Miguel do Oeste,2022,ok,partial,,,22651842.375088662,imputed_temporal,32595369.81,32595369.81,32143564.632052686,new_observed,8681897309.48,69604283.24617998,1,
4217204,São Miguel do Oeste,2023,ok,ok,28498567.87,28498567.87,28498567.87,new_observed,36291699.33,36291699.33,35883231.75329006,new_observed,9173087527.72,79458992.45314986,1,
4217204,São Miguel do Oeste,2024,ok,ok,29621795.88,29621795.88,29621795.88,new_observed,41543922.55,41543922.55,41250311.70271057,new_observed,10681113310.91,76005988.73657688,2,
4217204,São Miguel do Oeste,2025,ok,ok,33559958.41,33559958.41,33559958.41,new_observed,44046625.39,44046625.39,43760646.00095573,new_observed,11364874541.51,77320604.41095573,3,
4217253,São Pedro de Alcântara,2019,ok,ok,688408.33,688408.33,688408.33,new_observed,4271320.37,4271320.37,4309194.890943684,new_observed,6025655732.23,8704989.04875334,3,
4217253,São Pedro de Alcântara,2020,ok,ok,758961.37,758961.37,758961.37,new_observed,4360060.97,4360060.97,4323725.210189889,new_observed,5997695988.4,8666807.242657471,2,
4217253,São Pedro de Alcântara,2021,ok,ok,726114.59,726114.59,726114.59,new_observed,5304000.84,5304000.84,5292573.642170126,new_observed,7262695676.16,8172329.8163433345,2,
4217253,São Pedro de Alcântara,2022,ok,ok,1103254.94,1103254.94,1103254.94,new_observed,6228575.44,6228575.44,6142241.01117066,new_observed,8681897309.48,9203646.436618427,1,
4217253,São Pedro de Alcântara,2023,ok,ok,1039374.23,1039374.23,1039374.23,new_observed,7437135.4,7437135.4,7353429.518749338,new_observed,9173087527.72,10358264.814508181,1,
4217253,São Pedro de Alcântara,2024,ok,ok,1234557.0,1234557.0,1234557.0,new_observed,8590917.88,8590917.88,8530201.738554647,new_observed,10681113310.91,10472104.866245462,1,
4217253,São Pedro de Alcântara,2025,ok,ok,1753155.57,1753155.57,1753155.57,new_observed,9193578.22,9193578.22,9133887.520446813,new_observed,11364874541.51,10887043.090446813,1,
4217303,Saudades,2019,ok,ok,1267476.8,1267476.8,1267476.8,new_observed,12818665.45,12818665.45,12932330.727010371,new_observed,6025655732.23,24733690.041461464,1,
4217303,Saudades,2020,ok,ok,1325763.71,1325763.71,1325763.71,new_observed,12618428.37,12618428.37,12513269.24823813,new_observed,5997695988.4,23597801.906831857,1,
4217303,Saudades,2021,ok,ok,1589153.41,1589153.41,1589153.41,new_observed,16176552.72,16176552.72,16141701.16667015,new_observed,7262695676.16,24075410.776663948,1,
4217303,Saudades,2022,ok,ok,1938753.93,1938753.93,1938753.93,new_observed,20288634.08,20288634.08,20007412.8518239,new_observed,8681897309.48,27877285.56612227,1,
4217303,Saudades,2023,ok,ok,2021917.57,2021917.57,2021917.57,new_observed,21497264.92,21497264.92,21255310.53732094,new_observed,9173087527.72,28728384.470954996,1,
4217303,Saudades,2024,ok,ok,2644273.52,2644273.52,2644273.52,new_observed,27502229.05,27502229.05,27307857.5925624,new_observed,10681113310.91,32121823.628866654,1,
4217303,Saudades,2025,ok,ok,2825345.03,2825345.03,2825345.03,new_observed,29170026.88,29170026.88,28980636.060801372,new_observed,11364874541.51,31805981.090801373,1,
4217402,Schroeder,2019,ok,ok,1707325.02,1707325.02,1707325.02,new_observed,11214514.03,11214514.03,11313955.024753213,new_observed,6025655732.23,22680892.255572766,1,
4217402,Schroeder,2020,ok,ok,2282270.51,2282270.51,2282270.51,new_observed,11475068.3,11475068.3,11379437.68189114,new_observed,5997695988.4,23295434.340972383,1,
4217402,Schroeder,2021,ok,ok,2739056.32,2739056.32,2739056.32,new_observed,13669038.47,13669038.47,13639589.22754082,new_observed,7262695676.16,22239346.54798105,1,
4217402,Schroeder,2022,ok,ok,3228444.75,3228444.75,3228444.75,new_observed,16137472.65,16137472.65,15913790.766813746,new_observed,8681897309.48,24315570.513122465,1,
4217402,Schroeder,2023,ok,ok,4294590.8,4294590.8,4294590.8,new_observed,19492964.25,19492964.25,19273568.51992711,new_observed,9173087527.72,29087447.143358096,1,
4217402,Schroeder,2024,ok,ok,4873662.46,4873662.46,4873662.46,new_observed,24052072.02,24052072.02,23882084.478829347,new_observed,10681113310.91,30838774.97778412,1,
4217402,Schroeder,2025,ok,ok,5444903.2,5444903.2,5444903.2,new_observed,26621383.43,26621383.43,26448540.064556774,new_observed,11364874541.51,31893443.264556773,1,
4217501,Seara,2019,ok,ok,2435258.9,2435258.9,2435258.9,new_observed,26834179.7,26834179.7,27072122.914981607,new_observed,6025655732.23,51396924.525812164,1,
4217501,Seara,2020,ok,ok,3167135.92,3167135.92,3167135.92,new_observed,25232959.15,25232959.15,25022673.388107833,new_observed,5997695988.4,48068209.5238527,1,
4217501,Seara,2021,ok,ok,3974271.45,3974271.45,3974271.45,new_observed,28169079.57,28169079.57,28108390.73252767,new_observed,7262695676.16,43562664.592016116,1,
4217501,Seara,2022,ok,ok,4630435.18,4630435.18,4630435.18,new_observed,36941592.42,36941592.42,36429544.149516664,new_observed,8681897309.48,52156751.58615946,1,
4217501,Seara,2023,ok,ok,4117311.44,4117311.44,4117311.44,new_observed,42137374.41,42137374.41,41663113.035307504,new_observed,9173087527.72,56501471.28800564,1,
4217501,Seara,2024,ok,ok,4745964.22,4745964.22,4745964.22,new_observed,48784115.95,48784115.95,48439335.17969344,new_observed,10681113310.91,57037971.7070912,1,
4217501,Seara,2025,ok,ok,6595837.14,6595837.14,6595837.14,new_observed,46503718.42,46503718.42,46201785.98217339,new_observed,11364874541.51,52797623.12217339,1,
4217550,Serra Alta,2019,ok,ok,288751.06,288751.06,288751.06,new_observed,5816137.67,5816137.67,5867710.347512308,new_observed,6025655732.23,10723526.210899869,1,
4217550,Serra Alta,2020,ok,ok,304297.43,304297.43,304297.43,new_observed,5798953.75,5798953.75,5750626.583921416,new_observed,5997695988.4,10324630.18713899,1,
4217550,Serra Alta,2021,ok,ok,345263.3,345263.3,345263.3,new_observed,6925397.85,6925397.85,6910477.435454489,new_observed,7262695676.16,9852031.549843458,6,
4217550,Serra Alta,2022,ok,partial,,,432968.48306055565,imputed_temporal,8333368.81,8333368.81,8217859.791386332,new_observed,8681897309.48,10988780.527721763,1,
4217550,Serra Alta,2023,ok,ok,511387.7,511387.7,511387.7,new_observed,9269145.98,9269145.98,9164820.592472844,new_observed,9173087527.72,11942222.276877308,1,
4217550,Serra Alta,2024,ok,ok,1211737.93,1211737.93,1211737.93,new_observed,10659327.45,10659327.45,10583992.865010746,new_observed,10681113310.91,12650197.835572688,1,
4217550,Serra Alta,2025,ok,ok,747664.34,747664.34,747664.34,new_observed,11307065.8,11307065.8,11233652.96210978,new_observed,11364874541.51,11981317.30210978,1,
4217600,Siderópolis,2019,ok,ok,2763126.4,2763126.4,2763126.4,new_observed,10740017.57,10740017.57,10835251.124300327,new_observed,6025655732.23,23686099.555437636,1,
4217600,Siderópolis,2020,ok,ok,4535404.06,4535404.06,4535404.06,new_observed,10703632.82,10703632.82,10614431.170316845,new_observed,5997695988.4,25832932.963234562,1,
4217600,Siderópolis,2021,ok,ok,3690959.66,3690959.66,3690959.66,new_observed,13857306.48,13857306.48,13827451.62376733,new_observed,7262695676.16,23786949.80478771,1,
4217600,Siderópolis,2022,ok,ok,2923489.78,2923489.78,2923489.78,new_observed,17315054.17,17315054.17,17075049.8020163,new_observed,8681897309.48,25403297.276269715,1,
4217600,Siderópolis,2023,ok,ok,3739637.96,3739637.96,3739637.96,new_observed,18476113.67,18476113.67,18268162.719310742,new_observed,9173087527.72,27161677.342352223,1,
4217600,Siderópolis,2024,ok,ok,4491285.32,4491285.32,4491285.32,new_observed,21963299.59,21963299.59,21808074.406481754,new_observed,10681113310.91,28204450.344832063,1,
4217600,Siderópolis,2025,ok,ok,4888038.41,4888038.41,4888038.41,new_observed,24261397.88,24261397.88,24103877.078312036,new_observed,11364874541.51,28991915.488312036,1,
4217709,Sombrio,2019,ok,ok,2856213.83,2856213.83,2856213.83,new_observed,13873371.52,13873371.52,13996389.054316616,new_observed,6025655732.23,29354415.920050528,1,
4217709,Sombrio,2020,ok,ok,2745373.84,2745373.84,2745373.84,new_observed,14463416.01,14463416.01,14342881.179457694,new_observed,5997695988.4,29138253.958889745,1,
4217709,Sombrio,2021,ok,ok,4210614.97,4210614.97,4210614.97,new_observed,16615398.95,16615398.95,16579601.924970884,new_observed,7262695676.16,28229491.687386163,1,
4217709,Sombrio,2022,ok,partial,,,5152845.942736199,imputed_temporal,17728366.84,17728366.84,17482633.535498444,new_observed,8681897309.48,28752890.270726588,1,
4217709,Sombrio,2023,ok,ok,5934976.4,5934976.4,5934976.4,new_observed,20309419.09,20309419.09,20080834.059449464,new_observed,9173087527.72,32108299.225176796,1,
4217709,Sombrio,2024,ok,ok,8359580.82,8359580.82,8359580.82,new_observed,24293363.1,24293363.1,24121670.23891506,new_observed,10681113310.91,34834149.658279486,1,
4217709,Sombrio,2025,ok,ok,7901543.44,7901543.44,7901543.44,new_observed,26784814.02,26784814.02,26610909.556689106,new_observed,11364874541.51,34512452.9966891,1,
4217758,Sul Brasil,2019,ok,ok,388989.97,388989.97,388989.97,new_observed,5146840.41,5146840.41,5192478.315382017,new_observed,6025655732.23,9721984.349737963,1,
4217758,Sul Brasil,2020,ok,ok,162815.79,162815.79,162815.79,new_observed,5295066.83,5295066.83,5250938.943294469,new_observed,5997695988.4,9231332.287015568,1,
4217758,Sul Brasil,2021,ok,ok,249756.85,249756.85,249756.85,new_observed,6579679.22,6579679.22,6565503.638514976,new_observed,7262695676.16,9253936.13158716,1,
4217758,Sul Brasil,2022,ok,ok,264575.38,264575.38,264575.38,new_observed,8281965.36,8281965.36,8167168.845800603,new_observed,8681897309.48,10710487.34569086,1,
4217758,Sul Brasil,2023,ok,ok,351379.55,351379.55,351379.55,new_observed,9456135.48,9456135.48,9349705.502460655,new_observed,9173087527.72,11972924.778138477,1,
4217758,Sul Brasil,2024,ok,ok,460038.05,460038.05,460038.05,new_observed,10502371.28,10502371.28,10428145.97962405,new_observed,10681113310.91,11676909.590300784,1,
4217758,Sul Brasil,2025,ok,ok,403052.4,403052.4,403052.4,new_observed,11174358.42,11174358.42,11101807.204881513,new_observed,11364874541.51,11504859.604881514,1,
4217808,Taió,2019,ok,ok,2778874.86,2778874.86,2778874.86,new_observed,14011491.46,14011491.46,14135733.72721116,new_observed,6025655732.23,29462419.48511854,1,
4217808,Taió,2020,ok,ok,2822474.33,2822474.33,2822474.33,new_observed,14278082.25,14278082.25,14159091.949003128,new_observed,5997695988.4,28956332.305076677,1,
4217808,Taió,2021,ok,ok,3521410.27,3521410.27,3521410.27,new_observed,18146847.88,18146847.88,18107751.426781226,new_observed,7262695676.16,29368632.53562858,1,
4217808,Taió,2022,ok,ok,4651200.56,4651200.56,4651200.56,new_observed,21483697.5,21483697.5,21185911.470004536,new_observed,8681897309.48,32819788.413385488,1,
4217808,Taió,2023,ok,ok,4970725.03,4970725.03,4970725.03,new_observed,23279199.08,23279199.08,23017188.807361823,new_observed,9173087527.72,34542237.82800024,1,
4217808,Taió,2024,ok,ok,7103055.06,7103055.06,7103055.06,new_observed,26940722.0,26940722.0,26750318.98248309,new_observed,10681113310.91,36305667.40470123,1,
4217808,Taió,2025,ok,ok,6542245.72,6542245.72,6542245.72,new_observed,29357907.53,29357907.53,29167296.86721462,new_observed,11364874541.51,35709542.58721462,1,
4217907,Tangará,2019,ok,ok,947556.9,947556.9,947556.9,new_observed,15895348.18,15895348.18,16036294.923723312,new_observed,6025655732.23,29583029.62339692,1,
4217907,Tangará,2020,ok,ok,1209430.44,1209430.44,1209430.44,new_observed,15711952.95,15711952.95,15581013.095610999,new_observed,5997695988.4,28630436.944319338,1,
4217907,Tangará,2021,ok,ok,1420484.66,1420484.66,1420484.66,new_observed,18469842.24,18469842.24,18430049.911995195,new_observed,7262695676.16,26953566.839692887,1,
4217907,Tangará,2022,ok,ok,2038484.53,2038484.53,2038484.53,new_observed,22265189.42,22265189.42,21956571.112351667,new_observed,8681897309.48,30479902.25203413,1,
4217907,Tangará,2023,ok,ok,1881952.03,1881952.03,1881952.03,new_observed,24840449.42,24840449.42,24560867.08116513,new_observed,9173087527.72,32635306.507244617,1,
4217907,Tangará,2024,ok,ok,2266123.56,2266123.56,2266123.56,new_observed,29154354.48,29154354.48,28948306.658907842,new_observed,10681113310.91,33475562.002557803,1,
4217907,Tangará,2025,ok,ok,2899841.85,2899841.85,2899841.85,new_observed,29928672.11,29928672.11,29734355.67169989,new_observed,11364874541.51,32634197.52169989,1,
4217956,Tigrinhos,2019,ok,ok,89070.49,89070.49,89070.49,new_observed,4199963.22,4199963.22,4237205.005012391,new_observed,6025655732.23,7535648.418055391,1,
4217956,Tigrinhos,2020,ok,ok,151033.14,151033.14,151033.14,new_observed,4183015.43,4183015.43,4148155.127588571,new_observed,5997695988.4,7330815.195315979,1,
4217956,Tigrinhos,2021,ok,ok,230383.97,230383.97,230383.97,new_observed,5064050.39,5064050.39,5053140.15311041,new_observed,7262695676.16,7174105.064268425,1,
4217956,Tigrinhos,2022,ok,ok,252281.39,252281.39,252281.39,new_observed,6353761.53,6353761.53,6265691.8938697865,new_observed,8681897309.48,8279505.225362767,1,
4217956,Tigrinhos,2023,ok,ok,352066.77,352066.77,352066.77,new_observed,7129267.32,7129267.32,7049026.532170301,new_observed,9173087527.72,9134311.564497946,1,
4217956,Tigrinhos,2024,ok,ok,340863.12,340863.12,340863.12,new_observed,8175850.26,8175850.26,8118067.600713049,new_observed,10681113310.91,9071684.404639386,1,
4217956,Tigrinhos,2025,ok,ok,278847.1,278847.1,278847.1,new_observed,8697172.83,8697172.83,8640705.117653972,new_observed,11364874541.51,8919552.217653971,1,
4218004,Tijucas,2019,ok,ok,10120631.8,10120631.8,10120631.8,new_observed,34501758.87,34501758.87,34807691.80776175,new_observed,6025655732.23,78257626.24479856,1,
4218004,Tijucas,2020,ok,ok,10957597.47,10957597.47,10957597.47,new_observed,34091206.69,34091206.69,33807098.30104674,new_observed,5997695988.4,76331086.60211185,1,
4218004,Tijucas,2021,ok,ok,14017002.45,14017002.45,14017002.45,new_observed,38453329.28,38453329.28,38370483.553885855,new_observed,7262695676.16,71133077.06893097,1,
4218004,Tijucas,2022,ok,ok,19392934.22,19392934.22,19392934.22,new_observed,46811702.56,46811702.56,46162844.46363784,new_observed,8681897309.48,83272727.35331878,1,
4218004,Tijucas,2023,ok,ok,19999084.09,19999084.09,19999084.09,new_observed,53465058.61,53465058.61,52863302.744822614,new_observed,9173087527.72,89925598.22034366,1,
4218004,Tijucas,2024,ok,ok,24894738.7,24894738.7,24894738.7,new_observed,65761216.16,65761216.16,65296450.071234964,new_observed,10681113310.91,96724518.45579483,2,
4218004,Tijucas,2025,ok,ok,28741857.86,28741857.86,28741857.86,new_observed,75766878.74,75766878.74,75274950.80000448,new_observed,11364874541.51,104016808.66000448,3,
4218103,Timbé do Sul,2019,ok,ok,985459.28,985459.28,985459.28,new_observed,5655235.42,5655235.42,5705381.350017478,new_observed,6025655732.23,11654325.45088244,1,
4218103,Timbé do Sul,2020,ok,ok,1258903.47,1258903.47,1258903.47,new_observed,5671590.6,5671590.6,5624324.849543559,new_observed,5997695988.4,11737023.739609849,5,
4218103,Timbé do Sul,2021,ok,ok,1058536.22,1058536.22,1058536.22,new_observed,6774580.62,6774580.62,6759985.133442881,new_observed,7262695676.16,10616189.560199205,1,
4218103,Timbé do Sul,2022,ok,ok,1105407.4,1105407.4,1105407.4,new_observed,7914296.26,7914296.26,7804596.01573463,new_observed,8681897309.48,11317999.72564121,1,
4218103,Timbé do Sul,2023,ok,ok,1435332.51,1435332.51,1435332.51,new_observed,8801985.61,8801985.61,8702918.170372546,new_observed,9173087527.72,12512467.638578517,1,
4218103,Timbé do Sul,2024,ok,ok,1313160.32,1313160.32,1313160.32,new_observed,10714045.04,10714045.04,10638323.739530468,new_observed,10681113310.91,12817233.659291567,1,
4218103,Timbé do Sul,2025,ok,ok,1993201.85,1993201.85,1993201.85,new_observed,11674615.27,11674615.27,11598816.061486753,new_observed,11364874541.51,13592017.911486752,1,
4218202,Timbó,2019,ok,ok,10546308.92,10546308.92,10546308.92,new_observed,39447825.06,39447825.06,39797615.604139805,new_observed,6025655732.23,87690697.37616132,1,
4218202,Timbó,2020,ok,ok,11933834.63,11933834.63,11933834.63,new_observed,40476241.73,40476241.73,40138921.90634687,new_observed,5997695988.4,88792518.75442013,1,
4218202,Timbó,2021,ok,ok,15775554.81,15775554.81,15775554.81,new_observed,47465362.69,47465362.69,47363101.00002535,new_observed,7262695676.16,85731292.19123247,1,
4218202,Timbó,2022,ok,ok,19591516.37,19591516.37,19591516.37,new_observed,54973985.61,54973985.61,54211989.9187169,new_observed,8681897309.48,93749466.18448474,1,
4218202,Timbó,2023,ok,ok,20959596.3,20959596.3,20959596.3,new_observed,55007317.83,55007317.83,54388203.64603672,new_observed,9173087527.72,92993055.5266393,1,
4218202,Timbó,2024,ok,ok,23259564.88,23259564.88,23259564.88,new_observed,61016553.34,61016553.34,60585320.06145545,new_observed,10681113310.91,89918496.82250014,1,
4218202,Timbó,2025,ok,ok,24102128.91,24102128.91,24102128.91,new_observed,65298286.63,65298286.63,64874327.610421516,new_observed,11364874541.51,88976456.52042152,1,
4218251,Timbó Grande,2019,ok,ok,362071.76,362071.76,362071.76,new_observed,6957031.96,6957031.96,7018721.140358741,new_observed,6025655732.23,12856106.923311759,1,
4218251,Timbó Grande,2020,ok,ok,378104.2,378104.2,378104.2,new_observed,6940803.68,6940803.68,6882960.595432855,new_observed,5997695988.4,12381296.380488522,1,
4218251,Timbó Grande,2021,ok,ok,481742.46,481742.46,481742.46,new_observed,8476884.62,8476884.62,8458621.606766058,new_observed,7262695676.16,12139456.475128414,1,
4218251,Timbó Grande,2022,ok,ok,661048.13,661048.13,661048.13,new_observed,9740090.12,9740090.12,9605082.504638033,new_observed,8681897309.48,13040630.658013059,1,
4218251,Timbó Grande,2023,ok,ok,685444.06,685444.06,685444.06,new_observed,12808349.34,12808349.34,12664189.779738257,new_observed,9173087527.72,16475905.624426678,1,
4218251,Timbó Grande,2024,ok,ok,963379.36,963379.36,963379.36,new_observed,14259351.55,14259351.55,14158573.866203906,new_observed,10681113310.91,16217367.393012108,2,
4218251,Timbó Grande,2025,ok,ok,883324.06,883324.06,883324.06,new_observed,13165246.87,13165246.87,13079769.509971542,new_observed,11364874541.51,13963093.569971543,1,
4218301,Três Barras,2019,ok,ok,9748722.44,9748722.44,9748722.44,new_observed,31702246.0,31702246.0,31983355.183128025,new_observed,6025655732.23,72690300.25606096,1,
4218301,Três Barras,2020,ok,ok,18029758.65,18029758.65,18029758.65,new_observed,33692427.53,33692427.53,33411642.47617318,new_observed,5997695988.4,87715955.09949969,1,
4218301,Três Barras,2021,ok,ok,15462529.51,15462529.51,15462529.51,new_observed,42712175.18,42712175.18,42620153.98878049,new_observed,7262695676.16,78866162.83481547,1,
4218301,Três Barras,2022,ok,ok,8331093.07,8331093.07,8331093.07,new_observed,48173542.12,48173542.12,47505807.53386863,new_observed,8681897309.48,70927248.42273648,1,
4218301,Três Barras,2023,ok,ok,9071215.74,9071215.74,9071215.74,new_observed,45737529.55,45737529.55,45222747.98273002,new_observed,9173087527.72,67008745.933460355,1,
4218301,Três Barras,2024,ok,ok,13722774.88,13722774.88,13722774.88,new_observed,54273910.39,54273910.39,53890330.60655179,new_observed,10681113310.91,72510908.86578225,1,
4218301,Três Barras,2025,ok,ok,12911102.83,12911102.83,12911102.83,new_observed,62133317.68,62133317.68,61729907.700867884,new_observed,11364874541.51,74641010.53086789,1,
4218350,Treviso,2019,ok,ok,413153.03,413153.03,413153.03,new_observed,10364640.71,10364640.71,10456545.734123642,new_observed,6025655732.23,18933197.47922626,1,
4218350,Treviso,2020,ok,ok,593234.79,593234.79,593234.79,new_observed,11722958.37,11722958.37,11625261.892238071,new_observed,5997695988.4,20834524.000110775,1,
4218350,Treviso,2021,ok,ok,712063.19,712063.19,712063.19,new_observed,12210086.21,12210086.21,12183780.205372466,new_observed,7262695676.16,17510308.13053048,5,
4218350,Treviso,2022,ok,ok,863812.66,863812.66,863812.66,new_observed,12738783.02,12738783.02,12562210.452708015,new_observed,8681897309.48,17054508.15403005,2,
4218350,Treviso,2023,ok,ok,1119960.34,1119960.34,1119960.34,new_observed,12819921.81,12819921.81,12675632.000153234,new_observed,9173087527.72,17026300.5081707,1,
4218350,Treviso,2024,ok,ok,1136923.07,1136923.07,1136923.07,new_observed,13968018.96,13968018.96,13869300.26349597,new_observed,10681113310.91,16093254.180894366,4,
4218350,Treviso,2025,ok,ok,1181582.99,1181582.99,1181582.99,new_observed,12894047.15,12894047.15,12810330.595244318,new_observed,11364874541.51,13991913.585244318,2,
4218400,Treze de Maio,2019,ok,ok,410574.79,410574.79,410574.79,new_observed,5838242.94,5838242.94,5890011.628684278,new_observed,6025655732.23,10974567.877962535,1,
4218400,Treze de Maio,2020,ok,ok,1124212.43,1124212.43,1124212.43,new_observed,5882844.92,5882844.92,5833818.62392661,new_observed,5997695988.4,11864574.567285985,1,
4218400,Treze de Maio,2021,ok,ok,1535276.13,1535276.13,1535276.13,new_observed,7159517.14,7159517.14,7144092.327449413,new_observed,7262695676.16,11785069.918178603,1,
4218400,Treze de Maio,2022,ok,partial,,,1421697.9113986362,imputed_temporal,8395894.72,8395894.72,8279519.028295692,new_observed,8681897309.48,12323044.732839016,1,
4218400,Treze de Maio,2023,ok,ok,1081576.25,1081576.25,1081576.25,new_observed,9611601.24,9611601.24,9503421.476051617,new_observed,9173087527.72,13063835.73233772,1,
4218400,Treze de Maio,2024,ok,ok,1076821.36,1076821.36,1076821.36,new_observed,11429041.33,11429041.33,11348266.807455374,new_observed,10681113310.91,13325145.01850333,1,
4218400,Treze de Maio,2025,ok,ok,1438337.67,1438337.67,1438337.67,new_observed,12649622.43,12649622.43,12567492.83977279,new_observed,11364874541.51,14005830.50977279,1,
4218509,Treze Tílias,2019,ok,ok,1637672.29,1637672.29,1637672.29,new_observed,17223952.95,17223952.95,17376680.65717917,new_observed,6025655732.23,33119823.014495097,1,
4218509,Treze Tílias,2020,ok,ok,1595236.05,1595236.05,1595236.05,new_observed,17046132.23,17046132.23,16904073.62791566,new_observed,5997695988.4,31544331.638629775,1,
4218509,Treze Tílias,2021,ok,ok,1955701.52,1955701.52,1955701.52,new_observed,19328302.22,19328302.22,19286660.38398861,new_observed,7262695676.16,28843425.81986973,1,
4218509,Treze Tílias,2022,ok,ok,2128269.99,2128269.99,2128269.99,new_observed,22059319.46,22059319.46,21753554.720648453,new_observed,8681897309.48,30336069.798312742,1,
4218509,Treze Tílias,2023,ok,ok,2252333.32,2252333.32,2252333.32,new_observed,22588587.24,22588587.24,22334349.889267936,new_observed,9173087527.72,30344493.117686667,1,
4218509,Treze Tílias,2024,ok,ok,3130425.69,3130425.69,3130425.69,new_observed,26201097.35,26201097.35,26015921.615003206,new_observed,10681113310.91,31257669.91465708,1,
4218509,Treze Tílias,2025,ok,ok,4415829.09,4415829.09,4415829.09,new_observed,27685074.49,27685074.49,27505324.94918517,new_observed,11364874541.51,31921154.03918517,1,
4218608,Trombudo Central,2019,ok,ok,771372.25,771372.25,771372.25,new_observed,8249591.47,8249591.47,8322741.994390973,new_observed,6025655732.23,15840426.181449996,1,
4218608,Trombudo Central,2020,ok,ok,879109.06,879109.06,879109.06,new_observed,7718899.1,7718899.1,7654571.544576828,new_observed,5997695988.4,14551313.307126818,1,
4218608,Trombudo Central,2021,ok,ok,1102992.77,1102992.77,1102992.77,new_observed,9244324.61,9244324.61,9224408.186660586,new_observed,7262695676.16,14022810.869706525,1,
4218608,Trombudo Central,2022,ok,ok,1411956.74,1411956.74,1411956.74,new_observed,11630768.72,11630768.72,11469554.364653386,new_observed,8681897309.48,16362837.62707072,1,
4218608,Trombudo Central,2023,ok,ok,1453846.56,1453846.56,1453846.56,new_observed,13196011.74,13196011.74,13047488.991349924,new_observed,9173087527.72,17897317.54746535,1,
4218608,Trombudo Central,2024,ok,ok,1771328.17,1771328.17,1771328.17,new_observed,15816578.1,15816578.1,15704794.748498434,new_observed,10681113310.91,18742070.004793607,1,
4218608,Trombudo Central,2025,ok,ok,2054762.6,2054762.6,2054762.6,new_observed,15178246.0,15178246.0,15079698.938121587,new_observed,11364874541.51,17134461.53812159,1,
4218707,Tubarão,2019,ok,ok,28375274.75,28375274.75,28375274.75,new_observed,50751882.87,50751882.87,51201908.4087519,new_observed,6025655732.23,138610145.16409925,2,
4218707,Tubarão,2020,ok,ok,31003294.93,31003294.93,31003294.93,new_observed,49849282.81,49849282.81,49433850.186613895,new_observed,5997695988.4,137158414.33002827,1,
4218707,Tubarão,2021,ok,ok,42909999.16,42909999.16,42909999.16,new_observed,58593174.6,58593174.6,58466938.60988002,new_observed,7262695676.16,137652215.77653486,1,
4218707,Tubarão,2022,ok,partial,,,52294577.13955097,imputed_temporal,67863808.88,67863808.88,66923147.049011834,new_observed,8681897309.48,151437222.4902759,1,
4218707,Tubarão,2023,ok,ok,59967531.11,59967531.11,59967531.11,new_observed,63585769.76,63585769.76,62870104.03569941,new_observed,9173087527.72,151604254.32522443,3,
4218707,Tubarão,2024,ok,ok,70141841.75,70141841.75,70141841.75,new_observed,70693375.86,70693375.86,70193751.83054002,new_observed,10681113310.91,150501317.21531358,1,
4218707,Tubarão,2025,ok,ok,75532354.04,75532354.04,75532354.04,new_observed,74422607.8,74422607.8,73939407.7427589,new_observed,11364874541.51,149471761.7827589,1,
4218756,Tunápolis,2019,ok,ok,386398.27,386398.27,386398.27,new_observed,9423108.15,9423108.15,9506664.445493182,new_observed,6025655732.23,17232060.807887927,5,
4218756,Tunápolis,2020,ok,ok,486035.09,486035.09,486035.09,new_observed,9374949.93,9374949.93,9296821.222343808,new_observed,5997695988.4,16681361.04873322,1,
4218756,Tunápolis,2021,ok,ok,573689.27,573689.27,573689.27,new_observed,11455689.25,11455689.25,11431008.554938626,new_observed,7262695676.16,16300287.734884754,1,
4218756,Tunápolis,2022,ok,partial,,,797073.7488914948,imputed_temporal,14414329.01,14414329.01,14214531.660826921,new_observed,8681897309.48,19068606.14762388,1,
4218756,Tunápolis,2023,ok,ok,1033595.33,1033595.33,1033595.33,new_observed,15703702.64,15703702.64,15526955.51927667,new_observed,9173087527.72,20438768.2955768,1,
4218756,Tunápolis,2024,ok,ok,1282387.75,1282387.75,1282387.75,new_observed,18252706.18,18252706.18,18123705.541690394,new_observed,10681113310.91,20811844.863338105,1,
4218756,Tunápolis,2025,ok,ok,1496789.94,1496789.94,1496789.94,new_observed,18070658.11,18070658.11,17953331.624255214,new_observed,11364874541.51,19450121.564255215,1,
4218806,Turvo,2019,ok,ok,1749622.05,1749622.05,1749622.05,new_observed,13276675.47,13276675.47,13394401.999408284,new_observed,6025655732.23,26378357.31970404,1,
4218806,Turvo,2020,ok,ok,1866907.57,1866907.57,1866907.57,new_observed,12841079.42,12841079.42,12734064.774856705,new_observed,5997695988.4,24897032.47913387,1,
4218806,Turvo,2021,ok,ok,2292927.65,2292927.65,2292927.65,new_observed,14934213.91,14934213.91,14902038.911931327,new_observed,7262695676.16,23347768.235277146,1,
4218806,Turvo,2022,ok,ok,2980621.44,2980621.44,2980621.44,new_observed,18336415.31,18336415.31,18082253.83153416,new_observed,8681897309.48,26755277.795231175,1,
4218806,Turvo,2023,ok,ok,3602121.74,3602121.74,3602121.74,new_observed,20243986.42,20243986.42,20016137.84226501,new_observed,9173087527.72,29149280.08978552,1,
4218806,Turvo,2024,ok,ok,4239731.61,4239731.61,4239731.61,new_observed,23217122.8,23217122.8,23053036.245854173,new_observed,10681113310.91,29269819.63702909,1,
4218806,Turvo,2025,ok,ok,4425527.23,4425527.23,4425527.23,new_observed,23977910.09,23977910.09,23822229.8757411,new_observed,11364874541.51,28247757.105741102,1,
4218855,União do Oeste,2019,ok,ok,142748.4,142748.4,142748.4,new_observed,6416315.15,6416315.15,6473209.702849931,new_observed,6025655732.23,11523892.611355541,1,
4218855,União do Oeste,2020,ok,ok,181210.39,181210.39,181210.39,new_observed,6367101.79,6367101.79,6314039.806940628,new_observed,5997695988.4,11075457.941696316,1,
4218855,União do Oeste,2021,ok,ok,329949.21,329949.21,329949.21,new_observed,7599748.04,7599748.04,7583374.772549635,new_observed,7262695676.16,10744915.010435313,1,
4218855,União do Oeste,2022,ok,partial,,,338292.7657690147,imputed_temporal,9216757.04,9216757.04,9089003.35661406,new_observed,8681897309.48,11975094.727600934,1,
4218855,União do Oeste,2023,ok,ok,309998.32,309998.32,309998.32,new_observed,9779440.7,9779440.7,9669371.88211454,new_observed,9173087527.72,12316379.880909055,1,
4218855,União do Oeste,2024,ok,ok,285409.35,285409.35,285409.35,new_observed,11649517.05,11649517.05,11567184.319684358,new_observed,10681113310.91,12711179.781212276,1,
4218855,União do Oeste,2025,ok,ok,375805.59,375805.59,375805.59,new_observed,12212150.46,12212150.46,12132861.222821334,new_observed,11364874541.51,12508666.812821334,1,
4218905,Urubici,2019,ok,ok,1812234.52,1812234.52,1812234.52,new_observed,6722050.32,6722050.32,6781655.87836961,new_observed,6025655732.23,14969119.895410147,1,
4218905,Urubici,2020,ok,ok,1785864.98,1785864.98,1785864.98,new_observed,6714654.62,6714654.62,6658696.21043671,new_observed,5997695988.4,14399350.212069694,1,
4218905,Urubici,2021,ok,ok,1971711.67,1971711.67,1971711.67,new_observed,8035733.47,8035733.47,8018420.894297272,new_observed,7262695676.16,13564859.164501306,1,
4218905,Urubici,2022,ok,ok,3702235.89,3702235.89,3702235.89,new_observed,9743060.84,9743060.84,9608012.047419123,new_observed,8681897309.48,16907443.85550894,1,
4218905,Urubici,2023,ok,ok,3736699.75,3736699.75,3736699.75,new_observed,11332653.22,11332653.22,11205102.802578764,new_observed,9173087527.72,18440934.910311528,1,
4218905,Urubici,2024,ok,ok,5281525.62,5281525.62,5281525.62,new_observed,13419796.01,13419796.01,13324951.86830382,new_observed,10681113310.91,19954305.955314785,1,
4218905,Urubici,2025,ok,ok,5713321.62,5713321.62,5713321.62,new_observed,14350330.01,14350330.01,14257158.318127885,new_observed,11364874541.51,19970479.938127887,1,
4218954,Urupema,2019,ok,ok,212946.23,212946.23,212946.23,new_observed,4441658.4,4441658.4,4481043.3370974455,new_observed,6025655732.23,8176144.837850893,1,
4218954,Urupema,2020,ok,ok,290665.45,290665.45,290665.45,new_observed,4443593.75,4443593.75,4406561.846936105,new_observed,5997695988.4,8009536.475486019,1,
4218954,Urupema,2021,ok,ok,327229.94,327229.94,327229.94,new_observed,5199124.42,5199124.42,5187923.173039136,new_observed,7262695676.16,7488616.86944985,1,
4218954,Urupema,2022,ok,ok,405569.55,405569.55,405569.55,new_observed,6151410.27,6151410.27,6066145.429384151,new_observed,8681897309.48,8220745.26164014,2,
4218954,Urupema,2023,ok,ok,401316.09,401316.09,401316.09,new_observed,6439662.47,6439662.47,6367183.270279074,new_observed,9173087527.72,8353574.189203144,1,
4218954,Urupema,2024,ok,ok,373856.48,373856.48,373856.48,new_observed,7426118.55,7426118.55,7373634.604678924,new_observed,10681113310.91,8308709.02818317,1,
4218954,Urupema,2025,ok,ok,435579.27,435579.27,435579.27,new_observed,7938350.09,7938350.09,7886809.149266022,new_observed,11364874541.51,8322388.419266023,2,
4219002,Urussanga,2019,ok,ok,4044187.49,4044187.49,4044187.49,new_observed,22985798.45,22985798.45,23189617.4168273,new_observed,6025655732.23,47436733.76796234,2,
4219002,Urussanga,2020,ok,ok,4167788.84,4167788.84,4167788.84,new_observed,22493413.94,22493413.94,22305958.926903423,new_observed,5997695988.4,45142045.5041935,2,
4219002,Urussanga,2021,ok,ok,4523515.07,4523515.07,4523515.07,new_observed,25807695.63,25807695.63,25752094.27313875,new_observed,7262695676.16,41109001.72905018,2,
4219002,Urussanga,2022,ok,ok,5372628.89,5372628.89,5372628.89,new_observed,29955415.7,29955415.7,29540202.987282988,new_observed,8681897309.48,44348290.69881641,5,
4219002,Urussanga,2023,ok,ok,5740013.58,5740013.58,5740013.58,new_observed,30480456.92,30480456.92,30137395.597301558,new_observed,9173087527.72,44279327.4145525,1,
4219002,Urussanga,2024,ok,ok,6545007.93,6545007.93,6545007.93,new_observed,34401902.69,34401902.69,34158767.926184125,new_observed,10681113310.91,43652303.20899903,1,
4219002,Urussanga,2025,ok,ok,7502598.44,7502598.44,7502598.44,new_observed,35395566.76,35395566.76,35165755.67987129,new_observed,11364874541.51,42668354.11987129,1,
4219101,Vargeão,2019,ok,ok,317580.75,317580.75,317580.75,new_observed,7447787.05,7447787.05,7513827.838836759,new_observed,6025655732.23,13641004.095011776,1,
4219101,Vargeão,2020,ok,ok,236790.22,236790.22,236790.22,new_observed,7728303.63,7728303.63,7663897.699355574,new_observed,5997695988.4,13471957.831971826,3,
4219101,Vargeão,2021,ok,ok,492983.02,492983.02,492983.02,new_observed,9328550.65,9328550.65,9308452.765976371,new_observed,7262695676.16,13308641.821413606,4,
4219101,Vargeão,2022,ok,ok,1045393.23,1045393.23,1045393.23,new_observed,11634854.59,11634854.59,11473583.600314423,new_observed,8681897309.48,15902325.70288246,1,
4219101,Vargeão,2023,ok,ok,4296040.86,4296040.86,4296040.86,new_observed,12865735.1,12865735.1,12720929.655892706,new_observed,9173087527.72,21002074.184155807,1,
4219101,Vargeão,2024,ok,ok,6402898.58,6402898.58,6402898.58,new_observed,14559929.04,14559929.04,14457027.030764755,new_observed,10681113310.91,22370990.860788222,6,
4219101,Vargeão,2025,ok,ok,5192226.23,5192226.23,5192226.23,new_observed,15430339.99,15430339.99,15330156.169695634,new_observed,11364874541.51,20522382.399695635,1,
4219150,Vargem,2019,ok,absent_dca,,307274.53,307274.53,legacy_snapshot,,4693618.31,4735237.41828144,legacy_snapshot,6025655732.23,8783212.541572923,1,
4219150,Vargem,2020,ok,ok,187021.99,187021.99,187021.99,new_observed,4667959.15,4667959.15,4629057.436550381,new_observed,5997695988.4,8212198.686010868,1,
4219150,Vargem,2021,ok,partial,,,399714.2827611894,imputed_temporal,5622776.21,5622776.21,5610662.226981705,new_observed,7262695676.16,8161043.94566903,1,
4219150,Vargem,2022,ok,ok,699058.63,699058.63,699058.63,new_observed,6821865.32,6821865.32,6727307.286365124,new_observed,8681897309.48,9433397.88798517,1,
4219150,Vargem,2023,ok,ok,815948.83,815948.83,815948.83,new_observed,7590632.4,7590632.4,7505198.890978257,new_observed,9173087527.72,10269828.085444998,1,
4219150,Vargem,2024,ok,absent_dca,,,1005712.1214597651,imputed_temporal,,,9508006.35808897,imputed_temporal,10681113310.91,11275318.254131692,1,
4219150,Vargem,2025,ok,ok,1199622.88,1199622.88,1199622.88,new_observed,11096225.94,11096225.94,11024182.011846112,new_observed,11364874541.51,12223804.891846113,1,
4219176,Vargem Bonita,2019,ok,ok,856210.89,856210.89,856210.89,new_observed,16296327.88,16296327.88,16440830.17861737,new_observed,6025655732.23,30128552.912553776,1,
4219176,Vargem Bonita,2020,ok,ok,748649.5,748649.5,748649.5,new_observed,17176151.32,17176151.32,17033009.168291595,new_observed,5997695988.4,30320619.95194971,1,
4219176,Vargem Bonita,2021,ok,ok,1022748.87,1022748.87,1022748.87,new_observed,19762585.15,19762585.15,19720007.673685193,new_observed,7262695676.16,28165048.80067324,1,
4219176,Vargem Bonita,2022,ok,ok,3047595.68,3047595.68,3047595.68,new_observed,23274351.85,23274351.85,22951745.518472154,new_observed,8681897309.48,33025861.250682615,1,
4219176,Vargem Bonita,2023,ok,ok,2860208.66,2860208.66,2860208.66,new_observed,25271291.57,25271291.57,24986860.049335565,new_observed,9173087527.72,34368409.01255264,1,
4219176,Vargem Bonita,2024,ok,ok,2050910.08,2050910.08,2050910.08,new_observed,30542827.98,30542827.98,30326967.150030706,new_observed,10681113310.91,34723287.56680476,1,
4219176,Vargem Bonita,2025,ok,ok,2120541.05,2120541.05,2120541.05,new_observed,30521634.37,30521634.37,30323468.034384497,new_observed,11364874541.51,32444009.084384497,1,
4219200,Vidal Ramos,2019,ok,ok,1473241.2,1473241.2,1473241.2,new_observed,10914882.67,10914882.67,11011666.782750307,new_observed,6025655732.23,21746621.822452847,1,
4219200,Vidal Ramos,2020,ok,ok,1496321.32,1496321.32,1496321.32,new_observed,10907576.95,10907576.95,10816675.67616632,new_observed,5997695988.4,20995662.40443004,1,
4219200,Vidal Ramos,2021,ok,ok,1540793.22,1540793.22,1540793.22,new_observed,12796036.79,12796036.79,12768468.384894377,new_observed,7262695676.16,19429483.76001373,1,
4219200,Vidal Ramos,2022,ok,ok,4926119.9,4926119.9,4926119.9,new_observed,14898257.89,14898257.89,14691752.791382242,new_observed,8681897309.48,24919752.25807718,1,
4219200,Vidal Ramos,2023,ok,ok,2249936.39,2249936.39,2249936.39,new_observed,15326104.26,15326104.26,15153607.055871803,new_observed,9173087527.72,21479176.34199436,1,
4219200,Vidal Ramos,2024,ok,ok,3789456.51,3789456.51,3789456.51,new_observed,17553298.29,17553298.29,17429240.70305818,new_observed,10681113310.91,22755751.400484238,1,
4219200,Vidal Ramos,2025,ok,ok,2755495.06,2755495.06,2755495.06,new_observed,18198804.7,18198804.7,18080646.203103583,new_observed,11364874541.51,20836141.263103582,1,
4219309,Videira,2019,ok,ok,15949233.13,15949233.13,15949233.13,new_observed,54668598.04,54668598.04,55153353.75534519,new_observed,6025655732.23,123848815.68450898,1,
4219309,Videira,2020,ok,ok,17407411.45,17407411.45,17407411.45,new_observed,51676165.64,51676165.64,51245508.189216115,new_observed,5997695988.4,117064393.36192755,1,
4219309,Videira,2021,ok,ok,22474328.5,22474328.5,22474328.5,new_observed,65059990.3,65059990.3,64919821.8870614,new_observed,7262695676.16,118666027.11944345,1,
4219309,Videira,2022,ok,ok,25264576.65,25264576.65,25264576.65,new_observed,81171487.23,81171487.23,80046367.36033842,new_observed,8681897309.48,133772029.0108053,1,
4219309,Videira,2023,ok,ok,29038705.52,29038705.52,29038705.52,new_observed,84502942.75,84502942.75,83551851.64963318,new_observed,9173087527.72,138957473.7702966,1,
4219309,Videira,2024,ok,ok,31881340.18,31881340.18,31881340.18,new_observed,101114779.14,101114779.14,100400152.44722567,new_observed,10681113310.91,141863787.9076597,1,
4219309,Videira,2025,ok,ok,34302508.85,34302508.85,34302508.85,new_observed,103750257.54,103750257.54,103076643.2732596,new_observed,11364874541.51,137379152.1232596,1,
4219358,Vitor Meireles,2019,ok,ok,313211.56,313211.56,313211.56,new_observed,4993279.36,4993279.36,5037555.613550604,new_observed,6025655732.23,9320141.593672095,1,
4219358,Vitor Meireles,2020,ok,ok,387015.84,387015.84,387015.84,new_observed,5087709.01,5087709.01,5045309.196363656,new_observed,5997695988.4,9262997.673932334,1,
4219358,Vitor Meireles,2021,ok,ok,407613.78,407613.78,407613.78,new_observed,5977861.34,5977861.34,5964982.3442772655,new_observed,7262695676.16,8652875.06263923,1,
4219358,Vitor Meireles,2022,ok,ok,592086.56,592086.56,592086.56,new_observed,6911914.14,6911914.14,6816107.937579764,new_observed,8681897309.48,9410315.504821992,1,
4219358,Vitor Meireles,2023,ok,ok,700042.72,700042.72,700042.72,new_observed,7534174.02,7534174.02,7449375.957046898,new_observed,9173087527.72,10057882.832507515,1,
4219358,Vitor Meireles,2024,ok,ok,1104411.2,1104411.2,1104411.2,new_observed,9052021.42,9052021.42,8988046.438446213,new_observed,10681113310.91,10823541.838330416,1,
4219358,Vitor Meireles,2025,ok,ok,964997.8,964997.8,964997.8,new_observed,9941428.25,9941428.25,9876882.02081696,new_observed,11364874541.51,10841879.82081696,1,
4219408,Witmarsum,2019,ok,ok,138673.21,138673.21,138673.21,new_observed,5312427.72,5312427.72,5359533.916097144,new_observed,6025655732.23,9576957.334243031,1,
4219408,Witmarsum,2020,ok,ok,167416.17,167416.17,167416.17,new_observed,5421825.4,5421825.4,5376641.136105003,new_observed,5997695988.4,9453519.365434447,1,
4219408,Witmarsum,2021,ok,ok,251058.12,251058.12,251058.12,new_observed,6534079.15,6534079.15,6520001.8115275,new_observed,7262695676.16,9193919.477486856,2,
4219408,Witmarsum,2022,ok,ok,380950.83,380950.83,380950.83,new_observed,7601587.47,7601587.47,7496221.689535323,new_observed,8681897309.48,10006038.410432924,2,
4219408,Witmarsum,2023,ok,ok,550858.49,550858.49,550858.49,new_observed,8787090.02,8787090.02,8688190.232085288,new_observed,9173087527.72,11402686.892537396,1,
4219408,Witmarsum,2024,ok,ok,1113707.89,1113707.89,1113707.89,new_observed,10265706.39,10265706.39,10193153.71403242,new_observed,10681113310.91,12125915.611006496,1,
4219408,Witmarsum,2025,ok,ok,1079586.66,1079586.66,1079586.66,new_observed,10308008.99,10308008.99,10241082.679820236,new_observed,11364874541.51,11320669.339820236,1,
4219507,Xanxerê,2019,ok,ok,10198027.37,10198027.37,10198027.37,new_observed,34361947.93,34361947.93,34666641.140483886,new_observed,6025655732.23,78146749.71054728,2,
4219507,Xanxerê,2020,ok,ok,13703381.69,13703381.69,13703381.69,new_observed,33659174.39,33659174.39,33378666.46030431,new_observed,5997695988.4,80282549.29167014,3,
4219507,Xanxerê,2021,ok,ok,15991332.21,15991332.21,15991332.21,new_observed,40669976.82,40669976.82,40582355.44042674,new_observed,7262695676.16,76817209.42694089,3,
4219507,Xanxerê,2022,ok,ok,19945416.59,19945416.59,19945416.59,new_observed,48962202.45,48962202.45,48283536.22471828,new_observed,8681897309.48,86668347.16068393,1,
4219507,Xanxerê,2023,ok,ok,20869610.94,20869610.94,20869610.94,new_observed,52759795.84,52759795.84,52165977.79476282,new_observed,9173087527.72,90139361.24872664,1,
4219507,Xanxerê,2024,ok,ok,23632397.77,23632397.77,23632397.77,new_observed,64490745.99,64490745.99,64034958.923921645,new_observed,10681113310.91,94017863.34161724,1,
4219507,Xanxerê,2025,ok,ok,27348021.01,27348021.01,27348021.01,new_observed,68507105.99,68507105.99,68062313.22454426,new_observed,11364874541.51,95410334.23454426,1,
4219606,Xavantina,2019,ok,ok,296158.33,296158.33,296158.33,new_observed,12279668.3,12279668.3,12388554.198017957,new_observed,6025655732.23,22094647.92647749,1,
4219606,Xavantina,2020,ok,ok,305214.9,305214.9,305214.9,new_observed,12168593.55,12168593.55,12067183.249662006,new_observed,5997695988.4,21096951.031854983,1,
4219606,Xavantina,2021,ok,ok,436218.19,436218.19,436218.19,new_observed,13983656.54,13983656.54,13953529.46904207,new_observed,7262695676.16,19538769.796229273,1,
4219606,Xavantina,2022,ok,ok,717660.63,717660.63,717660.63,new_observed,17252131.32,17252131.32,17012999.127101496,new_observed,8681897309.48,22522505.649316482,1,
4219606,Xavantina,2023,ok,ok,905497.24,905497.24,905497.24,new_observed,18913973.66,18913973.66,18701094.540821653,new_observed,9173087527.72,24198143.535284486,1,
4219606,Xavantina,2024,ok,ok,1049291.7,1049291.7,1049291.7,new_observed,22905656.01,22905656.01,22743770.74120474,new_observed,10681113310.91,25516600.21968989,1,
4219606,Xavantina,2025,ok,ok,966107.45,966107.45,966107.45,new_observed,22832329.46,22832329.46,22684087.10155338,new_observed,11364874541.51,23650194.55155338,1,
4219705,Xaxim,2019,ok,ok,3839492.09,3839492.09,3839492.09,new_observed,28149577.63,28149577.63,28399184.701150995,new_observed,6025655732.23,56154383.61276625,1,
4219705,Xaxim,2020,ok,ok,4344003.82,4344003.82,4344003.82,new_observed,27789078.66,27789078.66,27557490.777518153,new_observed,5997695988.4,54397236.592746794,1,
4219705,Xaxim,2021,ok,ok,6178330.59,6178330.59,6178330.59,new_observed,33951817.34,33951817.34,33878669.89053091,new_observed,7262695676.16,54390426.41062136,1,
4219705,Xaxim,2022,ok,partial,,,7871340.69729217,imputed_temporal,42392575.57,42392575.57,41804971.09547819,new_observed,8681897309.48,63101713.546883725,1,
4219705,Xaxim,2023,ok,ok,9443639.05,9443639.05,9443639.05,new_observed,47073585.5,47073585.5,46543766.45732048,new_observed,9173087527.72,69098764.83272928,1,
4219705,Xaxim,2024,ok,ok,10685050.14,10685050.14,10685050.14,new_observed,55074103.66,55074103.66,54684868.5265131,new_observed,10681113310.91,70105228.57782237,1,
4219705,Xaxim,2025,ok,ok,13880571.02,13880571.02,13880571.02,new_observed,55153843.89,55153843.89,54795749.20194051,new_observed,11364874541.51,68676320.2219405,1,
4219853,Zortéa,2019,ok,ok,139301.82,139301.82,139301.82,new_observed,5206559.2,5206559.2,5252726.642004573,new_observed,6025655732.23,9392011.857926775,1,
4219853,Zortéa,2020,ok,ok,172957.39,172957.39,172957.39,new_observed,5381417.52,5381417.52,5336570.006217493,new_observed,5997695988.4,9394640.25329958,1,
4219853,Zortéa,2021,ok,ok,193533.7,193533.7,193533.7,new_observed,6438619.55,6438619.55,6424747.874340697,new_observed,7262695676.16,8986473.09123676,1,
4219853,Zortéa,2022,ok,ok,256901.29,256901.29,256901.29,new_observed,7808641.9,7808641.9,7700406.133272359,new_observed,8681897309.48,10107830.382466111,1,
4219853,Zortéa,2023,ok,ok,302390.53,302390.53,302390.53,new_observed,9439303.81,9439303.81,9333063.274993904,new_observed,9173087527.72,11891923.737041999,1,
4219853,Zortéa,2024,ok,ok,385276.99,385276.99,385276.99,new_observed,11189325.59,11189325.59,11110245.253685508,new_observed,10681113310.91,12328242.576318955,1,
4219853,Zortéa,2025,ok,ok,778646.93,778646.93,778646.93,new_observed,11472165.65,11472165.65,11397680.876318643,new_observed,11364874541.51,12176327.806318643,1,
4220000,Balneário Rincão,2019,ok,ok,1273763.26,1273763.26,1273763.26,new_observed,4315425.01,4315425.01,4353690.614254391,new_observed,6025655732.23,9802083.555264508,1,
4220000,Balneário Rincão,2020,ok,ok,1599270.82,1599270.82,1599270.82,new_observed,4308443.98,4308443.98,4272538.384484302,new_observed,5997695988.4,10012389.656146398,1,
4220000,Balneário Rincão,2021,ok,ok,2018101.4,2018101.4,2018101.4,new_observed,5350777.53,5350777.53,5339249.554190149,new_observed,7262695676.16,9990000.520520512,1,
4220000,Balneário Rincão,2022,ok,ok,2752824.53,2752824.53,2752824.53,new_observed,6663303.39,6663303.39,6570943.186959374,new_observed,8681897309.48,11843586.981811265,1,
4220000,Balneário Rincão,2023,ok,ok,2691383.63,2691383.63,2691383.63,new_observed,8157607.68,8157607.68,8065792.793887859,new_observed,9173087527.72,13276335.94096833,1,
4220000,Balneário Rincão,2024,ok,ok,3068992.23,3068992.23,3068992.23,new_observed,9659811.4,9659811.4,9591540.874837227,new_observed,10681113310.91,13577645.273809621,1,
4220000,Balneário Rincão,2025,ok,ok,4031221.79,4031221.79,4031221.79,new_observed,11348208.23,11348208.23,11274528.268649332,new_observed,11364874541.51,15305750.058649331,1,
