codigo_ibge,municipio,ano,request_status,data_status,new_iss,legacy_iss,adjusted_iss,iss_source,new_cota_raw,legacy_cota_raw,adjusted_cota,cota_source,cota_target_pr,total_real_2025,api_attempts,api_error
2400109,Acari,2019,ok,ok,367572.76,367572.76,367572.76,new_observed,3103702.8,3103702.8,3200843.1554880366,new_observed,1391116025.9,6214276.9635829795,1,
2400109,Acari,2020,ok,ok,501923.14,501923.14,501923.14,new_observed,3002028.25,3002028.25,3056875.461472793,new_observed,1420520767.85,6067312.758114142,1,
2400109,Acari,2021,ok,ok,438943.06,438943.06,438943.06,new_observed,3565944.94,3565944.94,3495740.442626489,new_observed,1656946146.84,5341625.241373715,1,
2400109,Acari,2022,ok,partial,,,709564.8667040555,imputed_temporal,3926092.78,3926092.78,3922193.6717763892,new_observed,1770317627.56,5885479.239802784,1,
2400109,Acari,2023,ok,ok,999631.85,999631.85,999631.85,new_observed,4875502.39,4875502.39,4826108.76085911,new_observed,2066540707.56,7189661.15347051,1,
2400109,Acari,2024,ok,ok,1900512.8,1900512.8,1900512.8,new_observed,4606147.02,4606147.02,4638699.500078455,new_observed,2093798525.02,7013053.317034599,1,
2400109,Acari,2025,ok,ok,2186583.07,2186583.07,2186583.07,new_observed,5355987.68,5355987.68,5422520.526990892,new_observed,2345916858.21,7609103.596990893,1,
2400208,Açu,2019,ok,ok,7972331.14,7972331.14,7972331.14,new_observed,14733367.76,14733367.76,15194495.862130906,new_observed,1391116025.9,40344254.3605416,1,
2400208,Açu,2020,ok,ok,7763530.41,7763530.41,7763530.41,new_observed,19264044.07,19264044.07,19615999.152011134,new_observed,1420520767.85,46678721.56463289,1,
2400208,Açu,2021,ok,ok,8007538.77,8007538.77,8007538.77,new_observed,26933014.49,26933014.49,26402771.09677926,new_observed,1656946146.84,46714552.67626579,1,
2400208,Açu,2022,ok,ok,14067227.82,14067227.82,14067227.82,new_observed,32495556.77,32495556.77,32463284.55950152,new_observed,1770317627.56,59125354.3015623,1,
2400208,Açu,2023,ok,ok,25549211.29,25549211.29,25549211.29,new_observed,37577174.71,37577174.71,37196481.012547396,new_observed,2066540707.56,77435693.86772145,1,
2400208,Açu,2024,ok,ok,23065776.82,23065776.82,23065776.82,new_observed,38489980.05,38489980.05,38761995.75061865,new_observed,2093798525.02,66307904.62423674,1,
2400208,Açu,2025,ok,ok,23064865.44,23064865.44,23064865.44,new_observed,47312040.64,47312040.64,47899757.59321152,new_observed,2345916858.21,70964623.03321151,1,
2400307,Afonso Bezerra,2019,ok,ok,563767.8,563767.8,563767.8,new_observed,2539813.59,2539813.59,2619305.220128357,new_observed,1391116025.9,5543215.199924603,1,
2400307,Afonso Bezerra,2020,ok,ok,656066.11,656066.11,656066.11,new_observed,2774871.5,2774871.5,2825568.5458956636,new_observed,1420520767.85,5935757.746467012,1,
2400307,Afonso Bezerra,2021,ok,ok,1311741.74,1311741.74,1311741.74,new_observed,3403881.65,3403881.65,3336867.7716653654,new_observed,1656946146.84,6310832.850526942,1,
2400307,Afonso Bezerra,2022,ok,ok,1152988.78,1152988.78,1152988.78,new_observed,3872107.56,3872107.56,3868262.0659488123,new_observed,1770317627.56,6380399.013928147,1,
2400307,Afonso Bezerra,2023,ok,ok,759025.19,759025.19,759025.19,new_observed,4758223.44,4758223.44,4710017.961843144,new_observed,2066540707.56,6749453.798572409,1,
2400307,Afonso Bezerra,2024,ok,ok,2042261.72,2042261.72,2042261.72,new_observed,7527795.26,7527795.26,7580995.560418515,new_observed,2093798525.02,10320572.76842147,1,
2400307,Afonso Bezerra,2025,ok,ok,1185032.62,1185032.62,1185032.62,new_observed,8588060.42,8588060.42,8694742.538035119,new_observed,2345916858.21,9879775.158035118,1,
2400406,Água Nova,2019,ok,ok,15371.13,15371.13,15371.13,new_observed,1481819.34,1481819.34,1528197.6393193319,new_observed,1391116025.9,2688073.3838379867,1,
2400406,Água Nova,2020,ok,ok,35953.95,35953.95,35953.95,new_observed,1505147.79,1505147.79,1532646.9180098507,new_observed,1420520767.85,2674271.0461127064,1,
2400406,Água Nova,2021,ok,ok,48324.04,48324.04,48324.04,new_observed,1786045.78,1786045.78,1750883.0255602244,new_observed,1656946146.84,2442557.290678927,1,
2400406,Água Nova,2022,ok,ok,59259.66,59259.66,59259.66,new_observed,1914821.94,1914821.94,1912920.2788851538,new_observed,1770317627.56,2506008.029354681,2,
2400406,Água Nova,2023,ok,ok,136167.52,136167.52,136167.52,new_observed,2270332.12,2270332.12,2247331.4251399306,new_observed,2066540707.56,2941522.961607349,6,
2400406,Água Nova,2024,ok,ok,308136.69,308136.69,308136.69,new_observed,2527388.17,2527388.17,2545249.682604183,new_observed,2093798525.02,3060146.979007396,1,
2400406,Água Nova,2025,ok,ok,241671.51,241671.51,241671.51,new_observed,2869044.63,2869044.63,2904684.313804842,new_observed,2345916858.21,3146355.8238048423,1,
2400505,Alexandria,2019,ok,ok,1085293.85,1085293.85,1085293.85,new_observed,2630089.9,2630089.9,2712407.017428735,new_observed,1391116025.9,6613569.038466141,1,
2400505,Alexandria,2020,ok,ok,1261827.06,1261827.06,1261827.06,new_observed,2721289.04,2721289.04,2771007.1315787435,new_observed,1420520767.85,6875484.9829935515,1,
2400505,Alexandria,2021,ok,ok,801263.04,801263.04,801263.04,new_observed,3269975.02,3269975.02,3205597.4268050147,new_observed,1656946146.84,5439610.833720439,1,
2400505,Alexandria,2022,ok,ok,1008757.15,1008757.15,1008757.15,new_observed,3526713.42,3526713.42,3523210.9461490796,new_observed,1770317627.56,5758677.600254306,1,
2400505,Alexandria,2023,ok,ok,994676.04,994676.04,994676.04,new_observed,4219812.25,4219812.25,4177061.406159129,new_observed,2066540707.56,6382542.975444244,1,
2400505,Alexandria,2024,ok,ok,1432791.26,1432791.26,1432791.26,new_observed,4315192.04,4315192.04,4345688.288232392,new_observed,2093798525.02,6197196.74228371,1,
2400505,Alexandria,2025,ok,ok,1156467.03,1156467.03,1156467.03,new_observed,4370704.07,4370704.07,4424997.582701243,new_observed,2345916858.21,5581464.612701244,1,
2400604,Almino Afonso,2019,ok,ok,106058.18,106058.18,106058.18,new_observed,1695827.05,1695827.05,1748903.4084977366,new_observed,1391116025.9,3230353.5632438306,1,
2400604,Almino Afonso,2020,ok,ok,137571.8,137571.8,137571.8,new_observed,1713272.27,1713272.27,1744573.843029222,new_observed,1420520767.85,3208826.2223813976,1,
2400604,Almino Afonso,2021,ok,ok,119406.89,119406.89,119406.89,new_observed,2110002.86,2110002.86,2068462.2045116483,new_observed,1656946146.84,2970194.8764782962,1,
2400604,Almino Afonso,2022,ok,ok,252968.36,252968.36,252968.36,new_observed,2271195.93,2271195.93,2268940.3443008526,new_observed,1770317627.56,3204536.9378668168,1,
2400604,Almino Afonso,2023,ok,ok,228206.0,228206.0,228206.0,new_observed,2605414.01,2605414.01,2579018.6063935175,new_observed,2066540707.56,3464451.140174892,1,
2400604,Almino Afonso,2024,ok,ok,314406.14,314406.14,314406.14,new_observed,2331939.62,2331939.62,2348419.8620970515,new_observed,2093798525.02,2855778.3215676695,1,
2400604,Almino Afonso,2025,ok,ok,287623.07,287623.07,287623.07,new_observed,2580611.01,2580611.01,2612667.7300168285,new_observed,2345916858.21,2900290.8000168283,1,
2400703,Alto do Rodrigues,2019,ok,ok,5925351.49,5925351.49,5925351.49,new_observed,8829020.45,8829020.45,9105353.024473349,new_observed,1391116025.9,26175469.178160485,1,
2400703,Alto do Rodrigues,2020,ok,ok,5483342.67,5483342.67,5483342.67,new_observed,8219579.43,8219579.43,8369751.571522863,new_observed,1420520767.85,23617817.37133567,2,
2400703,Alto do Rodrigues,2021,ok,ok,6006717.92,6006717.92,6006717.92,new_observed,15763368.5,15763368.5,15453027.375536107,new_observed,1656946146.84,29133198.913602196,1,
2400703,Alto do Rodrigues,2022,ok,ok,7464710.22,7464710.22,7464710.22,new_observed,22990436.31,22990436.31,22967603.890007954,new_observed,1770317627.56,38669708.58380928,2,
2400703,Alto do Rodrigues,2023,ok,ok,8827978.42,8827978.42,8827978.42,new_observed,26022446.39,26022446.39,25758813.44235492,new_observed,2066540707.56,42684240.59465165,1,
2400703,Alto do Rodrigues,2024,ok,ok,13522520.6,13522520.6,13522520.6,new_observed,24589842.08,24589842.08,24763622.973437827,new_observed,2093798525.02,41060414.29193845,1,
2400703,Alto do Rodrigues,2025,ok,ok,14638285.66,14638285.66,14638285.66,new_observed,28866685.42,28866685.42,29225271.525669143,new_observed,2345916858.21,43863557.18566914,1,
2400802,Angicos,2019,ok,ok,897348.81,897348.81,897348.81,new_observed,3273138.45,3273138.45,3375581.8387789004,new_observed,1391116025.9,7441165.807619384,1,
2400802,Angicos,2020,ok,ok,845533.34,845533.34,845533.34,new_observed,3371053.13,3371053.13,3432642.4451262425,new_observed,1420520767.85,7293762.145407508,1,
2400802,Angicos,2021,ok,ok,896493.51,896493.51,896493.51,new_observed,3923167.31,3923167.31,3845930.001588071,new_observed,1656946146.84,6438192.326745766,1,
2400802,Angicos,2022,ok,ok,6189159.6,6189159.6,6189159.6,new_observed,4295455.55,4295455.55,4291189.617685696,new_observed,1770317627.56,13317161.77216973,1,
2400802,Angicos,2023,ok,ok,4177898.39,4177898.39,4177898.39,new_observed,5252090.39,5252090.39,5198881.5544407815,new_observed,2066540707.56,11572068.688661642,1,
2400802,Angicos,2024,ok,ok,2956621.67,2956621.67,2956621.67,new_observed,4723679.05,4723679.05,4757062.150344927,new_observed,2093798525.02,8272628.784689723,1,
2400802,Angicos,2025,ok,ok,1976821.92,1976821.92,1976821.92,new_observed,5342280.51,5342280.51,5408643.084559592,new_observed,2345916858.21,7385465.004559592,1,
2400901,Antônio Martins,2019,ok,ok,228046.83,228046.83,228046.83,new_observed,1949498.38,1949498.38,2010514.1981564777,new_observed,1391116025.9,3898379.157112597,1,
2400901,Antônio Martins,2020,ok,ok,301230.09,301230.09,301230.09,new_observed,1972377.64,1972377.64,2008413.0815469904,new_observed,1420520767.85,3937656.7911482574,1,
2400901,Antônio Martins,2021,ok,ok,324093.48,324093.48,324093.48,new_observed,2334033.91,2334033.91,2288082.6459560073,new_observed,1656946146.84,3546223.2019440187,1,
2400901,Antônio Martins,2022,ok,ok,318733.17,318733.17,318733.17,new_observed,2333668.09,2333668.09,2331350.461520294,new_observed,1770317627.56,3367406.151999198,1,
2400901,Antônio Martins,2023,ok,ok,194733.08,194733.08,194733.08,new_observed,3008820.14,3008820.14,2978337.835970856,new_observed,2066540707.56,3915949.2716237702,1,
2400901,Antônio Martins,2024,ok,ok,264695.07,264695.07,264695.07,new_observed,2567664.75,2567664.75,2585810.904532108,new_observed,2093798525.02,3057057.863021132,1,
2400901,Antônio Martins,2025,ok,ok,391826.12,391826.12,391826.12,new_observed,3015522.19,3015522.19,3052981.439059533,new_observed,2345916858.21,3444807.5590595333,1,
2401008,Apodi,2019,ok,ok,1766597.71,1766597.71,1766597.71,new_observed,10546508.58,10546508.58,10876595.466095801,new_observed,1391116025.9,22017698.03775697,1,
2401008,Apodi,2020,ok,ok,1507494.51,1507494.51,1507494.51,new_observed,11264976.86,11264976.86,11470788.57015847,new_observed,1420520767.85,22126372.21956725,1,
2401008,Apodi,2021,ok,ok,1747608.67,1747608.67,1747608.67,new_observed,12797586.33,12797586.33,12545634.005718807,new_observed,1656946146.84,19404139.06397676,1,
2401008,Apodi,2022,ok,ok,2407085.7,2407085.7,2407085.7,new_observed,16146208.19,16146208.19,16130172.956840342,new_observed,1770317627.56,23554909.02241231,1,
2401008,Apodi,2023,ok,ok,3312444.37,3312444.37,3312444.37,new_observed,25127486.4,25127486.4,24872920.27630575,new_observed,2066540707.56,34784113.27071806,1,
2401008,Apodi,2024,ok,ok,4136595.89,4136595.89,4136595.89,new_observed,25290809.42,25290809.42,25469544.177322745,new_observed,2093798525.02,31751444.86458066,1,
2401008,Apodi,2025,ok,ok,4947782.34,4947782.34,4947782.34,new_observed,26420749.2,26420749.2,26748951.535205584,new_observed,2345916858.21,31696733.875205584,1,
2401107,Areia Branca,2019,ok,ok,7526679.06,7526679.06,7526679.06,new_observed,28158173.53,28158173.53,29039474.080619093,new_observed,1391116025.9,63678732.6618341,1,
2401107,Areia Branca,2020,ok,ok,8962814.0,8962814.0,8962814.0,new_observed,25442955.54,25442955.54,25907799.654306807,new_observed,1420520767.85,59450096.17023205,1,
2401107,Areia Branca,2021,ok,ok,9381379.21,9381379.21,9381379.21,new_observed,32462024.67,32462024.67,31822928.956513226,new_observed,1656946146.84,55937910.23056056,1,
2401107,Areia Branca,2022,ok,ok,11379393.25,11379393.25,11379393.25,new_observed,35215722.45,35215722.45,35180748.76988102,new_observed,1770317627.56,59163004.0693314,1,
2401107,Areia Branca,2023,ok,ok,11361067.81,11361067.81,11361067.81,new_observed,40921235.38,40921235.38,40506663.06259278,new_observed,2066540707.56,64010987.56066156,2,
2401107,Areia Branca,2024,ok,ok,12978346.05,12978346.05,12978346.05,new_observed,41896281.17,41896281.17,42192369.82114944,new_observed,2093798525.02,59168467.727939636,1,
2401107,Areia Branca,2025,ok,ok,8390062.91,8390062.91,8390062.91,new_observed,47390557.44,47390557.44,47979249.740160145,new_observed,2345916858.21,56369312.65016015,5,
2401206,Arês,2019,ok,ok,903692.93,903692.93,903692.93,new_observed,7943513.2,7943513.2,8192130.97876152,new_observed,1391116025.9,15840073.10798396,1,
2401206,Arês,2020,ok,ok,879949.24,879949.24,879949.24,new_observed,7557312.1,7557312.1,7695384.58313356,new_observed,1420520767.85,14619886.691158611,1,
2401206,Arês,2021,ok,ok,669911.87,669911.87,669911.87,new_observed,8040398.96,8040398.96,7882103.703856953,new_observed,1656946146.84,11609996.642281875,1,
2401206,Arês,2022,ok,ok,930493.85,930493.85,930493.85,new_observed,9305264.4,9305264.4,9296023.091916367,new_observed,1770317627.56,12994622.378757741,3,
2401206,Arês,2023,ok,ok,1186583.59,1186583.59,1186583.59,new_observed,13186262.81,13186262.81,13052673.012910098,new_observed,2066540707.56,17572946.8389675,1,
2401206,Arês,2024,ok,ok,1600383.43,1600383.43,1600383.43,new_observed,12203380.82,12203380.82,12289624.335308565,new_observed,2093798525.02,14896498.318454176,1,
2401206,Arês,2025,ok,ok,1513274.08,1513274.08,1513274.08,new_observed,11349251.05,11349251.05,11490233.073986076,new_observed,2345916858.21,13003507.153986076,5,
2401305,Campo Grande,2019,ok,ok,1197355.93,1197355.93,1197355.93,new_observed,2907063.37,2907063.37,2998049.262459822,new_observed,1391116025.9,7306157.818443038,1,
2401305,Campo Grande,2020,ok,ok,1568919.27,1568919.27,1568919.27,new_observed,2956462.79,2956462.79,3010477.5181607273,new_observed,1420520767.85,7807306.810162271,1,
2401305,Campo Grande,2021,ok,ok,741980.54,741980.54,741980.54,new_observed,3507018.3,3507018.3,3437973.920130465,new_observed,1656946146.84,5674598.792284376,1,
2401305,Campo Grande,2022,ok,ok,481311.81,481311.81,481311.81,new_observed,3748086.32,3748086.32,3744363.994774381,new_observed,1770317627.56,5369478.356118228,1,
2401305,Campo Grande,2023,ok,ok,917031.2,917031.2,917031.2,new_observed,4470005.56,4470005.56,4424720.012126778,new_observed,2066540707.56,6592360.310334576,1,
2401305,Campo Grande,2024,ok,ok,549781.47,549781.47,549781.47,new_observed,4345038.36,4345038.36,4375745.537612848,new_observed,2093798525.02,5282437.996158704,1,
2401305,Campo Grande,2025,ok,ok,600957.33,600957.33,600957.33,new_observed,4851916.1,4851916.1,4912187.297542027,new_observed,2345916858.21,5513144.627542027,1,
2401404,Baía Formosa,2019,ok,ok,291181.39,291181.39,291181.39,new_observed,6055542.52,6055542.52,6245070.187747608,new_observed,1391116025.9,11382663.503849076,4,
2401404,Baía Formosa,2020,ok,ok,301572.89,301572.89,301572.89,new_observed,6554413.53,6554413.53,6674163.0043628905,new_observed,1420520767.85,11892769.478887381,1,
2401404,Baía Formosa,2021,ok,ok,460378.98,460378.98,460378.98,new_observed,8170218.42,8170218.42,8009367.344826669,new_observed,1656946146.84,11498310.023290617,1,
2401404,Baía Formosa,2022,ok,ok,814245.39,814245.39,814245.39,new_observed,8990015.15,8990015.15,8981086.924416462,new_observed,1770317627.56,12446725.040718755,1,
2401404,Baía Formosa,2023,ok,ok,868514.7,868514.7,868514.7,new_observed,12029306.46,12029306.46,11907437.767385669,new_observed,2066540707.56,15767054.403715173,1,
2401404,Baía Formosa,2024,ok,ok,791489.29,791489.29,791489.29,new_observed,10585641.7,10585641.7,10660452.358248794,new_observed,2093798525.02,12281766.316376412,1,
2401404,Baía Formosa,2025,ok,ok,1035835.44,1035835.44,1035835.44,new_observed,11449864.82,11449864.82,11592096.682664678,new_observed,2345916858.21,12627932.122664677,1,
2401453,Baraúna,2019,ok,ok,1288946.66,1288946.66,1288946.66,new_observed,22445413.94,22445413.94,23147915.316487383,new_observed,1391116025.9,42555977.78936975,1,
2401453,Baraúna,2020,ok,ok,1837801.87,1837801.87,1837801.87,new_observed,22535193.19,22535193.19,22946912.335704975,new_observed,1420520767.85,42254881.36481056,1,
2401453,Baraúna,2021,ok,ok,2244215.2,2244215.2,2244215.2,new_observed,26922778.99,26922778.99,26392737.10806027,new_observed,1656946146.84,38876790.77177124,1,
2401453,Baraúna,2022,ok,ok,3363633.95,3363633.95,3363633.95,new_observed,32776176.35,32776176.35,32743625.448657114,new_observed,1770317627.56,45880743.53001328,1,
2401453,Baraúna,2023,ok,ok,4033089.07,4033089.07,4033089.07,new_observed,41858576.82,41858576.82,41434508.31291585,new_observed,2066540707.56,56112456.84990782,1,
2401453,Baraúna,2024,ok,ok,3490733.88,3490733.88,3490733.88,new_observed,41206143.66,41206143.66,41497354.98364597,new_observed,2093798525.02,48247992.47280203,1,
2401453,Baraúna,2025,ok,ok,3986536.57,3986536.57,3986536.57,new_observed,47146305.9,47146305.9,47731964.07250545,new_observed,2345916858.21,51718500.64250545,1,
2401503,Barcelona,2019,ok,ok,44057.6,44057.6,44057.6,new_observed,1665173.55,1665173.55,1717290.5086844063,new_observed,1391116025.9,3067328.819250317,1,
2401503,Barcelona,2020,ok,ok,57525.03,57525.03,57525.03,new_observed,1600648.24,1600648.24,1629892.166173191,new_observed,1420520767.85,2876838.233657226,1,
2401503,Barcelona,2021,ok,ok,34955.09,34955.09,34955.09,new_observed,2004017.64,2004017.64,1964563.5672335683,new_observed,1656946146.84,2714495.161541434,1,
2401503,Barcelona,2022,ok,ok,52281.97,52281.97,52281.97,new_observed,2125105.67,2125105.67,2122995.1704631196,new_observed,1770317627.56,2764079.4192206375,1,
2401503,Barcelona,2023,ok,ok,67513.52,67513.52,67513.52,new_observed,2441888.17,2441888.17,2417149.44380844,new_observed,2066540707.56,3066371.4682151107,1,
2401503,Barcelona,2024,ok,ok,116580.72,116580.72,116580.72,new_observed,2444225.94,2444225.94,2461499.7299753567,new_observed,2093798525.02,2764891.981112895,1,
2401503,Barcelona,2025,ok,ok,76585.19,76585.19,76585.19,new_observed,2447262.75,2447262.75,2477662.9988094335,new_observed,2345916858.21,2554248.1888094335,1,
2401602,Bento Fernandes,2019,ok,ok,35367.98,35367.98,35367.98,new_observed,1869385.95,1869385.95,1927894.3921508852,new_observed,1391116025.9,3418955.7556263576,1,
2401602,Bento Fernandes,2020,ok,ok,194569.72,194569.72,194569.72,new_observed,1940747.75,1940747.75,1976205.3118199457,new_observed,1420520767.85,3700903.7376001338,1,
2401602,Bento Fernandes,2021,ok,ok,874764.33,874764.33,874764.33,new_observed,2243522.91,2243522.91,2199353.580161019,new_observed,1656946146.84,4173343.500922978,1,
2401602,Bento Fernandes,2022,ok,ok,151092.38,151092.38,151092.38,new_observed,2377641.87,2377641.87,2375280.5699779163,new_observed,1770317627.56,3210209.5619976847,1,
2401602,Bento Fernandes,2023,ok,ok,68733.48,68733.48,68733.48,new_observed,3090432.93,3090432.93,3059123.80822779,new_observed,2066540707.56,3860150.243705179,1,
2401602,Bento Fernandes,2024,ok,ok,225722.19,225722.19,225722.19,new_observed,6710103.77,6710103.77,6757525.295702255,new_observed,2093798525.02,7489263.950444026,1,
2401602,Bento Fernandes,2025,ok,ok,501136.07,501136.07,501136.07,new_observed,8000821.95,8000821.95,8100209.307552832,new_observed,2345916858.21,8601345.377552832,1,
2401651,Bodó,2019,ok,ok,1359986.99,1359986.99,1359986.99,new_observed,6140203.16,6140203.16,6332380.554604652,new_observed,1391116025.9,13396000.791379815,1,
2401651,Bodó,2020,ok,ok,879095.19,879095.19,879095.19,new_observed,7946686.27,7946686.27,8091872.63936832,new_observed,1420520767.85,15294393.883720325,1,
2401651,Bodó,2021,ok,ok,899679.77,899679.77,899679.77,new_observed,8328325.85,8328325.85,8164362.036733138,new_observed,1656946146.84,12305110.302110223,1,
2401651,Bodó,2022,ok,ok,921674.59,921674.59,921674.59,new_observed,7704933.91,7704933.91,7697281.933122659,new_observed,1770317627.56,10951928.789932832,1,
2401651,Bodó,2023,ok,ok,2478355.16,2478355.16,2478355.16,new_observed,8774457.54,8774457.54,8685563.66466683,new_observed,2066540707.56,13777611.956253707,1,
2401651,Bodó,2024,ok,ok,4123654.49,4123654.49,4123654.49,new_observed,6850838.56,6850838.56,6899254.684100423,new_observed,2093798525.02,11821645.513155863,4,
2401651,Bodó,2025,ok,ok,3837911.27,3837911.27,3837911.27,new_observed,6962809.4,6962809.4,7049302.416809358,new_observed,2345916858.21,10887213.686809357,1,
2401701,Bom Jesus,2019,ok,ok,394310.94,394310.94,394310.94,new_observed,2219870.24,2219870.24,2289348.214582783,new_observed,1391116025.9,4673502.65703305,1,
2401701,Bom Jesus,2020,ok,ok,315634.23,315634.23,315634.23,new_observed,2246081.92,2246081.92,2287117.952905905,new_observed,1420520767.85,4437371.510435881,1,
2401701,Bom Jesus,2021,ok,ok,345078.93,345078.93,345078.93,new_observed,2589184.0,2589184.0,2538209.471681137,new_observed,1656946146.84,3914278.262609745,1,
2401701,Bom Jesus,2022,ok,ok,557455.76,557455.76,557455.76,new_observed,2753461.15,2753461.15,2750726.613753672,new_observed,1770317627.56,4203638.536087505,1,
2401701,Bom Jesus,2023,ok,ok,667594.23,667594.23,667594.23,new_observed,3182861.31,3182861.31,3150615.797932263,new_observed,2066540707.56,4712128.147697929,1,
2401701,Bom Jesus,2024,ok,ok,714899.62,714899.62,714899.62,new_observed,4392415.53,4392415.53,4423457.530703797,new_observed,2093798525.02,5510690.126916261,1,
2401701,Bom Jesus,2025,ok,ok,477645.96,477645.96,477645.96,new_observed,5062587.23,5062587.23,5125475.414528392,new_observed,2345916858.21,5603121.374528392,1,
2401800,Brejinho,2019,ok,ok,113656.98,113656.98,113656.98,new_observed,2242867.55,2242867.55,2313065.299320451,new_observed,1391116025.9,4226055.682562494,1,
2401800,Brejinho,2020,ok,ok,152696.72,152696.72,152696.72,new_observed,2256722.31,2256722.31,2297952.7433818113,new_observed,1420520767.85,4178055.1303714206,1,
2401800,Brejinho,2021,ok,ok,242007.19,242007.19,242007.19,new_observed,2721587.83,2721587.83,2668006.6028980995,new_observed,1656946146.84,3950559.9671521354,1,
2401800,Brejinho,2022,ok,ok,349756.73,349756.73,349756.73,new_observed,2997166.42,2997166.42,2994189.8535023155,new_observed,1770317627.56,4249083.373562268,1,
2401800,Brejinho,2023,ok,ok,374395.12,374395.12,374395.12,new_observed,3527813.9,3527813.9,3492073.679297396,new_observed,2066540707.56,4771685.247296798,1,
2401800,Brejinho,2024,ok,ok,593702.76,593702.76,593702.76,new_observed,4850535.73,4850535.73,4884815.349611592,new_observed,2093798525.02,5875499.653159255,1,
2401800,Brejinho,2025,ok,ok,530234.44,530234.44,530234.44,new_observed,5186916.71,5186916.71,5251349.333157365,new_observed,2345916858.21,5781583.773157366,1,
2401859,Caiçara do Norte,2019,ok,ok,104772.24,104772.24,104772.24,new_observed,1927006.64,1927006.64,1987318.5068570352,new_observed,1391116025.9,3643306.0612388616,1,
2401859,Caiçara do Norte,2020,ok,ok,2064706.16,2064706.16,2064706.16,new_observed,2002645.1,2002645.1,2039233.529607434,new_observed,1420520767.85,6996711.088675112,1,
2401859,Caiçara do Norte,2021,ok,ok,1833118.88,1833118.88,1833118.88,new_observed,2323653.41,2323653.41,2277906.5119227422,new_observed,1656946146.84,5581022.460069354,1,
2401859,Caiçara do Norte,2022,ok,ok,799238.9,799238.9,799238.9,new_observed,2547489.69,2547489.69,2544959.7095445096,new_observed,1770317627.56,4249403.617812243,1,
2401859,Caiçara do Norte,2023,ok,ok,724279.84,724279.84,724279.84,new_observed,4388551.0,4388551.0,4344090.666844491,new_observed,2066540707.56,6254975.801107932,1,
2401859,Caiçara do Norte,2024,ok,ok,770647.8,770647.8,770647.8,new_observed,9780222.1,9780222.1,9849340.711214697,new_observed,2093798525.02,11389528.621750055,1,
2401859,Caiçara do Norte,2025,ok,ok,959890.43,959890.43,959890.43,new_observed,11205103.27,11205103.27,11344294.669592625,new_observed,2345916858.21,12304185.099592624,1,
2401909,Caiçara do Rio do Vento,2019,ok,ok,70529.21,70529.21,70529.21,new_observed,1678568.94,1678568.94,1731105.1504718198,new_observed,1391116025.9,3137485.979278953,1,
2401909,Caiçara do Rio do Vento,2020,ok,ok,417561.33,417561.33,417561.33,new_observed,1854986.19,1854986.19,1888876.883680861,new_observed,1420520767.85,3932192.733209621,1,
2401909,Caiçara do Rio do Vento,2021,ok,ok,1234809.43,1234809.43,1234809.43,new_observed,2170397.69,2170397.69,2127668.0120350122,new_observed,1656946146.84,4564812.993455385,1,
2401909,Caiçara do Rio do Vento,2022,ok,ok,4241270.82,4241270.82,4241270.82,new_observed,2287813.23,2287813.23,2285541.14121376,new_observed,1770317627.56,8293484.209222722,1,
2401909,Caiçara do Rio do Vento,2023,ok,ok,2261615.31,2261615.31,2261615.31,new_observed,2834550.22,2834550.22,2805833.4414716843,new_observed,2066540707.56,6253838.244659827,1,
2401909,Caiçara do Rio do Vento,2024,ok,ok,5456623.33,5456623.33,5456623.33,new_observed,7543922.25,7543922.25,7597236.522794651,new_observed,2093798525.02,13999761.888698425,1,
2401909,Caiçara do Rio do Vento,2025,ok,ok,3487921.14,3487921.14,3487921.14,new_observed,15827249.1,15827249.1,16023857.45789246,new_observed,2345916858.21,19511778.59789246,1,
2402006,Caicó,2019,ok,ok,7413366.59,7413366.59,7413366.59,new_observed,16218048.12,16218048.12,16725644.066267433,new_observed,1391116025.9,42037279.6774759,1,
2402006,Caicó,2020,ok,ok,5913793.19,5913793.19,5913793.19,new_observed,16480765.27,16480765.27,16781869.704309423,new_observed,1420520767.85,38693306.492678195,1,
2402006,Caicó,2021,ok,ok,6903073.2,6903073.2,6903073.2,new_observed,19749378.82,19749378.82,19360563.16613375,new_observed,1656946146.84,35654838.01936131,6,
2402006,Caicó,2022,ok,ok,10175030.0,10175030.0,10175030.0,new_observed,21969871.63,21969871.63,21948052.76021155,new_observed,1770317627.56,40818133.14165492,1,
2402006,Caicó,2023,ok,ok,9873308.68,9873308.68,9873308.68,new_observed,25498970.62,25498970.62,25240640.99619302,new_observed,2066540707.56,43334816.428535424,1,
2402006,Caicó,2024,ok,ok,13128157.17,13128157.17,13128157.17,new_observed,23735299.97,23735299.97,23903041.658677056,new_observed,2093798525.02,39714534.3906491,1,
2402006,Caicó,2025,ok,ok,15240319.41,15240319.41,15240319.41,new_observed,26192810.25,26192810.25,26518181.094883036,new_observed,2345916858.21,41758500.504883036,1,
2402105,Campo Redondo,2019,ok,ok,174398.22,174398.22,174398.22,new_observed,2230210.88,2230210.88,2300012.4981499356,new_observed,1391116025.9,4309103.503743051,1,
2402105,Campo Redondo,2020,ok,ok,207574.96,207574.96,207574.96,new_observed,2151039.17,2151039.17,2190338.766945249,new_observed,1420520767.85,4088147.2029158785,1,
2402105,Campo Redondo,2021,ok,ok,244525.8,244525.8,244525.8,new_observed,2483424.96,2483424.96,2434532.5614870745,new_observed,1656946146.84,3637020.806700226,1,
2402105,Campo Redondo,2022,ok,ok,212963.59,212963.59,212963.59,new_observed,2583193.45,2583193.45,2580628.011181188,new_observed,1770317627.56,3549758.7442529667,1,
2402105,Campo Redondo,2023,ok,ok,110081.38,110081.38,110081.38,new_observed,3099230.66,3099230.66,3067832.408579573,new_observed,2066540707.56,3921925.9560304186,1,
2402105,Campo Redondo,2024,ok,ok,4660821.68,4660821.68,4660821.68,new_observed,4431544.63,4431544.63,4462863.1631815275,new_observed,2093798525.02,9784800.57181885,1,
2402105,Campo Redondo,2025,ok,ok,2868328.92,2868328.92,2868328.92,new_observed,5093782.15,5093782.15,5157057.842297875,new_observed,2345916858.21,8025386.762297875,1,
2402204,Canguaretama,2019,ok,ok,743263.94,743263.94,743263.94,new_observed,6997248.38,6997248.38,7216249.759600936,new_observed,1391116025.9,13861226.885036033,1,
2402204,Canguaretama,2020,ok,ok,854832.41,854832.41,854832.41,new_observed,7401811.0,7401811.0,7537042.46998988,new_observed,1420520767.85,14307111.816552013,1,
2402204,Canguaretama,2021,ok,ok,594312.24,594312.24,594312.24,new_observed,8543174.0,8543174.0,8374980.366408887,new_observed,1656946146.84,12176481.221851505,1,
2402204,Canguaretama,2022,ok,ok,1709513.05,1709513.05,1709513.05,new_observed,8998361.26,8998361.26,8989424.74567038,new_observed,1770317627.56,13594917.73183358,1,
2402204,Canguaretama,2023,ok,ok,1587194.6,1587194.6,1587194.6,new_observed,9123301.06,9123301.06,9030873.057088424,new_observed,2066540707.56,13103966.28658558,1,
2402204,Canguaretama,2024,ok,ok,1504726.22,1504726.22,1504726.22,new_observed,9277757.62,9277757.62,9343325.223202078,new_observed,2093798525.02,11634117.33186848,1,
2402204,Canguaretama,2025,ok,ok,5341146.6,5341146.6,5341146.6,new_observed,10687145.03,10687145.03,10819902.278061943,new_observed,2345916858.21,16161048.878061943,1,
2402303,Caraúbas,2019,ok,ok,1245306.88,1245306.88,1245306.88,new_observed,5958520.05,5958520.05,6145011.0876855645,new_observed,1391116025.9,12869991.555864016,1,
2402303,Caraúbas,2020,ok,ok,1100729.22,1100729.22,1100729.22,new_observed,6041215.23,6041215.23,6151588.544865532,new_observed,1420520767.85,12364307.461078694,1,
2402303,Caraúbas,2021,ok,ok,1178069.18,1178069.18,1178069.18,new_observed,7391082.28,7391082.28,7245570.438049446,new_observed,1656946146.84,11435716.742648495,1,
2402303,Caraúbas,2022,ok,ok,1669986.01,1669986.01,1669986.01,new_observed,8434029.31,8434029.31,8425653.248892043,new_observed,1770317627.56,12828318.829038188,1,
2402303,Caraúbas,2023,ok,ok,3032731.37,3032731.37,3032731.37,new_observed,11318008.99,11318008.99,11203346.439569928,new_observed,2066540707.56,17569023.82753954,1,
2402303,Caraúbas,2024,ok,ok,2624500.15,2624500.15,2624500.15,new_observed,14132854.14,14132854.14,14232733.594747424,new_observed,2093798525.02,18078733.890962698,1,
2402303,Caraúbas,2025,ok,ok,2813365.72,2813365.72,2813365.72,new_observed,17103309.69,17103309.69,17315769.455524076,new_observed,2345916858.21,20129135.175524075,3,
2402402,Carnaúba dos Dantas,2019,ok,ok,149096.22,149096.22,149096.22,new_observed,2474351.3,2474351.3,2551794.077344624,new_observed,1391116025.9,4703510.115820677,1,
2402402,Carnaúba dos Dantas,2020,ok,ok,182636.87,182636.87,182636.87,new_observed,2462392.73,2462392.73,2507380.7725979933,new_observed,1420520767.85,4586148.357969031,1,
2402402,Carnaúba dos Dantas,2021,ok,ok,221421.88,221421.88,221421.88,new_observed,2957102.29,2957102.29,2898884.3748485935,new_observed,1656946146.84,4236047.61109492,1,
2402402,Carnaúba dos Dantas,2022,ok,ok,484913.59,484913.59,484913.59,new_observed,3306858.51,3306858.51,3303574.3799671233,new_observed,1770317627.56,4813952.867413327,1,
2402402,Carnaúba dos Dantas,2023,ok,ok,386940.45,386940.45,386940.45,new_observed,3965568.26,3965568.26,3925393.157559465,new_observed,2066540707.56,5321935.782943054,1,
2402402,Carnaúba dos Dantas,2024,ok,ok,871401.76,871401.76,871401.76,new_observed,5166383.28,5166383.28,5202895.051784451,new_observed,2093798525.02,6514449.363270641,1,
2402402,Carnaúba dos Dantas,2025,ok,ok,1288080.14,1288080.14,1288080.14,new_observed,5657842.69,5657842.69,5728125.223210068,new_observed,2345916858.21,7016205.363210068,1,
2402501,Carnaubais,2019,ok,ok,677460.38,677460.38,677460.38,new_observed,4730387.91,4730387.91,4878440.604727636,new_observed,1391116025.9,9675415.73600985,1,
2402501,Carnaubais,2020,ok,ok,764776.15,764776.15,764776.15,new_observed,6279640.79,6279640.79,6394370.152184485,new_observed,1420520767.85,12205461.606755013,2,
2402501,Carnaubais,2021,ok,ok,711603.73,711603.73,711603.73,new_observed,7314497.27,7314497.27,7170493.1944967285,new_observed,1656946146.84,10700532.294081857,6,
2402501,Carnaubais,2022,ok,ok,993332.84,993332.84,993332.84,new_observed,8462903.03,8462903.03,8454498.293624949,new_observed,1770317627.56,12005162.517896399,1,
2402501,Carnaubais,2023,ok,ok,1109838.56,1109838.56,1109838.56,new_observed,9233433.45,9233433.45,9139889.697778316,new_observed,2066540707.56,12649391.384027053,1,
2402501,Carnaubais,2024,ok,ok,1077907.91,1077907.91,1077907.91,new_observed,9369715.0,9369715.0,9435932.482758142,new_observed,2093798525.02,11275688.85327675,1,
2402501,Carnaubais,2025,ok,ok,1666628.32,1666628.32,1666628.32,new_observed,11424192.72,11424192.72,11566105.68015719,new_observed,2345916858.21,13232734.00015719,1,
2402600,Ceará-Mirim,2019,ok,ok,2339649.01,2339649.01,2339649.01,new_observed,12455333.15,12455333.15,12845162.8366288,new_observed,1391116025.9,26443841.942662593,1,
2402600,Ceará-Mirim,2020,ok,ok,6482714.27,6482714.27,6482714.27,new_observed,12658456.74,12658456.74,12889727.399674166,new_observed,1420520767.85,33027624.11157328,1,
2402600,Ceará-Mirim,2021,ok,ok,6154846.13,6154846.13,6154846.13,new_observed,15431418.57,15431418.57,15127612.70572126,new_observed,1656946146.84,28892519.37023647,1,
2402600,Ceará-Mirim,2022,ok,ok,5284337.04,5284337.04,5284337.04,new_observed,18017641.21,18017641.21,17999747.406427693,new_observed,1770317627.56,29586601.82493528,1,
2402600,Ceará-Mirim,2023,ok,ok,5650984.73,5650984.73,5650984.73,new_observed,21044966.85,21044966.85,20831760.660212614,new_observed,2066540707.56,32682877.33483274,1,
2402600,Ceará-Mirim,2024,ok,ok,6183013.29,6183013.29,6183013.29,new_observed,19607570.82,19607570.82,19746141.094837856,new_observed,2093798525.02,27808019.3487995,1,
2402600,Ceará-Mirim,2025,ok,ok,9208832.61,9208832.61,9208832.61,new_observed,21471782.01,21471782.01,21738507.565106794,new_observed,2345916858.21,30947340.175106794,1,
2402709,Cerro Corá,2019,ok,ok,636516.14,636516.14,636516.14,new_observed,2531073.88,2531073.88,2610291.9728114908,new_observed,1391116025.9,5654207.732076914,1,
2402709,Cerro Corá,2020,ok,ok,676660.4,676660.4,676660.4,new_observed,6990714.06,6990714.06,7118434.767623137,new_observed,1420520767.85,13289675.999552436,1,
2402709,Cerro Corá,2021,ok,ok,1243252.33,1243252.33,1243252.33,new_observed,6216406.77,6216406.77,6094021.337779294,new_observed,1656946146.84,9960894.237240275,1,
2402709,Cerro Corá,2022,ok,ok,1239952.4,1239952.4,1239952.4,new_observed,3631650.57,3631650.57,3628043.880246029,new_observed,1770317627.56,6185661.624801503,1,
2402709,Cerro Corá,2023,ok,ok,1717200.52,1717200.52,1717200.52,new_observed,5132276.64,5132276.64,5080281.635439124,new_observed,2066540707.56,8388906.520018004,1,
2402709,Cerro Corá,2024,ok,ok,1666284.55,1666284.55,1666284.55,new_observed,6466719.99,6466719.99,6512421.478192496,new_observed,2093798525.02,8771347.191064298,1,
2402709,Cerro Corá,2025,ok,ok,1216019.46,1216019.46,1216019.46,new_observed,8824889.79,8824889.79,8934513.836429762,new_observed,2345916858.21,10150533.29642976,1,
2402808,Coronel Ezequiel,2019,ok,ok,118047.5,118047.5,118047.5,new_observed,1726259.36,1726259.36,1780288.1954590364,new_observed,1391116025.9,3305888.1197779244,1,
2402808,Coronel Ezequiel,2020,ok,ok,202794.2,202794.2,202794.2,new_observed,1743004.33,1743004.33,1774849.1093039603,new_observed,1420520767.85,3371637.9669738165,4,
2402808,Coronel Ezequiel,2021,ok,ok,253624.36,253624.36,253624.36,new_observed,2064865.87,2064865.87,2024213.8484499797,new_observed,1656946146.84,3092334.634259633,1,
2402808,Coronel Ezequiel,2022,ok,ok,323661.18,323661.18,323661.18,new_observed,2211347.61,2211347.61,2209151.4612754113,new_observed,1770317627.56,3218392.343791526,1,
2402808,Coronel Ezequiel,2023,ok,ok,345545.23,345545.23,345545.23,new_observed,2640401.12,2640401.12,2613651.2625961835,new_observed,2066540707.56,3652002.636136505,1,
2402808,Coronel Ezequiel,2024,ok,ok,754790.24,754790.24,754790.24,new_observed,2908857.53,2908857.53,2929414.9560624426,new_observed,2093798525.02,3951168.16601471,1,
2402808,Coronel Ezequiel,2025,ok,ok,780024.4,780024.4,780024.4,new_observed,2677281.17,2677281.17,2710538.7406065115,new_observed,2345916858.21,3490563.1406065114,1,
2402907,Coronel João Pessoa,2019,ok,ok,204752.57,204752.57,204752.57,new_observed,1598606.54,1598606.54,1648640.070137325,new_observed,1391116025.9,3227621.29215098,1,
2402907,Coronel João Pessoa,2020,ok,ok,94252.44,94252.44,94252.44,new_observed,1614254.66,1614254.66,1643747.1761706795,new_observed,1420520767.85,2963075.0221228725,1,
2402907,Coronel João Pessoa,2021,ok,ok,109268.06,109268.06,109268.06,new_observed,1914588.43,1914588.43,1876894.9937111912,new_observed,1656946146.84,2696363.937304138,1,
2402907,Coronel João Pessoa,2022,ok,ok,302312.61,302312.61,302312.61,new_observed,2049005.29,2049005.29,2046970.3677951153,new_observed,1770317627.56,2985185.017604862,1,
2402907,Coronel João Pessoa,2023,ok,ok,411454.15,411454.15,411454.15,new_observed,2455371.46,2455371.46,2430496.134834102,new_observed,2066540707.56,3507306.7834293824,1,
2402907,Coronel João Pessoa,2024,ok,ok,403408.39,403408.39,403408.39,new_observed,2181008.7,2181008.7,2196422.285790775,new_observed,2093798525.02,2788218.2605333137,1,
2402907,Coronel João Pessoa,2025,ok,ok,393922.84,393922.84,393922.84,new_observed,2342223.97,2342223.97,2371319.41202208,new_observed,2345916858.21,2765242.2520220797,1,
2403004,Cruzeta,2019,ok,ok,122083.98,122083.98,122083.98,new_observed,2556186.43,2556186.43,2636190.5007840632,new_observed,1391116025.9,4803442.7519447245,1,
2403004,Cruzeta,2020,ok,ok,178538.46,178538.46,178538.46,new_observed,2561517.21,2561517.21,2608316.2619769657,new_observed,1420520767.85,4751243.636732881,1,
2403004,Cruzeta,2021,ok,ok,265091.75,265091.75,265091.75,new_observed,3003669.09,3003669.09,2944534.3915433823,new_observed,1656946146.84,4357305.994649033,1,
2403004,Cruzeta,2022,ok,ok,333128.36,333128.36,333128.36,new_observed,3370532.32,3370532.32,3367184.9537956645,new_observed,1770317627.56,4701911.165743765,1,
2403004,Cruzeta,2023,ok,ok,479409.88,479409.88,479409.88,new_observed,4134282.96,4134282.96,4092398.611894955,new_observed,2066540707.56,5642158.844836814,1,
2403004,Cruzeta,2024,ok,ok,1040685.4,1040685.4,1040685.4,new_observed,3670202.57,3670202.57,3696140.560152086,new_observed,2093798525.02,5080063.391069538,1,
2403004,Cruzeta,2025,ok,ok,1138155.95,1138155.95,1138155.95,new_observed,4400780.0,4400780.0,4455447.120216486,new_observed,2345916858.21,5593603.070216486,1,
2403103,Currais Novos,2019,ok,ok,4739907.73,4739907.73,4739907.73,new_observed,10483882.35,10483882.35,10812009.146925837,new_observed,1391116025.9,27083143.07431846,1,
2403103,Currais Novos,2020,ok,ok,3092059.92,3092059.92,3092059.92,new_observed,10409686.19,10409686.19,10599871.695359033,new_observed,1420520767.85,23343054.9676834,1,
2403103,Currais Novos,2021,ok,ok,3562947.79,3562947.79,3562947.79,new_observed,12297587.07,12297587.07,12055478.47503209,new_observed,1656946146.84,21203174.260938577,1,
2403103,Currais Novos,2022,ok,ok,8275282.28,8275282.28,8275282.28,new_observed,13082681.1,13082681.1,13069688.33790234,new_observed,1770317627.56,27122610.214279205,1,
2403103,Currais Novos,2023,ok,ok,8200030.2,8200030.2,8200030.2,new_observed,15642168.62,15642168.62,15483698.084253727,new_observed,2066540707.56,29228555.232489016,1,
2403103,Currais Novos,2024,ok,ok,18738307.96,18738307.96,18738307.96,new_observed,14437375.23,14437375.23,14539406.790764157,new_observed,2093798525.02,35689067.292306416,1,
2403103,Currais Novos,2025,ok,ok,27964182.76,27964182.76,27964182.76,new_observed,16676801.95,16676801.95,16883963.57521807,new_observed,2345916858.21,44848146.33521807,1,
2403202,Doutor Severiano,2019,ok,ok,90955.0,90955.0,90955.0,new_observed,1889006.93,1889006.93,1948129.473788524,new_observed,1391116025.9,3550997.4095972865,1,
2403202,Doutor Severiano,2020,ok,ok,100621.02,100621.02,100621.02,new_observed,1851661.06,1851661.06,1885491.0033836963,new_observed,1420520767.85,3386076.0801504203,1,
2403202,Doutor Severiano,2021,ok,ok,98572.85,98572.85,98572.85,new_observed,2165553.41,2165553.41,2122919.1037382376,new_observed,1656946146.84,3015840.406395002,1,
2403202,Doutor Severiano,2022,ok,ok,130561.27,130561.27,130561.27,new_observed,2336367.92,2336367.92,2334047.6102465834,new_observed,1770317627.56,3131727.243208945,1,
2403202,Doutor Severiano,2023,ok,ok,152996.9,152996.9,152996.9,new_observed,2804309.54,2804309.54,2775899.129269996,new_observed,2066540707.56,3614608.2379543446,1,
2403202,Doutor Severiano,2024,ok,ok,566355.16,566355.16,566355.16,new_observed,2749679.23,2749679.23,2769111.714019305,new_observed,2093798525.02,3577159.74818855,1,
2403202,Doutor Severiano,2025,ok,ok,226895.01,226895.01,226895.01,new_observed,3076896.32,3076896.32,3115117.967303229,new_observed,2345916858.21,3342012.9773032293,1,
2403251,Parnamirim,2019,ok,ok,36023432.81,36023432.81,36023432.81,new_observed,74660620.82,74660620.82,76997364.93332563,new_observed,1391116025.9,196821939.04968712,1,
2403251,Parnamirim,2020,ok,ok,36673205.36,36673205.36,36673205.36,new_observed,70102195.13,70102195.13,71382965.86258793,new_observed,1420520767.85,184222446.86182925,1,
2403251,Parnamirim,2021,ok,ok,45773838.93,45773838.93,45773838.93,new_observed,87341397.15,87341397.15,85621864.46231472,new_observed,1656946146.84,178379431.3773727,1,
2403251,Parnamirim,2022,ok,ok,60425840.01,60425840.01,60425840.01,new_observed,107286263.04,107286263.04,107179714.16967511,new_observed,1770317627.56,212972891.70081452,1,
2403251,Parnamirim,2023,ok,ok,60221078.47,60221078.47,60221078.47,new_observed,132856377.33,132856377.33,131510411.70309359,new_observed,2066540707.56,236619605.79312876,1,
2403251,Parnamirim,2024,ok,ok,73146025.93,73146025.93,73146025.93,new_observed,118238595.71,118238595.71,119074209.40505622,new_observed,2093798525.02,206148798.53365737,1,
2403251,Parnamirim,2025,ok,ok,84482952.03,84482952.03,84482952.03,new_observed,128323798.39,128323798.39,129917855.01478523,new_observed,2345916858.21,214400807.04478523,1,
2403301,Encanto,2019,ok,ok,92449.09,92449.09,92449.09,new_observed,1690512.36,1690512.36,1743422.3781909554,new_observed,1391116025.9,3197108.7572391382,1,
2403301,Encanto,2020,ok,ok,48530.23,48530.23,48530.23,new_observed,1076538.65,1076538.65,1096207.0668429078,new_observed,1420520767.85,1951635.9265033188,1,
2403301,Encanto,2021,ok,ok,80305.67,80305.67,80305.67,new_observed,1893849.19,1893849.19,1856564.0572449272,new_observed,1656946146.84,2629444.583636249,1,
2403301,Encanto,2022,ok,ok,63114.31,63114.31,63114.31,new_observed,2177836.94,2177836.94,2175674.0716221323,new_observed,1770317627.56,2844781.832403452,1,
2403301,Encanto,2023,ok,ok,124045.13,124045.13,124045.13,new_observed,2581801.1,2581801.1,2555644.918370287,new_observed,2066540707.56,3307058.231909202,1,
2403301,Encanto,2024,ok,ok,271362.09,271362.09,271362.09,new_observed,2773315.31,2773315.31,2792914.8345023794,new_observed,2093798525.02,3286318.9729191335,1,
2403301,Encanto,2025,ok,ok,204259.94,204259.94,204259.94,new_observed,4118114.3,4118114.3,4169270.106357812,new_observed,2345916858.21,4373530.046357812,1,
2403400,Equador,2019,ok,ok,167965.99,167965.99,167965.99,new_observed,2519162.94,2519162.94,2598008.2416583565,new_observed,1391116025.9,4816851.610557806,1,
2403400,Equador,2020,ok,ok,190144.84,190144.84,190144.84,new_observed,2610191.24,2610191.24,2657879.5690237903,new_observed,1420520767.85,4855530.409936471,1,
2403400,Equador,2021,ok,ok,236009.96,236009.96,236009.96,new_observed,3231228.21,3231228.21,3167613.4441527855,new_observed,1656946146.84,4620671.694589083,1,
2403400,Equador,2022,ok,ok,279193.08,279193.08,279193.08,new_observed,3577884.28,3577884.28,3574330.986993186,new_observed,1770317627.56,4896592.883231222,5,
2403400,Equador,2023,ok,ok,398831.95,398831.95,398831.95,new_observed,4434411.09,4434411.09,4389486.149077613,new_observed,2066540707.56,5909357.612528732,1,
2403400,Equador,2024,ok,ok,604375.47,604375.47,604375.47,new_observed,3989423.57,3989423.57,4017617.553110627,new_observed,2093798525.02,4956909.489182339,1,
2403400,Equador,2025,ok,ok,549856.65,549856.65,549856.65,new_observed,4701648.41,4701648.41,4760052.960748987,new_observed,2345916858.21,5309909.610748988,1,
2403509,Espírito Santo,2019,ok,ok,179389.14,179389.14,179389.14,new_observed,1919409.53,1919409.53,1979483.620879876,new_observed,1391116025.9,3759604.7049935255,1,
2403509,Espírito Santo,2020,ok,ok,196595.54,196595.54,196595.54,new_observed,1956727.86,1956727.86,1992477.3792565651,new_observed,1420520767.85,3732099.3792542564,1,
2403509,Espírito Santo,2021,ok,ok,328267.67,328267.67,328267.67,new_observed,2313927.13,2313927.13,2268371.717941232,new_observed,1656946146.84,3525130.925553062,1,
2403509,Espírito Santo,2022,ok,ok,1166392.13,1166392.13,1166392.13,new_observed,2468758.4,2468758.4,2466306.609703911,new_observed,1770317627.56,4615994.732747741,1,
2403509,Espírito Santo,2023,ok,ok,2136200.5,2136200.5,2136200.5,new_observed,2874101.04,2874101.04,2844983.572808439,new_observed,2066540707.56,6147377.306810022,1,
2403509,Espírito Santo,2024,ok,ok,3311191.55,3311191.55,3311191.55,new_observed,4597868.69,4597868.69,4630362.665612307,new_observed,2093798525.02,8517011.006592002,1,
2403509,Espírito Santo,2025,ok,ok,3319597.68,3319597.68,3319597.68,new_observed,5312714.33,5312714.33,5378709.629231946,new_observed,2345916858.21,8698307.309231946,1,
2403608,Extremoz,2019,ok,ok,2725797.77,2725797.77,2725797.77,new_observed,5288331.1,5288331.1,5453846.420278874,new_observed,1391116025.9,14244576.77182047,1,
2403608,Extremoz,2020,ok,ok,1877629.59,1877629.59,1877629.59,new_observed,5260510.88,5260510.88,5356620.685992096,new_observed,1420520767.85,12333504.620562932,1,
2403608,Extremoz,2021,ok,ok,2379087.02,2379087.02,2379087.02,new_observed,6109981.45,6109981.45,5989691.26496458,new_observed,1656946146.84,11361238.40623696,1,
2403608,Extremoz,2022,ok,ok,2841878.65,2841878.65,2841878.65,new_observed,7020012.76,7020012.76,7013040.996718754,new_observed,1770317627.56,12522441.42452995,1,
2403608,Extremoz,2023,ok,ok,2743198.5,2743198.5,2743198.5,new_observed,8703102.04,8703102.04,8614931.065984935,new_observed,2066540707.56,14017291.254682956,1,
2403608,Extremoz,2024,ok,ok,5261139.94,5261139.94,5261139.94,new_observed,10413538.38,10413538.38,10487132.752734805,new_observed,2093798525.02,16889415.87720346,1,
2403608,Extremoz,2025,ok,ok,6513646.45,6513646.45,6513646.45,new_observed,11659067.33,11659067.33,11803897.936242808,new_observed,2345916858.21,18317544.386242807,1,
2403707,Felipe Guerra,2019,ok,ok,460189.94,460189.94,460189.94,new_observed,3051064.03,3051064.03,3146556.885981881,new_observed,1391116025.9,6281028.962149403,1,
2403707,Felipe Guerra,2020,ok,ok,273723.41,273723.41,273723.41,new_observed,3114810.57,3114810.57,3171718.3202953152,new_observed,1420520767.85,5874053.271491217,4,
2403707,Felipe Guerra,2021,ok,ok,193253.63,193253.63,193253.63,new_observed,3898566.1,3898566.1,3821813.1276089265,new_observed,1656946146.84,5450751.483296693,1,
2403707,Felipe Guerra,2022,ok,ok,467236.28,467236.28,467236.28,new_observed,4396291.94,4396291.94,4391925.864357579,new_observed,1770317627.56,6174436.272067522,1,
2403707,Felipe Guerra,2023,ok,ok,939005.77,939005.77,939005.77,new_observed,6411796.05,6411796.05,6346838.256753853,new_observed,2066540707.56,8991603.517629417,1,
2403707,Felipe Guerra,2024,ok,ok,1727111.48,1727111.48,1727111.48,new_observed,10736036.29,10736036.29,10811909.81421326,new_observed,2093798525.02,13447617.364968369,1,
2403707,Felipe Guerra,2025,ok,ok,1658160.24,1658160.24,1658160.24,new_observed,14201190.17,14201190.17,14377599.390692826,new_observed,2345916858.21,16035759.630692827,1,
2403756,Fernando Pedroza,2019,ok,ok,80397.56,80397.56,80397.56,new_observed,1842654.03,1842654.03,1900325.8107889541,new_observed,1391116025.9,3449363.500734418,1,
2403756,Fernando Pedroza,2020,ok,ok,67848.11,67848.11,67848.11,new_observed,1861825.41,1861825.41,1895841.0565841685,new_observed,1420520767.85,3347847.8744079433,1,
2403756,Fernando Pedroza,2021,ok,ok,81212.99,81212.99,81212.99,new_observed,2190364.79,2190364.79,2147242.0099980785,new_observed,1656946146.84,3025293.2591171055,1,
2403756,Fernando Pedroza,2022,ok,ok,2378926.75,2378926.75,2378926.75,new_observed,2336789.35,2336789.35,2334468.621713128,new_observed,1770317627.56,5989213.46584295,1,
2403756,Fernando Pedroza,2023,ok,ok,7102306.38,7102306.38,7102306.38,new_observed,2868450.7,2868450.7,2839390.4763038075,new_observed,2066540707.56,12269243.768614467,1,
2403756,Fernando Pedroza,2024,ok,ok,1394573.59,1394573.59,1394573.59,new_observed,2544628.66,2544628.66,2562612.0142876618,new_observed,2093798525.02,4243929.139284588,1,
2403756,Fernando Pedroza,2025,ok,ok,850558.2,850558.2,850558.2,new_observed,3033831.19,3033831.19,3071517.8760829796,new_observed,2345916858.21,3922076.0760829793,1,
2403806,Florânia,2019,ok,ok,267262.01,267262.01,267262.01,new_observed,2385449.2,2385449.2,2460109.5003633765,new_observed,1391116025.9,4749626.262572494,1,
2403806,Florânia,2020,ok,ok,271455.68,271455.68,271455.68,new_observed,2655009.63,2655009.63,2703516.7933282973,new_observed,1420520767.85,5071961.204827161,1,
2403806,Florânia,2021,ok,ok,308046.42,308046.42,308046.42,new_observed,3255932.53,3255932.53,3191831.3981550667,new_observed,1656946146.84,4751344.214268242,1,
2403806,Florânia,2022,ok,ok,366043.73,366043.73,366043.73,new_observed,3516961.17,3516961.17,3513468.381370571,new_observed,1770317627.56,4929615.350701288,1,
2403806,Florânia,2023,ok,ok,426646.85,426646.85,426646.85,new_observed,4055405.62,4055405.62,4014320.3768420825,new_observed,2066540707.56,5480685.064341315,1,
2403806,Florânia,2024,ok,ok,1628075.17,1628075.17,1628075.17,new_observed,6243232.22,6243232.22,6287354.2794098025,new_observed,2093798525.02,8488993.201103253,1,
2403806,Florânia,2025,ok,ok,1116635.45,1116635.45,1116635.45,new_observed,4390662.92,4390662.92,4445204.364397972,new_observed,2345916858.21,5561839.814397972,1,
2403905,Francisco Dantas,2019,ok,ok,8901.19,8901.19,8901.19,new_observed,1573130.17,1573130.17,1622366.3352484107,new_observed,1391116025.9,2840797.8340175636,1,
2403905,Francisco Dantas,2020,ok,ok,40159.62,40159.62,40159.62,new_observed,1609826.85,1609826.85,1639238.4698528547,new_observed,1420520767.85,2863166.646266494,1,
2403905,Francisco Dantas,2021,ok,ok,14448.1,14448.1,14448.1,new_observed,1932951.69,1932951.69,1894896.7272546336,new_observed,1656946146.84,2592077.486522518,1,
2403905,Francisco Dantas,2022,ok,ok,52260.72,52260.72,52260.72,new_observed,2063211.25,2063211.25,2061162.2194745622,new_observed,1770317627.56,2685482.5725179645,1,
2403905,Francisco Dantas,2023,ok,ok,47970.78,47970.78,47970.78,new_observed,2449412.71,2449412.71,2424597.7528257673,new_observed,2066540707.56,3051445.492889781,1,
2403905,Francisco Dantas,2024,ok,ok,154324.41,154324.41,154324.41,new_observed,2052095.17,2052095.17,2066597.7003904695,new_observed,2093798525.02,2381853.418792122,1,
2403905,Francisco Dantas,2025,ok,ok,44140.78,44140.78,44140.78,new_observed,2273176.19,2273176.19,2301413.9105977085,new_observed,2345916858.21,2345554.6905977083,2,
2404002,Frutuoso Gomes,2019,ok,partial,,,140851.64535986114,imputed_temporal,1585910.54,1585910.54,1635546.7080080397,new_observed,1391116025.9,3093538.3169792653,1,
2404002,Frutuoso Gomes,2020,ok,partial,,,142489.47447526324,imputed_temporal,1616788.96,1616788.96,1646327.7779628215,new_observed,1420520767.85,3049712.8253227593,1,
2404002,Frutuoso Gomes,2021,ok,ok,165847.3,165847.3,165847.3,new_observed,1933705.33,1933705.33,1895635.5299763551,new_observed,1656946146.84,2798616.1306010215,1,
2404002,Frutuoso Gomes,2022,ok,partial,,,201188.78489192997,imputed_temporal,2043822.11,2043822.11,2041792.3353504317,new_observed,1770317627.56,2850109.458164223,1,
2404002,Frutuoso Gomes,2023,ok,partial,,,226370.66459314644,imputed_temporal,2471986.3,2471986.3,2446942.6501816763,new_observed,2066540707.56,3299188.579468467,1,
2404002,Frutuoso Gomes,2024,ok,partial,,,260978.1040332816,imputed_temporal,2302934.48,2302934.48,2319209.7374888915,new_observed,2093798525.02,2767152.077375179,1,
2404002,Frutuoso Gomes,2025,ok,absent_dca,,,280555.5675909944,imputed_temporal,,,2611977.106770417,imputed_temporal,2345916858.21,2892532.6743614115,1,
2404101,Galinhos,2019,ok,ok,1004298.95,1004298.95,1004298.95,new_observed,6610348.93,6610348.93,6817241.047686063,new_observed,1391116025.9,13620950.297974404,1,
2404101,Galinhos,2020,ok,ok,454465.83,454465.83,454465.83,new_observed,6930470.81,6930470.81,7057090.870328242,new_observed,1420520767.85,12806277.87769117,1,
2404101,Galinhos,2021,ok,ok,393710.76,393710.76,393710.76,new_observed,7787267.03,7787267.03,7633955.305631519,new_observed,1656946146.84,10898153.220423616,1,
2404101,Galinhos,2022,ok,ok,447342.41,447342.41,447342.41,new_observed,8551525.7,8551525.7,8543032.950070314,new_observed,1770317627.56,11423882.980974121,1,
2404101,Galinhos,2023,ok,ok,565556.38,565556.38,565556.38,new_observed,10582310.9,10582310.9,10475101.69400714,new_observed,2066540707.56,13625493.437774923,1,
2404101,Galinhos,2024,ok,ok,684495.14,684495.14,684495.14,new_observed,10063350.61,10063350.61,10134470.141971549,new_observed,2093798525.02,11602923.544278024,1,
2404101,Galinhos,2025,ok,ok,567972.83,567972.83,567972.83,new_observed,12949744.77,12949744.77,13110608.356481124,new_observed,2345916858.21,13678581.186481124,1,
2404200,Goianinha,2019,ok,ok,2493209.83,2493209.83,2493209.83,new_observed,5166499.67,5166499.67,5328201.884069151,new_observed,1391116025.9,13620726.89634627,1,
2404200,Goianinha,2020,ok,ok,2991558.82,2991558.82,2991558.82,new_observed,6138920.71,6138920.71,6251079.109041075,new_observed,1420520767.85,15757557.902347427,1,
2404200,Goianinha,2021,ok,ok,2556774.11,2556774.11,2556774.11,new_observed,7022531.83,7022531.83,6884275.820524253,new_observed,1656946146.84,12816926.845652107,1,
2404200,Goianinha,2022,ok,ok,3345645.7,3345645.7,3345645.7,new_observed,8099749.19,8099749.19,8091705.111460443,new_observed,1770317627.56,14533203.792889422,1,
2404200,Goianinha,2023,ok,ok,3472268.23,3472268.23,3472268.23,new_observed,10759156.93,10759156.93,10650156.099981116,new_observed,2066540707.56,17428761.83138521,3,
2404200,Goianinha,2024,ok,ok,4556609.06,4556609.06,4556609.06,new_observed,11182790.59,11182790.59,11261821.408235263,new_observed,2093798525.02,16964657.389118183,1,
2404200,Goianinha,2025,ok,ok,5442440.72,5442440.72,5442440.72,new_observed,13612627.14,13612627.14,13781725.146336282,new_observed,2345916858.21,19224165.866336282,1,
2404309,Governador Dix-Sept Rosado,2019,ok,ok,1130280.43,1130280.43,1130280.43,new_observed,7669763.97,7669763.97,7909813.886685043,new_observed,1391116025.9,15743021.887377193,1,
2404309,Governador Dix-Sept Rosado,2020,ok,ok,734373.93,734373.93,734373.93,new_observed,8355111.46,8355111.46,8507759.778724309,new_observed,1420520767.85,15756698.268885856,1,
2404309,Governador Dix-Sept Rosado,2021,ok,ok,637509.65,637509.65,637509.65,new_observed,10864238.8,10864238.8,10650349.23155933,new_observed,1656946146.84,15324107.233162006,1,
2404309,Governador Dix-Sept Rosado,2022,ok,ok,1342236.58,1342236.58,1342236.58,new_observed,12514821.2,12514821.2,12502392.394825932,new_observed,1770317627.56,17592082.086567983,1,
2404309,Governador Dix-Sept Rosado,2023,ok,ok,1973522.36,1973522.36,1973522.36,new_observed,19109569.84,19109569.84,18915971.123351872,new_observed,2066540707.56,25780135.066944275,1,
2404309,Governador Dix-Sept Rosado,2024,ok,ok,3082414.99,3082414.99,3082414.99,new_observed,22381510.1,22381510.1,22539684.309049893,new_observed,2093798525.02,27478714.596318565,1,
2404309,Governador Dix-Sept Rosado,2025,ok,ok,3538852.56,3538852.56,3538852.56,new_observed,24085651.71,24085651.71,24384847.129339978,new_observed,2345916858.21,27923699.689339977,1,
2404408,Grossos,2019,ok,ok,39666.69,39666.69,39666.69,new_observed,5435793.48,5435793.48,5605924.109455485,new_observed,1391116025.9,9831607.5484923,5,
2404408,Grossos,2020,ok,ok,288689.71,288689.71,288689.71,new_observed,6406069.43,6406069.43,6523108.64997956,new_observed,1420520767.85,11613276.198911907,1,
2404408,Grossos,2021,ok,ok,282128.88,282128.88,282128.88,new_observed,6896506.7,6896506.7,6760731.808729092,new_observed,1656946146.84,9561206.740334153,1,
2404408,Grossos,2022,ok,ok,450099.56,450099.56,450099.56,new_observed,7665458.18,7665458.18,7657845.407530731,new_observed,1770317627.56,10302597.03467205,1,
2404408,Grossos,2023,ok,ok,515817.41,515817.41,515817.41,new_observed,10678286.05,10678286.05,10570104.521446997,new_observed,2066540707.56,13681354.455150973,1,
2404408,Grossos,2024,ok,ok,795812.03,795812.03,795812.03,new_observed,11110849.61,11110849.61,11189372.008224329,new_observed,2093798525.02,12853648.240405168,1,
2404408,Grossos,2025,ok,ok,1692354.91,1692354.91,1692354.91,new_observed,13435626.62,13435626.62,13602525.900495585,new_observed,2345916858.21,15294880.810495585,1,
2404507,Guamaré,2019,ok,ok,19381584.17,19381584.17,19381584.17,new_observed,130736551.88,130736551.88,134828372.5030646,new_observed,1391116025.9,268551481.66703874,1,
2404507,Guamaré,2020,ok,ok,15312371.28,15312371.28,15312371.28,new_observed,132778976.22,132778976.22,135204854.98642376,new_observed,1420520767.85,256613309.57708246,1,
2404507,Guamaré,2021,ok,ok,17451789.75,17451789.75,17451789.75,new_observed,215212659.96,215212659.96,210975663.3503698,new_observed,1656946146.84,310107242.0409806,1,
2404507,Guamaré,2022,ok,ok,18802786.6,18802786.6,18802786.6,new_observed,182419407.69,182419407.69,182238242.0750931,new_observed,1770317627.56,255458653.72421598,1,
2404507,Guamaré,2023,ok,ok,25577852.76,25577852.76,25577852.76,new_observed,159009499.42,159009499.42,157398576.97222534,new_observed,2066540707.56,225814813.38087022,1,
2404507,Guamaré,2024,ok,ok,29649394.94,29649394.94,29649394.94,new_observed,135816908.32,135816908.32,136776751.15246007,new_observed,2093798525.02,178485631.3475262,1,
2404507,Guamaré,2025,ok,ok,22193004.11,22193004.11,22193004.11,new_observed,108850517.29,108850517.29,110202674.02456051,new_observed,2345916858.21,132395678.13456051,1,
2404606,Ielmo Marinho,2019,ok,ok,444703.41,444703.41,444703.41,new_observed,2268627.74,2268627.74,2339631.73726856,new_observed,1391116025.9,4848826.530973207,1,
2404606,Ielmo Marinho,2020,ok,ok,410776.92,410776.92,410776.92,new_observed,2246744.44,2246744.44,2287792.577180589,new_observed,1420520767.85,4600728.215450442,1,
2404606,Ielmo Marinho,2021,ok,ok,358056.94,358056.94,358056.94,new_observed,2687115.83,2687115.83,2634213.2699763016,new_observed,1656946146.84,4062229.165814897,1,
2404606,Ielmo Marinho,2022,ok,ok,238975.11,238975.11,238975.11,new_observed,3481868.6,3481868.6,3478410.662744684,new_observed,1770317627.56,4723604.784243534,1,
2404606,Ielmo Marinho,2023,ok,ok,189676.22,189676.22,189676.22,new_observed,4742590.01,4742590.01,4694542.9138480835,new_observed,2066540707.56,6027710.967118818,1,
2404606,Ielmo Marinho,2024,ok,ok,1373019.15,1373019.15,1373019.15,new_observed,4573971.19,4573971.19,4606296.277626471,new_observed,2093798525.02,6412585.487216691,1,
2404606,Ielmo Marinho,2025,ok,ok,1743234.28,1743234.28,1743234.28,new_observed,5477863.06,5477863.06,5545909.860437756,new_observed,2345916858.21,7289144.140437757,1,
2404705,Ipanguaçu,2019,ok,ok,919252.03,919252.03,919252.03,new_observed,4382493.54,4382493.54,4519657.762167027,new_observed,1391116025.9,9471679.48718414,1,
2404705,Ipanguaçu,2020,ok,ok,798183.11,798183.11,798183.11,new_observed,3698399.42,3698399.42,3765969.3687836584,new_observed,1420520767.85,7781317.142544146,1,
2404705,Ipanguaçu,2021,ok,ok,1007701.97,1007701.97,1007701.97,new_observed,3910103.98,3910103.98,3833123.8557376033,new_observed,1656946146.84,6571780.780485401,4,
2404705,Ipanguaçu,2022,ok,ok,971313.76,971313.76,971313.76,new_observed,7592537.85,7592537.85,7584997.496669631,new_observed,1770317627.56,10872326.752797673,1,
2404705,Ipanguaçu,2023,ok,ok,884269.52,884269.52,884269.52,new_observed,9546407.71,9546407.71,9449693.221043415,new_observed,2066540707.56,12753346.81777652,1,
2404705,Ipanguaçu,2024,ok,ok,1144184.28,1144184.28,1144184.28,new_observed,5031254.15,5031254.15,5066810.939606669,new_observed,2093798525.02,6661053.140364628,1,
2404705,Ipanguaçu,2025,ok,ok,1496222.62,1496222.62,1496222.62,new_observed,5620072.25,5620072.25,5689885.593388238,new_observed,2345916858.21,7186108.213388238,1,
2404804,Ipueira,2019,ok,ok,64584.24,64584.24,64584.24,new_observed,1540225.23,1540225.23,1588431.5293833825,new_observed,1391116025.9,2878671.6737624607,1,
2404804,Ipueira,2020,ok,ok,111026.78,111026.78,111026.78,new_observed,1568721.57,1568721.57,1597382.1942601888,new_observed,1420520767.85,2912626.6266699783,1,
2404804,Ipueira,2021,ok,ok,121124.1,121124.1,121124.1,new_observed,1857894.9,1857894.9,1821317.6168893669,new_observed,1656946146.84,2637008.973633448,1,
2404804,Ipueira,2022,ok,ok,127976.2,127976.2,127976.2,new_observed,1975091.68,1975091.68,1973130.1633870704,new_observed,1770317627.56,2669832.1554536577,1,
2404804,Ipueira,2023,ok,ok,156446.14,156446.14,156446.14,new_observed,2343464.26,2343464.26,2319722.6647131667,new_observed,2066540707.56,3055888.6592886625,1,
2404804,Ipueira,2024,ok,ok,280959.28,280959.28,280959.28,new_observed,1898050.31,1898050.31,1911464.1773029554,new_observed,2093798525.02,2351289.7110556397,1,
2404804,Ipueira,2025,ok,ok,238469.28,238469.28,238469.28,new_observed,2196270.35,2196270.35,2223552.7352251997,new_observed,2345916858.21,2462022.0152251995,1,
2404853,Itajá,2019,ok,ok,738841.4,738841.4,738841.4,new_observed,2478459.29,2478459.29,2556030.6400961587,new_observed,1391116025.9,5737909.453843164,1,
2404853,Itajá,2020,ok,ok,475705.56,475705.56,475705.56,new_observed,2473418.49,2473418.49,2518607.9738037414,new_observed,1420520767.85,5104935.327872381,1,
2404853,Itajá,2021,ok,ok,321329.43,321329.43,321329.43,new_observed,2835534.19,2835534.19,2779709.645329842,new_observed,1656946146.84,4209890.983152993,1,
2404853,Itajá,2022,ok,ok,974198.16,974198.16,974198.16,new_observed,3058138.58,3058138.58,3055101.4604120576,new_observed,1770317627.56,5119947.22303906,1,
2404853,Itajá,2023,ok,ok,753612.32,753612.32,753612.32,new_observed,3616880.55,3616880.55,3580237.996629496,new_observed,2066540707.56,5348489.977110742,1,
2404853,Itajá,2024,ok,ok,1494699.66,1494699.66,1494699.66,new_observed,3559176.95,3559176.95,3584330.3018703396,new_observed,2093798525.02,5447064.002033632,1,
2404853,Itajá,2025,ok,ok,604398.62,604398.62,604398.62,new_observed,3874349.77,3874349.77,3922477.4984111697,new_observed,2345916858.21,4526876.118411169,3,
2404903,Itaú,2019,ok,ok,47746.69,47746.69,47746.69,new_observed,1773677.02,1773677.02,1829189.943545309,new_observed,1391116025.9,3268622.369192184,2,
2404903,Itaú,2020,ok,ok,67103.81,67103.81,67103.81,new_observed,1783991.91,1783991.91,1816585.5345115357,new_observed,1420520767.85,3211458.043045395,1,
2404903,Itaú,2021,ok,ok,320139.07,320139.07,320139.07,new_observed,2174586.55,2174586.55,2131774.403905017,new_observed,1656946146.84,3328654.742657872,1,
2404903,Itaú,2022,ok,ok,277794.85,277794.85,277794.85,new_observed,2302046.25,2302046.25,2299760.0260191937,new_observed,1770317627.56,3275245.3708954183,1,
2404903,Itaú,2023,ok,ok,336793.63,336793.63,336793.63,new_observed,2742071.93,2742071.93,2714292.0474045444,new_observed,2066540707.56,3765404.8877247917,1,
2404903,Itaú,2024,ok,ok,397379.12,397379.12,397379.12,new_observed,2332940.54,2332940.54,2349427.855781026,new_observed,2093798525.02,2945844.68109772,1,
2404903,Itaú,2025,ok,ok,279126.45,279126.45,279126.45,new_observed,2757224.35,2757224.35,2791474.9862520453,new_observed,2345916858.21,3070601.4362520454,1,
2405009,Jaçanã,2019,ok,ok,125952.11,125952.11,125952.11,new_observed,1784910.63,1784910.63,1840775.1454789226,new_observed,1391116025.9,3424989.7340517626,1,
2405009,Jaçanã,2020,ok,ok,117112.3,117112.3,117112.3,new_observed,1807965.82,1807965.82,1840997.4490878086,new_observed,1420520767.85,3338335.6556090205,1,
2405009,Jaçanã,2021,ok,ok,152948.95,152948.95,152948.95,new_observed,2125291.5,2125291.5,2083449.8495987195,new_observed,1656946146.84,3036077.5573791824,1,
2405009,Jaçanã,2022,ok,ok,307098.63,307098.63,307098.63,new_observed,2361750.24,2361750.24,2359404.7223826353,new_observed,1770317627.56,3388270.3497883966,1,
2405009,Jaçanã,2023,ok,ok,296023.15,296023.15,296023.15,new_observed,2854278.65,2854278.65,2825362.0030936166,new_observed,2066540707.56,3852162.854347774,1,
2405009,Jaçanã,2024,ok,ok,487272.76,487272.76,487272.76,new_observed,2365171.39,2365171.39,2381886.4870693744,new_observed,2093798525.02,3077062.779337958,1,
2405009,Jaçanã,2025,ok,ok,417037.62,417037.62,417037.62,new_observed,3336426.28,3336426.28,3377871.845682039,new_observed,2345916858.21,3794909.465682039,1,
2405108,Jandaíra,2019,ok,ok,975976.93,975976.93,975976.93,new_observed,7547008.3,7547008.3,7783216.183413696,new_observed,1391116025.9,15253841.837216718,1,
2405108,Jandaíra,2020,ok,ok,1636668.59,1636668.59,1636668.59,new_observed,6955785.02,6955785.02,7082867.572254871,new_observed,1420520767.85,14865733.896880945,2,
2405108,Jandaíra,2021,ok,ok,5433281.77,5433281.77,5433281.77,new_observed,7969062.21,7969062.21,7812171.395249707,new_observed,1656946146.84,17981686.942215934,1,
2405108,Jandaíra,2022,ok,ok,6039165.84,6039165.84,6039165.84,new_observed,7770360.8,7770360.8,7762643.84592035,new_observed,1770317627.56,17537672.506745715,2,
2405108,Jandaíra,2023,ok,ok,7707925.17,7707925.17,7707925.17,new_observed,8391357.45,8391357.45,8306344.75495465,new_observed,2066540707.56,19763525.716545504,1,
2405108,Jandaíra,2024,ok,ok,4676702.31,4676702.31,4676702.31,new_observed,10406322.32,10406322.32,10479865.695524257,new_observed,2093798525.02,16254835.391217852,1,
2405108,Jandaíra,2025,ok,ok,3597548.5,3597548.5,3597548.5,new_observed,13731901.58,13731901.58,13902481.2305335,new_observed,2345916858.21,17500029.7305335,1,
2405207,Janduís,2019,ok,ok,327050.57,327050.57,327050.57,new_observed,1987660.15,1987660.15,2049870.3634136051,new_observed,1391116025.9,4139328.304377372,1,
2405207,Janduís,2020,ok,ok,458572.36,458572.36,458572.36,new_observed,2043477.97,2043477.97,2080812.4182553035,new_observed,1420520767.85,4329337.899731958,1,
2405207,Janduís,2021,ok,ok,164872.07,164872.07,164872.07,new_observed,2471298.24,2471298.24,2422644.5861386927,new_observed,1656946146.84,3512746.1392203877,1,
2405207,Janduís,2022,ok,ok,160097.76,160097.76,160097.76,new_observed,2597581.09,2597581.09,2595001.3624293455,new_observed,1770317627.56,3500847.1521005747,1,
2405207,Janduís,2023,ok,ok,168809.15,168809.15,168809.15,new_observed,3007714.82,3007714.82,2977243.7139483755,new_observed,2066540707.56,3882605.7618378396,1,
2405207,Janduís,2024,ok,ok,146955.3,146955.3,146955.3,new_observed,3619456.26,3619456.26,3645035.6167350113,new_observed,2093798525.02,4066764.199788174,1,
2405207,Janduís,2025,ok,ok,250603.44,250603.44,250603.44,new_observed,3746577.84,3746577.84,3793118.367174661,new_observed,2345916858.21,4043721.8071746607,1,
2405306,Boa Saúde,2019,ok,ok,290259.75,290259.75,290259.75,new_observed,1997138.53,1997138.53,2059645.3997824595,new_observed,1391116025.9,4092281.220783919,1,
2405306,Boa Saúde,2020,ok,ok,398302.18,398302.18,398302.18,new_observed,2075296.43,2075296.43,2113212.203166006,new_observed,1420520767.85,4281822.312974958,1,
2405306,Boa Saúde,2021,ok,ok,242505.38,242505.38,242505.38,new_observed,2411999.77,2411999.77,2364513.554041244,new_observed,1656946146.84,3539221.9306884985,1,
2405306,Boa Saúde,2022,ok,ok,485994.26,485994.26,485994.26,new_observed,2604566.15,2604566.15,2601979.485378589,new_observed,1770317627.56,3923824.0120876865,1,
2405306,Boa Saúde,2023,ok,ok,507484.85,507484.85,507484.85,new_observed,3069390.33,3069390.33,3038294.3904390614,new_observed,2066540707.56,4375915.950711629,1,
2405306,Boa Saúde,2024,ok,ok,694800.78,694800.78,694800.78,new_observed,3143109.82,3143109.82,3165322.7496689167,new_observed,2093798525.02,4139833.8028546823,1,
2405306,Boa Saúde,2025,ok,ok,390789.93,390789.93,390789.93,new_observed,3350138.17,3350138.17,3391754.0667458563,new_observed,2345916858.21,3782543.9967458565,1,
2405405,Japi,2019,ok,ok,62251.62,62251.62,62251.62,new_observed,1737370.29,1737370.29,1791746.8777277146,new_observed,1391116025.9,3228676.3728804514,1,
2405405,Japi,2020,ok,ok,53536.18,53536.18,53536.18,new_observed,1750157.33,1750157.33,1782132.794984105,new_observed,1420520767.85,3129589.234688957,1,
2405405,Japi,2021,ok,ok,70894.83,70894.83,70894.83,new_observed,2101461.72,2101461.72,2060089.2181008896,new_observed,1656946146.84,2892969.1988446084,1,
2405405,Japi,2022,ok,ok,58354.84,58354.84,58354.84,new_observed,2185263.0,2185263.0,2183092.7566024275,new_observed,1770317627.56,2848160.841570418,1,
2405405,Japi,2023,ok,ok,25069.71,25069.71,25069.71,new_observed,2578712.37,2578712.37,2552587.480239705,new_observed,2066540707.56,3181137.4734202945,1,
2405405,Japi,2024,ok,ok,112362.5,112362.5,112362.5,new_observed,2514968.35,2514968.35,2532742.0894737616,new_observed,2093798525.02,2836772.789115571,1,
2405405,Japi,2025,ok,ok,39524.5,39524.5,39524.5,new_observed,2606815.03,2606815.03,2639197.2601108337,new_observed,2345916858.21,2678721.7601108337,1,
2405504,Jardim de Angicos,2019,ok,ok,657926.27,657926.27,657926.27,new_observed,1975170.62,1975170.62,2036989.9334266353,new_observed,1391116025.9,4693106.431078743,1,
2405504,Jardim de Angicos,2020,ok,ok,171067.35,171067.35,171067.35,new_observed,3551979.51,3551979.51,3616874.3594512,new_observed,1420520767.85,6457973.500167921,1,
2405504,Jardim de Angicos,2021,ok,ok,252421.45,252421.45,252421.45,new_observed,3730990.14,3730990.14,3657536.317270975,new_observed,1656946146.84,5308058.218257784,1,
2405504,Jardim de Angicos,2022,ok,ok,282012.08,282012.08,282012.08,new_observed,3491671.79,3491671.79,3488204.116933308,new_observed,1770317627.56,4790735.305450309,1,
2405504,Jardim de Angicos,2023,ok,ok,339408.8,339408.8,339408.8,new_observed,4098548.43,4098548.43,4057026.107791192,new_observed,2066540707.56,5425726.852889651,1,
2405504,Jardim de Angicos,2024,ok,ok,884599.52,884599.52,884599.52,new_observed,4093312.07,4093312.07,4122240.252065187,new_observed,2093798525.02,5369642.804060857,1,
2405504,Jardim de Angicos,2025,ok,ok,434595.32,434595.32,434595.32,new_observed,3950230.82,3950230.82,3999301.153695347,new_observed,2345916858.21,4433896.473695347,1,
2405603,Jardim de Piranhas,2019,ok,ok,298847.39,298847.39,298847.39,new_observed,3072028.84,3072028.84,3168177.8570988984,new_observed,1391116025.9,6037708.505809265,1,
2405603,Jardim de Piranhas,2020,ok,ok,340834.91,340834.91,340834.91,new_observed,3260137.91,3260137.91,3319700.798317337,new_observed,1420520767.85,6240761.979454194,1,
2405603,Jardim de Piranhas,2021,ok,ok,347548.27,347548.27,347548.27,new_observed,4018673.34,4018673.34,3939555.7577910535,new_observed,1656946146.84,5820062.292674184,4,
2405603,Jardim de Piranhas,2022,ok,ok,501987.57,501987.57,501987.57,new_observed,4433756.1,4433756.1,4429352.817693719,new_observed,1770317627.56,6266151.664653521,1,
2405603,Jardim de Piranhas,2023,ok,ok,1087768.81,1087768.81,1087768.81,new_observed,5157598.22,5157598.22,5105346.682956575,new_observed,2066540707.56,7643045.726352728,1,
2405603,Jardim de Piranhas,2024,ok,ok,1929204.44,1929204.44,1929204.44,new_observed,4570821.62,4570821.62,4603124.449041532,new_observed,2093798525.02,7005671.12383001,1,
2405603,Jardim de Piranhas,2025,ok,ok,1747951.82,1747951.82,1747951.82,new_observed,6230466.81,6230466.81,6307862.562141006,new_observed,2345916858.21,8055814.382141006,1,
2405702,Jardim do Seridó,2019,ok,ok,497845.36,497845.36,497845.36,new_observed,3107114.19,3107114.19,3204361.3159034606,new_observed,1391116025.9,6447269.097930669,1,
2405702,Jardim do Seridó,2020,ok,ok,538788.26,538788.26,538788.26,new_observed,3117055.53,3117055.53,3174004.2958306847,new_observed,1420520767.85,6329853.4603504,1,
2405702,Jardim do Seridó,2021,ok,ok,662666.96,662666.96,662666.96,new_observed,3713661.57,3713661.57,3640548.903280818,new_observed,1656946146.84,5841935.306622965,1,
2405702,Jardim do Seridó,2022,ok,ok,937062.2,937062.2,937062.2,new_observed,4093467.02,4093467.02,4089401.68792174,new_observed,1770317627.56,6387023.117938101,1,
2405702,Jardim do Seridó,2023,ok,ok,711129.51,711129.51,711129.51,new_observed,5080713.48,5080713.48,5029240.860908076,new_observed,2066540707.56,7084304.060040307,1,
2405702,Jardim do Seridó,2024,ok,ok,1200743.33,1200743.33,1200743.33,new_observed,5307016.12,5307016.12,5344521.769683397,new_observed,2093798525.02,7019544.711471553,3,
2405702,Jardim do Seridó,2025,ok,ok,1594218.66,1594218.66,1594218.66,new_observed,5953045.46,5953045.46,6026995.044350052,new_observed,2345916858.21,7621213.704350052,6,
2405801,João Câmara,2019,ok,ok,12428834.64,12428834.64,12428834.64,new_observed,17120796.09,17120796.09,17656646.43572923,new_observed,1391116025.9,52392859.020652086,1,
2405801,João Câmara,2020,ok,ok,16403304.93,16403304.93,16403304.93,new_observed,17000311.16,17000311.16,17310907.72460455,new_observed,1420520767.85,57478575.068676665,1,
2405801,João Câmara,2021,ok,ok,14792259.97,14792259.97,14792259.97,new_observed,18152345.42,18152345.42,17794971.341655023,new_observed,1656946146.84,44239588.06461195,1,
2405801,João Câmara,2022,ok,ok,14749188.39,14749188.39,14749188.39,new_observed,23490126.74,23490126.74,23466798.064016547,new_observed,1770317627.56,48560259.14025493,1,
2405801,João Câmara,2023,ok,ok,15906587.87,15906587.87,15906587.87,new_observed,30802984.48,30802984.48,30490919.984870568,new_observed,2066540707.56,57260077.66638498,1,
2405801,João Câmara,2024,ok,ok,15257217.18,15257217.18,15257217.18,new_observed,25098974.65,25098974.65,25276353.676057182,new_observed,2093798525.02,43470693.48703028,1,
2405801,João Câmara,2025,ok,ok,13347730.91,13347730.91,13347730.91,new_observed,26914106.88,26914106.88,27248437.775052313,new_observed,2345916858.21,40596168.68505231,5,
2405900,João Dias,2019,ok,ok,499270.55,499270.55,499270.55,new_observed,1456967.01,1456967.01,1502567.4757680953,new_observed,1391116025.9,3486133.9661561693,1,
2405900,João Dias,2020,ok,ok,783472.91,783472.91,783472.91,new_observed,1483849.33,1483849.33,1510959.3340435238,new_observed,1420520767.85,3911724.035508099,1,
2405900,João Dias,2021,ok,ok,79547.95,79547.95,79547.95,new_observed,1764551.25,1764551.25,1729811.6688565935,new_observed,1656946146.84,2456340.13621557,1,
2405900,João Dias,2022,ok,ok,215625.72,215625.72,215625.72,new_observed,1873381.19,1873381.19,1871520.6848073828,new_observed,1770317627.56,2652093.5264369096,1,
2405900,João Dias,2023,ok,ok,137762.62,137762.62,137762.62,new_observed,2211418.87,2211418.87,2189015.0242416672,new_observed,2066540707.56,2871522.087747224,1,
2405900,João Dias,2024,ok,ok,175399.0,175399.0,175399.0,new_observed,1886790.66,1886790.66,1900124.9533052682,new_observed,2093798525.02,2225919.4957070965,1,
2405900,João Dias,2025,ok,ok,114144.51,114144.51,114144.51,new_observed,2143986.87,2143986.87,2170619.7823393713,new_observed,2345916858.21,2284764.292339371,1,
2406007,José da Penha,2019,ok,ok,198159.49,198159.49,198159.49,new_observed,1715174.94,1715174.94,1768856.8529060204,new_observed,1391116025.9,3425493.170136911,1,
2406007,José da Penha,2020,ok,ok,171445.88,171445.88,171445.88,new_observed,1767929.38,1767929.38,1800229.5412572513,new_observed,1420520767.85,3361463.4537912477,1,
2406007,José da Penha,2021,ok,ok,94001.87,94001.87,94001.87,new_observed,2109480.48,2109480.48,2067950.108861507,new_observed,1656946146.84,2935010.4660808695,1,
2406007,José da Penha,2022,ok,ok,92378.49,92378.49,92378.49,new_observed,2246511.22,2246511.22,2244280.1493495675,new_observed,1770317627.56,2969143.5333132627,1,
2406007,José da Penha,2023,ok,ok,448941.39,448941.39,448941.39,new_observed,2642961.51,2642961.51,2616185.7133300314,new_observed,2066540707.56,3782733.6878309334,1,
2406007,José da Penha,2024,ok,ok,325286.07,325286.07,325286.07,new_observed,7988999.93,7988999.93,8045459.647837689,new_observed,2093798525.02,8977302.361299764,1,
2406007,José da Penha,2025,ok,ok,1070998.37,1070998.37,1070998.37,new_observed,3283063.1,3283063.1,3323845.7806079853,new_observed,2345916858.21,4394844.150607985,1,
2406106,Jucurutu,2019,ok,ok,3029072.21,3029072.21,3029072.21,new_observed,4548715.0,4548715.0,4691081.657050334,new_observed,1391116025.9,13444389.742546475,1,
2406106,Jucurutu,2020,ok,ok,4318869.39,4318869.39,4318869.39,new_observed,4592390.88,4592390.88,4676294.099019037,new_observed,1420520767.85,15335644.49970883,1,
2406106,Jucurutu,2021,ok,ok,2566162.43,2566162.43,2566162.43,new_observed,5536661.27,5536661.27,5427658.318993209,new_observed,1656946146.84,10852205.688039677,1,
2406106,Jucurutu,2022,ok,ok,2520480.54,2520480.54,2520480.54,new_observed,6895726.91,6895726.91,6888878.578335624,new_observed,1770317627.56,11956276.928240212,1,
2406106,Jucurutu,2023,ok,ok,2515512.32,2515512.32,2515512.32,new_observed,8726506.68,8726506.68,8638098.59398788,new_observed,2066540707.56,13764890.760798534,1,
2406106,Jucurutu,2024,ok,ok,2961830.37,2961830.37,2961830.37,new_observed,8320110.82,8320110.82,8378910.558814806,new_observed,2093798525.02,12162507.8279689,1,
2406106,Jucurutu,2025,ok,ok,4047310.99,4047310.99,4047310.99,new_observed,9850279.4,9850279.4,9972640.983202474,new_observed,2345916858.21,14019951.973202474,1,
2406155,Jundiá,2019,ok,ok,42052.36,42052.36,42052.36,new_observed,1481181.39,1481181.39,1527539.7226234921,new_observed,1391116025.9,2733392.1135522695,1,
2406155,Jundiá,2020,ok,ok,59229.37,59229.37,59229.37,new_observed,1529933.64,1529933.64,1557885.6067719383,new_observed,1420520767.85,2756981.6189782056,1,
2406155,Jundiá,2021,ok,ok,43041.22,43041.22,43041.22,new_observed,1810725.03,1810725.03,1775076.4031278235,new_observed,1656946146.84,2468229.7778215674,1,
2406155,Jundiá,2022,ok,ok,44263.1,44263.1,44263.1,new_observed,1854706.74,1854706.74,1852864.780905411,new_observed,1770317627.56,2410640.940272968,1,
2406155,Jundiá,2023,ok,ok,194838.04,194838.04,194838.04,new_observed,2163964.73,2163964.73,2142041.6413011174,new_observed,2066540707.56,2883989.2105164505,1,
2406155,Jundiá,2024,ok,ok,350536.71,350536.71,350536.71,new_observed,4533201.94,4533201.94,4565238.903909908,new_observed,2093798525.02,5271980.0020126365,1,
2406155,Jundiá,2025,ok,ok,482697.16,482697.16,482697.16,new_observed,4514103.59,4514103.59,4570178.432101673,new_observed,2345916858.21,5052875.592101674,1,
2406205,Lagoa d'Anta,2019,ok,ok,87422.68,87422.68,87422.68,new_observed,1706545.37,1706545.37,1759957.1927744818,new_observed,1391116025.9,3217150.2588983467,1,
2406205,Lagoa d'Anta,2020,ok,ok,77395.32,77395.32,77395.32,new_observed,1744017.0,1744017.0,1775880.2808372627,new_observed,1420520767.85,3159606.3605870055,1,
2406205,Lagoa d'Anta,2021,ok,ok,105864.54,105864.54,105864.54,new_observed,2119164.57,2119164.57,2077443.5434581256,new_observed,1656946146.84,2964002.9650441445,1,
2406205,Lagoa d'Anta,2022,ok,ok,262667.75,262667.75,262667.75,new_observed,2264313.41,2264313.41,2262064.65951638,new_observed,1770317627.56,3208124.9613544927,1,
2406205,Lagoa d'Anta,2023,ok,ok,329167.46,329167.46,329167.46,new_observed,2713729.68,2713729.68,2686236.932241847,new_observed,2066540707.56,3721369.9114057347,1,
2406205,Lagoa d'Anta,2024,ok,ok,705068.67,705068.67,705068.67,new_observed,3176943.35,3176943.35,3199395.3873887802,new_observed,2093798525.02,4187387.310943282,1,
2406205,Lagoa d'Anta,2025,ok,ok,397144.48,397144.48,397144.48,new_observed,2894568.84,2894568.84,2930525.589201545,new_observed,2345916858.21,3327670.069201545,1,
2406304,Lagoa de Pedras,2019,ok,ok,144555.36,144555.36,144555.36,new_observed,1711030.9,1711030.9,1764583.111853859,new_observed,1391116025.9,3324700.7935477365,1,
2406304,Lagoa de Pedras,2020,ok,ok,65149.25,65149.25,65149.25,new_observed,1739934.12,1739934.12,1771722.806408387,new_observed,1420520767.85,3131640.34015797,1,
2406304,Lagoa de Pedras,2021,ok,ok,81470.18,81470.18,81470.18,new_observed,2059890.56,2059890.56,2019336.4898047268,new_observed,1656946146.84,2852001.165324844,1,
2406304,Lagoa de Pedras,2022,ok,ok,57895.64,57895.64,57895.64,new_observed,2235582.8,2235582.8,2233362.5826570867,new_observed,1770317627.56,2911454.1680965577,1,
2406304,Lagoa de Pedras,2023,ok,ok,235976.52,235976.52,235976.52,new_observed,2688497.95,2688497.95,2661260.824455623,new_observed,2066540707.56,3575537.6319003105,1,
2406304,Lagoa de Pedras,2024,ok,ok,252693.43,252693.43,252693.43,new_observed,2496444.27,2496444.27,2514087.096425925,new_observed,2093798525.02,2967265.54483103,1,
2406304,Lagoa de Pedras,2025,ok,ok,912440.16,912440.16,912440.16,new_observed,2795866.88,2795866.88,2830597.539300909,new_observed,2345916858.21,3743037.699300909,1,
2406403,Lagoa de Velhos,2019,ok,partial,,,162105.05404677053,imputed_temporal,1541565.04,1541565.04,1589813.27304394,new_observed,1391116025.9,3050907.170003943,1,
2406403,Lagoa de Velhos,2020,ok,ok,163922.7,163922.7,163922.7,new_observed,1581339.2,1581339.2,1610230.3490132105,new_observed,1420520767.85,3024712.166816684,3,
2406403,Lagoa de Velhos,2021,ok,ok,56910.05,56910.05,56910.05,new_observed,1887450.23,1887450.23,1850291.0766916298,new_observed,1656946146.84,2589167.253709728,1,
2406403,Lagoa de Velhos,2022,ok,ok,254281.68,254281.68,254281.68,new_observed,1964584.75,1964584.75,1962633.668101547,new_observed,1770317627.56,2816988.223641811,5,
2406403,Lagoa de Velhos,2023,ok,ok,220812.65,220812.65,220812.65,new_observed,2317242.1,2317242.1,2293766.160955889,new_observed,2066540707.56,3103291.2040008507,1,
2406403,Lagoa de Velhos,2024,ok,ok,335851.44,335851.44,335851.44,new_observed,3106324.25,3106324.25,3128277.2093446082,new_observed,2093798525.02,3715144.5464814347,1,
2406403,Lagoa de Velhos,2025,ok,ok,307667.52,307667.52,307667.52,new_observed,2251693.37,2251693.37,2279664.2279271074,new_observed,2345916858.21,2587331.7479271074,1,
2406502,Lagoa Nova,2019,ok,ok,1645099.18,1645099.18,1645099.18,new_observed,8243486.89,8243486.89,8501493.30960808,new_observed,1391116025.9,17669951.44634422,1,
2406502,Lagoa Nova,2020,ok,ok,1770218.32,1770218.32,1770218.32,new_observed,11229724.4,11229724.4,11434892.04589007,new_observed,1420520767.85,22513084.770268545,1,
2406502,Lagoa Nova,2021,ok,ok,2103746.97,2103746.97,2103746.97,new_observed,10226557.29,10226557.29,10025222.068484813,new_observed,1656946146.84,16465976.774132673,1,
2406502,Lagoa Nova,2022,ok,ok,3343016.64,3343016.64,3343016.64,new_observed,7575410.14,7575410.14,7567886.796658608,new_observed,1770317627.56,13864258.063205212,1,
2406502,Lagoa Nova,2023,ok,ok,3835565.44,3835565.44,3835565.44,new_observed,9355229.64,9355229.64,9260451.972715128,new_observed,2066540707.56,16162052.85245035,1,
2406502,Lagoa Nova,2024,ok,ok,3419192.93,3419192.93,3419192.93,new_observed,8800327.45,8800327.45,8862520.967218652,new_observed,2093798525.02,13171665.092556458,1,
2406502,Lagoa Nova,2025,ok,ok,2786834.37,2786834.37,2786834.37,new_observed,9473505.46,9473505.46,9591186.703291727,new_observed,2345916858.21,12378021.073291726,1,
2406601,Lagoa Salgada,2019,ok,ok,78141.71,78141.71,78141.71,new_observed,1823430.75,1823430.75,1880500.8764511591,new_observed,1391116025.9,3410910.553348817,1,
2406601,Lagoa Salgada,2020,ok,ok,66890.54,66890.54,66890.54,new_observed,1844797.36,1844797.36,1878501.903229522,new_observed,1420520767.85,3316654.2173700347,1,
2406601,Lagoa Salgada,2021,ok,ok,81570.2,81570.2,81570.2,new_observed,2214520.69,2214520.69,2170922.341012399,new_observed,1656946146.84,3057926.007275107,1,
2406601,Lagoa Salgada,2022,ok,ok,96432.13,96432.13,96432.13,new_observed,2401483.64,2401483.64,2399098.662075564,new_observed,1770317627.56,3171019.0734312045,1,
2406601,Lagoa Salgada,2023,ok,ok,74970.16,74970.16,74970.16,new_observed,2836206.79,2836206.79,2807473.228790089,new_observed,2066540707.56,3557280.12003025,1,
2406601,Lagoa Salgada,2024,ok,ok,73208.43,73208.43,73208.43,new_observed,2770156.79,2770156.79,2789733.992666161,new_observed,2093798525.02,3070395.4746227013,1,
2406601,Lagoa Salgada,2025,ok,ok,169304.88,169304.88,169304.88,new_observed,3952779.76,3952779.76,4001881.7569935364,new_observed,2345916858.21,4171186.6369935363,4,
2406700,Lajes,2019,ok,ok,509928.5,509928.5,509928.5,new_observed,2889368.26,2889368.26,2979800.327114238,new_observed,1391116025.9,6077246.031036587,1,
2406700,Lajes,2020,ok,ok,1010218.44,1010218.44,1010218.44,new_observed,3099925.61,3099925.61,3156561.4113058667,new_observed,1420520767.85,7103845.815163166,1,
2406700,Lajes,2021,ok,ok,6276311.6,6276311.6,6276311.6,new_observed,3608492.32,3608492.32,3537450.1716033467,new_observed,1656946146.84,13322910.866155406,1,
2406700,Lajes,2022,ok,ok,24633823.34,24633823.34,24633823.34,new_observed,3805914.43,3805914.43,3802134.674124651,new_observed,1770317627.56,36132980.41459223,1,
2406700,Lajes,2023,ok,ok,22075204.72,22075204.72,22075204.72,new_observed,4467269.73,4467269.73,4422011.898772491,new_observed,2066540707.56,32700736.562829606,1,
2406700,Lajes,2024,ok,ok,12510687.07,12510687.07,12510687.07,new_observed,4895043.42,4895043.42,4929637.583564655,new_observed,2093798525.02,18704076.431403592,1,
2406700,Lajes,2025,ok,ok,9414288.65,9414288.65,9414288.65,new_observed,34513785.07,34513785.07,34942520.25729581,new_observed,2345916858.21,44356808.90729581,1,
2406809,Lajes Pintadas,2019,ok,ok,114175.27,114175.27,114175.27,new_observed,1648482.99,1648482.99,1700077.5639600395,new_observed,1391116025.9,3159460.6288070763,1,
2406809,Lajes Pintadas,2020,ok,ok,181186.35,181186.35,181186.35,new_observed,1659626.98,1659626.98,1689948.4508049511,new_observed,1420520767.85,3190054.094203857,1,
2406809,Lajes Pintadas,2021,ok,ok,194049.14,194049.14,194049.14,new_observed,1968008.83,1968008.83,1929263.6802398413,new_observed,1656946146.84,2882554.9369738502,1,
2406809,Lajes Pintadas,2022,ok,ok,292396.8,292396.8,292396.8,new_observed,2093332.08,2093332.08,2091253.1356690219,new_observed,1770317627.56,3028854.3961835676,1,
2406809,Lajes Pintadas,2023,ok,ok,394389.3,394389.3,394389.3,new_observed,2482672.37,2482672.37,2457520.4597940627,new_observed,2066540707.56,3519597.967505639,1,
2406809,Lajes Pintadas,2024,ok,ok,714571.06,714571.06,714571.06,new_observed,2674266.84,2674266.84,2693166.370921524,new_observed,2093798525.02,3654667.136777381,1,
2406809,Lajes Pintadas,2025,ok,ok,1158828.74,1158828.74,1158828.74,new_observed,3183286.31,3183286.31,3222829.5490149627,new_observed,2345916858.21,4381658.2890149625,1,
2406908,Lucrécia,2019,ok,ok,328201.43,328201.43,328201.43,new_observed,1537300.28,1537300.28,1585415.0336713432,new_observed,1391116025.9,3332499.066521951,1,
2406908,Lucrécia,2020,ok,ok,222413.48,222413.48,222413.48,new_observed,1563117.01,1563117.01,1591675.2386589712,new_observed,1420520767.85,3092797.5588490623,1,
2406908,Lucrécia,2021,ok,ok,184348.55,184348.55,184348.55,new_observed,1852853.95,1852853.95,1816375.9105308112,new_observed,1656946146.84,2716132.129120754,1,
2406908,Lucrécia,2022,ok,ok,428737.61,428737.61,428737.61,new_observed,1988904.18,1988904.18,1986928.9458222152,new_observed,1770317627.56,3069537.2495047795,1,
2406908,Lucrécia,2023,ok,ok,447789.08,447789.08,447789.08,new_observed,2359109.6,2359109.6,2335209.5020482256,new_observed,2066540707.56,3434553.3266996895,1,
2406908,Lucrécia,2024,ok,ok,323214.45,323214.45,323214.45,new_observed,1920206.52,1920206.52,1933776.9692751563,new_observed,2093798525.02,2420536.363267539,1,
2406908,Lucrécia,2025,ok,ok,277623.55,277623.55,277623.55,new_observed,2540894.05,2540894.05,2572457.400244435,new_observed,2345916858.21,2850080.9502444346,1,
2407005,Luís Gomes,2019,ok,ok,265653.67,265653.67,265653.67,new_observed,1495587.49,1495587.49,1542396.7078291236,new_observed,1391116025.9,3148659.2589093875,1,
2407005,Luís Gomes,2020,ok,ok,244238.58,244238.58,244238.58,new_observed,1894252.62,1894252.62,1928860.7133888726,new_observed,1420520767.85,3704866.31695613,1,
2407005,Luís Gomes,2021,ok,ok,221149.17,221149.17,221149.17,new_observed,2312227.94,2312227.94,2266705.9807235654,new_observed,1656946146.84,3377448.2397671314,6,
2407005,Luís Gomes,2022,ok,ok,416865.57,416865.57,416865.57,new_observed,2510841.86,2510841.86,2508348.2754891133,new_observed,1770317627.56,3717008.392509607,1,
2407005,Luís Gomes,2023,ok,ok,839181.86,839181.86,839181.86,new_observed,2924833.73,2924833.73,2895202.2908164817,new_observed,2066540707.56,4608676.9828397585,1,
2407005,Luís Gomes,2024,ok,ok,1323014.42,1323014.42,1323014.42,new_observed,2963110.82,2963110.82,2984051.6639460335,new_observed,2093798525.02,4619162.477159911,1,
2407005,Luís Gomes,2025,ok,ok,1499293.78,1499293.78,1499293.78,new_observed,3056144.78,3056144.78,3094108.6486976505,new_observed,2345916858.21,4593402.42869765,1,
2407104,Macaíba,2019,ok,ok,8186076.43,8186076.43,8186076.43,new_observed,42591113.53,42591113.53,43924139.33032326,new_observed,1391116025.9,90748197.80990331,1,
2407104,Macaíba,2020,ok,ok,9667326.1,9667326.1,9667326.1,new_observed,40299250.72,40299250.72,41035520.11601083,new_observed,1420520767.85,86442100.31772816,1,
2407104,Macaíba,2021,ok,ok,6391980.59,6391980.59,6391980.59,new_observed,46683353.67,46683353.67,45764275.71583726,new_observed,1656946146.84,70805993.6695915,1,
2407104,Macaíba,2022,ok,ok,12617653.63,12617653.63,12617653.63,new_observed,45332087.53,45332087.53,45287067.01591993,new_observed,1770317627.56,73578324.17575632,1,
2407104,Macaíba,2023,ok,ok,14251043.0,14251043.0,14251043.0,new_observed,50245442.47,50245442.47,49736406.774217464,new_observed,2066540707.56,78968171.20450103,1,
2407104,Macaíba,2024,ok,ok,14501827.03,14501827.03,14501827.03,new_observed,47388618.92,47388618.92,47723522.92255154,new_observed,2093798525.02,66734291.05263102,1,
2407104,Macaíba,2025,ok,ok,18806253.81,18806253.81,18806253.81,new_observed,52981046.46,52981046.46,53639184.6164232,new_observed,2345916858.21,72445438.42642319,1,
2407203,Macau,2019,ok,ok,2435920.21,2435920.21,2435920.21,new_observed,24004935.87,24004935.87,24756247.498123452,new_observed,1391116025.9,47354250.56396935,1,
2407203,Macau,2020,ok,ok,4529221.52,4529221.52,4529221.52,new_observed,24746613.12,24746613.12,25198735.022259932,new_observed,1420520767.85,50682499.96694717,1,
2407203,Macau,2021,ok,ok,6359025.36,6359025.36,6359025.36,new_observed,32583965.81,32583965.81,31942469.38181154,new_observed,1656946146.84,51997125.29829484,1,
2407203,Macau,2022,ok,ok,6745071.58,6745071.58,6745071.58,new_observed,36247043.43,36247043.43,36211045.517306894,new_observed,1770317627.56,54583444.559629336,1,
2407203,Macau,2023,ok,ok,12214844.8,12214844.8,12214844.8,new_observed,49837534.96,49837534.96,49332631.7680419,new_observed,2066540707.56,75956952.24579042,1,
2407203,Macau,2024,ok,ok,10407030.77,10407030.77,10407030.77,new_observed,61883608.22,61883608.22,62320950.95244377,new_observed,2093798525.02,77997959.0896134,1,
2407203,Macau,2025,ok,ok,9278857.82,9278857.82,9278857.82,new_observed,65677765.08,65677765.08,66493623.69578596,new_observed,2345916858.21,75772481.51578596,1,
2407252,Major Sales,2019,ok,ok,42162.44,42162.44,42162.44,new_observed,1492930.26,1492930.26,1539656.3112750277,new_observed,1391116025.9,2754684.4480620506,1,
2407252,Major Sales,2020,ok,ok,190187.23,190187.23,190187.23,new_observed,1519239.55,1519239.55,1546996.1351942539,new_observed,1420520767.85,2961683.4148650076,1,
2407252,Major Sales,2021,ok,ok,165328.31,165328.31,165328.31,new_observed,1809286.08,1809286.08,1773665.782438342,new_observed,1656946146.84,2632328.56724801,1,
2407252,Major Sales,2022,ok,ok,130649.66,130649.66,130649.66,new_observed,1909647.66,1909647.66,1907751.137601641,new_observed,1770317627.56,2590153.49721097,1,
2407252,Major Sales,2023,ok,ok,359670.66,359670.66,359670.66,new_observed,2321104.63,2321104.63,2297589.5597322523,new_observed,2066540707.56,3279377.138910093,1,
2407252,Major Sales,2024,ok,ok,351389.87,351389.87,351389.87,new_observed,1956179.86,1956179.86,1970004.5394220927,new_observed,2093798525.02,2489606.089551162,1,
2407252,Major Sales,2025,ok,ok,2505515.32,2505515.32,2505515.32,new_observed,2246352.98,2246352.98,2274257.498836734,new_observed,2345916858.21,4779772.818836734,1,
2407302,Marcelino Vieira,2019,ok,ok,130893.53,130893.53,130893.53,new_observed,2136023.18,2136023.18,2202876.891326963,new_observed,1391116025.9,4064183.130838889,1,
2407302,Marcelino Vieira,2020,ok,ok,125504.45,125504.45,125504.45,new_observed,2208234.53,2208234.53,2248579.0891321246,new_observed,1420520767.85,4047519.6713418835,1,
2407302,Marcelino Vieira,2021,ok,ok,207298.97,207298.97,207298.97,new_observed,2587383.57,2587383.57,2536444.487624732,new_observed,1656946146.84,3724835.631460325,1,
2407302,Marcelino Vieira,2022,ok,ok,303321.25,303321.25,303321.25,new_observed,2767329.85,2767329.85,2764581.540375087,new_observed,1770317627.56,3898320.2670166222,1,
2407302,Marcelino Vieira,2023,ok,ok,237751.52,237751.52,237751.52,new_observed,3329094.67,3329094.67,3295367.6703287126,new_observed,2066540707.56,4360291.9336879905,1,
2407302,Marcelino Vieira,2024,ok,ok,548711.16,548711.16,548711.16,new_observed,3005342.45,3005342.45,3026581.7525684545,new_observed,2093798525.02,3834363.9370077755,1,
2407302,Marcelino Vieira,2025,ok,ok,266418.14,266418.14,266418.14,new_observed,4121123.27,4121123.27,4172316.4542146274,new_observed,2345916858.21,4438734.5942146275,4,
2407401,Martins,2019,ok,ok,425143.4,425143.4,425143.4,new_observed,2193005.96,2193005.96,2261643.1305892016,new_observed,1391116025.9,4678948.877746504,1,
2407401,Martins,2020,ok,ok,424991.08,424991.08,424991.08,new_observed,2186397.33,2186397.33,2226342.9223581203,new_observed,1420520767.85,4520197.521678225,3,
2407401,Martins,2021,ok,ok,339211.23,339211.23,339211.23,new_observed,2634845.34,2634845.34,2582971.8546085972,new_observed,1656946146.84,3967080.6849499056,1,
2407401,Martins,2022,ok,ok,412907.81,412907.81,412907.81,new_observed,2860211.26,2860211.26,2857370.707351336,new_observed,1770317627.56,4155474.8941119867,4,
2407401,Martins,2023,ok,ok,566262.94,566262.94,566262.94,new_observed,3145893.41,3145893.41,3114022.419078322,new_observed,2066540707.56,4541912.599151866,1,
2407401,Martins,2024,ok,ok,812791.69,812791.69,812791.69,new_observed,3043189.48,3043189.48,3064696.254423945,new_observed,2093798525.02,4158456.468843773,1,
2407401,Martins,2025,ok,ok,769169.53,769169.53,769169.53,new_observed,3629550.07,3629550.07,3674636.861434347,new_observed,2345916858.21,4443806.391434347,1,
2407500,Maxaranguape,2019,ok,ok,737453.26,737453.26,737453.26,new_observed,2136072.27,2136072.27,2202927.517756305,new_observed,1391116025.9,5120574.777190507,1,
2407500,Maxaranguape,2020,ok,ok,1280688.91,1280688.91,1280688.91,new_observed,2269893.84,2269893.84,2311364.9179164954,new_observed,1420520767.85,6124008.81829365,1,
2407500,Maxaranguape,2021,ok,ok,1072567.24,1072567.24,1072567.24,new_observed,2687783.07,2687783.07,2634867.3736969656,new_observed,1656946146.84,5033117.98777383,1,
2407500,Maxaranguape,2022,ok,ok,913305.95,913305.95,913305.95,new_observed,2943589.3,2943589.3,2940665.942379663,new_observed,1770317627.56,4897161.925635585,1,
2407500,Maxaranguape,2023,ok,ok,1354916.72,1354916.72,1354916.72,new_observed,3479856.42,3479856.42,3444602.055685552,new_observed,2066540707.56,5923180.58798881,1,
2407500,Maxaranguape,2024,ok,ok,1308823.6,1308823.6,1308823.6,new_observed,3435757.45,3435757.45,3460038.573780876,new_observed,2093798525.02,5114420.996228178,1,
2407500,Maxaranguape,2025,ok,ok,1412822.82,1412822.82,1412822.82,new_observed,3777290.04,3777290.04,3824212.0785270827,new_observed,2345916858.21,5237034.898527083,1,
2407609,Messias Targino,2019,ok,ok,259870.85,259870.85,259870.85,new_observed,1843046.61,1843046.61,1900730.6778419404,new_observed,1391116025.9,3762615.2948356825,1,
2407609,Messias Targino,2020,ok,ok,378322.18,378322.18,378322.18,new_observed,1884846.66,1884846.66,1919282.9060129442,new_observed,1420520767.85,3917133.339803255,3,
2407609,Messias Targino,2021,ok,ok,422576.15,422576.15,422576.15,new_observed,2242329.11,2242329.11,2198183.2830839115,new_observed,1656946146.84,3557875.6791961966,1,
2407609,Messias Targino,2022,ok,ok,304468.17,304468.17,304468.17,new_observed,2330562.15,2330562.15,2328247.6061127563,new_observed,1770317627.56,3345337.1793634836,1,
2407609,Messias Targino,2023,ok,ok,368798.98,368798.98,368798.98,new_observed,2707475.46,2707475.46,2680046.073634896,new_observed,2066540707.56,3762639.6898294105,1,
2407609,Messias Targino,2024,ok,ok,483780.48,483780.48,483780.48,new_observed,2367168.84,2367168.84,2383898.0534123937,new_observed,2093798525.02,3075474.7709743907,1,
2407609,Messias Targino,2025,ok,ok,518114.61,518114.61,518114.61,new_observed,2563348.47,2563348.47,2595190.7522695605,new_observed,2345916858.21,3113305.3622695603,1,
2407708,Montanhas,2019,ok,ok,171020.69,171020.69,171020.69,new_observed,2028158.06,2028158.06,2091635.7856811855,new_observed,1391116025.9,3940340.573053524,1,
2407708,Montanhas,2020,ok,ok,173882.95,173882.95,173882.95,new_observed,2090961.37,2090961.37,2129163.3424304165,new_observed,1420520767.85,3926409.9257563353,1,
2407708,Montanhas,2021,ok,ok,119088.62,119088.62,119088.62,new_observed,2565271.29,2565271.29,2514767.5428666673,new_observed,1656946146.84,3575655.463095034,1,
2407708,Montanhas,2022,ok,ok,137963.19,137963.19,137963.19,new_observed,2988142.51,2988142.51,2985174.9053897844,new_observed,1770317627.56,3968506.6202704404,1,
2407708,Montanhas,2023,ok,ok,186541.66,186541.66,186541.66,new_observed,3404608.17,3404608.17,3370116.144385585,new_observed,2066540707.56,4389341.400596246,1,
2407708,Montanhas,2024,ok,ok,231906.14,231906.14,231906.14,new_observed,3079039.61,3079039.61,3100799.7438233667,new_observed,2093798525.02,3574198.692550137,1,
2407708,Montanhas,2025,ok,ok,196101.74,196101.74,196101.74,new_observed,3513325.08,3513325.08,3556968.1079423097,new_observed,2345916858.21,3753069.8479423095,1,
2407807,Monte Alegre,2019,ok,ok,690469.3,690469.3,690469.3,new_observed,3131509.73,3131509.73,3229520.3927433677,new_observed,1391116025.9,6826530.937542418,1,
2407807,Monte Alegre,2020,ok,ok,1142815.79,1142815.79,1142815.79,new_observed,3394850.93,3394850.93,3456875.0321637024,new_observed,1420520767.85,7841905.635554891,1,
2407807,Monte Alegre,2021,ok,ok,961454.65,961454.65,961454.65,new_observed,4192950.32,4192950.32,4110401.661879748,new_observed,1656946146.84,6885421.833312128,1,
2407807,Monte Alegre,2022,ok,ok,829569.08,829569.08,829569.08,new_observed,4640327.66,4640327.66,4635719.225927448,new_observed,1770317627.56,6944628.178874297,2,
2407807,Monte Alegre,2023,ok,ok,1186995.65,1186995.65,1186995.65,new_observed,5448185.9,5448185.9,5392990.424270735,new_observed,2066540707.56,8120490.3253639415,6,
2407807,Monte Alegre,2024,ok,ok,1092201.15,1092201.15,1092201.15,new_observed,5900180.1,5900180.1,5941877.747584976,new_observed,2093798525.02,7543778.681783975,1,
2407807,Monte Alegre,2025,ok,ok,1841407.84,1841407.84,1841407.84,new_observed,6690174.85,6690174.85,6773281.161334415,new_observed,2345916858.21,8614689.001334416,1,
2407906,Monte das Gameleiras,2019,ok,ok,10928.21,10928.21,10928.21,new_observed,1415524.9,1415524.9,1459828.3017265333,new_observed,1391116025.9,2561273.2726005292,1,
2407906,Monte das Gameleiras,2020,ok,ok,24581.22,24581.22,24581.22,new_observed,1462621.1,1462621.1,1489343.2631829316,new_observed,1420520767.85,2581054.5524649243,1,
2407906,Monte das Gameleiras,2021,ok,ok,68320.57,68320.57,68320.57,new_observed,1736029.78,1736029.78,1701851.714948231,new_observed,1656946146.84,2403140.4184219223,1,
2407906,Monte das Gameleiras,2022,ok,ok,67991.94,67991.94,67991.94,new_observed,2030940.09,2030940.09,2028923.1088305996,new_observed,1770317627.56,2664506.3392210854,1,
2407906,Monte das Gameleiras,2023,ok,ok,413085.93,413085.93,413085.93,new_observed,2204364.69,2204364.69,2182032.310015436,new_observed,2066540707.56,3202686.498627044,1,
2407906,Monte das Gameleiras,2024,ok,ok,554261.78,554261.78,554261.78,new_observed,1927116.9,1927116.9,1940736.1861894594,new_observed,2093798525.02,2675789.217390853,1,
2407906,Monte das Gameleiras,2025,ok,ok,790749.64,790749.64,790749.64,new_observed,2160325.53,2160325.53,2187161.4035167983,new_observed,2345916858.21,2977911.0435167984,1,
2408003,Mossoró,2019,ok,ok,74848474.83,74848474.83,74848474.83,new_observed,122969031.74,122969031.74,126817742.85281764,new_observed,1391116025.9,351194972.94021237,1,
2408003,Mossoró,2020,ok,ok,72118173.19,72118173.19,72118173.19,new_observed,125218429.55,125218429.55,127506176.73752895,new_observed,1420520767.85,340334899.717083,1,
2408003,Mossoró,2021,ok,ok,86856893.03,86856893.03,86856893.03,new_observed,137190405.56,137190405.56,134489471.12919307,new_observed,1656946146.84,300494137.6072051,1,
2408003,Mossoró,2022,ok,ok,105092097.1,105092097.1,105092097.1,new_observed,144701894.76,144701894.76,144558187.4205543,new_observed,1770317627.56,317225424.1125925,1,
2408003,Mossoró,2023,ok,ok,121629455.74,121629455.74,121629455.74,new_observed,187025018.95,187025018.95,185130271.76558024,new_observed,2066540707.56,378578217.53770614,1,
2408003,Mossoró,2024,ok,ok,146714682.19,146714682.19,146714682.19,new_observed,178010496.64,178010496.64,179268529.24739814,new_observed,2093798525.02,349604438.1738773,1,
2408003,Mossoró,2025,ok,ok,165906650.0,165906650.0,165906650.0,new_observed,201082090.56,201082090.56,203579961.123406,new_observed,2345916858.21,369486611.123406,1,
2408102,Natal,2019,ok,ok,383966550.89,383966550.89,383966550.89,new_observed,295805873.67,295805873.67,305064069.3077244,new_observed,1391116025.9,1199923778.9837077,1,
2408102,Natal,2020,ok,ok,360241664.57,360241664.57,360241664.57,new_observed,308378526.25,308378526.25,314012617.8821831,new_observed,1420520767.85,1149520405.1283543,1,
2408102,Natal,2021,ok,ok,412868139.97,412868139.97,412868139.97,new_observed,351583031.99,351583031.99,344661245.3496508,new_observed,1656946146.84,1028402432.6237866,1,
2408102,Natal,2022,ok,ok,474832022.62,474832022.62,474832022.62,new_observed,338091512.14,338091512.14,337755744.3756636,new_observed,1770317627.56,1032538374.666586,1,
2408102,Natal,2023,ok,ok,524186353.0,524186353.0,524186353.0,new_observed,377985978.7,377985978.7,374156609.3839973,new_observed,2066540707.56,1108662731.5858784,1,
2408102,Natal,2024,ok,ok,602110716.33,602110716.33,602110716.33,new_observed,338822048.34,338822048.34,341216565.47782457,new_observed,2093798525.02,1011682175.03081,1,
2408102,Natal,2025,ok,ok,642432286.08,642432286.08,642432286.08,new_observed,361180583.58,361180583.58,365667220.58126533,new_observed,2345916858.21,1008099506.6612654,1,
2408201,Nísia Floresta,2019,ok,ok,1375230.57,1375230.57,1375230.57,new_observed,4272296.91,4272296.91,4406012.174421529,new_observed,1391116025.9,10067840.873483628,1,
2408201,Nísia Floresta,2020,ok,ok,1018055.71,1018055.71,1018055.71,new_observed,4413635.3,4413635.3,4494272.645322411,new_observed,1420520767.85,9397840.086629499,1,
2408201,Nísia Floresta,2021,ok,ok,1801180.1,1801180.1,1801180.1,new_observed,5126291.39,5126291.39,5025367.590984442,new_observed,1656946146.84,9267545.771664442,1,
2408201,Nísia Floresta,2022,ok,ok,2547162.53,2547162.53,2547162.53,new_observed,5865604.04,5865604.04,5859778.751034514,new_observed,1770317627.56,10682525.43147518,1,
2408201,Nísia Floresta,2023,ok,ok,2105650.86,2105650.86,2105650.86,new_observed,7086670.32,7086670.32,7014875.3873695135,new_observed,2066540707.56,11255820.957371935,1,
2408201,Nísia Floresta,2024,ok,ok,3222631.07,3222631.07,3222631.07,new_observed,7581416.44,7581416.44,7634995.691065586,new_observed,2093798525.02,11644386.491458777,1,
2408201,Nísia Floresta,2025,ok,ok,2577229.62,2577229.62,2577229.62,new_observed,7966271.88,7966271.88,8065230.051628932,new_observed,2345916858.21,10642459.671628933,1,
2408300,Nova Cruz,2019,ok,ok,1344413.39,1344413.39,1344413.39,new_observed,5267115.82,5267115.82,5431967.13989811,new_observed,1391116025.9,11800840.042397022,1,
2408300,Nova Cruz,2020,ok,ok,1582622.9,1582622.9,1582622.9,new_observed,5229027.38,5229027.38,5324561.980817926,new_observed,1420520767.85,11775898.454241341,1,
2408300,Nova Cruz,2021,ok,ok,1750003.95,1750003.95,1750003.95,new_observed,6029531.36,6029531.36,5910825.035127071,new_observed,1656946146.84,10400144.623954196,1,
2408300,Nova Cruz,2022,ok,ok,2355415.51,2355415.51,2355415.51,new_observed,6703597.77,6703597.77,6696940.246946562,new_observed,1770317627.56,11502640.182166558,1,
2408300,Nova Cruz,2023,ok,ok,3759839.66,3759839.66,3759839.66,new_observed,8135874.71,8135874.71,8053450.306109495,new_observed,2066540707.56,14579013.66320795,1,
2408300,Nova Cruz,2024,ok,ok,3270547.14,3270547.14,3270547.14,new_observed,8038334.56,8038334.56,8095142.934655041,new_observed,2093798525.02,12189264.825901195,1,
2408300,Nova Cruz,2025,ok,ok,3988274.54,3988274.54,3988274.54,new_observed,8573179.44,8573179.44,8679676.704367677,new_observed,2345916858.21,12667951.244367678,1,
2408409,Olho-d'Água do Borges,2019,ok,ok,99926.44,99926.44,99926.44,new_observed,1627723.64,1627723.64,1678668.4833741402,new_observed,1391116025.9,3097363.570176188,2,
2408409,Olho-d'Água do Borges,2020,ok,ok,160048.32,160048.32,160048.32,new_observed,1667551.65,1667551.65,1698017.9049359274,new_observed,1420520767.85,3167773.783913835,1,
2408409,Olho-d'Água do Borges,2021,ok,ok,189607.01,189607.01,189607.01,new_observed,1973115.25,1973115.25,1934269.567658573,new_observed,1656946146.84,2883320.279562625,1,
2408409,Olho-d'Água do Borges,2022,ok,ok,212949.02,212949.02,212949.02,new_observed,2102101.87,2102101.87,2100014.2161549516,new_observed,1770317627.56,2939034.2773099435,1,
2408409,Olho-d'Água do Borges,2023,ok,ok,188601.42,188601.42,188601.42,new_observed,2431392.69,2431392.69,2406760.293332109,new_observed,2066540707.56,3202986.9738393333,1,
2408409,Olho-d'Água do Borges,2024,ok,ok,158977.8,158977.8,158977.8,new_observed,3484081.27,3484081.27,3508703.9070198224,new_observed,2093798525.02,3933447.3604617314,1,
2408409,Olho-d'Água do Borges,2025,ok,ok,339084.54,339084.54,339084.54,new_observed,3723218.99,3723218.99,3769469.350190384,new_observed,2345916858.21,4108553.890190384,1,
2408508,Ouro Branco,2019,ok,ok,98601.27,98601.27,98601.27,new_observed,1943290.14,1943290.14,2004111.6513302717,new_observed,1391116025.9,3661804.2228028467,1,
2408508,Ouro Branco,2020,ok,ok,118230.52,118230.52,118230.52,new_observed,1970610.84,1970610.84,2006614.0020195644,new_observed,1420520767.85,3622597.8823648267,1,
2408508,Ouro Branco,2021,ok,ok,95057.02,95057.02,95057.02,new_observed,2389911.17,2389911.17,2342859.8230834687,new_observed,1656946146.84,3309653.276227176,1,
2408508,Ouro Branco,2022,ok,partial,,,147459.55943800433,imputed_temporal,2497216.29,2497216.29,2494736.237408764,new_observed,1770317627.56,3357383.2445370867,1,
2408508,Ouro Branco,2023,ok,ok,202492.27,202492.27,202492.27,new_observed,2951644.38,2951644.38,2921741.322591898,new_observed,2066540707.56,3855678.1695972434,1,
2408508,Ouro Branco,2024,ok,ok,381239.76,381239.76,381239.76,new_observed,3022635.27,3022635.27,3043996.7840775754,new_observed,2093798525.02,3673434.261613309,1,
2408508,Ouro Branco,2025,ok,ok,439172.06,439172.06,439172.06,new_observed,2778575.11,2778575.11,2813090.968454389,new_observed,2345916858.21,3252263.028454389,1,
2408607,Paraná,2019,ok,ok,146341.31,146341.31,146341.31,new_observed,1520707.52,1520707.52,1568302.949912339,new_observed,1391116025.9,2985995.6287230495,1,
2408607,Paraná,2020,ok,ok,148628.31,148628.31,148628.31,new_observed,1547530.32,1547530.32,1575803.77902611,new_observed,1420520767.85,2939944.061436803,2,
2408607,Paraná,2021,ok,ok,214110.63,214110.63,214110.63,new_observed,1837763.93,1837763.93,1801582.9751149204,new_observed,1656946146.84,2736453.8552516806,6,
2408607,Paraná,2022,ok,ok,230458.37,230458.37,230458.37,new_observed,1966068.97,1966068.97,1964116.414082788,new_observed,1770317627.56,2788600.5336002167,1,
2408607,Paraná,2023,ok,ok,257533.89,257533.89,257533.89,new_observed,2294058.51,2294058.51,2270817.4434992736,new_observed,2066540707.56,3120288.1451504272,1,
2408607,Paraná,2024,ok,ok,288502.11,288502.11,288502.11,new_observed,2002790.74,2002790.74,2016944.8270020182,new_observed,2093798525.02,2472503.039639083,1,
2408607,Paraná,2025,ok,ok,239591.42,239591.42,239591.42,new_observed,2261975.48,2261975.48,2290074.063771946,new_observed,2345916858.21,2529665.483771946,1,
2408706,Paraú,2019,ok,ok,491827.08,491827.08,491827.08,new_observed,2006307.15,2006307.15,2069100.981216439,new_observed,1391116025.9,4459770.562937311,1,
2408706,Paraú,2020,ok,ok,822668.19,822668.19,822668.19,new_observed,2094198.03,2094198.03,2132459.1363761034,new_observed,1420520767.85,5038127.676501093,1,
2408706,Paraú,2021,ok,ok,261774.36,261774.36,261774.36,new_observed,4114153.2,4114153.2,4033155.859215591,new_observed,1656946146.84,5830686.929097732,1,
2408706,Paraú,2022,ok,ok,875749.26,875749.26,875749.26,new_observed,4365482.54,4365482.54,4361147.062000486,new_observed,1770317627.56,6654415.235178725,1,
2408706,Paraú,2023,ok,ok,144309.11,144309.11,144309.11,new_observed,3001506.89,3001506.89,2971098.6763782483,new_observed,2066540707.56,3844786.0684343358,1,
2408706,Paraú,2024,ok,ok,248955.98,248955.98,248955.98,new_observed,2553569.9,2553569.9,2571616.4436595407,new_observed,2093798525.02,3024955.282679007,1,
2408706,Paraú,2025,ok,ok,185008.17,185008.17,185008.17,new_observed,2761591.69,2761591.69,2795896.577975786,new_observed,2345916858.21,2980904.7479757858,1,
2408805,Parazinho,2019,ok,ok,2317678.15,2317678.15,2317678.15,new_observed,14372657.43,14372657.43,14822495.942907218,new_observed,1391116025.9,29849039.893318515,1,
2408805,Parazinho,2020,ok,ok,2818847.33,2818847.33,2818847.33,new_observed,16294338.19,16294338.19,16592036.591910822,new_observed,1420520767.85,33093163.411085647,1,
2408805,Parazinho,2021,ok,ok,3058487.38,3058487.38,3058487.38,new_observed,19268013.92,19268013.92,18888675.13171254,new_observed,1656946146.84,29794904.00456318,1,
2408805,Parazinho,2022,ok,ok,2818218.59,2818218.59,2818218.59,new_observed,21652462.84,21652462.84,21630959.19740884,new_observed,1770317627.56,31067061.7007704,1,
2408805,Parazinho,2023,ok,ok,3922004.61,3922004.61,3922004.61,new_observed,26025019.81,26025019.81,25761360.79108206,new_observed,2066540707.56,36632825.48670814,1,
2408805,Parazinho,2024,ok,ok,3431793.34,3431793.34,3431793.34,new_observed,22551011.93,22551011.93,22710384.039360147,new_observed,2093798525.02,28036478.305288997,1,
2408805,Parazinho,2025,ok,ok,3824717.95,3824717.95,3824717.95,new_observed,23599038.51,23599038.51,23892189.15039095,new_observed,2345916858.21,27716907.10039095,1,
2408904,Parelhas,2019,ok,ok,827846.37,827846.37,827846.37,new_observed,5988554.61,5988554.61,6175985.67578211,new_observed,1391116025.9,12196939.2497106,3,
2408904,Parelhas,2020,ok,ok,882773.06,882773.06,882773.06,new_observed,5865664.35,5865664.35,5972830.341203738,new_observed,1420520767.85,11687958.392329423,1,
2408904,Parelhas,2021,ok,ok,1101086.58,1101086.58,1101086.58,new_observed,8076098.1,8076098.1,7917100.017475017,new_observed,1656946146.84,12242858.448039077,1,
2408904,Parelhas,2022,ok,ok,2523135.2,2523135.2,2523135.2,new_observed,9490633.81,9490633.81,9481208.406574909,new_observed,1770317627.56,15253669.744868588,1,
2408904,Parelhas,2023,ok,ok,7548225.91,7548225.91,7548225.91,new_observed,10719653.26,10719653.26,10611052.640968539,new_observed,2066540707.56,22410723.081214473,1,
2408904,Parelhas,2024,ok,ok,4757179.0,4757179.0,4757179.0,new_observed,10055506.97,10055506.97,10126571.069538817,new_observed,2093798525.02,15962248.663167097,1,
2408904,Parelhas,2025,ok,ok,5112203.85,5112203.85,5112203.85,new_observed,11440926.4,11440926.4,11583047.228329698,new_observed,2345916858.21,16695251.078329697,1,
2408953,Rio do Fogo,2019,ok,ok,1110563.29,1110563.29,1110563.29,new_observed,4913813.96,4913813.96,5067607.562556429,new_observed,1391116025.9,10759077.897698035,1,
2408953,Rio do Fogo,2020,ok,ok,824087.87,824087.87,824087.87,new_observed,4784408.64,4784408.64,4871820.033430538,new_observed,1420520767.85,9710820.577827936,1,
2408953,Rio do Fogo,2021,ok,ok,1435050.89,1435050.89,1435050.89,new_observed,5719410.79,5719410.79,5606809.960054325,new_observed,1656946146.84,9559849.385035088,1,
2408953,Rio do Fogo,2022,ok,ok,1302863.43,1302863.43,1302863.43,new_observed,6388080.36,6388080.36,6381736.185763557,new_observed,1770317627.56,9764660.901259074,1,
2408953,Rio do Fogo,2023,ok,ok,1682373.13,1682373.13,1682373.13,new_observed,10835180.28,10835180.28,10725409.258756587,new_observed,2066540707.56,15312688.463141767,1,
2408953,Rio do Fogo,2024,ok,ok,1596961.56,1596961.56,1596961.56,new_observed,10130151.55,10130151.55,10201743.176383458,new_observed,2093798525.02,12653656.371917015,1,
2408953,Rio do Fogo,2025,ok,ok,2269076.7,2269076.7,2269076.7,new_observed,9224993.63,9224993.63,9339587.823703738,new_observed,2345916858.21,11608664.523703739,1,
2409100,Passa e Fica,2019,ok,ok,137698.79,137698.79,137698.79,new_observed,2113408.81,2113408.81,2179554.731927495,new_observed,1391116025.9,4035419.5029774513,1,
2409100,Passa e Fica,2020,ok,ok,139257.46,139257.46,139257.46,new_observed,2266592.96,2266592.96,2308003.730668086,new_observed,1420520767.85,4172278.5432233172,1,
2409100,Passa e Fica,2021,ok,ok,241569.93,241569.93,241569.93,new_observed,2675438.14,2675438.14,2622765.484355289,new_observed,1656946146.84,3888548.173917324,1,
2409100,Passa e Fica,2022,ok,ok,511987.2,511987.2,511987.2,new_observed,3061181.72,3061181.72,3058141.5781879625,new_observed,1770317627.56,4536488.384029876,1,
2409100,Passa e Fica,2023,ok,ok,865999.3,865999.3,865999.3,new_observed,3991414.47,3991414.47,3950977.520059595,new_observed,2066540707.56,5944725.9041701825,1,
2409100,Passa e Fica,2024,ok,ok,1551513.03,1551513.03,1551513.03,new_observed,3940363.79,3940363.79,3968211.0587082934,new_observed,2093798525.02,5919691.478584821,1,
2409100,Passa e Fica,2025,ok,ok,1268172.64,1268172.64,1268172.64,new_observed,4572576.24,4572576.24,4629377.437744748,new_observed,2345916858.21,5897550.0777447475,1,
2409209,Passagem,2019,ok,ok,13295.07,13295.07,13295.07,new_observed,1445561.66,1445561.66,1490805.1586791505,new_observed,1391116025.9,2619340.2404221715,1,
2409209,Passagem,2020,ok,ok,52528.45,52528.45,52528.45,new_observed,1514896.48,1514896.48,1542573.7170806136,new_observed,1420520767.85,2719452.492989778,1,
2409209,Passagem,2021,ok,ok,100160.13,100160.13,100160.13,new_observed,1796737.72,1796737.72,1761364.4681223007,new_observed,1656946146.84,2527157.9719513883,4,
2409209,Passagem,2022,ok,ok,482620.03,482620.03,482620.03,new_observed,1839311.63,1839311.63,1837484.9602027782,new_observed,1770317627.56,2948109.155638564,1,
2409209,Passagem,2023,ok,ok,590216.75,590216.75,590216.75,new_observed,2193014.34,2193014.34,2170796.9502120707,new_observed,2066540707.56,3407421.3513064818,1,
2409209,Passagem,2024,ok,ok,696396.65,696396.65,696396.65,new_observed,2010577.36,2010577.36,2024786.4764640238,new_observed,2093798525.02,2918364.0896745534,1,
2409209,Passagem,2025,ok,ok,284322.56,284322.56,284322.56,new_observed,2163496.05,2163496.05,2190371.3081708793,new_observed,2345916858.21,2474693.8681708793,1,
2409308,Patu,2019,ok,ok,843749.95,843749.95,843749.95,new_observed,2626218.46,2626218.46,2708414.4082698035,new_observed,1391116025.9,6185975.42025523,1,
2409308,Patu,2020,ok,ok,1249324.21,1249324.21,1249324.21,new_observed,2708722.04,2708722.04,2758210.5318384413,new_observed,1420520767.85,6832352.541017465,1,
2409308,Patu,2021,ok,ok,790857.03,790857.03,790857.03,new_observed,3244095.94,3244095.94,3180227.84087586,new_observed,1656946146.84,5391042.803760013,1,
2409308,Patu,2022,ok,ok,1047079.45,1047079.45,1047079.45,new_observed,3413508.54,3413508.54,3410118.4929569247,new_observed,1770317627.56,5663668.721722897,1,
2409308,Patu,2023,ok,ok,931624.35,931624.35,931624.35,new_observed,3999709.05,3999709.05,3959188.067815196,new_observed,2066540707.56,6035847.868635475,1,
2409308,Patu,2024,ok,ok,1023226.62,1023226.62,1023226.62,new_observed,3790793.29,3790793.29,3817583.51673798,new_observed,2093798525.02,5191582.415236419,1,
2409308,Patu,2025,ok,ok,1005715.18,1005715.18,1005715.18,new_observed,4178297.54,4178297.54,4230200.951195159,new_observed,2345916858.21,5235916.131195159,1,
2409332,Santa Maria,2019,ok,ok,21663.71,21663.71,21663.71,new_observed,1109701.28,1109701.28,1144432.94851695,new_observed,1391116025.9,2030718.3282310595,1,
2409332,Santa Maria,2020,ok,ok,135607.78,135607.78,135607.78,new_observed,1757971.28,1757971.28,1790089.506254952,new_observed,1420520767.85,3283076.4034596276,4,
2409332,Santa Maria,2021,ok,ok,163461.0,163461.0,163461.0,new_observed,2287482.06,2287482.06,2242447.2849332765,new_observed,1656946146.84,3266199.279980486,1,
2409332,Santa Maria,2022,ok,ok,88058.12,88058.12,88058.12,new_observed,2519105.92,2519105.92,2516604.1282290937,new_observed,1770317627.56,3309690.14496158,1,
2409332,Santa Maria,2023,ok,ok,169634.25,169634.25,169634.25,new_observed,2903053.53,2903053.53,2873642.7456404073,new_observed,2066540707.56,3755768.039864662,1,
2409332,Santa Maria,2024,ok,ok,321023.93,321023.93,321023.93,new_observed,3211913.97,3211913.97,3234613.151130814,new_observed,2093798525.02,3813283.814886467,1,
2409332,Santa Maria,2025,ok,ok,454887.42,454887.42,454887.42,new_observed,3697929.77,3697929.77,3743865.9838731578,new_observed,2345916858.21,4198753.403873158,1,
2409407,Pau dos Ferros,2019,ok,ok,4625447.28,4625447.28,4625447.28,new_observed,6626837.88,6626837.88,6834246.072377436,new_observed,1391116025.9,19956672.67941342,1,
2409407,Pau dos Ferros,2020,ok,ok,4696412.5,4696412.5,4696412.5,new_observed,6794605.56,6794605.56,6918743.355180155,new_observed,1420520767.85,19802408.39660156,1,
2409407,Pau dos Ferros,2021,ok,ok,6166988.64,6166988.64,6166988.64,new_observed,8769154.37,8769154.37,8596511.750639597,new_observed,1656946146.84,20042548.856859677,1,
2409407,Pau dos Ferros,2022,ok,ok,8092187.69,8092187.69,8092187.69,new_observed,9991788.4,9991788.4,9981865.286486872,new_observed,1770317627.56,22966323.198511943,1,
2409407,Pau dos Ferros,2023,ok,ok,7924662.21,7924662.21,7924662.21,new_observed,11517789.71,11517789.71,11401103.184602054,new_observed,2066540707.56,23850307.45441394,1,
2409407,Pau dos Ferros,2024,ok,ok,10610343.25,10610343.25,10610343.25,new_observed,11064735.64,11064735.64,11142932.142397895,new_observed,2093798525.02,23329549.97426722,1,
2409407,Pau dos Ferros,2025,ok,ok,12202330.26,12202330.26,12202330.26,new_observed,12094603.1,12094603.1,12244843.994032055,new_observed,2345916858.21,24447174.254032053,1,
2409506,Pedra Grande,2019,ok,ok,996330.61,996330.61,996330.61,new_observed,4860701.38,4860701.38,5012832.653643337,new_observed,1391116025.9,10464756.834423188,1,
2409506,Pedra Grande,2020,ok,ok,921759.6,921759.6,921759.6,new_observed,9121679.58,9121679.58,9288333.13794414,new_observed,1420520767.85,17406949.048709918,1,
2409506,Pedra Grande,2021,ok,ok,2910523.87,2910523.87,2910523.87,new_observed,10365095.11,10365095.11,10161032.426848706,new_observed,1656946146.84,17745609.02107525,1,
2409506,Pedra Grande,2022,ok,ok,2436632.67,2436632.67,2436632.67,new_observed,15849918.01,15849918.01,15834177.030578636,new_observed,1770317627.56,23216337.875510544,1,
2409506,Pedra Grande,2023,ok,ok,2370723.88,2370723.88,2370723.88,new_observed,20017118.5,20017118.5,19814325.423806217,new_observed,2066540707.56,27379006.004848875,3,
2409506,Pedra Grande,2024,ok,ok,2632545.24,2632545.24,2632545.24,new_observed,15033597.44,15033597.44,15139842.611734256,new_observed,2093798525.02,19060201.42116123,1,
2409506,Pedra Grande,2025,ok,ok,2965957.26,2965957.26,2965957.26,new_observed,18173821.74,18173821.74,18399579.559716858,new_observed,2345916858.21,21365536.819716856,1,
2409605,Pedra Preta,2019,ok,ok,302935.01,302935.01,302935.01,new_observed,1594596.33,1594596.33,1644504.347725189,new_observed,1391116025.9,3391400.5052382885,1,
2409605,Pedra Preta,2020,ok,ok,236791.7,236791.7,236791.7,new_observed,3098711.72,3098711.72,3155325.343472752,new_observed,1420520767.85,5783141.256254648,1,
2409605,Pedra Preta,2021,ok,ok,1410262.83,1410262.83,1410262.83,new_observed,3475774.88,3475774.88,3407345.604579422,new_observed,1656946146.84,6540261.446702493,1,
2409605,Pedra Preta,2022,ok,ok,1122805.6,1122805.6,1122805.6,new_observed,2995834.12,2995834.12,2992858.8766452405,new_observed,1770317627.56,5229689.249568731,1,
2409605,Pedra Preta,2023,ok,ok,602004.21,602004.21,602004.21,new_observed,3458465.31,3458465.31,3423427.6586455167,new_observed,2066540707.56,4967864.699982743,1,
2409605,Pedra Preta,2024,ok,ok,3088023.14,3088023.14,3088023.14,new_observed,3638250.37,3638250.37,3663962.548134049,new_observed,2093798525.02,7241244.580202806,1,
2409605,Pedra Preta,2025,ok,ok,1709039.43,1709039.43,1709039.43,new_observed,5449885.26,5449885.26,5517584.516194237,new_observed,2345916858.21,7226623.946194237,4,
2409704,Pedro Avelino,2019,ok,ok,760867.44,760867.44,760867.44,new_observed,2843077.48,2843077.48,2932060.728359744,new_observed,1391116025.9,6431110.887382652,1,
2409704,Pedro Avelino,2020,ok,ok,647070.92,647070.92,647070.92,new_observed,2869190.06,2869190.06,2921610.3108675447,new_observed,1420520767.85,6084161.422544233,1,
2409704,Pedro Avelino,2021,ok,ok,3397936.41,3397936.41,3397936.41,new_observed,3414972.69,3414972.69,3347740.456951075,new_observed,1656946146.84,9157757.618523542,1,
2409704,Pedro Avelino,2022,ok,ok,8153057.89,8153057.89,8153057.89,new_observed,3637658.42,3637658.42,3634045.763688779,new_observed,1770317627.56,14977627.45506768,1,
2409704,Pedro Avelino,2023,ok,ok,6434947.49,6434947.49,6434947.49,new_observed,4306567.45,4306567.45,4262937.690750611,new_observed,2066540707.56,13202470.663551932,1,
2409704,Pedro Avelino,2024,ok,ok,3734391.31,3734391.31,3734391.31,new_observed,4263930.52,4263930.52,4294064.493732393,new_observed,2093798525.02,8610209.612609707,1,
2409704,Pedro Avelino,2025,ok,ok,1481397.0,1481397.0,1481397.0,new_observed,13847937.93,13847937.93,14019959.00071241,new_observed,2345916858.21,15501356.00071241,1,
2409803,Pedro Velho,2019,ok,ok,187074.11,187074.11,187074.11,new_observed,2475396.71,2475396.71,2552872.206810879,new_observed,1391116025.9,4771524.867409745,1,
2409803,Pedro Velho,2020,ok,ok,301117.64,301117.64,301117.64,new_observed,2539536.83,2539536.83,2585934.2992969523,new_observed,1420520767.85,4922067.536326834,1,
2409803,Pedro Velho,2021,ok,ok,147515.11,147515.11,147515.11,new_observed,2917146.89,2917146.89,2859715.5962972012,new_observed,1656946146.84,4082539.1512858635,1,
2409803,Pedro Velho,2022,ok,ok,216188.83,216188.83,216188.83,new_observed,3061055.7,3061055.7,3058015.68334181,new_observed,1770317627.56,4160463.575561056,2,
2409803,Pedro Velho,2023,ok,ok,645281.65,645281.65,645281.65,new_observed,3652882.85,3652882.85,3615875.557960089,new_observed,2066540707.56,5258777.980913853,2,
2409803,Pedro Velho,2024,ok,ok,600005.49,600005.49,600005.49,new_observed,4041815.57,4041815.57,4070379.816918723,new_observed,2093798525.02,5008808.349611625,1,
2409803,Pedro Velho,2025,ok,ok,1019573.29,1019573.29,1019573.29,new_observed,4451132.28,4451132.28,4506424.883458988,new_observed,2345916858.21,5525998.173458988,1,
2409902,Pendências,2019,ok,ok,770717.31,770717.31,770717.31,new_observed,10731873.67,10731873.67,11067762.152414134,new_observed,1391116025.9,20616316.020737413,1,
2409902,Pendências,2020,ok,ok,849343.53,849343.53,849343.53,new_observed,12365898.22,12365898.22,12591823.820374805,new_observed,1420520767.85,22915532.81917287,3,
2409902,Pendências,2021,ok,ok,1215233.59,1215233.59,1215233.59,new_observed,13883772.38,13883772.38,13610435.781149957,new_observed,1656946146.84,20126947.867683023,1,
2409902,Pendências,2022,ok,ok,1809938.13,1809938.13,1809938.13,new_observed,13951341.94,13951341.94,13937486.487483501,new_observed,1770317627.56,20009924.933816742,1,
2409902,Pendências,2023,ok,ok,1559961.44,1559961.44,1559961.44,new_observed,14222892.89,14222892.89,14078801.011763992,new_observed,2066540707.56,19300104.552924797,1,
2409902,Pendências,2024,ok,ok,1636178.3,1636178.3,1636178.3,new_observed,13509511.0,13509511.0,13604985.175224476,new_observed,2093798525.02,16345560.774056412,1,
2409902,Pendências,2025,ok,ok,2155510.07,2155510.07,2155510.07,new_observed,15422375.07,15422375.07,15613954.024634277,new_observed,2345916858.21,17769464.094634276,1,
2410009,Pilões,2019,ok,ok,144164.99,144164.99,144164.99,new_observed,1532135.91,1532135.91,1580089.028112142,new_observed,1391116025.9,3002730.7012092597,1,
2410009,Pilões,2020,ok,ok,137757.47,137757.47,137757.47,new_observed,1564819.84,1564819.84,1593409.1794511871,new_observed,1420520767.85,2951425.6564813927,1,
2410009,Pilões,2021,ok,ok,179899.4,179899.4,179899.4,new_observed,1861331.99,1861331.99,1824687.0392220484,new_observed,1656946146.84,2721375.0521779675,1,
2410009,Pilões,2022,ok,ok,200452.03,200452.03,200452.03,new_observed,1983833.36,1983833.36,1981863.1617897965,new_observed,1770317627.56,2773022.524658386,1,
2410009,Pilões,2023,ok,ok,331015.17,331015.17,331015.17,new_observed,2368115.85,2368115.85,2344124.5098875486,new_observed,2066540707.56,3301442.53260166,1,
2410009,Pilões,2024,ok,ok,237961.95,237961.95,237961.95,new_observed,2596217.45,2596217.45,2614565.3916643686,new_observed,2093798525.02,3059225.70141226,1,
2410009,Pilões,2025,ok,ok,297028.52,297028.52,297028.52,new_observed,2815422.43,2815422.43,2850396.0111472066,new_observed,2345916858.21,3147424.5311472067,1,
2410108,Poço Branco,2019,ok,ok,470953.03,470953.03,470953.03,new_observed,2151251.67,2151251.67,2218582.005871087,new_observed,1391116025.9,4683735.307765318,1,
2410108,Poço Branco,2020,ok,ok,257077.91,257077.91,257077.91,new_observed,2227633.92,2227633.92,2268332.9069912806,new_observed,1420520767.85,4305514.018992119,1,
2410108,Poço Branco,2021,ok,ok,339946.86,339946.86,339946.86,new_observed,2567514.77,2567514.77,2516966.8543816186,new_observed,1656946146.84,3878472.664696112,1,
2410108,Poço Branco,2022,ok,ok,309552.33,309552.33,309552.33,new_observed,2720090.9,2720090.9,2717389.504645518,new_observed,1770317627.56,3846272.032510005,1,
2410108,Poço Branco,2023,ok,ok,315748.46,315748.46,315748.46,new_observed,3226695.97,3226695.97,3194006.3697611657,new_observed,2066540707.56,4331457.51644067,1,
2410108,Poço Branco,2024,ok,ok,326609.08,326609.08,326609.08,new_observed,3418837.49,3418837.49,3442999.037341297,new_observed,2093798525.02,4042759.5095702526,1,
2410108,Poço Branco,2025,ok,ok,351436.7,351436.7,351436.7,new_observed,4111394.71,4111394.71,4162467.044647266,new_observed,2345916858.21,4513903.744647266,1,
2410207,Portalegre,2019,ok,ok,201820.25,201820.25,201820.25,new_observed,1795678.0,1795678.0,1851879.5149330816,new_observed,1391116025.9,3576449.4502861197,1,
2410207,Portalegre,2020,ok,ok,161188.2,161188.2,161188.2,new_observed,1625313.97,1625313.97,1655008.5403366634,new_observed,1420520767.85,3096391.4758563777,1,
2410207,Portalegre,2021,ok,ok,170186.09,170186.09,170186.09,new_observed,2134947.33,2134947.33,2092915.580563743,new_observed,1656946146.84,3072328.689006085,1,
2410207,Portalegre,2022,ok,ok,319449.76,319449.76,319449.76,new_observed,2287223.25,2287223.25,2284951.747138749,new_observed,1770317627.56,3309358.8266811813,1,
2410207,Portalegre,2023,ok,ok,336778.81,336778.81,336778.81,new_observed,2711966.64,2711966.64,2684491.753569143,new_observed,2066540707.56,3728609.468902141,1,
2410207,Portalegre,2024,ok,ok,429360.86,429360.86,429360.86,new_observed,2485103.76,2485103.76,2502666.4409758877,new_observed,2093798525.02,3144486.3456257954,1,
2410207,Portalegre,2025,ok,ok,581411.47,581411.47,581411.47,new_observed,2722071.4,2722071.4,2755885.3612663345,new_observed,2345916858.21,3337296.8312663343,1,
2410256,Porto do Mangue,2019,ok,ok,348976.08,348976.08,348976.08,new_observed,6818816.35,6818816.35,7032233.12568053,new_observed,1391116025.9,12854128.951494114,1,
2410256,Porto do Mangue,2020,ok,ok,148011.23,148011.23,148011.23,new_observed,7002339.1,7002339.1,7130272.197705495,new_observed,1420520767.85,12408575.714234859,1,
2410256,Porto do Mangue,2021,ok,ok,137789.3,137789.3,137789.3,new_observed,7934629.75,7934629.75,7778416.823884642,new_observed,1656946146.84,10746838.066907523,1,
2410256,Porto do Mangue,2022,ok,ok,145439.17,145439.17,145439.17,new_observed,7187812.37,7187812.37,7180673.96041773,new_observed,1770317627.56,9309139.580420764,1,
2410256,Porto do Mangue,2023,ok,absent_dca,,,163971.93964407512,imputed_temporal,,,8357661.781555561,imputed_temporal,2066540707.56,10516715.90307526,1,
2410256,Porto do Mangue,2024,ok,absent_dca,,,140484.30442966853,imputed_temporal,,,10870779.243223729,imputed_temporal,2093798525.02,11809156.027353073,1,
2410256,Porto do Mangue,2025,ok,ok,150997.46,150997.46,150997.46,new_observed,12092842.08,12092842.08,12243061.098389091,new_observed,2345916858.21,12394058.558389092,1,
2410306,Serra Caiada,2019,ok,ok,346290.59,346290.59,346290.59,new_observed,2023304.39,2023304.39,2086630.2044771803,new_observed,1391116025.9,4236850.18938545,1,
2410306,Serra Caiada,2020,ok,ok,611405.86,611405.86,611405.86,new_observed,2072185.05,2072185.05,2110043.9780924027,new_observed,1420520767.85,4639736.37518918,1,
2410306,Serra Caiada,2021,ok,ok,400598.91,400598.91,400598.91,new_observed,2515340.24,2515340.24,2465819.5098025883,new_observed,1656946146.84,3891376.008600287,1,
2410306,Serra Caiada,2022,ok,ok,789760.66,789760.66,789760.66,new_observed,2774906.65,2774906.65,2772150.8156514377,new_observed,1770317627.56,4526046.82860679,1,
2410306,Serra Caiada,2023,ok,ok,1068557.12,1068557.12,1068557.12,new_observed,3408168.61,3408168.61,3373640.513630436,new_observed,2066540707.56,5482203.533576404,1,
2410306,Serra Caiada,2024,ok,ok,990206.55,990206.55,990206.55,new_observed,4961485.77,4961485.77,4996549.49375571,new_observed,2093798525.02,6420565.261420583,1,
2410306,Serra Caiada,2025,ok,ok,970307.86,970307.86,970307.86,new_observed,5668750.95,5668750.95,5739168.987179994,new_observed,2345916858.21,6709476.847179994,1,
2410405,Pureza,2019,ok,ok,432843.77,432843.77,432843.77,new_observed,2700981.4,2700981.4,2785517.2947907555,new_observed,1391116025.9,5604668.149420665,1,
2410405,Pureza,2020,ok,ok,272571.2,272571.2,272571.2,new_observed,2705452.03,2705452.03,2754880.778586529,new_observed,1420520767.85,5161432.289721096,1,
2410405,Pureza,2021,ok,ok,322187.8,322187.8,322187.8,new_observed,3208231.05,3208231.05,3145069.0404588934,new_observed,1656946146.84,4707058.81297895,1,
2410405,Pureza,2022,ok,ok,323034.73,323034.73,323034.73,new_observed,3318021.33,3318021.33,3314726.1138706664,new_observed,1770317627.56,4622427.043226718,3,
2410405,Pureza,2023,ok,ok,509957.96,509957.96,509957.96,new_observed,3774748.48,3774748.48,3736506.569401479,new_observed,2066540707.56,5240645.457114843,4,
2410405,Pureza,2024,ok,ok,613074.55,613074.55,613074.55,new_observed,4239501.54,4239501.54,4269462.869680578,new_observed,2093798525.02,5236333.3189573325,2,
2410405,Pureza,2025,ok,ok,421038.06,421038.06,421038.06,new_observed,4819542.92,4819542.92,4879411.973257867,new_observed,2345916858.21,5300450.033257866,5,
2410504,Rafael Fernandes,2019,ok,partial,,,31392.499860778596,imputed_temporal,1628916.23,1628916.23,1679898.3993115823,new_observed,1391116025.9,2980155.863154641,1,
2410504,Rafael Fernandes,2020,ok,absent_dca,,,31757.533227239306,imputed_temporal,,,1678936.601065641,imputed_temporal,1420520767.85,2916522.5427285447,1,
2410504,Rafael Fernandes,2021,ok,ok,36963.44,36963.44,36963.44,new_observed,1951324.69,1951324.69,1912908.0090419448,new_observed,1656946146.84,2647095.387134398,1,
2410504,Rafael Fernandes,2022,ok,absent_dca,,,30484.300856646587,imputed_temporal,,,1983159.274806486,imputed_temporal,1770317627.56,2558695.010214348,1,
2410504,Rafael Fernandes,2023,ok,ok,18183.56,18183.56,18183.56,new_observed,2263241.43,2263241.43,2240312.5707958685,new_observed,2066540707.56,2787254.5280473703,1,
2410504,Rafael Fernandes,2024,ok,absent_dca,,,183094.76072837223,imputed_temporal,,,2275704.810194478,imputed_temporal,2093798525.02,2636967.8327429225,1,
2410504,Rafael Fernandes,2025,ok,ok,371061.76,371061.76,371061.76,new_observed,2543697.46,2543697.46,2575295.634605454,new_observed,2345916858.21,2946357.394605454,1,
2410603,Rafael Godeiro,2019,ok,ok,143311.86,143311.86,143311.86,new_observed,1544342.76,1544342.76,1592677.9307198818,new_observed,1391116025.9,3023168.15667783,1,
2410603,Rafael Godeiro,2020,ok,ok,96550.59,96550.59,96550.59,new_observed,1567414.2,1567414.2,1596050.9385426368,new_observed,1420520767.85,2885676.881035143,1,
2410603,Rafael Godeiro,2021,ok,ok,138750.47,138750.47,138750.47,new_observed,1857862.12,1857862.12,1821285.4822452161,new_observed,1656946146.84,2660894.455557659,1,
2410603,Rafael Godeiro,2022,ok,ok,152409.69,152409.69,152409.69,new_observed,1968143.27,1968143.27,1966188.654039727,new_observed,1770317627.56,2692058.8514566873,1,
2410603,Rafael Godeiro,2023,ok,ok,112455.22,112455.22,112455.22,new_observed,2333901.98,2333901.98,2310257.2600040147,new_observed,2066540707.56,2989917.156806677,1,
2410603,Rafael Godeiro,2024,ok,ok,148397.66,148397.66,148397.66,new_observed,3477174.53,3477174.53,3501748.3558300617,new_observed,2093798525.02,3914641.007093549,1,
2410603,Rafael Godeiro,2025,ok,ok,109095.9,109095.9,109095.9,new_observed,3968016.96,3968016.96,4017308.2356768977,new_observed,2345916858.21,4126404.1356768976,1,
2410702,Riacho da Cruz,2019,ok,ok,79797.14,79797.14,79797.14,new_observed,1608107.82,1608107.82,1658438.7232352877,new_observed,1391116025.9,3027079.61683875,1,
2410702,Riacho da Cruz,2020,ok,ok,60908.83,60908.83,60908.83,new_observed,1592784.94,1592784.94,1621885.2032752908,new_observed,1420520767.85,2868956.3110270267,1,
2410702,Riacho da Cruz,2021,ok,ok,84096.22,84096.22,84096.22,new_observed,1908074.77,1908074.77,1870509.5713127407,new_observed,1656946146.84,2653522.6085762507,1,
2410702,Riacho da Cruz,2022,ok,ok,99568.91,99568.91,99568.91,new_observed,2017624.63,2017624.63,2015620.8727716769,new_observed,1770317627.56,2687727.663547378,1,
2410702,Riacho da Cruz,2023,ok,ok,203403.44,203403.44,203403.44,new_observed,2334616.56,2334616.56,2310964.600606577,new_observed,2066540707.56,3103031.08816426,1,
2410702,Riacho da Cruz,2024,ok,ok,209934.65,209934.65,209934.65,new_observed,1936837.53,1936837.53,1950525.5136524478,new_observed,2093798525.02,2317010.3097650055,1,
2410702,Riacho da Cruz,2025,ok,ok,221852.18,221852.18,221852.18,new_observed,3744990.91,3744990.91,3791511.724102641,new_observed,2345916858.21,4013363.904102641,1,
2410801,Riacho de Santana,2019,ok,ok,80518.35,80518.35,80518.35,new_observed,1588909.07,1588909.07,1638639.0866426905,new_observed,1391116025.9,2993855.175046188,1,
2410801,Riacho de Santana,2020,ok,ok,24651.38,24651.38,24651.38,new_observed,1618230.33,1618230.33,1647795.4818673078,new_observed,1420520767.85,2851315.6597499163,1,
2410801,Riacho de Santana,2021,ok,ok,89784.91,89784.91,89784.91,new_observed,1863985.1,1863985.1,1827287.9161513865,new_observed,1656946146.84,2602568.819292904,1,
2410801,Riacho de Santana,2022,ok,ok,155428.03,155428.03,155428.03,new_observed,2045643.52,2045643.52,2043611.936459224,new_observed,1770317627.56,2794274.347975495,1,
2410801,Riacho de Santana,2023,ok,ok,146416.74,146416.74,146416.74,new_observed,2389609.95,2389609.95,2365400.853537701,new_observed,2066540707.56,3099883.531237181,1,
2410801,Riacho de Santana,2024,ok,ok,191124.7,191124.7,191124.7,new_observed,1965940.03,1965940.03,1979833.6863214637,new_observed,2093798525.02,2328269.2492111255,1,
2410801,Riacho de Santana,2025,ok,ok,184568.19,184568.19,184568.19,new_observed,2373032.94,2373032.94,2402511.0954653183,new_observed,2345916858.21,2587079.2854653182,1,
2410900,Riachuelo,2019,ok,ok,165466.35,165466.35,165466.35,new_observed,2011319.88,2011319.88,2074270.600714417,new_observed,1391116025.9,3900426.9869160242,1,
2410900,Riachuelo,2020,ok,ok,2870095.46,2870095.46,2870095.46,new_observed,2046508.11,2046508.11,2083897.9190699037,new_observed,1420520767.85,8445947.803847253,1,
2410900,Riachuelo,2021,ok,ok,3052678.12,3052678.12,3052678.12,new_observed,2414100.25,2414100.25,2366572.6808669455,new_observed,1656946146.84,7357035.667016782,1,
2410900,Riachuelo,2022,ok,ok,1098421.22,1098421.22,1098421.22,new_observed,2715347.57,2715347.57,2712650.8853739817,new_observed,1770317627.56,4842650.058551786,1,
2410900,Riachuelo,2023,ok,ok,1282349.18,1282349.18,1282349.18,new_observed,4791880.56,4791880.56,4743334.102151155,new_observed,2066540707.56,7436414.33949977,1,
2410900,Riachuelo,2024,ok,ok,1231752.89,1231752.89,1231752.89,new_observed,16201502.74,16201502.74,16316001.711243194,new_observed,2093798525.02,18819290.912344486,1,
2410900,Riachuelo,2025,ok,ok,1108565.66,1108565.66,1108565.66,new_observed,19701500.05,19701500.05,19946234.90874742,new_observed,2345916858.21,21054800.56874742,1,
2411007,Rodolfo Fernandes,2019,ok,ok,99065.22,99065.22,99065.22,new_observed,1819166.01,1819166.01,1876102.6577045268,new_observed,1391116025.9,3439688.795343138,1,
2411007,Rodolfo Fernandes,2020,ok,ok,120488.42,120488.42,120488.42,new_observed,1934920.63,1934920.63,1970271.7300360107,new_observed,1420520767.85,3564488.231286921,1,
2411007,Rodolfo Fernandes,2021,ok,ok,79924.54,79924.54,79924.54,new_observed,2234653.68,2234653.68,2190658.9630181207,new_observed,1656946146.84,3082485.832538305,2,
2411007,Rodolfo Fernandes,2022,ok,ok,90756.6,90756.6,90756.6,new_observed,2492122.24,2492122.24,2489647.2464466826,new_observed,1770317627.56,3278865.498362447,1,
2411007,Rodolfo Fernandes,2023,ok,ok,172078.09,172078.09,172078.09,new_observed,3117941.76,3117941.76,3086353.9467538795,new_observed,2066540707.56,4021295.1109092417,2,
2411007,Rodolfo Fernandes,2024,ok,ok,269105.24,269105.24,269105.24,new_observed,4527438.6,4527438.6,4559434.833336237,new_observed,2093798525.02,5178423.244851511,5,
2411007,Rodolfo Fernandes,2025,ok,ok,364184.94,364184.94,364184.94,new_observed,4820592.82,4820592.82,4880474.915266219,new_observed,2345916858.21,5244659.855266219,1,
2411056,Tibau,2019,ok,ok,875410.13,875410.13,875410.13,new_observed,3935040.88,3935040.88,4058200.6329064816,new_observed,1391116025.9,8591718.128524749,1,
2411056,Tibau,2020,ok,ok,275260.84,275260.84,275260.84,new_observed,4084325.7,4084325.7,4158946.5418897006,new_observed,1420520767.85,7559776.77667101,1,
2411056,Tibau,2021,ok,ok,571973.78,571973.78,571973.78,new_observed,5533091.9,5533091.9,5424159.22092141,new_observed,1656946146.84,8140196.121740311,1,
2411056,Tibau,2022,ok,ok,755345.51,755345.51,755345.51,new_observed,6626962.84,6626962.84,6620381.425154525,new_observed,1770317627.56,9372182.81019194,1,
2411056,Tibau,2023,ok,ok,966529.11,966529.11,966529.11,new_observed,7584507.22,7584507.22,7507668.71047338,new_observed,2066540707.56,10458174.324328044,1,
2411056,Tibau,2024,ok,ok,1388761.0,1388761.0,1388761.0,new_observed,6112448.6,6112448.6,6155646.387742799,new_observed,2093798525.02,8091086.330846788,2,
2411056,Tibau,2025,ok,ok,895490.63,895490.63,895490.63,new_observed,4744723.61,4744723.61,4803663.24706022,new_observed,2345916858.21,5699153.87706022,1,
2411106,Ruy Barbosa,2019,ok,ok,26859.53,26859.53,26859.53,new_observed,1565175.72,1565175.72,1614162.9251673385,new_observed,1391116025.9,2857785.7181970538,1,
2411106,Ruy Barbosa,2020,ok,ok,505460.14,505460.14,505460.14,new_observed,1634455.74,1634455.74,1664317.3309476206,new_observed,1420520767.85,3699203.0193282007,1,
2411106,Ruy Barbosa,2021,ok,ok,1496266.63,1496266.63,1496266.63,new_observed,1941547.72,1941547.72,1903323.5230191892,new_observed,1656946146.84,4615196.256464101,1,
2411106,Ruy Barbosa,2022,ok,ok,898748.43,898748.43,898748.43,new_observed,2001466.38,2001466.38,1999478.6699638816,new_observed,1770317627.56,3682716.896262763,1,
2411106,Ruy Barbosa,2023,ok,ok,409467.0,409467.0,409467.0,new_observed,2863756.09,2863756.09,2834743.4273153194,new_observed,2066540707.56,4003743.9427831406,1,
2411106,Ruy Barbosa,2024,ok,ok,509276.98,509276.98,509276.98,new_observed,10060863.94,10060863.94,10131965.898221668,new_observed,2093798525.02,11412323.11169771,1,
2411106,Ruy Barbosa,2025,ok,ok,454092.73,454092.73,454092.73,new_observed,12107825.9,12107825.9,12258231.04954976,new_observed,2345916858.21,12712323.77954976,1,
2411205,Santa Cruz,2019,ok,ok,2995954.45,2995954.45,2995954.45,new_observed,5727163.84,5727163.84,5906413.8414356485,new_observed,1391116025.9,15503176.620944424,1,
2411205,Santa Cruz,2020,ok,ok,3964202.06,3964202.06,3964202.06,new_observed,5865468.93,5865468.93,5972631.350870226,new_observed,1420520767.85,16941075.593341272,1,
2411205,Santa Cruz,2021,ok,ok,3131503.26,3131503.26,3131503.26,new_observed,7029321.27,7029321.27,6890931.593507328,new_observed,1656946146.84,13606200.081348827,1,
2411205,Santa Cruz,2022,ok,ok,3668587.61,3668587.61,3668587.61,new_observed,8409543.96,8409543.96,8401192.215950986,new_observed,1770317627.56,15336818.18783458,1,
2411205,Santa Cruz,2023,ok,ok,3298976.92,3298976.92,3298976.92,new_observed,10829709.46,10829709.46,10719993.863537986,new_observed,2066540707.56,17301087.773486976,1,
2411205,Santa Cruz,2024,ok,ok,4491280.46,4491280.46,4491280.46,new_observed,11897230.61,11897230.61,11981310.506004019,new_observed,2093798525.02,17666219.3262792,1,
2411205,Santa Cruz,2025,ok,ok,4740281.32,4740281.32,4740281.32,new_observed,12767615.04,12767615.04,12926216.184858296,new_observed,2345916858.21,17666497.504858296,1,
2411403,Santana do Matos,2019,ok,ok,797098.92,797098.92,797098.92,new_observed,6155119.02,6155119.02,6347763.254388026,new_observed,1391116025.9,12442538.501626007,1,
2411403,Santana do Matos,2020,ok,ok,763160.89,763160.89,763160.89,new_observed,6472924.14,6472924.14,6591184.798990776,new_observed,1420520767.85,12538252.490019867,1,
2411403,Santana do Matos,2021,ok,ok,1516693.34,1516693.34,1516693.34,new_observed,7248870.84,7248870.84,7106158.784034352,new_observed,1656946146.84,11706162.523015827,1,
2411403,Santana do Matos,2022,ok,ok,2451771.57,2451771.57,2451771.57,new_observed,7693950.47,7693950.47,7686309.401072018,new_observed,1770317627.56,12882248.629968371,1,
2411403,Santana do Matos,2023,ok,ok,6117410.96,6117410.96,6117410.96,new_observed,9617050.94,9617050.94,9519620.765720174,new_observed,2066540707.56,19297968.62984897,1,
2411403,Santana do Matos,2024,ok,ok,4943025.86,4943025.86,4943025.86,new_observed,9540009.96,9540009.96,9607430.948262589,new_observed,2093798525.02,15604804.478106692,1,
2411403,Santana do Matos,2025,ok,ok,3340283.96,3340283.96,3340283.96,new_observed,11427139.0,11427139.0,11569088.559269836,new_observed,2345916858.21,14909372.519269835,1,
2411429,Santana do Seridó,2019,ok,ok,102035.4,102035.4,102035.4,new_observed,1796585.85,1796585.85,1852815.7790169718,new_observed,1391116025.9,3404307.944113843,1,
2411429,Santana do Seridó,2020,ok,ok,200213.67,200213.67,200213.67,new_observed,1783329.17,1783329.17,1815910.6862174408,new_observed,1420520767.85,3437243.4066261547,1,
2411429,Santana do Seridó,2021,ok,ok,175946.4,175946.4,175946.4,new_observed,2134054.01,2134054.01,2092039.847790312,new_observed,1656946146.84,3078959.865564368,1,
2411429,Santana do Seridó,2022,ok,ok,160739.82,160739.82,160739.82,new_observed,2171638.85,2171638.85,2169482.137111838,new_observed,1770317627.56,2960964.5750690806,1,
2411429,Santana do Seridó,2023,ok,ok,554973.07,554973.07,554973.07,new_observed,2553355.83,2553355.83,2527487.826901401,new_observed,2066540707.56,3804125.6636511497,1,
2411429,Santana do Seridó,2024,ok,ok,512374.96,512374.96,512374.96,new_observed,2459195.27,2459195.27,2476574.8509573853,new_observed,2093798525.02,3205533.545062169,1,
2411429,Santana do Seridó,2025,ok,ok,767139.13,767139.13,767139.13,new_observed,2425576.81,2425576.81,2455707.672953066,new_observed,2345916858.21,3222846.802953066,1,
2411502,Santo Antônio,2019,ok,ok,861394.61,861394.61,861394.61,new_observed,3214872.11,3214872.11,3315491.8663806603,new_observed,1391116025.9,7273908.093788918,1,
2411502,Santo Antônio,2020,ok,ok,868118.52,868118.52,868118.52,new_observed,3444488.59,3444488.59,3507419.5747804907,new_observed,1420520767.85,7459752.877021319,1,
2411502,Santo Antônio,2021,ok,ok,804043.77,804043.77,804043.77,new_observed,4087800.55,4087800.55,4007322.0266900156,new_observed,1656946146.84,6531786.601876841,1,
2411502,Santo Antônio,2022,ok,ok,993115.35,993115.35,993115.35,new_observed,4659976.43,4659976.43,4655348.48220605,new_observed,1770317627.56,7177385.510284399,1,
2411502,Santo Antônio,2023,ok,ok,1513478.33,1513478.33,1513478.33,new_observed,5757544.81,5757544.81,5699215.224583226,new_observed,2066540707.56,8901327.080133582,1,
2411502,Santo Antônio,2024,ok,ok,1977757.07,1977757.07,1977757.07,new_observed,5755395.99,5755395.99,5796070.421904717,new_observed,2093798525.02,8337130.555847384,1,
2411502,Santo Antônio,2025,ok,ok,2428505.91,2428505.91,2428505.91,new_observed,6267664.38,6267664.38,6345522.205689548,new_observed,2345916858.21,8774028.115689548,1,
2411601,São Bento do Norte,2019,ok,ok,4231384.98,4231384.98,4231384.98,new_observed,6523575.65,6523575.65,6727751.918969471,new_observed,1391116025.9,19084970.357975785,1,
2411601,São Bento do Norte,2020,ok,ok,9167550.02,9167550.02,9167550.02,new_observed,8923888.4,8923888.4,9086928.302850483,new_observed,1420520767.85,31121634.46819189,1,
2411601,São Bento do Norte,2021,ok,ok,7850703.68,7850703.68,7850703.68,new_observed,10410389.89,10410389.89,10205435.466421682,new_observed,1656946146.84,24512550.64400991,1,
2411601,São Bento do Norte,2022,ok,ok,4516847.79,4516847.79,4516847.79,new_observed,12423479.93,12423479.93,12411141.83829527,new_observed,1770317627.56,21510044.33871338,1,
2411601,São Bento do Norte,2023,ok,ok,3673753.25,3673753.25,3673753.25,new_observed,25224980.15,25224980.15,24969426.31883566,new_observed,2066540707.56,35349111.67759135,1,
2411601,São Bento do Norte,2024,ok,ok,4496661.14,4496661.14,4496661.14,new_observed,25052524.74,25052524.74,25229575.496081572,new_observed,2093798525.02,31880243.808742248,1,
2411601,São Bento do Norte,2025,ok,ok,6480298.93,6480298.93,6480298.93,new_observed,19360899.35,19360899.35,19601403.218011066,new_observed,2345916858.21,26081702.148011066,1,
2411700,São Bento do Trairí,2019,ok,ok,114860.06,114860.06,114860.06,new_observed,1666597.29,1666597.29,1718758.8092040934,new_observed,1391116025.9,3193185.9314464694,3,
2411700,São Bento do Trairí,2020,ok,ok,82566.89,82566.89,82566.89,new_observed,1714900.0,1714900.0,1746231.3117405516,new_observed,1420520767.85,3117875.413586108,1,
2411700,São Bento do Trairí,2021,ok,ok,125142.63,125142.63,125142.63,new_observed,2058914.9,2058914.9,2018380.0380990386,new_observed,1656946146.84,2909991.3072376717,1,
2411700,São Bento do Trairí,2022,ok,ok,124260.17,124260.17,124260.17,new_observed,2134596.5,2134596.5,2132476.574864853,new_observed,1770317627.56,2867588.4442714634,1,
2411700,São Bento do Trairí,2023,ok,ok,120976.73,120976.73,120976.73,new_observed,2525889.3,2525889.3,2500299.559834753,new_observed,2066540707.56,3234968.6627669875,1,
2411700,São Bento do Trairí,2024,ok,ok,86491.46,86491.46,86491.46,new_observed,3834729.14,3834729.14,3861829.869393593,new_observed,2093798525.02,4234422.545891344,1,
2411700,São Bento do Trairí,2025,ok,ok,366931.1,366931.1,366931.1,new_observed,4724368.3,4724368.3,4783055.080480519,new_observed,2345916858.21,5149986.180480518,5,
2411809,São Fernando,2019,ok,ok,124501.62,124501.62,124501.62,new_observed,2052815.66,2052815.66,2117065.124531143,new_observed,1391116025.9,3903613.5116465176,1,
2411809,São Fernando,2020,ok,ok,86598.65,86598.65,86598.65,new_observed,2076808.24,2076808.24,2114751.6340129375,new_observed,1420520767.85,3753030.772166328,5,
2411809,São Fernando,2021,ok,ok,137791.1,137791.1,137791.1,new_observed,2478480.23,2478480.23,2429685.180798446,new_observed,1656946146.84,3485539.8404945545,1,
2411809,São Fernando,2022,ok,ok,308707.38,308707.38,308707.38,new_observed,2711653.39,2711653.39,2708960.374163393,new_observed,1770317627.56,3834487.651331163,1,
2411809,São Fernando,2023,ok,ok,435641.07,435641.07,435641.07,new_observed,3201681.96,3201681.96,3169245.7762574432,new_observed,2066540707.56,4448861.810442311,1,
2411809,São Fernando,2024,ok,ok,1256287.97,1256287.97,1256287.97,new_observed,2803452.47,2803452.47,2823264.979302096,new_observed,2093798525.02,4375163.40351545,1,
2411809,São Fernando,2025,ok,ok,831157.79,831157.79,831157.79,new_observed,3203673.75,3203673.75,3243470.2447181297,new_observed,2345916858.21,4074628.03471813,1,
2411908,São Francisco do Oeste,2019,ok,ok,24954.94,24954.94,24954.94,new_observed,1633200.35,1633200.35,1684316.604617609,new_observed,1391116025.9,2976639.224739136,1,
2411908,São Francisco do Oeste,2020,ok,ok,43744.19,43744.19,43744.19,new_observed,1681536.3,1681536.3,1712258.055215088,new_observed,1420520767.85,2993767.284628408,1,
2411908,São Francisco do Oeste,2021,ok,ok,43319.18,43319.18,43319.18,new_observed,1993082.34,1993082.34,1953843.5558185144,new_observed,1656946146.84,2711296.8231518418,1,
2411908,São Francisco do Oeste,2022,ok,ok,82184.68,82184.68,82184.68,new_observed,2141698.29,2141698.29,2139571.3118863977,new_observed,1770317627.56,2823139.129019613,1,
2411908,São Francisco do Oeste,2023,ok,ok,123903.09,123903.09,123903.09,new_observed,2577140.05,2577140.05,2551031.0893860287,new_observed,2066540707.56,3301188.920387954,1,
2411908,São Francisco do Oeste,2024,ok,ok,149323.5,149323.5,149323.5,new_observed,2357868.45,2357868.45,2374531.935862039,new_observed,2093798525.02,2706737.7420940627,1,
2411908,São Francisco do Oeste,2025,ok,ok,190394.02,190394.02,190394.02,new_observed,2662737.8,2662737.8,2695814.7107789037,new_observed,2345916858.21,2886208.7307789037,1,
2412005,São Gonçalo do Amarante,2019,ok,partial,,,12343455.369795665,imputed_temporal,44124180.54,44124180.54,45505188.60020277,new_observed,1391116025.9,100741478.6031491,1,
2412005,São Gonçalo do Amarante,2020,ok,ok,12481859.64,12481859.64,12481859.64,new_observed,46010262.52,46010262.52,46850872.39712331,new_observed,1420520767.85,101154991.43829761,1,
2412005,São Gonçalo do Amarante,2021,ok,ok,14611698.73,14611698.73,14611698.73,new_observed,48221249.85,48221249.85,47271894.58361114,new_observed,1656946146.84,84011576.49661921,1,
2412005,São Gonçalo do Amarante,2022,ok,partial,,,16514253.098541308,imputed_temporal,43500932.26,43500932.26,43457730.315416895,new_observed,1770317627.56,76205151.97850661,1,
2412005,São Gonçalo do Amarante,2023,ok,ok,17253122.57,17253122.57,17253122.57,new_observed,34083669.37,34083669.37,33738368.3138308,new_observed,2066540707.56,62929602.54386617,1,
2412005,São Gonçalo do Amarante,2024,ok,ok,23715025.3,23715025.3,23715025.3,new_observed,32088097.66,32088097.66,32314870.091556624,new_observed,2093798525.02,60089904.670038536,1,
2412005,São Gonçalo do Amarante,2025,ok,ok,26725130.46,26725130.46,26725130.46,new_observed,35442683.82,35442683.82,35882957.920769155,new_observed,2345916858.21,62608088.380769156,1,
2412104,São João do Sabugi,2019,ok,ok,230340.14,230340.14,230340.14,new_observed,2112633.33,2112633.33,2178754.9807882374,new_observed,1391116025.9,4195358.575556351,1,
2412104,São João do Sabugi,2020,ok,ok,247859.86,247859.86,247859.86,new_observed,2057673.56,2057673.56,2095267.3624191796,new_observed,1420520767.85,3994742.968760584,1,
2412104,São João do Sabugi,2021,ok,ok,242164.07,242164.07,242164.07,new_observed,2498132.41,2498132.41,2448950.4587451597,new_observed,1656946146.84,3653387.9496475616,1,
2412104,São João do Sabugi,2022,ok,partial,,,317290.50355509913,imputed_temporal,2661474.03,2661474.03,2658830.8486339957,new_observed,1770317627.56,3781695.5024579507,1,
2412104,São João do Sabugi,2023,ok,ok,384241.09,384241.09,384241.09,new_observed,3153222.15,3153222.15,3121276.911742013,new_observed,2066540707.56,4326228.763590525,1,
2412104,São João do Sabugi,2024,ok,ok,449986.99,449986.99,449986.99,new_observed,2741368.31,2741368.31,2760742.059233689,new_observed,2093798525.02,3443383.2357083005,1,
2412104,São João do Sabugi,2025,ok,ok,538132.35,538132.35,538132.35,new_observed,3023914.43,3023914.43,3061477.9286682312,new_observed,2345916858.21,3599610.2786682313,1,
2412203,São José de Mipibu,2019,ok,ok,2047287.15,2047287.15,2047287.15,new_observed,10429398.74,10429398.74,10755820.297221934,new_observed,1391116025.9,22296183.392251126,1,
2412203,São José de Mipibu,2020,ok,ok,1804490.61,1804490.61,1804490.61,new_observed,10280292.15,10280292.15,10468113.61955251,new_observed,1420520767.85,20923276.800893947,1,
2412203,São José de Mipibu,2021,ok,ok,2184717.66,2184717.66,2184717.66,new_observed,12581361.45,12581361.45,12333666.050398089,new_observed,1656946146.84,19709784.74879717,1,
2412203,São José de Mipibu,2022,ok,ok,3381784.01,3381784.01,3381784.01,new_observed,15463684.64,15463684.64,15448327.239315461,new_observed,1770317627.56,23927030.720686376,1,
2412203,São José de Mipibu,2023,ok,ok,3954393.88,3954393.88,3954393.88,new_observed,21392111.85,21392111.85,21175388.740310512,new_observed,2066540707.56,31013159.350697752,1,
2412203,São José de Mipibu,2024,ok,ok,6394194.66,6394194.66,6394194.66,new_observed,24482649.52,24482649.52,24655672.864089355,new_observed,2093798525.02,33299786.953038245,2,
2412203,São José de Mipibu,2025,ok,ok,6878933.63,6878933.63,6878933.63,new_observed,28592715.35,28592715.35,28947898.160173252,new_observed,2345916858.21,35826831.790173255,1,
2412302,São José do Campestre,2019,ok,ok,329303.4,329303.4,329303.4,new_observed,2409752.05,2409752.05,2485172.986171796,new_observed,1391116025.9,4901316.490385523,2,
2412302,São José do Campestre,2020,ok,ok,197799.47,197799.47,197799.47,new_observed,2398711.83,2398711.83,2442536.4192597116,new_observed,1420520767.85,4501447.095090573,1,
2412302,São José do Campestre,2021,ok,ok,161488.04,161488.04,161488.04,new_observed,2844337.81,2844337.81,2788339.9441688126,new_observed,1656946146.84,4004610.6903969804,1,
2412302,São José do Campestre,2022,ok,ok,346469.41,346469.41,346469.41,new_observed,3099969.59,3099969.59,3096890.926912137,new_observed,1770317627.56,4375406.362332821,5,
2412302,São José do Campestre,2023,ok,ok,1704372.27,1704372.27,1704372.27,new_observed,3658789.85,3658789.85,3621722.7142467652,new_observed,2066540707.56,6573038.651352884,1,
2412302,São José do Campestre,2024,ok,ok,1535812.93,1535812.93,1535812.93,new_observed,5288739.4,5288739.4,5326115.884773742,new_observed,2093798525.02,7359154.3487778995,1,
2412302,São José do Campestre,2025,ok,ok,1146344.07,1146344.07,1146344.07,new_observed,5139218.4,5139218.4,5203058.507910774,new_observed,2345916858.21,6349402.577910774,3,
2412401,São José do Seridó,2019,ok,ok,204653.53,204653.53,204653.53,new_observed,2021721.54,2021721.54,2084997.8140986091,new_observed,1391116025.9,3987351.233501832,3,
2412401,São José do Seridó,2020,ok,ok,251971.47,251971.47,251971.47,new_observed,2121704.16,2121704.16,2160467.804794557,new_observed,1420520767.85,4112911.470764088,1,
2412401,São José do Seridó,2021,ok,ok,186032.28,186032.28,186032.28,new_observed,2656372.7,2656372.7,2604075.3949720054,new_observed,1656946146.84,3787778.5018369164,1,
2412401,São José do Seridó,2022,ok,partial,,,238617.2775898917,imputed_temporal,2911970.42,2911970.42,2909078.4639389077,new_observed,1770317627.56,3999711.5104495846,1,
2412401,São José do Seridó,2023,ok,ok,283614.72,283614.72,283614.72,new_observed,3389074.01,3389074.01,3354739.3606878975,new_observed,2066540707.56,4490164.383174474,1,
2412401,São José do Seridó,2024,ok,ok,383434.62,383434.62,383434.62,new_observed,3049122.53,3049122.53,3070671.234369101,new_observed,2093798525.02,3704395.484924266,1,
2412401,São José do Seridó,2025,ok,ok,299842.85,299842.85,299842.85,new_observed,3613438.89,3613438.89,3658325.5460461,new_observed,2345916858.21,3958168.3960461,1,
2412500,São Miguel,2019,ok,ok,682685.72,682685.72,682685.72,new_observed,3309465.77,3309465.77,3413046.139026728,new_observed,1391116025.9,7132580.042055364,1,
2412500,São Miguel,2020,ok,ok,779688.14,779688.14,779688.14,new_observed,3352801.03,3352801.03,3414056.8783147545,new_observed,1420520767.85,7149818.099672326,1,
2412500,São Miguel,2021,ok,ok,1132990.53,1132990.53,1132990.53,new_observed,4046457.18,4046457.18,3966792.603781015,new_observed,1656946146.84,6923334.569286845,1,
2412500,São Miguel,2022,ok,ok,1731012.9,1731012.9,1731012.9,new_observed,4560287.09,4560287.09,4555758.146367995,new_observed,1770317627.56,7988469.211292475,1,
2412500,São Miguel,2023,ok,ok,2006595.76,2006595.76,2006595.76,new_observed,5576315.64,5576315.64,5519822.084123658,new_observed,2066540707.56,9288500.40075905,1,
2412500,São Miguel,2024,ok,ok,2251666.22,2251666.22,2251666.22,new_observed,6940482.77,6940482.77,6989532.426062713,new_observed,2093798525.02,9910829.599058622,1,
2412500,São Miguel,2025,ok,ok,2508066.64,2508066.64,2508066.64,new_observed,7956551.88,7956551.88,8055389.308395118,new_observed,2345916858.21,10563455.948395118,1,
2412559,São Miguel do Gostoso,2019,ok,ok,2307595.27,2307595.27,2307595.27,new_observed,13592146.12,13592146.12,14017556.022630539,new_observed,1391116025.9,28429704.94680302,1,
2412559,São Miguel do Gostoso,2020,ok,ok,3097967.4,3097967.4,3097967.4,new_observed,11099225.91,11099225.91,11302009.341724895,new_observed,1420520767.85,24550184.594727285,1,
2412559,São Miguel do Gostoso,2021,ok,ok,6218157.02,6218157.02,6218157.02,new_observed,11765852.62,11765852.62,11534212.540510185,new_observed,1656946146.84,24100160.85799958,1,
2412559,São Miguel do Gostoso,2022,ok,ok,3785378.36,3785378.36,3785378.36,new_observed,14415397.62,14415397.62,14401081.301319737,new_observed,1770317627.56,23109156.035004307,1,
2412559,São Miguel do Gostoso,2023,ok,ok,5158338.63,5158338.63,5158338.63,new_observed,18760363.34,18760363.34,18570302.428274285,new_observed,2066540707.56,29283982.970907077,1,
2412559,São Miguel do Gostoso,2024,ok,ok,6718883.33,6718883.33,6718883.33,new_observed,18034016.09,18034016.09,18161465.766911153,new_observed,2093798525.02,26683216.074966423,5,
2412559,São Miguel do Gostoso,2025,ok,ok,6038353.66,6038353.66,6038353.66,new_observed,23423930.34,23423930.34,23714905.761593305,new_observed,2345916858.21,29753259.421593305,1,
2412609,São Paulo do Potengi,2019,ok,partial,,,767195.707172691,imputed_temporal,2961597.06,2961597.06,3054289.7595782983,new_observed,1391116025.9,6654989.122659472,1,
2412609,São Paulo do Potengi,2020,ok,partial,,,776116.692534336,imputed_temporal,3013017.46,3013017.46,3068065.4449081495,new_observed,1420520767.85,6553856.494539143,1,
2412609,São Paulo do Potengi,2021,ok,ok,903342.92,903342.92,903342.92,new_observed,3588523.25,3588523.25,3517874.2424246315,new_observed,1656946146.84,6002130.838894044,1,
2412609,São Paulo do Potengi,2022,ok,ok,1068419.78,1068419.78,1068419.78,new_observed,3908094.57,3908094.57,3904213.336282305,new_observed,1770317627.56,6318621.476031613,6,
2412609,São Paulo do Potengi,2023,ok,ok,1337344.55,1337344.55,1337344.55,new_observed,4619683.05,4619683.05,4572881.122102647,new_observed,2066540707.56,7293925.8304351885,1,
2412609,São Paulo do Potengi,2024,ok,ok,1596311.22,1596311.22,1596311.22,new_observed,4974329.26,4974329.26,5009483.7510392,new_observed,2093798525.02,7084460.667034947,1,
2412609,São Paulo do Potengi,2025,ok,ok,2242888.31,2242888.31,2242888.31,new_observed,6710405.35,6710405.35,6793762.9675063975,new_observed,2345916858.21,9036651.277506398,1,
2412708,São Pedro,2019,ok,partial,,,107521.11080906716,imputed_temporal,1816535.51,1816535.51,1873389.8277517,new_observed,1391116025.9,3449690.143735429,1,
2412708,São Pedro,2020,ok,partial,,,108771.3710055565,imputed_temporal,1810064.35,1810064.35,1843134.3193395007,new_observed,1420520767.85,3327758.5005133636,1,
2412708,São Pedro,2021,ok,ok,126601.9,126601.9,126601.9,new_observed,2177268.01,2177268.01,2134403.0726940767,new_observed,1656946146.84,3069482.2658422734,1,
2412708,São Pedro,2022,ok,ok,159998.18,159998.18,159998.18,new_observed,2296274.0,2296274.0,2293993.5085957535,new_observed,1770317627.56,3118236.198603138,1,
2412708,São Pedro,2023,ok,ok,132953.2,132953.2,132953.2,new_observed,2732925.83,2732925.83,2705238.6063831174,new_observed,2066540707.56,3502668.371196468,1,
2412708,São Pedro,2024,ok,ok,118035.38,118035.38,118035.38,new_observed,3834967.04,3834967.04,3862069.4506762307,new_observed,2093798525.02,4268509.126792609,1,
2412708,São Pedro,2025,ok,ok,566450.36,566450.36,566450.36,new_observed,2814882.39,2814882.39,2849849.262692887,new_observed,2345916858.21,3416299.6226928867,1,
2412807,São Rafael,2019,ok,ok,119307.95,119307.95,119307.95,new_observed,2298446.65,2298446.65,2370383.925905182,new_observed,1391116025.9,4335715.128863078,1,
2412807,São Rafael,2020,ok,ok,73699.83,73699.83,73699.83,new_observed,2324405.82,2324405.82,2366872.834611915,new_observed,1420520767.85,4160875.431100931,1,
2412807,São Rafael,2021,ok,ok,129385.36,129385.36,129385.36,new_observed,2750983.31,2750983.31,2696823.3597452813,new_observed,1656946146.84,3836788.35278736,1,
2412807,São Rafael,2022,ok,ok,539877.36,539877.36,539877.36,new_observed,2952479.34,2952479.34,2949547.153442087,new_observed,1770317627.56,4433939.153369586,1,
2412807,São Rafael,2023,ok,ok,278482.35,278482.35,278482.35,new_observed,3328788.2,3328788.2,3295064.305170904,new_observed,2066540707.56,4410184.263766576,1,
2412807,São Rafael,2024,ok,ok,155369.69,155369.69,155369.69,new_observed,3043389.34,3043389.34,3064897.526870973,new_observed,2093798525.02,3453612.5531119094,1,
2412807,São Rafael,2025,ok,ok,201213.42,201213.42,201213.42,new_observed,3337622.76,3337622.76,3379083.18852817,new_observed,2345916858.21,3580296.60852817,1,
2412906,São Tomé,2019,ok,ok,252293.69,252293.69,252293.69,new_observed,3062149.87,3062149.87,3157989.692978361,new_observed,1391116025.9,5938894.447295353,1,
2412906,São Tomé,2020,ok,ok,778173.89,778173.89,778173.89,new_observed,3070482.97,3070482.97,3126580.852749505,new_observed,1420520767.85,6657125.317006197,1,
2412906,São Tomé,2021,ok,ok,1346405.84,1346405.84,1346405.84,new_observed,3642205.73,3642205.73,3570499.849256488,new_observed,1656946146.84,6675064.848711338,1,
2412906,São Tomé,2022,ok,ok,1817872.04,1817872.04,1817872.04,new_observed,3875988.68,3875988.68,3872139.331504266,new_observed,1770317627.56,7230179.104331458,1,
2412906,São Tomé,2023,ok,ok,2919152.37,2919152.37,2919152.37,new_observed,4550789.05,4550789.05,4504685.086007455,new_observed,2066540707.56,9161903.924738087,1,
2412906,São Tomé,2024,ok,ok,5932332.17,5932332.17,5932332.17,new_observed,5806074.27,5806074.27,5847106.854541387,new_observed,2093798525.02,12632994.63803548,1,
2412906,São Tomé,2025,ok,ok,11710654.7,11710654.7,11710654.7,new_observed,14300104.83,14300104.83,14477742.782783363,new_observed,2345916858.21,26188397.482783362,1,
2413003,São Vicente,2019,ok,ok,153262.49,153262.49,153262.49,new_observed,1955151.94,1955151.94,2016344.7044891529,new_observed,1391116025.9,3778298.36208818,3,
2413003,São Vicente,2020,ok,ok,181658.93,181658.93,181658.93,new_observed,1988813.96,1988813.96,2025149.6939639172,new_observed,1420520767.85,3762336.5686811963,3,
2413003,São Vicente,2021,ok,ok,711883.62,711883.62,711883.62,new_observed,2429236.0,2429236.0,2381410.4459740208,new_observed,1656946146.84,4199376.557420373,1,
2413003,São Vicente,2022,ok,ok,3907780.78,3907780.78,3907780.78,new_observed,2740257.01,2740257.01,2737535.5871398663,new_observed,1770317627.56,8444065.293082952,1,
2413003,São Vicente,2023,ok,ok,1933713.6,1933713.6,1933713.6,new_observed,3525955.04,3525955.04,3490233.6513754306,new_observed,2066540707.56,6693800.060201508,1,
2413003,São Vicente,2024,ok,ok,1559573.07,1559573.07,1559573.07,new_observed,3484678.21,3484678.21,3509305.065703545,new_observed,2093798525.02,5436176.55949378,1,
2413003,São Vicente,2025,ok,ok,1068546.5,1068546.5,1068546.5,new_observed,5330222.84,5330222.84,5396435.632453823,new_observed,2345916858.21,6464982.132453823,1,
2413102,Senador Elói de Souza,2019,ok,ok,117482.3,117482.3,117482.3,new_observed,1747018.71,1747018.71,1801697.2760449355,new_observed,1391116025.9,3342187.0406504683,1,
2413102,Senador Elói de Souza,2020,ok,ok,339285.56,339285.56,339285.56,new_observed,1832406.52,1832406.52,1865884.6819415358,new_observed,1420520767.85,3759543.3293720246,1,
2413102,Senador Elói de Souza,2021,ok,ok,49667.15,49667.15,49667.15,new_observed,2120700.89,2120700.89,2078949.6171769244,new_observed,1656946146.84,2889755.439077543,1,
2413102,Senador Elói de Souza,2022,ok,ok,24931.18,24931.18,24931.18,new_observed,2265877.38,2265877.38,2263627.076295753,new_observed,1770317627.56,2908023.3769972855,5,
2413102,Senador Elói de Souza,2023,ok,ok,449290.51,449290.51,449290.51,new_observed,2551014.22,2551014.22,2525169.9397112126,new_observed,2066540707.56,3670840.186046229,1,
2413102,Senador Elói de Souza,2024,ok,ok,88915.91,88915.91,88915.91,new_observed,2334847.76,2334847.76,2351348.554452198,new_observed,2093798525.02,2617089.6449810667,1,
2413102,Senador Elói de Souza,2025,ok,ok,177897.63,177897.63,177897.63,new_observed,2544579.5,2544579.5,2576188.6314328155,new_observed,2345916858.21,2754086.2614328153,1,
2413201,Senador Georgino Avelino,2019,ok,ok,38335.24,38335.24,38335.24,new_observed,1529236.98,1529236.98,1577099.3667796399,new_observed,1391116025.9,2813225.3360697413,1,
2413201,Senador Georgino Avelino,2020,ok,ok,39024.54,39024.54,39024.54,new_observed,1560447.72,1560447.72,1588957.180592544,new_observed,1420520767.85,2775508.07714716,1,
2413201,Senador Georgino Avelino,2021,ok,ok,55499.79,55499.79,55499.79,new_observed,1857567.17,1857567.17,1820996.3390697318,new_observed,1656946146.84,2547482.937747855,1,
2413201,Senador Georgino Avelino,2022,ok,ok,80325.73,80325.73,80325.73,new_observed,1952509.29,1952509.29,1950570.200565309,new_observed,1770317627.56,2580617.218760172,1,
2413201,Senador Georgino Avelino,2023,ok,ok,263324.27,263324.27,263324.27,new_observed,2246243.97,2246243.97,2223487.3117647986,new_observed,2066540707.56,3069023.119925399,1,
2413201,Senador Georgino Avelino,2024,ok,ok,358154.12,358154.12,358154.12,new_observed,2647719.97,2647719.97,2666431.8893552697,new_observed,2093798525.02,3243751.9952228693,1,
2413201,Senador Georgino Avelino,2025,ok,ok,560594.94,560594.94,560594.94,new_observed,3398951.94,3398951.94,3441174.2083965205,new_observed,2345916858.21,4001769.1483965204,1,
2413300,Serra de São Bento,2019,ok,ok,63310.32,63310.32,63310.32,new_observed,1655378.26,1655378.26,1707188.643598445,new_observed,1391116025.9,3083264.727013362,1,
2413300,Serra de São Bento,2020,ok,ok,60850.71,60850.71,60850.71,new_observed,1684740.39,1684740.39,1715520.684105189,new_observed,1420520767.85,3028494.171640697,1,
2413300,Serra de São Bento,2021,ok,ok,145361.3,145361.3,145361.3,new_observed,2014423.9,2014423.9,1974764.9541171486,new_observed,1656946146.84,2878228.936668382,1,
2413300,Serra de São Bento,2022,ok,ok,345452.68,345452.68,345452.68,new_observed,2724946.73,2724946.73,2722240.5121902814,new_observed,1770317627.56,3898053.9349625823,1,
2413300,Serra de São Bento,2023,ok,ok,1966213.42,1966213.42,1966213.42,new_observed,2462009.64,2462009.64,2437067.0635490315,new_observed,2066540707.56,5434175.112670998,1,
2413300,Serra de São Bento,2024,ok,ok,1362311.09,1362311.09,1362311.09,new_observed,3017064.43,3017064.43,3038386.5739364726,new_observed,2093798525.02,4719578.740235398,1,
2413300,Serra de São Bento,2025,ok,ok,579760.51,579760.51,579760.51,new_observed,3606061.11,3606061.11,3650856.1182049923,new_observed,2345916858.21,4230616.628204992,1,
2413359,Serra do Mel,2019,ok,ok,5816969.83,5816969.83,5816969.83,new_observed,8874796.69,8874796.69,9152561.979044637,new_observed,1391116025.9,26068938.95770727,1,
2413359,Serra do Mel,2020,ok,ok,11976952.32,11976952.32,11976952.32,new_observed,10902878.05,10902878.05,11102074.196162323,new_observed,1420520767.85,39346894.193005584,1,
2413359,Serra do Mel,2021,ok,ok,20695066.9,20695066.9,20695066.9,new_observed,12799436.3,12799436.3,12547447.554457068,new_observed,1656946146.84,45129183.6250939,1,
2413359,Serra do Mel,2022,ok,ok,11120530.83,11120530.83,11120530.83,new_observed,26324161.79,26324161.79,26298018.55766532,new_observed,1770317627.56,47546972.44578075,1,
2413359,Serra do Mel,2023,ok,ok,12634787.62,12634787.62,12634787.62,new_observed,47095799.63,47095799.63,46618672.91054867,new_observed,2066540707.56,73125861.90176441,2,
2413359,Serra do Mel,2024,ok,ok,8093981.37,8093981.37,8093981.37,new_observed,53395678.13,53395678.13,53773035.114276744,new_observed,2093798525.02,66349992.21005346,2,
2413359,Serra do Mel,2025,ok,ok,8705263.34,8705263.34,8705263.34,new_observed,54417372.29,54417372.29,55093352.69184756,new_observed,2345916858.21,63798616.03184757,2,
2413409,Serra Negra do Norte,2019,ok,ok,452333.25,452333.25,452333.25,new_observed,3199114.19,3199114.19,3299240.7516229176,new_observed,1391116025.9,6533240.644476179,1,
2413409,Serra Negra do Norte,2020,ok,ok,286060.21,286060.21,286060.21,new_observed,2953978.73,2953978.73,3007948.0742559857,new_observed,1420520767.85,5615877.92018604,1,
2413409,Serra Negra do Norte,2021,ok,ok,310913.25,310913.25,310913.25,new_observed,3355201.87,3355201.87,3289146.374238472,new_observed,1656946146.84,4887348.460542259,1,
2413409,Serra Negra do Norte,2022,ok,ok,747652.07,747652.07,747652.07,new_observed,3420490.32,3420490.32,3417093.339163624,new_observed,1770317627.56,5292055.369695078,1,
2413409,Serra Negra do Norte,2023,ok,ok,569244.72,569244.72,569244.72,new_observed,4075013.67,4075013.67,4033729.7780316826,new_observed,2066540707.56,5680621.426437578,1,
2413409,Serra Negra do Norte,2024,ok,ok,1144677.31,1144677.31,1144677.31,new_observed,5713339.98,5713339.98,5753717.194420828,new_observed,2093798525.02,7398262.396353352,1,
2413409,Serra Negra do Norte,2025,ok,ok,2026485.76,2026485.76,2026485.76,new_observed,6105544.38,6105544.38,6181388.327802107,new_observed,2345916858.21,8207874.0878021065,1,
2413508,Serrinha,2019,ok,ok,145110.24,145110.24,145110.24,new_observed,1855889.84,1855889.84,1913975.8780073232,new_observed,1391116025.9,3585829.604006908,1,
2413508,Serrinha,2020,ok,ok,130915.2,130915.2,130915.2,new_observed,1922008.02,1922008.02,1957123.2059831251,new_observed,1420520767.85,3559847.993311791,1,
2413508,Serrinha,2021,ok,ok,194807.9,194807.9,194807.9,new_observed,2280348.62,2280348.62,2235454.2844459917,new_observed,1656946146.84,3299261.5083086756,5,
2413508,Serrinha,2022,ok,ok,250165.14,250165.14,250165.14,new_observed,2408124.35,2408124.35,2405732.777008044,new_observed,1770317627.56,3374794.2436382896,1,
2413508,Serrinha,2023,ok,ok,277146.51,277146.51,277146.51,new_observed,2834046.64,2834046.64,2805334.9632318253,new_observed,2066540707.56,3804151.057305522,1,
2413508,Serrinha,2024,ok,ok,378186.89,378186.89,378186.89,new_observed,2678333.84,2678333.84,2697262.113151397,new_observed,2093798525.02,3298300.596948487,1,
2413508,Serrinha,2025,ok,ok,418794.31,418794.31,418794.31,new_observed,2834380.68,2834380.68,2869589.7632472534,new_observed,2345916858.21,3288384.0732472534,1,
2413557,Serrinha dos Pintos,2019,ok,ok,156650.2,156650.2,156650.2,new_observed,1671750.19,1671750.19,1724072.985772776,new_observed,1391116025.9,3275216.523247047,1,
2413557,Serrinha dos Pintos,2020,ok,ok,135409.89,135409.89,135409.89,new_observed,1737796.3,1737796.3,1769545.9283263616,new_observed,1420520767.85,3247714.758399671,1,
2413557,Serrinha dos Pintos,2021,ok,ok,43671.36,43671.36,43671.36,new_observed,2058221.13,2058221.13,2017699.9266874248,new_observed,1656946146.84,2798464.70229751,1,
2413557,Serrinha dos Pintos,2022,ok,ok,59139.97,59139.97,59139.97,new_observed,2256400.05,2256400.05,2254159.158486807,new_observed,1770317627.56,2939461.0887098727,1,
2413557,Serrinha dos Pintos,2023,ok,ok,117338.21,117338.21,117338.21,new_observed,2751081.34,2751081.34,2723210.183229963,new_observed,2066540707.56,3505576.6814078703,1,
2413557,Serrinha dos Pintos,2024,ok,ok,38383.76,38383.76,38383.76,new_observed,5081427.43,5081427.43,5117338.803316346,new_observed,2093798525.02,5529313.863069108,1,
2413557,Serrinha dos Pintos,2025,ok,ok,120528.87,120528.87,120528.87,new_observed,5482475.45,5482475.45,5550579.546207737,new_observed,2345916858.21,5671108.416207737,1,
2413607,Severiano Melo,2019,ok,ok,100165.31,100165.31,100165.31,new_observed,1802205.21,1802205.21,1858611.0149507162,new_observed,1391116025.9,3411143.4544726275,1,
2413607,Severiano Melo,2020,ok,ok,68739.92,68739.92,68739.92,new_observed,1808314.07,1808314.07,1841352.0616333291,new_observed,1420520767.85,3256471.2834660867,1,
2413607,Severiano Melo,2021,ok,ok,108206.21,108206.21,108206.21,new_observed,2184209.59,2184209.59,2141207.990422764,new_observed,1656946146.84,3053746.9311730093,1,
2413607,Severiano Melo,2022,ok,ok,201485.94,201485.94,201485.94,new_observed,2487833.25,2487833.25,2485362.5159578854,new_observed,1770317627.56,3414122.4497476174,1,
2413607,Severiano Melo,2023,ok,ok,279881.92,279881.92,279881.92,new_observed,3065160.02,3065160.02,3034106.9376354236,new_observed,2066540707.56,4089858.8770607617,1,
2413607,Severiano Melo,2024,ok,ok,536115.07,536115.07,536115.07,new_observed,3393992.74,3393992.74,3417978.704967153,new_observed,2093798525.02,4240613.271428205,1,
2413607,Severiano Melo,2025,ok,ok,550107.9,550107.9,550107.9,new_observed,4279656.03,4279656.03,4332818.530892393,new_observed,2345916858.21,4882926.430892393,1,
2413706,Sítio Novo,2019,ok,ok,93664.21,93664.21,93664.21,new_observed,1748456.64,1748456.64,1803180.210686284,new_observed,1391116025.9,3303291.1146400236,1,
2413706,Sítio Novo,2020,ok,ok,179716.05,179716.05,179716.05,new_observed,1779514.38,1779514.38,1812026.1998067377,new_observed,1420520767.85,3395674.921903773,1,
2413706,Sítio Novo,2021,ok,ok,132477.67,132477.67,132477.67,new_observed,2116453.03,2116453.03,2074785.3868686971,new_observed,1656946146.84,2996523.621544453,1,
2413706,Sítio Novo,2022,ok,ok,332087.14,332087.14,332087.14,new_observed,2269543.08,2269543.08,2267289.135790596,new_observed,1770317627.56,3302973.3697258923,1,
2413706,Sítio Novo,2023,ok,ok,484853.54,484853.54,484853.54,new_observed,2674017.32,2674017.32,2646926.8974639964,new_observed,2066540707.56,3864991.879395283,1,
2413706,Sítio Novo,2024,ok,ok,315876.54,315876.54,315876.54,new_observed,2828610.04,2828610.04,2848600.3424321664,new_observed,2093798525.02,3393779.568336381,1,
2413706,Sítio Novo,2025,ok,ok,221073.09,221073.09,221073.09,new_observed,3282623.25,3282623.25,3323400.4667282123,new_observed,2345916858.21,3544473.556728212,1,
2413805,Taboleiro Grande,2019,ok,ok,145269.54,145269.54,145269.54,new_observed,1567879.83,1567879.83,1616951.668981723,new_observed,1391116025.9,3068849.2942154026,1,
2413805,Taboleiro Grande,2020,ok,ok,112521.76,112521.76,112521.76,new_observed,1614255.82,1614255.82,1643748.3573639398,new_observed,1420520767.85,2994223.9736092347,1,
2413805,Taboleiro Grande,2021,ok,ok,109540.39,109540.39,109540.39,new_observed,1849845.32,1849845.32,1813426.512897123,new_observed,1656946146.84,2610570.4664644245,1,
2413805,Taboleiro Grande,2022,ok,ok,137599.67,137599.67,137599.67,new_observed,1994480.77,1994480.77,1992499.9975608576,new_observed,1770317627.56,2706673.344041199,1,
2413805,Taboleiro Grande,2023,ok,ok,140887.5,140887.5,140887.5,new_observed,2339623.38,2339623.38,2315920.696601033,new_observed,2066540707.56,3031995.351750748,1,
2413805,Taboleiro Grande,2024,ok,ok,114410.58,114410.58,114410.58,new_observed,2101402.04,2101402.04,2116253.031022846,new_observed,2093798525.02,2392300.8030010676,1,
2413805,Taboleiro Grande,2025,ok,ok,129461.69,129461.69,129461.69,new_observed,2547130.58,2547130.58,2578771.401314392,new_observed,2345916858.21,2708233.091314392,1,
2413904,Taipu,2019,ok,absent_dca,,,621512.8620386827,imputed_temporal,,,2771416.007165463,imputed_temporal,1391116025.9,5908672.142016081,1,
2413904,Taipu,2020,ok,ok,628481.74,628481.74,628481.74,new_observed,2786420.52,2786420.52,2837328.567088688,new_observed,1420520767.85,5908779.183149133,1,
2413904,Taipu,2021,ok,ok,424692.54,424692.54,424692.54,new_observed,3190897.66,3190897.66,3128076.9013624284,new_observed,1656946146.84,4823148.52315181,1,
2413904,Taipu,2022,ok,ok,553870.45,553870.45,553870.45,new_observed,3478683.94,3478683.94,3475229.165516093,new_observed,1770317627.56,5119693.08097762,1,
2413904,Taipu,2023,ok,ok,568821.0,568821.0,568821.0,new_observed,4076726.3,4076726.3,4035425.0574072115,new_observed,2066540707.56,5682190.682890489,1,
2413904,Taipu,2024,ok,ok,3846866.63,3846866.63,3846866.63,new_observed,4466961.97,4466961.97,4498530.803975179,new_observed,2093798525.02,8950117.30321242,1,
2413904,Taipu,2025,ok,ok,603725.19,603725.19,603725.19,new_observed,4457091.83,4457091.83,4512458.463843666,new_observed,2345916858.21,5116183.6538436655,1,
2414001,Tangará,2019,ok,ok,469833.4,469833.4,469833.4,new_observed,3535207.45,3535207.45,3645853.1305132746,new_observed,1391116025.9,7167330.43502287,1,
2414001,Tangará,2020,ok,ok,464258.5,464258.5,464258.5,new_observed,3416787.21,3416787.21,3479212.089134434,new_observed,1420520767.85,6723131.060802783,1,
2414001,Tangará,2021,ok,ok,844009.13,844009.13,844009.13,new_observed,4059322.72,4059322.72,3979404.8536196877,new_observed,1656946146.84,6548142.910935339,1,
2414001,Tangará,2022,ok,ok,679655.22,679655.22,679655.22,new_observed,4588329.48,4588329.48,4583772.68671706,new_observed,1770317627.56,6688128.3680528095,1,
2414001,Tangará,2023,ok,ok,884443.33,884443.33,884443.33,new_observed,5581357.42,5581357.42,5524812.78593897,new_observed,2066540707.56,7909789.12338054,1,
2414001,Tangará,2024,ok,ok,1652806.79,1652806.79,1652806.79,new_observed,5620360.6,5620360.6,5660080.71220459,new_observed,2093798525.02,7842790.171198673,1,
2414001,Tangará,2025,ok,ok,1374636.36,1374636.36,1374636.36,new_observed,8554667.54,8554667.54,8660934.846891336,new_observed,2345916858.21,10035571.206891336,1,
2414100,Tenente Ananias,2019,ok,ok,102273.69,102273.69,102273.69,new_observed,2223440.69,2223440.69,2293030.4132921803,new_observed,1391116025.9,4171341.9798568003,2,
2414100,Tenente Ananias,2020,ok,ok,107235.78,107235.78,107235.78,new_observed,2278659.52,2278659.52,2320290.747343691,new_observed,1420520767.85,4138633.37585823,1,
2414100,Tenente Ananias,2021,ok,ok,99096.23,99096.23,99096.23,new_observed,2709379.76,2709379.76,2656038.879126847,new_observed,1656946146.84,3740300.6448887265,1,
2414100,Tenente Ananias,2022,ok,ok,1118390.58,1118390.58,1118390.58,new_observed,3045992.73,3045992.73,3042967.6727820192,new_observed,1770317627.56,5287751.380529779,1,
2414100,Tenente Ananias,2023,ok,ok,288596.07,288596.07,288596.07,new_observed,3640254.85,3640254.85,3603375.492006449,new_observed,2066540707.56,4803158.708716224,1,
2414100,Tenente Ananias,2024,ok,ok,369862.36,369862.36,369862.36,new_observed,4509889.55,4509889.55,4541761.761003029,new_observed,2093798525.02,5267527.685775575,1,
2414100,Tenente Ananias,2025,ok,ok,542164.91,542164.91,542164.91,new_observed,4901368.19,4901368.19,4962253.688495266,new_observed,2345916858.21,5504418.598495266,1,
2414159,Tenente Laurentino Cruz,2019,ok,partial,287040.06,287040.06,287040.06,new_observed,,,2463183.127380631,imputed_temporal,1391116025.9,4789421.693775234,1,
2414159,Tenente Laurentino Cruz,2020,ok,ok,390283.92,390283.92,390283.92,new_observed,2476518.86,2476518.86,2521764.9877240746,new_observed,1420520767.85,4964684.284964784,1,
2414159,Tenente Laurentino Cruz,2021,ok,ok,762675.95,762675.95,762675.95,new_observed,2756374.07,2756374.07,2702107.9892237424,new_observed,1656946146.84,4703701.665790799,1,
2414159,Tenente Laurentino Cruz,2022,ok,ok,589620.16,589620.16,589620.16,new_observed,2393941.36,2393941.36,2391563.8725164724,new_observed,1770317627.56,3788128.5450522467,1,
2414159,Tenente Laurentino Cruz,2023,ok,ok,573496.24,573496.24,573496.24,new_observed,2856669.7,2856669.7,2827728.8294080333,new_observed,2066540707.56,4197518.803043111,1,
2414159,Tenente Laurentino Cruz,2024,ok,ok,625325.99,625325.99,625325.99,new_observed,2786645.15,2786645.15,2806338.8789099166,new_observed,2093798525.02,3680328.3923923154,1,
2414159,Tenente Laurentino Cruz,2025,ok,ok,354900.22,354900.22,354900.22,new_observed,3254276.51,3254276.51,3294701.599459109,new_observed,2345916858.21,3649601.8194591086,1,
2414209,Tibau do Sul,2019,ok,ok,2381378.3,2381378.3,2381378.3,new_observed,4280154.19,4280154.19,4414115.373255113,new_observed,1391116025.9,11834124.942273622,1,
2414209,Tibau do Sul,2020,ok,ok,3990693.43,3990693.43,3990693.43,new_observed,4545725.63,4545725.63,4628776.272486761,new_observed,1420520767.85,14695132.92278842,6,
2414209,Tibau do Sul,2021,ok,ok,5843116.65,5843116.65,5843116.65,new_observed,5561009.77,5561009.77,5451527.458197386,new_observed,1656946146.84,15333318.68253375,1,
2414209,Tibau do Sul,2022,ok,ok,8881205.76,8881205.76,8881205.76,new_observed,5852204.21,5852204.21,5846392.228765705,new_observed,1770317627.56,18714052.447880592,1,
2414209,Tibau do Sul,2023,ok,ok,8803980.83,8803980.83,8803980.83,new_observed,6621877.11,6621877.11,6554790.989222223,new_observed,2066540707.56,18954562.6023668,1,
2414209,Tibau do Sul,2024,ok,ok,8618934.86,8618934.86,8618934.86,new_observed,6745346.84,6745346.84,6793017.434898071,new_observed,2093798525.02,16528725.204779964,1,
2414209,Tibau do Sul,2025,ok,ok,10454403.81,10454403.81,10454403.81,new_observed,7372554.27,7372554.27,7464137.19634048,new_observed,2345916858.21,17918541.00634048,1,
2414308,Timbaúba dos Batistas,2019,ok,ok,41646.28,41646.28,41646.28,new_observed,1594899.27,1594899.27,1644816.7692062415,new_observed,1391116025.9,2936918.9928587493,1,
2414308,Timbaúba dos Batistas,2020,ok,ok,65075.66,65075.66,65075.66,new_observed,1607673.84,1607673.84,1637046.1242487438,new_observed,1420520767.85,2901907.7430126276,1,
2414308,Timbaúba dos Batistas,2021,ok,ok,82753.59,82753.59,82753.59,new_observed,1905156.93,1905156.93,1867649.1762520382,new_observed,1656946146.84,2647816.6897293124,1,
2414308,Timbaúba dos Batistas,2022,ok,ok,122576.86,122576.86,122576.86,new_observed,2021340.44,2021340.44,2019332.992500932,new_observed,1770317627.56,2721680.300406813,1,
2414308,Timbaúba dos Batistas,2023,ok,ok,138326.7,138326.7,138326.7,new_observed,2336755.88,2336755.88,2313082.2471932047,new_observed,2066540707.56,3025332.0317853857,1,
2414308,Timbaúba dos Batistas,2024,ok,ok,578889.55,578889.55,578889.55,new_observed,1933182.95,1933182.95,1946845.1060698438,new_observed,2093798525.02,2708753.1333838706,1,
2414308,Timbaúba dos Batistas,2025,ok,ok,271303.63,271303.63,271303.63,new_observed,2262641.12,2262641.12,2290747.972447477,new_observed,2345916858.21,2562051.6024474767,1,
2414407,Touros,2019,ok,ok,3332047.6,3332047.6,3332047.6,new_observed,12519952.6,12519952.6,12911804.760025555,new_observed,1391116025.9,28288125.57488669,1,
2414407,Touros,2020,ok,ok,7505077.72,7505077.72,7505077.72,new_observed,11312854.38,11312854.38,11519540.81492638,new_observed,1420520767.85,32434628.559043523,1,
2414407,Touros,2021,ok,ok,5418205.42,5418205.42,5418205.42,new_observed,12415415.0,12415415.0,12170986.66910195,new_observed,1656946146.84,23878635.314835582,1,
2414407,Touros,2022,ok,ok,4705278.65,4705278.65,4705278.65,new_observed,12052339.39,12052339.39,12040369.887937114,new_observed,1770317627.56,21278347.30767212,1,
2414407,Touros,2023,ok,ok,5624959.56,5624959.56,5624959.56,new_observed,15150325.84,15150325.84,14996838.154825345,new_observed,2066540707.56,25449766.45006214,1,
2414407,Touros,2024,ok,ok,5784163.56,5784163.56,5784163.56,new_observed,21662114.12,21662114.12,21815204.226609007,new_observed,2093798525.02,29599258.889578175,1,
2414407,Touros,2025,ok,ok,11891939.58,11891939.58,11891939.58,new_observed,29414587.87,29414587.87,29779980.098470338,new_observed,2345916858.21,41671919.678470336,1,
2414456,Triunfo Potiguar,2019,ok,ok,144662.52,144662.52,144662.52,new_observed,1776184.86,1776184.86,1831776.2744591644,new_observed,1391116025.9,3441902.0543628326,1,
2414456,Triunfo Potiguar,2020,ok,ok,55157.79,55157.79,55157.79,new_observed,1924864.82,1924864.82,1960032.1998669552,new_observed,1420520767.85,3435650.4272210523,1,
2414456,Triunfo Potiguar,2021,ok,ok,64240.25,64240.25,64240.25,new_observed,2184480.37,2184480.37,2141473.4394448274,new_observed,1656946146.84,2994420.240132967,1,
2414456,Triunfo Potiguar,2022,ok,ok,200871.53,200871.53,200871.53,new_observed,2282133.34,2282133.34,2279866.892065122,new_observed,1770317627.56,3152222.7165225605,1,
2414456,Triunfo Potiguar,2023,ok,ok,216154.87,216154.87,216154.87,new_observed,2665030.76,2665030.76,2638031.3801456294,new_observed,2066540707.56,3522407.4290557127,1,
2414456,Triunfo Potiguar,2024,ok,ok,419226.2,419226.2,419226.2,new_observed,3201057.52,3201057.52,3223679.9766209773,new_observed,2093798525.02,3906876.558403076,1,
2414456,Triunfo Potiguar,2025,ok,ok,323081.05,323081.05,323081.05,new_observed,2728826.31,2728826.31,2762724.181726985,new_observed,2345916858.21,3085805.231726985,1,
2414506,Umarizal,2019,ok,ok,567625.02,567625.02,567625.02,new_observed,2453104.81,2453104.81,2529882.6101465905,new_observed,1391116025.9,5394205.935187321,1,
2414506,Umarizal,2020,ok,ok,706080.74,706080.74,706080.74,new_observed,2489377.93,2489377.93,2534858.993598391,new_observed,1420520767.85,5525402.585525011,1,
2414506,Umarizal,2021,ok,ok,794463.74,794463.74,794463.74,new_observed,3989415.66,3989415.66,3910874.0880080573,new_observed,1656946146.84,6387845.755446609,1,
2414506,Umarizal,2022,ok,ok,966514.36,966514.36,966514.36,new_observed,3000983.76,3000983.76,2998003.402399399,new_observed,1770317627.56,5037630.263447629,1,
2414506,Umarizal,2023,ok,ok,1161937.05,1161937.05,1161937.05,new_observed,3678169.58,3678169.58,3640906.1085422784,new_observed,2066540707.56,5927283.27430473,1,
2414506,Umarizal,2024,ok,ok,1300804.26,1300804.26,1300804.26,new_observed,3585310.69,3585310.69,3610648.733771625,new_observed,2093798525.02,5267344.158411305,3,
2414506,Umarizal,2025,ok,ok,1563938.94,1563938.94,1563938.94,new_observed,4354909.44,4354909.44,4409006.749542489,new_observed,2345916858.21,5972945.689542489,2,
2414605,Upanema,2019,ok,ok,822300.07,822300.07,822300.07,new_observed,5264405.38,5264405.38,5429171.867966029,new_observed,1391116025.9,10886729.286228571,1,
2414605,Upanema,2020,ok,ok,723100.67,723100.67,723100.67,new_observed,5492113.87,5492113.87,5592455.074604104,new_observed,1420520767.85,10767243.734433193,1,
2414605,Upanema,2021,ok,ok,758736.46,758736.46,758736.46,new_observed,5955525.17,5955525.17,5838275.841087159,new_observed,1656946146.84,8955934.423090803,1,
2414605,Upanema,2022,ok,ok,1819503.95,1819503.95,1819503.95,new_observed,7376840.19,7376840.19,7369514.051811008,new_observed,1770317627.56,11676294.054304376,1,
2414605,Upanema,2023,ok,ok,1162703.26,1162703.26,1162703.26,new_observed,10798330.79,10798330.79,10688933.090293016,new_observed,2066540707.56,14626337.690684631,5,
2414605,Upanema,2024,ok,ok,2255161.79,2255161.79,2255161.79,new_observed,11948969.62,11948969.62,12033415.165012829,new_observed,2093798525.02,15323948.422481192,1,
2414605,Upanema,2025,ok,ok,3106648.51,3106648.51,3106648.51,new_observed,14297918.09,14297918.09,14475528.878785511,new_observed,2345916858.21,17582177.38878551,1,
2414704,Várzea,2019,ok,ok,81100.62,81100.62,81100.62,new_observed,1628842.63,1628842.63,1679822.4957630066,new_observed,1391116025.9,3066588.708292489,1,
2414704,Várzea,2020,ok,ok,79059.74,79059.74,79059.74,new_observed,1671741.67,1671741.67,1702284.476818147,new_observed,1420520767.85,3036972.2211368624,1,
2414704,Várzea,2021,ok,ok,79235.03,79235.03,79235.03,new_observed,1943754.54,1943754.54,1905486.8962774416,new_observed,1656946146.84,2694407.4997225604,1,
2414704,Várzea,2022,ok,ok,71622.59,71622.59,71622.59,new_observed,2061642.72,2061642.72,2059595.2472238475,new_observed,1770317627.56,2708094.1789753665,1,
2414704,Várzea,2023,ok,ok,67013.11,67013.11,67013.11,new_observed,2445782.51,2445782.51,2421004.330318251,new_observed,2066540707.56,3070511.2937006224,2,
2414704,Várzea,2024,ok,ok,199205.14,199205.14,199205.14,new_observed,2477074.56,2477074.56,2494580.4971568324,new_observed,2093798525.02,2888981.3376782755,1,
2414704,Várzea,2025,ok,ok,189164.36,189164.36,189164.36,new_observed,2226792.81,2226792.81,2254454.349600134,new_observed,2345916858.21,2443618.709600134,1,
2414753,Venha-Ver,2019,ok,ok,46904.47,46904.47,46904.47,new_observed,1480479.55,1480479.55,1526815.9162847388,new_observed,1391116025.9,2740581.416298458,1,
2414753,Venha-Ver,2020,ok,ok,85457.11,85457.11,85457.11,new_observed,1503733.22,1503733.22,1531206.503742751,new_observed,1420520767.85,2756212.1006737994,1,
2414753,Venha-Ver,2021,ok,ok,44780.69,44780.69,44780.69,new_observed,1784376.38,1784376.38,1749246.491852298,new_observed,1656946146.84,2435525.213627959,1,
2414753,Venha-Ver,2022,ok,ok,217537.58,217537.58,217537.58,new_observed,1909582.57,1909582.57,1907686.112244269,new_observed,1770317627.56,2700477.543620871,1,
2414753,Venha-Ver,2023,ok,ok,250730.98,250730.98,250730.98,new_observed,2275038.89,2275038.89,2251990.5109356716,new_observed,2066540707.56,3088657.851981243,1,
2414753,Venha-Ver,2024,ok,ok,390153.95,390153.95,390153.95,new_observed,4768989.21,4768989.21,4802692.525499664,new_observed,2093798525.02,5569127.828961514,1,
2414753,Venha-Ver,2025,ok,ok,516952.53,516952.53,516952.53,new_observed,2575044.66,2575044.66,2607032.234018933,new_observed,2345916858.21,3123984.7640189333,1,
2414803,Vera Cruz,2019,ok,ok,256687.08,256687.08,256687.08,new_observed,2121889.18,2121889.18,2188300.522365454,new_observed,1391116025.9,4257864.1317228945,1,
2414803,Vera Cruz,2020,ok,ok,384819.5,384819.5,384819.5,new_observed,2138272.06,2138272.06,2177338.4011848923,new_observed,1420520767.85,4368163.266032713,1,
2414803,Vera Cruz,2021,ok,ok,1109862.49,1109862.49,1109862.49,new_observed,2595957.97,2595957.97,2544850.079229648,new_observed,1656946146.84,4961543.894631279,1,
2414803,Vera Cruz,2022,ok,ok,1061578.08,1061578.08,1061578.08,new_observed,2806511.38,2806511.38,2803724.1581449388,new_observed,1770317627.56,4911559.160341864,1,
2414803,Vera Cruz,2023,ok,ok,1272326.73,1272326.73,1272326.73,new_observed,3248880.08,3248880.08,3215965.732932119,new_observed,2066540707.56,5539090.069682805,1,
2414803,Vera Cruz,2024,ok,ok,2133491.9,2133491.9,2133491.9,new_observed,4929231.64,4929231.64,4964067.41794336,new_observed,2093798525.02,7611858.987504554,1,
2414803,Vera Cruz,2025,ok,ok,1919697.93,1919697.93,1919697.93,new_observed,6417398.43,6417398.43,6497116.273529988,new_observed,2345916858.21,8416814.203529987,1,
2414902,Viçosa,2019,ok,partial,,,51467.0619052043,imputed_temporal,1360433.97,1360433.97,1403013.1239910976,new_observed,1391116025.9,2532928.595563423,1,
2414902,Viçosa,2020,ok,ok,52044.15,52044.15,52044.15,new_observed,1407544.69,1407544.69,1433260.6043222044,new_observed,1420520767.85,2532261.4440326025,1,
2414902,Viçosa,2021,ok,ok,97141.17,97141.17,97141.17,new_observed,1665948.34,1665948.34,1633150.0024407178,new_observed,1656946146.84,2348998.8446252,1,
2414902,Viçosa,2022,ok,ok,154800.18,154800.18,154800.18,new_observed,1768619.31,1768619.31,1766862.8466450875,new_observed,1770317627.56,2441817.2396626538,1,
2414902,Viçosa,2023,ok,ok,209374.52,209374.52,209374.52,new_observed,2102759.59,2102759.59,2081456.5695002172,new_observed,2066540707.56,2827159.7370198388,1,
2414902,Viçosa,2024,ok,ok,273690.1,273690.1,273690.1,new_observed,1660824.57,1660824.57,1672561.919783667,new_observed,2093798525.02,2087280.3262505142,1,
2414902,Viçosa,2025,ok,ok,351409.38,351409.38,351409.38,new_observed,3470238.24,3470238.24,3513346.0370373274,new_observed,2345916858.21,3864755.4170373273,1,
2415008,Vila Flor,2019,ok,ok,51089.44,51089.44,51089.44,new_observed,1666745.46,1666745.46,1718911.6166605123,new_observed,1391116025.9,3082397.638734506,1,
2415008,Vila Flor,2020,ok,ok,36848.4,36848.4,36848.4,new_observed,1916269.25,1916269.25,1951279.588358262,new_observed,1420520767.85,3389513.0518309847,1,
2415008,Vila Flor,2021,ok,ok,117543.43,117543.43,117543.43,new_observed,2020222.55,2020222.55,1980449.443266226,new_observed,1656946146.84,2848181.227430446,1,
2415008,Vila Flor,2022,ok,ok,281793.93,281793.93,281793.93,new_observed,1937807.36,1937807.36,1935882.8714469944,new_observed,1770317627.56,2817955.786570551,1,
2415008,Vila Flor,2023,ok,ok,708484.97,708484.97,708484.97,new_observed,2285684.2,2285684.2,2262527.9734869027,new_observed,2066540707.56,3666585.550758989,1,
2415008,Vila Flor,2024,ok,ok,608864.12,608864.12,608864.12,new_observed,1959393.99,1959393.99,1973241.384264311,new_observed,2093798525.02,2769208.696802345,1,
2415008,Vila Flor,2025,ok,ok,485105.67,485105.67,485105.67,new_observed,2621620.16,2621620.16,2654186.3015586976,new_observed,2345916858.21,3139291.9715586975,1,
