codigo_ibge,municipio,ano,request_status,data_status,new_iss,legacy_iss,adjusted_iss,iss_source,new_cota_raw,legacy_cota_raw,adjusted_cota,cota_source,cota_target_pr,total_real_2025,api_attempts,api_error
5100102,Acorizal,2019,ok,ok,1251695.29,1251695.29,1251695.29,new_observed,3720772.99,3720772.99,3672296.7805437944,new_observed,2781020315.21,8576665.895074004,1,
5100102,Acorizal,2020,ok,ok,1268879.02,1268879.02,1268879.02,new_observed,4531715.5,4531715.5,4505886.731497374,new_observed,3171839904.87,9846718.877958855,1,
5100102,Acorizal,2021,ok,ok,1296649.66,1296649.66,1296649.66,new_observed,6869933.05,6869933.05,6875637.967409329,new_observed,4632068501.87,11096552.882099608,1,
5100102,Acorizal,2022,ok,ok,1771794.79,1771794.79,1771794.79,new_observed,8322868.9,8322868.9,8296577.5224483255,new_observed,4881288106.71,12795897.721877726,1,
5100102,Acorizal,2023,ok,ok,2314462.14,2314462.14,2314462.14,new_observed,8363467.36,8363467.36,8430542.99676183,new_observed,5204872938.82,13261997.140869057,1,
5100102,Acorizal,2024,ok,ok,3072601.67,3072601.67,3072601.67,new_observed,11231142.09,11231142.09,11373134.906456219,new_observed,5736605316.36,15494308.697297445,1,
5100102,Acorizal,2025,ok,ok,2774870.95,2774870.95,2774870.95,new_observed,14914812.22,14914812.22,15014697.317733888,new_observed,6532669761.03,17789568.267733887,1,
5100201,Água Boa,2019,ok,ok,6992552.54,6992552.54,6992552.54,new_observed,20309721.6,20309721.6,20045115.745000277,new_observed,2781020315.21,47094520.89687792,4,
5100201,Água Boa,2020,ok,ok,8268799.17,8268799.17,8268799.17,new_observed,22374872.92,22374872.92,22247346.067767914,new_observed,3171839904.87,52033955.37167013,1,
5100201,Água Boa,2021,ok,ok,11920275.67,11920275.67,11920275.67,new_observed,30961392.28,30961392.28,30987103.183519684,new_observed,4632068501.87,58260797.97821534,1,
5100201,Água Boa,2022,ok,ok,16630543.11,16630543.11,16630543.11,new_observed,34658815.3,34658815.3,34549330.456553034,new_observed,4881288106.71,65044518.34449453,1,
5100201,Água Boa,2023,ok,ok,19152432.01,19152432.01,19152432.01,new_observed,41139001.55,41139001.55,41468939.43412562,new_observed,5204872938.82,74821784.1252555,1,
5100201,Água Boa,2024,ok,ok,21784352.6,21784352.6,21784352.6,new_observed,45699853.68,45699853.68,46277626.70465419,new_observed,5736605316.36,73002391.55780636,1,
5100201,Água Boa,2025,ok,ok,21916977.2,21916977.2,21916977.2,new_observed,55375228.98,55375228.98,55746079.11724051,new_observed,6532669761.03,77663056.3172405,1,
5100250,Alta Floresta,2019,ok,ok,10974645.85,10974645.85,10974645.85,new_observed,25051999.74,25051999.74,24725608.963148795,new_observed,2781020315.21,62183113.521458216,1,
5100250,Alta Floresta,2020,ok,ok,11841300.64,11841300.64,11841300.64,new_observed,27261417.07,27261417.07,27106039.083329268,new_observed,3171839904.87,66410227.15086618,1,
5100250,Alta Floresta,2021,ok,ok,16075101.39,16075101.39,16075101.39,new_observed,42845152.89,42845152.89,42880732.28456594,new_observed,4632068501.87,80051823.41893144,1,
5100250,Alta Floresta,2022,ok,ok,22396232.33,22396232.33,22396232.33,new_observed,47394314.36,47394314.36,47244598.940039285,new_observed,4881288106.71,88506555.6322553,1,
5100250,Alta Floresta,2023,ok,ok,42328573.14,42328573.14,42328573.14,new_observed,50390641.57,50390641.57,50794778.302368954,new_observed,5204872938.82,114937275.95825309,1,
5100250,Alta Floresta,2024,ok,ok,29611310.25,29611310.25,29611310.25,new_observed,52731226.94,52731226.94,53397896.04349832,new_observed,5736605316.36,89034592.33261389,1,
5100250,Alta Floresta,2025,ok,ok,31985644.84,31985644.84,31985644.84,new_observed,59612724.51,59612724.51,60011953.32535712,new_observed,6532669761.03,91997598.16535711,1,
5100300,Alto Araguaia,2019,ok,ok,2845888.1,2845888.1,2845888.1,new_observed,29033907.8,29033907.8,28655638.607112482,new_observed,2781020315.21,54869720.72272584,1,
5100300,Alto Araguaia,2020,ok,ok,4704215.82,4704215.82,4704215.82,new_observed,32966814.06,32966814.06,32778917.84086955,new_observed,3171839904.87,63913567.35601555,1,
5100300,Alto Araguaia,2021,ok,ok,5958832.49,5958832.49,5958832.49,new_observed,43512875.57,43512875.57,43549009.45362922,new_observed,4632068501.87,67223085.04702784,1,
5100300,Alto Araguaia,2022,ok,ok,6337034.64,6337034.64,6337034.64,new_observed,43184302.58,43184302.58,43047886.30130113,new_observed,4881288106.71,62763312.45583841,1,
5100300,Alto Araguaia,2023,ok,ok,8950764.14,8950764.14,8950764.14,new_observed,40487772.04,40487772.04,40812487.01451396,new_observed,5204872938.82,61420174.87489093,1,
5100300,Alto Araguaia,2024,ok,ok,9738214.96,9738214.96,9738214.96,new_observed,37482176.32,37482176.32,37956055.08851136,new_observed,5736605316.36,51156252.17950563,1,
5100300,Alto Araguaia,2025,ok,ok,7283199.86,7283199.86,7283199.86,new_observed,39754567.11,39754567.11,40020805.04599131,new_observed,6532669761.03,47304004.90599131,1,
5100359,Alto Boa Vista,2019,ok,ok,583644.08,583644.08,583644.08,new_observed,8709100.43,8709100.43,8595633.637547333,new_observed,2781020315.21,15988571.267704431,1,
5100359,Alto Boa Vista,2020,ok,ok,781152.84,781152.84,781152.84,new_observed,9975135.08,9975135.08,9918281.234085856,new_observed,3171839904.87,18243912.223358918,1,
5100359,Alto Boa Vista,2021,ok,ok,912968.96,912968.96,912968.96,new_observed,14663507.24,14663507.24,14675684.083227795,new_observed,4632068501.87,21166694.167091638,1,
5100359,Alto Boa Vista,2022,ok,ok,1276546.92,1276546.92,1276546.92,new_observed,15864947.16,15864947.16,15814830.869495781,new_observed,4881288106.71,21721437.71937844,1,
5100359,Alto Boa Vista,2023,ok,ok,954457.35,954457.35,954457.35,new_observed,16375443.06,16375443.06,16506775.343995014,new_observed,5204872938.82,21551485.09622756,1,
5100359,Alto Boa Vista,2024,ok,ok,1320261.72,1320261.72,1320261.72,new_observed,21472468.56,21472468.56,21743940.17550175,new_observed,5736605316.36,24738362.224334862,1,
5100359,Alto Boa Vista,2025,ok,ok,1264868.5,1264868.5,1264868.5,new_observed,26542901.16,26542901.16,26720660.037376434,new_observed,6532669761.03,27985528.537376434,1,
5100409,Alto Garças,2019,ok,ok,2563073.56,2563073.56,2563073.56,new_observed,15183309.82,15183309.82,14985493.584220244,new_observed,2781020315.21,30566295.63512441,1,
5100409,Alto Garças,2020,ok,ok,3323673.46,3323673.46,3323673.46,new_observed,17878180.27,17878180.27,17776282.571558416,new_observed,3171839904.87,35978140.814833105,1,
5100409,Alto Garças,2021,ok,ok,5188186.97,5188186.97,5188186.97,new_observed,24084150.21,24084150.21,24104150.12656715,new_observed,4632068501.87,39773926.52482872,1,
5100409,Alto Garças,2022,ok,ok,5373644.38,5373644.38,5373644.38,new_observed,23944445.7,23944445.7,23868806.822381213,new_observed,4881288106.71,37164240.96276592,1,
5100409,Alto Garças,2023,ok,ok,6840313.71,6840313.71,6840313.71,new_observed,26774992.22,26774992.22,26989729.66980927,new_observed,5204872938.82,41754650.91622239,1,
5100409,Alto Garças,2024,ok,ok,5674242.29,5674242.29,5674242.29,new_observed,31187432.27,31187432.27,31581727.997947186,new_observed,5736605316.36,39960267.9588946,1,
5100409,Alto Garças,2025,ok,ok,4463068.97,4463068.97,4463068.97,new_observed,37985506.9,37985506.9,38239897.368563175,new_observed,6532669761.03,42702966.338563174,1,
5100508,Alto Paraguai,2019,ok,ok,543192.68,543192.68,543192.68,new_observed,4396857.41,4396857.41,4339572.813135564,new_observed,2781020315.21,8504856.969437625,1,
5100508,Alto Paraguai,2020,ok,ok,690065.79,690065.79,690065.79,new_observed,4478572.81,4478572.81,4453046.931261221,new_observed,3171839904.87,8769669.161174497,1,
5100508,Alto Paraguai,2021,ok,ok,616329.85,616329.85,616329.85,new_observed,7207723.56,7207723.56,7213708.984795234,new_observed,4632068501.87,10631838.227008477,1,
5100508,Alto Paraguai,2022,ok,ok,808404.91,808404.91,808404.91,new_observed,7747040.78,7747040.78,7722568.40436818,new_observed,4881288106.71,10842016.823688421,1,
5100508,Alto Paraguai,2023,ok,ok,971697.85,971697.85,971697.85,new_observed,8314237.12,8314237.12,8380917.926537258,new_observed,5204872938.82,11543443.870838722,1,
5100508,Alto Paraguai,2024,ok,ok,872175.2,872175.2,872175.2,new_observed,11902234.47,11902234.47,12052711.757258466,new_observed,5736605316.36,13863065.225751458,1,
5100508,Alto Paraguai,2025,ok,ok,1018520.84,1018520.84,1018520.84,new_observed,13865648.97,13865648.97,13958507.77922155,new_observed,6532669761.03,14977028.61922155,1,
5100607,Alto Taquari,2019,ok,ok,3554708.56,3554708.56,3554708.56,new_observed,31432950.12,31432950.12,31023424.927805033,new_observed,2781020315.21,60228589.71976813,1,
5100607,Alto Taquari,2020,ok,ok,5046074.92,5046074.92,5046074.92,new_observed,30912027.05,30912027.05,30735842.20551421,new_observed,3171839904.87,61012774.19919604,1,
5100607,Alto Taquari,2021,ok,ok,4326185.05,4326185.05,4326185.05,new_observed,37859443.91,37859443.91,37890883.08110949,new_observed,4632068501.87,57323475.43334873,1,
5100607,Alto Taquari,2022,ok,ok,6001604.92,6001604.92,6001604.92,new_observed,33987800.74,33987800.74,33880435.58597163,new_observed,4881288106.71,50686098.54874362,1,
5100607,Alto Taquari,2023,ok,ok,8380360.04,8380360.04,8380360.04,new_observed,28885137.14,28885137.14,29116798.110650126,new_observed,5204872938.82,46280778.63669611,1,
5100607,Alto Taquari,2024,ok,ok,10202456.88,10202456.88,10202456.88,new_observed,33947060.97,33947060.97,34376246.06612954,new_observed,5736605316.36,47814535.52864789,1,
5100607,Alto Taquari,2025,ok,ok,10738181.24,10738181.24,10738181.24,new_observed,42324437.89,42324437.89,42607886.35403802,new_observed,6532669761.03,53346067.594038025,1,
5100805,Apiacás,2019,ok,ok,738750.86,738750.86,738750.86,new_observed,12389240.03,12389240.03,12227826.421507454,new_observed,2781020315.21,22585333.110389147,1,
5100805,Apiacás,2020,ok,ok,652356.02,652356.02,652356.02,new_observed,14021667.36,14021667.36,13941750.074755093,new_observed,3171839904.87,24884829.30288513,1,
5100805,Apiacás,2021,ok,ok,1067763.28,1067763.28,1067763.28,new_observed,20953163.55,20953163.55,20970563.43827357,new_observed,4632068501.87,29924235.29515875,1,
5100805,Apiacás,2022,ok,ok,1169267.0,1169267.0,1169267.0,new_observed,22230427.43,22230427.43,22160203.019677103,new_observed,4881288106.71,29649431.210277665,1,
5100805,Apiacás,2023,ok,ok,2235120.57,2235120.57,2235120.57,new_observed,23081784.67,23081784.67,23266902.31770487,new_observed,5204872938.82,31475811.348475844,1,
5100805,Apiacás,2024,ok,ok,2273156.41,2273156.41,2273156.41,new_observed,25391848.99,25391848.99,25712872.45531002,new_observed,5736605316.36,30017449.657590646,1,
5100805,Apiacás,2025,ok,ok,2111094.87,2111094.87,2111094.87,new_observed,24147438.81,24147438.81,24309155.179605078,new_observed,6532669761.03,26420250.04960508,1,
5101001,Araguaiana,2019,ok,ok,178867.04,178867.04,178867.04,new_observed,4720164.46,4720164.46,4658667.646933019,new_observed,2781020315.21,8426073.432135701,1,
5101001,Araguaiana,2020,ok,ok,209456.21,209456.21,209456.21,new_observed,5432880.37,5432880.37,5401915.361411269,new_observed,3171839904.87,9568110.7704031,1,
5101001,Araguaiana,2021,ok,ok,230995.81,230995.81,230995.81,new_observed,7995713.82,7995713.82,8002353.606245331,new_observed,4632068501.87,11179464.228320675,1,
5101001,Araguaiana,2022,ok,ok,580498.08,580498.08,580498.08,new_observed,8417548.16,8417548.16,8390957.697096761,new_observed,4881288106.71,11401826.132129177,1,
5101001,Araguaiana,2023,ok,ok,424807.07,424807.07,424807.07,new_observed,9070800.73,9070800.73,9143549.233547028,new_observed,5204872938.82,11809721.10532643,1,
5101001,Araguaiana,2024,ok,ok,523216.21,523216.21,523216.21,new_observed,15354786.24,15354786.24,15548913.36677209,new_observed,5736605316.36,17238756.62327505,1,
5101001,Araguaiana,2025,ok,ok,690684.85,690684.85,690684.85,new_observed,18326505.55,18326505.55,18449238.895279918,new_observed,6532669761.03,19139923.74527992,1,
5101209,Araguainha,2019,ok,ok,86655.46,86655.46,86655.46,new_observed,2460009.29,2460009.29,2427958.980581297,new_observed,2781020315.21,4379984.289741635,1,
5101209,Araguainha,2020,ok,ok,130988.4,130988.4,130988.4,new_observed,2767680.72,2767680.72,2751906.1673816685,new_observed,3171839904.87,4915706.29552228,1,
5101209,Araguainha,2021,ok,ok,714353.43,714353.43,714353.43,new_observed,3955458.31,3955458.31,3958742.9945537443,new_observed,4632068501.87,6345256.550233499,1,
5101209,Araguainha,2022,ok,ok,447139.81,447139.81,447139.81,new_observed,4251483.1,4251483.1,4238052.95365507,new_observed,4881288106.71,5954413.042204391,1,
5101209,Araguainha,2023,ok,ok,146105.44,146105.44,146105.44,new_observed,4680544.34,4680544.34,4718082.657360932,new_observed,5204872938.82,6003612.638503651,1,
5101209,Araguainha,2024,ok,ok,169615.8,169615.8,169615.8,new_observed,9477570.98,9477570.98,9597393.789277086,new_observed,5736605316.36,10475967.135685375,1,
5101209,Araguainha,2025,ok,ok,190402.69,190402.69,190402.69,new_observed,11969512.68,11969512.68,12049672.988171065,new_observed,6532669761.03,12240075.678171065,1,
5101258,Araputanga,2019,ok,ok,2364495.93,2364495.93,2364495.93,new_observed,12896796.76,12896796.76,12728770.432478236,new_observed,2781020315.21,26289624.557018958,1,
5101258,Araputanga,2020,ok,ok,3006973.17,3006973.17,3006973.17,new_observed,13678989.37,13678989.37,13601025.19731802,new_observed,3171839904.87,28318774.836221945,1,
5101258,Araputanga,2021,ok,ok,2329122.31,2329122.31,2329122.31,new_observed,19697290.09,19697290.09,19713647.078100637,new_observed,4632068501.87,29930267.67225086,1,
5101258,Araputanga,2022,ok,ok,2682629.78,2682629.78,2682629.78,new_observed,20357375.68,20357375.68,20293068.112934496,new_observed,4881288106.71,29199822.09669208,1,
5101258,Araputanga,2023,ok,ok,3379838.51,3379838.51,3379838.51,new_observed,18297397.87,18297397.87,18444144.376010727,new_observed,5204872938.82,26936199.187697504,1,
5101258,Araputanga,2024,ok,ok,3807080.59,3807080.59,3807080.59,new_observed,22413101.06,22413101.06,22696464.881731085,new_observed,5736605316.36,28427357.299395084,1,
5101258,Araputanga,2025,ok,ok,4872824.21,4872824.21,4872824.21,new_observed,28085891.69,28085891.69,28273984.03705866,new_observed,6532669761.03,33146808.24705866,1,
5101308,Arenápolis,2019,ok,ok,787535.27,787535.27,787535.27,new_observed,3604576.58,3604576.58,3557614.2391738766,new_observed,2781020315.21,7568431.279015741,1,
5101308,Arenápolis,2020,ok,ok,893653.05,893653.05,893653.05,new_observed,4916571.27,4916571.27,4888548.9942945875,new_observed,3171839904.87,9859398.71430535,2,
5101308,Arenápolis,2021,ok,ok,1012484.92,1012484.92,1012484.92,new_observed,6736908.1,6736908.1,6742502.55107034,new_observed,4632068501.87,10529931.458130961,1,
5101308,Arenápolis,2022,ok,ok,1383039.33,1383039.33,1383039.33,new_observed,6797257.62,6797257.62,6775785.544859731,new_observed,4881288106.71,10369053.24809449,1,
5101308,Arenápolis,2023,ok,ok,1962618.49,1962618.49,1962618.49,new_observed,7122154.32,7122154.32,7179274.532893376,new_observed,5204872938.82,11283359.811243437,1,
5101308,Arenápolis,2024,ok,ok,1845124.95,1845124.95,1845124.95,new_observed,10982627.13,10982627.13,11121478.027422594,new_observed,5736605316.36,13907809.285053989,1,
5101308,Arenápolis,2025,ok,ok,1959431.45,1959431.45,1959431.45,new_observed,13950260.35,13950260.35,14043685.805038879,new_observed,6532669761.03,16003117.255038878,1,
5101407,Aripuanã,2019,ok,ok,11009627.14,11009627.14,11009627.14,new_observed,20853843.12,20853843.12,20582148.160439465,new_observed,2781020315.21,55026916.758254886,1,
5101407,Aripuanã,2020,ok,partial,,,20142782.8146071,imputed_temporal,23091766.83,23091766.83,22960154.000428356,new_observed,3171839904.87,73496055.06024659,1,
5101407,Aripuanã,2021,ok,ok,36445829.17,36445829.17,36445829.17,new_observed,34125258.77,34125258.77,34153597.005822375,new_observed,4632068501.87,95861807.822132,1,
5101407,Aripuanã,2022,ok,ok,32905867.03,32905867.03,32905867.03,new_observed,36541024.45,36541024.45,36425593.83569104,new_observed,4881288106.71,88113376.68243422,1,
5101407,Aripuanã,2023,ok,ok,31513830.51,31513830.51,31513830.51,new_observed,37083228.69,37083228.69,37380638.97098736,new_observed,5204872938.82,85032835.78270075,1,
5101407,Aripuanã,2024,ok,ok,20152095.36,20152095.36,20152095.36,new_observed,38426253.85,38426253.85,38912068.37948416,new_observed,5736605316.36,63351451.9030357,1,
5101407,Aripuanã,2025,ok,ok,24958844.21,24958844.21,24958844.21,new_observed,44938491.81,44938491.81,45239446.69835161,new_observed,6532669761.03,70198290.9083516,1,
5101605,Barão de Melgaço,2019,ok,ok,529352.51,529352.51,529352.51,new_observed,4851981.44,4851981.44,4788767.245208969,new_observed,2781020315.21,9263162.019142494,1,
5101605,Barão de Melgaço,2020,ok,ok,386419.85,386419.85,386419.85,new_observed,5375078.9,5375078.9,5344443.334154915,new_observed,3171839904.87,9771859.349928688,1,
5101605,Barão de Melgaço,2021,ok,ok,362880.12,362880.12,362880.12,new_observed,7664866.98,7664866.98,7671232.025009339,new_observed,4632068501.87,10908934.479839925,1,
5101605,Barão de Melgaço,2022,ok,ok,963704.84,963704.84,963704.84,new_observed,7984571.31,7984571.31,7959348.591557386,new_observed,4881288106.71,11340311.575078575,1,
5101605,Barão de Melgaço,2023,ok,ok,920181.48,920181.48,920181.48,new_observed,8070204.25,8070204.25,8134927.894580202,new_observed,5204872938.82,11176247.298857022,1,
5101605,Barão de Melgaço,2024,ok,ok,1385904.78,1385904.78,1385904.78,new_observed,10185181.86,10185181.86,10313950.835303754,new_observed,5736605316.36,12549112.581270438,1,
5101605,Barão de Melgaço,2025,ok,ok,1623556.69,1623556.69,1623556.69,new_observed,13082411.53,13082411.53,13170024.966561854,new_observed,6532669761.03,14793581.656561853,1,
5101704,Barra do Bugres,2019,ok,ok,4590000.0,4590000.0,4590000.0,new_observed,25262132.71,25262132.71,24933004.209053632,new_observed,2781020315.21,51423507.53053767,1,
5101704,Barra do Bugres,2020,ok,ok,5611682.61,5611682.61,5611682.61,new_observed,25377009.56,25377009.56,25232371.860388417,new_observed,3171839904.87,52593082.818573765,1,
5101704,Barra do Bugres,2021,ok,ok,4576776.16,4576776.16,4576776.16,new_observed,34329411.47,34329411.47,34357919.237939194,new_observed,4632068501.87,52866581.07610346,1,
5101704,Barra do Bugres,2022,ok,ok,7203440.34,7203440.34,7203440.34,new_observed,34789976.7,34789976.7,34680077.52659915,new_observed,4881288106.71,53229776.792304285,1,
5101704,Barra do Bugres,2023,ok,ok,8601032.73,8601032.73,8601032.73,new_observed,35089796.9,35089796.9,35371219.70822038,new_observed,5204872938.82,54272648.42508908,1,
5101704,Barra do Bugres,2024,ok,ok,10233444.72,10233444.72,10233444.72,new_observed,43379346.62,43379346.62,43927781.99311211,new_observed,5736605316.36,58092625.57680801,1,
5101704,Barra do Bugres,2025,ok,ok,14648950.94,14648950.94,14648950.94,new_observed,42635223.48,42635223.48,42920753.28764285,new_observed,6532669761.03,57569704.22764285,1,
5101803,Barra do Garças,2019,ok,ok,9336198.26,9336198.26,9336198.26,new_observed,34448111.09,34448111.09,33999302.777034506,new_observed,2781020315.21,75482273.01455243,1,
5101803,Barra do Garças,2020,ok,ok,9674869.58,9674869.58,9674869.58,new_observed,38001846.65,38001846.65,37785252.97817856,new_observed,3171839904.87,80925617.56685658,1,
5101803,Barra do Garças,2021,ok,ok,15105266.65,15105266.65,15105266.65,new_observed,55585673.0,55585673.0,55631832.35429049,new_observed,4632068501.87,96048743.70730582,1,
5101803,Barra do Garças,2022,ok,ok,20517577.32,20517577.32,20517577.32,new_observed,54644755.53,54644755.53,54472136.458845556,new_observed,4881288106.71,95304452.19239771,1,
5101803,Barra do Garças,2023,ok,ok,23716865.73,23716865.73,23716865.73,new_observed,50367190.09,50367190.09,50771138.73973693,new_observed,5204872938.82,91936643.09446754,1,
5101803,Barra do Garças,2024,ok,ok,28171013.1,28171013.1,28171013.1,new_observed,56744477.39,56744477.39,57461885.120965876,new_observed,5736605316.36,91848730.08430493,1,
5101803,Barra do Garças,2025,ok,ok,31648652.76,31648652.76,31648652.76,new_observed,63205552.84,63205552.84,63628842.97128853,new_observed,6532669761.03,95277495.73128854,1,
5101837,Boa Esperança do Norte,2019,ok,absent_dca,,,923500.8959298253,imputed_temporal,,,14906706.18110664,imputed_temporal,2781020315.21,27573236.350598678,1,
5101837,Boa Esperança do Norte,2020,ok,absent_dca,,,980170.6566758532,imputed_temporal,,,17017682.87030376,imputed_temporal,3171839904.87,30688656.772077046,1,
5101837,Boa Esperança do Norte,2021,ok,absent_dca,,,1272616.5518658406,imputed_temporal,,,24897345.983753804,imputed_temporal,4632068501.87,35534282.007537045,1,
5101837,Boa Esperança do Norte,2022,ok,absent_dca,,,1604261.4638794507,imputed_temporal,,,26008763.35940792,imputed_temporal,4881288106.71,35093402.43542661,1,
5101837,Boa Esperança do Norte,2023,ok,absent_dca,,,1980357.7450251088,imputed_temporal,,,27914829.56176046,imputed_temporal,5204872938.82,36898064.127665676,1,
5101837,Boa Esperança do Norte,2024,ok,absent_dca,,,2216834.4359616702,imputed_temporal,,,30723233.520077977,imputed_temporal,5736605316.36,35331087.3917403,1,
5101837,Boa Esperança do Norte,2025,ok,ok,2455778.15,2455778.15,2455778.15,new_observed,34831482.16,34831482.16,35064749.99793511,new_observed,6532669761.03,37520528.14793511,1,
5101852,Bom Jesus do Araguaia,2019,ok,ok,180329.14,180329.14,180329.14,new_observed,8631600.87,8631600.87,8519143.783034181,new_observed,2781020315.21,15152841.770491926,1,
5101852,Bom Jesus do Araguaia,2020,ok,ok,538205.46,538205.46,538205.46,new_observed,11890536.07,11890536.07,11822765.287936531,new_observed,3171839904.87,21077046.109107297,1,
5101852,Bom Jesus do Araguaia,2021,ok,ok,1065734.14,1065734.14,1065734.14,new_observed,18484409.65,18484409.65,18499759.440113813,new_observed,4632068501.87,26566555.66648705,1,
5101852,Bom Jesus do Araguaia,2022,ok,ok,1571073.69,1571073.69,1571073.69,new_observed,20041991.42,20041991.42,19978680.1303904,new_observed,4881288106.71,27387589.30045025,1,
5101852,Bom Jesus do Araguaia,2023,ok,ok,2446689.49,2446689.49,2446689.49,new_observed,23345691.14,23345691.14,23532925.337427475,new_observed,5204872938.82,32065278.068918202,1,
5101852,Bom Jesus do Araguaia,2024,ok,ok,2540061.95,2540061.95,2540061.95,new_observed,30515231.06,30515231.06,30901028.29845535,new_observed,5736605316.36,35868477.369871885,1,
5101852,Bom Jesus do Araguaia,2025,ok,ok,2343116.25,2343116.25,2343116.25,new_observed,35354613.33,35354613.33,35591384.59843577,new_observed,6532669761.03,37934500.84843577,1,
5101902,Brasnorte,2019,ok,ok,2784171.52,2784171.52,2784171.52,new_observed,25201733.58,25201733.58,24873391.99104335,new_observed,2781020315.21,48174261.51537483,1,
5101902,Brasnorte,2020,ok,ok,3696078.31,3696078.31,3696078.31,new_observed,29598132.16,29598132.16,29429435.933665674,new_observed,3171839904.87,56483265.379313625,1,
5101902,Brasnorte,2021,ok,ok,3668482.31,3668482.31,3668482.31,new_observed,44305609.73,44305609.73,44342401.9145002,new_observed,4632068501.87,65190475.42168011,1,
5101902,Brasnorte,2022,ok,ok,6789099.54,6789099.54,6789099.54,new_observed,45008857.48,45008857.48,44866677.556298904,new_observed,4881288106.71,65649344.29879299,1,
5101902,Brasnorte,2023,ok,ok,8662534.09,8662534.09,8662534.09,new_observed,47779643.16,47779643.16,48162839.48889796,new_observed,5204872938.82,70136582.75079009,1,
5101902,Brasnorte,2024,ok,ok,7895035.04,7895035.04,7895035.04,new_observed,51574966.83,51574966.83,52227017.59564281,new_observed,5736605316.36,64486129.73948746,1,
5101902,Brasnorte,2025,ok,ok,6828975.04,6828975.04,6828975.04,new_observed,60446041.14,60446041.14,60850850.71036784,new_observed,6532669761.03,67679825.75036785,1,
5102504,Cáceres,2019,ok,ok,13839438.55,13839438.55,13839438.55,new_observed,29400558.84,29400558.84,29017512.72235514,new_observed,2781020315.21,74648729.54270685,1,
5102504,Cáceres,2020,ok,ok,13780810.1,13780810.1,13780810.1,new_observed,32244571.56,32244571.56,32060791.802799977,new_observed,3171839904.87,78165831.52920645,1,
5102504,Cáceres,2021,ok,ok,19981431.7,19981431.7,19981431.7,new_observed,46038856.94,46038856.94,46077088.44452137,new_observed,4632068501.87,89696042.95845085,1,
5102504,Cáceres,2022,ok,ok,23247075.39,23247075.39,23247075.39,new_observed,48290874.97,48290874.97,48138327.37596821,new_observed,4881288106.71,90723732.12689182,1,
5102504,Cáceres,2023,ok,ok,26922858.97,26922858.97,26922858.97,new_observed,45201818.43,45201818.43,45564340.41083364,new_observed,5204872938.82,89467154.15232745,1,
5102504,Cáceres,2024,ok,ok,33745616.6,33745616.6,33745616.6,new_observed,49273671.65,49273671.65,49896627.65560088,new_observed,5736605316.36,89713580.59672989,1,
5102504,Cáceres,2025,ok,ok,41298105.56,41298105.56,41298105.56,new_observed,54104919.16,54104919.16,54467261.98124811,new_observed,6532669761.03,95765367.54124811,1,
5102603,Campinápolis,2019,ok,ok,788213.42,788213.42,788213.42,new_observed,10801213.67,10801213.67,10660489.713538427,new_observed,2781020315.21,19941482.50068198,1,
5102603,Campinápolis,2020,ok,ok,1173143.29,1173143.29,1173143.29,new_observed,10999580.65,10999580.65,10936887.918685596,new_observed,3171839904.87,20649161.89618874,3,
5102603,Campinápolis,2021,ok,ok,1094705.38,1094705.38,1094705.38,new_observed,17552915.27,17552915.27,17567491.530231282,new_observed,4632068501.87,25340035.049180593,1,
5102603,Campinápolis,2022,ok,ok,1420774.94,1420774.94,1420774.94,new_observed,18627385.63,18627385.63,18568542.98399857,new_observed,4881288106.71,25404430.800531708,1,
5102603,Campinápolis,2023,ok,ok,1336202.84,1336202.84,1336202.84,new_observed,20324162.53,20324162.53,20487163.840900157,new_observed,5204872938.82,26935438.63799924,1,
5102603,Campinápolis,2024,ok,ok,1401011.07,1401011.07,1401011.07,new_observed,22025270.35,22025270.35,22303730.914842352,new_observed,5736605316.36,25425397.1723079,1,
5102603,Campinápolis,2025,ok,ok,1921109.09,1921109.09,1921109.09,new_observed,30929156.77,30929156.77,31136290.577736143,new_observed,6532669761.03,33057399.667736143,1,
5102637,Campo Novo do Parecis,2019,ok,ok,14823769.95,14823769.95,14823769.95,new_observed,60852429.56,60852429.56,60059611.742520206,new_observed,2781020315.21,130432733.57650198,1,
5102637,Campo Novo do Parecis,2020,ok,ok,15235295.38,15235295.38,15235295.38,new_observed,69304661.67,69304661.67,68909655.83558096,new_observed,3171839904.87,143477972.14190853,1,
5102637,Campo Novo do Parecis,2021,ok,ok,22102867.6,22102867.6,22102867.6,new_observed,104955517.36,104955517.36,105042674.33137575,new_observed,4632068501.87,172641651.16175455,1,
5102637,Campo Novo do Parecis,2022,ok,ok,27114577.03,27114577.03,27114577.03,new_observed,119165184.21,119165184.21,118788749.4869828,new_observed,4881288106.71,185428586.2159434,1,
5102637,Campo Novo do Parecis,2023,ok,ok,34398701.09,34398701.09,34398701.09,new_observed,129131593.68,129131593.68,130167238.76586252,new_observed,5204872938.82,203115121.4982666,1,
5102637,Campo Novo do Parecis,2024,ok,ok,35408979.79,35408979.79,35408979.79,new_observed,117264492.83,117264492.83,118747041.57471468,new_observed,5736605316.36,165345738.5111766,1,
5102637,Campo Novo do Parecis,2025,ok,ok,40772958.07,40772958.07,40772958.07,new_observed,127044948.37,127044948.37,127895773.50258312,new_observed,6532669761.03,168668731.5725831,2,
5102678,Campo Verde,2019,ok,ok,11348492.17,11348492.17,11348492.17,new_observed,53984998.37,53984998.37,53281653.09859792,new_observed,2781020315.21,112573528.7095305,1,
5102678,Campo Verde,2020,ok,ok,13465301.42,13465301.42,13465301.42,new_observed,62565989.72,62565989.72,62209391.32704803,new_observed,3171839904.87,129035091.24381019,2,
5102678,Campo Verde,2021,ok,ok,16166534.4,16166534.4,16166534.4,new_observed,84967243.22,84967243.22,85037801.56482528,new_observed,4632068501.87,137417981.0026417,1,
5102678,Campo Verde,2022,ok,ok,21935790.06,21935790.06,21935790.06,new_observed,86919019.68,86919019.68,86644448.40051869,new_observed,4881288106.71,137994661.1867033,1,
5102678,Campo Verde,2023,ok,ok,26007600.93,26007600.93,26007600.93,new_observed,98728256.98,98728256.98,99520065.02064487,new_observed,5204872938.82,154932224.39157578,1,
5102678,Campo Verde,2024,ok,ok,27531513.33,27531513.33,27531513.33,new_observed,101212867.11,101212867.11,102492478.742316,new_observed,5736605316.36,139462038.5440839,1,
5102678,Campo Verde,2025,ok,ok,28289771.69,28289771.69,28289771.69,new_observed,110091905.78,110091905.78,110829195.70402595,new_observed,6532669761.03,139118967.39402595,1,
5102686,Campos de Júlio,2019,ok,ok,3455862.44,3455862.44,3455862.44,new_observed,27231527.73,27231527.73,26876740.9032842,new_observed,2781020315.21,52833676.593313985,1,
5102686,Campos de Júlio,2020,ok,ok,3437906.56,3437906.56,3437906.56,new_observed,27975522.52,27975522.52,27816074.448975008,new_observed,3171839904.87,53292060.32861914,1,
5102686,Campos de Júlio,2021,ok,ok,5661152.33,5661152.33,5661152.33,new_observed,39786651.57,39786651.57,39819691.12941762,new_observed,4632068501.87,61755117.73193779,1,
5102686,Campos de Júlio,2022,ok,absent_dca,,,7862731.282379044,imputed_temporal,,,42444094.64876528,imputed_temporal,4881288106.71,63934961.81416987,1,
5102686,Campos de Júlio,2023,ok,ok,10594754.49,10594754.49,10594754.49,new_observed,46093871.43,46093871.43,46463547.74293358,new_observed,5204872938.82,70424074.39034997,1,
5102686,Campos de Júlio,2024,ok,ok,9167801.75,9167801.75,9167801.75,new_observed,56456515.98,56456515.98,57170283.079291105,new_observed,5736605316.36,71153364.82099225,1,
5102686,Campos de Júlio,2025,ok,ok,8388998.74,8388998.74,8388998.74,new_observed,58140646.84,58140646.84,58530017.09195245,new_observed,6532669761.03,66919015.83195245,1,
5102694,Canabrava do Norte,2019,ok,ok,257981.56,257981.56,257981.56,new_observed,5025003.64,5025003.64,4959535.219963216,new_observed,2781020315.21,9087930.602362828,1,
5102694,Canabrava do Norte,2020,ok,ok,535784.25,535784.25,535784.25,new_observed,5274658.26,5274658.26,5244595.047265661,new_observed,3171839904.87,9856290.696014771,1,
5102694,Canabrava do Norte,2021,ok,ok,856635.52,856635.52,856635.52,new_observed,7850634.99,7850634.99,7857154.300145059,new_observed,4632068501.87,11831819.185908075,1,
5102694,Canabrava do Norte,2022,ok,ok,1093928.6,1093928.6,1093928.6,new_observed,8837467.94,8837467.94,8809550.979033407,new_observed,4881288106.71,12586335.492116965,1,
5102694,Canabrava do Norte,2023,ok,ok,1535090.3,1535090.3,1535090.3,new_observed,10042031.79,10042031.79,10122569.63963857,new_observed,5204872938.82,14388439.16972781,1,
5102694,Canabrava do Norte,2024,ok,ok,2155109.45,2155109.45,2155109.45,new_observed,16095710.38,16095710.38,16299204.844891038,new_observed,5736605316.36,19793856.89117528,1,
5102694,Canabrava do Norte,2025,ok,ok,1578251.99,1578251.99,1578251.99,new_observed,19784098.18,19784098.18,19916593.08178872,new_observed,6532669761.03,21494845.071788717,1,
5102702,Canarana,2019,ok,ok,5463917.77,5463917.77,5463917.77,new_observed,25457793.87,25457793.87,25126116.191396166,new_observed,2781020315.21,53282072.19815599,1,
5102702,Canarana,2020,ok,ok,7105764.3,7105764.3,7105764.3,new_observed,31001107.63,31001107.63,30824415.065716065,new_observed,3171839904.87,64675837.82215197,1,
5102702,Canarana,2021,ok,ok,10260251.54,10260251.54,10260251.54,new_observed,43816632.72,43816632.72,43853018.84909372,new_observed,4632068501.87,73476460.18747465,1,
5102702,Canarana,2022,ok,ok,3986009.88,3986009.88,3986009.88,new_observed,49181036.84,49181036.84,49025677.2850822,new_observed,4881288106.71,67372570.85635324,1,
5102702,Canarana,2023,ok,ok,10820793.4,10820793.4,10820793.4,new_observed,58596018.31,58596018.31,59065962.780477494,new_observed,5204872938.82,86257563.29134916,1,
5102702,Canarana,2024,ok,ok,10572719.87,10572719.87,10572719.87,new_observed,60620967.65,60620967.65,61387384.97995159,new_observed,5736605316.36,77183470.19093728,1,
5102702,Canarana,2025,ok,ok,12123344.23,12123344.23,12123344.23,new_observed,71268129.93,71268129.93,71745415.46456568,new_observed,6532669761.03,83868759.69456568,1,
5102793,Carlinda,2019,ok,ok,693303.43,693303.43,693303.43,new_observed,5682261.73,5682261.73,5608230.20199526,new_observed,2781020315.21,10976083.595160387,1,
5102793,Carlinda,2020,ok,ok,1177854.17,1177854.17,1177854.17,new_observed,6571562.76,6571562.76,6534107.766801835,new_observed,3171839904.87,13149887.710945928,5,
5102793,Carlinda,2021,ok,ok,952545.58,952545.58,952545.58,new_observed,9879024.52,9879024.52,9887228.24171914,new_observed,4632068501.87,14718537.68818417,1,
5102793,Carlinda,2022,ok,ok,1716899.14,1716899.14,1716899.14,new_observed,11295233.67,11295233.67,11259552.794027971,new_observed,4881288106.71,16491777.080530614,1,
5102793,Carlinda,2023,ok,ok,2344620.17,2344620.17,2344620.17,new_observed,13896861.69,13896861.69,14008315.565136278,new_observed,5204872938.82,20183572.19971982,1,
5102793,Carlinda,2024,ok,ok,2445679.05,2445679.05,2445679.05,new_observed,19195816.58,19195816.58,19438504.993923463,new_observed,5736605316.36,23472690.462711133,1,
5102793,Carlinda,2025,ok,ok,1934217.02,1934217.02,1934217.02,new_observed,22483630.88,22483630.88,22634204.660932347,new_observed,6532669761.03,24568421.680932347,1,
5102850,Castanheira,2019,ok,ok,593069.51,593069.51,593069.51,new_observed,6578900.35,6578900.35,6493186.937164752,new_observed,2781020315.21,12342922.799921203,1,
5102850,Castanheira,2020,ok,ok,611113.72,611113.72,611113.72,new_observed,6711207.52,6711207.52,6672956.613603258,new_observed,3171839904.87,12420277.453448813,1,
5102850,Castanheira,2021,ok,ok,729922.63,729922.63,729922.63,new_observed,10766331.0,10766331.0,10775271.557165472,new_observed,4632068501.87,15622063.43405198,1,
5102850,Castanheira,2022,ok,ok,1465779.48,1465779.48,1465779.48,new_observed,8148417.61,8148417.61,8122677.312224407,new_observed,4881288106.71,12185972.927545829,1,
5102850,Castanheira,2023,ok,ok,2500110.6,2500110.6,2500110.6,new_observed,12473343.56,12473343.56,12573380.71275288,new_observed,5204872938.82,18604420.95171371,1,
5102850,Castanheira,2024,ok,ok,3609355.2,3609355.2,3609355.2,new_observed,16779016.47,16779016.47,16991149.820895977,new_observed,5736605316.36,22095833.080204967,2,
5102850,Castanheira,2025,ok,ok,1772282.92,1772282.92,1772282.92,new_observed,20456326.23,20456326.23,20593323.07009564,new_observed,6532669761.03,22365605.990095638,1,
5103007,Chapada dos Guimarães,2019,ok,ok,3472559.72,3472559.72,3472559.72,new_observed,9998523.1,9998523.1,9868257.023206018,new_observed,2781020315.21,23237187.69946172,2,
5103007,Chapada dos Guimarães,2020,ok,ok,3831242.32,3831242.32,3831242.32,new_observed,11535045.83,11535045.83,11469301.184642134,new_observed,3171839904.87,26089396.012491904,1,
5103007,Chapada dos Guimarães,2021,ok,ok,6325482.07,6325482.07,6325482.07,new_observed,17249706.86,17249706.86,17264031.330450468,new_observed,4632068501.87,32030478.471311025,4,
5103007,Chapada dos Guimarães,2022,ok,ok,6672105.43,6672105.43,6672105.43,new_observed,17491892.06,17491892.06,17436636.361061547,new_observed,4881288106.71,30639807.963812426,1,
5103007,Chapada dos Guimarães,2023,ok,ok,9269097.5,9269097.5,9269097.5,new_observed,18532729.71,18532729.71,18681363.595053278,new_observed,5204872938.82,34497790.40685299,1,
5103007,Chapada dos Guimarães,2024,ok,ok,11916571.71,11916571.71,11916571.71,new_observed,24423813.48,24423813.48,24732598.28895673,new_observed,5736605316.36,39309421.8808517,1,
5103007,Chapada dos Guimarães,2025,ok,ok,15107261.77,15107261.77,15107261.77,new_observed,24924271.68,24924271.68,25091190.53060171,new_observed,6532669761.03,40198452.300601706,1,
5103056,Cláudia,2019,ok,ok,4357522.72,4357522.72,4357522.72,new_observed,8901373.0,8901373.0,8785401.178242657,new_observed,2781020315.21,22892495.671131752,1,
5103056,Cláudia,2020,ok,ok,4108477.93,4108477.93,4108477.93,new_observed,10872337.96,10872337.96,10810370.455585578,new_observed,3171839904.87,25438556.70641886,1,
5103056,Cláudia,2021,ok,ok,3239730.84,3239730.84,3239730.84,new_observed,15970862.64,15970862.64,15984125.13494046,new_observed,4632068501.87,26102670.898211736,1,
5103056,Cláudia,2022,ok,ok,5715756.93,5715756.93,5715756.93,new_observed,21499041.41,21499041.41,21431127.398437303,new_observed,4881288106.71,34500984.32542562,1,
5103056,Cláudia,2023,ok,ok,4894696.96,4894696.96,4894696.96,new_observed,27361540.11,27361540.11,27580981.717967555,new_observed,5204872938.82,40083029.49074099,1,
5103056,Cláudia,2024,ok,ok,4936138.11,4936138.11,4936138.11,new_observed,32696279.16,32696279.16,33109650.901570328,new_observed,5736605316.36,40807417.22358959,1,
5103056,Cláudia,2025,ok,ok,6438305.39,3979260.32,6438305.39,new_observed,39014031.81,28099381.4,39275310.35128188,new_observed,6532669761.03,45713615.74128188,1,
5103106,Cocalinho,2019,ok,ok,944130.16,944130.16,944130.16,new_observed,8886672.94,8886672.94,8770892.638442758,new_observed,2781020315.21,16921738.19769545,1,
5103106,Cocalinho,2020,ok,ok,1349002.89,1349002.89,1349002.89,new_observed,9949130.2,9949130.2,9892424.57036851,new_observed,3171839904.87,19168080.707085628,1,
5103106,Cocalinho,2021,ok,ok,3374582.79,3374582.79,3374582.79,new_observed,14268259.91,14268259.91,14280108.53265308,new_observed,4632068501.87,23972016.748640623,1,
5103106,Cocalinho,2022,ok,ok,4132556.5,4132556.5,4132556.5,new_observed,15305313.11,15305313.11,15256964.665448433,new_observed,4881288106.71,24642148.900523677,1,
5103106,Cocalinho,2023,ok,ok,2669783.41,2669783.41,2669783.41,new_observed,16220751.6,16220751.6,16350843.246860381,new_observed,5204872938.82,23476163.401522573,1,
5103106,Cocalinho,2024,ok,ok,5506330.31,5506330.31,5506330.31,new_observed,21875802.53,21875802.53,22152373.40663778,new_observed,5736605316.36,29666364.97104151,1,
5103106,Cocalinho,2025,ok,ok,18772145.51,18772145.51,18772145.51,new_observed,26622197.7,26622197.7,26800487.629496362,new_observed,6532669761.03,45572633.13949636,1,
5103205,Colíder,2019,ok,ok,5611300.74,5611300.74,5611300.74,new_observed,16496536.09,16496536.09,16281610.443917867,new_observed,2781020315.21,38133323.93816303,1,
5103205,Colíder,2020,ok,ok,6689607.86,6689607.86,6689607.86,new_observed,18079612.82,18079612.82,17976567.045360155,new_observed,3171839904.87,42059003.00365719,1,
5103205,Colíder,2021,ok,ok,7663114.16,7663114.16,7663114.16,new_observed,25785294.12,25785294.12,25806706.697423864,new_observed,4632068501.87,45446226.81330424,1,
5103205,Colíder,2022,ok,ok,8728823.13,8728823.13,8728823.13,new_observed,27109498.76,27109498.76,27023861.694740474,new_observed,4881288106.71,45438099.039532006,1,
5103205,Colíder,2023,ok,ok,10017876.65,10017876.65,10017876.65,new_observed,27663479.85,27663479.85,27885343.03737385,new_observed,5204872938.82,46781959.12665442,1,
5103205,Colíder,2024,ok,ok,11783498.45,11783498.45,11783498.45,new_observed,32916955.98,32916955.98,33333117.689228762,new_observed,5736605316.36,48391494.205840714,1,
5103205,Colíder,2025,ok,ok,12666476.41,12666476.41,12666476.41,new_observed,39945138.1,39945138.1,40212652.2975815,new_observed,6532669761.03,52879128.707581505,1,
5103254,Colniza,2019,ok,ok,1499399.35,1499399.35,1499399.35,new_observed,15126662.56,15126662.56,14929584.354852121,new_observed,2781020315.21,28616192.35235089,1,
5103254,Colniza,2020,ok,ok,2110598.63,2110598.63,2110598.63,new_observed,17833613.11,17833613.11,17731969.42460457,new_observed,3171839904.87,33834132.475381486,1,
5103254,Colniza,2021,ok,ok,2655066.68,2655066.68,2655066.68,new_observed,26362965.36,26362965.36,26384857.6461328,new_observed,4632068501.87,39431193.64721341,1,
5103254,Colniza,2022,ok,ok,3835779.09,3835779.09,3835779.09,new_observed,27303125.23,27303125.23,27216876.511873174,new_observed,4881288106.71,39464830.33637835,1,
5103254,Colniza,2023,ok,ok,4746023.39,4746023.39,4746023.39,new_observed,31158829.65,31158829.65,31408725.80545377,new_observed,5204872938.82,44623913.56319495,1,
5103254,Colniza,2024,ok,ok,6215867.08,6215867.08,6215867.08,new_observed,34222851.43,34222851.43,34655523.28320672,new_observed,5736605316.36,43838120.390993975,1,
5103254,Colniza,2025,ok,ok,7330064.97,7330064.97,7330064.97,new_observed,35557605.04,35557605.04,35795735.75208772,new_observed,6532669761.03,43125800.72208772,1,
5103304,Comodoro,2019,ok,ok,4779848.0,4779848.0,4779848.0,new_observed,19119609.41,19119609.41,18870508.969588555,new_observed,2781020315.21,41194463.17568798,1,
5103304,Comodoro,2020,ok,ok,2855778.92,2855778.92,2855778.92,new_observed,21301478.55,21301478.55,21180069.569619037,new_observed,3171839904.87,40984215.33533579,1,
5103304,Comodoro,2021,ok,ok,3263996.43,3263996.43,3263996.43,new_observed,33775244.59,33775244.59,33803292.16767848,new_observed,4632068501.87,50330965.682197616,1,
5103304,Comodoro,2022,ok,ok,5428012.53,5428012.53,5428012.53,new_observed,37345419.59,37345419.59,37227447.94607967,new_observed,4881288106.71,54210838.911536776,1,
5103304,Comodoro,2023,ok,ok,7519067.47,7519067.47,7519067.47,new_observed,36252682.32,36252682.32,36543431.556682415,new_observed,5204872938.82,54384035.06315237,1,
5103304,Comodoro,2024,ok,ok,8113612.09,8113612.09,8113612.09,new_observed,40452190.06,40452190.06,40963618.04768043,new_observed,5736605316.36,52639597.13905245,1,
5103304,Comodoro,2025,ok,ok,10927853.8,10927853.8,10927853.8,new_observed,52789165.98,52789165.98,53142697.149244756,new_observed,6532669761.03,64070550.94924475,1,
5103353,Confresa,2019,ok,ok,4300305.62,4300305.62,4300305.62,new_observed,14271323.07,14271323.07,14085388.682651497,new_observed,2781020315.21,32024413.326358758,1,
5103353,Confresa,2020,ok,ok,4179607.67,4179607.67,4179607.67,new_observed,16436670.34,16436670.34,16342988.608839728,new_observed,3171839904.87,34993668.124318406,1,
5103353,Confresa,2021,ok,ok,6269753.24,6269753.24,6269753.24,new_observed,25106611.34,25106611.34,25127460.326894104,new_observed,4632068501.87,42631984.65104209,1,
5103353,Confresa,2022,ok,ok,9150950.97,9150950.97,9150950.97,new_observed,27369307.26,27369307.26,27282849.477335602,new_observed,4881288106.71,46303729.11091153,1,
5103353,Confresa,2023,ok,ok,11502760.6,11502760.6,11502760.6,new_observed,31629641.74,31629641.74,31883313.843798224,new_observed,5204872938.82,53549159.62381618,1,
5103353,Confresa,2024,ok,ok,11502760.6,11502760.6,11502760.6,new_observed,31629641.74,31629641.74,32029528.22333125,new_observed,5736605316.36,46692165.38448554,1,
5103353,Confresa,2025,ok,ok,14192556.1,14192556.1,14192556.1,new_observed,49323091.22,49323091.22,49653409.94707326,new_observed,6532669761.03,63845966.04707326,1,
5103361,Conquista D'Oeste,2019,ok,ok,225203.41,225203.41,225203.41,new_observed,8259801.95,8259801.95,8152188.857110132,new_observed,2781020315.21,14591837.987879865,1,
5103361,Conquista D'Oeste,2020,ok,ok,267465.45,267465.45,267465.45,new_observed,9159062.86,9159062.86,9106860.263806144,new_observed,3171839904.87,15984431.91402792,1,
5103361,Conquista D'Oeste,2021,ok,ok,491917.33,491917.33,491917.33,new_observed,13667713.7,13667713.7,13679063.61815282,new_observed,4632068501.87,19241740.703667916,1,
5103361,Conquista D'Oeste,2022,ok,ok,453432.33,453432.33,453432.33,new_observed,14686008.66,14686008.66,14639616.556141771,new_observed,4881288106.71,19181760.851214234,1,
5103361,Conquista D'Oeste,2023,ok,ok,796543.32,796543.32,796543.32,new_observed,15362165.82,15362165.82,15485371.54438,new_observed,5204872938.82,20095914.8581994,1,
5103361,Conquista D'Oeste,2024,ok,ok,1315852.62,1315852.62,1315852.62,new_observed,19566719.96,19566719.96,19814097.622366525,new_observed,5736605316.36,22663709.121440805,1,
5103361,Conquista D'Oeste,2025,ok,ok,1121915.36,1121915.36,1121915.36,new_observed,21912727.9,21912727.9,22059478.320697386,new_observed,6532669761.03,23181393.680697385,1,
5103379,Cotriguaçu,2019,ok,ok,540829.52,540829.52,540829.52,new_observed,9431141.47,9431141.47,9308267.542851107,new_observed,2781020315.21,17155270.29004734,1,
5103379,Cotriguaçu,2020,ok,ok,639185.71,639185.71,639185.71,new_observed,10967859.82,10967859.82,10905347.88334819,new_observed,3171839904.87,19684915.676688027,1,
5103379,Cotriguaçu,2021,ok,ok,747783.97,747783.97,747783.97,new_observed,16775057.54,16775057.54,16788987.853018466,new_observed,4632068501.87,23811902.466913972,1,
5103379,Cotriguaçu,2022,ok,ok,1169787.38,1169787.38,1169787.38,new_observed,18533060.59,18533060.59,18474515.910393216,new_observed,4881288106.71,24965951.587888077,1,
5103379,Cotriguaçu,2023,ok,ok,1727064.98,1727064.98,1727064.98,new_observed,19441113.12,19441113.12,19597032.308268674,new_observed,5204872938.82,26319216.57264641,1,
5103379,Cotriguaçu,2024,ok,ok,2248850.38,2248850.38,2248850.38,new_observed,20362201.16,20362201.16,20619635.913187817,new_observed,5736605316.36,24528440.221183293,1,
5103379,Cotriguaçu,2025,ok,ok,3174911.36,,3174911.36,new_observed,25227980.83,,25396933.63300305,new_observed,6532669761.03,28571844.993003048,1,
5103403,Cuiabá,2019,ok,ok,340354109.76,340354109.76,340354109.76,new_observed,343114456.17,343114456.17,338644178.5450409,new_observed,2781020315.21,1182687010.597954,1,
5103403,Cuiabá,2020,ok,ok,341073040.75,341073040.75,341073040.75,new_observed,380949754.47,380949754.47,378778509.82338935,new_observed,3171839904.87,1227439546.0146601,1,
5103403,Cuiabá,2021,ok,ok,420999128.35,420999128.35,420999128.35,new_observed,554813830.01,554813830.01,555274557.5097768,new_observed,4632068501.87,1325610780.782019,1,
5103403,Cuiabá,2022,ok,ok,503201814.47,503201814.47,503201814.47,new_observed,548310772.05,548310772.05,546578695.563295,new_observed,4881288106.71,1334166399.4882805,1,
5103403,Cuiabá,2023,ok,ok,620951707.67,620951707.67,620951707.67,new_observed,525910865.56,525910865.56,530128710.2252539,new_observed,5204872938.82,1420718279.4923952,1,
5103403,Cuiabá,2024,ok,ok,682338639.59,682338639.59,682338639.59,new_observed,501899485.34,501899485.34,508244888.2322674,new_observed,5736605316.36,1277004368.1996212,1,
5103403,Cuiabá,2025,ok,ok,749489435.51,749489435.51,749489435.51,new_observed,532086439.6,532086439.6,535649843.90160125,new_observed,6532669761.03,1285139279.4116013,1,
5103437,Curvelândia,2019,ok,ok,166250.58,166250.58,166250.58,new_observed,3458259.66,3458259.66,3413203.6138282316,new_observed,2781020315.21,6234734.391803315,1,
5103437,Curvelândia,2020,ok,ok,178396.69,178396.69,178396.69,new_observed,3826175.0,3826175.0,3804367.49943525,new_observed,3171839904.87,6791125.565639041,1,
5103437,Curvelândia,2021,ok,ok,278838.77,278838.77,278838.77,new_observed,5484739.22,5484739.22,5489293.8472480485,new_observed,4632068501.87,7832126.270688671,1,
5103437,Curvelândia,2022,ok,ok,574583.12,574583.12,574583.12,new_observed,5658740.02,5658740.02,5640864.444628076,new_observed,4881288106.71,7899214.377913185,1,
5103437,Curvelândia,2023,ok,ok,578819.73,578819.73,578819.73,new_observed,6013655.1,6013655.1,6061885.0658426015,new_observed,5204872938.82,8196274.1659852695,1,
5103437,Curvelândia,2024,ok,ok,645341.49,645341.49,645341.49,new_observed,9352644.04,9352644.04,9470887.425927285,new_observed,5736605316.36,10850535.232060555,1,
5103437,Curvelândia,2025,ok,ok,844301.51,844301.51,844301.51,new_observed,14000319.84,14000319.84,14094080.545458216,new_observed,6532669761.03,14938382.055458216,1,
5103452,Denise,2019,ok,ok,269932.37,269932.37,269932.37,new_observed,3729575.41,3729575.41,3680984.51793435,new_observed,2781020315.21,6881752.375217819,1,
5103452,Denise,2020,ok,ok,453850.72,453850.72,453850.72,new_observed,4914984.49,4914984.49,4886971.25823684,new_observed,3171839904.87,9106788.891529664,1,
5103452,Denise,2021,ok,ok,611952.68,611952.68,611952.68,new_observed,7450246.39,7450246.39,7456433.210166187,new_observed,4632068501.87,10955472.29678178,1,
5103452,Denise,2022,ok,ok,979807.66,979807.66,979807.66,new_observed,8080837.71,8080837.71,8055310.892538365,new_observed,4881288106.71,11482735.174620032,1,
5103452,Denise,2023,ok,ok,1423199.52,1423199.52,1423199.52,new_observed,8094879.7,8094879.7,8159801.243543621,new_observed,5204872938.82,11827795.995392319,1,
5103452,Denise,2024,ok,ok,1236764.4,1236764.4,1236764.4,new_observed,11427553.94,11427553.94,11572029.947528273,new_observed,5736605316.36,13738545.806259474,1,
5103452,Denise,2025,ok,ok,1710511.22,1710511.22,1710511.22,new_observed,15256482.31,15256482.31,15358655.586078273,new_observed,6532669761.03,17069166.806078274,1,
5103502,Diamantino,2019,ok,ok,6220983.87,6220983.87,6220983.87,new_observed,40808942.48,40808942.48,40277261.872593,new_observed,2781020315.21,80991178.03762524,1,
5103502,Diamantino,2020,ok,ok,7075964.43,7075964.43,7075964.43,new_observed,45025819.39,45025819.39,44769192.18874137,new_observed,3171839904.87,88402665.03903161,1,
5103502,Diamantino,2021,ok,ok,8529001.23,8529001.23,8529001.23,new_observed,61089013.99,61089013.99,61139743.41878684,new_observed,4632068501.87,94598103.30609103,1,
5103502,Diamantino,2022,ok,ok,12314702.55,12314702.55,12314702.55,new_observed,67214490.72,67214490.72,67002164.709138155,new_observed,4881288106.71,100803832.99024856,1,
5103502,Diamantino,2023,ok,ok,17065036.33,17065036.33,17065036.33,new_observed,73790091.62,73790091.62,74381893.70029475,new_observed,5204872938.82,112868156.80094759,1,
5103502,Diamantino,2024,ok,ok,26406342.03,26406342.03,26406342.03,new_observed,73494827.6,73494827.6,74424006.26075079,new_observed,5736605316.36,108149316.8731288,1,
5103502,Diamantino,2025,ok,ok,21490686.69,21490686.69,21490686.69,new_observed,78262019.78,78262019.78,78786143.67638364,new_observed,6532669761.03,100276830.36638364,1,
5103601,Dom Aquino,2019,ok,ok,795916.61,795916.61,795916.61,new_observed,7964196.95,7964196.95,7860435.156271574,new_observed,2781020315.21,15077732.844794335,1,
5103601,Dom Aquino,2020,ok,ok,698739.82,698739.82,698739.82,new_observed,9298954.12,9298954.12,9245954.20566689,new_observed,3171839904.87,16956983.298009593,1,
5103601,Dom Aquino,2021,ok,ok,801110.57,801110.57,801110.57,new_observed,13299379.98,13299379.98,13310424.027129568,new_observed,4632068501.87,19161022.84254358,1,
5103601,Dom Aquino,2022,ok,ok,997545.84,997545.84,997545.84,new_observed,14007783.28,14007783.28,13963533.644050969,new_observed,4881288106.71,19014040.89418767,1,
5103601,Dom Aquino,2023,ok,ok,1770967.56,1770967.56,1770967.56,new_observed,15682880.06,15682880.06,15808657.936687244,new_observed,5204872938.82,21697611.13254112,1,
5103601,Dom Aquino,2024,ok,ok,2123222.75,2123222.75,2123222.75,new_observed,21299476.03,21299476.03,21568760.53965234,new_observed,5736605316.36,25411712.36220476,1,
5103601,Dom Aquino,2025,ok,ok,7137352.34,7137352.34,7137352.34,new_observed,23297558.66,23297558.66,23453583.34803426,new_observed,6532669761.03,30590935.68803426,1,
5103700,Feliz Natal,2019,ok,ok,1124757.19,1124757.19,1124757.19,new_observed,14545791.46,14545791.46,14356281.152486922,new_observed,2781020315.21,26965050.24178017,1,
5103700,Feliz Natal,2020,ok,ok,1371073.33,1371073.33,1371073.33,new_observed,17722615.19,17722615.19,17621604.143520225,new_observed,3171839904.87,32384959.644987,1,
5103700,Feliz Natal,2021,ok,ok,1895857.98,1895857.98,1895857.98,new_observed,27148604.0,27148604.0,27171148.694754858,new_observed,4632068501.87,39467966.79169356,1,
5103700,Feliz Natal,2022,ok,ok,2396588.3,2396588.3,2396588.3,new_observed,29979247.2,29979247.2,29884544.79433671,new_observed,4881288106.71,41026102.79029396,1,
5103700,Feliz Natal,2023,ok,ok,3165040.75,3165040.75,3165040.75,new_observed,30878794.8,30878794.8,31126445.054911476,new_observed,5204872938.82,42324185.13649411,1,
5103700,Feliz Natal,2024,ok,ok,2895801.04,2895801.04,2895801.04,new_observed,34191128.48,34191128.48,34623399.267047934,new_observed,5736605316.36,40242605.045186885,1,
5103700,Feliz Natal,2025,ok,ok,3116908.78,3116908.78,3116908.78,new_observed,40312973.39,40312973.39,40582950.99532339,new_observed,6532669761.03,43699859.77532339,1,
5103809,Figueirópolis D'Oeste,2019,ok,ok,221110.29,221110.29,221110.29,new_observed,4412852.54,4412852.54,4355359.550074702,new_observed,2781020315.21,7971347.685957729,1,
5103809,Figueirópolis D'Oeste,2020,ok,ok,215148.17,215148.17,215148.17,new_observed,4587937.59,4587937.59,4561788.3805192625,new_observed,3171839904.87,8145291.659425859,1,
5103809,Figueirópolis D'Oeste,2021,ok,ok,302226.11,302226.11,302226.11,new_observed,6441721.51,6441721.51,6447070.832754819,new_observed,4632068501.87,9164377.69408441,1,
5103809,Figueirópolis D'Oeste,2022,ok,ok,318283.06,318283.06,318283.06,new_observed,6984298.91,6984298.91,6962235.9841287825,new_observed,4881288106.71,9252814.075585268,1,
5103809,Figueirópolis D'Oeste,2023,ok,ok,743988.9,743988.9,743988.9,new_observed,7036559.21,7036559.21,7092992.943678499,new_observed,5204872938.82,9672776.278935224,1,
5103809,Figueirópolis D'Oeste,2024,ok,ok,413798.99,413798.99,413798.99,new_observed,8620987.31,8620987.31,8729980.523599366,new_observed,5736605316.36,9807498.682665892,1,
5103809,Figueirópolis D'Oeste,2025,ok,ok,662559.76,662559.76,662559.76,new_observed,16239290.46,16239290.46,16348045.641815228,new_observed,6532669761.03,17010605.40181523,1,
5103858,Gaúcha do Norte,2019,ok,ok,1267400.84,1267400.84,1267400.84,new_observed,16471193.52,16471193.52,16256598.050398607,new_observed,2781020315.21,30523502.36867825,1,
5103858,Gaúcha do Norte,2020,ok,ok,1209710.33,1209710.33,1209710.33,new_observed,19289871.35,19289871.35,19179927.63849724,new_observed,3171839904.87,34766957.09208451,1,
5103858,Gaúcha do Norte,2021,ok,ok,1800475.57,1800475.57,1800475.57,new_observed,27213547.79,27213547.79,27236146.415259786,new_observed,4632068501.87,39426709.63957652,1,
5103858,Gaúcha do Norte,2022,ok,ok,2628512.04,2628512.04,2628512.04,new_observed,28739953.02,28739953.02,28649165.460476357,new_observed,4881288106.71,39750810.742183276,2,
5103858,Gaúcha do Norte,2023,ok,ok,3367875.28,3367875.28,3367875.28,new_observed,33132770.71,33132770.71,33398498.02110137,new_observed,5204872938.82,45378809.16697962,1,
5103858,Gaúcha do Norte,2024,ok,ok,3247720.1,3247720.1,3247720.1,new_observed,33910876.78,33910876.78,34339604.40751165,new_observed,5736605316.36,40315674.174348615,1,
5103858,Gaúcha do Norte,2025,ok,ok,3756477.53,3756477.53,3756477.53,new_observed,36147135.82,36147135.82,36389214.64344902,new_observed,6532669761.03,40145692.173449025,1,
5103908,General Carneiro,2019,ok,ok,588779.46,588779.46,588779.46,new_observed,8822303.1,8822303.1,8707361.442954231,new_observed,2781020315.21,16192124.905141214,1,
5103908,General Carneiro,2020,ok,ok,367314.68,367314.68,367314.68,new_observed,10572221.39,10572221.39,10511964.416930793,new_observed,3171839904.87,18550571.135210883,1,
5103908,General Carneiro,2021,ok,ok,467664.65,467664.65,467664.65,new_observed,14785332.89,14785332.89,14797610.899464283,new_observed,4632068501.87,20727603.471312348,1,
5103908,General Carneiro,2022,ok,ok,725626.35,725626.35,725626.35,new_observed,14790465.3,14790465.3,14743743.224710885,new_observed,4881288106.71,19660026.93952757,1,
5103908,General Carneiro,2023,ok,ok,697569.41,697569.41,697569.41,new_observed,15607218.76,15607218.76,15732389.827375116,new_observed,5204872938.82,20278638.27493056,1,
5103908,General Carneiro,2024,ok,ok,406471.19,406471.19,406471.19,new_observed,15750379.92,15750379.92,15949508.449153552,new_observed,5736605316.36,17543210.49913026,1,
5103908,General Carneiro,2025,ok,ok,1718896.52,1718896.52,1718896.52,new_observed,22177308.02,22177308.02,22325830.34440994,new_observed,6532669761.03,24044726.86440994,2,
5103957,Glória D'Oeste,2019,ok,ok,325292.96,325292.96,325292.96,new_observed,3648625.23,3648625.23,3601088.9999338174,new_observed,2781020315.21,6839017.156069299,1,
5103957,Glória D'Oeste,2020,ok,ok,267983.49,267983.49,267983.49,new_observed,4071592.03,4071592.03,4048385.7612084113,new_observed,3171839904.87,7359965.134359669,1,
5103957,Glória D'Oeste,2021,ok,ok,230075.98,230075.98,230075.98,new_observed,6044645.52,6044645.52,6049665.103627568,new_observed,4632068501.87,8526802.065391444,1,
5103957,Glória D'Oeste,2022,ok,ok,429395.05,429395.05,429395.05,new_observed,6271475.0,6271475.0,6251663.83644426,new_observed,4881288106.71,8490959.961729344,1,
5103957,Glória D'Oeste,2023,ok,ok,611552.71,611552.71,611552.71,new_observed,6469031.97,6469031.97,6520914.092562665,new_observed,5204872938.82,8803230.25805792,1,
5103957,Glória D'Oeste,2024,ok,ok,753489.44,753489.44,753489.44,new_observed,12093756.84,12093756.84,12246655.501728911,new_observed,5736605316.36,13943785.95862305,1,
5103957,Glória D'Oeste,2025,ok,ok,1075568.72,1075568.72,1075568.72,new_observed,14605065.63,14605065.63,14702876.34235387,new_observed,6532669761.03,15778445.06235387,1,
5104104,Guarantã do Norte,2019,ok,ok,4129587.77,4129587.77,4129587.77,new_observed,16494160.36,16494160.36,16279265.666191868,new_observed,2781020315.21,35548375.122468404,1,
5104104,Guarantã do Norte,2020,ok,ok,4335094.52,4335094.52,4335094.52,new_observed,18852261.16,18852261.16,18744811.632497076,new_observed,3171839904.87,39354210.61094706,1,
5104104,Guarantã do Norte,2021,ok,ok,6086137.82,6086137.82,6086137.82,new_observed,26292911.04,26292911.04,26314745.151750773,new_observed,4632068501.87,43994794.07906366,1,
5104104,Guarantã do Norte,2022,ok,ok,9320999.71,9320999.71,9320999.71,new_observed,25271632.53,25271632.53,25191801.159330036,new_observed,4881288106.71,43862330.10806197,1,
5104104,Guarantã do Norte,2023,ok,ok,12125756.67,12125756.67,12125756.67,new_observed,26918743.22,26918743.22,27134633.563632507,new_observed,5204872938.82,48457043.658961885,1,
5104104,Guarantã do Norte,2024,ok,ok,13772273.62,13772273.62,13772273.62,new_observed,31901332.11,31901332.11,32304653.513887968,new_observed,5736605316.36,49421511.25743981,1,
5104104,Guarantã do Norte,2025,ok,ok,15869627.57,15869627.57,15869627.57,new_observed,38851405.62,38851405.62,39111595.04714202,new_observed,6532669761.03,54981222.61714202,1,
5104203,Guiratinga,2019,ok,ok,2608394.98,2608394.98,2608394.98,new_observed,9205031.05,9205031.05,9085103.009662693,new_observed,2781020315.21,20367868.990288712,1,
5104203,Guiratinga,2020,ok,ok,1453269.39,1453269.39,1453269.39,new_observed,9906268.87,9906268.87,9849807.53094021,new_observed,3171839904.87,19273200.97227906,1,
5104203,Guiratinga,2021,ok,ok,1219618.5,1219618.5,1219618.5,new_observed,13858868.95,13858868.95,13870377.60695066,new_observed,4632068501.87,20489604.30979557,1,
5104203,Guiratinga,2022,ok,ok,2174335.2,2174335.2,2174335.2,new_observed,15641254.61,15641254.61,15591844.949067652,new_observed,4881288106.71,22579044.262681138,1,
5104203,Guiratinga,2023,ok,ok,2686493.01,2686493.01,2686493.01,new_observed,16399039.59,16399039.59,16530561.119938951,new_observed,5204872938.82,23718603.54493801,1,
5104203,Guiratinga,2024,ok,ok,3624290.27,3624290.27,3624290.27,new_observed,20579723.04,20579723.04,20839907.873645753,new_observed,5736605316.36,26239979.945867676,1,
5104203,Guiratinga,2025,ok,ok,2052738.18,2052738.18,2052738.18,new_observed,26780645.45,26780645.45,26959996.510455374,new_observed,6532669761.03,29012734.690455373,1,
5104500,Indiavaí,2019,ok,ok,656847.84,656847.84,656847.84,new_observed,4165432.46,4165432.46,4111162.9904705947,new_observed,2781020315.21,8304975.981109659,1,
5104500,Indiavaí,2020,ok,ok,296074.32,296074.32,296074.32,new_observed,4648885.62,4648885.62,4622389.033779139,new_observed,3171839904.87,8386613.074936929,1,
5104500,Indiavaí,2021,ok,ok,370132.03,370132.03,370132.03,new_observed,6472837.0,6472837.0,6478212.16162389,new_observed,4632068501.87,9298866.723963372,1,
5104500,Indiavaí,2022,ok,ok,498101.94,498101.94,498101.94,new_observed,6649826.63,6649826.63,6628820.279343376,new_observed,4881288106.71,9057607.819860177,1,
5104500,Indiavaí,2023,ok,ok,513562.47,513562.47,513562.47,new_observed,6963264.29,6963264.29,7019110.192911809,new_observed,5204872938.82,9297183.393319882,1,
5104500,Indiavaí,2024,ok,ok,685638.63,685638.63,685638.63,new_observed,11773100.41,11773100.41,11921945.084231857,new_observed,5736605316.36,13522729.904524527,1,
5104500,Indiavaí,2025,ok,ok,473029.03,473029.03,473029.03,new_observed,14330301.49,14330301.49,14426272.095849486,new_observed,6532669761.03,14899301.125849485,1,
5104526,Ipiranga do Norte,2019,ok,ok,2660572.21,2660572.21,2660572.21,new_observed,18686880.45,18686880.45,18443417.832632072,new_observed,2781020315.21,36759172.040793814,1,
5104526,Ipiranga do Norte,2020,ok,ok,2628688.44,2628688.44,2628688.44,new_observed,21934310.64,21934310.64,21809294.797371477,new_observed,3171839904.87,41669906.83912543,1,
5104526,Ipiranga do Norte,2021,ok,ok,2848908.71,2848908.71,2848908.71,new_observed,31236072.42,31236072.42,31262011.422905996,new_observed,4632068501.87,46316728.726281874,1,
5104526,Ipiranga do Norte,2022,ok,ok,5199848.9,5199848.9,5199848.9,new_observed,35193052.75,35193052.75,35081880.28673481,new_observed,4881288106.71,51194063.02611148,1,
5104526,Ipiranga do Norte,2023,ok,ok,6863942.95,6863942.95,6863942.95,new_observed,39143663.03,39143663.03,39457598.14924074,new_observed,5204872938.82,57172252.39074317,1,
5104526,Ipiranga do Norte,2024,ok,ok,7513059.49,7513059.49,7513059.49,new_observed,46018549.82,46018549.82,46600352.04864339,new_observed,5736605316.36,58041339.64412384,1,
5104526,Ipiranga do Norte,2025,ok,ok,6011128.84,6011128.84,6011128.84,new_observed,55269701.89,55269701.89,55639845.3080715,new_observed,6532669761.03,61650974.1480715,1,
5104542,Itanhangá,2019,ok,ok,817313.08,817313.08,817313.08,new_observed,6119463.29,6119463.29,6039735.667540129,new_observed,2781020315.21,11943686.198380176,1,
5104542,Itanhangá,2020,ok,ok,886309.41,886309.41,886309.41,new_observed,8183506.49,8183506.49,8136864.132449102,new_observed,3171839904.87,15385672.264973573,1,
5104542,Itanhangá,2021,ok,ok,1074598.12,1074598.12,1074598.12,new_observed,12185084.05,12185084.05,12195202.76551368,new_observed,4632068501.87,18018094.07284821,1,
5104542,Itanhangá,2022,ok,ok,1932352.43,1932352.43,1932352.43,new_observed,12090611.4,12090611.4,12052417.97980231,new_observed,4881288106.71,17773249.36688378,5,
5104542,Itanhangá,2023,ok,ok,3294077.69,3294077.69,3294077.69,new_observed,13546940.84,13546940.84,13655588.323621891,new_observed,5204872938.82,20920085.132605318,1,
5104542,Itanhangá,2024,ok,ok,2989105.91,2989105.91,2989105.91,new_observed,20303432.3,20303432.3,20560124.051640473,new_observed,5736605316.36,25258597.003906775,1,
5104542,Itanhangá,2025,ok,ok,1937058.74,1937058.74,1937058.74,new_observed,23851355.4,23851355.4,24011088.88709144,new_observed,6532669761.03,25948147.627091438,1,
5104559,Itaúba,2019,ok,ok,2102707.96,2102707.96,2102707.96,new_observed,5942449.99,5942449.99,5865028.590959402,new_observed,2781020315.21,13878294.960373716,1,
5104559,Itaúba,2020,ok,ok,1530993.21,1530993.21,1530993.21,new_observed,6750076.21,6750076.21,6711603.769308793,new_observed,3171839904.87,14054688.756599588,1,
5104559,Itaúba,2021,ok,ok,1195132.99,1195132.99,1195132.99,new_observed,9802566.75,9802566.75,9810706.979795717,new_observed,4632068501.87,14944026.789654097,1,
5104559,Itaúba,2022,ok,ok,1863466.09,1863466.09,1863466.09,new_observed,10757848.59,10757848.59,10723865.27699558,new_observed,4881288106.71,15997243.62241947,1,
5104559,Itaúba,2023,ok,ok,2369821.87,2369821.87,2369821.87,new_observed,12979561.82,12979561.82,13083658.881241595,new_observed,5204872938.82,19073422.016176347,1,
5104559,Itaúba,2024,ok,ok,4010339.24,4010339.24,4010339.24,new_observed,19854733.15,19854733.15,20105752.09868424,new_observed,5736605316.36,25866605.125749867,1,
5104559,Itaúba,2025,ok,ok,4817316.88,4817316.88,4817316.88,new_observed,22167397.6,22167397.6,22315853.553928323,new_observed,6532669761.03,27133170.433928322,3,
5104609,Itiquira,2019,ok,ok,3924115.2,3924115.2,3924115.2,new_observed,24444534.16,24444534.16,24126057.767813675,new_observed,2781020315.21,48858113.17267323,1,
5104609,Itiquira,2020,ok,ok,4366723.48,4366723.48,4366723.48,new_observed,31869463.31,31869463.31,31687821.503461853,new_observed,3171839904.87,61477639.78700183,1,
5104609,Itiquira,2021,ok,ok,4474079.01,4474079.01,4474079.01,new_observed,47268648.72,47268648.72,47307901.46599265,new_observed,4632068501.87,70310971.77301069,1,
5104609,Itiquira,2022,ok,ok,6841398.96,6841398.96,6841398.96,new_observed,49988233.28,49988233.28,49830323.84635439,new_observed,4881288106.71,72024111.37062705,1,
5104609,Itiquira,2023,ok,ok,10117599.43,10117599.43,10117599.43,new_observed,48228181.22,48228181.22,48614974.85784787,new_observed,5204872938.82,72490540.70867151,1,
5104609,Itiquira,2024,ok,ok,9380492.88,9380492.88,9380492.88,new_observed,49512427.39,49512427.39,50138401.930999696,new_observed,5736605316.36,63839190.52121027,1,
5104609,Itiquira,2025,ok,ok,10259412.74,10259412.74,10259412.74,new_observed,58870478.94,58870478.94,59264736.90690067,new_observed,6532669761.03,69524149.64690067,1,
5104807,Jaciara,2019,ok,ok,6972618.53,6972618.53,6972618.53,new_observed,17606817.0,17606817.0,17377426.02370475,new_observed,2781020315.21,42413187.0391554,1,
5104807,Jaciara,2020,ok,ok,5052278.62,5052278.62,5052278.62,new_observed,17598885.16,17598885.16,17498579.319816094,new_observed,3171839904.87,38452115.314387985,1,
5104807,Jaciara,2021,ok,ok,5762596.89,5762596.89,5762596.89,new_observed,24733585.07,24733585.07,24754124.28909195,new_observed,4632068501.87,41436428.30391067,1,
5104807,Jaciara,2022,ok,ok,9383319.28,9383319.28,9383319.28,new_observed,24529523.41,24529523.41,24452036.3116348,new_observed,4881288106.71,43001364.679236926,1,
5104807,Jaciara,2023,ok,ok,10357673.72,10357673.72,10357673.72,new_observed,24126281.36,24126281.36,24319775.9496551,new_observed,5204872938.82,42800560.12241163,1,
5104807,Jaciara,2024,ok,ok,12802293.95,12802293.95,12802293.95,new_observed,28426643.96,28426643.96,28786035.65907506,new_observed,5736605316.36,44607100.07810777,1,
5104807,Jaciara,2025,ok,ok,12415906.16,12415906.16,12415906.16,new_observed,32618697.86,32618697.86,32837146.59241711,new_observed,6532669761.03,45253052.75241711,1,
5104906,Jangada,2019,ok,ok,1243180.15,1243180.15,1243180.15,new_observed,4168549.65,4168549.65,4114239.5680613555,new_observed,2781020315.21,9331615.145436117,1,
5104906,Jangada,2020,ok,ok,1152596.66,1152596.66,1152596.66,new_observed,3980708.58,3980708.58,3958020.3065659693,new_observed,3171839904.87,8714259.71688175,1,
5104906,Jangada,2021,ok,ok,1413438.27,1413438.27,1413438.27,new_observed,6261035.42,6261035.42,6266234.697737936,new_observed,4632068501.87,10427667.391186707,1,
5104906,Jangada,2022,ok,ok,1629766.8,1629766.8,1629766.8,new_observed,6373505.66,6373505.66,6353372.188519415,new_observed,4881288106.71,10145773.996689705,1,
5104906,Jangada,2023,ok,ok,2527619.62,2527619.62,2527619.62,new_observed,6295980.83,6295980.83,6346475.0694146585,new_observed,5204872938.82,10952830.352418574,1,
5104906,Jangada,2024,ok,ok,3386679.81,3386679.81,3386679.81,new_observed,9523875.9,9523875.9,9644284.132019838,new_observed,5736605316.36,13976842.016493302,1,
5104906,Jangada,2025,ok,ok,3135496.9,3135496.9,3135496.9,new_observed,11932271.77,11932271.77,12012182.67429791,new_observed,6532669761.03,15147679.57429791,1,
5105002,Jauru,2019,ok,ok,963120.24,963120.24,963120.24,new_observed,9446118.01,9446118.01,9323048.960522516,new_observed,2781020315.21,17916567.555182755,1,
5105002,Jauru,2020,ok,ok,1371425.91,1371425.91,1371425.91,new_observed,10102051.34,10102051.34,10044474.1276921,new_observed,3171839904.87,19465578.907834787,1,
5105002,Jauru,2021,ok,ok,1148232.52,1148232.52,1148232.52,new_observed,13266448.01,13266448.01,13277464.709822454,new_observed,4632068501.87,19587601.351058625,1,
5105002,Jauru,2022,ok,ok,1100648.64,1100648.64,1100648.64,new_observed,13108102.57,13108102.57,13066694.964306012,new_observed,4881288106.71,18005281.700524982,1,
5105002,Jauru,2023,ok,ok,1168063.66,1168063.66,1168063.66,new_observed,11841929.49,11841929.49,11936902.654459199,new_observed,5204872938.82,16174773.634954246,1,
5105002,Jauru,2024,ok,ok,1371028.02,1371028.02,1371028.02,new_observed,17252954.42,17252954.42,17471079.662353385,new_observed,5736605316.36,20209799.022219338,1,
5105002,Jauru,2025,ok,ok,1704107.19,1704107.19,1704107.19,new_observed,21045530.89,21045530.89,21186473.657418173,new_observed,6532669761.03,22890580.847418174,1,
5105101,Juara,2019,ok,ok,3952832.46,3952832.46,3952832.46,new_observed,17342871.1,17342871.1,17116918.951273084,new_observed,2781020315.21,36699534.79977807,1,
5105101,Juara,2020,ok,ok,4594743.16,4594743.16,4594743.16,new_observed,22086403.16,22086403.16,21960520.45746157,new_observed,3171839904.87,45280142.40290724,1,
5105101,Juara,2021,ok,ok,6173018.45,6173018.45,6173018.45,new_observed,32850474.25,32850474.25,32877753.881561115,new_observed,4632068501.87,53024193.471928544,1,
5105101,Juara,2022,ok,ok,8994983.17,8994983.17,8994983.17,new_observed,36113142.8,36113142.8,35999063.83476094,new_observed,4881288106.71,57182949.30894121,1,
5105101,Juara,2023,ok,ok,19024552.28,19024552.28,19024552.28,new_observed,37749335.1,37749335.1,38052087.604455054,new_observed,5204872938.82,70446707.59330824,1,
5105101,Juara,2024,ok,ok,11003458.59,11003458.59,11003458.59,new_observed,39915955.28,39915955.28,40420603.77134035,new_observed,5736605316.36,55156778.7823489,1,
5105101,Juara,2025,ok,ok,11122965.31,11122965.31,11122965.31,new_observed,46458310.02,46458310.02,46769443.19207415,new_observed,6532669761.03,57892408.50207415,1,
5105150,Juína,2019,ok,ok,6715831.83,6715831.83,6715831.83,new_observed,25606677.38,25606677.38,25273059.967842214,new_observed,2781020315.21,55718618.8306486,3,
5105150,Juína,2020,ok,ok,7190870.66,7190870.66,7190870.66,new_observed,28504016.25,28504016.25,28341555.999104653,new_observed,3171839904.87,60587360.841982596,1,
5105150,Juína,2021,ok,ok,9101037.16,9101037.16,9101037.16,new_observed,41243480.62,41243480.62,41277729.95676906,new_observed,4632068501.87,68405650.77167079,1,
5105150,Juína,2022,ok,ok,11587115.56,11587115.56,11587115.56,new_observed,44188192.91,44188192.91,44048605.4099346,new_observed,4881288106.71,70707456.29201867,1,
5105150,Juína,2023,ok,ok,14029144.42,14029144.42,14029144.42,new_observed,44448387.75,44448387.75,44804867.16015793,new_observed,5204872938.82,72615739.44645442,1,
5105150,Juína,2024,ok,ok,18190917.01,18190917.01,18190917.01,new_observed,43796314.22,43796314.22,44350021.22118168,new_observed,5736605316.36,67080594.88997407,1,
5105150,Juína,2025,ok,ok,20459580.19,20459580.19,20459580.19,new_observed,49464618.5,49464618.5,49795885.04096366,new_observed,6532669761.03,70255465.23096366,1,
5105176,Juruena,2019,ok,ok,741412.46,741412.46,741412.46,new_observed,4961364.24,4961364.24,4896724.947913877,new_observed,2781020315.21,9820572.439072901,1,
5105176,Juruena,2020,ok,ok,1038075.59,1038075.59,1038075.59,new_observed,6469292.49,6469292.49,6432420.391983259,new_observed,3171839904.87,12738157.17883215,1,
5105176,Juruena,2021,ok,ok,1383954.32,1383954.32,1383954.32,new_observed,9195889.77,9195889.77,9203526.20419249,new_observed,4632068501.87,14375967.034110012,1,
5105176,Juruena,2022,ok,ok,1661133.27,1661133.27,1661133.27,new_observed,10666132.1,10666132.1,10632438.51315795,new_observed,4881288106.71,15623904.469579421,1,
5105176,Juruena,2023,ok,absent_dca,,,2049170.6984280592,imputed_temporal,,,11411642.484468304,imputed_temporal,5204872938.82,16613976.78951161,1,
5105176,Juruena,2024,ok,absent_dca,,,2293987.853946142,imputed_temporal,,,12559724.075057244,imputed_temporal,5736605316.36,15931897.740943516,1,
5105176,Juruena,2025,ok,absent_dca,,,2542836.61395147,imputed_temporal,,,14334545.367665173,imputed_temporal,6532669761.03,16877381.981616642,1,
5105200,Juscimeira,2019,ok,ok,2963745.42,2963745.42,2963745.42,new_observed,8210758.32,8210758.32,8103784.193606278,new_observed,2781020315.21,19277550.089404494,1,
5105200,Juscimeira,2020,ok,ok,3016609.56,3016609.56,3016609.56,new_observed,9367999.33,9367999.33,9314605.888591923,new_observed,3171839904.87,21026309.493912145,1,
5105200,Juscimeira,2021,ok,ok,2640552.16,2640552.16,2640552.16,new_observed,12431390.69,12431390.69,12441713.943029307,new_observed,4632068501.87,20479108.301676076,1,
5105200,Juscimeira,2022,ok,ok,3166586.56,3166586.56,3166586.56,new_observed,13581775.22,13581775.22,13538871.314577317,new_observed,4881288106.71,21230971.97110382,1,
5105200,Juscimeira,2023,ok,ok,6061682.57,6061682.57,6061682.57,new_observed,15009436.44,15009436.44,15129813.248243941,new_observed,5204872938.82,26155553.522330455,1,
5105200,Juscimeira,2024,ok,ok,9456308.77,9456308.77,9456308.77,new_observed,18367770.42,18367770.42,18599990.031599358,new_observed,5736605316.36,30092820.27502118,1,
5105200,Juscimeira,2025,ok,ok,19906555.32,19906555.32,19906555.32,new_observed,22437265.92,22437265.92,22587529.19292912,new_observed,6532669761.03,42494084.51292912,1,
5105234,Lambari D'Oeste,2019,ok,ok,1084807.95,1084807.95,1084807.95,new_observed,6986890.76,6986890.76,6895861.831108158,new_observed,2781020315.21,13900822.209065596,1,
5105234,Lambari D'Oeste,2020,ok,ok,466073.27,466073.27,466073.27,new_observed,7779365.52,7779365.52,7735026.586738768,new_observed,3171839904.87,13983930.821511868,1,
5105234,Lambari D'Oeste,2021,ok,ok,535442.87,535442.87,535442.87,new_observed,10832994.07,10832994.07,10841989.985391794,new_observed,4632068501.87,15448585.646809248,1,
5105234,Lambari D'Oeste,2022,ok,ok,1763869.23,1763869.23,1763869.23,new_observed,10787474.1,10787474.1,10753397.202021705,new_observed,4881288106.71,15908198.073248902,1,
5105234,Lambari D'Oeste,2023,ok,ok,1181979.69,1181979.69,1181979.69,new_observed,11188482.75,11188482.75,11278215.222496308,new_observed,5204872938.82,15378966.059200684,1,
5105234,Lambari D'Oeste,2024,ok,ok,1242991.59,1242991.59,1242991.59,new_observed,14935912.08,14935912.08,15124743.474491034,new_observed,5736605316.36,17555819.21507098,1,
5105234,Lambari D'Oeste,2025,ok,ok,1861258.31,1861258.31,1861258.31,new_observed,18040636.09,18040636.09,18161454.95600052,new_observed,6532669761.03,20022713.26600052,1,
5105259,Lucas do Rio Verde,2019,ok,ok,27104044.08,27104044.08,27104044.08,new_observed,70998147.39,70998147.39,70073145.76449631,new_observed,2781020315.21,169264344.45423028,2,
5105259,Lucas do Rio Verde,2020,ok,ok,33048398.29,33048398.29,33048398.29,new_observed,81938945.81,81938945.81,81471930.15937592,new_observed,3171839904.87,195271899.94851708,1,
5105259,Lucas do Rio Verde,2021,ok,ok,40964358.03,40964358.03,40964358.03,new_observed,121726955.14,121726955.14,121828039.41847965,new_observed,4632068501.87,221043914.4398401,1,
5105259,Lucas do Rio Verde,2022,ok,ok,52198677.48,52198677.48,52198677.48,new_observed,130771529.06,130771529.06,130358430.68192436,new_observed,4881288106.71,232011889.50408533,1,
5105259,Lucas do Rio Verde,2023,ok,ok,66964223.69,66964223.69,66964223.69,new_observed,139510477.68,139510477.68,140629362.19554055,new_observed,5204872938.82,256221891.70088044,1,
5105259,Lucas do Rio Verde,2024,ok,ok,70165594.23,70165594.23,70165594.23,new_observed,142754927.55,142754927.55,144559746.1573504,new_observed,5736605316.36,230311600.3455499,1,
5105259,Lucas do Rio Verde,2025,ok,ok,81697323.5,81697323.5,81697323.5,new_observed,156606068.36,156606068.36,157654865.5029424,new_observed,6532669761.03,239352189.0029424,1,
5105309,Luciara,2019,ok,ok,307993.83,307993.83,307993.83,new_observed,3369267.26,3369267.26,3325370.6541472203,new_observed,2781020315.21,6328635.954143026,1,
5105309,Luciara,2020,ok,ok,276162.1,276162.1,276162.1,new_observed,3936003.73,3936003.73,3913570.254384057,new_observed,3171839904.87,7144032.925805033,1,
5105309,Luciara,2021,ok,ok,199095.95,199095.95,199095.95,new_observed,5679895.03,5679895.03,5684611.718183709,new_observed,4632068501.87,7989057.196645993,1,
5105309,Luciara,2022,ok,ok,271398.14,271398.14,271398.14,new_observed,5888690.34,5888690.34,5870088.367185813,new_observed,4881288106.71,7805217.245401209,1,
5105309,Luciara,2023,ok,ok,125402.46,125402.46,125402.46,new_observed,6371715.18,6371715.18,6422816.814593275,new_observed,5204872938.82,8082124.1304321,1,
5105309,Luciara,2024,ok,ok,446280.85,446280.85,446280.85,new_observed,8212207.34,8212207.34,8316032.439903889,new_observed,5736605316.36,9398342.984979758,2,
5105309,Luciara,2025,ok,ok,415861.83,415861.83,415861.83,new_observed,11641347.89,11641347.89,11719310.465364348,new_observed,6532669761.03,12135172.295364348,1,
5105507,Vila Bela da Santíssima Trindade,2019,ok,ok,2335332.89,2335332.89,2335332.89,new_observed,17621443.25,17621443.25,17391861.715140585,new_observed,2781020315.21,34361053.94798327,1,
5105507,Vila Bela da Santíssima Trindade,2020,ok,ok,4035758.93,4035758.93,4035758.93,new_observed,16021415.45,16021415.45,15930100.487544294,new_observed,3171839904.87,34044360.118058264,1,
5105507,Vila Bela da Santíssima Trindade,2021,ok,ok,1540291.43,1540291.43,1540291.43,new_observed,23367373.29,23367373.29,23386777.98197038,new_observed,4632068501.87,33846648.15246871,1,
5105507,Vila Bela da Santíssima Trindade,2022,ok,ok,2016890.67,2016890.67,2016890.67,new_observed,26422560.73,26422560.73,26339093.65531924,new_observed,4881288106.71,36037629.913759224,1,
5105507,Vila Bela da Santíssima Trindade,2023,ok,ok,1785944.27,1785944.27,1785944.27,new_observed,28386698.14,28386698.14,28614361.59241124,new_observed,5204872938.82,37521505.50859054,1,
5105507,Vila Bela da Santíssima Trindade,2024,ok,ok,2748604.61,2748604.61,2748604.61,new_observed,31661825.35,31661825.35,32062118.72351135,new_observed,5736605316.36,37337527.95857476,1,
5105507,Vila Bela da Santíssima Trindade,2025,ok,ok,2886312.14,2886312.14,2886312.14,new_observed,33800716.78,33800716.78,34027081.540698655,new_observed,6532669761.03,36913393.680698656,1,
5105580,Marcelândia,2019,ok,ok,1213750.02,1213750.02,1213750.02,new_observed,8745095.46,8745095.46,8631159.70515206,new_observed,2781020315.21,17147976.737190217,1,
5105580,Marcelândia,2020,ok,ok,1303047.61,1303047.61,1303047.61,new_observed,10420230.65,10420230.65,10360839.95673984,new_observed,3171839904.87,19888429.56340286,1,
5105580,Marcelândia,2021,ok,ok,1767863.49,1767863.49,1767863.49,new_observed,16477987.01,16477987.01,16491670.630244892,new_observed,4632068501.87,24793288.636615306,1,
5105580,Marcelândia,2022,ok,ok,2620827.18,2620827.18,2620827.18,new_observed,18280350.61,18280350.61,18222604.224055544,new_observed,4881288106.71,26489923.906519998,1,
5105580,Marcelândia,2023,ok,ok,3383649.67,3383649.67,3383649.67,new_observed,20399302.91,20399302.91,20562906.852394734,new_observed,5204872938.82,29555980.67116099,1,
5105580,Marcelândia,2024,ok,ok,3173929.93,3173929.93,3173929.93,new_observed,27116860.09,27116860.09,27459692.48467308,new_observed,5736605316.36,32857223.977279104,1,
5105580,Marcelândia,2025,ok,ok,3741529.01,3741529.01,3741529.01,new_observed,36661573.76,36661573.76,36907097.79503848,new_observed,6532669761.03,40648626.805038475,1,
5105606,Matupá,2019,ok,ok,2586073.59,2586073.59,2586073.59,new_observed,17881113.57,17881113.57,17648148.91210252,new_observed,2781020315.21,35244200.957447134,1,
5105606,Matupá,2020,ok,ok,3376944.98,3376944.98,3376944.98,new_observed,19870157.5,19870157.5,19756906.41480319,new_observed,3171839904.87,39446194.19238566,1,
5105606,Matupá,2021,ok,ok,4480459.51,4480459.51,4480459.51,new_observed,30299018.93,30299018.93,30324179.786637362,new_observed,4632068501.87,47258679.34483974,1,
5105606,Matupá,2022,ok,ok,5925623.35,5925623.35,5925623.35,new_observed,32437668.28,32437668.28,32335199.889125135,new_observed,4881288106.71,48625692.984890826,1,
5105606,Matupá,2023,ok,ok,7653991.21,7653991.21,7653991.21,new_observed,34106157.04,34106157.04,34379690.98262029,new_observed,5204872938.82,51879972.69089487,1,
5105606,Matupá,2024,ok,ok,9546768.6,9546768.6,9546768.6,new_observed,38930075.63,38930075.63,39422259.86551769,new_observed,5736605316.36,52523541.436307214,1,
5105606,Matupá,2025,ok,ok,9544091.01,9544091.01,9544091.01,new_observed,52408693.93,52408693.93,52759677.06261253,new_observed,6532669761.03,62303768.07261253,1,
5105622,Mirassol d'Oeste,2019,ok,ok,3189797.55,3189797.55,3189797.55,new_observed,11776773.17,11776773.17,11623339.105508162,new_observed,2781020315.21,25801691.418714374,1,
5105622,Mirassol d'Oeste,2020,ok,ok,4319477.1,4319477.1,4319477.1,new_observed,14510506.92,14510506.92,14427803.466066843,new_observed,3171839904.87,31966526.3326769,1,
5105622,Mirassol d'Oeste,2021,ok,ok,4657635.36,4657635.36,4657635.36,new_observed,21782123.43,21782123.43,21800211.701641593,new_observed,4632068501.87,35925179.39301654,1,
5105622,Mirassol d'Oeste,2022,ok,ok,5851948.43,5851948.43,5851948.43,new_observed,21774600.3,21774600.3,21705815.816620227,new_observed,4881288106.71,35023171.750153825,1,
5105622,Mirassol d'Oeste,2023,ok,ok,6266322.83,6266322.83,6266322.83,new_observed,19654967.58,19654967.58,19812601.897109542,new_observed,5204872938.82,32187851.077388674,1,
5105622,Mirassol d'Oeste,2024,ok,ok,8715190.18,8715190.18,8715190.18,new_observed,21007019.11,21007019.11,21272606.152250525,new_observed,5736605316.36,32164519.342049204,1,
5105622,Mirassol d'Oeste,2025,ok,ok,10223334.57,10223334.57,10223334.57,new_observed,28223023.47,28223023.47,28412034.194108643,new_observed,6532669761.03,38635368.76410864,1,
5105903,Nobres,2019,ok,ok,3488316.13,3488316.13,3488316.13,new_observed,14115871.99,14115871.99,13931962.902000459,new_observed,2781020315.21,30342841.929055113,1,
5105903,Nobres,2020,ok,ok,2859061.95,2859061.95,2859061.95,new_observed,19246492.58,19246492.58,19136796.10824745,new_observed,3171839904.87,37505769.08212915,1,
5105903,Nobres,2021,ok,ok,3548316.2,3548316.2,3548316.2,new_observed,29216728.41,29216728.41,29240990.512896307,new_observed,4632068501.87,44522206.32650199,1,
5105903,Nobres,2022,ok,ok,5976231.3,5976231.3,5976231.3,new_observed,33112271.67,33112271.67,33007672.252836335,new_observed,4881288106.71,49544655.99617243,1,
5105903,Nobres,2023,ok,ok,8493169.48,8493169.48,8493169.48,new_observed,36587523.36,36587523.36,36880958.04698732,new_observed,5204872938.82,56002909.4331062,1,
5105903,Nobres,2024,ok,ok,7219572.36,7219572.36,7219572.36,new_observed,41552300.72,41552300.72,42077637.16060311,new_observed,5736605316.36,52875544.15691516,1,
5105903,Nobres,2025,ok,ok,7838267.16,7838267.16,7838267.16,new_observed,48046752.87,48046752.87,48368523.907772794,new_observed,6532669761.03,56206791.06777279,1,
5106000,Nortelândia,2019,ok,ok,579111.35,579111.35,579111.35,new_observed,4107070.3,4107070.3,4053561.2037317636,new_observed,2781020315.21,8069242.217575018,1,
5106000,Nortelândia,2020,ok,ok,805362.25,805362.25,805362.25,new_observed,5827143.96,5827143.96,5793931.823806915,new_observed,3171839904.87,11252645.792759147,1,
5106000,Nortelândia,2021,ok,ok,1075872.4,1075872.4,1075872.4,new_observed,9202247.5,9202247.5,9209889.213767167,new_observed,4632068501.87,13966284.947807157,1,
5106000,Nortelândia,2022,ok,ok,1220146.81,1220146.81,1220146.81,new_observed,9807105.8,9807105.8,9776125.818893123,new_observed,4881288106.71,13975166.542781942,1,
5106000,Nortelândia,2023,ok,ok,2022361.51,2022361.51,2022361.51,new_observed,10826803.1,10826803.1,10913634.874522215,new_observed,5204872938.82,15966222.899129055,1,
5106000,Nortelândia,2024,ok,ok,2122421.34,2122421.34,2122421.34,new_observed,16364594.78,16364594.78,16571488.690196883,new_observed,5736605316.36,20050844.152831096,1,
5106000,Nortelândia,2025,ok,ok,2047888.26,2047888.26,2047888.26,new_observed,17325363.52,17325363.52,17441392.17681069,new_observed,6532669761.03,19489280.43681069,1,
5106109,Nossa Senhora do Livramento,2019,ok,ok,774293.2,774293.2,774293.2,new_observed,6046688.23,6046688.23,5967908.759728191,new_observed,2781020315.21,11743644.745414013,1,
5106109,Nossa Senhora do Livramento,2020,ok,ok,930180.68,930180.68,930180.68,new_observed,7645079.46,7645079.46,7601505.897723967,new_observed,3171839904.87,14547623.730697563,1,
5106109,Nossa Senhora do Livramento,2021,ok,ok,1123997.3,1123997.3,1123997.3,new_observed,12877467.51,12877467.51,12888161.193337403,new_observed,4632068501.87,19026087.284567345,1,
5106109,Nossa Senhora do Livramento,2022,ok,ok,1243304.5,1243304.5,1243304.5,new_observed,16193252.51,16193252.51,16142099.125194186,new_observed,4881288106.71,22095115.251796935,1,
5106109,Nossa Senhora do Livramento,2023,ok,ok,3184928.52,3184928.52,3184928.52,new_observed,16653806.64,16653806.64,16787371.420826305,new_observed,5204872938.82,24650763.898251705,1,
5106109,Nossa Senhora do Livramento,2024,ok,ok,3078623.85,3078623.85,3078623.85,new_observed,18684247.73,18684247.73,18920468.493417338,new_observed,5736605316.36,23595939.606485594,1,
5106109,Nossa Senhora do Livramento,2025,ok,ok,5781320.85,5781320.85,5781320.85,new_observed,23710321.69,23710321.69,23869110.668659203,new_observed,6532669761.03,29650431.518659204,1,
5106158,Nova Bandeirantes,2019,ok,ok,1099471.94,1099471.94,1099471.94,new_observed,7885560.15,7885560.15,7782822.878326001,new_observed,2781020315.21,15471283.045733249,1,
5106158,Nova Bandeirantes,2020,ok,ok,1218049.56,1218049.56,1218049.56,new_observed,9303663.97,9303663.97,9250637.211610744,new_observed,3171839904.87,17850458.37309138,5,
5106158,Nova Bandeirantes,2021,ok,ok,1358888.24,1358888.24,1358888.24,new_observed,13702738.04,13702738.04,13714117.043002052,new_observed,4632068501.87,20466533.710099127,1,
5106158,Nova Bandeirantes,2022,ok,ok,1740961.28,1740961.28,1740961.28,new_observed,14830993.53,14830993.53,14784143.42878506,new_observed,4881288106.71,21001761.07269065,1,
5106158,Nova Bandeirantes,2023,ok,ok,2801024.12,2801024.12,2801024.12,new_observed,15214275.08,15214275.08,15336294.709530856,new_observed,5204872938.82,22385942.807725657,1,
5106158,Nova Bandeirantes,2024,ok,ok,3658091.46,3658091.46,3658091.46,new_observed,22555168.82,22555168.82,22840328.772632852,new_observed,5736605316.36,28421860.034765124,1,
5106158,Nova Bandeirantes,2025,ok,ok,4009510.89,4009510.89,4009510.89,new_observed,26199749.0,26199749.0,26375209.773549605,new_observed,6532669761.03,30384720.663549606,1,
5106174,Nova Nazaré,2019,ok,ok,193651.73,193651.73,193651.73,new_observed,8986594.39,8986594.39,8869512.258647611,new_observed,2781020315.21,15786323.042212443,1,
5106174,Nova Nazaré,2020,ok,ok,255433.98,255433.98,255433.98,new_observed,10244154.71,10244154.71,10185767.571506934,new_observed,3171839904.87,17803592.535184298,1,
5106174,Nova Nazaré,2021,ok,ok,327986.54,327986.54,327986.54,new_observed,14643478.88,14643478.88,14655639.091313219,new_observed,4632068501.87,20345171.604802888,1,
5106174,Nova Nazaré,2022,ok,ok,399133.81,399133.81,399133.81,new_observed,15807981.6,15807981.6,15758045.259830624,new_observed,4881288106.71,20534164.255725842,1,
5106174,Nova Nazaré,2023,ok,ok,503567.29,503567.29,503567.29,new_observed,17809691.69,17809691.69,17952526.755794838,new_observed,5204872938.82,22779390.363391217,1,
5106174,Nova Nazaré,2024,ok,ok,627543.93,627543.93,627543.93,new_observed,18255620.86,18255620.86,18486422.589805935,new_observed,5736605316.36,20501391.2665666,1,
5106174,Nova Nazaré,2025,ok,ok,1055997.27,1055997.27,1055997.27,new_observed,24712772.22,24712772.22,24878274.650205582,new_observed,6532669761.03,25934271.920205582,1,
5106182,Nova Lacerda,2019,ok,ok,1084353.21,1084353.21,1084353.21,new_observed,8996508.34,8996508.34,8879297.044434143,new_observed,2781020315.21,17354800.353732757,1,
5106182,Nova Lacerda,2020,ok,ok,1416900.23,1416900.23,1416900.23,new_observed,10151004.64,10151004.64,10093148.41559323,new_observed,3171839904.87,19626114.402198903,1,
5106182,Nova Lacerda,2021,ok,ok,1636342.21,1636342.21,1636342.21,new_observed,14983393.21,14983393.21,14995835.692357896,new_observed,4632068501.87,22583620.407461066,1,
5106182,Nova Lacerda,2022,ok,ok,2138959.54,2138959.54,2138959.54,new_observed,16058233.62,16058233.62,16007506.750696985,new_observed,4881288106.71,23062350.046608113,1,
5106182,Nova Lacerda,2023,ok,ok,2193055.72,2193055.72,2193055.72,new_observed,18429271.65,18429271.65,18577075.793636955,new_observed,5204872938.82,25635485.627356306,1,
5106182,Nova Lacerda,2024,ok,ok,3225314.05,3225314.05,3225314.05,new_observed,24413407.93,24413407.93,24722061.183916338,new_observed,5736605316.36,29975990.27655352,1,
5106182,Nova Lacerda,2025,ok,ok,4206522.47,4206522.47,4206522.47,new_observed,26207681.3,26207681.3,26383195.196481965,new_observed,6532669761.03,30589717.666481964,1,
5106190,Nova Santa Helena,2019,ok,ok,528104.86,528104.86,528104.86,new_observed,5518525.55,5518525.55,5446627.26403356,new_observed,2781020315.21,10406856.978293736,1,
5106190,Nova Santa Helena,2020,ok,ok,528104.86,528104.86,528104.86,new_observed,5518525.55,5518525.55,5487072.401869502,new_observed,3171839904.87,10256651.446573608,1,
5106190,Nova Santa Helena,2021,ok,ok,1025807.66,1025807.66,1025807.66,new_observed,9929150.83,9929150.83,9937396.177519059,new_observed,4632068501.87,14886134.297604583,1,
5106190,Nova Santa Helena,2022,ok,ok,1412881.46,1412881.46,1412881.46,new_observed,11517445.07,11517445.07,11481062.243308347,new_observed,4881288106.71,16386917.34265659,1,
5106190,Nova Santa Helena,2023,ok,ok,1559304.93,1559304.93,1559304.93,new_observed,13483429.31,13483429.31,13591567.426378248,new_observed,5204872938.82,18699928.321533952,1,
5106190,Nova Santa Helena,2024,ok,ok,2006591.94,2006591.94,2006591.94,new_observed,19444052.51,19444052.51,19689879.315243233,new_observed,5736605316.36,23271352.173116244,1,
5106190,Nova Santa Helena,2025,ok,ok,2672943.26,2672943.26,2672943.26,new_observed,22474804.83,22474804.83,22625319.502520263,new_observed,6532669761.03,25298262.76252026,1,
5106208,Nova Brasilândia,2019,ok,ok,1233570.1,1233570.1,1233570.1,new_observed,4539717.19,4539717.19,4480571.339939855,new_observed,2781020315.21,9952957.134260546,1,
5106208,Nova Brasilândia,2020,ok,ok,1015265.1,1015265.1,1015265.1,new_observed,5114735.3,5114735.3,5085583.577210714,new_observed,3171839904.87,10402732.236521326,1,
5106208,Nova Brasilândia,2021,ok,ok,1232054.14,1232054.14,1232054.14,new_observed,7559124.49,7559124.49,7565401.724521562,new_observed,4632068501.87,11945423.200865423,1,
5106208,Nova Brasilândia,2022,ok,ok,1431097.99,1431097.99,1431097.99,new_observed,8189086.81,8189086.81,8163218.040983927,new_observed,4881288106.71,12193419.43603481,1,
5106208,Nova Brasilândia,2023,ok,ok,786368.04,786368.04,786368.04,new_observed,8545191.35,8545191.35,8613724.426818622,new_observed,5204872938.82,11602041.863371572,1,
5106208,Nova Brasilândia,2024,ok,ok,872637.81,872637.81,872637.81,new_observed,14316496.83,14316496.83,14497497.096080527,new_observed,5736605316.36,16485806.29263701,1,
5106208,Nova Brasilândia,2025,ok,ok,1086581.39,1086581.39,1086581.39,new_observed,16837535.74,16837535.74,16950297.39453377,new_observed,6532669761.03,18036878.78453377,1,
5106216,Nova Canaã do Norte,2019,ok,ok,2322753.66,2322753.66,2322753.66,new_observed,11794511.2,11794511.2,11640846.035019113,new_observed,2781020315.21,24321958.19184373,1,
5106216,Nova Canaã do Norte,2020,ok,ok,1888784.28,1888784.28,1888784.28,new_observed,12713415.74,12713415.74,12640954.908770394,new_observed,3171839904.87,24775075.443499405,1,
5106216,Nova Canaã do Norte,2021,ok,ok,2496509.43,2496509.43,2496509.43,new_observed,19749843.86,19749843.86,19766244.48970751,new_observed,4632068501.87,30228968.6112673,1,
5106216,Nova Canaã do Norte,2022,ok,ok,2906718.37,2906718.37,2906718.37,new_observed,22000224.8,22000224.8,21930727.584149525,new_observed,4881288106.71,31565918.32713816,1,
5106216,Nova Canaã do Norte,2023,ok,ok,4479207.09,4479207.09,4479207.09,new_observed,22723889.54,22723889.54,22906136.841865588,new_observed,5204872938.82,33800295.88664936,1,
5106216,Nova Canaã do Norte,2024,ok,ok,4555876.27,4555876.27,4555876.27,new_observed,26813340.59,26813340.59,27152335.655547597,new_observed,5736605316.36,34009814.67531966,1,
5106216,Nova Canaã do Norte,2025,ok,ok,3315191.03,3315191.03,3315191.03,new_observed,32671064.31,32671064.31,32889863.74264042,new_observed,6532669761.03,36205054.77264042,1,
5106224,Nova Mutum,2019,ok,ok,18970814.45,18970814.45,18970814.45,new_observed,66376591.72,66376591.72,65511802.17980077,new_observed,2781020315.21,147152791.14887026,1,
5106224,Nova Mutum,2020,ok,ok,24090262.84,24090262.84,24090262.84,new_observed,71551786.82,71551786.82,71143973.3688416,new_observed,3171839904.87,162386630.36027732,1,
5106224,Nova Mutum,2021,ok,ok,31739116.04,31739116.04,31739116.04,new_observed,99336616.67,99336616.67,99419107.60400183,new_observed,4632068501.87,178090178.77767557,1,
5106224,Nova Mutum,2022,ok,ok,42653839.27,42653839.27,42653839.27,new_observed,112952120.65,112952120.65,112595312.57276699,new_observed,4881288106.71,197306198.73206112,1,
5106224,Nova Mutum,2023,ok,ok,51856954.49,51856954.49,51856954.49,new_observed,129883400.2,129883400.2,130925074.83065298,new_observed,5204872938.82,225598286.77599585,1,
5106224,Nova Mutum,2024,ok,ok,62347369.58,62347369.58,62347369.58,new_observed,135337753.41,135337753.41,137048798.344304,new_observed,5736605316.36,213869729.83521155,1,
5106224,Nova Mutum,2025,ok,ok,67197481.82,67197481.82,67197481.82,new_observed,152494856.63,152494856.63,153516120.82251707,new_observed,6532669761.03,220713602.64251706,1,
5106232,Nova Olímpia,2019,ok,ok,2836219.91,2836219.91,2836219.91,new_observed,14259912.68,14259912.68,14074126.953281185,new_observed,2781020315.21,29454636.225715555,1,
5106232,Nova Olímpia,2020,ok,ok,2510349.33,2510349.33,2510349.33,new_observed,15877093.82,15877093.82,15786601.426827647,new_observed,3171839904.87,31198656.04585298,1,
5106232,Nova Olímpia,2021,ok,ok,2984020.89,2984020.89,2984020.89,new_observed,23832276.25,23832276.25,23852067.005847692,new_observed,4632068501.87,36438765.014362074,1,
5106232,Nova Olímpia,2022,ok,ok,4734271.45,4734271.45,4734271.45,new_observed,22890963.37,22890963.37,22818652.371507373,new_observed,4881288106.71,35017020.05226737,1,
5106232,Nova Olímpia,2023,ok,ok,5900861.67,5900861.67,5900861.67,new_observed,22101074.1,22101074.1,22278326.375230722,new_observed,5204872938.82,34780096.1033775,1,
5106232,Nova Olímpia,2024,ok,ok,5413475.11,5413475.11,5413475.11,new_observed,28423172.91,28423172.91,28782520.725366563,new_observed,5736605316.36,36678179.25935396,1,
5106232,Nova Olímpia,2025,ok,ok,5652397.29,5652397.29,5652397.29,new_observed,27589292.36,27589292.36,27774058.961358342,new_observed,6532669761.03,33426456.25135834,1,
5106240,Nova Ubiratã,2019,ok,ok,3015523.26,3015523.26,3015523.26,new_observed,21069897.01,21069897.01,20795387.185449418,new_observed,2781020315.21,41474117.06241721,1,
5106240,Nova Ubiratã,2020,ok,ok,3622808.18,3165307.49,3622808.18,new_observed,25465278.66,22471388.95,25320137.86566638,new_observed,3171839904.87,49351448.26224511,1,
5106240,Nova Ubiratã,2021,ok,ok,4778022.68,4778022.68,4778022.68,new_observed,39404429.72,39404429.72,39437151.87543851,new_observed,4632068501.87,60036558.307141155,1,
5106240,Nova Ubiratã,2022,ok,ok,5970818.92,5970818.92,5970818.92,new_observed,46615178.77,46615178.77,46467924.58644787,new_observed,4881288106.71,66644416.569962874,1,
5106240,Nova Ubiratã,2023,ok,ok,8978328.17,8978328.17,8978328.17,new_observed,51870637.8,51870637.8,52286644.21335881,new_observed,5204872938.82,75616147.06015712,1,
5106240,Nova Ubiratã,2024,ok,ok,9361246.55,9361246.55,9361246.55,new_observed,54600245.68,54600245.68,55290544.36923193,new_observed,5736605316.36,69344667.96025805,1,
5106240,Nova Ubiratã,2025,ok,ok,8720397.0,8720397.0,8720397.0,new_observed,60215102.15,60215102.15,60618365.112656906,new_observed,6532669761.03,69338762.1126569,1,
5106257,Nova Xavantina,2019,ok,ok,3050788.99,3050788.99,3050788.99,new_observed,12281852.49,12281852.49,12121837.983494064,new_observed,2781020315.21,26427855.780010454,1,
5106257,Nova Xavantina,2020,ok,ok,3175914.23,3175914.23,3175914.23,new_observed,14810177.11,14810177.11,14725765.668889659,new_observed,3171839904.87,30524668.357650086,1,
5106257,Nova Xavantina,2021,ok,ok,8005387.36,8005387.36,8005387.36,new_observed,18487819.42,18487819.42,18503172.04164887,new_observed,4632068501.87,35994037.978069074,1,
5106257,Nova Xavantina,2022,ok,ok,6394325.08,6394325.08,6394325.08,new_observed,25465370.64,25465370.64,25384927.26379957,new_observed,4881288106.71,40388262.37744863,1,
5106257,Nova Xavantina,2023,ok,ok,6178597.56,6178597.56,6178597.56,new_observed,27018455.41,27018455.41,27235145.452889916,new_observed,5204872938.82,41240833.17434544,1,
5106257,Nova Xavantina,2024,ok,ok,7611423.32,7611423.32,7611423.32,new_observed,32971116.83,32971116.83,33387963.28273673,new_observed,5736605316.36,43975407.48860057,1,
5106257,Nova Xavantina,2025,ok,ok,8647300.98,8647300.98,8647300.98,new_observed,37996187.79,37996187.79,38250649.7889134,new_observed,6532669761.03,46897950.7689134,1,
5106265,Novo Mundo,2019,ok,ok,617630.18,617630.18,617630.18,new_observed,11219413.54,11219413.54,11073241.053206917,new_observed,2781020315.21,20363293.675749987,1,
5106265,Novo Mundo,2020,ok,ok,530795.45,530795.45,530795.45,new_observed,10378477.01,10378477.01,10319324.293969808,new_observed,3171839904.87,18500850.68530423,1,
5106265,Novo Mundo,2021,ok,ok,636653.47,636653.47,636653.47,new_observed,19810442.72,19810442.72,19826893.672103506,new_observed,4632068501.87,27785957.050275054,1,
5106265,Novo Mundo,2022,ok,ok,1430984.34,1430984.34,1430984.34,new_observed,21172926.11,21172926.11,21106042.274519697,new_observed,4881288106.71,28642314.622998334,1,
5106265,Novo Mundo,2023,ok,ok,2596523.28,2596523.28,2596523.28,new_observed,23248731.29,23248731.29,23435187.862143707,new_observed,5204872938.82,32129577.821968358,1,
5106265,Novo Mundo,2024,ok,ok,1955615.9,1955615.9,1955615.9,new_observed,29939049.18,29939049.18,30317561.87986821,new_observed,5736605316.36,34615789.684205174,1,
5106265,Novo Mundo,2025,ok,ok,4213272.16,4213272.16,4213272.16,new_observed,32924679.73,32924679.73,33145177.635315765,new_observed,6532669761.03,37358449.795315765,1,
5106273,Novo Horizonte do Norte,2019,ok,ok,176487.1,176487.1,176487.1,new_observed,3554521.36,3554521.36,3508211.165202569,new_observed,2781020315.21,6418049.723079901,1,
5106273,Novo Horizonte do Norte,2020,ok,ok,145532.68,145532.68,145532.68,new_observed,3697108.58,3697108.58,3676036.7007873943,new_observed,3171839904.87,6516267.669467194,1,
5106273,Novo Horizonte do Norte,2021,ok,ok,145359.32,145359.32,145359.32,new_observed,6583645.09,6583645.09,6589112.2686780775,new_observed,4632068501.87,9144247.427871477,1,
5106273,Novo Horizonte do Norte,2022,ok,ok,240511.88,240511.88,240511.88,new_observed,7325779.57,7325779.57,7302637.929917791,new_observed,4881288106.71,9586591.603210028,1,
5106273,Novo Horizonte do Norte,2023,ok,ok,385224.87,385224.87,385224.87,new_observed,7292075.58,7292075.58,7350558.574168566,new_observed,5204872938.82,9547872.394025056,1,
5106273,Novo Horizonte do Norte,2024,ok,absent_dca,,,431062.2659999825,imputed_temporal,,,8090070.08541986,imputed_temporal,5736605316.36,9139655.4550641,1,
5106273,Novo Horizonte do Norte,2025,ok,absent_dca,,,477705.0111067664,imputed_temporal,,,9233282.194259772,imputed_temporal,6532669761.03,9710987.205366539,5,
5106281,Novo São Joaquim,2019,ok,ok,1092521.13,1092521.13,1092521.13,new_observed,10519181.94,10519181.94,10382132.442919185,new_observed,2781020315.21,19986683.273796663,1,
5106281,Novo São Joaquim,2020,ok,ok,826008.99,826008.99,826008.99,new_observed,11486150.31,11486150.31,11420684.347420631,new_observed,3171839904.87,20882188.41550139,1,
5106281,Novo São Joaquim,2021,ok,ok,567276.97,567276.97,567276.97,new_observed,15055022.58,15055022.58,15067524.544690104,new_observed,4632068501.87,21229355.8081592,1,
5106281,Novo São Joaquim,2022,ok,ok,1045069.75,1045069.75,1045069.75,new_observed,16579913.36,16579913.36,16527538.539831702,new_observed,4881288106.71,22333033.722372204,1,
5106281,Novo São Joaquim,2023,ok,ok,1536352.35,1536352.35,1536352.35,new_observed,17190595.34,17190595.34,17328465.206541263,new_observed,5204872938.82,23283856.388482258,1,
5106281,Novo São Joaquim,2024,ok,ok,2411060.83,2411060.83,2411060.83,new_observed,22973528.75,22973528.75,23263977.93361908,new_observed,5736605316.36,27538711.806980997,1,
5106281,Novo São Joaquim,2025,ok,ok,2507149.77,2507149.77,2507149.77,new_observed,29814656.71,29814656.71,30014326.665977538,new_observed,6532669761.03,32521476.435977537,1,
5106299,Paranaíta,2019,ok,ok,2865216.06,2865216.06,2865216.06,new_observed,9068883.82,9068883.82,8950729.578186845,new_observed,2781020315.21,20581149.709669143,1,
5106299,Paranaíta,2020,ok,ok,1961221.16,1961221.16,1961221.16,new_observed,8944736.64,8944736.64,8893755.608204976,new_observed,3171839904.87,18509132.536774088,1,
5106299,Paranaíta,2021,ok,ok,2084343.58,2084343.58,2084343.58,new_observed,12872649.57,12872649.57,12883339.252432361,new_observed,4632068501.87,20323524.041851632,1,
5106299,Paranaíta,2022,ok,ok,4338944.3,4338944.3,4338944.3,new_observed,13688104.67,13688104.67,13644864.877066843,new_observed,4881288106.71,22855629.066775672,1,
5106299,Paranaíta,2023,ok,ok,4538292.74,4538292.74,4538292.74,new_observed,14791428.31,14791428.31,14910056.676657509,new_observed,5204872938.82,24004079.204755366,1,
5106299,Paranaíta,2024,ok,ok,3801804.32,3801804.32,3801804.32,new_observed,21022441.35,21022441.35,21288223.372180093,new_observed,5736605316.36,26911236.559579246,1,
5106299,Paranaíta,2025,ok,ok,3604906.02,3604906.02,3604906.02,new_observed,26308039.47,26308039.47,26484225.469185703,new_observed,6532669761.03,30089131.489185702,1,
5106307,Paranatinga,2019,ok,ok,4693052.68,4693052.68,4693052.68,new_observed,23228579.48,23228579.48,22925945.192106344,new_observed,2781020315.21,48107087.44290395,1,
5106307,Paranatinga,2020,ok,ok,3827890.56,3827890.56,3827890.56,new_observed,26704228.12,26704228.12,26552025.863227088,new_observed,3171839904.87,51801667.708830595,1,
5106307,Paranatinga,2021,ok,ok,5094502.98,5094502.98,5094502.98,new_observed,34861331.1,34861331.1,34890280.58367871,new_observed,4632068501.87,54292419.15146859,1,
5106307,Paranatinga,2022,ok,ok,9422230.29,9422230.29,9422230.29,new_observed,30426716.36,30426716.36,30330600.429653134,new_observed,4881288106.71,50521885.788320266,1,
5106307,Paranatinga,2023,ok,ok,12152860.29,12152860.29,12152860.29,new_observed,41865547.77,41865547.77,42201312.60941171,new_observed,5204872938.82,67086509.16508895,1,
5106307,Paranatinga,2024,ok,ok,11014000.62,11014000.62,11014000.62,new_observed,45183135.46,45183135.46,45754375.73181533,new_observed,5736605316.36,60889020.285261504,1,
5106307,Paranatinga,2025,ok,ok,11647447.8,11647447.8,11647447.8,new_observed,52318523.78,52318523.78,52668903.039488785,new_observed,6532669761.03,64316350.83948879,2,
5106315,Novo Santo Antônio,2019,ok,absent_dca,,,290667.5654756628,imputed_temporal,,,7677155.935465307,imputed_temporal,2781020315.21,13878446.41084943,1,
5106315,Novo Santo Antônio,2020,ok,ok,309964.76,309964.76,309964.76,new_observed,8814576.75,8814576.75,8764337.571851157,new_observed,3171839904.87,15472853.431704337,1,
5106315,Novo Santo Antônio,2021,ok,ok,465208.46,465208.46,465208.46,new_observed,12879887.55,12879887.55,12890583.242982656,new_observed,4632068501.87,18134854.727504943,1,
5106315,Novo Santo Antônio,2022,ok,ok,257357.31,257357.31,257357.31,new_observed,13703023.24,13703023.24,13659736.320317509,new_observed,4881288106.71,17687238.92531887,1,
5106315,Novo Santo Antônio,2023,ok,ok,211708.95,211708.95,211708.95,new_observed,14486116.47,14486116.47,14602296.212755794,new_observed,5204872938.82,18284150.78566393,1,
5106315,Novo Santo Antônio,2024,ok,ok,307724.7,307724.7,307724.7,new_observed,17861021.48,17861021.48,18086834.3781369,new_observed,5736605316.36,19729764.224819206,1,
5106315,Novo Santo Antônio,2025,ok,ok,575134.21,575134.21,575134.21,new_observed,17206398.34,17206398.34,17321630.282212082,new_observed,6532669761.03,17896764.492212083,1,
5106372,Pedra Preta,2019,ok,ok,2447121.56,2447121.56,2447121.56,new_observed,22927693.91,22927693.91,22628979.719342288,new_observed,2781020315.21,43677840.97593091,1,
5106372,Pedra Preta,2020,ok,ok,2525348.87,2525348.87,2525348.87,new_observed,25635011.44,25635011.44,25488903.244098045,new_observed,3171839904.87,47767905.57647494,1,
5106372,Pedra Preta,2021,ok,ok,3214053.84,3214053.84,3214053.84,new_observed,38105782.43,38105782.43,38137426.16509885,new_observed,4632068501.87,56148156.49545675,1,
5106372,Pedra Preta,2022,ok,ok,4451828.24,4451828.24,4451828.24,new_observed,47560948.97,47560948.97,47410707.1626244,new_observed,4881288106.71,65912113.49909547,1,
5106372,Pedra Preta,2023,ok,ok,6165078.71,6165078.71,6165078.71,new_observed,42542278.92,42542278.92,42883471.194092676,new_observed,5204872938.82,60538056.54930406,1,
5106372,Pedra Preta,2024,ok,ok,6818246.38,6818246.38,6818246.38,new_observed,47459985.66,47459985.66,48060011.63944472,new_observed,5736605316.36,58861704.00677544,1,
5106372,Pedra Preta,2025,ok,ok,6280600.97,6280600.97,6280600.97,new_observed,57628783.53,57628783.53,58014725.81276372,new_observed,6532669761.03,64295326.78276372,1,
5106422,Peixoto de Azevedo,2019,ok,ok,2321729.02,2321729.02,2321729.02,new_observed,14318922.86,14318922.86,14132368.317270797,new_observed,2781020315.21,28659935.56549601,1,
5106422,Peixoto de Azevedo,2020,ok,partial,,,2668936.120621212,imputed_temporal,13303009.32,13303009.32,13227188.06685325,new_observed,3171839904.87,27104937.734071184,1,
5106422,Peixoto de Azevedo,2021,ok,ok,3654163.45,3654163.45,3654163.45,new_observed,24534885.11,24534885.11,24555259.325029638,new_observed,4632068501.87,38303516.20845401,1,
5106422,Peixoto de Azevedo,2022,ok,ok,6423202.67,6423202.67,6423202.67,new_observed,26437471.06,26437471.06,26353956.884599503,new_observed,4881288106.71,41656502.98368175,1,
5106422,Peixoto de Azevedo,2023,ok,ok,6771362.94,6771362.94,6771362.94,new_observed,30164027.37,30164027.37,30405945.13640639,new_observed,5204872938.82,45886004.440114796,1,
5106422,Peixoto de Azevedo,2024,ok,ok,5107031.54,5107031.54,5107031.54,new_observed,28216504.6,28216504.6,28573239.554165628,new_observed,5736605316.36,36125019.626357146,4,
5106422,Peixoto de Azevedo,2025,ok,ok,7906149.99,7906149.99,7906149.99,new_observed,41542200.91,41542200.91,41820410.7014992,new_observed,6532669761.03,49726560.6914992,1,
5106455,Planalto da Serra,2019,ok,ok,560104.64,560104.64,560104.64,new_observed,3850118.72,3850118.72,3799957.325579111,new_observed,2781020315.21,7594405.9667143,5,
5106455,Planalto da Serra,2020,ok,ok,603100.48,603100.48,603100.48,new_observed,4820719.21,4820719.21,4793243.248525531,new_observed,3171839904.87,9201460.621991321,1,
5106455,Planalto da Serra,2021,ok,ok,384873.7,384873.7,384873.7,new_observed,7468105.43,7468105.43,7474307.080637964,new_observed,4632068501.87,10671407.948226629,1,
5106455,Planalto da Serra,2022,ok,ok,1305505.65,1305505.65,1305505.65,new_observed,7777954.28,7777954.28,7753384.250721376,new_observed,4881288106.71,11512946.188935116,1,
5106455,Planalto da Serra,2023,ok,ok,808612.3,808612.3,808612.3,new_observed,6151009.84,6151009.84,6200341.401179939,new_observed,5204872938.82,8650784.50521287,1,
5106455,Planalto da Serra,2024,ok,ok,788311.48,788311.48,788311.48,new_observed,14713633.85,14713633.85,14899655.030564284,new_observed,5736605316.36,16826708.327473696,1,
5106455,Planalto da Serra,2025,ok,ok,743827.49,743827.49,743827.49,new_observed,15821947.46,15821947.46,15927907.67894686,new_observed,6532669761.03,16671735.16894686,1,
5106505,Poconé,2019,ok,ok,4333051.68,4333051.68,4333051.68,new_observed,10712156.67,10712156.67,10572592.995500574,new_observed,2781020315.21,25962822.949537925,1,
5106505,Poconé,2020,ok,ok,2657258.7,2657258.7,2657258.7,new_observed,11466700.34,11466700.34,11401345.233623432,new_observed,3171839904.87,23971729.193528205,1,
5106505,Poconé,2021,ok,ok,3627090.07,3627090.07,3627090.07,new_observed,17924594.28,17924594.28,17939479.189244222,new_observed,4632068501.87,29283670.274651315,1,
5106505,Poconé,2022,ok,ok,4836395.1,4836395.1,4836395.1,new_observed,20096606.68,20096606.68,20033122.86449362,new_observed,4881288106.71,31606678.655755587,1,
5106505,Poconé,2023,ok,ok,6416370.71,6416370.71,6416370.71,new_observed,20460491.12,20460491.12,20624585.796437375,new_observed,5204872938.82,33375236.5224845,1,
5106505,Poconé,2024,ok,ok,8309752.71,8309752.71,8309752.71,new_observed,24341899.6,24341899.6,24649648.790100265,new_observed,5736605316.36,35351824.29901412,1,
5106505,Poconé,2025,ok,ok,8583722.02,8583722.02,8583722.02,new_observed,23993066.7,23993066.7,24153749.233371183,new_observed,6532669761.03,32737471.253371183,1,
5106653,Pontal do Araguaia,2019,ok,ok,492273.71,492273.71,492273.71,new_observed,3681073.05,3681073.05,3633114.0724770534,new_observed,2781020315.21,7185647.781520169,1,
5106653,Pontal do Araguaia,2020,ok,ok,257282.33,257282.33,257282.33,new_observed,4270367.97,4270367.97,4246028.766508926,new_observed,3171839904.87,7678725.041932324,1,
5106653,Pontal do Araguaia,2021,ok,ok,918114.31,918114.31,918114.31,new_observed,5647334.73,5647334.73,5652024.379518125,new_observed,4632068501.87,8921111.778597318,1,
5106653,Pontal do Araguaia,2022,ok,ok,1816915.17,1816915.17,1816915.17,new_observed,6094841.69,6094841.69,6075588.499073314,new_observed,4881288106.71,10030585.539049126,2,
5106653,Pontal do Araguaia,2023,ok,ok,1631154.9,1631154.9,1631154.9,new_observed,6771976.04,6771976.04,6826287.796771039,new_observed,5204872938.82,10438578.617324261,1,
5106653,Pontal do Araguaia,2024,ok,ok,2539545.12,2539545.12,2539545.12,new_observed,11483953.81,11483953.81,11629142.868465114,new_observed,5736605316.36,15197149.994190482,1,
5106653,Pontal do Araguaia,2025,ok,ok,1969491.27,1969491.27,1969491.27,new_observed,15783608.58,15783608.58,15889312.041924424,new_observed,6532669761.03,17858803.311924424,4,
5106703,Ponte Branca,2019,ok,ok,162107.26,162107.26,162107.26,new_observed,2875310.91,2875310.91,2837849.83019226,new_observed,2781020315.21,5225359.6865146635,1,
5106703,Ponte Branca,2020,ok,ok,111178.41,111178.41,111178.41,new_observed,3191033.62,3191033.62,3172846.1436116267,new_observed,3171839904.87,5599684.5515929675,1,
5106703,Ponte Branca,2021,ok,ok,362283.26,362283.26,362283.26,new_observed,4534259.36,4534259.36,4538024.69147747,new_observed,4632068501.87,6653770.498699478,1,
5106703,Ponte Branca,2022,ok,ok,274421.5,274421.5,274421.5,new_observed,4763113.93,4763113.93,4748067.576613937,new_observed,4881288106.71,6383083.038570329,1,
5106703,Ponte Branca,2023,ok,ok,171455.2,171455.2,171455.2,new_observed,5089079.69,5089079.69,5129894.491570342,new_observed,5204872938.82,6543178.300754247,1,
5106703,Ponte Branca,2024,ok,ok,282248.89,282248.89,282248.89,new_observed,11480598.49,11480598.49,11625745.127905114,new_observed,5736605316.36,12772359.11803229,1,
5106703,Ponte Branca,2025,ok,ok,451698.31,451698.31,451698.31,new_observed,12780518.56,12780518.56,12866110.207191074,new_observed,6532669761.03,13317808.517191075,1,
5106752,Pontes e Lacerda,2019,ok,ok,10921529.22,10921529.22,10921529.22,new_observed,27830813.91,27830813.91,27468219.264192853,new_observed,2781020315.21,66867704.461693734,1,
5106752,Pontes e Lacerda,2020,ok,ok,12865693.11,12865693.11,12865693.11,new_observed,30189327.67,30189327.67,30017261.891458005,new_observed,3171839904.87,73120957.75417854,1,
5106752,Pontes e Lacerda,2021,ok,ok,14888769.93,14888769.93,14888769.93,new_observed,42382567.6,42382567.6,42417762.85532397,new_observed,4632068501.87,77812358.12226406,1,
5106752,Pontes e Lacerda,2022,ok,ok,16733542.49,16733542.49,16733542.49,new_observed,54362099.35,54362099.35,54190373.17051969,new_observed,4881288106.71,90137228.01102956,1,
5106752,Pontes e Lacerda,2023,ok,ok,22540429.52,22540429.52,22540429.52,new_observed,55273512.25,55273512.25,55716809.97218199,new_observed,5204872938.82,96588812.49361537,1,
5106752,Pontes e Lacerda,2024,ok,ok,23994067.63,23994067.63,23994067.63,new_observed,54391062.96,54391062.96,55078716.99890797,new_observed,5736605316.36,84812437.78126356,1,
5106752,Pontes e Lacerda,2025,ok,ok,27346394.54,27346394.54,27346394.54,new_observed,65038464.95,65038464.95,65474030.16746089,new_observed,6532669761.03,92820424.70746088,1,
5106778,Porto Alegre do Norte,2019,ok,ok,1891221.39,1891221.39,1891221.39,new_observed,7959606.4,7959606.4,7855904.41439852,new_observed,2781020315.21,16977655.58187591,1,
5106778,Porto Alegre do Norte,2020,ok,ok,1670945.34,1670945.34,1670945.34,new_observed,8173378.77,8173378.77,8126794.135961387,new_observed,3171839904.87,16706406.876202023,1,
5106778,Porto Alegre do Norte,2021,ok,ok,2088177.27,2088177.27,2088177.27,new_observed,14523677.16,14523677.16,14535737.885785028,new_observed,4632068501.87,22572401.02697944,1,
5106778,Porto Alegre do Norte,2022,ok,ok,2985566.02,2985566.02,2985566.02,new_observed,15539910.03,15539910.03,15490820.509712376,new_observed,4881288106.71,23481645.788145088,1,
5106778,Porto Alegre do Norte,2023,ok,ok,3726738.56,3726738.56,3726738.56,new_observed,16738787.86,16738787.86,16873034.196597245,new_observed,5204872938.82,25425220.734968964,1,
5106778,Porto Alegre do Norte,2024,ok,ok,4901481.28,4901481.28,4901481.28,new_observed,23074460.97,23074460.97,23366186.21709278,new_observed,5736605316.36,30319531.58182002,1,
5106778,Porto Alegre do Norte,2025,ok,ok,7189653.77,7189653.77,7189653.77,new_observed,27303308.48,27303308.48,27486159.83580361,new_observed,6532669761.03,34675813.60580361,1,
5106802,Porto dos Gaúchos,2019,ok,ok,1617750.06,1617750.06,1617750.06,new_observed,8693233.51,8693233.51,8579973.440220125,new_observed,2781020315.21,17762511.81941353,1,
5106802,Porto dos Gaúchos,2020,ok,ok,1768540.87,1768540.87,1768540.87,new_observed,10415376.02,10415376.02,10356012.995977776,new_observed,3171839904.87,20673924.89608704,1,
5106802,Porto dos Gaúchos,2021,ok,ok,3105435.73,3105435.73,3105435.73,new_observed,19021583.79,19021583.79,19037379.659294035,new_observed,4632068501.87,30066112.835013088,1,
5106802,Porto dos Gaúchos,2022,ok,ok,4916644.57,4916644.57,4916644.57,new_observed,22395274.59,22395274.59,22324529.438695364,new_observed,4881288106.71,34620817.111438006,1,
5106802,Porto dos Gaúchos,2023,ok,ok,6183557.88,6183557.88,6183557.88,new_observed,27398357.75,27398357.75,27618094.638207287,new_observed,5204872938.82,41719609.56253294,1,
5106802,Porto dos Gaúchos,2024,ok,ok,4883331.53,4883331.53,4883331.53,new_observed,34581159.75,34581159.75,35018361.615124375,new_observed,5736605316.36,42798035.79853602,1,
5106802,Porto dos Gaúchos,2025,ok,ok,5070755.03,5070755.03,5070755.03,new_observed,39177363.26,39177363.26,39439735.63857636,new_observed,6532669761.03,44510490.66857636,1,
5106828,Porto Esperidião,2019,ok,ok,903125.51,903125.51,903125.51,new_observed,11327125.69,11327125.69,11179549.87202858,new_observed,2781020315.21,21045742.638421886,1,
5106828,Porto Esperidião,2020,ok,ok,1143577.66,1143577.66,1143577.66,new_observed,14002198.82,14002198.82,13922392.496798659,new_observed,3171839904.87,25689418.262419976,1,
5106828,Porto Esperidião,2021,ok,ok,1256236.78,1256236.78,1256236.78,new_observed,20384944.27,20384944.27,20401872.2986442,new_observed,4632068501.87,29407965.514014017,1,
5106828,Porto Esperidião,2022,ok,ok,1288173.65,1288173.65,1288173.65,new_observed,19653733.08,19653733.08,19591648.272115286,new_observed,4881288106.71,26536172.628030114,1,
5106828,Porto Esperidião,2023,ok,ok,1825514.98,1825514.98,1825514.98,new_observed,18723133.98,18723133.98,18873294.92160802,new_observed,5204872938.82,25547457.096632406,1,
5106828,Porto Esperidião,2024,ok,ok,2194149.86,2194149.86,2194149.86,new_observed,21250686.68,21250686.68,21519354.356816992,new_observed,5736605316.36,25434795.428075187,4,
5106828,Porto Esperidião,2025,ok,ok,1820170.79,1820170.79,1820170.79,new_observed,24970497.57,24970497.57,25137725.997247554,new_observed,6532669761.03,26957896.787247553,1,
5106851,Porto Estrela,2019,ok,ok,126678.48,126678.48,126678.48,new_observed,5600181.08,5600181.08,5527218.942359143,new_observed,2781020315.21,9848023.413091969,1,
5106851,Porto Estrela,2020,ok,ok,539418.18,539418.18,539418.18,new_observed,6342442.71,6342442.71,6306293.599470498,new_observed,3171839904.87,11672819.697404845,1,
5106851,Porto Estrela,2021,ok,ok,995568.62,995568.62,995568.62,new_observed,9244399.58,9244399.58,9252076.297621394,new_observed,4632068501.87,13914529.068210615,1,
5106851,Porto Estrela,2022,ok,ok,716346.53,716346.53,716346.53,new_observed,10149060.15,10149060.15,10116999.958327593,new_observed,4881288106.71,13768103.656527802,1,
5106851,Porto Estrela,2023,ok,ok,277295.19,277295.19,277295.19,new_observed,10762023.19,10762023.19,10848335.42477565,new_observed,5204872938.82,13731783.235609114,1,
5106851,Porto Estrela,2024,ok,ok,286591.83,286591.83,286591.83,new_observed,15432985.93,15432985.93,15628101.717955438,new_observed,5736605316.36,17069892.791538183,1,
5106851,Porto Estrela,2025,ok,ok,444138.33,444138.33,444138.33,new_observed,18979805.46,18979805.46,19106913.981071424,new_observed,6532669761.03,19551052.311071422,1,
5107008,Poxoréu,2019,ok,ok,2802544.06,2802544.06,2802544.06,new_observed,14717650.28,14717650.28,14525900.904374566,new_observed,2781020315.21,30182884.296197683,1,
5107008,Poxoréu,2020,ok,ok,3915782.66,3915782.66,3915782.66,new_observed,16232791.05,16232791.05,16140271.340370843,new_observed,3171839904.87,34198153.49074659,1,
5107008,Poxoréu,2021,ok,ok,3250263.7,3250263.7,3250263.7,new_observed,23982671.42,23982671.42,24002587.06673344,new_observed,4632068501.87,37004656.89762969,1,
5107008,Poxoréu,2022,ok,ok,5142712.85,5142712.85,5142712.85,new_observed,26388633.83,26388633.83,26305273.928091962,new_observed,4881288106.71,39967256.859770894,1,
5107008,Poxoréu,2023,ok,ok,5458295.12,5458295.12,5458295.12,new_observed,25549211.81,25549211.81,25754118.408800732,new_observed,5204872938.82,38523847.47238238,1,
5107008,Poxoréu,2024,ok,ok,9622047.67,9622047.67,9622047.67,new_observed,29040454.78,29040454.78,29407606.75193108,new_observed,5736605316.36,41862698.43434959,1,
5107008,Poxoréu,2025,ok,ok,13839580.41,13839580.41,13839580.41,new_observed,36290586.34,36290586.34,36533625.85735512,new_observed,6532669761.03,50373206.267355114,1,
5107040,Primavera do Leste,2019,ok,ok,27005952.28,27005952.28,27005952.28,new_observed,74516009.33,74516009.33,73545175.12812042,new_observed,2781020315.21,175141107.62108248,1,
5107040,Primavera do Leste,2020,ok,ok,30758680.03,30758680.03,30758680.03,new_observed,81844033.22,81844033.22,81377558.52904454,new_observed,3171839904.87,191206719.8286499,1,
5107040,Primavera do Leste,2021,api_error,api_error,,42914461.9,42914461.9,legacy_snapshot,,117714824.5,117812577.03219186,legacy_snapshot,4632068501.87,218239514.8590403,6,HTTP 429: Too Many Requests | HTTP 429: Too Many Requests | HTTP 429: Too Many Requests
5107040,Primavera do Leste,2022,ok,ok,55603747.29,55603747.29,55603747.29,new_observed,114703264.59,114703264.59,114340924.7680012,new_observed,4881288106.71,215982740.26315165,4,
5107040,Primavera do Leste,2023,ok,ok,76151396.89,76151396.89,76151396.89,new_observed,144769785.66,144769785.66,145930850.22078973,new_observed,5204872938.82,274104487.50224286,1,
5107040,Primavera do Leste,2024,ok,ok,83460646.48,83460646.48,83460646.48,new_observed,143599559.26,143599559.26,145415056.35707206,new_observed,5736605316.36,245489094.60582665,1,
5107040,Primavera do Leste,2025,ok,ok,90126250.55,90126250.55,90126250.55,new_observed,158481846.34,158481846.34,159543205.64357144,new_observed,6532669761.03,249669456.19357145,1,
5107065,Querência,2019,ok,partial,,,7043253.317847232,imputed_temporal,37627663.59,37627663.59,37137430.375977315,new_observed,2781020315.21,76954421.86527115,1,
5107065,Querência,2020,ok,ok,7510849.45,7510849.45,7510849.45,new_observed,45960051.86,45960051.86,45698099.948000975,new_observed,3171839904.87,90728107.26180533,1,
5107065,Querência,2021,ok,ok,11381393.39,11381393.39,11381393.39,new_observed,64407529.31,64407529.31,64461014.494291924,new_observed,4632068501.87,102980870.00403374,1,
5107065,Querência,2022,ok,ok,17781506.54,17781506.54,17781506.54,new_observed,74232174.03,74232174.03,73997679.63421488,new_observed,4881288106.71,116642198.24592973,1,
5107065,Querência,2023,ok,ok,25275332.79,25275332.79,25275332.79,new_observed,88017122.75,88017122.75,88723026.68915284,new_observed,5204872938.82,140702205.185907,1,
5107065,Querência,2024,ok,ok,23254837.79,23254837.79,23254837.79,new_observed,90842303.54,90842303.54,91990802.4575322,new_observed,5736605316.36,123610971.06832337,1,
5107065,Querência,2025,ok,ok,26256901.45,26256901.45,26256901.45,new_observed,100552261.55,100552261.55,101225664.0926627,new_observed,6532669761.03,127482565.54266271,1,
5107107,São José dos Quatro Marcos,2019,ok,ok,1623265.76,1623265.76,1623265.76,new_observed,8170392.46,8170392.46,8063944.241499476,new_observed,2781020315.21,16873293.548806377,1,
5107107,São José dos Quatro Marcos,2020,ok,ok,1520240.97,1520240.97,1520240.97,new_observed,8848549.83,8848549.83,8798117.020362455,new_observed,3171839904.87,17594128.45220511,3,
5107107,São José dos Quatro Marcos,2021,ok,ok,1615802.67,1615802.67,1615802.67,new_observed,12492107.29,12492107.29,12502480.963198738,new_observed,4632068501.87,19170186.866016466,1,
5107107,São José dos Quatro Marcos,2022,ok,ok,2155666.05,2155666.05,2155666.05,new_observed,12847705.38,12847705.38,12807120.351342604,new_observed,4881288106.71,19016210.21594154,1,
5107107,São José dos Quatro Marcos,2023,ok,ok,2592529.97,2592529.97,2592529.97,new_observed,12806489.97,12806489.97,12909198.981997833,new_observed,5204872938.82,19132972.24368551,1,
5107107,São José dos Quatro Marcos,2024,ok,ok,2986434.27,2986434.27,2986434.27,new_observed,16230957.53,16230957.53,16436161.894346703,new_observed,5736605316.36,20832423.399150662,1,
5107107,São José dos Quatro Marcos,2025,ok,ok,4609851.91,4609851.91,4609851.91,new_observed,22170828.99,22170828.99,22319307.92408526,new_observed,6532669761.03,26929159.83408526,1,
5107156,Reserva do Cabaçal,2019,ok,ok,106476.25,106476.25,106476.25,new_observed,2827066.55,2827066.55,2790234.0233737426,new_observed,2781020315.21,5045523.196143439,1,
5107156,Reserva do Cabaçal,2020,ok,partial,,,131973.8744330104,imputed_temporal,3178508.1,3178508.1,3160392.0135204713,new_observed,3171839904.87,5613907.600261221,1,
5107156,Reserva do Cabaçal,2021,ok,ok,192031.7,192031.7,192031.7,new_observed,4630071.81,4630071.81,4633916.705879343,new_observed,4632068501.87,6552803.099161182,1,
5107156,Reserva do Cabaçal,2022,ok,ok,211604.58,211604.58,211604.58,new_observed,4780770.77,4780770.77,4765668.63985566,new_observed,4881288106.71,6325618.191171843,1,
5107156,Reserva do Cabaçal,2023,ok,ok,278281.71,278281.71,278281.71,new_observed,5053661.13,5053661.13,5094191.872057353,new_observed,5204872938.82,6630962.794133325,1,
5107156,Reserva do Cabaçal,2024,ok,ok,356240.7,356240.7,356240.7,new_observed,9490518.7,9490518.7,9610505.20440397,new_observed,5736605316.36,10690201.702974971,1,
5107156,Reserva do Cabaçal,2025,ok,ok,522089.06,522089.06,522089.06,new_observed,14840660.91,14840660.91,14940049.413426349,new_observed,6532669761.03,15462138.47342635,1,
5107180,Ribeirão Cascalheira,2019,ok,ok,992661.14,992661.14,992661.14,new_observed,9116757.49,9116757.49,8997979.524551839,new_observed,2781020315.21,17401812.559811503,1,
5107180,Ribeirão Cascalheira,2020,ok,ok,993534.83,993534.83,993534.83,new_observed,10672841.79,10672841.79,10612011.325276637,new_observed,3171839904.87,19788949.947719313,1,
5107180,Ribeirão Cascalheira,2021,ok,ok,2642240.47,2642240.47,2642240.47,new_observed,16220276.78,16220276.78,16233746.392980631,new_observed,4632068501.87,25630324.82170256,1,
5107180,Ribeirão Cascalheira,2022,ok,ok,1740695.5,1740695.5,1740695.5,new_observed,17980304.75,17980304.75,17923506.18854766,new_observed,4881288106.71,24991240.46872323,1,
5107180,Ribeirão Cascalheira,2023,ok,ok,151364.2,151364.2,151364.2,new_observed,1499241.64,1499241.64,1511265.6706244044,new_observed,5204872938.82,2052096.979935868,1,
5107180,Ribeirão Cascalheira,2024,ok,ok,2329508.45,2329508.45,2329508.45,new_observed,23450897.71,23450897.71,23747382.16256822,new_observed,5736605316.36,27969732.860510767,1,
5107180,Ribeirão Cascalheira,2025,ok,ok,2009261.64,2009261.64,2009261.64,new_observed,26927649.33,26927649.33,27107984.881356396,new_observed,6532669761.03,29117246.521356396,1,
5107198,Ribeirãozinho,2019,ok,ok,492273.71,492273.71,492273.71,new_observed,3681073.05,3681073.05,3633114.0724770534,new_observed,2781020315.21,7185647.781520169,1,
5107198,Ribeirãozinho,2020,ok,ok,257282.33,257282.33,257282.33,new_observed,4270367.97,4270367.97,4246028.766508926,new_observed,3171839904.87,7678725.041932324,1,
5107198,Ribeirãozinho,2021,ok,ok,619817.36,619817.36,619817.36,new_observed,6181848.29,6181848.29,6186981.8093043035,new_observed,4632068501.87,9242455.770485533,1,
5107198,Ribeirãozinho,2022,ok,ok,433120.05,433120.05,433120.05,new_observed,6656424.97,6656424.97,6635397.775635486,new_observed,4881288106.71,8983381.656464286,1,
5107198,Ribeirãozinho,2023,ok,ok,549268.87,549268.87,549268.87,new_observed,6694826.44,6694826.44,6748519.4511810625,new_observed,5204872938.82,9007277.950854283,1,
5107198,Ribeirãozinho,2024,ok,ok,592073.89,592073.89,592073.89,new_observed,12861850.12,12861850.12,13024459.613205737,new_observed,5736605316.36,14604916.292715572,1,
5107198,Ribeirãozinho,2025,ok,ok,662602.21,662602.21,662602.21,new_observed,14713818.56,14713818.56,14812357.595103202,new_observed,6532669761.03,15474959.805103201,1,
5107206,Rio Branco,2019,ok,ok,683782.52,683782.52,683782.52,new_observed,3302641.13,3302641.13,3259612.564804852,new_observed,2781020315.21,6868650.812208376,3,
5107206,Rio Branco,2020,ok,ok,427077.48,427077.48,427077.48,new_observed,3733995.56,3733995.56,3712713.441361027,new_observed,3171839904.87,7058876.3545254655,1,
5107206,Rio Branco,2021,ok,ok,859082.46,859082.46,859082.46,new_observed,5307839.92,5307839.92,5312247.646850488,new_observed,4632068501.87,8379598.7128353985,1,
5107206,Rio Branco,2022,ok,partial,,,1062769.1444130861,imputed_temporal,5712432.43,5712432.43,5694387.243951766,new_observed,4881288106.71,8587672.302239675,1,
5107206,Rio Branco,2023,ok,ok,1286026.79,1286026.79,1286026.79,new_observed,6146419.14,6146419.14,6195713.883420937,new_observed,5204872938.82,9234320.705921458,1,
5107206,Rio Branco,2024,ok,ok,1855773.51,1855773.51,1855773.51,new_observed,10283097.61,10283097.61,10413104.512222186,new_observed,5736605316.36,13159438.595579932,1,
5107206,Rio Branco,2025,ok,ok,1640280.78,1640280.78,1640280.78,new_observed,14949910.61,14949910.61,15050030.763064368,new_observed,6532669761.03,16690311.543064367,1,
5107248,Santa Carmem,2019,ok,ok,704482.08,704482.08,704482.08,new_observed,8752637.32,8752637.32,8638603.305788742,new_observed,2781020315.21,16273893.344066456,1,
5107248,Santa Carmem,2020,ok,ok,1057838.25,1057838.25,1057838.25,new_observed,11225085.04,11225085.04,11161107.033675363,new_observed,3171839904.87,20834874.412406232,1,
5107248,Santa Carmem,2021,ok,ok,1120524.21,1120524.21,1120524.21,new_observed,17787671.86,17787671.86,17802443.066375226,new_observed,4632068501.87,25694116.095997356,1,
5107248,Santa Carmem,2022,ok,ok,1946444.59,1946444.59,1946444.59,new_observed,20540796.39,20540796.39,20475909.409369852,new_observed,4881288106.71,28496577.158250086,1,
5107248,Santa Carmem,2023,ok,ok,2709080.38,2709080.38,2709080.38,new_observed,22183433.66,22183433.66,22361346.465091437,new_observed,5204872938.82,30943114.95510076,1,
5107248,Santa Carmem,2024,ok,ok,2245917.57,2245917.57,2245917.57,new_observed,26375108.77,26375108.77,26708563.368702468,new_observed,5736605316.36,31056198.724089365,1,
5107248,Santa Carmem,2025,ok,ok,2799904.98,2799904.98,2799904.98,new_observed,31920979.26,31920979.26,32134755.342870887,new_observed,6532669761.03,34934660.32287089,1,
5107263,Santo Afonso,2019,ok,ok,115620.55,115620.55,115620.55,new_observed,3679425.04,3679425.04,3631487.5336278495,new_observed,2781020315.21,6526755.861013779,1,
5107263,Santo Afonso,2020,ok,ok,91245.33,91245.33,91245.33,new_observed,4272995.49,4272995.49,4248641.310810249,new_observed,3171839904.87,7400065.310560354,1,
5107263,Santo Afonso,2021,ok,ok,155302.87,155302.87,155302.87,new_observed,6698776.87,6698776.87,6704339.656203115,new_observed,4632068501.87,9314207.90783428,1,
5107263,Santo Afonso,2022,ok,ok,398122.82,398122.82,398122.82,new_observed,8823317.34,8823317.34,8795445.079817675,new_observed,4881288106.71,11684108.502797177,1,
5107263,Santo Afonso,2023,ok,ok,392094.27,392094.27,392094.27,new_observed,10447364.51,10447364.51,10531153.158514697,new_observed,5204872938.82,13481992.267304225,1,
5107263,Santo Afonso,2024,ok,ok,355095.93,355095.93,355095.93,new_observed,13699147.39,13699147.39,13872342.645243622,new_observed,5736605316.36,15260165.107533831,1,
5107263,Santo Afonso,2025,ok,ok,416909.53,416909.53,416909.53,new_observed,16014829.56,16014829.56,16122081.518133746,new_observed,6532669761.03,16538991.048133746,1,
5107297,São José do Povo,2019,ok,ok,151553.15,151553.15,151553.15,new_observed,3377491.96,3377491.96,3333488.1983812046,new_observed,2781020315.21,6070285.014143578,1,
5107297,São José do Povo,2020,ok,ok,221905.86,221905.86,221905.86,new_observed,3827539.89,3827539.89,3805724.6101675886,new_observed,3171839904.87,6867628.34903876,1,
5107297,São José do Povo,2021,ok,ok,140308.59,140308.59,140308.59,new_observed,5549664.11,5549664.11,5554272.652058072,new_observed,4632068501.87,7732256.226760046,1,
5107297,São José do Povo,2022,ok,ok,310551.85,310551.85,310551.85,new_observed,5883446.59,5883446.59,5864861.181835898,new_observed,4881288106.71,7848334.4768671645,1,
5107297,São José do Povo,2023,ok,ok,388690.7,388690.7,388690.7,new_observed,6117231.81,6117231.81,6166292.468840839,new_observed,5204872938.82,8090472.450887104,1,
5107297,São José do Povo,2024,ok,ok,573452.19,573452.19,573452.19,new_observed,9233019.67,9233019.67,9349750.671783539,new_observed,5736605316.36,10643498.003207933,1,
5107297,São José do Povo,2025,ok,ok,420663.55,420663.55,420663.55,new_observed,13286624.57,13286624.57,13375605.629509972,new_observed,6532669761.03,13796269.179509973,1,
5107305,São José do Rio Claro,2019,ok,ok,2239241.3,2239241.3,2239241.3,new_observed,14168087.89,14168087.89,13983498.505483538,new_observed,2781020315.21,28256954.361623127,1,
5107305,São José do Rio Claro,2020,ok,ok,2092598.33,2092598.33,2092598.33,new_observed,17061755.66,17061755.66,16964511.219745424,new_observed,3171839904.87,32494824.628020853,1,
5107305,São José do Rio Claro,2021,ok,ok,4868198.84,4868198.84,4868198.84,new_observed,25621431.51,25621431.51,25642708.01293089,new_observed,4632068501.87,41428533.45479846,1,
5107305,São José do Rio Claro,2022,ok,ok,7012802.91,7012802.91,7012802.91,new_observed,26461657.97,26461657.97,26378067.389793627,new_observed,4881288106.71,42436468.173945144,1,
5107305,São José do Rio Claro,2023,ok,ok,6004679.61,6004679.61,6004679.61,new_observed,26250570.99,26250570.99,26461102.54213316,new_observed,5204872938.82,40070814.72716948,1,
5107305,São José do Rio Claro,2024,ok,ok,4710275.72,4710275.72,4710275.72,new_observed,30883427.09,30883427.09,31273879.348478135,new_observed,5736605316.36,38596135.537395835,1,
5107305,São José do Rio Claro,2025,ok,ok,6097084.41,6097084.41,6097084.41,new_observed,35770954.09,35770954.09,36010513.60926252,new_observed,6532669761.03,42107598.01926252,1,
5107354,São José do Xingu,2019,ok,ok,950562.04,950562.04,950562.04,new_observed,11118531.89,11118531.89,10973673.742998362,new_observed,2781020315.21,20769770.72661464,1,
5107354,São José do Xingu,2020,ok,ok,657391.03,657391.03,657391.03,new_observed,12039198.37,12039198.37,11970580.278759295,new_observed,3171839904.87,21532316.43102423,1,
5107354,São José do Xingu,2021,ok,ok,849822.95,849822.95,849822.95,new_observed,17075959.58,17075959.58,17090139.767547667,new_observed,4632068501.87,24359365.95409212,2,
5107354,São José do Xingu,2022,ok,ok,2559842.81,2559842.81,2559842.81,new_observed,18233859.39,18233859.39,18176259.866661765,new_observed,4881288106.71,26353519.79116442,1,
5107354,São José do Xingu,2023,ok,ok,3026526.9,3026526.9,3026526.9,new_observed,22537530.77,22537530.77,22718283.460524883,new_observed,5204872938.82,31775471.21177007,1,
5107354,São José do Xingu,2024,ok,ok,4345921.45,4345921.45,4345921.45,new_observed,30065053.87,30065053.87,30445159.618970115,new_observed,5736605316.36,37316459.92173875,1,
5107354,São José do Xingu,2025,ok,ok,4111147.45,4111147.45,4111147.45,new_observed,38851383.49,38851383.49,39111572.768936515,new_observed,6532669761.03,43222720.21893652,1,
5107404,São Pedro da Cipa,2019,ok,ok,504781.7,504781.7,504781.7,new_observed,2890980.57,2890980.57,2853315.337527663,new_observed,2781020315.21,5849171.956715156,2,
5107404,São Pedro da Cipa,2020,ok,ok,731509.43,731509.43,731509.43,new_observed,3316267.23,3316267.23,3297365.977576605,new_observed,3171839904.87,6869751.127557362,1,
5107404,São Pedro da Cipa,2021,ok,ok,672898.8,672898.8,672898.8,new_observed,4712889.1,4712889.1,4716802.768863894,new_observed,4632068501.87,7318282.371394297,1,
5107404,São Pedro da Cipa,2022,ok,ok,634526.88,634526.88,634526.88,new_observed,5045024.88,5045024.88,5029087.989070759,new_observed,4881288106.71,7197890.021521517,1,
5107404,São Pedro da Cipa,2023,ok,ok,1160495.77,1160495.77,1160495.77,new_observed,5188263.01,5188263.01,5229873.269250606,new_observed,5204872938.82,7887297.851323326,1,
5107404,São Pedro da Cipa,2024,ok,ok,2118666.25,2118666.25,2118666.25,new_observed,11706184.86,11706184.86,11854183.535905676,new_observed,5736605316.36,14987096.491614139,1,
5107404,São Pedro da Cipa,2025,ok,ok,4140061.83,4140061.83,4140061.83,new_observed,14001931.5,14001931.5,14095702.998810107,new_observed,6532669761.03,18235764.828810107,1,
5107578,Rondolândia,2019,ok,ok,206706.5,206706.5,206706.5,new_observed,10356059.27,10356059.27,10221135.0218229,new_observed,2781020315.21,18163334.030222747,2,
5107578,Rondolândia,2020,ok,ok,229239.87,229239.87,229239.87,new_observed,11040535.95,11040535.95,10977609.791639559,new_observed,3171839904.87,19109121.109734975,1,
5107578,Rondolândia,2021,ok,ok,278419.42,278419.42,278419.42,new_observed,15866386.71,15866386.71,15879562.446227157,new_observed,4632068501.87,21939744.221096978,1,
5107578,Rondolândia,2022,ok,ok,402795.29,402795.29,402795.29,new_observed,16953702.22,16953702.22,16900146.626211338,new_observed,4881288106.71,21990314.63841366,1,
5107578,Rondolândia,2023,ok,ok,884567.33,884567.33,884567.33,new_observed,17908800.9,17908800.9,18052430.82910733,new_observed,5204872938.82,23372945.12624212,1,
5107578,Rondolândia,2024,ok,ok,722000.34,722000.34,722000.34,new_observed,16431972.29,16431972.29,16639718.03897998,new_observed,5736605316.36,18621952.757873874,1,
5107578,Rondolândia,2025,ok,ok,1178561.93,1178561.93,1178561.93,new_observed,21012056.16,21012056.16,21152774.745804057,new_observed,6532669761.03,22331336.675804056,1,
5107602,Rondonópolis,2019,ok,ok,87760669.09,87760669.09,87760669.09,new_observed,228824053.75,228824053.75,225842812.2746357,new_observed,2781020315.21,546238142.6823674,1,
5107602,Rondonópolis,2020,ok,ok,102104552.89,102104552.89,102104552.89,new_observed,267660773.5,267660773.5,266135225.80046654,new_observed,3171839904.87,627896218.9083793,1,
5107602,Rondonópolis,2021,ok,ok,119251608.52,119251608.52,119251608.52,new_observed,364287411.41,364287411.41,364589922.3049719,new_observed,4632068501.87,656973099.594309,1,
5107602,Rondonópolis,2022,ok,ok,148908930.24,148908930.24,148908930.24,new_observed,351496076.26,351496076.26,350385724.0293066,new_observed,4881288106.71,634553742.238079,5,
5107602,Rondonópolis,2023,ok,ok,147306874.61,147306874.61,147306874.61,new_observed,352350500.31,352350500.31,355176377.8024712,new_observed,5204872938.82,620188764.1755985,1,
5107602,Rondonópolis,2024,ok,ok,212559621.65,212559621.65,212559621.65,new_observed,332827398.06,332827398.06,337035260.38296115,new_observed,5736605316.36,589488304.4283291,1,
5107602,Rondonópolis,2025,ok,ok,229047232.46,229047232.46,229047232.46,new_observed,367409845.24,367409845.24,369870403.76121145,new_observed,6532669761.03,598917636.2212114,1,
5107701,Rosário Oeste,2019,ok,ok,3179586.34,3179586.34,3179586.34,new_observed,9371705.5,9371705.5,9249605.936280075,new_observed,2781020315.21,21649309.741377342,1,
5107701,Rosário Oeste,2020,ok,ok,3578991.07,3578991.07,3578991.07,new_observed,10492806.25,10492806.25,10433001.908007624,new_observed,3171839904.87,23892251.514894594,1,
5107701,Rosário Oeste,2021,ok,ok,4061085.56,4061085.56,4061085.56,new_observed,16340255.24,16340255.24,16353824.485276932,new_observed,4632068501.87,27719916.286467656,1,
5107701,Rosário Oeste,2022,ok,ok,5054679.9,5054679.9,5054679.9,new_observed,17606667.88,17606667.88,17551049.612041935,new_observed,4881288106.71,28729629.158318434,1,
5107701,Rosário Oeste,2023,ok,ok,7357202.35,7357202.35,7357202.35,new_observed,18199206.02,18199206.02,18345165.019994374,new_observed,5204872938.82,31723086.051232565,1,
5107701,Rosário Oeste,2024,ok,ok,7337227.86,7337227.86,7337227.86,new_observed,22020141.42,22020141.42,22298537.14092797,new_observed,5736605316.36,31786935.12612753,1,
5107701,Rosário Oeste,2025,ok,ok,7868318.89,7868318.89,7868318.89,new_observed,27720170.25,27720170.25,27905813.345855296,new_observed,6532669761.03,35774132.235855296,1,
5107743,Santa Cruz do Xingu,2019,ok,ok,265446.99,265446.99,265446.99,new_observed,7504267.56,7504267.56,7406497.970984044,new_observed,2781020315.21,13363081.774518363,1,
5107743,Santa Cruz do Xingu,2020,ok,ok,323893.27,323893.27,323893.27,new_observed,8415167.89,8415167.89,8367205.165212546,new_observed,3171839904.87,14819441.465658719,1,
5107743,Santa Cruz do Xingu,2021,ok,ok,364125.16,364125.16,364125.16,new_observed,11872835.97,11872835.97,11882695.389026413,new_observed,4632068501.87,16629063.74025117,1,
5107743,Santa Cruz do Xingu,2022,ok,ok,814417.39,814417.39,814417.39,new_observed,12318703.36,12318703.36,12279789.412793064,new_observed,4881288106.71,16641431.782424018,1,
5107743,Santa Cruz do Xingu,2023,ok,ok,1240027.71,1240027.71,1240027.71,new_observed,14170601.5,14170601.5,14284250.788984684,new_observed,5204872938.82,19160803.968646195,1,
5107743,Santa Cruz do Xingu,2024,ok,ok,1436350.41,1436350.41,1436350.41,new_observed,19886564.65,19886564.65,20137986.037216384,new_observed,5736605316.36,23140351.970514085,1,
5107743,Santa Cruz do Xingu,2025,ok,ok,1198606.29,1198606.29,1198606.29,new_observed,26986598.31,26986598.31,27167328.645048052,new_observed,6532669761.03,28365934.93504805,1,
5107750,Salto do Céu,2019,ok,ok,1021999.23,1021999.23,1021999.23,new_observed,4540544.55,4540544.55,4481387.920653732,new_observed,2781020315.21,9585862.89461421,1,
5107750,Salto do Céu,2020,ok,ok,218954.77,218954.77,218954.77,new_observed,4898871.51,4898871.51,4870950.115076621,new_observed,3171839904.87,8678942.952084823,1,
5107750,Salto do Céu,2021,ok,ok,414736.88,414736.88,414736.88,new_observed,6904873.56,6904873.56,6910607.492644606,new_observed,4632068501.87,9946550.45400181,1,
5107750,Salto do Céu,2022,ok,ok,278468.44,278468.44,278468.44,new_observed,7263736.67,7263736.67,7240791.01922483,new_observed,4881288106.71,9556229.348565456,1,
5107750,Salto do Céu,2023,ok,ok,604928.14,604928.14,604928.14,new_observed,7737903.52,7737903.52,7799962.087752405,new_observed,5204872938.82,10373715.856906747,1,
5107750,Salto do Céu,2024,ok,ok,368498.45,368498.45,368498.45,new_observed,12848848.85,12848848.85,13011293.971058184,new_observed,5736605316.36,14350990.894816179,1,
5107750,Salto do Céu,2025,ok,ok,1850744.06,1850744.06,1850744.06,new_observed,16916905.5,16916905.5,17030198.69701099,new_observed,6532669761.03,18880942.75701099,1,
5107768,Santa Rita do Trivelato,2019,ok,ok,1366471.91,1366471.91,1366471.91,new_observed,13060741.92,13060741.92,12890579.627737345,new_observed,2781020315.21,24833095.979076218,1,
5107768,Santa Rita do Trivelato,2020,ok,ok,1578258.91,1578258.91,1578258.91,new_observed,14924374.33,14924374.33,14839312.01538292,new_observed,3171839904.87,27994071.53775524,1,
5107768,Santa Rita do Trivelato,2021,ok,ok,1605995.46,1605995.46,1605995.46,new_observed,22810844.25,22810844.25,22829786.79012902,new_observed,4632068501.87,33179565.173966467,1,
5107768,Santa Rita do Trivelato,2022,ok,ok,5419585.73,5419585.73,5419585.73,new_observed,25162918.05,25162918.05,25083430.100988284,new_observed,4881288106.71,38766292.968682505,1,
5107768,Santa Rita do Trivelato,2023,ok,ok,4739891.77,4739891.77,4739891.77,new_observed,30590866.96,30590866.96,30836208.01199621,new_observed,5204872938.82,43909716.895146415,1,
5107768,Santa Rita do Trivelato,2024,ok,ok,3873589.17,3873589.17,3873589.17,new_observed,33734604.81,33734604.81,34161103.8704361,new_observed,5736605316.36,40795515.82962882,1,
5107768,Santa Rita do Trivelato,2025,ok,ok,4138396.72,4138396.72,4138396.72,new_observed,34928076.28,34928076.28,35161991.012644514,new_observed,6532669761.03,39300387.73264451,1,
5107776,Santa Terezinha,2019,ok,ok,480797.03,480797.03,480797.03,new_observed,7419424.14,7419424.14,7322759.936184902,new_observed,2781020315.21,13592325.075526327,1,
5107776,Santa Terezinha,2020,ok,ok,353055.23,353055.23,353055.23,new_observed,8627175.61,8627175.61,8578004.535235444,new_observed,3171839904.87,15228606.418835204,1,
5107776,Santa Terezinha,2021,ok,ok,609893.16,609893.16,609893.16,new_observed,12229437.59,12229437.59,12239593.13750035,new_observed,4632068501.87,17447379.572129346,1,
5107776,Santa Terezinha,2022,ok,ok,1410954.07,1410954.07,1410954.07,new_observed,12830953.19,12830953.19,12790421.080372976,new_observed,4881288106.71,18048532.403744593,1,
5107776,Santa Terezinha,2023,ok,ok,1166803.39,1166803.39,1166803.39,new_observed,13784381.79,13784381.79,13894933.567885146,new_observed,5204872938.82,18589913.167058002,1,
5107776,Santa Terezinha,2024,ok,ok,1291305.97,1291305.97,1291305.97,new_observed,15567630.13,15567630.13,15764448.194449168,new_observed,5736605316.36,18293779.53076457,1,
5107776,Santa Terezinha,2025,ok,ok,1205397.87,1205397.87,1205397.87,new_observed,20775325.37,20775325.37,20914458.560175408,new_observed,6532669761.03,22119856.43017541,1,
5107792,Santo Antônio do Leste,2019,ok,ok,830140.31,830140.31,830140.31,new_observed,11042527.63,11042527.63,10898659.706921516,new_observed,2781020315.21,20429358.466486078,1,
5107792,Santo Antônio do Leste,2020,ok,ok,887584.7,887584.7,887584.7,new_observed,13002053.72,13002053.72,12927947.780297346,new_observed,3171839904.87,23557261.079814974,1,
5107792,Santo Antônio do Leste,2021,ok,ok,1367981.71,1367981.71,1367981.71,new_observed,17820794.11,17820794.11,17835592.82169432,new_observed,4632068501.87,26075132.206750207,1,
5107792,Santo Antônio do Leste,2022,ok,ok,1622286.28,1622286.28,1622286.28,new_observed,21178920.42,21178920.42,21112017.648901552,new_observed,4881288106.71,28893034.427485093,2,
5107792,Santo Antônio do Leste,2023,ok,ok,2660777.79,2660777.79,2660777.79,new_observed,22343370.03,22343370.03,22522565.536798436,new_observed,5204872938.82,31082481.855208777,1,
5107792,Santo Antônio do Leste,2024,ok,ok,1230548.13,1230548.13,1230548.13,new_observed,21297610.66,21297610.66,21566871.58619681,new_observed,5736605316.36,24452215.137323357,1,
5107792,Santo Antônio do Leste,2025,ok,ok,2085241.85,2085241.85,2085241.85,new_observed,29117517.06,29117517.06,29312518.243682764,new_observed,6532669761.03,31397760.093682766,1,
5107800,Santo Antônio do Leverger,2019,ok,ok,3183402.69,3183402.69,3183402.69,new_observed,10884139.91,10884139.91,10742335.546378287,new_observed,2781020315.21,24256010.668693744,1,
5107800,Santo Antônio do Leverger,2020,ok,ok,3499752.97,3499752.97,3499752.97,new_observed,12312697.83,12312697.83,12242520.91313621,new_observed,3171839904.87,26842603.16306034,1,
5107800,Santo Antônio do Leverger,2021,ok,ok,4824545.79,4824545.79,4824545.79,new_observed,17602092.48,17602092.48,17616709.577881295,new_observed,4632068501.87,30471342.699099015,1,
5107800,Santo Antônio do Leverger,2022,ok,ok,4563367.22,4563367.22,4563367.22,new_observed,17603429.4,17603429.4,17547821.362180293,new_observed,4881288106.71,28101116.926011734,1,
5107800,Santo Antônio do Leverger,2023,ok,ok,7899823.47,7899823.47,7899823.47,new_observed,18461215.24,18461215.24,18609275.573629394,new_observed,5204872938.82,32718792.708700057,1,
5107800,Santo Antônio do Leverger,2024,ok,ok,6596026.7,6596026.7,6596026.7,new_observed,17725826.83,17725826.83,17949930.492426984,new_observed,5736605316.36,26327673.635553148,1,
5107800,Santo Antônio do Leverger,2025,ok,absent_dca,,,7306986.026518347,imputed_temporal,,,20486444.72223076,imputed_temporal,6532669761.03,27793430.748749107,1,
5107859,São Félix do Araguaia,2019,ok,ok,2456436.28,2456436.28,2456436.28,new_observed,16167081.69,16167081.69,15956448.35106576,new_observed,2781020315.21,32071773.752420675,1,
5107859,São Félix do Araguaia,2020,ok,ok,1168227.71,1168227.71,1168227.71,new_observed,19257873.04,19257873.04,19148111.704672765,new_observed,3171839904.87,34641973.62353717,1,
5107859,São Félix do Araguaia,2021,ok,ok,4288287.8,4288287.8,4288287.8,new_observed,31539949.92,31539949.92,31566141.268311314,new_observed,4632068501.87,48684112.25268271,1,
5107859,São Félix do Araguaia,2022,ok,ok,6407858.7,6407858.7,6407858.7,new_observed,34836080.62,34836080.62,34726035.80744732,new_observed,4881288106.71,52277080.2157407,1,
5107859,São Félix do Araguaia,2023,ok,ok,7703270.52,7703270.52,7703270.52,new_observed,44355735.57,44355735.57,44711471.902711295,new_observed,5204872938.82,64692771.69269659,1,
5107859,São Félix do Araguaia,2024,ok,ok,6962832.72,6962832.72,6962832.72,new_observed,48359503.01,48359503.01,48970901.38603219,new_observed,5736605316.36,59993793.89514121,1,
5107859,São Félix do Araguaia,2025,ok,ok,4035756.5,4035756.5,4035756.5,new_observed,58956345.12,58956345.12,59351178.13616411,new_observed,6532669761.03,63386934.63616411,1,
5107875,Sapezal,2019,ok,ok,12201688.36,12201688.36,12201688.36,new_observed,59981365.74,59981365.74,59199896.60525402,new_observed,2781020315.21,124368100.08065106,1,
5107875,Sapezal,2020,ok,ok,12704753.65,12704753.65,12704753.65,new_observed,66817525.37,66817525.37,66436695.10942869,new_observed,3171839904.87,134946356.45201966,1,
5107875,Sapezal,2021,ok,ok,17011208.84,17011208.84,17011208.84,new_observed,102737353.0,102737353.0,102822667.96732971,new_observed,4632068501.87,162713674.76098996,2,
5107875,Sapezal,2022,ok,ok,23282352.06,23282352.06,23282352.06,new_observed,115860176.55,115860176.55,115494182.12169898,new_observed,4881288106.71,176371143.46577775,1,
5107875,Sapezal,2023,ok,ok,26073083.13,26073083.13,26073083.13,new_observed,116843683.27,116843683.27,117780778.39090839,new_observed,5204872938.82,177551287.86920258,1,
5107875,Sapezal,2024,ok,ok,27927464.13,27927464.13,27927464.13,new_observed,116936868.75,116936868.75,118415275.41677769,new_observed,5736605316.36,156965314.30882722,1,
5107875,Sapezal,2025,ok,ok,29754337.19,29754337.19,29754337.19,new_observed,120456395.73,120456395.73,121263097.0603747,new_observed,6532669761.03,151017434.2503747,1,
5107883,Serra Nova Dourada,2019,ok,ok,304192.71,304192.71,304192.71,new_observed,3029696.56,3029696.56,2990224.0618320033,new_observed,2781020315.21,5738252.939146369,1,
5107883,Serra Nova Dourada,2020,ok,ok,217046.99,217046.99,217046.99,new_observed,3381747.14,3381747.14,3362472.681130401,new_observed,3171839904.87,6103541.760218672,1,
5107883,Serra Nova Dourada,2021,ok,ok,212191.15,212191.15,212191.15,new_observed,4917698.81,4917698.81,4921782.556573776,new_observed,4632068501.87,6971048.172513298,1,
5107883,Serra Nova Dourada,2022,ok,ok,521361.81,521361.81,521361.81,new_observed,5219090.54,5219090.54,5202603.787473654,new_observed,4881288106.71,7274589.78232888,1,
5107883,Serra Nova Dourada,2023,ok,ok,314433.22,314433.22,314433.22,new_observed,5705826.8,5705826.8,5751587.9597425675,new_observed,5204872938.82,7486972.273932403,1,
5107883,Serra Nova Dourada,2024,ok,ok,303359.95,303359.95,303359.95,new_observed,12206701.39,12206701.39,12361027.984403022,new_observed,5736605316.36,13583657.370423064,1,
5107883,Serra Nova Dourada,2025,ok,ok,273517.24,273517.24,273517.24,new_observed,15164860.84,15164860.84,15266420.52340607,new_observed,6532669761.03,15539937.76340607,1,
5107909,Sinop,2019,ok,ok,63351747.59,63351747.59,63351747.59,new_observed,86558683.86,86558683.86,85430951.28928734,new_observed,2781020315.21,259151412.30398533,1,
5107909,Sinop,2020,ok,ok,61547563.71,61547563.71,61547563.71,new_observed,100887134.07,100887134.07,100312122.14994735,new_observed,3171839904.87,275991597.3949888,1,
5107909,Sinop,2021,ok,ok,82968306.94,82968306.94,82968306.94,new_observed,144350756.23,144350756.23,144470627.72456518,new_observed,4632068501.87,308822728.8389999,1,
5107909,Sinop,2022,ok,ok,112639016.87,112639016.87,112639016.87,new_observed,160987572.73,160987572.73,160479023.92229593,new_observed,4881288106.71,347105808.91580266,1,
5107909,Sinop,2023,ok,ok,134618595.04,134618595.04,134618595.04,new_observed,178621143.27,178621143.27,180053698.26283267,new_observed,5204872938.82,388383532.7183964,1,
5107909,Sinop,2024,ok,ok,154491584.85,154491584.85,154491584.85,new_observed,184993622.32,184993622.32,187332455.29434577,new_observed,5736605316.36,366636008.4944291,1,
5107909,Sinop,2025,ok,ok,173054553.06,173054553.06,173054553.06,new_observed,216048706.08,216048706.08,217495592.96022114,new_observed,6532669761.03,390550146.0202211,1,
5107925,Sorriso,2019,ok,ok,42168020.07,42168020.07,42168020.07,new_observed,105209946.91,105209946.91,103839215.7643502,new_observed,2781020315.21,254317078.92173803,1,
5107925,Sorriso,2020,ok,ok,50672052.91,50672052.91,50672052.91,new_observed,116122904.02,116122904.02,115461054.96840239,new_observed,3171839904.87,283278331.96975404,1,
5107925,Sorriso,2021,ok,ok,69186593.72,69186593.72,69186593.72,new_observed,178484316.45,178484316.45,178632533.07406268,new_observed,4632068501.87,336495504.2016569,1,
5107925,Sorriso,2022,ok,ok,94335441.99,94335441.99,94335441.99,new_observed,201820369.96,201820369.96,201182833.1192795,new_observed,4881288106.71,375574274.16234833,1,
5107925,Sorriso,2023,ok,ok,115362684.83,115362684.83,115362684.83,new_observed,232823029.59,232823029.59,234690287.7845208,new_observed,5204872938.82,432052052.3609118,1,
5107925,Sorriso,2024,ok,ok,126295885.48,126295885.48,126295885.48,new_observed,230462885.57,230462885.57,233376576.26578847,new_observed,5736605316.36,385779992.782706,1,
5107925,Sorriso,2025,ok,ok,143773254.55,143773254.55,143773254.55,new_observed,228531901.25,228531901.25,230062388.59070262,new_observed,6532669761.03,373835643.1407026,1,
5107941,Tabaporã,2019,ok,ok,1753420.91,1753420.91,1753420.91,new_observed,13282738.79,13282738.79,13109684.204443004,new_observed,2781020315.21,25888727.05391363,1,
5107941,Tabaporã,2020,ok,ok,1911156.58,1911156.58,1911156.58,new_observed,16213666.74,16213666.74,16121256.03045608,new_observed,3171839904.87,30747584.457513366,1,
5107941,Tabaporã,2021,ok,ok,3384451.65,3384451.65,3384451.65,new_observed,24518336.85,24518336.85,24538697.323053427,new_observed,4632068501.87,37914805.907591075,1,
5107941,Tabaporã,2022,ok,ok,5553458.17,5553458.17,5553458.17,new_observed,27952844.41,27952844.41,27864543.27311359,new_observed,4881288106.71,42470949.153017655,1,
5107941,Tabaporã,2023,ok,ok,7706463.38,7706463.38,7706463.38,new_observed,32167934.18,32167934.18,32425923.429620996,new_observed,5204872938.82,49533303.36758145,1,
5107941,Tabaporã,2024,ok,ok,7689713.65,7689713.65,7689713.65,new_observed,38831089.51,38831089.51,39322022.28615085,new_observed,5736605316.36,50424174.98999176,1,
5107941,Tabaporã,2025,ok,ok,5783104.8,5783104.8,5783104.8,new_observed,47491872.93,47491872.93,47809927.91448161,new_observed,6532669761.03,53593032.71448161,1,
5107958,Tangará da Serra,2019,ok,ok,20892586.89,20892586.89,20892586.89,new_observed,54239959.93,54239959.93,53533292.88378956,new_observed,2781020315.21,129635851.48427013,1,
5107958,Tangará da Serra,2020,ok,ok,22224324.87,22224324.87,22224324.87,new_observed,59014706.53,59014706.53,58678348.87621222,new_observed,3171839904.87,137949471.74222815,1,
5107958,Tangará da Serra,2021,ok,ok,37402466.9,37402466.9,37402466.9,new_observed,82325955.75,82325955.75,82394320.72164957,new_observed,4632068501.87,162663314.06285772,1,
5107958,Tangará da Serra,2022,ok,ok,42149143.21,42149143.21,42149143.21,new_observed,88177097.56,88177097.56,87898552.09794654,new_observed,4881288106.71,165277659.23683327,1,
5107958,Tangará da Serra,2023,ok,ok,50064614.65,50064614.65,50064614.65,new_observed,92430569.54,92430569.54,93171869.65408976,new_observed,5204872938.82,176789291.50158113,1,
5107958,Tangará da Serra,2024,ok,ok,55686968.36,55686968.36,55686968.36,new_observed,91189485.03,91189485.03,92342373.2854278,new_observed,5736605316.36,158774341.72862566,1,
5107958,Tangará da Serra,2025,ok,ok,62663558.85,62663558.85,62663558.85,new_observed,95774480.03,95774480.03,96415885.57752548,new_observed,6532669761.03,159079444.4275255,1,
5108006,Tapurah,2019,ok,ok,2581429.77,2581429.77,2581429.77,new_observed,17735008.78,17735008.78,17503947.65301441,new_observed,2781020315.21,34984940.89057956,1,
5108006,Tapurah,2020,ok,ok,3322878.24,3322878.24,3322878.24,new_observed,21266615.83,21266615.83,21145405.55166118,new_observed,3171839904.87,41721573.184181884,1,
5108006,Tapurah,2021,ok,ok,3535824.6,3535824.6,3535824.6,new_observed,31337587.85,31337587.85,31363611.15316623,new_observed,4632068501.87,47387396.534061044,1,
5108006,Tapurah,2022,ok,ok,4771915.89,4771915.89,4771915.89,new_observed,33559659.86,33559659.86,33453647.17393149,new_observed,4881288106.71,48580880.81650532,1,
5108006,Tapurah,2023,ok,ok,7824816.81,7824816.81,7824816.81,new_observed,35861085.06,35861085.06,36148693.65722774,new_observed,5204872938.82,54274201.144411825,1,
5108006,Tapurah,2024,ok,ok,10403610.82,10403610.82,10403610.82,new_observed,44770546.84,44770546.84,45336570.84621009,new_observed,5736605316.36,59786192.07187341,1,
5108006,Tapurah,2025,ok,ok,11848680.03,11848680.03,11848680.03,new_observed,47901690.66,47901690.66,48222490.21031391,new_observed,6532669761.03,60071170.24031391,1,
5108055,Terra Nova do Norte,2019,ok,ok,1686561.03,1686561.03,1686561.03,new_observed,7731099.0,7731099.0,7630374.130340411,new_observed,2781020315.21,16228344.581286578,1,
5108055,Terra Nova do Norte,2020,ok,ok,1207842.43,1207842.43,1207842.43,new_observed,9237951.48,9237951.48,9185299.253659796,new_observed,3171839904.87,17721644.274706386,3,
5108055,Terra Nova do Norte,2021,ok,ok,1632397.76,1632397.76,1632397.76,new_observed,14028903.92,14028903.92,14040553.77708369,new_observed,4632068501.87,21281156.939035192,1,
5108055,Terra Nova do Norte,2022,ok,ok,2285987.84,2285987.84,2285987.84,new_observed,14784779.85,14784779.85,14738075.734661268,new_observed,4881288106.71,21635888.06134822,2,
5108055,Terra Nova do Norte,2023,ok,ok,2459557.59,2459557.59,2459557.59,new_observed,15350731.98,15350731.98,15473846.004123919,new_observed,5204872938.82,22134260.91139094,1,
5108055,Terra Nova do Norte,2024,ok,ok,4312996.23,4312996.23,4312996.23,new_observed,19406890.95,19406890.95,19652247.92995511,new_observed,5736605316.36,25704808.40870639,1,
5108055,Terra Nova do Norte,2025,ok,ok,7006625.36,7006625.36,7006625.36,new_observed,25682812.59,25682812.59,25854811.419605996,new_observed,6532669761.03,32861436.779605996,1,
5108105,Tesouro,2019,ok,ok,933108.64,933108.64,933108.64,new_observed,5277827.22,5277827.22,5209064.879895401,new_observed,2781020315.21,10698508.323124848,1,
5108105,Tesouro,2020,ok,absent_dca,,,538699.7589554563,imputed_temporal,,,5756546.03394046,imputed_temporal,3171839904.87,10734204.339669734,1,
5108105,Tesouro,2021,ok,ok,105133.63,105133.63,105133.63,new_observed,8136980.66,8136980.66,8143737.7567997435,new_observed,4632068501.87,11200540.379203295,1,
5108105,Tesouro,2022,ok,ok,341201.12,341201.12,341201.12,new_observed,9066777.3,9066777.3,9038135.966340251,new_observed,4881288106.71,11920202.623758549,1,
5108105,Tesouro,2023,ok,ok,68262.33,68262.33,68262.33,new_observed,9765081.51,9765081.51,9843398.197579494,new_observed,5204872938.82,12233443.530734122,1,
5108105,Tesouro,2024,ok,ok,673670.64,673670.64,673670.64,new_observed,11399530.0,11399530.0,11543651.707125258,new_observed,5736605316.36,13104140.65069346,1,
5108105,Tesouro,2025,ok,ok,695349.75,695349.75,695349.75,new_observed,15540136.79,15540136.79,15644209.711547453,new_observed,6532669761.03,16339559.461547453,1,
5108204,Torixoréu,2019,ok,ok,306958.56,306958.56,306958.56,new_observed,3555464.2,3555464.2,3509141.7213815874,new_observed,2781020315.21,6646927.262799839,1,
5108204,Torixoréu,2020,ok,ok,892360.03,892360.03,892360.03,new_observed,4682704.72,4682704.72,4656015.3799081445,new_observed,3171839904.87,9460694.206787352,1,
5108204,Torixoréu,2021,ok,ok,1652553.03,1652553.03,1652553.03,new_observed,7008814.19,7008814.19,7014634.436835052,new_observed,4632068501.87,11768541.251807911,1,
5108204,Torixoréu,2022,ok,ok,1104400.9,1104400.9,1104400.9,new_observed,7184219.04,7184219.04,7161524.580017028,new_observed,4881288106.71,10505167.44282382,1,
5108204,Torixoréu,2023,ok,ok,957158.46,957158.46,957158.46,new_observed,7893106.55,7893106.55,7956409.857716885,new_observed,5204872938.82,11001550.584658653,1,
5108204,Torixoréu,2024,ok,ok,1084869.85,1084869.85,1084869.85,new_observed,13614105.72,13614105.72,13786225.812438034,new_observed,5736605316.36,15950543.30676305,1,
5108204,Torixoréu,2025,ok,ok,1391485.67,1391485.67,1391485.67,new_observed,20531269.28,20531269.28,20668768.01671782,new_observed,6532669761.03,22060253.686717823,1,
5108303,União do Sul,2019,ok,ok,456393.3,456393.3,456393.3,new_observed,5322499.36,5322499.36,5253155.0074960105,new_observed,2781020315.21,9944956.763460126,2,
5108303,União do Sul,2020,ok,ok,340486.05,340486.05,340486.05,new_observed,5894728.37,5894728.37,5861131.032644073,new_observed,3171839904.87,10574555.337713817,1,
5108303,União do Sul,2021,ok,ok,1113630.57,1113630.57,1113630.57,new_observed,8992430.82,8992430.82,8999898.298178291,new_observed,4632068501.87,13732422.67366911,1,
5108303,União do Sul,2022,ok,ok,1427823.25,1427823.25,1427823.25,new_observed,10170694.2,10170694.2,10138565.667833064,new_observed,4881288106.71,14699727.524086973,1,
5108303,União do Sul,2023,ok,ok,1146534.67,1146534.67,1146534.67,new_observed,12214194.69,12214194.69,12312153.44933982,new_observed,5204872938.82,16611353.934850087,1,
5108303,União do Sul,2024,ok,ok,1190188.29,1190188.29,1190188.29,new_observed,18889654.61,18889654.61,19128472.286641028,new_observed,5736605316.36,21793530.404201463,1,
5108303,União do Sul,2025,ok,ok,1715152.9,1715152.9,1715152.9,new_observed,24173969.45,24173969.45,24335863.49636897,new_observed,6532669761.03,26051016.39636897,1,
5108352,Vale de São Domingos,2019,ok,ok,164614.11,164614.11,164614.11,new_observed,3928667.46,3928667.46,3877482.6908172015,new_observed,2781020315.21,7040570.593836885,1,
5108352,Vale de São Domingos,2020,ok,ok,555299.27,555299.27,555299.27,new_observed,4216678.65,4216678.65,4192645.451821338,new_observed,3171839904.87,8095856.859949815,1,
5108352,Vale de São Domingos,2021,ok,ok,862831.31,862831.31,862831.31,new_observed,6164576.34,6164576.34,6169695.516362744,new_observed,4632068501.87,9548954.880367631,1,
5108352,Vale de São Domingos,2022,ok,ok,859602.49,859602.49,859602.49,new_observed,6571039.11,6571039.11,6550281.6437676735,new_observed,4881288106.71,9417224.21105018,1,
5108352,Vale de São Domingos,2023,ok,ok,631563.51,631563.51,631563.51,new_observed,7019654.88,7019654.88,7075953.039681498,new_observed,5204872938.82,9512984.046453571,1,
5108352,Vale de São Domingos,2024,ok,ok,545929.04,545929.04,545929.04,new_observed,11262302.32,11262302.32,11404689.08827195,new_observed,5736605316.36,12818077.183045866,1,
5108352,Vale de São Domingos,2025,ok,ok,783380.98,783380.98,783380.98,new_observed,15006250.85,15006250.85,15106748.31591925,new_observed,6532669761.03,15890129.29591925,4,
5108402,Várzea Grande,2019,ok,ok,47216131.39,47216131.39,47216131.39,new_observed,115390829.09,115390829.09,113887455.9964719,new_observed,2781020315.21,280612077.2974829,1,
5108402,Várzea Grande,2020,ok,ok,54545567.84,54545567.84,54545567.84,new_observed,129753479.12,129753479.12,129013941.83558735,new_observed,3171839904.87,312992589.9908251,1,
5108402,Várzea Grande,2021,ok,ok,67489393.97,67489393.97,67489393.97,new_observed,176064273.36,176064273.36,176210480.33624592,new_observed,4632068501.87,330902271.9085995,1,
5108402,Várzea Grande,2022,ok,ok,76613118.31,76613118.31,76613118.31,new_observed,174704020.97,174704020.97,174152142.8339503,new_observed,4881288106.71,318697653.8234183,1,
5108402,Várzea Grande,2023,ok,ok,101474309.49,101474309.49,101474309.49,new_observed,166542995.13,166542995.13,167878682.46704805,new_observed,5204872938.82,332448292.3695857,1,
5108402,Várzea Grande,2024,ok,ok,133521289.85,133521289.85,133521289.85,new_observed,160332990.14,160332990.14,162360044.2595535,new_observed,5736605316.36,317358461.0378015,1,
5108402,Várzea Grande,2025,ok,ok,135548259.81,135548259.81,135548259.81,new_observed,175606242.78,175606242.78,176782284.85575876,new_observed,6532669761.03,312330544.6657587,1,
5108501,Vera,2019,ok,ok,2350920.0,2350920.0,2350920.0,new_observed,10240000.0,10240000.0,10106587.833720125,new_observed,2781020315.21,21698630.104269248,1,
5108501,Vera,2020,ok,ok,2633389.79,2633389.79,2633389.79,new_observed,13035252.15,13035252.15,12960956.993970081,new_observed,3171839904.87,26590368.4192453,1,
5108501,Vera,2021,ok,ok,3203950.51,3203950.51,3203950.51,new_observed,19102056.7,19102056.7,19117919.395462777,new_observed,4632068501.87,30309237.893507276,1,
5108501,Vera,2022,ok,ok,4852918.61,4852918.61,4852918.61,new_observed,22101249.79,22101249.79,22031433.4430679,new_observed,4881288106.71,34167331.96930791,1,
5108501,Vera,2023,ok,ok,5922014.81,5922014.81,5922014.81,new_observed,24533451.84,24533451.84,24730211.967504535,new_observed,5204872938.82,37832438.30137832,1,
5108501,Vera,2024,ok,ok,5003226.07,5003226.07,5003226.07,new_observed,31273888.52,31273888.52,31669277.294971198,new_observed,5736605316.36,39334448.94500047,1,
5108501,Vera,2025,ok,ok,6572833.57,6572833.57,6572833.57,new_observed,39866420.35,39866420.35,40133407.371641494,new_observed,6532669761.03,46706240.941641495,1,
5108600,Vila Rica,2019,ok,ok,2250817.5,2250817.5,2250817.5,new_observed,10371384.49,10371384.49,10236260.57670582,new_observed,2781020315.21,21750135.89284304,1,
5108600,Vila Rica,2020,ok,ok,3193891.17,3193891.17,3193891.17,new_observed,13199501.31,13199501.31,13124270.006603727,new_observed,3171839904.87,27824565.121031165,1,
5108600,Vila Rica,2021,ok,ok,3090179.14,3090179.14,3090179.14,new_observed,21274156.56,21274156.56,21291823.00670983,new_observed,4632068501.87,33106541.0968899,1,
5108600,Vila Rica,2022,ok,ok,3715915.75,3715915.75,3715915.75,new_observed,19693149.38,19693149.38,19630940.05870081,new_observed,4881288106.71,29671526.81533256,1,
5108600,Vila Rica,2023,ok,ok,4847654.75,4847654.75,4847654.75,new_observed,21790183.84,21790183.84,21964942.75198137,new_observed,5204872938.82,33093384.96209521,1,
5108600,Vila Rica,2024,ok,ok,5462912.78,5462912.78,5462912.78,new_observed,28096866.93,28096866.93,28452089.331872955,new_observed,5736605316.36,36376789.05534672,1,
5108600,Vila Rica,2025,ok,ok,5516215.04,5516215.04,5516215.04,new_observed,32509302.76,32509302.76,32727018.86902944,new_observed,6532669761.03,38243233.90902944,1,
5108808,Nova Guarita,2019,ok,ok,260760.16,260760.16,260760.16,new_observed,4354195.89,4354195.89,4297467.110108219,new_observed,2781020315.21,7939572.56824257,1,
5108808,Nova Guarita,2020,ok,ok,198304.98,198304.98,198304.98,new_observed,5035572.77,5035572.77,5006872.238522581,new_observed,3171839904.87,8875497.117343282,1,
5108808,Nova Guarita,2021,ok,ok,267738.89,267738.89,267738.89,new_observed,7388291.03,7388291.03,7394426.401307911,new_observed,4632068501.87,10403894.995230295,1,
5108808,Nova Guarita,2022,ok,ok,475805.74,475805.74,475805.74,new_observed,8068484.77,8068484.77,8042996.974636791,new_observed,4881288106.71,10826549.204440352,1,
5108808,Nova Guarita,2023,ok,ok,1614803.38,1614803.38,1614803.38,new_observed,8871080.59,8871080.59,8942227.323014779,new_observed,5204872938.82,13029990.141227813,1,
5108808,Nova Guarita,2024,ok,partial,,,1133081.162571028,imputed_temporal,13428874.74,13428874.74,13598652.998603648,new_observed,5736605316.36,15801065.977610271,1,
5108808,Nova Guarita,2025,ok,ok,508712.65,508712.65,508712.65,new_observed,18751191.74,18751191.74,18876769.225787263,new_observed,6532669761.03,19385481.875787262,1,
5108857,Nova Marilândia,2019,ok,ok,472106.13,472106.13,472106.13,new_observed,6880559.89,6880559.89,6790916.296236003,new_observed,2781020315.21,12650815.81079324,1,
5108857,Nova Marilândia,2020,ok,ok,1095129.64,1095129.64,1095129.64,new_observed,7413426.56,7413426.56,7371173.316514292,new_observed,3171839904.87,14436136.240991564,1,
5108857,Nova Marilândia,2021,ok,ok,943922.15,943922.15,943922.15,new_observed,12418005.8,12418005.8,12428317.9379731,new_observed,4632068501.87,18157188.78893218,1,
5108857,Nova Marilândia,2022,ok,ok,1685850.11,1685850.11,1685850.11,new_observed,15167249.64,15167249.64,15119337.328572659,new_observed,4881288106.71,21357718.307167903,1,
5108857,Nova Marilândia,2023,ok,ok,3588167.16,3588167.16,3588167.16,new_observed,16246241.45,16246241.45,16376537.527373003,new_observed,5204872938.82,24641389.47466607,1,
5108857,Nova Marilândia,2024,ok,ok,2373700.55,2373700.55,2373700.55,new_observed,21684490.11,21684490.11,21958642.266518205,new_observed,5736605316.36,26098553.641221706,1,
5108857,Nova Marilândia,2025,ok,ok,2527884.74,2527884.74,2527884.74,new_observed,21957752.89,21957752.89,22104804.8448676,new_observed,6532669761.03,24632689.584867597,1,
5108907,Nova Maringá,2019,ok,ok,910114.66,910114.66,910114.66,new_observed,9258001.94,9258001.94,9137383.766734501,new_observed,2781020315.21,17500848.06246787,1,
5108907,Nova Maringá,2020,ok,ok,716570.07,716570.07,716570.07,new_observed,13154573.14,13154573.14,13079597.907246772,new_observed,3171839904.87,23524242.109703343,1,
5108907,Nova Maringá,2021,ok,ok,1435183.62,1435183.62,1435183.62,new_observed,20006707.04,20006707.04,20023320.973566037,new_observed,4632068501.87,29136937.152659554,2,
5108907,Nova Maringá,2022,ok,ok,3503342.92,3503342.92,3503342.92,new_observed,21939997.54,21939997.54,21870690.577973127,new_observed,4881288106.71,32247867.615119025,1,
5108907,Nova Maringá,2023,ok,ok,4283872.19,4283872.19,4283872.19,new_observed,24663987.19,24663987.19,24861794.22082158,new_observed,5204872938.82,35972969.73703688,1,
5108907,Nova Maringá,2024,ok,ok,2628643.52,2628643.52,2628643.52,new_observed,30256204.77,30256204.77,30638727.19702846,new_observed,5736605316.36,35682148.06555209,1,
5108907,Nova Maringá,2025,ok,ok,2782587.31,2782587.31,2782587.31,new_observed,35058611.27,35058611.27,35293400.20072636,new_observed,6532669761.03,38075987.51072636,1,
5108956,Nova Monte Verde,2019,ok,ok,916526.42,916526.42,916526.42,new_observed,6617057.71,6617057.71,6530847.162784174,new_observed,2781020315.21,12971920.77084033,1,
5108956,Nova Monte Verde,2020,ok,ok,823474.64,823474.64,823474.64,new_observed,7063716.01,7063716.01,7023455.961550228,new_observed,3171839904.87,13380026.656195143,2,
5108956,Nova Monte Verde,2021,ok,ok,1159935.6,1159935.6,1159935.6,new_observed,12222212.69,12222212.69,12232362.237811925,new_observed,4632068501.87,18184423.74344307,1,
5108956,Nova Monte Verde,2022,ok,ok,1999035.88,1999035.88,1999035.88,new_observed,12518803.87,12518803.87,12479257.818873141,new_observed,4881288106.71,18400468.279170845,1,
5108956,Nova Monte Verde,2023,ok,ok,4299177.82,4299177.82,4299177.82,new_observed,13128355.85,13128355.85,13233646.250544425,new_observed,5204872938.82,21639846.58317193,1,
5108956,Nova Monte Verde,2024,ok,ok,2637391.42,2637391.42,2637391.42,new_observed,18559714.28,18559714.28,18794360.594873566,new_observed,5736605316.36,22987417.767508525,1,
5108956,Nova Monte Verde,2025,ok,ok,2741534.95,2741534.95,2741534.95,new_observed,23911869.13,23911869.13,24072007.879976828,new_observed,6532669761.03,26813542.829976827,4,
