codigo_ibge,municipio,ano,request_status,data_status,new_iss,legacy_iss,adjusted_iss,iss_source,new_cota_raw,legacy_cota_raw,adjusted_cota,cota_source,cota_target_pr,total_real_2025,api_attempts,api_error
1500107,Abaetetuba,2019,ok,ok,4014307.76,4014307.76,4014307.76,new_observed,15550710.76,15550710.76,15587006.9074179,new_observed,3050343349.96,34152609.56240492,1,
1500107,Abaetetuba,2020,ok,ok,5636872.23,5636872.23,5636872.23,new_observed,17941683.77,17941683.77,18531378.7472722,new_observed,3458631628.6575,41224144.9288113,1,
1500107,Abaetetuba,2021,ok,ok,6380113.85,6380113.85,6380113.85,new_observed,21306205.39,21306205.39,21384528.003947876,new_observed,4235989112.455,37711075.962335974,1,
1500107,Abaetetuba,2022,ok,ok,8454223.25,8454223.25,8454223.25,new_observed,22015213.13,22015213.13,22050482.736425173,new_observed,4993162483.96,38779881.85897678,1,
1500107,Abaetetuba,2023,ok,ok,8877909.64,8877909.64,8877909.64,new_observed,21109399.39,21109399.39,20975380.58199506,new_observed,5209618188.91,36858799.099936776,1,
1500107,Abaetetuba,2024,ok,ok,10821509.1,10821509.1,10821509.1,new_observed,29851989.44,29851989.44,30020140.122348975,new_observed,6098672862.01,43820798.459964275,1,
1500107,Abaetetuba,2025,ok,ok,16276663.67,16276663.67,16276663.67,new_observed,38561265.21,38561265.21,39229939.22753203,new_observed,6324366489.04,55506602.89753203,1,
1500131,Abel Figueiredo,2019,ok,ok,273038.18,273038.18,273038.18,new_observed,3893162.52,3893162.52,3902249.3587258058,new_observed,3050343349.96,7274867.40253742,1,
1500131,Abel Figueiredo,2020,ok,ok,673050.42,673050.42,673050.42,new_observed,4291138.89,4291138.89,4432177.104843668,new_observed,3458631628.6575,8708062.47322684,1,
1500131,Abel Figueiredo,2021,ok,ok,137120.74,137120.74,137120.74,new_observed,5620607.53,5620607.53,5641269.14785577,new_observed,4235989112.455,7848446.277362597,1,
1500131,Abel Figueiredo,2022,ok,ok,243144.14,243144.14,243144.14,new_observed,5731972.52,5731972.52,5741155.461524413,new_observed,4993162483.96,7607692.782192743,1,
1500131,Abel Figueiredo,2023,ok,ok,422460.15,422460.15,422460.15,new_observed,5615439.99,5615439.99,5579788.8300603395,new_observed,5209618188.91,7410764.028309492,1,
1500131,Abel Figueiredo,2024,ok,ok,726059.51,726059.51,726059.51,new_observed,10623929.87,10623929.87,10683772.48318525,new_observed,6098672862.01,12242109.654127894,1,
1500131,Abel Figueiredo,2025,ok,ok,784477.01,784477.01,784477.01,new_observed,9966360.42,9966360.42,10139182.712679477,new_observed,6324366489.04,10923659.722679477,1,
1500206,Acará,2019,ok,ok,5581280.62,5581280.62,5581280.62,new_observed,8530731.1,8530731.1,8550642.258941012,new_observed,3050343349.96,24622942.523990847,1,
1500206,Acará,2020,ok,ok,8654697.5,8654697.5,8654697.5,new_observed,9639662.26,9639662.26,9956492.078772489,new_observed,3458631628.6575,31745382.701230727,1,
1500206,Acará,2021,ok,ok,4037596.86,4037596.86,4037596.86,new_observed,12037946.96,12037946.96,12082199.019680025,new_observed,4235989112.455,21894568.2826997,1,
1500206,Acará,2022,ok,ok,6788831.9,6788831.9,6788831.9,new_observed,12933341.25,12933341.25,12954061.1882062,new_observed,4993162483.96,25098654.019342314,1,
1500206,Acará,2023,ok,ok,9333139.03,9333139.03,9333139.03,new_observed,14392747.98,14392747.98,14301371.674470965,new_observed,5209618188.91,29180692.493304115,1,
1500206,Acará,2024,ok,ok,14293798.71,14293798.71,14293798.71,new_observed,24029860.45,24029860.45,24165216.166895833,new_observed,6098672862.01,41264365.46952672,1,
1500206,Acará,2025,ok,absent_dca,,,15986135.20204605,imputed_temporal,,,23931451.78401357,imputed_temporal,6324366489.04,39917586.98605962,1,
1500305,Afuá,2019,ok,ok,750629.48,750629.48,750629.48,new_observed,5484973.36,5484973.36,5497775.565939674,new_observed,3050343349.96,10886991.079045303,1,
1500305,Afuá,2020,ok,ok,613628.6,613628.6,613628.6,new_observed,6790728.29,6790728.29,7013921.297744849,new_observed,3458631628.6575,13010425.236483673,1,
1500305,Afuá,2021,ok,ok,661356.99,661356.99,661356.99,new_observed,8188908.52,8188908.52,8219011.333191103,new_observed,4235989112.455,12061680.686212912,1,
1500305,Afuá,2022,ok,ok,1255141.75,1255141.75,1255141.75,new_observed,10263810.07,10263810.07,10280253.269502724,new_observed,4993162483.96,14664663.748997124,1,
1500305,Afuá,2023,ok,ok,1738379.83,1738379.83,1738379.83,new_observed,10931532.58,10931532.58,10862130.749139158,new_observed,5209618188.91,15557403.707914654,1,
1500305,Afuá,2024,ok,ok,2364797.86,2364797.86,2364797.86,new_observed,15575658.23,15575658.23,15663393.004416727,new_observed,6098672862.01,19343237.442896236,1,
1500305,Afuá,2025,ok,ok,1987839.31,1987839.31,1987839.31,new_observed,15895675.69,15895675.69,16171315.642868094,new_observed,6324366489.04,18159154.952868093,1,
1500347,Água Azul do Norte,2019,ok,ok,1368911.24,1368911.24,1368911.24,new_observed,13539752.72,13539752.72,13571355.189386232,new_observed,3050343349.96,26031370.588080518,1,
1500347,Água Azul do Norte,2020,ok,ok,2972950.3,2972950.3,2972950.3,new_observed,13558168.74,13558168.74,14003789.346710032,new_observed,3458631628.6575,28957477.157648303,3,
1500347,Água Azul do Norte,2021,ok,ok,7426244.85,7426244.85,7426244.85,new_observed,16191267.42,16191267.42,16250787.28119775,new_observed,4235989112.455,32159116.690904036,1,
1500347,Água Azul do Norte,2022,ok,ok,8109233.25,8109233.25,8109233.25,new_observed,17231827.1,17231827.1,17259433.453670748,new_observed,4993162483.96,32250561.540435936,1,
1500347,Água Azul do Norte,2023,ok,ok,7692925.25,7692925.25,7692925.25,new_observed,16050739.8,16050739.8,15948837.278954685,new_observed,5209618188.91,29189646.063907754,1,
1500347,Água Azul do Norte,2024,ok,ok,8602204.53,8602204.53,8602204.53,new_observed,23435544.92,23435544.92,23567552.968489982,new_observed,6098672862.01,34516345.120457314,2,
1500347,Água Azul do Norte,2025,ok,ok,8611706.05,8611706.05,8611706.05,new_observed,27085617.31,27085617.31,27555297.14144173,new_observed,6324366489.04,36167003.19144173,4,
1500404,Alenquer,2019,ok,ok,1115876.01,1115876.01,1115876.01,new_observed,9033282.72,9033282.72,9054366.859904144,new_observed,3050343349.96,17720257.022761438,1,
1500404,Alenquer,2020,ok,ok,1417246.77,1417246.77,1417246.77,new_observed,10670504.03,10670504.03,11021214.850239463,new_observed,3458631628.6575,21216468.870933697,1,
1500404,Alenquer,2021,ok,ok,2041715.48,2041715.48,2041715.48,new_observed,13228954.45,13228954.45,13277584.709276844,new_observed,4235989112.455,20807302.185513414,1,
1500404,Alenquer,2022,ok,ok,2754999.09,2754999.09,2754999.09,new_observed,13943616.31,13943616.31,13965954.765525881,new_observed,4993162483.96,21256937.056703817,1,
1500404,Alenquer,2023,ok,ok,3103058.67,3103058.67,3103058.67,new_observed,14580521.83,14580521.83,14487953.390716394,new_observed,5209618188.91,21718998.967584476,5,
1500404,Alenquer,2024,ok,ok,6585668.4,6585668.4,6585668.4,new_observed,22867062.11,22867062.11,22995868.00097223,new_observed,6098672862.01,31739329.078164645,1,
1500404,Alenquer,2025,ok,ok,3704377.57,3704377.57,3704377.57,new_observed,22960516.99,22960516.99,23358665.26279926,new_observed,6324366489.04,27063042.83279926,1,
1500503,Almeirim,2019,ok,ok,1433608.02,1433608.02,1433608.02,new_observed,30327052.0,30327052.0,30397836.877111454,new_observed,3050343349.96,55461938.53952666,1,
1500503,Almeirim,2020,ok,ok,3029768.85,3029768.85,3029768.85,new_observed,35516662.51,35516662.51,36683999.85470557,new_observed,3458631628.6575,67740365.58506705,1,
1500503,Almeirim,2021,ok,ok,6390481.51,6390481.51,6390481.51,new_observed,40188607.35,40188607.35,40336342.56239283,new_observed,4235989112.455,63466290.01526839,1,
1500503,Almeirim,2022,ok,ok,4485636.82,4485636.82,4485636.82,new_observed,42998974.07,42998974.07,43067860.83858042,new_observed,4993162483.96,60453591.062360175,1,
1500503,Almeirim,2023,ok,ok,3637608.76,3637608.76,3637608.76,new_observed,40534432.66,40534432.66,40277088.70397901,new_observed,5209618188.91,54219920.126818545,1,
1500503,Almeirim,2024,ok,ok,4430172.21,4430172.21,4430172.21,new_observed,46933065.79,46933065.79,47197430.98593375,new_observed,6098672862.01,55393521.99768741,1,
1500503,Almeirim,2025,ok,ok,10818592.34,10818592.34,10818592.34,new_observed,37943365.85,37943365.85,38601325.14525226,new_observed,6324366489.04,49419917.48525226,5,
1500602,Altamira,2019,ok,ok,30226847.22,30226847.22,30226847.22,new_observed,51517710.81,51517710.81,51637955.75925353,new_observed,3050343349.96,142638220.98122337,1,
1500602,Altamira,2020,ok,ok,23729695.62,23729695.62,23729695.62,new_observed,57610701.22,57610701.22,59504210.30097983,new_observed,3458631628.6575,141973310.51817766,1,
1500602,Altamira,2021,ok,ok,21779384.38,21779384.38,21779384.38,new_observed,73056216.57,73056216.57,73324774.66104282,new_observed,4235989112.455,129174371.66296034,1,
1500602,Altamira,2022,ok,ok,34103265.84,34103265.84,34103265.84,new_observed,75350076.05,75350076.05,75470791.0987573,new_observed,4993162483.96,139298801.4631172,1,
1500602,Altamira,2023,ok,ok,34290986.89,34290986.89,34290986.89,new_observed,72268595.65,72268595.65,71809778.66206656,new_observed,5209618188.91,130998853.81986426,1,
1500602,Altamira,2024,ok,ok,36369023.89,36369023.89,36369023.89,new_observed,95332737.0,95332737.0,95869728.50634381,new_observed,6098672862.01,141884762.92446882,1,
1500602,Altamira,2025,ok,ok,50989050.48,50989050.48,50989050.48,new_observed,92864589.76,92864589.76,94474913.95406143,new_observed,6324366489.04,145463964.43406144,1,
1500701,Anajás,2019,ok,ok,85889.03,85889.03,85889.03,new_observed,5180252.76,5180252.76,5192343.732608313,new_observed,3050343349.96,9196598.584303131,1,
1500701,Anajás,2020,ok,ok,189745.32,189745.32,189745.32,new_observed,6141611.08,6141611.08,6343469.347744694,new_observed,3458631628.6575,11143801.368473751,1,
1500701,Anajás,2021,ok,ok,135877.11,135877.11,135877.11,new_observed,7276933.2,7276933.2,7303683.548985916,new_observed,4235989112.455,10104716.589295099,1,
1500701,Anajás,2022,ok,ok,308010.72,308010.72,308010.72,new_observed,9339998.73,9339998.73,9354961.931912854,new_observed,4993162483.96,12284299.282034101,1,
1500701,Anajás,2023,ok,ok,281351.0,281351.0,281351.0,new_observed,9846479.01,9846479.01,9783965.93913589,new_observed,5209618188.91,12427289.996446066,1,
1500701,Anajás,2024,ok,ok,329729.16,329729.16,329729.16,new_observed,14155560.33,14155560.33,14235295.958116367,new_observed,6098672862.01,15627454.875549864,1,
1500701,Anajás,2025,ok,ok,857672.01,857672.01,857672.01,new_observed,13802669.42,13802669.42,14042015.46747731,new_observed,6324366489.04,14899687.47747731,1,
1500800,Ananindeua,2019,ok,ok,56898255.82,56898255.82,56898255.82,new_observed,91728906.19,91728906.19,91943006.10819276,new_observed,3050343349.96,259335539.0523325,1,
1500800,Ananindeua,2020,ok,ok,64594076.34,64594076.34,64594076.34,new_observed,102640255.85,102640255.85,106013765.50029737,new_observed,3458631628.6575,291008331.7419251,1,
1500800,Ananindeua,2021,ok,ok,72307657.81,72307657.81,72307657.81,new_observed,129868175.08,129868175.08,130345576.60480085,new_observed,4235989112.455,275251939.3994262,1,
1500800,Ananindeua,2022,ok,ok,89232934.56,89232934.56,89232934.56,new_observed,142863166.45,142863166.45,143092041.25687066,new_observed,4993162483.96,295349023.16636634,1,
1500800,Ananindeua,2023,ok,ok,125435212.42,125435212.42,125435212.42,new_observed,121311430.17,121311430.17,120541251.30472827,new_observed,5209618188.91,303698419.58199906,1,
1500800,Ananindeua,2024,ok,ok,105253053.52,105253053.52,105253053.52,new_observed,146152211.32,146152211.32,146975459.4358304,new_observed,6098672862.01,270627044.75816554,1,
1500800,Ananindeua,2025,ok,ok,119841301.94,119841301.94,119841301.94,new_observed,201595365.24,201595365.24,205091142.2083322,new_observed,6324366489.04,324932444.14833224,1,
1500859,Anapu,2019,ok,ok,7730575.92,7730575.92,7730575.92,new_observed,9148743.61,9148743.61,9170097.241475886,new_observed,3050343349.96,29447111.15653637,1,
1500859,Anapu,2020,ok,ok,5501930.96,5501930.96,5501930.96,new_observed,10399921.63,10399921.63,10741739.133187192,new_observed,3458631628.6575,27707069.52385868,1,
1500859,Anapu,2021,ok,ok,4721247.68,4721247.68,4721247.68,new_observed,13072103.04,13072103.04,13120156.706110314,new_observed,4235989112.455,24232927.606940895,1,
1500859,Anapu,2022,ok,ok,5840987.07,5840987.07,5840987.07,new_observed,13435196.19,13435196.19,13456720.127972716,new_observed,4993162483.96,24532700.155167367,1,
1500859,Anapu,2023,ok,ok,6151956.09,6151956.09,6151956.09,new_observed,12598209.79,12598209.79,12518226.602043843,new_observed,5209618188.91,23051412.688111123,1,
1500859,Anapu,2024,ok,ok,6855781.77,6855781.77,6855781.77,new_observed,19233327.93,19233327.93,19341665.674851857,new_observed,6098672862.01,28108391.47059139,1,
1500859,Anapu,2025,ok,absent_dca,,,7667482.697532863,imputed_temporal,,,19154562.339662544,imputed_temporal,6324366489.04,26822045.037195407,1,
1500909,Augusto Corrêa,2019,ok,ok,1104973.65,1104973.65,1104973.65,new_observed,4568811.36,4568811.36,4579475.197377369,new_observed,3050343349.96,9904374.546093447,1,
1500909,Augusto Corrêa,2020,ok,ok,1272795.25,1272795.25,1272795.25,new_observed,4926106.81,4926106.81,5088014.715668286,new_observed,3458631628.6575,10849728.10551856,1,
1500909,Augusto Corrêa,2021,ok,ok,1130498.91,1130498.91,1130498.91,new_observed,6112059.81,6112059.81,6134528.029570889,new_observed,4235989112.455,9867657.729127837,1,
1500909,Augusto Corrêa,2022,ok,ok,2019745.5,2019745.5,2019745.5,new_observed,6994424.98,6994424.98,7005630.441185331,new_observed,4993162483.96,11473738.277883174,2,
1500909,Augusto Corrêa,2023,ok,ok,2265193.07,2265193.07,2265193.07,new_observed,7375777.13,7375777.13,7328949.987227716,new_observed,5209618188.91,11845548.308168259,1,
1500909,Augusto Corrêa,2024,ok,ok,3024788.32,3024788.32,3024788.32,new_observed,12595882.39,12595882.39,12666832.643514022,new_observed,6098672862.01,16836229.017314658,1,
1500909,Augusto Corrêa,2025,ok,ok,4532175.42,4532175.42,4532175.42,new_observed,13197014.32,13197014.32,13425857.967549553,new_observed,6324366489.04,17958033.387549553,1,
1500958,Aurora do Pará,2019,ok,ok,829210.83,829210.83,829210.83,new_observed,4563602.48,4563602.48,4574254.159587331,new_observed,3050343349.96,9414798.609414421,5,
1500958,Aurora do Pará,2020,ok,ok,1009277.18,1009277.18,1009277.18,new_observed,4887545.67,4887545.67,5048186.174522028,new_observed,3458631628.6575,10332305.281942416,1,
1500958,Aurora do Pará,2021,ok,ok,604204.12,604204.12,604204.12,new_observed,5752749.89,5752749.89,5773897.269391388,new_observed,4235989112.455,8662999.049512997,1,
1500958,Aurora do Pará,2022,ok,ok,696729.0,696729.0,696729.0,new_observed,7048636.81,7048636.81,7059929.121578119,new_observed,4993162483.96,9860848.542816034,1,
1500958,Aurora do Pará,2023,ok,ok,553416.02,553416.02,553416.02,new_observed,7018464.04,7018464.04,6973905.397317257,new_observed,5209618188.91,9293716.900830323,1,
1500958,Aurora do Pará,2024,ok,ok,432848.99,432848.99,432848.99,new_observed,12979881.13,12979881.13,13052994.376713587,new_observed,6098672862.01,14469553.396781601,1,
1500958,Aurora do Pará,2025,ok,ok,602258.5,,602258.5,new_observed,12380864.45,,12595555.599971758,new_observed,6324366489.04,13197814.099971758,1,
1501006,Aveiro,2019,ok,ok,127582.12,127582.12,127582.12,new_observed,5789707.37,5789707.37,5803220.840570655,new_observed,3050343349.96,10333612.889783133,1,
1501006,Aveiro,2020,ok,ok,200941.07,200941.07,200941.07,new_observed,7088915.47,7088915.47,7321909.089804849,new_observed,3458631628.6575,12831837.33722253,1,
1501006,Aveiro,2021,ok,ok,862534.56,862534.56,862534.56,new_observed,8733979.6,8733979.6,8766086.120138988,new_observed,4235989112.455,13077987.743955363,1,
1501006,Aveiro,2022,ok,ok,752390.94,752390.94,752390.94,new_observed,10598501.83,10598501.83,10615481.224477502,new_observed,4993162483.96,14451696.066913985,1,
1501006,Aveiro,2023,ok,ok,870799.79,870799.79,870799.79,new_observed,12046053.9,12046053.9,11969576.22505459,new_observed,5209618188.91,15853557.058104234,1,
1501006,Aveiro,2024,ok,ok,1319628.29,1319628.29,1319628.29,new_observed,17768657.05,17768657.05,17868744.577278126,new_observed,6098672862.01,20588047.64748628,1,
1501006,Aveiro,2025,ok,ok,776790.05,776790.05,776790.05,new_observed,16756268.45,16756268.45,17046831.565143872,new_observed,6324366489.04,17823621.615143873,1,
1501105,Bagre,2019,ok,ok,221432.86,221432.86,221432.86,new_observed,4571806.62,4571806.62,4582477.448466085,new_observed,3050343349.96,8370156.590086874,1,
1501105,Bagre,2020,ok,ok,650010.21,650010.21,650010.21,new_observed,5067383.44,5067383.44,5233934.72920937,new_observed,3458631628.6575,10036332.341765922,1,
1501105,Bagre,2021,ok,ok,292114.4,292114.4,292114.4,new_observed,6246558.21,6246558.21,6269520.852020452,new_observed,4235989112.455,8912282.2735385,1,
1501105,Bagre,2022,ok,ok,228568.23,228568.23,228568.23,new_observed,7398229.15,7398229.15,7410081.528117937,new_observed,4993162483.96,9710827.41507943,1,
1501105,Bagre,2023,ok,ok,275625.93,275625.93,275625.93,new_observed,8117656.43,8117656.43,8066119.263146375,new_observed,5209618188.91,10299257.064486405,1,
1501105,Bagre,2024,ok,ok,1007759.73,1007759.73,1007759.73,new_observed,12863509.42,12863509.42,12935967.166600874,new_observed,6098672862.01,14960836.737767454,1,
1501105,Bagre,2025,ok,ok,1393760.95,1393760.95,1393760.95,new_observed,12688804.37,12688804.37,12908835.371305568,new_observed,6324366489.04,14302596.321305567,1,
1501204,Baião,2019,ok,ok,655928.28,655928.28,655928.28,new_observed,5790689.49,5790689.49,5804205.252888534,new_observed,3050343349.96,11255899.00541123,1,
1501204,Baião,2020,ok,ok,760397.57,760397.57,760397.57,new_observed,5548396.45,5548396.45,5730757.345466832,new_observed,3458631628.6575,11072059.42383725,1,
1501204,Baião,2021,ok,ok,539332.83,539332.83,539332.83,new_observed,7510276.52,7510276.52,7537884.650014265,new_observed,4235989112.455,10970808.251568154,1,
1501204,Baião,2022,ok,ok,945810.39,945810.39,945810.39,new_observed,8361700.11,8361700.11,8375096.02264384,new_observed,4993162483.96,11849438.891879873,1,
1501204,Baião,2023,ok,ok,1876263.7,1876263.7,1876263.7,new_observed,8604285.4,8604285.4,8549658.735747838,new_observed,5209618188.91,12872516.819188703,1,
1501204,Baião,2024,ok,ok,1895773.18,1895773.18,1895773.18,new_observed,12985967.97,12985967.97,13059115.502746731,new_observed,6098672862.01,16045756.609633652,1,
1501204,Baião,2025,ok,ok,2988782.07,2988782.07,2988782.07,new_observed,13814070.68,13814070.68,14053614.431735395,new_observed,6324366489.04,17042396.501735393,1,
1501253,Bannach,2019,ok,ok,110448.31,110448.31,110448.31,new_observed,5506804.36,5506804.36,5519657.5206006225,new_observed,3050343349.96,9809689.2728906,2,
1501253,Bannach,2020,ok,ok,181794.67,181794.67,181794.67,new_observed,6227159.71,6227159.71,6431829.73153939,new_observed,3458631628.6575,11280957.446617631,3,
1501253,Bannach,2021,ok,ok,202232.48,202232.48,202232.48,new_observed,7586160.3,7586160.3,7614047.382361577,new_observed,4235989112.455,10616392.070999546,2,
1501253,Bannach,2022,ok,ok,325848.99,325848.99,325848.99,new_observed,7980307.7,7980307.7,7993092.60060799,new_observed,4993162483.96,10575665.676603114,2,
1501253,Bannach,2023,ok,ok,398649.38,398649.38,398649.38,new_observed,7656195.95,7656195.95,7607588.491487594,new_observed,5209618188.91,9885018.068596175,3,
1501253,Bannach,2024,ok,ok,417736.14,417736.14,417736.14,new_observed,12643697.77,12643697.77,12714917.358621148,new_observed,6098672862.01,14090600.481743319,1,
1501253,Bannach,2025,ok,ok,484245.17,484245.17,484245.17,new_observed,11556024.05,11556024.05,11756412.003718033,new_observed,6324366489.04,12240657.173718033,2,
1501303,Barcarena,2019,ok,ok,106386369.0,106386369.0,106386369.0,new_observed,124399771.82,124399771.82,124690127.19516048,new_observed,3050343349.96,402619185.88144714,1,
1501303,Barcarena,2020,ok,ok,118348729.71,118348729.71,118348729.71,new_observed,116930724.1,116930724.1,120773923.07588807,new_observed,3458631628.6575,407875063.17595655,1,
1501303,Barcarena,2021,ok,ok,144855937.33,144855937.33,144855937.33,new_observed,143968662.42,143968662.42,144497898.00000647,new_observed,4235989112.455,393012253.5534008,1,
1501303,Barcarena,2022,ok,ok,177622442.38,177622442.38,177622442.38,new_observed,174491703.52,174491703.52,174771249.01752788,new_observed,4993162483.96,447989425.8389585,2,
1501303,Barcarena,2023,ok,ok,215711852.64,215711852.64,215711852.64,new_observed,168175651.65,168175651.65,167107942.42942104,new_observed,5209618188.91,472654029.5229068,1,
1501303,Barcarena,2024,ok,ok,295303690.81,295303690.81,295303690.81,new_observed,167374503.74,167374503.74,168317293.06626144,new_observed,6098672862.01,497439307.25340897,1,
1501303,Barcarena,2025,ok,absent_dca,,,330266629.79724187,imputed_temporal,,,166689060.65690485,imputed_temporal,6324366489.04,496955690.45414674,3,
1501402,Belém,2019,ok,ok,418391445.76,418391445.76,418391445.76,new_observed,465680972.78,465680972.78,466767895.7829801,new_observed,3050343349.96,1542269072.5170183,1,
1501402,Belém,2020,ok,ok,347826276.61,347826276.61,347826276.61,new_observed,397252576.97,397252576.97,410309202.66637677,new_observed,3458631628.6575,1293162955.927341,1,
1501402,Belém,2021,ok,ok,503656159.93,503656159.93,503656159.93,new_observed,565795173.28,565795173.28,567875062.9703144,new_observed,4235989112.455,1455397680.0915506,1,
1501402,Belém,2022,ok,ok,609157145.21,609157145.21,609157145.21,new_observed,556294121.14,556294121.14,557185335.528586,new_observed,4993162483.96,1482742486.6929135,1,
1501402,Belém,2023,ok,ok,666727825.84,666727825.84,666727825.84,new_observed,444803387.14,444803387.14,441979430.9184269,new_observed,5209618188.91,1368881544.8352907,1,
1501402,Belém,2024,ok,ok,796137290.64,796137290.64,796137290.64,new_observed,500825184.09,500825184.09,503646238.8344935,new_observed,6098672862.01,1394594811.2084332,1,
1501402,Belém,2025,ok,ok,949025023.03,949025023.03,949025023.03,new_observed,616422207.04,616422207.04,627111314.6570007,new_observed,6324366489.04,1576136337.6870008,2,
1501451,Belterra,2019,ok,ok,821878.8,821878.8,821878.8,new_observed,6386471.23,6386471.23,6401377.577679009,new_observed,3050343349.96,12585536.175595695,1,
1501451,Belterra,2020,ok,ok,555222.57,555222.57,555222.57,new_observed,5935194.45,5935194.45,6130268.357285729,new_observed,3458631628.6575,11403541.247807188,1,
1501451,Belterra,2021,ok,ok,839196.5,839196.5,839196.5,new_observed,8321706.13,8321706.13,8352297.113456567,new_observed,4235989112.455,12484263.823309507,1,
1501451,Belterra,2022,ok,ok,1082807.97,1082807.97,1082807.97,new_observed,12572642.32,12572642.32,12592784.398286154,new_observed,4993162483.96,17385443.9583737,1,
1501451,Belterra,2023,ok,ok,1535310.63,1535310.63,1535310.63,new_observed,12096813.03,12096813.03,12020013.096804969,new_observed,5209618188.91,16736277.651995461,1,
1501451,Belterra,2024,ok,ok,1411178.65,1411178.65,1411178.65,new_observed,19323947.75,19323947.75,19432795.939376768,new_observed,6098672862.01,22364415.41851043,1,
1501451,Belterra,2025,ok,ok,1107173.67,1107173.67,1107173.67,new_observed,19483495.28,19483495.28,19821350.041598056,new_observed,6324366489.04,20928523.711598054,1,
1501501,Benevides,2019,ok,ok,8012637.37,8012637.37,8012637.37,new_observed,31990702.02,31990702.02,32065369.94061407,new_observed,3050343349.96,69830445.50546578,6,
1501501,Benevides,2020,ok,ok,9405067.69,9405067.69,9405067.69,new_observed,37403265.2,37403265.2,38632610.11014163,new_observed,3458631628.6575,81938581.0557356,4,
1501501,Benevides,2021,ok,ok,6814208.41,6814208.41,6814208.41,new_observed,44205299.07,44205299.07,44367799.83023087,new_observed,4235989112.455,69517503.98241876,1,
1501501,Benevides,2022,ok,ok,11963897.25,11963897.25,11963897.25,new_observed,45365291.19,45365291.19,45437968.93135033,new_observed,4993162483.96,72973579.55156703,1,
1501501,Benevides,2023,ok,ok,7125316.7,7125316.7,7125316.7,new_observed,38365911.47,38365911.47,38122334.9651342,new_observed,5209618188.91,55865671.42406074,1,
1501501,Benevides,2024,ok,ok,6661080.88,6661080.88,6661080.88,new_observed,52563053.6,52563053.6,52859131.46599785,new_observed,6098672862.01,63861848.85210274,1,
1501501,Benevides,2025,ok,ok,14917446.98,14917446.98,14917446.98,new_observed,72178226.0,72178226.0,73429837.01677851,new_observed,6324366489.04,88347283.99677852,1,
1501576,Bom Jesus do Tocantins,2019,ok,ok,2135255.25,2135255.25,2135255.25,new_observed,5790689.63,5790689.63,5804205.393215301,new_observed,3050343349.96,13833424.139378492,1,
1501576,Bom Jesus do Tocantins,2020,ok,ok,1229803.33,1229803.33,1229803.33,new_observed,6506906.62,6506906.62,6720771.171431297,new_observed,3458631628.6575,13561413.104429299,1,
1501576,Bom Jesus do Tocantins,2021,ok,ok,1233209.26,1233209.26,1233209.26,new_observed,8229984.18,8229984.18,8260237.989250793,new_observed,4235989112.455,12894389.64291991,1,
1501576,Bom Jesus do Tocantins,2022,ok,ok,1170780.84,1170780.84,1170780.84,new_observed,8770985.85,8770985.85,8785037.461359087,new_observed,4993162483.96,12656586.747892449,1,
1501576,Bom Jesus do Tocantins,2023,ok,ok,8000558.48,8000558.48,8000558.48,new_observed,8154367.19,8154367.19,8102596.954824286,new_observed,5209618188.91,19881995.13800786,1,
1501576,Bom Jesus do Tocantins,2024,ok,ok,10163969.02,10163969.02,10163969.02,new_observed,14342031.31,14342031.31,14422817.294327576,new_observed,6098672862.01,26380242.433226354,2,
1501576,Bom Jesus do Tocantins,2025,ok,absent_dca,,,11367347.91357136,imputed_temporal,,,14283296.87949053,imputed_temporal,6324366489.04,25650644.79306189,1,
1501600,Bonito,2019,ok,ok,292538.72,292538.72,292538.72,new_observed,7881542.78,7881542.78,7899938.70048482,new_observed,3050343349.96,14274271.263841402,1,
1501600,Bonito,2020,ok,ok,401456.27,401456.27,401456.27,new_observed,9150776.09,9150776.09,9451537.532882992,new_observed,3458631628.6575,16806397.9844756,1,
1501600,Bonito,2021,ok,ok,411640.28,411640.28,411640.28,new_observed,10530499.27,10530499.27,10569209.8810124,new_observed,4235989112.455,14914641.317229403,1,
1501600,Bonito,2022,ok,ok,700552.79,700552.79,700552.79,new_observed,10328531.43,10328531.43,10345078.316752128,new_observed,4993162483.96,14042038.942066995,1,
1501600,Bonito,2023,ok,ok,963587.1,963587.1,963587.1,new_observed,10197572.14,10197572.14,10132830.05816727,new_observed,5209618188.91,13700352.8830681,6,
1501600,Bonito,2024,ok,ok,1023024.48,1023024.48,1023024.48,new_observed,14742258.19,14742258.19,14825298.57760953,new_observed,6098672862.01,17004361.573525343,1,
1501600,Bonito,2025,ok,ok,646144.68,646144.68,646144.68,new_observed,13185238.51,13185238.51,13413877.9583839,new_observed,6324366489.04,14060022.638383899,1,
1501709,Bragança,2019,ok,ok,5011967.24,5011967.24,5011967.24,new_observed,11275696.63,11275696.63,11302014.67767244,new_observed,3050343349.96,28424881.917157486,1,
1501709,Bragança,2020,ok,ok,3749069.11,3749069.11,3749069.11,new_observed,12110166.61,12110166.61,12508195.274165142,new_observed,3458631628.6575,27730257.508045312,1,
1501709,Bragança,2021,ok,ok,4555135.62,4555135.62,4555135.62,new_observed,14959563.78,14959563.78,15014555.840637859,new_observed,4235989112.455,26580358.036444686,1,
1501709,Bragança,2022,ok,ok,5842597.88,5842597.88,5842597.88,new_observed,16425777.07,16425777.07,16452092.086305568,new_observed,4993162483.96,28342690.57897467,1,
1501709,Bragança,2023,ok,ok,7917722.85,7917722.85,7917722.85,new_observed,15703203.19,15703203.19,15603507.100381263,new_observed,5209618188.91,29040828.762176577,1,
1501709,Bragança,2024,ok,ok,10874198.5,10874198.5,10874198.5,new_observed,23428286.34,23428286.34,23560253.502264213,new_observed,6098672862.01,36946235.27702263,1,
1501709,Bragança,2025,ok,ok,10302740.65,10302740.65,10302740.65,new_observed,28249160.48,28249160.48,28739016.80414286,new_observed,6324366489.04,39041757.45414286,1,
1501725,Brasil Novo,2019,ok,ok,2298775.25,2298775.25,2298775.25,new_observed,6706842.33,6706842.33,6722496.440070934,new_observed,3050343349.96,15718331.90859926,1,
1501725,Brasil Novo,2020,ok,ok,2042407.94,2042407.94,2042407.94,new_observed,7571205.34,7571205.34,7820050.533022509,new_observed,3458631628.6575,16822542.01301543,1,
1501725,Brasil Novo,2021,ok,ok,3110011.42,3110011.42,3110011.42,new_observed,9017376.07,9017376.07,9050524.36890286,new_observed,4235989112.455,16516938.748583717,1,
1501725,Brasil Novo,2022,ok,ok,3192426.03,3192426.03,3192426.03,new_observed,10700478.24,10700478.24,10717621.006406907,new_observed,4993162483.96,17683500.406944435,1,
1501725,Brasil Novo,2023,ok,ok,2155861.21,2155861.21,2155861.21,new_observed,10551417.48,10551417.48,10484428.914039098,new_observed,5209618188.91,15606518.101767078,1,
1501725,Brasil Novo,2024,ok,ok,2485593.03,2485593.03,2485593.03,new_observed,18060099.85,18060099.85,18161829.020150345,new_observed,6098672862.01,22153525.57022482,1,
1501725,Brasil Novo,2025,ok,ok,3298122.73,3298122.73,3298122.73,new_observed,17786637.51,17786637.51,18095067.803908337,new_observed,6324366489.04,21393190.533908337,1,
1501758,Brejo Grande do Araguaia,2019,ok,ok,533196.04,533196.04,533196.04,new_observed,4266090.72,4266090.72,4276047.992054056,new_observed,3050343349.96,8379449.873843833,1,
1501758,Brejo Grande do Araguaia,2020,ok,ok,324293.84,324293.84,324293.84,new_observed,5030058.1,5030058.1,5195382.605491346,new_observed,3458631628.6575,9414994.157544265,1,
1501758,Brejo Grande do Araguaia,2021,ok,ok,314109.55,314109.55,314109.55,new_observed,6427959.03,6427959.03,6451588.509973743,new_observed,4235989112.455,9189448.753563523,1,
1501758,Brejo Grande do Araguaia,2022,ok,ok,813504.48,813504.48,813504.48,new_observed,6992986.96,6992986.96,7004190.117396621,new_observed,4993162483.96,9938442.712134799,1,
1501758,Brejo Grande do Araguaia,2023,ok,ok,1186264.93,1186264.93,1186264.93,new_observed,6389086.08,6389086.08,6348523.215805571,new_observed,5209618188.91,9302935.80578981,1,
1501758,Brejo Grande do Araguaia,2024,ok,ok,694573.46,694573.46,694573.46,new_observed,9595392.76,9595392.76,9649441.81570007,new_observed,6098672862.01,11098548.106994744,1,
1501758,Brejo Grande do Araguaia,2025,ok,ok,734871.37,734871.37,734871.37,new_observed,8610169.78,8610169.78,8759474.964543901,new_observed,6324366489.04,9494346.3345439,1,
1501782,Breu Branco,2019,ok,ok,3826025.77,3826025.77,3826025.77,new_observed,10976913.54,10976913.54,11002534.212790482,new_observed,3050343349.96,25836737.385108173,1,
1501782,Breu Branco,2020,ok,ok,3177988.16,3177988.16,3177988.16,new_observed,12465624.15,12465624.15,12875335.749203939,new_observed,3458631628.6575,27382393.208532806,1,
1501782,Breu Branco,2021,ok,ok,5782185.9,5782185.9,5782185.9,new_observed,16075207.83,16075207.83,16134301.050681705,new_observed,4235989112.455,29767871.97804905,1,
1501782,Breu Branco,2022,ok,ok,8603032.97,8603032.97,8603032.97,new_observed,16122346.09,16122346.09,16148174.992853992,new_observed,4993162483.96,31465601.44174421,1,
1501782,Breu Branco,2023,ok,ok,14898348.52,14898348.52,14898348.52,new_observed,14644256.87,14644256.87,14551283.791345507,new_observed,5209618188.91,36360416.98784482,1,
1501782,Breu Branco,2024,ok,ok,10482802.46,10482802.46,10482802.46,new_observed,24230033.46,24230033.46,24366516.7140835,new_observed,6098672862.01,37391364.47895506,2,
1501782,Breu Branco,2025,ok,ok,9840525.45,9840525.45,9840525.45,new_observed,26586679.7,26586679.7,27047707.672786172,new_observed,6324366489.04,36888233.12278617,1,
1501808,Breves,2019,ok,ok,2158162.69,2158162.69,2158162.69,new_observed,9756327.57,9756327.57,9779099.333246278,new_observed,3050343349.96,20799046.188556455,1,
1501808,Breves,2020,ok,ok,2633958.89,2633958.89,2633958.89,new_observed,10831571.55,10831571.55,11187576.227202017,new_observed,3458631628.6575,23575597.892706934,1,
1501808,Breves,2021,ok,ok,3564108.2,3564108.2,3564108.2,new_observed,12930276.3,12930276.3,12977808.604337947,new_observed,4235989112.455,22467910.245430727,1,
1501808,Breves,2022,ok,ok,3962272.08,3962272.08,3962272.08,new_observed,15459973.91,15459973.91,15484741.655464433,new_observed,4993162483.96,24722509.881157786,1,
1501808,Breves,2023,ok,ok,5031190.36,5031190.36,5031190.36,new_observed,15930641.12,15930641.12,15829501.078343092,new_observed,5209618188.91,25755956.18084185,1,
1501808,Breves,2024,ok,ok,6965810.4,6965810.4,6965810.4,new_observed,25232342.25,25232342.25,25374471.322339654,new_observed,6098672862.01,34699308.046493344,4,
1501808,Breves,2025,ok,ok,8242431.79,8242431.79,8242431.79,new_observed,29572432.84,29572432.84,30085235.45079688,new_observed,6324366489.04,38327667.24079688,1,
1501907,Bujaru,2019,ok,ok,338228.87,338228.87,338228.87,new_observed,4267085.94,4267085.94,4277045.534948,new_observed,3050343349.96,8041484.331536099,1,
1501907,Bujaru,2020,ok,ok,413631.33,413631.33,413631.33,new_observed,4728493.66,4728493.66,4883906.551962116,new_observed,3458631628.6575,9036089.107864888,2,
1501907,Bujaru,2021,ok,ok,1201973.07,1201973.07,1201973.07,new_observed,5847329.54,5847329.54,5868824.598636879,new_observed,4235989112.455,9603847.562627884,2,
1501907,Bujaru,2022,ok,ok,2513594.33,2513594.33,2513594.33,new_observed,6287297.62,6287297.62,6297370.223486775,new_observed,4993162483.96,11201162.358355563,1,
1501907,Bujaru,2023,ok,ok,2311531.64,2311531.64,2311531.64,new_observed,5912244.31,5912244.31,5874708.806482285,new_observed,5209618188.91,10107260.86662158,2,
1501907,Bujaru,2024,ok,ok,1019494.71,1019494.71,1019494.71,new_observed,11098115.38,11098115.38,11160628.991619939,new_observed,6098672862.01,13068589.44506217,2,
1501907,Bujaru,2025,ok,ok,997140.08,997140.08,997140.08,new_observed,11231088.45,11231088.45,11425841.837738208,new_observed,6324366489.04,12422981.917738209,2,
1501956,Cachoeira do Piriá,2019,ok,ok,656441.01,656441.01,656441.01,new_observed,4266090.72,4266090.72,4276047.992054056,new_observed,3050343349.96,8594187.375504214,1,
1501956,Cachoeira do Piriá,2020,ok,ok,876701.6,876701.6,876701.6,new_observed,4311384.44,4311384.44,4453088.071718704,new_observed,3458631628.6575,9091101.465043297,1,
1501956,Cachoeira do Piriá,2021,ok,ok,523581.31,523581.31,523581.31,new_observed,5294055.46,5294055.46,5313516.657074859,new_observed,4235989112.455,7928185.999800944,1,
1501956,Cachoeira do Piriá,2022,ok,ok,737747.77,737747.77,737747.77,new_observed,6977603.4,6977603.4,6988781.912070528,new_observed,4993162483.96,9822546.999269944,1,
1501956,Cachoeira do Piriá,2023,ok,ok,507062.78,507062.78,507062.78,new_observed,6808593.82,6808593.82,6765367.5959332725,new_observed,5209618188.91,8979011.968245573,1,
1501956,Cachoeira do Piriá,2024,ok,ok,1012543.61,1012543.61,1012543.61,new_observed,9698005.14,9698005.14,9752632.192076128,new_observed,6098672862.01,11550429.725318782,1,
1501956,Cachoeira do Piriá,2025,ok,ok,806947.06,806947.06,806947.06,new_observed,9674018.89,9674018.89,9841771.816197544,new_observed,6324366489.04,10648718.876197545,1,
1502004,Cachoeira do Arari,2019,ok,ok,122968.01,122968.01,122968.01,new_observed,4265095.67,4265095.67,4275050.619556901,new_observed,3050343349.96,7662945.861132207,1,
1502004,Cachoeira do Arari,2020,ok,ok,285250.55,285250.55,285250.55,new_observed,4777193.17,4777193.17,4934206.684111672,new_observed,3458631628.6575,8902905.786235653,2,
1502004,Cachoeira do Arari,2021,ok,ok,222944.06,222944.06,222944.06,new_observed,5979538.45,5979538.45,6001519.514813431,new_observed,4235989112.455,8454321.86481476,1,
1502004,Cachoeira do Arari,2022,ok,ok,419552.04,419552.04,419552.04,new_observed,8293721.58,8293721.58,8307008.5872253785,new_observed,4993162483.96,11093861.724469522,1,
1502004,Cachoeira do Arari,2023,ok,ok,456946.94,456946.94,456946.94,new_observed,9107087.89,9107087.89,9049269.046324505,new_observed,5209618188.91,11736987.870850714,1,
1502004,Cachoeira do Arari,2024,ok,ok,640741.48,640741.48,640741.48,new_observed,13202901.89,13202901.89,13277271.371010713,new_observed,6098672862.01,14933247.009368822,1,
1502004,Cachoeira do Arari,2025,ok,ok,607843.25,607843.25,607843.25,new_observed,12140673.03,12140673.03,12351199.125715539,new_observed,6324366489.04,12959042.375715539,1,
1502103,Cametá,2019,ok,ok,3655563.9,3655563.9,3655563.9,new_observed,8932065.99,8932065.99,8952913.884924093,new_observed,3050343349.96,21968547.838301383,1,
1502103,Cametá,2020,ok,ok,4475369.39,4475369.39,4475369.39,new_observed,9996873.89,9996873.89,10325444.29604036,new_observed,3458631628.6575,25245967.903570965,1,
1502103,Cametá,2021,ok,ok,3276298.63,3276298.63,3276298.63,new_observed,12420062.83,12420062.83,12465719.565605255,new_observed,4235989112.455,21381455.12907214,2,
1502103,Cametá,2022,ok,ok,4867584.62,4867584.62,4867584.62,new_observed,14288134.93,14288134.93,14311025.323681636,new_observed,4993162483.96,24381294.74732007,1,
1502103,Cametá,2023,ok,ok,8881288.46,8881288.46,8881288.46,new_observed,14444368.49,14444368.49,14352664.457514312,new_observed,5209618188.91,28686137.99403245,1,
1502103,Cametá,2024,ok,ok,9536873.04,9536873.04,9536873.04,new_observed,23002422.63,23002422.63,23131990.981505953,new_observed,6098672862.01,35051858.420521796,1,
1502103,Cametá,2025,ok,ok,9543744.02,9543744.02,9543744.02,new_observed,28684429.88,28684429.88,29181834.020243336,new_observed,6324366489.04,38725578.040243335,1,
1502152,Canaã dos Carajás,2019,ok,ok,53552997.45,53552997.45,53552997.45,new_observed,72155120.6,72155120.6,72323534.31013024,new_observed,3050343349.96,219322638.05852696,2,
1502152,Canaã dos Carajás,2020,ok,ok,75050511.62,75050511.62,75050511.62,new_observed,164628883.16,164628883.16,170039792.56838626,new_observed,3458631628.6575,418054174.87636703,2,
1502152,Canaã dos Carajás,2021,ok,ok,106950081.16,106950081.16,106950081.16,new_observed,277462237.04,277462237.04,278482201.2841727,new_observed,4235989112.455,523509943.25979316,1,
1502152,Canaã dos Carajás,2022,ok,ok,152899450.34,152899450.34,152899450.34,new_observed,481825067.12,481825067.12,482596977.9065436,new_observed,4993162483.96,807890966.7304991,1,
1502152,Canaã dos Carajás,2023,ok,ok,187253197.82,187253197.82,187253197.82,new_observed,786986304.45,786986304.45,781989906.1873113,new_observed,5209618188.91,1196690099.6153295,5,
1502152,Canaã dos Carajás,2024,ok,ok,270459345.0,270459345.0,270459345.0,new_observed,656005758.85,656005758.85,659700916.7957441,new_observed,6098672862.01,998009780.3032503,1,
1502152,Canaã dos Carajás,2025,ok,ok,289433357.32,289433357.32,289433357.32,new_observed,543272276.48,543272276.48,552692923.1768683,new_observed,6324366489.04,842126280.4968684,1,
1502202,Capanema,2019,ok,ok,6167259.98,6167259.98,6167259.98,new_observed,14936293.02,14936293.02,14971155.085258482,new_observed,3050343349.96,36830796.747110836,1,
1502202,Capanema,2020,ok,ok,5500832.27,5500832.27,5500832.27,new_observed,15202194.13,15202194.13,15701849.437545193,new_observed,3458631628.6575,36165729.345216855,1,
1502202,Capanema,2021,ok,ok,6583868.61,6583868.61,6583868.61,new_observed,17297563.82,17297563.82,17361150.478840176,new_observed,4235989112.455,32523107.574335214,1,
1502202,Capanema,2022,ok,ok,7858924.14,7858924.14,7858924.14,new_observed,19376419.44,19376419.44,19407461.550904963,new_observed,4993162483.96,34663084.97728629,1,
1502202,Capanema,2023,ok,ok,8832009.49,8832009.49,8832009.49,new_observed,17803005.11,17803005.11,17689977.852347266,new_observed,5209618188.91,32745757.533365585,1,
1502202,Capanema,2024,ok,ok,10591277.33,10591277.33,10591277.33,new_observed,23790561.28,23790561.28,23924569.06935479,new_observed,6098672862.01,37033566.898996525,1,
1502202,Capanema,2025,ok,ok,11186485.12,11186485.12,11186485.12,new_observed,29520802.17,29520802.17,30032709.47595279,new_observed,6324366489.04,41219194.59595279,1,
1502301,Capitão Poço,2019,ok,ok,896179.58,896179.58,896179.58,new_observed,6667352.05,6667352.05,6682913.987755046,new_observed,3050343349.96,13205533.804665495,1,
1502301,Capitão Poço,2020,ok,ok,1162617.56,1162617.56,1162617.56,new_observed,7801774.57,7801774.57,8058197.954600708,new_observed,3458631628.6575,15728082.081454547,1,
1502301,Capitão Poço,2021,ok,ok,1707117.63,1707117.63,1707117.63,new_observed,9959450.02,9959450.02,9996061.427088743,new_observed,4235989112.455,15895738.066577606,1,
1502301,Capitão Poço,2022,ok,ok,2438057.93,2438057.93,2438057.93,new_observed,10951625.43,10951625.43,10969170.548293933,new_observed,4993162483.96,17044279.550700173,1,
1502301,Capitão Poço,2023,ok,ok,2539821.03,2539821.03,2539821.03,new_observed,11014702.18,11014702.18,10944772.324137198,new_observed,5209618188.91,16648949.368344361,1,
1502301,Capitão Poço,2024,ok,ok,3870968.59,3870968.59,3870968.59,new_observed,16772275.93,16772275.93,16866751.028480228,new_observed,6098672862.01,22250409.79548386,1,
1502301,Capitão Poço,2025,ok,ok,2713761.05,2713761.05,2713761.05,new_observed,19878619.75,19878619.75,20223326.192043215,new_observed,6324366489.04,22937087.242043216,1,
1502400,Castanhal,2019,ok,ok,21077850.87,21077850.87,21077850.87,new_observed,73109891.81,73109891.81,73280534.0045464,new_observed,3050343349.96,164406578.44834405,1,
1502400,Castanhal,2020,ok,ok,22776012.21,22776012.21,22776012.21,new_observed,74278718.56,74278718.56,76720060.62212504,new_observed,3458631628.6575,169711930.33936405,1,
1502400,Castanhal,2021,ok,ok,21505989.78,21505989.78,21505989.78,new_observed,80927865.6,80927865.6,81225360.2434145,new_observed,4235989112.455,139533935.45738992,1,
1502400,Castanhal,2022,ok,ok,34197148.62,34197148.62,34197148.62,new_observed,97245913.84,97245913.84,97401707.24919116,new_observed,4993162483.96,167298386.2114519,1,
1502400,Castanhal,2023,ok,ok,32823654.84,32823654.84,32823654.84,new_observed,88439668.93,88439668.93,87878185.45094068,new_observed,5209618188.91,149026283.17325622,1,
1502400,Castanhal,2024,ok,ok,36672993.88,36672993.88,36672993.88,new_observed,101738255.18,101738255.18,102311327.77416983,new_observed,6098672862.01,149122380.32174012,1,
1502400,Castanhal,2025,ok,ok,49350984.31,49350984.31,49350984.31,new_observed,117813575.81,117813575.81,119856529.44826022,new_observed,6324366489.04,169207513.75826022,1,
1502509,Chaves,2019,ok,ok,254280.4,254280.4,254280.4,new_observed,5789694.39,5789694.39,5803207.830274677,new_observed,3050343349.96,10554344.643082382,1,
1502509,Chaves,2020,ok,ok,222817.73,222817.73,222817.73,new_observed,6542938.59,6542938.59,6757987.415549748,new_observed,3458631628.6575,11907263.09945061,1,
1502509,Chaves,2021,ok,ok,48167.05,48167.05,48167.05,new_observed,7567471.5,7567471.5,7595289.88145305,new_observed,4235989112.455,10381656.873988593,1,
1502509,Chaves,2022,ok,ok,67375.42,67375.42,67375.42,new_observed,9355489.64,9355489.64,9370477.659219671,new_observed,4993162483.96,11998110.31050066,1,
1502509,Chaves,2023,ok,ok,107290.65,107290.65,107290.65,new_observed,10418072.55,10418072.55,10351930.56087636,new_observed,5209618188.91,12913629.636355901,1,
1502509,Chaves,2024,ok,ok,444100.69,444100.69,444100.69,new_observed,14391190.7,14391190.7,14472253.589992072,new_observed,6098672862.01,16004411.357200433,1,
1502509,Chaves,2025,ok,ok,139607.79,139607.79,139607.79,new_observed,12810715.76,12810715.76,13032860.773345634,new_observed,6324366489.04,13172468.563345633,1,
1502608,Colares,2019,ok,ok,406737.06,406737.06,406737.06,new_observed,3042736.57,3042736.57,3049838.471437369,new_observed,3050343349.96,6022610.04178317,1,
1502608,Colares,2020,ok,ok,120753.74,120753.74,120753.74,new_observed,3144132.52,3144132.52,3247471.7148431484,new_observed,3458631628.6575,5745232.223628503,1,
1502608,Colares,2021,ok,ok,48341.14,48341.14,48341.14,new_observed,3923735.28,3923735.28,3938159.115588919,new_observed,4235989112.455,5414628.243836295,1,
1502608,Colares,2022,ok,ok,130906.88,130906.88,130906.88,new_observed,5123745.95,5123745.95,5131954.47843949,new_observed,4993162483.96,6690546.1016828185,1,
1502608,Colares,2023,ok,ok,693436.59,693436.59,693436.59,new_observed,5298923.69,5298923.69,5265282.020546375,new_observed,5209618188.91,7357018.62427764,4,
1502608,Colares,2024,ok,ok,376141.95,376141.95,376141.95,new_observed,9164875.78,9164875.78,9216499.813940786,new_observed,6098672862.01,10292366.479810555,6,
1502608,Colares,2025,ok,ok,514388.85,514388.85,514388.85,new_observed,8495933.08,8495933.08,8643257.335943075,new_observed,6324366489.04,9157646.185943075,1,
1502707,Conceição do Araguaia,2019,ok,ok,3311220.08,3311220.08,3311220.08,new_observed,11582374.39,11582374.39,11609408.23911448,new_observed,3050343349.96,25997153.867210794,1,
1502707,Conceição do Araguaia,2020,ok,ok,3979210.67,3979210.67,3979210.67,new_observed,11841447.73,11841447.73,12230644.326012256,new_observed,3458631628.6575,27649390.609979797,1,
1502707,Conceição do Araguaia,2021,ok,ok,3605576.03,3605576.03,3605576.03,new_observed,12942605.05,12942605.05,12990182.675403291,new_observed,4235989112.455,22541040.525004026,1,
1502707,Conceição do Araguaia,2022,ok,ok,12701641.87,12701641.87,12701641.87,new_observed,13085880.6,13085880.6,13106844.914801924,new_observed,4993162483.96,32809693.983576436,1,
1502707,Conceição do Araguaia,2023,ok,ok,43233863.28,43233863.28,43233863.28,new_observed,12600289.9,12600289.9,12520293.505895361,new_observed,5209618188.91,68837680.82767658,1,
1502707,Conceição do Araguaia,2024,ok,ok,17559392.32,17559392.32,17559392.32,new_observed,18912526.97,18912526.97,19019057.702946313,new_observed,6098672862.01,39246624.87812281,1,
1502707,Conceição do Araguaia,2025,ok,ok,6779140.79,6779140.79,6779140.79,new_observed,22983595.05,22983595.05,23382143.509333935,new_observed,6324366489.04,30161284.299333934,1,
1502756,Concórdia do Pará,2019,ok,ok,2036892.74,2036892.74,2036892.74,new_observed,6706842.13,6706842.13,6722496.239604124,new_observed,3050343349.96,15262037.10830281,1,
1502756,Concórdia do Pará,2020,ok,ok,3503629.46,3503629.46,3503629.46,new_observed,7408454.48,7408454.48,7651950.489193442,new_observed,3458631628.6575,19028238.535877578,1,
1502756,Concórdia do Pará,2021,ok,ok,4260294.42,4260294.42,4260294.42,new_observed,8743428.21,8743428.21,8775569.463674119,new_observed,4235989112.455,17705845.288330495,1,
1502756,Concórdia do Pará,2022,ok,ok,6266363.1,6266363.1,6266363.1,new_observed,9248366.1,9248366.1,9263182.501299264,new_observed,4993162483.96,19742329.06915991,1,
1502756,Concórdia do Pará,2023,ok,ok,2856920.17,2856920.17,2856920.17,new_observed,8576597.6,8576597.6,8522146.71933522,new_observed,5209618188.91,14049330.485848207,1,
1502756,Concórdia do Pará,2024,ok,ok,3289169.01,3289169.01,3289169.01,new_observed,13044485.7,13044485.7,13117962.852192989,new_observed,6098672862.01,17603932.07250278,1,
1502756,Concórdia do Pará,2025,ok,ok,2780483.61,,2780483.61,new_observed,13742198.27,,13980495.713739982,new_observed,6324366489.04,16760979.323739981,1,
1502764,Cumaru do Norte,2019,ok,ok,746741.8,746741.8,746741.8,new_observed,14017154.29,14017154.29,14049871.03885742,new_observed,3050343349.96,25781073.85682487,1,
1502764,Cumaru do Norte,2020,ok,ok,1198792.37,1198792.37,1198792.37,new_observed,14542699.26,14542699.26,15020678.741721865,new_observed,3458631628.6575,27665792.961479623,1,
1502764,Cumaru do Norte,2021,ok,ok,856847.88,856847.88,856847.88,new_observed,16609574.18,16609574.18,16670631.756538209,new_observed,4235989112.455,23806542.129330724,2,
1502764,Cumaru do Norte,2022,ok,ok,1044824.94,1044824.94,1044824.94,new_observed,16818714.99,16818714.99,16845659.51489611,new_observed,4993162483.96,22743732.52013883,1,
1502764,Cumaru do Norte,2023,ok,ok,1410999.05,1410999.05,1410999.05,new_observed,16458990.36,16458990.36,16354495.948375152,new_observed,5209618188.91,21934426.865069374,1,
1502764,Cumaru do Norte,2024,ok,ok,1759329.0,1759329.0,1759329.0,new_observed,22594091.84,22594091.84,22721360.14041219,new_observed,6098672862.01,26266406.117508385,1,
1502764,Cumaru do Norte,2025,ok,ok,1895268.5,1895268.5,1895268.5,new_observed,20379271.72,20379271.72,20732659.748664975,new_observed,6324366489.04,22627928.248664975,1,
1502772,Curionópolis,2019,ok,ok,10619159.03,10619159.03,10619159.03,new_observed,25576637.79,25576637.79,25636334.95947395,new_observed,3050343349.96,63170238.92141487,2,
1502772,Curionópolis,2020,ok,ok,7345636.4,7345636.4,7345636.4,new_observed,27230794.07,27230794.07,28125797.16425043,new_observed,3458631628.6575,60504151.47792397,2,
1502772,Curionópolis,2021,ok,ok,5908043.03,5908043.03,5908043.03,new_observed,26145203.37,26145203.37,26241314.368305612,new_observed,4235989112.455,43666576.55320703,3,
1502772,Curionópolis,2022,ok,ok,5504181.32,5504181.32,5504181.32,new_observed,23498835.73,23498835.73,23536482.183057386,new_observed,4993162483.96,36918680.68671204,1,
1502772,Curionópolis,2023,ok,ok,1376594.93,1376594.93,1376594.93,new_observed,34347588.6,34347588.6,34129523.51927597,new_observed,5209618188.91,43838145.712200224,6,
1502772,Curionópolis,2024,ok,ok,989833.5,989833.5,989833.5,new_observed,62909875.76,62909875.76,63264235.34319612,new_observed,6098672862.01,68941011.31130636,1,
1502772,Curionópolis,2025,ok,ok,6994305.72,,6994305.72,new_observed,57677988.71,,58678157.460269146,new_observed,6324366489.04,65672463.180269144,1,
1502806,Curralinho,2019,ok,ok,419025.78,419025.78,419025.78,new_observed,4570811.37,4570811.37,4581479.875502121,new_observed,3050343349.96,8712697.090202812,1,
1502806,Curralinho,2020,ok,ok,271892.1,271892.1,271892.1,new_observed,4927488.98,4927488.98,5089442.313885458,new_observed,3458631628.6575,9144907.80063817,1,
1502806,Curralinho,2021,ok,ok,382827.54,382827.54,382827.54,new_observed,6380212.25,6380212.25,6403666.210562907,new_observed,4235989112.455,9217694.313928483,1,
1502806,Curralinho,2022,ok,ok,1259671.77,1259671.77,1259671.77,new_observed,8497647.58,8497647.58,8511261.288117047,new_observed,4993162483.96,12421546.689037755,1,
1502806,Curralinho,2023,ok,ok,1383249.19,1383249.19,1383249.19,new_observed,8814062.11,8814062.11,8758103.62080569,new_observed,5209618188.91,12521168.791628273,1,
1502806,Curralinho,2024,ok,ok,1630822.68,1630822.68,1630822.68,new_observed,11868871.37,11868871.37,11935726.506190805,new_observed,6098672862.01,14556146.213604536,1,
1502806,Curralinho,2025,ok,ok,1169955.24,,1169955.24,new_observed,11973963.85,,12181599.114811964,new_observed,6324366489.04,13351554.354811965,1,
1502855,Curuá,2019,ok,ok,112717.69,112717.69,112717.69,new_observed,3351928.47,3351928.47,3359752.04100965,new_observed,3050343349.96,6050303.510385118,1,
1502855,Curuá,2020,ok,ok,282654.6,282654.6,282654.6,new_observed,3890734.29,3890734.29,4018612.2806125684,new_observed,3458631628.6575,7336734.852290983,1,
1502855,Curuá,2021,ok,ok,190523.3,190523.3,190523.3,new_observed,4382168.79,4382168.79,4398277.848751245,new_observed,4235989112.455,6232698.033956697,1,
1502855,Curuá,2022,ok,ok,418500.36,418500.36,418500.36,new_observed,5741356.89,5741356.89,5750554.865811589,new_observed,4993162483.96,7842568.05966064,1,
1502855,Curuá,2023,ok,ok,506998.33,506998.33,506998.33,new_observed,5864062.5,5864062.5,5826832.891909456,new_observed,5209618188.91,7820156.867307808,1,
1502855,Curuá,2024,ok,ok,593683.19,593683.19,593683.19,new_observed,9751250.52,9751250.52,9806177.493359327,new_observed,6098672862.01,11158467.096569037,1,
1502855,Curuá,2025,ok,ok,455329.15,455329.15,455329.15,new_observed,9482531.31,9482531.31,9646963.733907778,new_observed,6324366489.04,10102292.883907778,1,
1502905,Curuçá,2019,ok,ok,816444.24,816444.24,816444.24,new_observed,4571806.37,4571806.37,4582477.197882572,new_observed,3050343349.96,9406882.092077082,1,
1502905,Curuçá,2020,ok,ok,962482.39,962482.39,962482.39,new_observed,4989934.15,4989934.15,5153939.888976082,new_observed,3458631628.6575,10432872.395749139,1,
1502905,Curuçá,2021,ok,ok,885903.62,885903.62,885903.62,new_observed,6230526.72,6230526.72,6253430.42950857,new_observed,4235989112.455,9696936.487701427,1,
1502905,Curuçá,2022,ok,ok,1289678.68,1289678.68,1289678.68,new_observed,7056059.33,7056059.33,7067363.532871542,new_observed,4993162483.96,10624102.059854653,1,
1502905,Curuçá,2023,ok,ok,2387947.11,2387947.11,2387947.11,new_observed,6978953.14,6978953.14,6934645.34309564,new_observed,5209618188.91,11510274.404061155,1,
1502905,Curuçá,2024,ok,ok,2061246.34,2061246.34,2061246.34,new_observed,11614364.09,11614364.09,11679785.634205896,new_observed,6098672862.01,14743356.45692052,1,
1502905,Curuçá,2025,ok,ok,2899136.29,,2899136.29,new_observed,12599719.71,,12818205.933218587,new_observed,6324366489.04,15717342.223218586,1,
1502939,Dom Eliseu,2019,ok,ok,2849087.31,2849087.31,2849087.31,new_observed,17980514.65,17980514.65,18022482.08290119,new_observed,3050343349.96,36365854.66459916,1,
1502939,Dom Eliseu,2020,ok,ok,3034858.37,3034858.37,3034858.37,new_observed,18378835.38,18378835.38,18982898.357066873,new_observed,3458631628.6575,37556014.92128993,2,
1502939,Dom Eliseu,2021,ok,ok,4351988.65,4351988.65,4351988.65,new_observed,20653052.46,20653052.46,20728974.053031724,new_observed,4235989112.455,34065992.8076132,1,
1502939,Dom Eliseu,2022,ok,ok,5262014.94,5262014.94,5262014.94,new_observed,20203523.93,20203523.93,20235891.10869615,new_observed,4993162483.96,32414860.33859013,1,
1502939,Dom Eliseu,2023,ok,ok,6112843.87,6112843.87,6112843.87,new_observed,19406812.21,19406812.21,19283602.743377656,new_observed,5209618188.91,31356092.29715918,1,
1502939,Dom Eliseu,2024,ok,ok,7319322.56,7319322.56,7319322.56,new_observed,31869564.21,31869564.21,32049079.514293097,new_observed,6098672862.01,42240086.91706835,1,
1502939,Dom Eliseu,2025,ok,ok,7223939.6,7223939.6,7223939.6,new_observed,38905290.18,38905290.18,39579929.78391952,new_observed,6324366489.04,46803869.38391952,1,
1502954,Eldorado do Carajás,2019,ok,ok,2594479.22,2594479.22,2594479.22,new_observed,8529473.67,8529473.67,8549381.894035634,new_observed,3050343349.96,19416653.632828068,3,
1502954,Eldorado do Carajás,2020,ok,ok,2700697.44,2700697.44,2700697.44,new_observed,10242891.42,10242891.42,10579547.761765325,new_observed,3458631628.6575,22652311.638213363,4,
1502954,Eldorado do Carajás,2021,ok,ok,1079812.47,1079812.47,1079812.47,new_observed,13059981.65,13059981.65,13107990.757310089,new_observed,4235989112.455,19270456.57776741,1,
1502954,Eldorado do Carajás,2022,ok,ok,1941821.64,1941821.64,1941821.64,new_observed,14306168.87,14306168.87,14329088.15506517,new_observed,4993162483.96,20684807.120300982,1,
1502954,Eldorado do Carajás,2023,ok,ok,2583090.76,2583090.76,2583090.76,new_observed,12236900.99,12236900.99,12159211.669993522,new_observed,5209618188.91,18201798.176915564,1,
1502954,Eldorado do Carajás,2024,ok,ok,2492407.74,2492407.74,2492407.74,new_observed,17645794.73,17645794.73,17745190.196771257,new_observed,6098672862.01,21713807.28709067,1,
1502954,Eldorado do Carajás,2025,ok,ok,1126676.64,1126676.64,1126676.64,new_observed,17233454.01,17233454.01,17532291.79102363,new_observed,6324366489.04,18658968.43102363,1,
1503002,Faro,2019,ok,absent_dca,,,354137.7171001669,imputed_temporal,,,5277365.4100397555,imputed_temporal,3050343349.96,9812123.870975439,1,
1503002,Faro,2020,ok,absent_dca,,,360842.658606556,imputed_temporal,,,5976031.28866917,imputed_temporal,3458631628.6575,10808900.083161399,1,
1503002,Faro,2021,ok,ok,463372.03,463372.03,463372.03,new_observed,7314450.98,7314450.98,7341339.246111248,new_observed,4235989112.455,10600679.142406486,1,
1503002,Faro,2022,ok,ok,581963.76,581963.76,581963.76,new_observed,9855857.32,9855857.32,9871646.956312235,new_observed,4993162483.96,13289417.9920542,1,
1503002,Faro,2023,ok,ok,1275107.91,1275107.91,1275107.91,new_observed,10511244.22,10511244.22,10444510.704991492,new_observed,5209618188.91,14469797.628523592,1,
1503002,Faro,2024,ok,ok,2489166.13,2489166.13,2489166.13,new_observed,15074477.78,15074477.78,15159389.4985257,new_observed,6098672862.01,18935910.131755766,1,
1503002,Faro,2025,ok,ok,1125278.64,1125278.64,1125278.64,new_observed,13264467.91,13264467.91,13494481.240721945,new_observed,6324366489.04,14619759.880721945,1,
1503044,Floresta do Araguaia,2019,ok,ok,619498.87,619498.87,619498.87,new_observed,7314293.53,7314293.53,7331365.4619727535,new_observed,3050343349.96,13853293.507138392,1,
1503044,Floresta do Araguaia,2020,ok,ok,773942.26,773942.26,773942.26,new_observed,8372770.41,8372770.41,8647960.894902315,new_observed,3458631628.6575,16071080.258483648,1,
1503044,Floresta do Araguaia,2021,ok,ok,759915.52,759915.52,759915.52,new_observed,10255315.17,10255315.17,10293014.191307226,new_observed,4235989112.455,15012542.72041688,1,
1503044,Floresta do Araguaia,2022,ok,ok,3248909.85,3248909.85,3248909.85,new_observed,13432597.51,13432597.51,13454117.284741577,new_observed,4993162483.96,21234147.257830042,1,
1503044,Floresta do Araguaia,2023,ok,ok,4014145.62,4014145.62,4014145.62,new_observed,14668395.18,14668395.18,14575268.852668285,new_observed,5209618188.91,22951691.030984372,1,
1503044,Floresta do Araguaia,2024,ok,ok,1218479.82,1218479.82,1218479.82,new_observed,21113793.31,21113793.31,21232723.365204107,new_observed,6098672862.01,24088881.538705725,1,
1503044,Floresta do Araguaia,2025,ok,ok,833427.14,833427.14,833427.14,new_observed,20628882.74,20628882.74,20986599.164080806,new_observed,6324366489.04,21820026.304080807,1,
1503077,Garrafão do Norte,2019,ok,ok,388759.35,388759.35,388759.35,new_observed,3961369.95,3961369.95,3970615.988325907,new_observed,3050343349.96,7595615.212142003,1,
1503077,Garrafão do Norte,2020,ok,ok,358799.41,358799.41,358799.41,new_observed,5099193.95,5099193.95,5266790.765271023,new_observed,3458631628.6575,9595652.78073112,2,
1503077,Garrafão do Norte,2021,ok,ok,591407.16,591407.16,591407.16,new_observed,6143534.29,6143534.29,6166118.211240948,new_observed,4235989112.455,9178348.27233851,4,
1503077,Garrafão do Norte,2022,ok,ok,995167.05,995167.05,995167.05,new_observed,6592257.75,6592257.75,6602818.916722431,new_observed,4993162483.96,9659132.538001854,1,
1503077,Garrafão do Norte,2023,ok,ok,2039696.16,2039696.16,2039696.16,new_observed,7362985.03,7362985.03,7316239.101380815,new_observed,5209618188.91,11551441.587405842,1,
1503077,Garrafão do Norte,2024,ok,ok,1493953.12,1493953.12,1493953.12,new_observed,12567315.41,12567315.41,12638104.751049904,new_observed,6098672862.01,15162905.308264444,1,
1503077,Garrafão do Norte,2025,ok,ok,1899022.41,1899022.41,1899022.41,new_observed,13706035.76,13706035.76,13943706.12548635,new_observed,6324366489.04,15842728.53548635,1,
1503093,Goianésia do Pará,2019,ok,ok,1852513.58,1852513.58,1852513.58,new_observed,9140582.11,9140582.11,9161916.692121055,new_observed,3050343349.96,19191138.095516186,3,
1503093,Goianésia do Pará,2020,ok,ok,1441748.25,1441748.25,1441748.25,new_observed,9274108.24,9274108.24,9578923.279542232,new_observed,3458631628.6575,18798123.239199784,2,
1503093,Goianésia do Pará,2021,ok,ok,1501598.96,1501598.96,1501598.96,new_observed,11208169.84,11208169.84,11249371.5999273,new_observed,4235989112.455,17318891.484658398,1,
1503093,Goianésia do Pará,2022,ok,ok,3605728.58,3605728.58,3605728.58,new_observed,11292948.38,11292948.38,11311040.316807082,new_observed,4993162483.96,18963321.128001098,2,
1503093,Goianésia do Pará,2023,ok,ok,2971697.87,2971697.87,2971697.87,new_observed,11219008.91,11219008.91,11147781.956862373,new_observed,5209618188.91,17432821.188684065,2,
1503093,Goianésia do Pará,2024,ok,ok,4254809.96,4254809.96,4254809.96,new_observed,16403902.41,16403902.41,16496302.529227277,new_observed,6098672862.01,22264779.594475366,3,
1503093,Goianésia do Pará,2025,ok,ok,3691637.23,3691637.23,3691637.23,new_observed,17494639.96,17494639.96,17798006.852232985,new_observed,6324366489.04,21489644.082232986,1,
1503101,Gurupá,2019,ok,ok,63076.61,63076.61,63076.61,new_observed,2314005.43,2314005.43,2319406.43600605,new_observed,3050343349.96,4151150.8100294443,1,
1503101,Gurupá,2020,ok,ok,497691.15,497691.15,497691.15,new_observed,6934109.36,6934109.36,7162014.918578918,new_observed,3458631628.6575,13065274.495044664,1,
1503101,Gurupá,2021,ok,ok,606379.31,606379.31,606379.31,new_observed,7972637.62,7972637.62,8001945.411182313,new_observed,4235989112.455,11692179.90192809,1,
1503101,Gurupá,2022,ok,ok,1398041.21,1398041.21,1398041.21,new_observed,9992555.23,9992555.23,10008563.86403242,new_observed,4993162483.96,14500936.261435531,1,
1503101,Gurupá,2023,ok,ok,1766325.58,1766325.58,1766325.58,new_observed,10666015.61,10666015.61,10598299.486400034,new_observed,5209618188.91,15266164.227777516,1,
1503101,Gurupá,2024,ok,ok,2179266.44,2179266.44,2179266.44,new_observed,15484170.44,15484170.44,15571389.880778879,new_observed,6098672862.01,19045458.44684685,1,
1503101,Gurupá,2025,ok,ok,3904174.44,3904174.44,3904174.44,new_observed,14881252.49,14881252.49,15139301.774280649,new_observed,6324366489.04,19043476.21428065,1,
1503200,Igarapé-Açu,2019,ok,ok,955408.66,955408.66,955408.66,new_observed,7007582.14,7007582.14,7023938.192036589,new_observed,3050343349.96,13902920.402252242,1,
1503200,Igarapé-Açu,2020,ok,ok,1000452.9,1000452.9,1000452.9,new_observed,7486434.83,7486434.83,7732493.843943186,new_observed,3458631628.6575,14895917.067662697,1,
1503200,Igarapé-Açu,2021,ok,ok,1000450.18,1000450.18,1000450.18,new_observed,9020694.51,9020694.51,9053855.007644508,new_observed,4235989112.455,13656169.91115114,1,
1503200,Igarapé-Açu,2022,ok,ok,2725116.82,2725116.82,2725116.82,new_observed,7837909.82,7837909.82,7850466.591216114,new_observed,4993162483.96,13444478.876774685,1,
1503200,Igarapé-Açu,2023,ok,ok,2559374.1,2559374.1,2559374.1,new_observed,8481512.71,8481512.71,8427665.501821667,new_observed,5209618188.91,13565308.291821864,1,
1503200,Igarapé-Açu,2024,ok,ok,4378226.15,4378226.15,4378226.15,new_observed,13477024.01,13477024.01,13552937.569726726,new_observed,6098672862.01,19239132.75972199,1,
1503200,Igarapé-Açu,2025,ok,ok,1973532.6,1973532.6,1973532.6,new_observed,15023567.96,15023567.96,15284085.074538905,new_observed,6324366489.04,17257617.674538907,1,
1503309,Igarapé-Miri,2019,ok,ok,1539328.31,1539328.31,1539328.31,new_observed,5800961.08,5800961.08,5814500.817300418,new_observed,3050343349.96,12813041.330886237,1,
1503309,Igarapé-Miri,2020,ok,ok,3038403.03,3038403.03,3038403.03,new_observed,6571769.97,6571769.97,6787766.405606405,new_observed,3458631628.6575,16760643.262494538,1,
1503309,Igarapé-Miri,2021,ok,ok,4017005.88,4017005.88,4017005.88,new_observed,8435451.78,8435451.78,8466460.897820245,new_observed,4235989112.455,16955556.870067757,1,
1503309,Igarapé-Miri,2022,ok,ok,3093098.18,3093098.18,3093098.18,new_observed,10649622.51,10649622.51,10666683.802674586,new_observed,4993162483.96,17492472.142850846,1,
1503309,Igarapé-Miri,2023,ok,ok,2943342.68,2943342.68,2943342.68,new_observed,11122624.59,11122624.59,11052009.559136337,new_observed,5209618188.91,17279565.256599806,1,
1503309,Igarapé-Miri,2024,ok,ok,3324260.28,3324260.28,3324260.28,new_observed,18486759.57,18486759.57,18590892.0346843,new_observed,6098672862.01,23513729.026292425,1,
1503309,Igarapé-Miri,2025,ok,ok,4176727.7,4176727.7,4176727.7,new_observed,21180092.21,21180092.21,21547366.916175533,new_observed,6324366489.04,25724094.616175532,1,
1503408,Inhangapi,2019,ok,ok,375422.72,375422.72,375422.72,new_observed,3654514.37,3654514.37,3663044.1918429704,new_observed,3050343349.96,7036476.175760154,1,
1503408,Inhangapi,2020,ok,ok,891763.43,891763.43,891763.43,new_observed,3872932.21,3872932.21,4000225.09403642,new_observed,3458631628.6575,8344337.539965447,1,
1503408,Inhangapi,2021,ok,ok,433735.43,433735.43,433735.43,new_observed,5354697.86,5354697.86,5374381.981391843,new_observed,4235989112.455,7888823.419777693,1,
1503408,Inhangapi,2022,ok,ok,745934.15,745934.15,745934.15,new_observed,6181028.44,6181028.44,6190930.794299016,new_observed,4993162483.96,8818665.655433796,1,
1503408,Inhangapi,2023,ok,ok,1351765.22,1351765.22,1351765.22,new_observed,6066054.1,6066054.1,6027542.092872,new_observed,5209618188.91,9110969.133360283,1,
1503408,Inhangapi,2024,ok,ok,1593075.66,1593075.66,1593075.66,new_observed,9588348.82,9588348.82,9642358.198501341,new_observed,6098672862.01,12054990.239087343,6,
1503408,Inhangapi,2025,ok,ok,1616181.3,1616181.3,1616181.3,new_observed,9037489.89,9037489.89,9194205.045486761,new_observed,6324366489.04,10810386.345486762,1,
1503457,Ipixuna do Pará,2019,ok,ok,3799781.12,3799781.12,3799781.12,new_observed,10360505.61,10360505.61,10384687.555426689,new_observed,3050343349.96,24714496.386676595,1,
1503457,Ipixuna do Pará,2020,ok,ok,5200446.79,5200446.79,5200446.79,new_observed,10742470.23,10742470.23,11095546.386024969,new_observed,3458631628.6575,27796317.783985376,1,
1503457,Ipixuna do Pará,2021,ok,ok,8506626.58,8506626.58,8506626.58,new_observed,14468867.23,14468867.23,14522055.467021799,new_observed,4235989112.455,31278500.999797266,1,
1503457,Ipixuna do Pará,2022,ok,ok,6653325.17,6653325.17,6653325.17,new_observed,14436436.45,14436436.45,14459564.431035971,new_observed,4993162483.96,26840296.864167344,1,
1503457,Ipixuna do Pará,2023,ok,ok,4866041.63,4866041.63,4866041.63,new_observed,13172134.03,13172134.03,13088507.126696527,new_observed,5209618188.91,22167844.83827226,1,
1503457,Ipixuna do Pará,2024,ok,ok,5190167.82,5190167.82,5190167.82,new_observed,17834541.73,17834541.73,17935000.37337813,new_observed,6098672862.01,24812008.184044547,1,
1503457,Ipixuna do Pará,2025,ok,ok,6459806.33,6459806.33,6459806.33,new_observed,19421612.55,19421612.55,19758394.23026995,new_observed,6324366489.04,26218200.56026995,1,
1503507,Irituia,2019,ok,ok,184094.7,184094.7,184094.7,new_observed,4875532.29,4875532.29,4886912.029580378,new_observed,3050343349.96,8835535.568007939,1,
1503507,Irituia,2020,ok,ok,810877.15,810877.15,810877.15,new_observed,5497326.23,5497326.23,5678008.584444246,new_observed,3458631628.6575,11068188.84803792,1,
1503507,Irituia,2021,ok,ok,386679.8,386679.8,386679.8,new_observed,6522686.44,6522686.44,6546664.142391951,new_observed,4235989112.455,9417152.2708609,1,
1503507,Irituia,2022,ok,ok,698170.65,698170.65,698170.65,new_observed,6803750.92,6803750.92,6814650.910644937,new_observed,4993162483.96,9550865.124844527,1,
1503507,Irituia,2023,ok,ok,694796.44,694796.44,694796.44,new_observed,6693201.97,6693201.97,6650708.342721308,new_observed,5209618188.91,9069234.347725969,1,
1503507,Irituia,2024,ok,ok,1003403.59,1003403.59,1003403.59,new_observed,10550984.71,10550984.71,10610416.436719788,new_observed,6098672862.01,12460977.370685969,1,
1503507,Irituia,2025,ok,ok,1378225.76,1378225.76,1378225.76,new_observed,10997333.0,10997333.0,11188032.936820032,new_observed,6324366489.04,12566258.696820032,1,
1503606,Itaituba,2019,ok,ok,14259947.74,14259947.74,14259947.74,new_observed,44170574.51,44170574.51,44273670.87059029,new_observed,3050343349.96,101986823.66979976,1,
1503606,Itaituba,2020,ok,ok,22512285.67,22512285.67,22512285.67,new_observed,54892049.07,54892049.07,56696203.35360648,new_observed,3458631628.6575,135107097.08253193,1,
1503606,Itaituba,2021,ok,ok,26834522.17,26834522.17,26834522.17,new_observed,68142120.98,68142120.98,68392614.6243357,new_observed,4235989112.455,129341405.0942036,1,
1503606,Itaituba,2022,ok,ok,35476844.69,35476844.69,35476844.69,new_observed,92558860.94,92558860.94,92707145.42751502,new_observed,4993162483.96,162957151.4369486,1,
1503606,Itaituba,2023,ok,ok,41777971.58,41777971.58,41777971.58,new_observed,99961782.73,99961782.73,99327147.9533294,new_observed,5209618188.91,174217488.7315981,1,
1503606,Itaituba,2024,ok,ok,40824553.59,40824553.59,40824553.59,new_observed,114550485.28,114550485.28,115195726.77393636,new_observed,6098672862.01,167401008.3254409,1,
1503606,Itaituba,2025,ok,ok,56123589.47,56123589.47,56123589.47,new_observed,121144624.73,121144624.73,123245340.62921825,new_observed,6324366489.04,179368930.09921825,1,
1503705,Itupiranga,2019,ok,ok,2220140.12,2220140.12,2220140.12,new_observed,10950076.89,10950076.89,10975634.92468862,new_observed,3050343349.96,22991832.977596093,1,
1503705,Itupiranga,2020,ok,ok,2740000.0,2740000.0,2740000.0,new_observed,13660590.26,13660590.26,14109577.187100185,new_observed,3458631628.6575,28740574.260149013,1,
1503705,Itupiranga,2021,ok,ok,2300535.91,2300535.91,2300535.91,new_observed,16584746.46,16584746.46,16645712.768670794,new_observed,4235989112.455,25733572.465335757,1,
1503705,Itupiranga,2022,ok,ok,2940758.92,2940758.92,2940758.92,new_observed,15019831.28,15019831.28,15043893.892280422,new_observed,4993162483.96,22863446.43496373,1,
1503705,Itupiranga,2023,ok,ok,3500398.42,3500398.42,3500398.42,new_observed,12993998.9,12993998.9,12911502.936395256,new_observed,5209618188.91,20263192.781935386,1,
1503705,Itupiranga,2024,ok,ok,2889123.12,2889123.12,2889123.12,new_observed,18719422.13,18719422.13,18824865.139440443,new_observed,6098672862.01,23297891.280019276,1,
1503705,Itupiranga,2025,ok,ok,4290786.35,4290786.35,4290786.35,new_observed,20000672.02,20000672.02,20347494.917021684,new_observed,6324366489.04,24638281.267021686,2,
1503754,Jacareacanga,2019,ok,ok,2408545.89,2408545.89,2408545.89,new_observed,22822207.97,22822207.97,22875476.16060977,new_observed,3050343349.96,44053949.84536841,1,
1503754,Jacareacanga,2020,ok,ok,3745190.24,3745190.24,3745190.24,new_observed,42702670.8,42702670.8,44106192.94483759,new_observed,3458631628.6575,81620815.56132838,1,
1503754,Jacareacanga,2021,ok,ok,1835013.38,1835013.38,1835013.38,new_observed,60714222.65,60714222.65,60937410.99042561,new_observed,4235989112.455,85260082.81416076,1,
1503754,Jacareacanga,2022,ok,ok,2699099.44,2699099.44,2699099.44,new_observed,62934195.48,62934195.48,63035019.59158853,new_observed,4993162483.96,83566167.50488651,2,
1503754,Jacareacanga,2023,ok,ok,4414063.52,4414063.52,4414063.52,new_observed,55959936.01,55959936.01,55604659.01791061,new_observed,5209618188.91,74102988.97740239,1,
1503754,Jacareacanga,2024,ok,ok,3295284.48,3295284.48,3295284.48,new_observed,67931234.17,67931234.17,68313878.12749743,new_observed,6098672862.01,76832614.3106098,1,
1503754,Jacareacanga,2025,ok,ok,4610174.99,4610174.99,4610174.99,new_observed,64729112.26,64729112.26,65851551.45670331,new_observed,6324366489.04,70461726.44670331,1,
1503804,Jacundá,2019,ok,ok,823585.21,823585.21,823585.21,new_observed,7929014.12,7929014.12,7947520.840999429,new_observed,3050343349.96,15282452.50244185,1,
1503804,Jacundá,2020,ok,ok,1276593.86,1276593.86,1276593.86,new_observed,8656334.61,8656334.61,8940845.0888682,new_observed,3458631628.6575,17428037.487095155,5,
1503804,Jacundá,2021,ok,ok,2261885.3,2261885.3,2261885.3,new_observed,10615330.66,10615330.66,10654353.11519526,new_observed,4235989112.455,17543365.067891605,1,
1503804,Jacundá,2022,ok,ok,3755173.48,3755173.48,3755173.48,new_observed,11471458.97,11471458.97,11489836.890786199,new_observed,4993162483.96,19380606.43433354,1,
1503804,Jacundá,2023,ok,ok,3993452.73,3993452.73,3993452.73,new_observed,11313639.28,11313639.28,11241811.54002073,new_observed,5209618188.91,18810440.68467208,1,
1503804,Jacundá,2024,ok,ok,4002690.89,4002690.89,4002690.89,new_observed,16079869.77,16079869.77,16170444.673871737,new_observed,6098672862.01,21644642.777212474,1,
1503804,Jacundá,2025,ok,ok,5226700.98,5226700.98,5226700.98,new_observed,16945697.17,16945697.17,17239545.08564377,new_observed,6324366489.04,22466246.06564377,1,
1503903,Juruti,2019,ok,ok,14340925.2,14340925.2,14340925.2,new_observed,28040727.27,28040727.27,28106175.749262765,new_observed,3050343349.96,73958267.1046996,1,
1503903,Juruti,2020,ok,ok,19906901.16,19906901.16,19906901.16,new_observed,27281883.92,27281883.92,28178566.200458415,new_observed,3458631628.6575,82020096.41911197,1,
1503903,Juruti,2021,ok,ok,21570155.19,21570155.19,21570155.19,new_observed,29095707.14,29095707.14,29202664.32905143,new_observed,4235989112.455,68961727.06915975,1,
1503903,Juruti,2022,ok,ok,39678859.09,39678859.09,39678859.09,new_observed,35391679.01,35391679.01,35448378.46514666,new_observed,4993162483.96,95507407.87589848,1,
1503903,Juruti,2023,ok,ok,39710639.71,39710639.71,39710639.71,new_observed,31619436.58,31619436.58,31418691.920147344,new_observed,5209618188.91,87820864.13834392,1,
1503903,Juruti,2024,ok,ok,35258588.09,35258588.09,35258588.09,new_observed,37281658.57,37281658.57,37491659.19123989,new_observed,6098672862.01,78056934.1523869,1,
1503903,Juruti,2025,ok,ok,39471893.2,39471893.2,39471893.2,new_observed,38874111.96,38874111.96,39548210.9160566,new_observed,6324366489.04,79020104.1160566,1,
1504000,Limoeiro do Ajuru,2019,ok,ok,471522.25,471522.25,471522.25,new_observed,3641867.83,3641867.83,3650368.134177363,new_observed,3050343349.96,7181830.164883778,1,
1504000,Limoeiro do Ajuru,2020,ok,ok,499493.15,499493.15,499493.15,new_observed,4629946.15,4629946.15,4782120.049880065,new_observed,3458631628.6575,9008926.140933065,1,
1504000,Limoeiro do Ajuru,2021,ok,ok,244422.48,244422.48,244422.48,new_observed,5585706.41,5585706.41,5606239.729695771,new_observed,4235989112.455,7946609.510773625,2,
1504000,Limoeiro do Ajuru,2022,ok,ok,378474.58,378474.58,378474.58,new_observed,6934625.52,6934625.52,6945735.17909583,new_observed,4993162483.96,9311087.584141852,1,
1504000,Limoeiro do Ajuru,2023,ok,ok,487796.87,487796.87,487796.87,new_observed,7492008.02,7492008.02,7444442.953564264,new_observed,5209618188.91,9793655.302150283,2,
1504000,Limoeiro do Ajuru,2024,ok,ok,679191.1,679191.1,679191.1,new_observed,11784021.88,11784021.88,11850399.074857311,new_observed,6098672862.01,13443547.366297865,2,
1504000,Limoeiro do Ajuru,2025,ok,ok,840288.1,840288.1,840288.1,new_observed,11761954.06,11761954.06,11965912.9558634,new_observed,6324366489.04,12806201.055863399,6,
1504059,Mãe do Rio,2019,ok,ok,917817.72,917817.72,917817.72,new_observed,5488130.2,5488130.2,5500939.774164303,new_observed,3050343349.96,11183806.917724043,1,
1504059,Mãe do Rio,2020,ok,ok,1144591.94,1144591.94,1144591.94,new_observed,5946803.04,5946803.04,6142258.490473312,new_observed,3458631628.6575,12429289.091001794,1,
1504059,Mãe do Rio,2021,ok,ok,1048189.34,1048189.34,1048189.34,new_observed,7011005.4,7011005.4,7036778.185875257,new_observed,4235989112.455,10981334.681900403,1,
1504059,Mãe do Rio,2022,ok,ok,1697630.7,1697630.7,1697630.7,new_observed,7815623.97,7815623.97,7828145.03803424,new_observed,4993162483.96,12109884.222469306,1,
1504059,Mãe do Rio,2023,ok,ok,3003606.78,3003606.78,3003606.78,new_observed,7887842.45,7887842.45,7837764.320189233,new_observed,5209618188.91,13385456.55699021,1,
1504059,Mãe do Rio,2024,ok,ok,3315289.07,3315289.07,3315289.07,new_observed,14167371.38,14167371.38,14247173.53755558,new_observed,6098672862.01,18843537.149944916,1,
1504059,Mãe do Rio,2025,ok,absent_dca,,,3707807.8670442887,imputed_temporal,,,14109352.22833072,imputed_temporal,6324366489.04,17817160.09537501,1,
1504109,Magalhães Barata,2019,ok,ok,189192.77,189192.77,189192.77,new_observed,2743272.4,2743272.4,2749675.3368801572,new_observed,3050343349.96,5120575.671208484,3,
1504109,Magalhães Barata,2020,ok,ok,415202.64,415202.64,415202.64,new_observed,3051228.76,3051228.76,3151514.4576717564,new_observed,3458631628.6575,6083802.3691810025,1,
1504109,Magalhães Barata,2021,ok,ok,174936.0,174936.0,174936.0,new_observed,4254144.92,4254144.92,4269783.356978734,new_observed,4235989112.455,6037000.231589762,1,
1504109,Magalhães Barata,2022,ok,ok,256066.89,256066.89,256066.89,new_observed,5339155.01,5339155.01,5347708.635837447,new_observed,4993162483.96,7123941.891225175,1,
1504109,Magalhães Barata,2023,ok,ok,233869.3,233869.3,233869.3,new_observed,5239050.3,5239050.3,5205788.753173778,new_observed,5209618188.91,6716152.955447546,1,
1504109,Magalhães Barata,2024,ok,ok,496116.0,496116.0,496116.0,new_observed,8642605.25,8642605.25,8691287.431567205,new_observed,6098672862.01,9857568.482439836,1,
1504109,Magalhães Barata,2025,ok,ok,524856.61,524856.61,524856.61,new_observed,8018443.51,8018443.51,8157487.828359005,new_observed,6324366489.04,8682344.438359005,1,
1504208,Marabá,2019,ok,ok,90741147.58,90741147.58,90741147.58,new_observed,191350694.11,191350694.11,191797316.33255458,new_observed,3050343349.96,492284625.1943895,1,
1504208,Marabá,2020,ok,ok,101486835.27,101486835.27,101486835.27,new_observed,208474207.66,208474207.66,215326195.17264715,new_observed,3458631628.6575,540392695.1348498,1,
1504208,Marabá,2021,ok,ok,153908147.1,153908147.1,153908147.1,new_observed,244336033.34,244336033.34,245234224.1000415,new_observed,4235989112.455,542131548.4381585,1,
1504208,Marabá,2022,ok,ok,187348711.24,187348711.24,187348711.24,new_observed,305840000.39,305840000.39,306329973.22737986,new_observed,4993162483.96,627601559.8530813,1,
1504208,Marabá,2023,ok,ok,190885820.97,190885820.97,190885820.97,new_observed,287113969.3,287113969.3,285291147.5694404,new_observed,5209618188.91,587918821.9756373,1,
1504208,Marabá,2024,ok,ok,212778274.12,212778274.12,212778274.12,new_observed,278362694.62,278362694.62,279930659.70101845,new_observed,6098672862.01,528649045.75351876,1,
1504208,Marabá,2025,ok,ok,244157530.17,244157530.17,244157530.17,new_observed,309806390.12,309806390.12,315178607.09499985,new_observed,6324366489.04,559336137.2649999,2,
1504307,Maracanã,2019,ok,ok,239310.59,239310.59,239310.59,new_observed,4265095.22,4265095.22,4275050.168506579,new_observed,3050343349.96,7865656.106495597,1,
1504307,Maracanã,2020,ok,ok,225561.43,225561.43,225561.43,new_observed,4684459.85,4684459.85,4838425.468845498,new_observed,3458631628.6575,8637717.724461103,1,
1504307,Maracanã,2021,ok,ok,768853.33,768853.33,768853.33,new_observed,5625826.12,5625826.12,5646506.9216382615,new_observed,4235989112.455,8713605.56523372,1,
1504307,Maracanã,2022,ok,ok,2025914.55,2025914.55,2025914.55,new_observed,6319275.96,6319275.96,6329399.794581348,new_observed,4993162483.96,10621905.463428142,6,
1504307,Maracanã,2023,ok,ok,1105921.9,1105921.9,1105921.9,new_observed,6137756.19,6137756.19,6098788.962500462,new_observed,5209618188.91,8895401.085753083,1,
1504307,Maracanã,2024,ok,ok,901765.8,901765.8,901765.8,new_observed,11132454.79,11132454.79,11195161.829104377,new_observed,6098672862.01,12979324.726428576,1,
1504307,Maracanã,2025,ok,ok,1383121.56,1383121.56,1383121.56,new_observed,11470510.69,11470510.69,11669415.793980801,new_observed,6324366489.04,13052537.353980802,1,
1504406,Marapanim,2019,ok,ok,492457.15,492457.15,492457.15,new_observed,3698726.1,3698726.1,3707359.1142625613,new_observed,3050343349.96,7317605.351523704,2,
1504406,Marapanim,2020,ok,absent_dca,,,388328.55699940596,imputed_temporal,,,4455939.806050458,imputed_temporal,3458631628.6575,8262940.552058214,2,
1504406,Marapanim,2021,ok,ok,352871.44,352871.44,352871.44,new_observed,5769409.96,5769409.96,5790618.582592937,new_observed,4235989112.455,8344340.263222699,1,
1504406,Marapanim,2022,ok,ok,767546.53,767546.53,767546.53,new_observed,6247203.76,6247203.76,6257212.130873902,new_observed,4993162483.96,8930402.773845535,1,
1504406,Marapanim,2023,ok,ok,1200084.98,1200084.98,1200084.98,new_observed,6108721.43,6108721.43,6069938.5376325995,new_observed,5209618188.91,8976040.305627923,1,
1504406,Marapanim,2024,ok,ok,1101915.73,1101915.73,1101915.73,new_observed,10762915.09,10762915.09,10823540.580977246,new_observed,6098672862.01,12795345.621363403,1,
1504406,Marapanim,2025,ok,absent_dca,,,1232378.7537820498,imputed_temporal,,,10718838.091786213,imputed_temporal,6324366489.04,11951216.845568262,1,
1504422,Marituba,2019,ok,ok,24644535.81,24644535.81,24644535.81,new_observed,39932351.28,39932351.28,40025555.412670925,new_observed,3050343349.96,112678787.79397902,1,
1504422,Marituba,2020,ok,ok,17849310.87,17849310.87,17849310.87,new_observed,39614836.67,39614836.67,40916869.9969288,new_observed,3458631628.6575,100238348.2052221,1,
1504422,Marituba,2021,ok,ok,20535611.49,20535611.49,20535611.49,new_observed,46491241.76,46491241.76,46662145.75316411,new_observed,4235989112.455,91270751.52727923,1,
1504422,Marituba,2022,ok,ok,21814940.35,21814940.35,21814940.35,new_observed,53503623.63,53503623.63,53589339.436456546,new_observed,4993162483.96,95859604.84527515,1,
1504422,Marituba,2023,ok,ok,20054181.68,20054181.68,20054181.68,new_observed,47072424.75,47072424.75,46773572.55916572,new_observed,5209618188.91,82509859.03009607,1,
1504422,Marituba,2024,ok,ok,24802323.58,24802323.58,24802323.58,new_observed,55878424.2,55878424.2,56193176.92951911,new_observed,6098672862.01,86903628.31992014,1,
1504422,Marituba,2025,ok,ok,29922056.39,29922056.39,29922056.39,new_observed,67754343.24,67754343.24,68929241.64265369,new_observed,6324366489.04,98851298.03265369,1,
1504455,Medicilândia,2019,ok,ok,3643408.38,3643408.38,3643408.38,new_observed,10975918.37,10975918.37,11001536.720013242,new_observed,3050343349.96,25516813.568377573,1,
1504455,Medicilândia,2020,ok,ok,2177446.99,2177446.99,2177446.99,new_observed,11816579.0,11816579.0,12204958.227622524,new_observed,3458631628.6575,24532282.359767262,1,
1504455,Medicilândia,2021,ok,ok,1753309.6,1753309.6,1753309.6,new_observed,14936000.89,14936000.89,14990906.33234506,new_observed,4235989112.455,22742681.222975526,1,
1504455,Medicilândia,2022,ok,ok,2153487.14,2153487.14,2153487.14,new_observed,15969375.31,15969375.31,15994959.145083208,new_observed,4993162483.96,23071673.045224786,1,
1504455,Medicilândia,2023,ok,ok,2305415.93,2305415.93,2305415.93,new_observed,13968276.98,13968276.98,13879595.544959778,new_observed,5209618188.91,19983059.888862275,1,
1504455,Medicilândia,2024,ok,ok,2250509.16,2250509.16,2250509.16,new_observed,18412893.14,18412893.14,18516609.528876953,new_observed,6098672862.01,22281953.34877554,1,
1504455,Medicilândia,2025,ok,ok,2603347.42,2603347.42,2603347.42,new_observed,18978791.22,18978791.22,19307894.129457645,new_observed,6324366489.04,21911241.549457647,1,
1504505,Melgaço,2019,ok,ok,760265.32,760265.32,760265.32,new_observed,4806337.1,4806337.1,4817555.334498351,new_observed,3050343349.96,9718589.505572919,1,
1504505,Melgaço,2020,ok,ok,482805.08,482805.08,482805.08,new_observed,5456301.21,5456301.21,5635635.182177196,new_observed,3458631628.6575,10436314.499690581,1,
1504505,Melgaço,2021,ok,ok,266374.27,266374.27,266374.27,new_observed,6947049.7,6947049.7,6972587.381711508,new_observed,4235989112.455,9832254.785498457,1,
1504505,Melgaço,2022,api_error,api_error,,277676.03,277676.03,legacy_snapshot,,8259428.56,8272660.627883597,legacy_snapshot,4993162483.96,10869832.529930312,6,HTTP 429: Too Many Requests | HTTP 429: Too Many Requests | HTTP 429: Too Many Requests
1504505,Melgaço,2023,ok,ok,334827.58,334827.58,334827.58,new_observed,8846309.41,8846309.41,8790146.18998282,new_observed,5209618188.91,11266281.62185577,2,
1504505,Melgaço,2024,ok,ok,1088192.03,1088192.03,1088192.03,new_observed,13127678.72,13127678.72,13201624.482940285,new_observed,6098672862.01,15332171.48098827,1,
1504505,Melgaço,2025,ok,ok,1276591.35,1276591.35,1276591.35,new_observed,13488737.04,13488737.04,13722639.323518196,new_observed,6324366489.04,14999230.673518196,1,
1504604,Mocajuba,2019,ok,ok,786342.02,786342.02,786342.02,new_observed,3961369.94,3961369.94,3970615.9783025663,new_observed,3050343349.96,8288348.612189703,1,
1504604,Mocajuba,2020,ok,ok,685710.08,685710.08,685710.08,new_observed,4886985.81,4886985.81,5047607.913426891,new_observed,3458631628.6575,9779405.721425854,1,
1504604,Mocajuba,2021,ok,ok,1254564.02,1254564.02,1254564.02,new_observed,6244155.23,6244155.23,6267109.038552858,new_observed,4235989112.455,10216245.020088753,1,
1504604,Mocajuba,2022,ok,ok,1274591.58,1274591.58,1274591.58,new_observed,7173311.51,7173311.51,7184803.557441416,new_observed,4993162483.96,10754220.813482596,1,
1504604,Mocajuba,2023,ok,ok,1284365.81,1284365.81,1284365.81,new_observed,7192152.62,7192152.62,7146491.2677599825,new_observed,5209618188.91,10409280.34928902,1,
1504604,Mocajuba,2024,ok,ok,2070042.42,2070042.42,2070042.42,new_observed,11709569.32,11709569.32,11775527.137489118,new_observed,6098672862.01,14855519.419380885,1,
1504604,Mocajuba,2025,ok,absent_dca,,,2315128.306440982,imputed_temporal,,,11661615.521081587,imputed_temporal,6324366489.04,13976743.827522568,1,
1504703,Moju,2019,ok,ok,5984136.04,5984136.04,5984136.04,new_observed,19796807.26,19796807.26,19843014.011948667,new_observed,3050343349.96,45000276.09372816,1,
1504703,Moju,2020,ok,ok,4938689.16,4938689.16,4938689.16,new_observed,24372810.5,24372810.5,25173879.347166352,new_observed,3458631628.6575,51363455.695886426,1,
1504703,Moju,2021,ok,ok,4780417.82,4780417.82,4780417.82,new_observed,33148656.56,33148656.56,33270512.581901405,new_observed,4235989112.455,51682335.1935162,1,
1504703,Moju,2022,ok,ok,13448182.88,13448182.88,13448182.88,new_observed,36443507.41,36443507.41,36501891.95324805,new_observed,4993162483.96,63500300.63369286,1,
1504703,Moju,2023,ok,ok,9491531.78,9491531.78,9491531.78,new_observed,32662490.83,32662490.83,32455124.05434543,new_observed,5209618188.91,51790048.8962923,1,
1504703,Moju,2024,ok,ok,7450655.81,7450655.81,7450655.81,new_observed,43987732.39,43987732.39,44235507.072864234,new_observed,6098672862.01,55456353.256652705,1,
1504703,Moju,2025,ok,ok,11020329.47,11020329.47,11020329.47,new_observed,57613404.57,57613404.57,58612453.39497292,new_observed,6324366489.04,69632782.86497292,1,
1504752,Mojuí dos Campos,2019,ok,ok,2687105.85,2687105.85,2687105.85,new_observed,4571806.61,4571806.61,4582477.438442744,new_observed,3050343349.96,12666254.480586544,1,
1504752,Mojuí dos Campos,2020,ok,ok,814768.55,814768.55,814768.55,new_observed,6017304.16,6017304.16,6215076.793012533,new_observed,3458631628.6575,11990911.69319637,1,
1504752,Mojuí dos Campos,2021,ok,ok,1316155.08,1316155.08,1316155.08,new_observed,7394272.54,7394272.54,7421454.2339232,new_observed,4235989112.455,11867779.541327652,1,
1504752,Mojuí dos Campos,2022,ok,ok,886309.47,886309.47,886309.47,new_observed,7661310.68,7661310.68,7673584.529487122,new_observed,4993162483.96,10881982.543060599,1,
1504752,Mojuí dos Campos,2023,ok,ok,812969.58,812969.58,812969.58,new_observed,8718707.61,8718707.61,8663354.504985116,new_observed,5209618188.91,11700081.399972945,1,
1504752,Mojuí dos Campos,2024,ok,ok,759447.9,759447.9,759447.9,new_observed,16583883.07,16583883.07,16677296.986677846,new_observed,6098672862.01,18708649.088019773,1,
1504752,Mojuí dos Campos,2025,ok,ok,1492403.93,1492403.93,1492403.93,new_observed,17141720.4,17141720.4,17438967.46865443,new_observed,6324366489.04,18931371.39865443,1,
1504802,Monte Alegre,2019,ok,ok,1610207.78,1610207.78,1610207.78,new_observed,9752059.36,9752059.36,9774821.161027716,new_observed,3050343349.96,19836855.58223941,1,
1504802,Monte Alegre,2020,ok,ok,1932536.38,1932536.38,1932536.38,new_observed,10550321.49,10550321.49,10897082.232805131,new_observed,3458631628.6575,21883671.167310424,1,
1504802,Monte Alegre,2021,ok,ok,2824945.56,2824945.56,2824945.56,new_observed,12824257.95,12824257.95,12871400.525892809,new_observed,4235989112.455,21319421.395383574,1,
1504802,Monte Alegre,2022,ok,ok,4141639.05,4141639.05,4141639.05,new_observed,14448616.15,14448616.15,14471763.643598616,new_observed,4993162483.96,23662760.682647865,1,
1504802,Monte Alegre,2023,ok,ok,3662006.34,3662006.34,3662006.34,new_observed,14433828.84,14433828.84,14342191.721371202,new_observed,5209618188.91,22229145.074622992,1,
1504802,Monte Alegre,2024,ok,ok,5357544.39,5357544.39,5357544.39,new_observed,22277602.4,22277602.4,22403087.974493727,new_observed,6098672862.01,29785601.19702423,1,
1504802,Monte Alegre,2025,ok,ok,6063446.45,6063446.45,6063446.45,new_observed,22491656.81,22491656.81,22881674.783689152,new_observed,6324366489.04,28945121.23368915,2,
1504901,Muaná,2019,ok,ok,467703.81,467703.81,467703.81,new_observed,4573136.45,4573136.45,4583810.382356735,new_observed,3050343349.96,8801572.488261746,1,
1504901,Muaná,2020,ok,ok,368521.68,368521.68,368521.68,new_observed,5497316.9,5497316.9,5677998.947792196,new_observed,3458631628.6575,10313640.110306652,3,
1504901,Muaná,2021,ok,ok,479879.87,479879.87,479879.87,new_observed,6849795.97,6849795.97,6874976.1424220605,new_observed,4235989112.455,9989667.262250451,6,
1504901,Muaná,2022,ok,ok,752962.34,752962.34,752962.34,new_observed,8758909.2,8758909.2,8772941.463888321,new_observed,4993162483.96,12110047.029437307,1,
1504901,Muaná,2023,ok,ok,1105795.47,1105795.47,1105795.47,new_observed,9411998.35,9411998.35,9352243.698694808,new_observed,5209618188.91,12912170.21077924,1,
1504901,Muaná,2024,ok,ok,1840081.31,1840081.31,1840081.31,new_observed,14776862.32,14776862.32,14860097.626212304,new_observed,6098672862.01,17918355.14342166,1,
1504901,Muaná,2025,ok,ok,5380284.1,5380284.1,5380284.1,new_observed,15364216.03,15364216.03,15630640.173581934,new_observed,6324366489.04,21010924.273581933,1,
1504950,Nova Esperança do Piriá,2019,ok,ok,234383.56,234383.56,234383.56,new_observed,3921245.97,3921245.97,3930398.3569220863,new_observed,3050343349.96,7256562.7935986575,1,
1504950,Nova Esperança do Piriá,2020,ok,ok,223513.45,223513.45,223513.45,new_observed,4750299.1,4750299.1,4906428.678233596,new_observed,3458631628.6575,8750218.5395869,1,
1504950,Nova Esperança do Piriá,2021,ok,ok,254881.18,254881.18,254881.18,new_observed,6133446.4,6133446.4,6155993.237682447,new_observed,4235989112.455,8707512.721466742,1,
1504950,Nova Esperança do Piriá,2022,ok,ok,111384.37,111384.37,111384.37,new_observed,7591028.31,7591028.31,7603189.563187742,new_observed,4993162483.96,9807347.950001404,1,
1504950,Nova Esperança do Piriá,2023,ok,ok,386030.92,386030.92,386030.92,new_observed,7820763.1,7820763.1,7771110.841828812,new_observed,5209618188.91,10071333.752265368,1,
1504950,Nova Esperança do Piriá,2024,ok,ok,468494.73,468494.73,468494.73,new_observed,12880147.28,12880147.28,12952698.744559517,new_observed,6098672862.01,14400187.689262826,1,
1504950,Nova Esperança do Piriá,2025,ok,ok,587704.19,587704.19,587704.19,new_observed,12901315.21,12901315.21,13125031.268742818,new_observed,6324366489.04,13712735.458742818,1,
1504976,Nova Ipixuna,2019,ok,ok,1026.25,1026.25,1026.25,new_observed,5484973.4,5484973.4,5497775.6060330365,new_observed,3050343349.96,9580910.058154926,1,
1504976,Nova Ipixuna,2020,ok,ok,1146323.71,1146323.71,1146323.71,new_observed,6157056.23,6157056.23,6359422.138359421,new_observed,3458631628.6575,12802662.25895158,1,
1504976,Nova Ipixuna,2021,ok,ok,191169.78,191169.78,191169.78,new_observed,7149979.95,7149979.95,7176263.612862921,new_observed,4235989112.455,10006750.376511658,1,
1504976,Nova Ipixuna,2022,ok,ok,365675.56,365675.56,365675.56,new_observed,7240729.57,7240729.57,7252329.624955499,new_observed,4993162483.96,9684582.477376223,2,
1504976,Nova Ipixuna,2023,ok,ok,598432.63,598432.63,598432.63,new_observed,7446456.85,7446456.85,7399180.977652349,new_observed,5209618188.91,9874369.995779933,1,
1504976,Nova Ipixuna,2024,ok,ok,871694.04,871694.04,871694.04,new_observed,11278667.52,11278667.52,11342198.148110634,new_observed,6098672862.01,13104821.136704953,1,
1504976,Nova Ipixuna,2025,ok,ok,1560743.79,1560743.79,1560743.79,new_observed,10667140.81,10667140.81,10852115.028614406,new_observed,6324366489.04,12412858.818614405,1,
1505007,Nova Timboteua,2019,ok,ok,556192.35,556192.35,556192.35,new_observed,3655654.03,3655654.03,3664186.5118671968,new_observed,3050343349.96,7353432.865111213,1,
1505007,Nova Timboteua,2020,ok,ok,687601.87,687601.87,687601.87,new_observed,3763331.6,3763331.6,3887022.206231756,new_observed,3458631628.6575,7803004.284039939,1,
1505007,Nova Timboteua,2021,ok,ok,507726.14,507726.14,507726.14,new_observed,4637785.54,4637785.54,4654834.2579567395,new_observed,4235989112.455,7012001.391972268,1,
1505007,Nova Timboteua,2022,ok,ok,570864.66,570864.66,570864.66,new_observed,5559451.03,5559451.03,5568357.582419469,new_observed,4993162483.96,7804642.12220161,1,
1505007,Nova Timboteua,2023,ok,ok,714777.7,714777.7,714777.7,new_observed,5361644.4,5361644.4,5327604.530927517,new_observed,5209618188.91,7460315.130380338,1,
1505007,Nova Timboteua,2024,ok,ok,1001909.4,1001909.4,1001909.4,new_observed,10280579.51,10280579.51,10338488.094720086,new_observed,6098672862.01,12167610.332446592,1,
1505007,Nova Timboteua,2025,ok,ok,1398412.38,1398412.38,1398412.38,new_observed,9989703.68,9989703.68,10162930.757931244,new_observed,6324366489.04,11561343.137931243,1,
1505031,Novo Progresso,2019,ok,ok,5838147.65,5838147.65,5838147.65,new_observed,18283244.65,18283244.65,18325918.670071214,new_observed,3050343349.96,42102580.182605885,1,
1505031,Novo Progresso,2020,ok,ok,4562887.84,4562887.84,4562887.84,new_observed,22543192.44,22543192.44,23284126.653531104,new_observed,3458631628.6575,47499066.53963434,1,
1505031,Novo Progresso,2021,ok,ok,4544301.49,4544301.49,4544301.49,new_observed,34605424.95,34605424.95,34732636.12107663,new_observed,4235989112.455,53347548.4975014,5,
1505031,Novo Progresso,2022,ok,ok,6156592.37,6156592.37,6156592.37,new_observed,41717787.07,41717787.07,41784621.30513547,new_observed,4993162483.96,60946484.890726484,1,
1505031,Novo Progresso,2023,ok,ok,9220111.9,9220111.9,9220111.9,new_observed,34089331.77,34089331.77,33872906.3035481,new_observed,5209618188.91,53205421.8735408,1,
1505031,Novo Progresso,2024,ok,ok,16400579.39,16400579.39,16400579.39,new_observed,39760462.64,39760462.64,39984425.90170706,new_observed,6098672862.01,60497947.56328908,1,
1505031,Novo Progresso,2025,ok,ok,18308847.82,18308847.82,18308847.82,new_observed,41181067.25,41181067.25,41895170.107734375,new_observed,6324366489.04,60204017.927734375,1,
1505064,Novo Repartimento,2019,ok,ok,5887778.69,5887778.69,5887778.69,new_observed,16468535.99,16468535.99,16506974.388043363,new_observed,3050343349.96,39019793.88108226,1,
1505064,Novo Repartimento,2020,ok,ok,8616454.61,8616454.61,8616454.61,new_observed,12887851.56,12887851.56,13311440.640611788,new_observed,3458631628.6575,37402736.86519952,1,
1505064,Novo Repartimento,2021,ok,ok,8869922.09,8869922.09,8869922.09,new_observed,22954270.16,22954270.16,23038651.137620762,new_observed,4235989112.455,43339533.611360714,1,
1505064,Novo Repartimento,2022,ok,ok,13139935.64,13139935.64,13139935.64,new_observed,23136782.41,23136782.41,23173848.833328582,new_observed,4993162483.96,46164820.35115196,1,
1505064,Novo Repartimento,2023,ok,ok,13511705.74,13511705.74,13511705.74,new_observed,19171459.83,19171459.83,19049744.56247096,new_observed,5209618188.91,40202468.34357631,1,
1505064,Novo Repartimento,2024,ok,ok,8912458.08,8912458.08,8912458.08,new_observed,25663750.87,25663750.87,25808309.98654056,new_observed,6098672862.01,37253436.35208692,1,
1505064,Novo Repartimento,2025,ok,ok,5677042.57,5677042.57,5677042.57,new_observed,27983089.07,27983089.07,28468331.566310547,new_observed,6324366489.04,34145374.13631055,1,
1505106,Óbidos,2019,ok,ok,1248954.36,1248954.36,1248954.36,new_observed,10675537.14,10675537.14,10700454.384991491,new_observed,3050343349.96,20820210.18965874,1,
1505106,Óbidos,2020,ok,ok,2213663.22,2213663.22,2213663.22,new_observed,11956149.66,11956149.66,12349116.200509744,new_observed,3458631628.6575,24839949.318714112,1,
1505106,Óbidos,2021,ok,ok,5381079.2,5381079.2,5381079.2,new_observed,14488163.2,14488163.2,14541422.369915824,new_observed,4235989112.455,27059559.205372047,1,
1505106,Óbidos,2022,ok,ok,10683426.37,10683426.37,10683426.37,new_observed,16404543.81,16404543.81,16430824.809431922,new_observed,4993162483.96,34469680.1175829,1,
1505106,Óbidos,2023,ok,ok,5434596.85,5434596.85,5434596.85,new_observed,16150089.99,16150089.99,16047556.717042094,new_observed,5209618188.91,26523253.439522527,1,
1505106,Óbidos,2024,ok,ok,5475017.31,5475017.31,5475017.31,new_observed,23469983.61,23469983.61,23602185.645200126,new_observed,6098672862.01,31198207.58320539,1,
1505106,Óbidos,2025,ok,ok,6840403.0,6840403.0,6840403.0,new_observed,22354491.82,22354491.82,22742131.275649652,new_observed,6324366489.04,29582534.275649652,1,
1505205,Oeiras do Pará,2019,ok,ok,412527.22,412527.22,412527.22,new_observed,4571806.62,4571806.62,4582477.448466085,new_observed,3050343349.96,8703112.372767411,1,
1505205,Oeiras do Pará,2020,ok,ok,322171.07,322171.07,322171.07,new_observed,5179770.86,5179770.86,5350016.021976953,new_observed,3458631628.6575,9675133.834172986,1,
1505205,Oeiras do Pará,2021,ok,ok,251084.23,251084.23,251084.23,new_observed,6617557.07,6617557.07,6641883.521293619,new_observed,4235989112.455,9362311.671166202,1,
1505205,Oeiras do Pará,2022,ok,ok,643821.47,643821.47,643821.47,new_observed,7634751.71,7634751.71,7646983.010527301,new_observed,4993162483.96,10539895.66114164,1,
1505205,Oeiras do Pará,2023,ok,ok,2251178.02,2251178.02,2251178.02,new_observed,7823731.49,7823731.49,7774060.386191276,new_observed,5209618188.91,12377806.452654388,2,
1505205,Oeiras do Pará,2024,ok,ok,2735028.96,2735028.96,2735028.96,new_observed,12223300.48,12223300.48,12292152.049186021,new_observed,6098672862.01,16123322.220411304,5,
1505205,Oeiras do Pará,2025,ok,ok,3346008.42,3346008.42,3346008.42,new_observed,12581015.26,12581015.26,12799177.137540115,new_observed,6324366489.04,16145185.557540115,1,
1505304,Oriximiná,2019,ok,ok,21542752.44,21542752.44,21542752.44,new_observed,50312761.32,50312761.32,50430193.8560465,new_observed,3050343349.96,125403013.80859455,1,
1505304,Oriximiná,2020,ok,ok,24913281.98,24913281.98,24913281.98,new_observed,49270369.98,49270369.98,50889754.764505595,new_observed,3458631628.6575,129298366.51142749,1,
1505304,Oriximiná,2021,ok,ok,31354798.03,31354798.03,31354798.03,new_observed,62612924.32,62612924.32,62843092.377140984,new_observed,4235989112.455,127943440.41323866,1,
1505304,Oriximiná,2022,ok,ok,32231804.53,32231804.53,32231804.53,new_observed,75144551.69,75144551.69,75264937.47720325,new_observed,4993162483.96,136657962.12293792,1,
1505304,Oriximiná,2023,ok,ok,38844834.61,38844834.61,38844834.61,new_observed,67340675.67,67340675.67,66913144.93277705,new_observed,5209618188.91,130575628.0863951,1,
1505304,Oriximiná,2024,ok,ok,41974104.7,41974104.7,41974104.7,new_observed,72443065.65,72443065.65,72851123.91174442,new_observed,6098672862.01,123201028.77631003,1,
1505304,Oriximiná,2025,ok,ok,43471518.39,43471518.39,43471518.39,new_observed,63524965.98,63524965.98,64626524.60324809,new_observed,6324366489.04,108098042.99324809,2,
1505403,Ourém,2019,ok,ok,972835.75,972835.75,972835.75,new_observed,3961368.8,3961368.8,3970614.835641748,new_observed,3050343349.96,8613286.43548096,1,
1505403,Ourém,2020,ok,ok,1051526.24,1051526.24,1051526.24,new_observed,4621139.02,4621139.02,4773023.453161569,new_observed,3458631628.6575,9935020.987731263,1,
1505403,Ourém,2021,ok,ok,912636.66,912636.66,912636.66,new_observed,5588133.94,5588133.94,5608676.18341032,new_observed,4235989112.455,8857514.723426385,1,
1505403,Ourém,2022,ok,ok,1650365.19,1650365.19,1650365.19,new_observed,6089661.05,6089661.05,6099417.028614784,new_observed,4993162483.96,9852107.376626443,1,
1505403,Ourém,2023,ok,ok,1405022.69,1405022.69,1405022.69,new_observed,5839991.63,5839991.63,5802914.842425352,new_observed,5209618188.91,8899384.940719785,1,
1505403,Ourém,2024,ok,ok,1676328.75,1676328.75,1676328.75,new_observed,9742758.12,9742758.12,9797637.257255884,new_observed,6098672862.01,12310921.853403134,1,
1505403,Ourém,2025,ok,ok,1815452.44,1815452.44,1815452.44,new_observed,9459602.77,9459602.77,9623637.600133961,new_observed,6324366489.04,11439090.04013396,1,
1505437,Ourilândia do Norte,2019,ok,ok,4967104.21,4967104.21,4967104.21,new_observed,22253571.85,22253571.85,22305512.815072805,new_observed,3050343349.96,47518804.57031647,2,
1505437,Ourilândia do Norte,2020,ok,ok,10716319.01,10716319.01,10716319.01,new_observed,21289565.66,21289565.66,21989296.52689894,new_observed,3458631628.6575,55786454.557551876,1,
1505437,Ourilândia do Norte,2021,ok,ok,16447949.82,16447949.82,16447949.82,new_observed,24489018.32,24489018.32,24579041.104101203,new_observed,4235989112.455,55724542.725367635,1,
1505437,Ourilândia do Norte,2022,ok,ok,19250045.53,19250045.53,19250045.53,new_observed,29047658.28,29047658.28,29094194.258055665,new_observed,4993162483.96,61458842.067749694,1,
1505437,Ourilândia do Norte,2023,ok,ok,34310913.45,34310913.45,34310913.45,new_observed,30779134.68,30779134.68,30583724.907081913,new_observed,5209618188.91,80123109.38190728,4,
1505437,Ourilândia do Norte,2024,ok,ok,42901415.26,42901415.26,42901415.26,new_observed,44546882.02,44546882.02,44797806.2883218,new_observed,6098672862.01,94096344.9258021,1,
1505437,Ourilândia do Norte,2025,ok,ok,46265400.07,46265400.07,46265400.07,new_observed,44199718.86,44199718.86,44966166.8337101,new_observed,6324366489.04,91231566.9037101,1,
1505486,Pacajá,2019,ok,ok,2529172.58,2529172.58,2529172.58,new_observed,11922097.0,11922097.0,11949923.778911969,new_observed,3050343349.96,25227844.82330338,1,
1505486,Pacajá,2020,ok,ok,5678259.86,5678259.86,5678259.86,new_observed,13961536.6,13961536.6,14420414.825341836,new_observed,3458631628.6575,34282608.15748441,1,
1505486,Pacajá,2021,ok,ok,4116532.94,4116532.94,4116532.94,new_observed,17327957.73,17327957.73,17391656.11828405,new_observed,4235989112.455,29213305.024999008,1,
1505486,Pacajá,2022,ok,ok,10838020.25,10838020.25,10838020.25,new_observed,16478978.47,16478978.47,16505378.717932817,new_observed,4993162483.96,34760990.060719706,1,
1505486,Pacajá,2023,ok,ok,6583186.56,6583186.56,6583186.56,new_observed,12991982.3,12991982.3,12909499.139333095,new_observed,5209618188.91,24066927.99243199,1,
1505486,Pacajá,2024,ok,ok,5451683.05,5451683.05,5451683.05,new_observed,19443266.22,19443266.22,19552786.50803832,new_observed,6098672862.01,26828393.122320883,1,
1505486,Pacajá,2025,ok,ok,6060339.15,6060339.15,6060339.15,new_observed,20319674.98,20319674.98,20672029.567688633,new_observed,6324366489.04,26732368.717688635,1,
1505494,Palestina do Pará,2019,ok,ok,490759.04,490759.04,490759.04,new_observed,3345822.39,3345822.39,3353631.709109319,new_observed,3050343349.96,6698325.009694246,1,
1505494,Palestina do Pará,2020,ok,ok,250750.97,250750.97,250750.97,new_observed,4763563.77,4763563.77,4920129.322324681,new_observed,3458631628.6575,8820047.374581927,1,
1505494,Palestina do Pará,2021,ok,ok,194291.45,194291.45,194291.45,new_observed,6135276.33,6135276.33,6157829.894591265,new_observed,4235989112.455,8627711.886504877,1,
1505494,Palestina do Pará,2022,ok,ok,341520.09,341520.09,341520.09,new_observed,6655696.91,6655696.91,6666359.709815509,new_observed,4993162483.96,8908945.09324865,1,
1505494,Palestina do Pará,2023,ok,ok,540501.92,540501.92,540501.92,new_observed,6939526.5,6939526.5,6895469.01392632,new_observed,5209618188.91,9180929.697478516,1,
1505494,Palestina do Pará,2024,ok,ok,559768.97,559768.97,559768.97,new_observed,11002169.98,11002169.98,11064143.149097316,new_observed,6098672862.01,12471805.619655725,1,
1505494,Palestina do Pará,2025,ok,ok,509503.97,509503.97,509503.97,new_observed,10044648.3,10044648.3,10218828.148531409,new_observed,6324366489.04,10728332.11853141,2,
1505502,Paragominas,2019,ok,ok,16230323.73,16230323.73,16230323.73,new_observed,70091742.9,70091742.9,70255340.5819542,new_observed,3050343349.96,150689439.77013788,1,
1505502,Paragominas,2020,ok,ok,17827486.19,17827486.19,17827486.19,new_observed,70642905.76,70642905.76,72964748.41649811,new_observed,3458631628.6575,154865664.1040624,1,
1505502,Paragominas,2021,ok,ok,25421248.35,25421248.35,25421248.35,new_observed,79973847.76,79973847.76,80267835.38892679,new_observed,4235989112.455,143551250.76830888,1,
1505502,Paragominas,2022,ok,ok,42012624.6,42012624.6,42012624.6,new_observed,86264622.35,86264622.35,86402823.11420493,new_observed,4993162483.96,163251397.7823811,1,
1505502,Paragominas,2023,ok,ok,50446195.24,50446195.24,50446195.24,new_observed,80796059.96,80796059.96,80283104.0275605,new_observed,5209618188.91,161406831.28549668,2,
1505502,Paragominas,2024,ok,ok,48316544.88,48316544.88,48316544.88,new_observed,104587194.78,104587194.78,105176314.91896322,new_observed,6098672862.01,164689227.8437494,1,
1505502,Paragominas,2025,ok,ok,54242537.93,54242537.93,54242537.93,new_observed,113611196.23,113611196.23,115581278.24380365,new_observed,6324366489.04,169823816.17380366,1,
1505536,Parauapebas,2019,ok,ok,121623065.48,121623065.48,121623065.48,new_observed,426348286.59,426348286.59,427343405.1090355,new_observed,3050343349.96,956498982.3893559,1,
1505536,Parauapebas,2020,ok,ok,155903968.65,155903968.65,155903968.65,new_observed,488758609.2,488758609.2,504822792.5084647,new_observed,3458631628.6575,1127011457.55045,3,
1505536,Parauapebas,2021,ok,ok,214334864.93,214334864.93,214334864.93,new_observed,546330729.08,546330729.08,548339066.5571971,new_observed,4235989112.455,1035895032.1096084,1,
1505536,Parauapebas,2022,ok,ok,227293512.28,227293512.28,227293512.28,new_observed,741026480.04,741026480.04,742213646.0305042,new_observed,4993162483.96,1232510586.3155925,2,
1505536,Parauapebas,2023,ok,ok,252034917.68,252034917.68,252034917.68,new_observed,946014645.87,946014645.87,940008612.592958,new_observed,5209618188.91,1471773887.3666463,1,
1505536,Parauapebas,2024,ok,ok,282167062.21,282167062.21,282167062.21,new_observed,846463957.93,846463957.93,851231931.347511,new_observed,6098672862.01,1216073538.0938547,5,
1505536,Parauapebas,2025,ok,ok,275595150.09,275595150.09,275595150.09,new_observed,654810533.46,654810533.46,666165316.2386897,new_observed,6324366489.04,941760466.3286896,1,
1505551,Pau D'Arco,2019,ok,ok,637983.87,637983.87,637983.87,new_observed,3961369.94,3961369.94,3970615.9783025663,new_observed,3050343349.96,8029854.829587816,1,
1505551,Pau D'Arco,2020,ok,ok,987909.15,987909.15,987909.15,new_observed,4857170.03,4857170.03,5016812.1687850645,new_observed,3458631628.6575,10242342.407628268,1,
1505551,Pau D'Arco,2021,ok,ok,795934.84,795934.84,795934.84,new_observed,5778423.07,5778423.07,5799664.825209566,new_observed,4235989112.455,8958414.133352451,1,
1505551,Pau D'Arco,2022,ok,ok,856500.37,856500.37,856500.37,new_observed,6810742.09,6810742.09,6821653.280891461,new_observed,4993162483.96,9761047.741589336,1,
1505551,Pau D'Arco,2023,ok,ok,1055847.76,1055847.76,1055847.76,new_observed,7807722.95,7807722.95,7758153.480795324,new_observed,5209618188.91,10882334.864440192,1,
1505551,Pau D'Arco,2024,ok,ok,1083775.18,1083775.18,1083775.18,new_observed,13186146.76,13186146.76,13260421.862492055,new_observed,6098672862.01,15390518.738530707,1,
1505551,Pau D'Arco,2025,ok,ok,524154.77,524154.77,524154.77,new_observed,11353429.4,11353429.4,11550304.248590173,new_observed,6324366489.04,12074459.018590173,1,
1505601,Peixe-Boi,2019,ok,ok,251582.79,251582.79,251582.79,new_observed,3046212.4,3046212.4,3053322.4142008326,new_observed,3050343349.96,5758345.243416256,1,
1505601,Peixe-Boi,2020,ok,ok,246653.14,246653.14,246653.14,new_observed,3263570.66,3263570.66,3370835.4658479816,new_observed,3458631628.6575,6170404.085344878,1,
1505601,Peixe-Boi,2021,ok,ok,357785.33,357785.33,357785.33,new_observed,3997529.33,3997529.33,4012224.4359903825,new_observed,4235989112.455,5935526.599201589,1,
1505601,Peixe-Boi,2022,ok,ok,552416.37,552416.37,552416.37,new_observed,4998443.62,4998443.62,5006451.407077726,new_observed,4993162483.96,7066851.775613847,1,
1505601,Peixe-Boi,2023,ok,ok,1047465.05,1047465.05,1047465.05,new_observed,4877881.34,4877881.34,4846912.773310887,new_observed,5209618188.91,7277579.335240837,1,
1505601,Peixe-Boi,2024,ok,ok,1448021.71,1448021.71,1448021.71,new_observed,8984169.01,8984169.01,9034775.156448174,new_observed,6098672862.01,11247452.96842718,1,
1505601,Peixe-Boi,2025,ok,ok,967273.53,967273.53,967273.53,new_observed,8375814.53,8375814.53,8521055.862756524,new_observed,6324366489.04,9488329.392756524,1,
1505635,Piçarra,2019,ok,ok,177139.59,177139.59,177139.59,new_observed,8089866.17,8089866.17,8108748.327840188,new_observed,3050343349.96,14437026.277948227,1,
1505635,Piçarra,2020,ok,ok,508586.53,508586.53,508586.53,new_observed,9020188.17,9020188.17,9316657.538543504,new_observed,3458631628.6575,16759064.850140689,1,
1505635,Piçarra,2021,ok,ok,395625.61,395625.61,395625.61,new_observed,12090318.79,12090318.79,12134763.37099237,new_observed,4235989112.455,17019288.531994186,1,
1505635,Piçarra,2022,ok,ok,1227967.65,1227967.65,1227967.65,new_observed,12269822.57,12269822.57,12289479.514059328,new_observed,4993162483.96,17184397.852923308,1,
1505635,Piçarra,2023,ok,ok,1658032.68,1658032.68,1658032.68,new_observed,11211621.89,11211621.89,11140441.835383587,new_observed,5209618188.91,15801822.761921976,1,
1505635,Piçarra,2024,ok,ok,1356921.71,1356921.71,1356921.71,new_observed,15657160.27,15657160.27,15745354.130189432,new_observed,6098672862.01,18349782.564352434,1,
1505635,Piçarra,2025,ok,ok,1073903.75,1073903.75,1073903.75,new_observed,15306672.34,15306672.34,15572098.643646797,new_observed,6324366489.04,16646002.393646797,1,
1505650,Placas,2019,ok,ok,823939.36,823939.36,823939.36,new_observed,6400130.95,6400130.95,6415069.180158109,new_observed,3050343349.96,12612982.1639919,1,
1505650,Placas,2020,ok,ok,1569372.23,1569372.23,1569372.23,new_observed,7213069.41,7213069.41,7450143.636495117,new_observed,3458631628.6575,15384722.279562911,1,
1505650,Placas,2021,ok,ok,1197671.01,1197671.01,1197671.01,new_observed,8586804.2,8586804.2,8618369.696440687,new_observed,4235989112.455,13332549.314960154,1,
1505650,Placas,2022,ok,ok,1199653.14,1199653.14,1199653.14,new_observed,9295966.62,9295966.62,9310859.280002557,new_observed,4993162483.96,13361755.72734223,3,
1505650,Placas,2023,ok,ok,2338472.03,2338472.03,2338472.03,new_observed,8969006.99,8969006.99,8912064.790765418,new_observed,5209618188.91,13890638.966739701,1,
1505650,Placas,2024,ok,ok,1864428.42,1864428.42,1864428.42,new_observed,15246225.61,15246225.61,15332104.751982164,new_observed,6098672862.01,18450915.39367028,1,
1505650,Placas,2025,ok,ok,1351560.17,1351560.17,1351560.17,new_observed,15467357.82,15467357.82,15735570.500205906,new_observed,6324366489.04,17087130.670205906,1,
1505700,Ponta de Pedras,2019,ok,ok,468922.17,468922.17,468922.17,new_observed,4266090.71,4266090.71,4276047.982030716,new_observed,3050343349.96,8267461.429867326,1,
1505700,Ponta de Pedras,2020,ok,ok,669133.8,669133.8,669133.8,new_observed,4812624.5,4812624.5,4970802.546805867,new_observed,3458631628.6575,9620123.258759594,1,
1505700,Ponta de Pedras,2021,ok,ok,666549.89,666549.89,666549.89,new_observed,5896473.91,5896473.91,5918149.625654343,new_observed,4235989112.455,8943609.102909768,1,
1505700,Ponta de Pedras,2022,ok,ok,693789.39,693789.39,693789.39,new_observed,8326438.71,8326438.71,8339778.131902976,new_observed,4993162483.96,11484152.032816919,1,
1505700,Ponta de Pedras,2023,ok,ok,1064789.37,1064789.37,1064789.37,new_observed,8477856.4,8477856.4,8424032.404907877,new_observed,5209618188.91,11715511.85466155,4,
1505700,Ponta de Pedras,2024,ok,ok,605546.64,605546.64,605546.64,new_observed,13584606.79,13584606.79,13661126.343437877,new_observed,6098672862.01,15307339.77214968,1,
1505700,Ponta de Pedras,2025,ok,ok,1779117.74,1779117.74,1779117.74,new_observed,13173006.69,13173006.69,13401434.031748483,new_observed,6324366489.04,15180551.771748483,3,
1505809,Portel,2019,ok,ok,692831.76,692831.76,692831.76,new_observed,10971011.58,10971011.58,10996618.477316583,new_observed,3050343349.96,20367268.04951727,1,
1505809,Portel,2020,ok,ok,690264.14,690264.14,690264.14,new_observed,11939492.44,11939492.44,12331911.502408179,new_observed,3458631628.6575,22212118.554871995,1,
1505809,Portel,2021,ok,ok,2811415.41,2811415.41,2811415.41,new_observed,14884413.75,14884413.75,14939129.555590088,new_observed,4235989112.455,24109518.613331106,1,
1505809,Portel,2022,ok,ok,5342431.83,5342431.83,5342431.83,new_observed,16352990.65,16352990.65,16379189.058377616,new_observed,4993162483.96,27614161.96607906,1,
1505809,Portel,2023,ok,ok,4913404.81,4913404.81,4913404.81,new_observed,15880548.73,15880548.73,15779726.713611078,new_observed,5209618188.91,25549075.894334614,1,
1505809,Portel,2024,ok,ok,4418057.66,4418057.66,4418057.66,new_observed,22178554.65,22178554.65,22303482.307012845,new_observed,6098672862.01,28670713.346061192,1,
1505809,Portel,2025,ok,ok,7371248.8,7371248.8,7371248.8,new_observed,22195551.53,22195551.53,22580434.87166627,new_observed,6324366489.04,29951683.671666272,1,
1505908,Porto de Moz,2019,ok,ok,774726.33,774726.33,774726.33,new_observed,7009572.64,7009572.64,7025933.337964516,new_observed,3050343349.96,13591582.426460082,1,
1505908,Porto de Moz,2020,ok,ok,1185215.03,1185215.03,1185215.03,new_observed,7898656.13,7898656.13,8158263.751378853,new_observed,3458631628.6575,15937310.638864804,1,
1505908,Porto de Moz,2021,ok,ok,1619508.95,1619508.95,1619508.95,new_observed,10054444.74,10054444.74,10091405.352151092,new_observed,4235989112.455,15906244.393857745,1,
1505908,Porto de Moz,2022,ok,ok,1359237.15,1359237.15,1359237.15,new_observed,11707436.51,11707436.51,11726192.480042947,new_observed,4993162483.96,16635184.595873158,1,
1505908,Porto de Moz,2023,ok,ok,2953079.96,2953079.96,2953079.96,new_observed,12361428.43,12361428.43,12282948.513408352,new_observed,5209618188.91,18811384.21950279,1,
1505908,Porto de Moz,2024,ok,ok,1790841.18,1790841.18,1790841.18,new_observed,19158410.21,19158410.21,19266325.957324244,new_observed,6098672862.01,22593159.062674057,1,
1505908,Porto de Moz,2025,ok,ok,2304296.51,2304296.51,2304296.51,new_observed,18581960.12,18581960.12,18904181.755088832,new_observed,6324366489.04,21208478.265088834,1,
1506005,Prainha,2019,ok,ok,204253.25,204253.25,204253.25,new_observed,6706973.72,6706973.72,6722628.136741855,new_observed,3050343349.96,12069143.294746583,1,
1506005,Prainha,2020,ok,ok,226565.11,226565.11,226565.11,new_observed,7866730.03,7866730.03,8125288.326184227,new_observed,3458631628.6575,14245880.548047384,1,
1506005,Prainha,2021,ok,ok,380564.02,380564.02,380564.02,new_observed,10108408.71,10108408.71,10145567.696245026,new_observed,4235989112.455,14297024.064959338,1,
1506005,Prainha,2022,ok,ok,420171.2,420171.2,420171.2,new_observed,10883010.13,10883010.13,10900445.32273421,new_observed,4993162483.96,14391621.132745124,1,
1506005,Prainha,2023,ok,ok,829710.76,,829710.76,new_observed,11139535.27,,11068812.877049226,new_observed,5209618188.91,14690685.316847386,1,
1506005,Prainha,2024,ok,ok,1359253.84,1359253.84,1359253.84,new_observed,17964010.92,17964010.92,18065198.839150034,new_observed,6098672862.01,20841348.041899446,1,
1506005,Prainha,2025,ok,ok,2292524.32,2292524.32,2292524.32,new_observed,16932477.5,16932477.5,17226096.17913399,new_observed,6324366489.04,19518620.49913399,1,
1506104,Primavera,2019,ok,ok,1991437.6,1991437.6,1991437.6,new_observed,5478523.76,5478523.76,5491310.912246244,new_observed,3050343349.96,13037665.724391785,1,
1506104,Primavera,2020,ok,ok,4382212.46,4382212.46,4382212.46,new_observed,7794460.44,7794460.44,8050643.428783938,new_observed,3458631628.6575,21206907.09146642,1,
1506104,Primavera,2021,ok,ok,2503204.02,2503204.02,2503204.02,new_observed,10644277.03,10644277.03,10683405.893413952,new_observed,4235989112.455,17910594.73218947,2,
1506104,Primavera,2022,ok,ok,4326721.53,4326721.53,4326721.53,new_observed,13690082.28,13690082.28,13712014.559787283,new_observed,4993162483.96,22932201.174419194,1,
1506104,Primavera,2023,ok,ok,5785083.43,5785083.43,5785083.43,new_observed,11449435.13,11449435.13,11376745.252846066,new_observed,5209618188.91,21189101.46602535,1,
1506104,Primavera,2024,ok,ok,6019067.92,6019067.92,6019067.92,new_observed,15689784.84,15689784.84,15778162.468300361,new_observed,6098672862.01,23387205.41452667,1,
1506104,Primavera,2025,ok,ok,6213700.35,6213700.35,6213700.35,new_observed,18577712.15,18577712.15,18899860.12290086,new_observed,6324366489.04,25113560.47290086,1,
1506112,Quatipuru,2019,ok,ok,107517.92,107517.92,107517.92,new_observed,3046212.3,3046212.3,3053322.3139674272,new_observed,3050343349.96,5507331.7392975995,1,
1506112,Quatipuru,2020,ok,ok,214516.95,214516.95,214516.95,new_observed,3834175.65,3834175.65,3960194.7099594083,new_observed,3458631628.6575,7120867.731306112,1,
1506112,Quatipuru,2021,ok,ok,214023.61,214023.61,214023.61,new_observed,4917077.05,4917077.05,4935152.456694422,new_observed,4235989112.455,6993822.243989975,1,
1506112,Quatipuru,2022,ok,ok,430393.98,430393.98,430393.98,new_observed,5180176.32,5180176.32,5188475.253057814,new_observed,4993162483.96,7143130.14968865,3,
1506112,Quatipuru,2023,ok,absent_dca,,,496014.8348241581,imputed_temporal,,,5407778.539683615,imputed_temporal,5209618188.91,7289204.382510351,1,
1506112,Quatipuru,2024,ok,absent_dca,,,570150.3459281927,imputed_temporal,,,6303972.879002059,imputed_temporal,6098672862.01,7375548.592288294,1,
1506112,Quatipuru,2025,ok,absent_dca,,,619832.7844488237,imputed_temporal,,,6242990.832758862,imputed_temporal,6324366489.04,6862823.6172076855,1,
1506138,Redenção,2019,ok,ok,10485508.09,10485508.09,10485508.09,new_observed,26239607.25,26239607.25,26300851.82380968,new_observed,3050343349.96,64095200.177914694,1,
1506138,Redenção,2020,ok,ok,10849763.53,10849763.53,10849763.53,new_observed,27831347.44,27831347.44,28746089.111209687,new_observed,3458631628.6575,67539234.40285777,1,
1506138,Redenção,2021,ok,ok,15772325.82,15772325.82,15772325.82,new_observed,33710284.46,33710284.46,33834205.05249898,new_observed,4235989112.455,67377625.96763967,1,
1506138,Redenção,2022,ok,ok,15606874.35,15606874.35,15606874.35,new_observed,37739665.12,37739665.12,37800126.18061023,new_observed,4993162483.96,67895005.18185745,1,
1506138,Redenção,2023,ok,ok,27354103.32,27354103.32,27354103.32,new_observed,36817614.68,36817614.68,36583867.96168569,new_observed,5209618188.91,78941946.45898183,1,
1506138,Redenção,2024,ok,ok,32319562.94,32319562.94,32319562.94,new_observed,52526751.06,52526751.06,52822624.440568686,new_observed,6098672862.01,91352790.70960663,1,
1506138,Redenção,2025,ok,ok,38360110.94,38360110.94,38360110.94,new_observed,64953538.76,64953538.76,66079869.638383836,new_observed,6324366489.04,104439980.57838383,1,
1506161,Rio Maria,2019,ok,ok,2116998.83,2116998.83,2116998.83,new_observed,11633726.65,11633726.65,11660880.357893154,new_observed,3050343349.96,24006069.821646594,5,
1506161,Rio Maria,2020,ok,ok,2408423.31,2408423.31,2408423.31,new_observed,12822934.91,12822934.91,13244390.354608774,new_observed,3458631628.6575,26699236.931142632,1,
1506161,Rio Maria,2021,ok,ok,2450857.91,2450857.91,2450857.91,new_observed,16216767.86,16216767.86,16276381.462015554,new_observed,4235989112.455,25436105.037404217,1,
1506161,Rio Maria,2022,ok,ok,3099861.61,3099861.61,3099861.61,new_observed,17859572.48,17859572.48,17888184.51698424,new_observed,4993162483.96,26681586.42857931,1,
1506161,Rio Maria,2023,ok,ok,4050420.38,4050420.38,4050420.38,new_observed,16346680.35,16346680.35,16242898.969257232,new_observed,5209618188.91,25055441.97651072,1,
1506161,Rio Maria,2024,ok,ok,3107489.6,3107489.6,3107489.6,new_observed,25029742.82,25029742.82,25170730.687581208,new_observed,6098672862.01,30340944.002586465,1,
1506161,Rio Maria,2025,ok,ok,3467302.13,3467302.13,3467302.13,new_observed,27552724.51,27552724.51,28030504.24289313,new_observed,6324366489.04,31497806.37289313,1,
1506187,Rondon do Pará,2019,ok,ok,1826415.69,1826415.69,1826415.69,new_observed,13410698.7,13410698.7,13441999.950759823,new_observed,3050343349.96,26603125.70167411,1,
1506187,Rondon do Pará,2020,ok,ok,2083694.33,2083694.33,2083694.33,new_observed,14248357.82,14248357.82,14716663.08881096,new_observed,3458631628.6575,28656619.36977545,1,
1506187,Rondon do Pará,2021,ok,ok,3145192.76,3145192.76,3145192.76,new_observed,16211404.89,16211404.89,16270998.777485387,new_observed,4235989112.455,26371868.141539287,1,
1506187,Rondon do Pará,2022,ok,ok,2890269.61,2890269.61,2890269.61,new_observed,16742304.01,16742304.01,16769126.12021971,new_observed,4993162483.96,24992505.883389335,1,
1506187,Rondon do Pará,2023,ok,ok,3387526.21,3387526.21,3387526.21,new_observed,17167475.74,17167475.74,17058483.31474803,new_observed,5209618188.91,25243963.123128016,1,
1506187,Rondon do Pará,2024,ok,ok,3610012.32,3610012.32,3610012.32,new_observed,27646650.28,27646650.28,27802378.698656626,new_observed,6098672862.01,33703733.37472621,1,
1506187,Rondon do Pará,2025,ok,ok,3645310.67,3645310.67,3645310.67,new_observed,30115135.88,30115135.88,30637349.266613163,new_observed,6324366489.04,34282659.936613165,1,
1506195,Rurópolis,2019,ok,ok,6566919.17,6566919.17,6566919.17,new_observed,7613099.65,7613099.65,7630869.010607899,new_observed,3050343349.96,24737703.802492153,1,
1506195,Rurópolis,2020,ok,ok,6354352.99,6354352.99,6354352.99,new_observed,8407288.26,8407288.26,8683613.25396134,new_observed,3458631628.6575,25650482.546652354,2,
1506195,Rurópolis,2021,ok,ok,4550841.34,4550841.34,4550841.34,new_observed,10215617.58,10215617.58,10253170.671097726,new_observed,4235989112.455,20107416.635682583,2,
1506195,Rurópolis,2022,ok,ok,4450593.92,4450593.92,4450593.92,new_observed,11508584.35,11508584.35,11527021.747727586,new_observed,4993162483.96,20311949.51553847,1,
1506195,Rurópolis,2023,ok,ok,7027859.4,7027859.4,7027859.4,new_observed,11360142.46,11360142.46,11288019.48183622,new_observed,5209618188.91,22613966.3341691,1,
1506195,Rurópolis,2024,ok,ok,6196196.9,6196196.9,6196196.9,new_observed,17495882.98,17495882.98,17594434.02187605,new_observed,6098672862.01,25526012.360256117,1,
1506195,Rurópolis,2025,ok,absent_dca,,,6929805.252721277,imputed_temporal,,,17424232.688567847,imputed_temporal,6324366489.04,24354037.941289123,1,
1506203,Salinópolis,2019,ok,ok,2929108.61,2929108.61,2929108.61,new_observed,6400131.03,6400131.03,6415069.260344835,new_observed,3050343349.96,16280951.757690983,1,
1506203,Salinópolis,2020,ok,ok,2819153.4,2819153.4,2819153.4,new_observed,7046375.88,7046375.88,7277971.337688082,new_observed,3458631628.6575,17222815.748734813,1,
1506203,Salinópolis,2021,ok,ok,4980742.33,4980742.33,4980742.33,new_observed,8547196.48,8547196.48,8578616.376597539,new_observed,4235989112.455,18416877.439834643,1,
1506203,Salinópolis,2022,ok,ok,7130361.31,7130361.31,7130361.31,new_observed,9496181.96,9496181.96,9511395.376208749,new_observed,4993162483.96,21156255.6447587,1,
1506203,Salinópolis,2023,ok,ok,7921504.4,7921504.4,7921504.4,new_observed,8871175.49,8871175.49,8814854.400858277,new_observed,5209618188.91,20663788.886184234,1,
1506203,Salinópolis,2024,ok,ok,6676413.71,6676413.71,6676413.71,new_observed,14288021.21,14288021.21,14368502.965519411,new_observed,6098672862.01,22580015.00439011,1,
1506203,Salinópolis,2025,ok,ok,6967203.25,6967203.25,6967203.25,new_observed,16402910.56,16402910.56,16687346.250676697,new_observed,6324366489.04,23654549.5006767,2,
1506302,Salvaterra,2019,ok,ok,744004.19,744004.19,744004.19,new_observed,4264281.15,4264281.15,4274234.198425922,new_observed,3050343349.96,8743593.951678522,1,
1506302,Salvaterra,2020,ok,ok,594176.73,594176.73,594176.73,new_observed,4716944.78,4716944.78,4871978.091281928,new_observed,3458631628.6575,9323701.527584849,1,
1506302,Salvaterra,2021,ok,ok,348174.66,348174.66,348174.66,new_observed,5791589.46,5791589.46,5812879.615478979,new_observed,4235989112.455,8368196.752288595,1,
1506302,Salvaterra,2022,ok,ok,680264.24,680264.24,680264.24,new_observed,7571515.81,7571515.81,7583645.803068145,new_observed,4993162483.96,10505705.424796015,1,
1506302,Salvaterra,2023,ok,ok,746757.97,746757.97,746757.97,new_observed,7769207.06,7769207.06,7719882.119479996,new_observed,5209618188.91,10453460.365306381,6,
1506302,Salvaterra,2024,ok,ok,548717.69,548717.69,548717.69,new_observed,8958462.37,8958462.37,9008923.715745173,new_observed,6098672862.01,10254813.058934564,1,
1506302,Salvaterra,2025,ok,ok,1430794.42,1430794.42,1430794.42,new_observed,13043421.49,13043421.49,13269601.75152887,new_observed,6324366489.04,14700396.17152887,1,
1506351,Santa Bárbara do Pará,2019,ok,ok,544404.86,544404.86,544404.86,new_observed,4868077.14,4868077.14,4879439.478882262,new_observed,3050343349.96,9450306.837888634,1,
1506351,Santa Bárbara do Pará,2020,ok,ok,590830.52,590830.52,590830.52,new_observed,5955213.21,5955213.21,6150945.08018233,new_observed,3458631628.6575,11499546.850982288,1,
1506351,Santa Bárbara do Pará,2021,ok,ok,554892.79,554892.79,554892.79,new_observed,7966678.37,7966678.37,7995964.254698796,new_observed,4235989112.455,11614124.94538844,1,
1506351,Santa Bárbara do Pará,2022,ok,ok,830909.21,830909.21,830909.21,new_observed,8790274.09,8790274.09,8804356.602201583,new_observed,4993162483.96,12249076.258702327,1,
1506351,Santa Bárbara do Pará,2023,ok,ok,1295378.1,1295378.1,1295378.1,new_observed,8565547.53,8565547.53,8511166.803733384,new_observed,5209618188.91,12107793.338132827,1,
1506351,Santa Bárbara do Pará,2024,ok,ok,815298.25,815298.25,815298.25,new_observed,13206538.1,13206538.1,13280928.063102664,new_observed,6098672862.01,15124460.056684023,1,
1506351,Santa Bárbara do Pará,2025,ok,absent_dca,,,911826.7522106124,imputed_temporal,,,13152453.816014074,imputed_temporal,6324366489.04,14064280.568224687,1,
1506401,Santa Cruz do Arari,2019,ok,ok,480021.96,480021.96,480021.96,new_observed,3047235.65,3047235.65,3054348.0525182164,new_observed,3050343349.96,6158156.283631961,1,
1506401,Santa Cruz do Arari,2020,ok,ok,209531.07,209531.07,209531.07,new_observed,3507394.03,3507394.03,3622672.655424435,new_observed,3458631628.6575,6536646.856331932,1,
1506401,Santa Cruz do Arari,2021,ok,ok,94788.37,94788.37,94788.37,new_observed,4370516.46,4370516.46,4386582.684237662,new_observed,4235989112.455,6086782.070907218,1,
1506401,Santa Cruz do Arari,2022,ok,ok,94244.79,94244.79,94244.79,new_observed,6843442.78,6843442.78,6854406.359231258,new_observed,4993162483.96,8833649.16765127,1,
1506401,Santa Cruz do Arari,2023,ok,ok,227067.16,227067.16,227067.16,new_observed,7140921.72,7140921.72,7095585.621170757,new_observed,5209618188.91,9041019.791544065,1,
1506401,Santa Cruz do Arari,2024,ok,ok,276565.08,276565.08,276565.08,new_observed,9940509.03,9940509.03,9996502.06120652,new_observed,6098672862.01,11022424.73876771,1,
1506401,Santa Cruz do Arari,2025,ok,ok,297543.33,297543.33,297543.33,new_observed,9039232.03,9039232.03,9195977.395173775,new_observed,6324366489.04,9493520.725173775,1,
1506500,Santa Izabel do Pará,2019,ok,ok,6582040.52,6582040.52,6582040.52,new_observed,18572388.3,18572388.3,18615737.196011446,new_observed,3050343349.96,43903680.889613,1,
1506500,Santa Izabel do Pará,2020,ok,ok,4803060.85,4803060.85,4803060.85,new_observed,13801701.25,13801701.25,14255326.116499163,new_observed,3458631628.6575,32508173.932618007,1,
1506500,Santa Izabel do Pará,2021,ok,ok,6895781.22,6895781.22,6895781.22,new_observed,18960249.91,18960249.91,19029948.68117364,new_observed,4235989112.455,35213390.28340991,1,
1506500,Santa Izabel do Pará,2022,ok,ok,6171843.71,6171843.71,6171843.71,new_observed,28780018.51,28780018.51,28826125.714130294,new_observed,4993162483.96,44492057.06738581,1,
1506500,Santa Izabel do Pará,2023,ok,ok,7882715.14,7882715.14,7882715.14,new_observed,27626654.74,27626654.74,27451259.350059498,new_observed,5209618188.91,43625605.66847824,2,
1506500,Santa Izabel do Pará,2024,ok,ok,8891060.96,8891060.96,8891060.96,new_observed,43754141.93,43754141.93,44000600.84142066,new_observed,6098672862.01,56749785.96957212,1,
1506500,Santa Izabel do Pará,2025,ok,ok,8874801.45,8874801.45,8874801.45,new_observed,53500335.87,53500335.87,54428061.77138532,new_observed,6324366489.04,63302863.221385315,1,
1506559,Santa Luzia do Pará,2019,ok,ok,310723.59,310723.59,310723.59,new_observed,3960374.72,3960374.72,3969618.435408623,new_observed,3050343349.96,7457910.475276874,1,
1506559,Santa Luzia do Pará,2020,ok,ok,885115.82,885115.82,885115.82,new_observed,4824434.3,4824434.3,4983000.50322596,new_observed,3458631628.6575,10009333.236206474,1,
1506559,Santa Luzia do Pará,2021,ok,ok,891860.94,891860.94,891860.94,new_observed,5954754.42,5954754.42,5976644.377552506,new_observed,4235989112.455,9329085.789777655,1,
1506559,Santa Luzia do Pará,2022,ok,ok,1167751.44,1167751.44,1167751.44,new_observed,6856158.09,6856158.09,6867142.03987117,new_observed,4993162483.96,10214562.305158023,1,
1506559,Santa Luzia do Pará,2023,ok,ok,743979.17,743979.17,743979.17,new_observed,7332220.47,7332220.47,7285669.858622382,new_observed,5209618188.91,9913922.994355159,1,
1506559,Santa Luzia do Pará,2024,ok,ok,1141200.01,1141200.01,1141200.01,new_observed,11342364.11,11342364.11,11406253.529108241,new_observed,6098672862.01,13462713.754031017,1,
1506559,Santa Luzia do Pará,2025,ok,ok,875157.27,875157.27,875157.27,new_observed,11073569.21,11073569.21,11265591.125560733,new_observed,6324366489.04,12140748.395560732,1,
1506583,Santa Maria das Barreiras,2019,ok,ok,1565606.44,1565606.44,1565606.44,new_observed,11579388.65,11579388.65,11606415.530245928,new_observed,3050343349.96,22950446.494540624,2,
1506583,Santa Maria das Barreiras,2020,ok,ok,2605919.48,2605919.48,2605919.48,new_observed,13952405.95,13952405.95,14410984.075389497,new_observed,3458631628.6575,29025985.3336792,2,
1506583,Santa Maria das Barreiras,2021,ok,ok,2427602.41,2427602.41,2427602.41,new_observed,18873458.66,18873458.66,18942838.38245317,new_observed,4235989112.455,29026209.67747916,3,
1506583,Santa Maria das Barreiras,2022,ok,ok,3797653.63,3797653.63,3797653.63,new_observed,24373031.81,24373031.81,24412078.774217457,new_observed,4993162483.96,35862338.43380517,1,
1506583,Santa Maria das Barreiras,2023,ok,ok,6216415.58,6216415.58,6216415.58,new_observed,26477044.94,26477044.94,26308948.16297692,new_observed,5209618188.91,40157913.54788352,1,
1506583,Santa Maria das Barreiras,2024,ok,ok,6508080.08,6508080.08,6508080.08,new_observed,29223728.43,29223728.43,29388340.235392813,new_observed,6098672862.01,38514845.26276742,1,
1506583,Santa Maria das Barreiras,2025,ok,ok,6716667.53,6716667.53,6716667.53,new_observed,30996160.78,30996160.78,31533651.633683305,new_observed,6324366489.04,38250319.1636833,1,
1506609,Santa Maria do Pará,2019,ok,ok,668177.71,668177.71,668177.71,new_observed,4569827.0,4569827.0,4580493.207932628,new_observed,3050343349.96,9145091.11369294,1,
1506609,Santa Maria do Pará,2020,ok,ok,1022013.51,1022013.51,1022013.51,new_observed,5604612.14,5604612.14,5788820.694274212,new_observed,3458631628.6575,11617341.13846889,1,
1506609,Santa Maria do Pará,2021,ok,ok,1003955.61,1003955.61,1003955.61,new_observed,7147084.12,7147084.12,7173357.137655528,new_observed,4235989112.455,11106761.751755418,1,
1506609,Santa Maria do Pará,2022,ok,ok,1094595.38,1094595.38,1094595.38,new_observed,7786419.98,7786419.98,7798894.261604,new_observed,4993162483.96,11306074.471555794,1,
1506609,Santa Maria do Pará,2023,ok,ok,1513251.21,1513251.21,1513251.21,new_observed,7788627.8,7788627.8,7739179.561588981,new_observed,5209618188.91,11423648.263225855,1,
1506609,Santa Maria do Pará,2024,ok,absent_dca,,,1739278.3218167806,imputed_temporal,,,9021741.127889888,imputed_temporal,6098672862.01,11545970.192391524,1,
1506609,Santa Maria do Pará,2025,ok,absent_dca,,,1908908.0454343045,imputed_temporal,,,8934468.50708156,imputed_temporal,6324366489.04,10843376.552515864,1,
1506708,Santana do Araguaia,2019,ok,ok,2205364.62,2205364.62,2205364.62,new_observed,20143216.26,20143216.26,20190231.54811945,new_observed,3050343349.96,39021262.85021434,1,
1506708,Santana do Araguaia,2020,ok,ok,6990565.21,6990565.21,6990565.21,new_observed,24876863.09,24876863.09,25694498.792563785,new_observed,3458631628.6575,55751399.4999584,1,
1506708,Santana do Araguaia,2021,ok,ok,6125046.57,6125046.57,6125046.57,new_observed,31056886.51,31056886.51,31171053.08673297,new_observed,4235989112.455,50657093.09893084,1,
1506708,Santana do Araguaia,2022,ok,ok,13939181.36,13939181.36,13939181.36,new_observed,31221732.11,31221732.11,31271751.07629069,new_observed,4993162483.96,57475545.55660214,1,
1506708,Santana do Araguaia,2023,ok,ok,12032777.53,12032777.53,12032777.53,new_observed,29259951.08,29259951.08,29074186.2605669,new_observed,5209618188.91,50753310.89799136,1,
1506708,Santana do Araguaia,2024,ok,ok,10724315.13,10724315.13,10724315.13,new_observed,39069299.34,39069299.34,39289369.40789687,new_observed,6098672862.01,53661877.81604379,1,
1506708,Santana do Araguaia,2025,ok,ok,12075481.45,12075481.45,12075481.45,new_observed,45582459.52,45582459.52,46372884.99411865,new_observed,6324366489.04,58448366.44411865,1,
1506807,Santarém,2019,ok,ok,44856832.99,44856832.99,44856832.99,new_observed,62165022.57,62165022.57,62310118.88477693,new_observed,3050343349.96,186723754.37429956,1,
1506807,Santarém,2020,ok,ok,47126625.64,47126625.64,47126625.64,new_observed,70474723.74,70474723.74,72791038.70502092,new_observed,3458631628.6575,204545342.52944306,1,
1506807,Santarém,2021,ok,ok,55723280.69,55723280.69,55723280.69,new_observed,85325622.34,85325622.34,85639283.34420373,new_observed,4235989112.455,192004435.6619867,1,
1506807,Santarém,2022,ok,ok,66613686.78,66613686.78,66613686.78,new_observed,95370185.91,95370185.91,95522974.2978243,new_observed,4993162483.96,206120346.29689705,1,
1506807,Santarém,2023,ok,ok,80453246.92,80453246.92,80453246.92,new_observed,93677039.98,93677039.98,93082305.61529334,new_observed,5209618188.91,214258194.6589686,1,
1506807,Santarém,2024,ok,ok,98127589.53,98127589.53,98127589.53,new_observed,124315924.83,124315924.83,125016173.22145222,new_observed,6098672862.01,239420739.3999815,1,
1506807,Santarém,2025,ok,ok,110861935.09,110861935.09,110861935.09,new_observed,160386761.98,160386761.98,163167958.60070392,new_observed,6324366489.04,274029893.6907039,1,
1506906,Santarém Novo,2019,ok,ok,251582.79,251582.79,251582.79,new_observed,3046212.4,3046212.4,3053322.4142008326,new_observed,3050343349.96,5758345.243416256,1,
1506906,Santarém Novo,2020,ok,ok,16660.54,16660.54,16660.54,new_observed,2734494.85,2734494.85,2824370.35438928,new_observed,3458631628.6575,4845988.62564249,1,
1506906,Santarém Novo,2021,ok,ok,61449.25,61449.25,61449.25,new_observed,3985266.99,3985266.99,3999917.0190513246,new_observed,4235989112.455,5516314.3356479425,1,
1506906,Santarém Novo,2022,ok,ok,389909.57,389909.57,389909.57,new_observed,5036258.1,5036258.1,5044326.4679959705,new_observed,4993162483.96,6908410.513481372,1,
1506906,Santarém Novo,2023,ok,ok,864734.25,864734.25,864734.25,new_observed,4827267.76,4827267.76,4796620.5274964385,new_observed,5209618188.91,6989874.041537498,1,
1506906,Santarém Novo,2024,ok,ok,865043.19,865043.19,865043.19,new_observed,10422770.71,10422770.71,10481480.231198778,new_observed,6098672862.01,12174183.107902888,1,
1506906,Santarém Novo,2025,ok,ok,1106666.65,1106666.65,1106666.65,new_observed,9901638.52,9901638.52,10073338.498547416,new_observed,6324366489.04,11180005.148547417,2,
1507003,Santo Antônio do Tauá,2019,ok,ok,377573.42,377573.42,377573.42,new_observed,7304744.63,7304744.63,7321794.274355973,new_observed,3050343349.96,13415095.018081892,1,
1507003,Santo Antônio do Tauá,2020,ok,ok,374401.09,374401.09,374401.09,new_observed,7794483.82,7794483.82,8050667.57722177,new_observed,3458631628.6575,14370764.8558993,4,
1507003,Santo Antônio do Tauá,2021,ok,ok,262316.18,262316.18,262316.18,new_observed,5472071.42,5472071.42,5492187.012123458,new_observed,4235989112.455,7816002.386964553,1,
1507003,Santo Antônio do Tauá,2022,ok,ok,967426.73,967426.73,967426.73,new_observed,8918574.5,8918574.5,8932862.556655692,new_observed,4993162483.96,12585994.07832529,3,
1507003,Santo Antônio do Tauá,2023,ok,ok,1485196.73,1485196.73,1485196.73,new_observed,8817738.35,8817738.35,8761756.52118841,new_observed,5209618188.91,12651549.91169871,1,
1507003,Santo Antônio do Tauá,2024,ok,ok,1772983.01,1772983.01,1772983.01,new_observed,15446561.76,15446561.76,15533569.358106988,new_observed,6098672862.01,18568959.819199383,5,
1507003,Santo Antônio do Tauá,2025,ok,ok,1114503.34,1114503.34,1114503.34,new_observed,17050314.7,17050314.7,17345976.742428984,new_observed,6324366489.04,18460480.082428984,1,
1507102,São Caetano de Odivelas,2019,ok,ok,194960.79,194960.79,194960.79,new_observed,3962365.19,3962365.19,3971613.55126653,new_observed,3050343349.96,7259685.847834794,1,
1507102,São Caetano de Odivelas,2020,ok,ok,203158.46,203158.46,203158.46,new_observed,4221570.78,4221570.78,4360322.477838283,new_observed,3458631628.6575,7783997.267250584,1,
1507102,São Caetano de Odivelas,2021,ok,ok,360884.42,360884.42,360884.42,new_observed,5124687.21,5124687.21,5143525.801415291,new_observed,4235989112.455,7476315.850915073,2,
1507102,São Caetano de Odivelas,2022,ok,ok,499621.75,499621.75,499621.75,new_observed,6046255.74,6046255.74,6055942.18087325,new_observed,4993162483.96,8333927.062642914,1,
1507102,São Caetano de Odivelas,2023,ok,ok,527251.07,527251.07,527251.07,new_observed,5938583.91,5938583.91,5900881.182312137,new_observed,5209618188.91,7936587.006454366,1,
1507102,São Caetano de Odivelas,2024,ok,ok,462554.66,462554.66,462554.66,new_observed,10103031.02,10103031.02,10159939.507228978,new_observed,6098672862.01,11397340.33535473,1,
1507102,São Caetano de Odivelas,2025,ok,ok,661085.67,661085.67,661085.67,new_observed,10032813.41,10032813.41,10206788.03488534,new_observed,6324366489.04,10867873.70488534,3,
1507151,São Domingos do Araguaia,2019,ok,ok,432098.5,432098.5,432098.5,new_observed,6973821.68,6973821.68,6990098.933411113,new_observed,3050343349.96,12932163.752247227,1,
1507151,São Domingos do Araguaia,2020,ok,ok,496265.23,496265.23,496265.23,new_observed,7106655.02,7106655.02,7340231.691187771,new_observed,3458631628.6575,13366829.280158784,2,
1507151,São Domingos do Araguaia,2021,ok,ok,644581.99,644581.99,644581.99,new_observed,8710796.83,8710796.83,8742818.1291852,new_observed,4235989112.455,12750352.078937333,1,
1507151,São Domingos do Araguaia,2022,ok,ok,976664.35,976664.35,976664.35,new_observed,10004460.29,10004460.29,10020487.996606378,new_observed,4993162483.96,13980409.087579675,1,
1507151,São Domingos do Araguaia,2023,ok,ok,1567062.22,1567062.22,1567062.22,new_observed,10128495.33,10128495.33,10064191.801229153,new_observed,5209618188.91,14360696.997242626,1,
1507151,São Domingos do Araguaia,2024,ok,ok,2022060.61,2022060.61,2022060.61,new_observed,13486255.65,13486255.65,13562221.209831052,new_observed,6098672862.01,16721060.137708722,1,
1507151,São Domingos do Araguaia,2025,ok,ok,2048689.53,2048689.53,2048689.53,new_observed,14238083.49,14238083.49,14484979.862236919,new_observed,6324366489.04,16533669.392236918,1,
1507201,São Domingos do Capim,2019,ok,ok,799892.71,799892.71,799892.71,new_observed,3961369.94,3961369.94,3970615.9783025663,new_observed,3050343349.96,8311958.835928444,5,
1507201,São Domingos do Capim,2020,ok,ok,949289.76,949289.76,949289.76,new_observed,4546926.3,4546926.3,4696371.560294923,new_observed,3458631628.6575,9629888.431135882,1,
1507201,São Domingos do Capim,2021,ok,ok,1388973.86,1388973.86,1388973.86,new_observed,5686528.54,5686528.54,5707432.48659159,new_observed,4235989112.455,9638630.319946533,1,
1507201,São Domingos do Capim,2022,ok,ok,2288241.72,2288241.72,2288241.72,new_observed,7016890.18,7016890.18,7028131.631695964,new_observed,4993162483.96,11843676.123076383,1,
1507201,São Domingos do Capim,2023,ok,ok,2953929.65,2953929.65,2953929.65,new_observed,6741402.88,6741402.88,6698603.236032553,new_observed,5209618188.91,11917640.159799794,1,
1507201,São Domingos do Capim,2024,ok,ok,3933364.76,3933364.76,3933364.76,new_observed,10216788.28,10216788.28,10274337.540633028,new_observed,6098672862.01,15244067.537667442,1,
1507201,São Domingos do Capim,2025,ok,ok,3524909.31,3524909.31,3524909.31,new_observed,10421314.51,10421314.51,10602025.962371107,new_observed,6324366489.04,14126935.272371108,1,
1507300,São Félix do Xingu,2019,ok,ok,4617719.18,4617719.18,4617719.18,new_observed,38103031.8,38103031.8,38191966.20824835,new_observed,3050343349.96,74590020.89204438,1,
1507300,São Félix do Xingu,2020,ok,ok,4990668.7,4990668.7,4990668.7,new_observed,41756692.27,41756692.27,43129122.640236095,new_observed,3458631628.6575,82078643.34161039,1,
1507300,São Félix do Xingu,2021,ok,ok,6581597.77,6581597.77,6581597.77,new_observed,52618695.06,52618695.06,52812123.85992887,new_observed,4235989112.455,80670990.09791857,1,
1507300,São Félix do Xingu,2022,ok,ok,12376818.01,12376818.01,12376818.01,new_observed,52971610.42,52971610.42,53056473.91144969,new_observed,4993162483.96,83183733.40451023,1,
1507300,São Félix do Xingu,2023,ok,ok,11814128.01,11814128.01,11814128.01,new_observed,50796439.25,50796439.25,50473944.1323793,new_observed,5209618188.91,76904874.48270608,1,
1507300,São Félix do Xingu,2024,ok,ok,19907401.78,19907401.78,19907401.78,new_observed,62760969.47,62760969.47,63114490.29186933,new_observed,6098672862.01,89077832.78877714,1,
1507300,São Félix do Xingu,2025,ok,ok,11865015.12,11865015.12,11865015.12,new_observed,67463540.99,67463540.99,68633396.71815233,new_observed,6324366489.04,80498411.83815233,4,
1507409,São Francisco do Pará,2019,ok,ok,585232.52,585232.52,585232.52,new_observed,4575745.0,4575745.0,4586425.020844702,new_observed,3050343349.96,9010905.838705325,1,
1507409,São Francisco do Pará,2020,ok,ok,987175.02,987175.02,987175.02,new_observed,4612559.47,4612559.47,4764161.916386687,new_observed,3458631628.6575,9810140.900265943,1,
1507409,São Francisco do Pará,2021,ok,ok,1008083.62,1008083.62,1008083.62,new_observed,5448474.78,5448474.78,5468503.629764069,new_observed,4235989112.455,8796766.586701743,1,
1507409,São Francisco do Pará,2022,ok,ok,1623146.32,1623146.32,1623146.32,new_observed,5861425.87,5861425.87,5870816.20305308,new_observed,4993162483.96,9526890.09456193,1,
1507409,São Francisco do Pará,2023,ok,ok,1591707.26,1591707.26,1591707.26,new_observed,5610181.84,5610181.84,5574564.062866846,new_observed,5209618188.91,8847941.148898095,1,
1507409,São Francisco do Pará,2024,ok,ok,1859700.85,1859700.85,1859700.85,new_observed,8930335.22,8930335.22,8980638.130761316,new_observed,6098672862.01,11631075.59950575,1,
1507409,São Francisco do Pará,2025,ok,ok,1284733.48,1284733.48,1284733.48,new_observed,8774225.22,8774225.22,8926375.218103973,new_observed,6324366489.04,10211108.698103974,1,
1507458,São Geraldo do Araguaia,2019,ok,ok,1825707.96,1825707.96,1825707.96,new_observed,11885104.61,11885104.61,11912845.046797996,new_observed,3050343349.96,23937549.33047995,1,
1507458,São Geraldo do Araguaia,2020,ok,ok,2115261.71,2115261.71,2115261.71,new_observed,14589736.02,14589736.02,15069261.473742926,new_observed,3458631628.6575,29311896.625259764,3,
1507458,São Geraldo do Araguaia,2021,ok,ok,2829809.4,2829809.4,2829809.4,new_observed,16003986.73,16003986.73,16062818.138565557,new_observed,4235989112.455,25660742.03235799,1,
1507458,São Geraldo do Araguaia,2022,ok,ok,5976059.69,5976059.69,5976059.69,new_observed,18441639.96,18441639.96,18471184.501739528,new_observed,4993162483.96,31079179.781477317,1,
1507458,São Geraldo do Araguaia,2023,ok,ok,3528883.88,3528883.88,3528883.88,new_observed,16850474.61,16850474.61,16743494.753310211,new_observed,5209618188.91,25029587.21690598,1,
1507458,São Geraldo do Araguaia,2024,ok,ok,4145116.28,4145116.28,4145116.28,new_observed,22522016.73,22522016.73,22648879.044775914,new_observed,6098672862.01,28748453.880303446,3,
1507458,São Geraldo do Araguaia,2025,ok,ok,3635036.01,3635036.01,3635036.01,new_observed,26512682.32,26512682.32,26972427.13661632,new_observed,6324366489.04,30607463.146616317,1,
1507466,São João da Ponta,2019,ok,ok,202562.94,202562.94,202562.94,new_observed,2742486.81,2742486.81,2748887.9132732637,new_observed,3050343349.96,5142499.385616316,3,
1507466,São João da Ponta,2020,ok,ok,223095.65,223095.65,223095.65,new_observed,3337571.37,3337571.37,3447268.380515112,new_observed,3458631628.6575,6260594.483139904,4,
1507466,São João da Ponta,2021,ok,ok,293093.19,293093.19,293093.19,new_observed,3832159.63,3832159.63,3846246.8291888335,new_observed,4235989112.455,5622221.482945997,1,
1507466,São João da Ponta,2022,ok,ok,293717.52,293717.52,293717.52,new_observed,4971174.01,4971174.01,4979138.109632758,new_observed,4993162483.96,6703251.572645692,1,
1507466,São João da Ponta,2023,ok,ok,351830.65,351830.65,351830.65,new_observed,4828227.63,4828227.63,4797574.303498647,new_observed,5209618188.91,6357787.743120723,1,
1507466,São João da Ponta,2024,ok,absent_dca,,,411602.0555186722,imputed_temporal,,,6498038.188568285,imputed_temporal,6098672862.01,7413656.361391628,1,
1507466,São João da Ponta,2025,ok,ok,468409.3,468409.3,468409.3,new_observed,7206844.23,7206844.23,7331814.960570114,new_observed,6324366489.04,7800224.260570114,1,
1507474,São João de Pirabas,2019,ok,ok,351386.73,351386.73,351386.73,new_observed,4264543.6,4264543.6,4274497.260997528,new_observed,3050343349.96,8059970.0839520125,1,
1507474,São João de Pirabas,2020,ok,ok,494453.88,494453.88,494453.88,new_observed,5000048.06,5000048.06,5164386.21604485,new_observed,3458631628.6575,9652367.664821852,1,
1507474,São João de Pirabas,2021,ok,ok,502583.84,502583.84,502583.84,new_observed,5619109.59,5619109.59,5639765.701357818,new_observed,4235989112.455,8342791.214806464,1,
1507474,São João de Pirabas,2022,ok,ok,1235490.01,1235490.01,1235490.01,new_observed,5962851.93,5962851.93,5972404.753290912,new_observed,4993162483.96,9163219.193023793,1,
1507474,São João de Pirabas,2023,ok,ok,957191.28,957191.28,957191.28,new_observed,5862558.95,5862558.95,5825338.887608746,new_observed,5209618188.91,8374149.548613618,1,
1507474,São João de Pirabas,2024,ok,ok,1003456.83,1003456.83,1003456.83,new_observed,10053597.64,10053597.64,10110227.678229978,new_observed,6098672862.01,11924360.016203163,1,
1507474,São João de Pirabas,2025,ok,ok,804491.77,804491.77,804491.77,new_observed,9909660.37,9909660.37,10081499.451936228,new_observed,6324366489.04,10885991.221936228,1,
1507508,São João do Araguaia,2019,ok,ok,362148.64,362148.64,362148.64,new_observed,5184172.53,5184172.53,5196272.651550246,new_observed,3050343349.96,9684788.769256627,1,
1507508,São João do Araguaia,2020,ok,ok,884740.84,884740.84,884740.84,new_observed,5151282.79,5151282.79,5320591.625598307,new_observed,3458631628.6575,10584527.822631665,1,
1507508,São João do Araguaia,2021,ok,ok,411365.34,411365.34,411365.34,new_observed,6511986.1,6511986.1,6535924.467438418,new_observed,4235989112.455,9436094.117072865,1,
1507508,São João do Araguaia,2022,ok,ok,423700.67,423700.67,423700.67,new_observed,6658887.58,6658887.58,6669555.491447835,new_observed,4993162483.96,9017481.960285634,1,
1507508,São João do Araguaia,2023,ok,ok,537119.8,537119.8,537119.8,new_observed,6199337.85,6199337.85,6159979.6544527365,new_observed,5209618188.91,8268671.275707481,2,
1507508,São João do Araguaia,2024,ok,ok,653059.33,653059.33,653059.33,new_observed,10760641.35,10760641.35,10821254.033424394,new_observed,6098672862.01,12311294.547085783,1,
1507508,São João do Araguaia,2025,ok,ok,716691.88,716691.88,716691.88,new_observed,10508496.11,10508496.11,10690719.340327803,new_observed,6324366489.04,11407411.220327804,3,
1507607,São Miguel do Guamá,2019,ok,ok,1339583.59,1339583.59,1339583.59,new_observed,7010567.56,7010567.56,7026930.580158244,new_observed,3050343349.96,14577506.493822506,1,
1507607,São Miguel do Guamá,2020,ok,ok,1896436.43,1896436.43,1896436.43,new_observed,7542389.98,7542389.98,7790288.089500244,new_observed,3458631628.6575,16522789.996383052,4,
1507607,São Miguel do Guamá,2021,ok,ok,2005875.86,2005875.86,2005875.86,new_observed,9250456.92,9250456.92,9284462.035079136,new_observed,4235989112.455,15335000.25829539,2,
1507607,São Miguel do Guamá,2022,ok,ok,2949448.69,2949448.69,2949448.69,new_observed,10001772.32,10001772.32,10017795.720327651,new_observed,4993162483.96,16484938.635132674,2,
1507607,São Miguel do Guamá,2023,ok,ok,3989909.22,3989909.22,3989909.22,new_observed,9629147.88,9629147.88,9568014.595384039,new_observed,5209618188.91,16739487.88918759,1,
1507607,São Miguel do Guamá,2024,ok,ok,5751876.37,5751876.37,5751876.37,new_observed,16036419.43,16036419.43,16126749.586219862,new_observed,6098672862.01,23474538.29273432,1,
1507607,São Miguel do Guamá,2025,ok,ok,5806808.38,5806808.38,5806808.38,new_observed,18640974.01,18640974.01,18964218.979118504,new_observed,6324366489.04,24771027.359118503,1,
1507706,São Sebastião da Boa Vista,2019,ok,ok,420264.13,420264.13,420264.13,new_observed,4264357.29,4264357.29,4274310.516140542,new_observed,3050343349.96,8179654.154407995,1,
1507706,São Sebastião da Boa Vista,2020,ok,ok,321504.48,321504.48,321504.48,new_observed,4844576.97,4844576.97,5003805.208711599,new_observed,3458631628.6575,9083459.891437612,1,
1507706,São Sebastião da Boa Vista,2021,ok,ok,319559.0,319559.0,319559.0,new_observed,5881938.43,5881938.43,5903560.712545642,new_observed,4235989112.455,8452496.57593367,1,
1507706,São Sebastião da Boa Vista,2022,ok,ok,705772.19,705772.19,705772.19,new_observed,8566414.91,8566414.91,8580138.78723736,new_observed,4993162483.96,11804950.05624675,1,
1507706,São Sebastião da Boa Vista,2023,ok,ok,800448.48,800448.48,800448.48,new_observed,9306067.73,9306067.73,9246985.608270917,new_observed,5209618188.91,12405210.674452923,2,
1507706,São Sebastião da Boa Vista,2024,ok,ok,1296243.91,1296243.91,1296243.91,new_observed,14609337.03,14609337.03,14691628.697535193,new_observed,6098672862.01,17154090.412073933,1,
1507706,São Sebastião da Boa Vista,2025,ok,ok,2713481.46,2713481.46,2713481.46,new_observed,14641370.29,14641370.29,14895259.882073069,new_observed,6324366489.04,17608741.342073068,1,
1507755,Sapucaia,2019,ok,ok,551735.97,551735.97,551735.97,new_observed,5189525.57,5189525.57,5201638.185817034,new_observed,3050343349.96,10024467.46782084,1,
1507755,Sapucaia,2020,ok,ok,696591.53,696591.53,696591.53,new_observed,4849263.39,4849263.39,5008645.658755312,new_observed,3458631628.6575,9731507.875504466,1,
1507755,Sapucaia,2021,ok,ok,972522.72,972522.72,972522.72,new_observed,6150129.82,6150129.82,6172737.986719695,new_observed,4235989112.455,9704986.3167418,1,
1507755,Sapucaia,2022,ok,ok,1337463.28,1337463.28,1337463.28,new_observed,7189779.21,7189779.21,7201297.639620607,new_observed,4993162483.96,10855116.578808904,1,
1507755,Sapucaia,2023,ok,ok,1177398.65,1177398.65,1177398.65,new_observed,7676897.05,7676897.05,7628158.164880179,new_observed,5209618188.91,10871908.831128417,1,
1507755,Sapucaia,2024,ok,ok,901939.39,901939.39,901939.39,new_observed,11634920.01,11634920.01,11700457.341864916,new_observed,6098672862.01,13521664.71762775,1,
1507755,Sapucaia,2025,ok,ok,779417.8,779417.8,779417.8,new_observed,10568214.34,10568214.34,10751473.118009046,new_observed,6324366489.04,11530890.918009046,1,
1507805,Senador José Porfírio,2019,ok,ok,598235.98,598235.98,598235.98,new_observed,6399852.57,6399852.57,6414790.150405074,new_observed,3050343349.96,12219238.726920517,1,
1507805,Senador José Porfírio,2020,ok,ok,1165021.82,1165021.82,1165021.82,new_observed,7204099.57,7204099.57,7440878.981935752,new_observed,3458631628.6575,14679212.915969756,1,
1507805,Senador José Porfírio,2021,ok,ok,1741482.42,1741482.42,1741482.42,new_observed,8201380.87,8201380.87,8231529.532136807,new_observed,4235989112.455,13545754.102599336,1,
1507805,Senador José Porfírio,2022,ok,ok,1191928.25,1191928.25,1191928.25,new_observed,8334482.79,8334482.79,8347835.098970386,new_observed,4993162483.96,12127666.327952785,1,
1507805,Senador José Porfírio,2023,ok,ok,1121377.58,1121377.58,1121377.58,new_observed,10592742.08,10592742.08,10525491.153489137,new_observed,5209618188.91,14379975.928908592,1,
1507805,Senador José Porfírio,2024,ok,ok,1800192.89,1800192.89,1800192.89,new_observed,18000642.63,18000642.63,18102036.88873234,new_observed,6098672862.01,21353976.06716846,1,
1507805,Senador José Porfírio,2025,ok,ok,2999986.33,2999986.33,2999986.33,new_observed,17128160.95,17128160.95,17425172.890168436,new_observed,6324366489.04,20425159.220168434,1,
1507904,Soure,2019,ok,ok,415727.13,415727.13,415727.13,new_observed,4876547.12,4876547.12,4887929.228245054,new_observed,3050343349.96,9240895.722030193,1,
1507904,Soure,2020,ok,ok,809650.46,809650.46,809650.46,new_observed,5513610.63,5513610.63,5694828.2089533275,new_observed,3458631628.6575,11094785.948203435,1,
1507904,Soure,2021,ok,ok,878484.1,878484.1,878484.1,new_observed,6681521.44,6681521.44,6706083.027328695,new_observed,4235989112.455,10301670.325326346,1,
1507904,Soure,2022,ok,ok,1081560.2,1081560.2,1081560.2,new_observed,8498331.68,8498331.68,8511946.484083625,new_observed,4993162483.96,12195988.90701079,1,
1507904,Soure,2023,ok,ok,1282383.9,1282383.9,1282383.9,new_observed,8561650.86,8561650.86,8507294.872810936,new_observed,5209618188.91,12086969.324208703,1,
1507904,Soure,2024,ok,ok,1284592.48,1284592.48,1284592.48,new_observed,12733612.8,12733612.8,12805338.863195593,new_observed,6098672862.01,15117705.90711216,1,
1507904,Soure,2025,ok,ok,1261932.89,1261932.89,1261932.89,new_observed,12662289.0,12662289.0,12881860.209883066,new_observed,6324366489.04,14143793.099883066,1,
1507953,Tailândia,2019,ok,ok,6074428.95,6074428.95,6074428.95,new_observed,18897855.35,18897855.35,18941963.90260906,new_observed,3050343349.96,43587642.57660081,1,
1507953,Tailândia,2020,ok,ok,6107851.4,6107851.4,6107851.4,new_observed,18123273.78,18123273.78,18718937.133384082,new_observed,3458631628.6575,42347422.22677345,1,
1507953,Tailândia,2021,ok,ok,8089946.98,8089946.98,8089946.98,new_observed,23831863.09,23831863.09,23919470.14054185,new_observed,4235989112.455,43476503.925124876,1,
1507953,Tailândia,2022,ok,ok,15769237.97,15769237.97,15769237.97,new_observed,32125151.65,32125151.65,32176617.94507304,new_observed,4993162483.96,60952386.45609217,1,
1507953,Tailândia,2023,ok,ok,7907191.57,7907191.57,7907191.57,new_observed,33826319.08,33826319.08,33611563.421700984,new_observed,5209618188.91,51261734.895509064,1,
1507953,Tailândia,2024,ok,ok,11026627.54,11026627.54,11026627.54,new_observed,48036164.47,48036164.47,48306743.2148201,new_observed,6098672862.01,63661378.30630365,3,
1507953,Tailândia,2025,ok,ok,14117464.84,14117464.84,14117464.84,new_observed,58503292.81,58503292.81,59517772.79734156,new_observed,6324366489.04,73635237.63734156,1,
1507961,Terra Alta,2019,ok,ok,160492.78,160492.78,160492.78,new_observed,3655902.56,3655902.56,3664435.6219488187,new_observed,3050343349.96,6664414.532003408,1,
1507961,Terra Alta,2020,ok,ok,240360.61,240360.61,240360.61,new_observed,3868429.68,3868429.68,3995574.5779633154,new_observed,3458631628.6575,7225297.613048886,1,
1507961,Terra Alta,2021,ok,ok,187167.5,187167.5,187167.5,new_observed,4796578.7,4796578.7,4814211.149087675,new_observed,4235989112.455,6793077.72613434,1,
1507961,Terra Alta,2022,ok,ok,354633.85,354633.85,354633.85,new_observed,5153617.76,5153617.76,5161874.1447548345,new_observed,4993162483.96,7013000.8270164495,1,
1507961,Terra Alta,2023,ok,ok,1057119.59,1057119.59,1057119.59,new_observed,5025179.41,5025179.41,4993275.681139851,new_observed,5209618188.91,7470208.547058024,1,
1507961,Terra Alta,2024,ok,ok,456520.31,456520.31,456520.31,new_observed,8704490.35,8704490.35,8753521.118779896,new_observed,6098672862.01,9881857.78349117,1,
1507961,Terra Alta,2025,ok,ok,268822.06,268822.06,268822.06,new_observed,8135148.92,8135148.92,8276216.97577912,new_observed,6324366489.04,8545039.03577912,1,
1507979,Terra Santa,2019,ok,ok,1343502.48,1343502.48,1343502.48,new_observed,13113640.88,13113640.88,13144248.782745527,new_observed,3050343349.96,25242924.809337124,1,
1507979,Terra Santa,2020,ok,ok,1417783.72,1417783.72,1417783.72,new_observed,15326868.5,15326868.5,15830621.519372357,new_observed,3458631628.6575,29420861.19708975,1,
1507979,Terra Santa,2021,ok,ok,1438288.66,1438288.66,1438288.66,new_observed,16071113.74,16071113.74,16130191.910614146,new_observed,4235989112.455,23862231.280575603,1,
1507979,Terra Santa,2022,ok,ok,2666531.51,2666531.51,2666531.51,new_observed,12997862.2,12997862.2,13018685.50438754,new_observed,4993162483.96,19940230.30482728,1,
1507979,Terra Santa,2023,ok,ok,3124326.42,3124326.42,3124326.42,new_observed,11612011.09,11612011.09,11538289.054802772,new_observed,5209618188.91,18103411.518345598,1,
1507979,Terra Santa,2024,ok,ok,3107538.24,3107538.24,3107538.24,new_observed,22000679.7,22000679.7,22124605.42063352,new_observed,6098672862.01,27072674.662227895,1,
1507979,Terra Santa,2025,ok,ok,3701498.05,3701498.05,3701498.05,new_observed,25273635.99,25273635.99,25711895.046673607,new_observed,6324366489.04,29413393.096673608,1,
1508001,Tomé-Açu,2019,ok,ok,4579207.27,4579207.27,4579207.27,new_observed,12190820.29,12190820.29,12219274.282696538,new_observed,3050343349.96,29269056.25693331,1,
1508001,Tomé-Açu,2020,ok,ok,7665480.86,7665480.86,7665480.86,new_observed,14292832.69,14292832.69,14762599.728385657,new_observed,3458631628.6575,38255910.430595174,1,
1508001,Tomé-Açu,2021,ok,ok,8860866.23,8860866.23,8860866.23,new_observed,18125171.59,18125171.59,18191800.573960178,new_observed,4235989112.455,36744042.23164312,1,
1508001,Tomé-Açu,2022,ok,ok,10306769.34,10306769.34,10306769.34,new_observed,18917249.85,18917249.85,18947556.345463675,new_observed,4993162483.96,37190304.15999299,1,
1508001,Tomé-Açu,2023,ok,ok,21613026.57,21613026.57,21613026.57,new_observed,20349941.66,20349941.66,20220744.477557413,new_observed,5209618188.91,51650674.051954605,1,
1508001,Tomé-Açu,2024,ok,ok,18089615.07,18089615.07,18089615.07,new_observed,31508166.06,31508166.06,31685645.675996866,new_observed,6098672862.01,53406062.46255425,1,
1508001,Tomé-Açu,2025,ok,ok,12180005.18,12180005.18,12180005.18,new_observed,37201191.66,37201191.66,37846281.23755412,new_observed,6324366489.04,50026286.41755412,1,
1508035,Tracuateua,2019,ok,ok,233606.62,233606.62,233606.62,new_observed,3961673.81,3961673.81,3970920.557550553,new_observed,3050343349.96,7325813.4735265905,1,
1508035,Tracuateua,2020,ok,ok,591214.4,591214.4,591214.4,new_observed,4769952.05,4769952.05,4926727.567937592,new_observed,3458631628.6575,9412035.633399554,1,
1508035,Tracuateua,2021,ok,ok,367093.43,367093.43,367093.43,new_observed,5627980.5,5627980.5,5648669.221240553,new_observed,4235989112.455,8170855.705817742,1,
1508035,Tracuateua,2022,ok,ok,1117746.81,1117746.81,1117746.81,new_observed,6434222.48,6434222.48,6444530.465354561,new_observed,4993162483.96,9613736.957621539,1,
1508035,Tracuateua,2023,ok,ok,1178765.38,1178765.38,1178765.38,new_observed,5963803.92,5963803.92,5925941.076165977,new_observed,5209618188.91,8771929.190535467,5,
1508035,Tracuateua,2024,ok,ok,856038.03,856038.03,856038.03,new_observed,10316136.97,10316136.97,10374245.843252735,new_observed,6098672862.01,12049464.59382208,1,
1508035,Tracuateua,2025,ok,ok,1098817.81,1098817.81,1098817.81,new_observed,10957728.14,10957728.14,11147741.306282142,new_observed,6324366489.04,12246559.116282143,1,
1508050,Trairão,2019,ok,ok,1976769.21,1976769.21,1976769.21,new_observed,6704852.04,6704852.04,6720501.504633156,new_observed,3050343349.96,15153804.528690487,1,
1508050,Trairão,2020,ok,ok,2895859.63,2895859.63,2895859.63,new_observed,7380098.01,7380098.01,7622662.018153487,new_observed,3458631628.6575,17941598.72255926,2,
1508050,Trairão,2021,ok,ok,965134.21,965134.21,965134.21,new_observed,9118545.68,9118545.68,9152065.883151516,new_observed,4235989112.455,13741596.352871351,1,
1508050,Trairão,2022,ok,ok,1621201.3,1621201.3,1621201.3,new_observed,10493242.5,10493242.5,10510053.263126092,new_observed,4993162483.96,15422165.319952799,2,
1508050,Trairão,2023,ok,ok,2243185.49,2243185.49,2243185.49,new_observed,10704583.91,10704583.91,10636622.924976112,new_observed,5209618188.91,15902242.844358537,1,
1508050,Trairão,2024,ok,ok,5056023.1,5056023.1,5056023.1,new_observed,15578367.91,15578367.91,15666117.947538195,new_observed,6098672862.01,22233694.862797655,1,
1508050,Trairão,2025,ok,ok,5762826.9,5762826.9,5762826.9,new_observed,14463642.54,14463642.54,14714450.232971154,new_observed,6324366489.04,20477277.132971153,1,
1508084,Tucumã,2019,ok,ok,2767246.4,2767246.4,2767246.4,new_observed,14302139.41,14302139.41,14335521.328577766,new_observed,3050343349.96,29799233.295383856,1,
1508084,Tucumã,2020,ok,ok,2850511.49,2850511.49,2850511.49,new_observed,17098812.76,17098812.76,17660804.830039132,new_observed,3458631628.6575,34986457.127292775,1,
1508084,Tucumã,2021,ok,ok,3491879.12,3491879.12,3491879.12,new_observed,20896987.04,20896987.04,20973805.348030385,new_observed,4235989112.455,33230296.65924713,1,
1508084,Tucumã,2022,ok,ok,8378265.07,8378265.07,8378265.07,new_observed,19884560.83,19884560.83,19916417.01191703,new_observed,4993162483.96,35970332.8680611,1,
1508084,Tucumã,2023,ok,ok,22468812.2,22468812.2,22468812.2,new_observed,16889418.59,16889418.59,16782191.48677884,new_observed,5209618188.91,48461822.75399374,1,
1508084,Tucumã,2024,ok,ok,30281774.41,30281774.41,30281774.41,new_observed,23071101.39,23071101.39,23201056.59613687,new_observed,6098672862.01,57384077.36252181,1,
1508084,Tucumã,2025,ok,ok,19280236.9,19280236.9,19280236.9,new_observed,28066216.26,28066216.26,28552900.228518493,new_observed,6324366489.04,47833137.12851849,1,
1508100,Tucuruí,2019,ok,ok,9157937.17,9157937.17,9157937.17,new_observed,108034798.22,108034798.22,108286956.91698657,new_observed,3050343349.96,204631662.76893562,1,
1508100,Tucuruí,2020,ok,ok,8331547.7,8331547.7,8331547.7,new_observed,115384140.76,115384140.76,119176507.69363262,new_observed,3458631628.6575,217492385.3646312,1,
1508100,Tucuruí,2021,ok,ok,12122652.18,12122652.18,12122652.18,new_observed,142796502.86,142796502.86,143321429.5262876,new_observed,4235989112.455,211130530.836934,1,
1508100,Tucuruí,2022,ok,ok,14320771.09,14320771.09,14320771.09,new_observed,140697059.0,140697059.0,140922463.58122328,new_observed,4993162483.96,197356902.98521587,1,
1508100,Tucuruí,2023,ok,ok,15789496.25,15789496.25,15789496.25,new_observed,128009589.6,128009589.6,127196885.63365597,new_observed,5209618188.91,176540216.66239998,1,
1508100,Tucuruí,2024,ok,ok,17895027.9,17895027.9,17895027.9,new_observed,156124801.46,156124801.46,157004223.31393915,new_observed,6098672862.01,187657084.96538252,1,
1508100,Tucuruí,2025,ok,ok,21005168.34,21005168.34,21005168.34,new_observed,170769826.37,170769826.37,173731071.16449034,new_observed,6324366489.04,194736239.50449035,1,
1508126,Ulianópolis,2019,ok,ok,1980896.7,1980896.7,1980896.7,new_observed,13714424.27,13714424.27,13746434.431640713,new_observed,3050343349.96,27402723.169911634,1,
1508126,Ulianópolis,2020,ok,ok,1476113.49,1476113.49,1476113.49,new_observed,15520756.49,15520756.49,16030882.087070309,new_observed,3458631628.6575,29861942.579787876,1,
1508126,Ulianópolis,2021,ok,ok,1899430.02,1899430.02,1899430.02,new_observed,16176526.44,16176526.44,16235992.112661375,new_observed,4235989112.455,24632274.576110803,1,
1508126,Ulianópolis,2022,ok,ok,4136799.79,4136799.79,4136799.79,new_observed,15757656.18,15757656.18,15782900.829160104,new_observed,4993162483.96,25323425.08139487,1,
1508126,Ulianópolis,2023,ok,ok,5464388.76,5464388.76,5464388.76,new_observed,16319794.09,16319794.09,16216183.404048227,new_observed,5209618188.91,26768233.84705402,1,
1508126,Ulianópolis,2024,ok,ok,10151612.21,10151612.21,10151612.21,new_observed,28572723.73,28572723.73,28733668.547477737,new_observed,6098672862.01,41721724.84651088,1,
1508126,Ulianópolis,2025,ok,ok,6297239.26,6297239.26,6297239.26,new_observed,31415167.19,31415167.19,31959923.85039428,new_observed,6324366489.04,38257163.11039428,1,
1508159,Uruará,2019,ok,ok,9173160.92,9173160.92,9173160.92,new_observed,10668211.98,10668211.98,10693112.127696626,new_observed,3050343349.96,34614263.296630636,1,
1508159,Uruará,2020,ok,ok,3149097.37,3149097.37,3149097.37,new_observed,12016077.01,12016077.01,12411013.201616589,new_observed,3458631628.6575,26541111.887487106,1,
1508159,Uruará,2021,ok,ok,3836245.93,3836245.93,3836245.93,new_observed,15494018.19,15494018.19,15550974.930207072,new_observed,4235989112.455,26332518.97877069,1,
1508159,Uruará,2022,ok,ok,2749966.26,2749966.26,2749966.26,new_observed,17236196.4,17236196.4,17263809.75353445,new_observed,4993162483.96,25443020.814633448,3,
1508159,Uruará,2023,ok,ok,6612140.11,6612140.11,6612140.11,new_observed,15166509.25,15166509.25,15070220.508964393,new_observed,5209618188.91,26770441.988936007,1,
1508159,Uruará,2024,ok,ok,5860122.84,5860122.84,5860122.84,new_observed,21481027.12,21481027.12,21602025.734683447,new_observed,6098672862.01,29465344.83505329,1,
1508159,Uruará,2025,ok,ok,4486593.9,4486593.9,4486593.9,new_observed,22310384.59,22310384.59,22697259.20148477,new_observed,6324366489.04,27183853.101484768,1,
1508209,Vigia,2019,ok,ok,1239455.05,1239455.05,1239455.05,new_observed,7330891.89,7330891.89,7348002.563386618,new_observed,3050343349.96,14962470.221000202,1,
1508209,Vigia,2020,ok,ok,2576493.12,2576493.12,2576493.12,new_observed,7494735.5,7494735.5,7741067.33468118,new_observed,3458631628.6575,17598816.2277664,1,
1508209,Vigia,2021,ok,ok,1903110.72,1903110.72,1903110.72,new_observed,9011464.59,9011464.59,9044591.158024112,new_observed,4235989112.455,14869617.9589463,3,
1508209,Vigia,2022,ok,ok,2462716.9,2462716.9,2462716.9,new_observed,9593479.26,9593479.26,9608848.55194145,new_observed,4993162483.96,15346284.022128202,1,
1508209,Vigia,2023,ok,ok,2357651.7,2357651.7,2357651.7,new_observed,8788850.17,8788850.17,8733051.74571724,new_observed,5209618188.91,13693298.364864435,3,
1508209,Vigia,2024,ok,absent_dca,,,2709802.8834250728,imputed_temporal,,,10180320.986137124,imputed_temporal,6098672862.01,13830379.795313582,1,
1508209,Vigia,2025,ok,absent_dca,,,2974086.7006885563,imputed_temporal,,,10081840.739304993,imputed_temporal,6324366489.04,13055927.43999355,6,
1508308,Viseu,2019,ok,ok,1470064.27,1470064.27,1470064.27,new_observed,6703828.04,6703828.04,6719475.114565233,new_observed,3050343349.96,14269152.138142716,1,
1508308,Viseu,2020,ok,ok,1646707.81,1646707.81,1646707.81,new_observed,7443629.12,7443629.12,7688281.225176475,new_observed,3458631628.6575,15922829.552575823,1,
1508308,Viseu,2021,ok,ok,1887819.17,1887819.17,1887819.17,new_observed,8622025.41,8622025.41,8653720.381266596,new_observed,4235989112.455,14317951.618787337,1,
1508308,Viseu,2022,ok,ok,2608516.59,2608516.59,2608516.59,new_observed,9357102.13,9357102.13,9372092.732519107,new_observed,4993162483.96,15230653.733643599,1,
1508308,Viseu,2023,ok,ok,2866263.94,2866263.94,2866263.94,new_observed,9095511.46,9095511.46,9037766.1124634,new_observed,5209618188.91,14697483.892749825,1,
1508308,Viseu,2024,ok,ok,4202505.13,4202505.13,4202505.13,new_observed,14643130.91,14643130.91,14725612.932151012,new_observed,6098672862.01,20308808.84149135,1,
1508308,Viseu,2025,ok,ok,4688797.67,4688797.67,4688797.67,new_observed,15065614.35,15065614.35,15326860.5725796,new_observed,6324366489.04,20015658.2425796,1,
1508357,Vitória do Xingu,2019,ok,ok,53855633.79,53855633.79,53855633.79,new_observed,33471510.26,33471510.26,33549634.46213112,new_observed,3050343349.96,152291723.84412998,1,
1508357,Vitória do Xingu,2020,ok,ok,19975880.96,19975880.96,19975880.96,new_observed,60351653.86,60351653.86,62335250.69558911,new_observed,3458631628.6575,140399320.7375842,1,
1508357,Vitória do Xingu,2021,ok,ok,12866475.14,12866475.14,12866475.14,new_observed,103364767.8,103364767.8,103744741.55206056,new_observed,4235989112.455,158386139.9641799,1,
1508357,Vitória do Xingu,2022,ok,ok,21534263.19,21534263.19,21534263.19,new_observed,124187469.1,124187469.1,124386424.39206238,new_observed,4993162483.96,185505378.34166452,1,
1508357,Vitória do Xingu,2023,ok,ok,22554208.38,22554208.38,22554208.38,new_observed,113808465.78,113808465.78,113085921.54068205,new_observed,5209618188.91,167470059.7977046,1,
1508357,Vitória do Xingu,2024,ok,ok,10499815.9,10499815.9,10499815.9,new_observed,149089658.35,149089658.35,149929452.5564503,new_observed,6098672862.01,172131605.2110513,1,
1508357,Vitória do Xingu,2025,ok,ok,10488598.48,10488598.48,10488598.48,new_observed,170764600.71,170764600.71,173725754.88860813,new_observed,6324366489.04,184214353.36860812,1,
1508407,Xinguara,2019,ok,ok,4521493.85,4521493.85,4521493.85,new_observed,24683300.89,24683300.89,24740912.965852402,new_observed,3050343349.96,50985741.099258326,1,
1508407,Xinguara,2020,ok,ok,6015381.82,6015381.82,6015381.82,new_observed,26435488.54,26435488.54,27304352.07664536,new_observed,3458631628.6575,56833965.37202653,1,
1508407,Xinguara,2021,ok,ok,6482676.89,6482676.89,6482676.89,new_observed,31479247.09,31479247.09,31594966.28410657,new_observed,4235989112.455,51718617.57695527,1,
1508407,Xinguara,2022,ok,ok,8513384.09,8513384.09,8513384.09,new_observed,36052994.18,36052994.18,36110753.09914691,new_observed,4993162483.96,56729567.20264681,1,
1508407,Xinguara,2023,ok,ok,8682232.18,8682232.18,8682232.18,new_observed,31908840.63,31908840.63,31706258.60921176,new_observed,5209618188.91,49866237.75400115,1,
1508407,Xinguara,2024,ok,ok,12228703.69,12228703.69,12228703.69,new_observed,38038603.6,38038603.6,38252867.95125197,new_observed,6098672862.01,54163894.43017504,1,
1508407,Xinguara,2025,ok,ok,11893301.11,11893301.11,11893301.11,new_observed,47888217.55,47888217.55,48718626.16463492,new_observed,6324366489.04,60611927.27463492,1,
