codigo_ibge,municipio,complete_years_new,years_with_any_new_component,imputed_iss_years,imputed_cota_years,legacy_iss_years,legacy_cota_years,unresolved,r0_2025_adjusted,historical_mean_adjusted,base_2025_to_prev_median_ratio,iss_2025_to_prev_median_ratio,cota_2025_to_prev_median_ratio,coef_cpt_adjusted_pct,coef_destino_pct,old_pre_2025,old_variacao_2033,adjusted_variacao_2033,delta_variacao_pp,adjusted_revenue_2033,adjusted_counterfactual_2033,flags
2900108,Abaíra,7,7,0,0,0,0,False,3727071.818068737,4094844.2885574126,1.235930126630585,1.0618101523421266,1.3093614462483905,0.0004026558581225188,0.0011110659312303136,3906645.288311474,0.2424873057841747,0.2742591063618278,3.1771800577653107,5577999.374912751,4377445.173484889,
2900207,Abaré,7,7,0,0,0,0,False,11198364.713565864,9984581.126033392,1.6454518834908918,1.9893424094659211,1.5662097000433401,0.0009818078046413881,0.002159825823061012,9763975.765140126,0.13333555799575125,-0.0131944239363883,-14.652998193213957,12978937.960852023,13152477.322458271,projection_changed_10pp
2900306,Acajutiba,7,7,0,0,0,0,False,7243182.7369430885,6308986.292300777,1.7590976581286242,1.3368016290787945,1.7621482264182378,0.000620377750750695,0.0017497701808276264,7598717.851057952,-0.010114765898533091,0.015275028755648453,2.538979465418154,8637063.263064336,8507116.809176505,
2900355,Adustina,7,7,0,0,0,0,False,12325157.141083136,9545523.460240697,1.8262040461056506,2.3220090509884774,1.79375472584767,0.0009386342115260053,0.001916800341991014,12969249.428543892,-0.17046008707818391,-0.1544183133751101,1.6041773703073803,12240551.560641523,14475894.823951619,
2900405,Água Fria,7,7,0,0,0,0,False,8369468.187828345,7021500.654325916,1.8630048921209843,2.5890458288540326,1.6983745153155123,0.0006904409965418858,0.0018938149777168688,8739532.519822523,-0.049199690337043925,-0.028290962019494385,2.090872831754954,9551840.439575642,9829938.86670762,
2900504,Érico Cardoso,7,7,0,0,0,0,False,4705153.615419103,5024095.189820734,1.286809960741692,2.1013826997281453,1.1775245982733986,0.0004940313275402151,0.0013372054863624188,4933687.116700478,0.20478249496338033,0.23310475532506672,2.832226036168639,6814386.047523746,5526202.066853081,
2900603,Aiquara,7,7,0,0,0,0,False,3070035.808720552,3392676.672897151,1.1825238329351095,1.8440499811099507,1.0543157968437298,0.0003336100327123589,0.0006379750443919139,3207667.953057217,0.1692153155213798,0.192958109030605,2.37427935092252,4301516.4556540055,3605756.4998232904,
2900702,Alagoinhas,7,7,0,0,0,0,False,186245749.4461599,184733097.096406,1.320277610896269,1.641766533721347,1.1977288709435605,0.018165248418075722,0.019952976095157865,193154577.98084384,-0.01989325456070036,-0.005800120646434287,1.4093133914266074,217476848.03774709,218745598.9022567,
2900801,Alcobaça,7,7,0,0,0,0,False,21414991.753216602,22472597.925018948,1.266697004756377,1.5060113977985001,1.1687588941309979,0.002209784442115782,0.002769596663460858,22209362.760075726,0.05000972497547054,0.06725576773978578,1.724604276431524,26843514.533792727,25151903.925186947,
2900900,Almadina,6,7,1,0,0,0,False,3695912.700094351,3941955.744516277,1.344551204140112,2.322487781972893,1.2783505888890982,0.00038762196096798904,0.0007755287351605905,3887054.0032135057,0.12608114537993603,0.16031228462847993,3.4231139248543903,5036740.182648929,4340848.795082473,temporal_imputation
2901007,Amargosa,7,7,0,0,0,0,False,22971291.940435518,17706530.979446895,1.9069424335709853,2.0964629790227662,1.7977586540394173,0.001741125650571167,0.004514485588760587,23806478.44421448,-0.13266243345068374,-0.11816989405334317,1.4492539397340563,23791580.679503143,26979778.212451197,
2901106,Amélia Rodrigues,5,7,2,0,0,0,False,15616375.614030698,14203922.184633259,1.5115676584095572,1.240949134889635,1.6474906289566424,0.0013967057286991141,0.003024571970311408,16256267.832445119,-0.07979653138137721,0.0037022067477212217,8.349873812909843,18409334.08984644,18341430.322742723,temporal_imputation
2901155,América Dourada,7,7,0,0,0,0,False,9694830.879735699,8681201.061783422,1.5790583210330236,1.0431304466867044,1.693239681418075,0.0008536433174844801,0.0018426998649622391,10178846.184756584,-0.03618561370338147,-0.012448303135387823,2.3737310567993646,11244833.544156024,11386577.107666727,
2901205,Anagé,5,6,2,1,0,0,False,10846650.954329956,9024830.10352193,1.7106827734282686,2.6319281174799216,1.5541129406650436,0.0008874331851636203,0.002638520120183844,7532122.0243240595,0.23589056031962494,-0.018120224756404284,-25.40107850760292,12508548.973728519,12739389.576106971,temporal_imputation;projection_changed_10pp
2901304,Andaraí,6,7,1,0,0,0,False,8144202.35243324,7481136.588747515,1.4480864757864331,1.4079275305692314,1.5435599970174145,0.000735638100157192,0.0016206112468824612,8539937.406729145,-0.018183335238194043,0.016933925648335804,3.511726088652985,9727343.349834548,9565364.18394438,temporal_imputation
2901353,Andorinha,7,7,0,0,0,0,False,17579689.82787118,16082046.463171115,1.5989198052757694,2.182364023102787,1.4352192481432993,0.0015813861926543907,0.0018276931351372072,18340802.989218898,-0.09404661953729389,-0.07807720070073709,1.5969418836556795,19035255.805241942,20647342.510360196,
2901403,Angical,7,7,0,0,0,0,False,7693465.729440978,7760207.276948103,1.3391501420809244,0.8931240265179978,1.4059364261580143,0.0007630797901252949,0.0017492080201931106,8090235.690348774,0.09586171148391805,0.12521034486787688,2.9348633383958838,10167371.535634182,9035974.102093812,
2901502,Anguera,7,7,0,0,0,0,False,4808374.049238396,4728007.710437867,1.4582600599855646,1.4768494173683377,1.4543971837778646,0.0004649163356897576,0.0013842255743392157,5032622.624599813,0.13204811748564305,0.16075355871652816,2.8705441230885116,6555279.632703665,5647434.447628994,
2901601,Antas,7,7,0,0,0,0,False,6478612.143849096,6430711.178041456,1.3511905545637615,1.537395029382214,1.2983249642719492,0.0006323472506556708,0.002176406609967496,6752449.2401758535,0.18942652719018824,0.21546242018581788,2.603589299562964,9248610.090264346,7609128.7864337545,
2901700,Antônio Cardoso,7,7,0,0,0,0,False,6368480.274259778,5759948.1099731475,1.6606946339814623,1.726026611244525,1.59579380077666,0.000566389509716738,0.0014002842809773606,6643059.986158781,0.0032476348597639446,0.024374629033921964,2.112699417415802,7662095.7621683385,7479778.925601065,
2901809,Antônio Gonçalves,5,6,2,1,0,0,False,5684109.650268643,5281783.529296757,1.4693223516097242,1.577893895387361,1.5084652124310105,0.0005193704398844452,0.0014295134639082999,4490605.700245218,0.2050733571356593,0.0771087687102289,-12.796458842543041,7190762.793269452,6675985.752005292,temporal_imputation;projection_changed_10pp
2901908,Aporá,7,7,0,0,0,0,False,8324157.943037119,6676212.949937097,1.8056953703598997,3.0988442050083456,1.674187133924385,0.0006564880285869517,0.0020171749617361547,8685512.28386344,-0.06560685135279938,-0.045970585379985135,1.9636265972814246,9327280.359339353,9776721.992428673,
2901957,Apuarema,7,7,0,0,0,0,False,4025903.5123212487,3926553.730931508,1.3568165432480774,0.8112423127944952,1.4070271731372852,0.00038610744403895215,0.0009722018018401425,4241820.932109239,0.07871130215801725,0.10887078666442399,3.0159484506406735,5243210.069724664,4728422.94411658,
2902005,Aracatu,7,7,0,0,0,0,False,7897590.3667743355,7410242.80833026,1.4456380968920588,1.3443859669566331,1.478937134100474,0.0007286669447290778,0.0016543503505017717,8291079.2978533935,0.019928413377895093,0.044745171198015944,2.481675782012085,9690762.061672991,9275718.451572772,
2902054,Araças,7,7,0,0,0,0,False,22595363.742557853,19396435.58019862,1.601899455487483,1.9829673727329997,1.5060679948453888,0.0019072980222685036,0.0014681802814296436,23436542.88766679,-0.16981421248212222,-0.15729063583696376,1.2523576645158463,22364032.299501177,26538250.612312503,
2902104,Araci,7,7,0,0,0,0,False,20430680.833814364,16327976.971353302,1.909844151023499,1.9814420589374961,1.822377752786394,0.0016055691292528153,0.005862292680764545,21352318.46303444,-0.02829804101709714,-0.005511044838300652,2.278699617879649,23863588.828917485,23995830.929100037,
2902203,Aramari,7,7,0,0,0,0,False,8755448.653507534,7836070.014534652,1.5237892769973285,1.8863645853927762,1.4253337084381887,0.0007705395550271728,0.0013804510861088774,9106283.645102901,-0.06045438641285085,-0.04409700735729743,1.635737905555342,9829811.294873457,10283272.853553712,
2902252,Arataca,7,7,0,0,0,0,False,7271717.154691163,5918606.498691095,1.9520622635580964,9.071311329991408,1.580136333244873,0.0005819907695341334,0.0013018938323902927,7592063.21233448,-0.1126077157643915,-0.09631377675692024,1.6293939007471268,7718050.100453019,8540630.477639765,iss_2025_anomaly
2902302,Aratuípe,7,7,0,0,0,0,False,4406475.3657573825,4105728.463611402,1.510577628734765,1.6939680650163311,1.5379334811832384,0.00040372612515527664,0.0010775990580597372,4619537.588734976,0.047862452937308585,0.07268574833526313,2.4823295397954546,5551582.667111473,5175404.51686541,
2902401,Aurelino Leal,7,7,0,0,0,0,False,7319002.581746062,6241994.017031213,1.721420206496855,3.0392311898108684,1.588151879979245,0.0006137902396793646,0.0013946267109514168,7656231.865738271,-0.0701643741176212,-0.050249229149528285,1.9915144968092922,8164216.427531029,8596167.203128703,
2902500,Baianópolis,5,7,1,1,0,0,False,17301624.298066467,15372316.008269163,1.5474807035371634,1.7178340061300148,1.5294996589005896,0.0015115966951262908,0.001659434658897044,18175220.27451681,-0.22523263350851505,-0.10948212351564618,11.575050999286887,18095995.231479805,20320754.596101303,temporal_imputation;projection_changed_10pp
2902609,Baixa Grande,7,7,0,0,0,0,False,9329244.625123031,8060013.31747329,1.5691618940025611,1.254149896085993,1.6701373663532941,0.0007925604370097977,0.0022895685179897826,9753919.28289325,-0.010423983500570864,0.012628294599866266,2.305227810043713,11095566.818581473,10957196.118014673,
2902658,Banzaê,7,7,0,0,0,0,False,5051215.200966819,5129220.286645138,1.4088419575506164,2.681753133882055,1.2069683379984883,0.0005043685303956028,0.001540049131361389,5267602.079145,0.18130802729376008,0.20603615798739072,2.472813069363064,7154992.024230454,5932651.336234034,
2902708,Barra,7,7,0,0,0,0,False,34112583.47574706,31793298.221480243,1.5662880773889494,1.4577744584246435,1.581930824782169,0.0031263112528328286,0.005765585318216457,35712977.635229185,-0.020282078210626137,9.413919769932818e-05,2.0376217408325465,40068994.8053723,40065223.09741426,
2902807,Barra da Estiva,7,7,0,0,0,0,False,17397440.23281479,15307921.225814153,1.6422829190811452,1.308705243300304,1.6464900473436759,0.0015052646017520714,0.0027804461033403022,18232702.621006202,-0.07563064808183945,-0.05558395763632036,2.0046690445519086,19297527.246428788,20433290.39406302,
2902906,Barra do Choça,6,7,1,0,0,0,False,23320489.528177895,21741470.47082781,1.537411510048983,1.3206290600287311,1.6061038083775452,0.0021378909263386594,0.003989512276886178,24365344.821347356,-0.04733339275728098,0.002328504401372006,4.9661897158652994,27453688.2434953,27389910.71584028,temporal_imputation
2903003,Barra do Mendes,7,7,0,0,0,0,False,8686449.881961193,6814519.203491582,1.7602078133410026,2.2386883178556203,1.761524237943091,0.000670088014150337,0.0017735137519153193,9073144.551847447,-0.11830206034505619,-0.0985056756897024,1.97963846553538,9197255.874012435,10202233.808902724,
2903102,Barra do Rocha,6,7,1,0,0,0,False,8676520.702578504,4690943.465286628,2.84868407189707,25.260840901079806,1.34718842317966,0.00046127171958585853,0.0007924234784778495,8893713.780916663,-0.42942228837892943,-0.42633189024989193,0.3090398129037497,5846006.170500849,10190571.989520894,temporal_imputation;iss_2025_anomaly;projection_outlier_30pct
2903201,Barreiras,7,7,0,0,0,0,False,280351609.01140934,242338714.5077281,1.60380589868911,1.4915911575315874,1.6456871467134635,0.023829746913476373,0.022995886212828144,292182996.5524765,-0.15842791398679737,-0.1445000902850279,1.3927823701769482,281692948.08908427,329272913.8720029,
2903235,Barro Alto,7,7,0,0,0,0,False,7253980.257546734,6188429.917846615,1.5244458147006479,1.747494155096703,1.5236233478293078,0.0006085231533625532,0.001729984998425764,6320508.015021278,0.14390583837095247,-0.0037934873394682876,-14.769932571042077,8487478.747438427,8519798.495164655,projection_changed_10pp
2903276,Barrocas,6,6,0,0,1,1,False,31974168.199691616,23264244.961385023,1.9105422314582123,6.4317731818798,1.2623396179314497,0.002287628993531052,0.0019222057185413048,33010309.195044264,-0.2890108597728893,-0.2853700621717459,0.3640797601143442,26836965.954945385,37553654.74402371,legacy_snapshot_used;iss_2025_anomaly
2903300,Barro Preto,7,7,0,0,0,0,False,4575252.773066481,4314717.549467519,1.495857227141361,2.4367273255320043,1.3987389602755267,0.00042427652311272405,0.0007973376175204763,4801634.749549668,-0.0078165104942449,0.01508166902156464,2.289817951580954,5454676.9137608055,5373633.551099941,
2903409,Belmonte,7,7,0,0,0,0,False,18195311.26037352,19885638.28364367,1.2014686673360613,1.2986583724704808,1.1526519692761779,0.0019554024971814967,0.002710605538238293,18987668.05148964,0.10333785857996146,0.1252782674387381,2.1940408858776643,24047635.176043324,21370389.771037247,
2903508,Belo Campo,6,7,1,0,0,0,False,9615581.131950676,7318495.797480426,2.089794372167388,2.1455297919095284,2.075005045314523,0.0007196452411475406,0.0021225088787350755,10041728.155537825,-0.14311423651401858,-0.10354344888228227,3.957078763173631,10124130.53005209,11293498.293284986,temporal_imputation
2903607,Biritinga,7,7,0,0,0,0,False,8165363.156442956,6428713.663243957,1.8607533941844348,2.5273424026622524,1.744726484574899,0.0006321508302356936,0.0018420335956438518,8533663.47046084,-0.09483108253022926,-0.07532341704705249,1.950766548317677,8867849.588741358,9590217.544410987,
2903706,Boa Nova,4,7,3,0,0,0,False,7326017.392888606,6659001.616161652,1.5608301998917973,1.0719925222358155,1.6506728989905577,0.0006547955968649078,0.0015545593464074137,7681422.003843942,-0.06783422990944402,0.021016986844634166,8.885121675407818,8785244.787299654,8604406.097541729,temporal_imputation
2903805,Boa Vista do Tupim,6,7,1,0,0,0,False,11128589.984021155,10162536.540057933,1.5797181952770492,2.1874165174901328,1.462699156145435,0.0009993065872304677,0.0020228366778357377,11645707.589824693,-0.04718312875426378,-0.0045130335457037405,4.267009520856004,13011539.188850433,13070526.91527911,temporal_imputation
2903904,Bom Jesus da Lapa,7,7,0,0,0,0,False,49157595.115161784,47294454.075713836,1.435857967294696,0.883954251519715,1.542302310971899,0.0046505770789642105,0.008413734648345559,51609625.8091823,0.004108008938029198,0.02918423811638878,2.507622917835958,59420555.64097844,57735586.53573032,
2903953,Bom Jesus da Serra,6,7,1,0,0,0,False,5454497.084907305,4512740.88644487,1.7655031526382954,1.5524744906373573,1.978948809381407,0.00044374863268761356,0.001191524243710073,5709178.166968021,-0.0912717824192365,-0.046257421051239804,4.50143613679967,6109966.649261734,6406305.83568608,temporal_imputation
2904001,Boninal,7,7,0,0,0,0,False,7429681.92195439,6263530.786235379,1.4486563972238675,1.226763242620261,1.5997000833378983,0.0006159080018392891,0.0017363329131029881,7790231.754163865,-0.040254488150812374,-0.01744939072266265,2.2805097428149725,8573893.891567154,8726160.068103997,
2904050,Bonito,7,7,0,0,0,0,False,12334880.633714769,11948854.354986308,1.2561189164886661,1.440708944240338,1.2374828098442998,0.001174959501471786,0.0019549882015994376,12912602.44576519,0.003316174494612799,0.022905633790534216,1.9589459295921416,14819156.197752211,14487315.064281685,
2904100,Boquira,7,7,0,0,0,0,False,9184698.493708367,8567769.17848972,1.5440218927116869,1.212735804930941,1.549705805170338,0.0008424892883963143,0.002373783616510982,9642154.905941106,0.05961864215660774,0.08706037513999093,2.744173298338319,11726584.129339527,10787426.712917749,
2904209,Botuporã,7,7,0,0,0,0,False,6181279.5235579675,4970708.171879175,1.9952322446151132,2.2255768226964747,1.9531948388670073,0.0004887816540466637,0.0012991204466449489,6467264.970943916,-0.0963900428919767,-0.07506621020415435,2.132383268782234,6714937.621820828,7259911.677897475,
2904308,Brejões,6,7,1,0,0,0,False,6334225.083267986,7320982.983990269,1.1728269770576,0.9357153726326225,1.2797110002034588,0.0007198898121612003,0.001646688334616474,6603285.564126566,0.225466335364891,0.28877780091770383,6.331146555281284,9587922.004351955,7439546.210001953,temporal_imputation
2904407,Brejolândia,6,7,1,0,0,0,False,6435014.106122938,6812134.824091523,1.272566049380881,0.8984348413161715,1.2716791662576838,0.0006698535524063085,0.00125679085669378,6788912.16123543,0.105640172604074,0.13914753039980216,3.350735779572815,8609589.20539557,7557922.899041791,temporal_imputation
2904506,Brotas de Macaúbas,7,7,0,0,0,0,False,16393289.881252695,13896335.026824817,1.7856885029916854,3.3724262414174784,1.3022954408016858,0.0013664599458934248,0.0013580484675548715,16947427.16835967,-0.16858199401228616,-0.1587357036357194,0.9846290376566758,16197632.086328488,19253915.988507207,
2904605,Brumado,7,7,0,0,0,0,False,88875996.74933685,81982155.07263468,1.5208630288739706,1.9592680492057064,1.425641645188337,0.008061501897336992,0.008883465470043938,92277873.77162956,-0.09063237733695191,-0.07509763542551001,1.5534741911441898,96545787.23056614,104384842.04220079,
2904704,Buerarema,5,7,2,0,0,0,False,8511829.623819828,7590160.918834552,1.5763459783614802,1.801026057364416,1.5167119332419532,0.0007463587239694578,0.002136180780050596,8888432.076219019,-0.020399381150368788,0.04291825123384794,6.331763238421672,10426202.214314157,9997142.347426755,temporal_imputation
2904753,Buritirama,7,7,0,0,0,0,False,12827661.71871533,13033300.662708191,1.3832924198764251,1.0729682261821682,1.504072593895821,0.0012815957073572567,0.002206346881773215,13461073.060508419,0.05194479860537801,0.0784368613335602,2.649206272818219,16247822.885715907,15066086.35912572,
2904803,Caatiba,6,6,1,1,0,0,False,3827927.995532424,4321741.269992852,1.1487636250975015,1.298243174861958,1.0641919161887836,0.00042496718239450515,0.000854965819081748,4000656.1289174706,0.04817372198835883,0.22941910471929183,18.1245382730933,5527346.257268761,4495900.735600491,temporal_imputation;projection_changed_10pp
2904852,Cabaceiras do Paraguaçu,7,7,0,0,0,0,False,7634518.838181455,6535785.833574002,1.6560857587224262,1.6406668714340122,1.6591155451026003,0.0006426794934978742,0.002047560905323093,7995547.719157593,0.0028507417413547354,0.027524790811575075,2.467404907022034,9213548.658998461,8966740.989014268,
2904902,Cachoeira,6,7,1,0,0,0,False,16250285.933329178,15919699.45854021,1.2839432821300638,2.1176446176423322,1.1832265918442793,0.0015654222223891608,0.003995783880910701,16940515.64398141,0.08021331469231002,0.11700949070716929,3.6796176014859268,21319196.088561784,19085957.877640575,temporal_imputation
2905008,Caculé,6,7,1,0,0,0,False,16742308.732417962,14576267.288654428,1.6281231088348815,1.993497708752631,1.5449537677547147,0.0014333193156421675,0.0030376172654226355,17515875.31953898,-0.07805756515317533,-0.04307050545454999,3.498705969862534,18816907.099612437,19663838.565818932,temporal_imputation
2905107,Caém,6,7,1,0,0,0,False,5873915.652517251,5385588.129854886,1.5892559007514515,1.8940447257547028,1.5131826862991797,0.000529577795175487,0.0012466054298131773,6126691.262548592,-0.006653889825306808,0.028153274971340098,3.4807164796646903,7093139.858130446,6898912.867177482,temporal_imputation
2905156,Caetanos,7,7,0,0,0,0,False,6133114.256229946,5898450.0444106525,1.4460576734487203,1.2532360407456895,1.4823255648043292,0.0005800087370505836,0.0016081932443567878,6431974.499072919,0.08867901933944988,0.11665512107163938,2.797610173218949,8043648.264322353,7203341.580167535,
2905206,Caetité,4,4,3,3,0,0,False,73772166.52682829,60086605.08539415,1.6772909889610002,2.0493886158575787,1.3518510354770552,0.005908459962674613,0.006598166346477462,28722889.13876733,0.1196476092475874,-0.18219021162927104,-30.183782087685845,70859453.1203971,86645396.18872249,temporal_imputation;projection_changed_10pp
2905305,Cafarnaum,7,7,0,0,0,0,False,17358505.107956987,16675957.60476763,1.337207631563797,2.1533190991239306,1.2699869541450253,0.0016397868993763348,0.0020932561704963375,15285556.683263656,0.11693151636048285,-0.02084782352992132,-13.777933989040417,19962524.82103266,20387561.096988156,projection_changed_10pp
2905404,Cairu,6,7,1,0,0,0,False,39549218.1325901,54034135.28126315,0.9758590035421115,1.726920127875743,0.8163089665940585,0.005313306093319165,0.002416549651156672,41016872.315019876,0.27409197695637644,0.3370802258900382,6.298824893366178,62108111.237674624,46450549.514582686,temporal_imputation;projection_outlier_30pct
2905503,Caldeirão Grande,7,7,0,0,0,0,False,6468585.545043618,5200831.242272572,1.8596617225215248,3.2385036989877776,1.7174934792154193,0.0005114102073818835,0.001546924070840912,5624757.467461289,0.095637786270922,-0.04725727726289111,-14.28950635338131,7238322.35213479,7597352.547957553,projection_changed_10pp
2905602,Camacan,7,7,0,0,0,0,False,12276118.166540494,11305266.667239377,1.5270262362619065,1.2457568408224573,1.5555176463940168,0.0011116739808450364,0.003568504817663051,12871113.44217493,0.07958294916883224,0.10744019735354725,2.785724818471501,15967403.399750806,14418298.557256773,
2905701,Camaçari,7,7,0,0,0,0,False,874397770.9408152,1002519367.3660457,1.1356489558794356,1.5375574083851868,1.0248873538630612,0.09858013338363844,0.04129569495458732,908063762.4252301,0.10710548911914664,0.12543537949705544,1.8329890377908802,1155799652.1225905,1026980023.1792114,
2905800,Camamu,7,7,0,0,0,0,False,17739805.361576185,14838296.367335979,1.7276685632159123,1.6061961137471334,1.8151451008918653,0.0014590852632813494,0.0039237721836456844,18621977.052337848,-0.05886303811602992,-0.03544740954288182,2.34156285731481,20096837.283499513,20835398.175619718,
2905909,Campo Alegre de Lourdes,7,7,0,0,0,0,False,18380854.223540295,16869237.4261849,1.5900735494531268,0.9127174009155842,1.7910642521849296,0.001658792567691492,0.0033614691142392146,19307236.83151693,-0.024434058776104755,0.0006611025435639197,2.5095161319668673,21602582.03419958,21588309.947581988,
2906006,Campo Formoso,7,7,0,0,0,0,False,77563530.30961688,84359971.83957097,1.3566327039067867,1.1530779690982875,1.3855243165083113,0.008295318321913698,0.008232646976532618,80969791.88508567,0.058792512336231104,0.07924264055869003,2.0450128222458925,98317226.24696882,91098352.26309542,
2906105,Canápolis,7,7,0,0,0,0,False,5577225.264711162,5081252.36359795,1.6718668402682784,2.0661705112991946,1.5902765887624655,0.0004996517294977291,0.0011960845272131783,5844832.600780593,0.0010454777309858903,0.025101153728390405,2.4055675997404515,6714873.914538972,6550450.060578253,
2906204,Canarana,7,7,0,0,0,0,False,12413480.754518371,9941546.583126498,1.6752961333856964,1.3354520553683717,1.7157791990592688,0.0009775761148427048,0.002855097644143363,10654722.077104378,0.09636171216483982,-0.05890043238407371,-15.526214454891354,13720884.328359101,14579630.891891722,projection_changed_10pp
2906303,Canavieiras,7,7,0,0,0,0,False,16065947.198180113,14361724.900215685,1.5559134857442392,1.2569325482466323,1.6389717671528368,0.0014122228481252329,0.0038584406102068255,16815639.818900656,0.009961659487442133,0.034481640565092134,2.451998107765,19520101.730507575,18869452.066683944,
2906402,Candeal,5,7,2,0,0,0,False,4444005.302543821,4139734.2986962637,1.4922153542967713,3.1017951902812633,1.355256552677824,0.00040707000046343684,0.001031182454417374,4654081.807896765,0.02408964304526281,0.06042930794113107,3.633966489586826,5534893.19173513,5219483.420805638,temporal_imputation
2906501,Candeias,7,7,0,0,0,0,False,307813913.75937104,346313190.7848853,1.1850388003561103,1.392175387775329,1.1071473403774046,0.03405380649132354,0.009689790372311782,319617361.90432155,0.08794084483637535,0.10447107834454962,1.6530233508174272,399296541.65812004,361527385.8113249,
2906600,Candiba,6,7,1,0,0,0,False,7508206.460359088,6471661.098095523,1.826281980550129,2.8766640605703775,1.560136445806923,0.0006363739544904161,0.0016934904626013947,7831402.304743672,-0.04206557368231634,-0.008328632420336789,3.3736941261979547,8744942.01930255,8818387.124200245,temporal_imputation
2906709,Cândido Sales,6,7,1,0,0,0,False,10309826.088028979,10454826.419821171,1.3498359440485201,1.1726477205451584,1.4129716144524136,0.001028048152003876,0.0029632462714758246,10759212.84423617,0.13453869261861318,0.18795640337232072,5.341771075370755,14384832.068611667,12108888.868123956,temporal_imputation
2906808,Cansanção,6,7,1,0,0,0,False,14956338.178147722,12075371.783077152,1.794256227207734,1.124613091222888,2.0229195628441112,0.0011874002635583268,0.004075715279287531,12956780.064831818,0.12087889776415559,-0.012069901805712168,-13.294879956986774,17354193.96622007,17566216.474161077,temporal_imputation;projection_changed_10pp
2906824,Canudos,7,7,0,0,0,0,False,13360826.627218004,12629037.404220602,1.3357008562961439,1.439753002684142,1.3469215575874074,0.0012418435317474066,0.001963563501075972,13928171.731370661,-0.027111975620506146,-0.009295772089181259,1.781620353132489,15546416.51037512,15692288.447339278,
2906857,Capela do Alto Alegre,7,7,0,0,0,0,False,6192969.069061141,5799189.851589946,1.4245192060473242,1.7718708868367843,1.4498538534881966,0.0005702482442696215,0.0014370654282314984,6488372.050425136,0.04089127099577896,0.06482368547718653,2.393241448140757,7745145.266470745,7273641.046968129,
2906873,Capim Grosso,6,7,1,0,0,0,False,17216551.68013162,15289743.315819267,1.6095444947300634,1.8163871308058905,1.5112623098704423,0.001503477124272569,0.003928332392049927,14774759.713825272,0.15450888370241253,0.01767543501196994,-13.683344869044259,20578248.908917155,20220836.821786027,temporal_imputation;projection_changed_10pp
2906899,Caraíbas,7,7,0,0,0,0,False,4538516.912104122,5675161.585329935,1.0362373721403375,0.6510042056085038,1.1066437259974304,0.0005580522474347903,0.0011751047171449634,4763814.590129722,0.3382502648258412,0.37279229137096354,3.454202654512234,7317651.859687421,5330487.289070888,projection_outlier_30pct
2906907,Caravelas,6,6,0,0,1,1,False,22963264.98733386,26734189.62538595,1.172525295044687,1.41317803498319,1.0829362419957806,0.0026288369730933644,0.0027167592865202455,23917749.40108462,0.13754783611431898,0.15976933041605126,2.2221494301732285,31279385.407147504,26970350.557490993,legacy_snapshot_used
2907004,Cardeal da Silva,7,7,0,0,0,0,False,10098188.929892547,8086951.8842708245,1.9690794960952165,2.1374127917785146,1.8549641910523937,0.0007952093708803146,0.0010904450820894305,10501322.832468359,-0.189199775914505,-0.17657669888346816,1.2623077031036822,9766064.723089302,11860321.06432606,
2907103,Carinhanha,6,7,1,0,0,0,False,15852598.760172084,11854941.305961838,2.14481462698845,1.8620691756638263,2.04529495248798,0.0011657248061624872,0.003310425406572512,16595027.266836919,-0.1791652862809157,-0.12696018908984644,5.220509719106925,16255018.5549687,18618874.364987623,temporal_imputation
2907202,Casa Nova,6,7,1,0,0,0,False,52538046.2419251,45805861.20791624,1.550409823345688,1.5203812335209135,1.5581003042917787,0.004504200172703566,0.008108483597977709,55140337.26188133,-0.10033037358181555,-0.06808770186749945,3.2242671714316105,57504511.092922345,61705925.770223364,temporal_imputation
2907301,Castro Alves,7,7,0,0,0,0,False,14259438.621789023,12884429.52830827,1.4716066031365453,1.2280552614655698,1.688599461417678,0.0012669568517262918,0.0031139559581406314,14930751.725044295,-0.002696095363628797,0.022144341146387553,2.484043651001635,17118575.032736346,16747708.071774855,
2907400,Catolândia,5,7,2,0,0,0,False,4132898.9016759885,4304455.665374089,1.2735064633272366,1.6974368453798472,1.2292378632082182,0.0004232674474423402,0.0005367517108151229,4336899.862982462,0.01121839783369587,0.06070502325713723,4.9486625423441355,5148756.595696242,4854089.009483341,temporal_imputation
2907509,Catu,6,7,1,0,0,0,False,77636941.05590962,59208811.304160975,1.859666558996383,1.8667488717520409,1.8851318378212505,0.005822144395261042,0.006565703774662088,79168938.07765882,-0.2887265468932944,-0.23345942032029168,5.526712657300273,69896675.57656345,91184573.17128482,temporal_imputation
2907558,Caturama,7,7,0,0,0,0,False,4757944.45452761,4910230.28510713,1.2612019199158175,0.7980533168612424,1.3649387273048004,0.0004828347184174671,0.0011196870484668723,5002036.236035216,0.12435568925782932,0.15384852767827017,2.9492838420440854,6447941.993690102,5588204.897799198,
2907608,Central,7,7,0,0,0,0,False,7369668.461063255,6851005.809983919,1.45390005123946,0.9579663762546764,1.6320956273215648,0.0006736758296597582,0.0020261386771452455,7725263.123454841,0.07165256784099118,0.10006754611383674,2.841497827284556,9521826.353263915,8655674.269185813,
2907707,Chorrochó,7,7,0,0,0,0,False,10209809.305360056,9284024.734842483,1.522649734546095,2.5306016050402405,1.3416483140564164,0.0009129204147969342,0.00132092227669023,10640544.035019014,-0.07451438475664345,-0.058501897124894724,1.6012487631748722,11289898.404082552,11991419.17504237,
2907806,Cícero Dantas,7,7,0,0,0,0,False,15426931.204589948,12590740.458732853,1.7211700412802178,2.271817563340505,1.5794005164179585,0.0012380777012634657,0.003898591291776088,16006402.062859982,-0.040107067576329467,-0.02327031733551092,1.6836750240818548,17697294.696286,18118927.8982577,
2907905,Cipó,7,7,0,0,0,0,False,7912011.320437139,6721345.126558363,1.6596463778256998,1.347743103659178,1.8007334527999352,0.0006609259837387886,0.002159855920383579,8268008.013418706,0.00215434198370402,0.026237053735653135,2.4082711751949115,9536467.770151213,9292655.859030887,
2908002,Coaraci,7,7,0,0,0,0,False,7112335.195831654,7135779.7297251,1.4009882770873336,0.7724975105644158,1.5454721560423252,0.0007016783320613072,0.0021061403718298137,7472624.303094214,0.1539646461369731,0.18667817657468025,3.2713530437707137,9912840.670422811,8353436.395903059,
2908101,Cocos,6,7,1,0,0,0,False,40388121.572843745,34112210.77442883,1.7368583591904059,2.1319385561002555,1.6804969518236474,0.0033543354847988113,0.0022469454806505296,42319597.23907654,-0.20123116039336061,-0.17172089293726361,2.9510267456097,39290116.401307635,47435841.45281559,temporal_imputation
2908200,Conceição da Feira,6,7,1,0,0,0,False,12215092.226392487,10269023.371724222,1.602794602407698,1.886957017827615,1.5304358514890999,0.0010097776927382287,0.0026342057687745737,12740134.057993883,-0.0719902487728467,-0.03697151269217429,3.501873608067241,13816207.225057553,14346623.601635259,temporal_imputation
2908309,Conceição do Almeida,7,7,0,0,0,0,False,8596038.27524456,7782677.01341503,1.530539923563485,1.6465844504637746,1.5313951305006859,0.000765289293193375,0.0020962252269191347,8993819.75632529,0.024562222389013844,0.0483359708128252,2.377374842381136,10584047.548685057,10096045.393232798,
2908408,Conceição do Coité,7,7,0,0,0,0,False,30587380.961499285,25651517.231891934,1.6839369947025802,2.4289378113466835,1.51959519367006,0.0025223752004476757,0.008139747747957641,31872119.012323566,-0.010424092262294819,0.009840101009333285,2.0264193271628104,36278377.767459646,35924873.3846076,
2908507,Conceição do Jacuípe,7,7,0,0,0,0,False,63948904.32666364,57927535.62881972,1.4638312459272143,0.8397592558912355,1.737132294431104,0.00569615348567073,0.004485663465188302,67134485.24253567,-0.1315411889362351,-0.1104856710986818,2.105551783755329,66809621.32802072,75107976.5185351,
2908606,Conde,7,7,0,0,0,0,False,17051846.649055123,16459152.902461383,1.4388898623302264,1.4388862030815066,1.4388914947538771,0.0016184679731118948,0.0028641215607518133,17717808.68526358,0.009869098918474274,0.02892879555286713,1.905969663439286,20606759.086396452,20027390.792697143,
2908705,Condeúba,7,7,0,0,0,0,False,8516319.988742113,8383653.400020906,1.3561376956718179,1.098626633695191,1.4491065273536459,0.0008243847423991884,0.0021084049785228378,8924772.875871364,0.09540664003027105,0.12291184339393112,2.7505203363660065,11231831.703606918,10002416.280212529,
2908804,Contendas do Sincorá,7,7,0,0,0,0,False,4954218.81217312,4691832.981109239,1.5948020557281262,1.7256536125919,1.5691979147985193,0.0004613591878097097,0.0006143582126362689,5184475.476747002,-0.05043181037423651,-0.029805576616218812,2.0626233758017696,5645298.519354079,5818729.095210394,
2908903,Coração de Maria,6,7,1,0,0,0,False,12856068.782397158,9941439.262451997,1.872753963844261,1.7156945987244592,1.9491912326099923,0.0009775655617434314,0.0030217174987585815,13364396.398518259,-0.11095908150120075,-0.07881044474883292,3.2148636752367827,13909456.044813242,15099450.4502613,temporal_imputation
2909000,Cordeiros,7,7,0,0,0,0,False,4277131.190240477,4506700.3065095795,1.3131755075383205,1.0549395929408476,1.2964661212420279,0.00044315464797757244,0.001086375927323027,4499015.440153655,0.16012952189320495,0.19130755592185458,3.117803402864963,5984521.36323406,5023489.806209726,
2909109,Coribe,7,7,0,0,0,0,False,10266127.165943624,10580572.206763417,1.3999973318831584,1.2686721376378163,1.3493504809289,0.0010404130367659187,0.0017294868736011874,10745284.370123062,0.06394086418694213,0.08814201473314945,2.420115054620732,13120342.51917641,12057564.492070438,
2909208,Coronel João Sá,7,7,0,0,0,0,False,8772661.398004558,7216877.5558419125,1.7133704927638636,1.6012390164622956,1.840268809200281,0.0007096528757718423,0.001930090118656399,9176861.96252155,-0.07031093259956026,-0.04896008719320222,2.1350845406358037,9799029.488291021,10303489.218839629,
2909307,Correntina,7,7,0,0,0,0,False,167394768.00407144,141424117.23892018,1.7401565488080029,2.2374286338554343,1.6996953511122792,0.013906572575954665,0.004102090554513704,175968445.1700246,-0.18480297060024234,-0.16989639040492752,1.4906580195314822,163202623.61349922,196605124.62186503,
2909406,Cotegipe,6,7,1,0,0,0,False,12260461.549627384,11161266.094698135,1.6306514148924265,2.226777932349531,1.521913809059868,0.0010975140592409953,0.0015671317177361726,12847698.433585865,-0.09263045005607079,-0.05908565316522644,3.3544796890844353,13549081.783728182,14399909.863535568,temporal_imputation
2909505,Cravolândia,7,7,0,0,0,0,False,3147239.2260556784,3493981.095013404,1.1968679362015564,1.8959747570175944,1.0674787277473663,0.00034357153946191,0.0006883814812361465,3283015.4910311387,0.184434822226616,0.20804815991963746,2.3613337693021457,4465467.754414822,3696431.899463244,
2909604,Crisópolis,7,7,0,0,0,0,False,11539664.527797803,8681701.839479169,1.993099466657685,3.3403105397047126,1.7145738694127535,0.0008536925601561424,0.0023731127309444154,12004270.119633716,-0.1413686499067941,-0.12597032362819238,1.5398326278601715,11846016.035640411,13553333.892293582,
2909703,Cristópolis,6,6,0,0,1,1,False,8352620.745107633,7280878.785622099,1.6278553870191315,1.7553068439586503,1.6001021944268305,0.0007159462701678271,0.001733390185605495,8733400.034041319,-0.0382059383962959,-0.01695726315036057,2.124867524593533,9643798.226942344,9810151.548291642,legacy_snapshot_used
2909802,Cruz das Almas,6,7,1,0,0,0,False,38767352.384732604,32999554.20392686,1.6459881793069935,1.7456928839488648,1.5914354991081543,0.003244925296127397,0.008511774472415653,40135637.92514523,-0.07330428782631294,-0.023738568930337687,4.956571889597526,44451377.92004047,45532248.335711,temporal_imputation
2909901,Curaçá,6,7,1,0,0,0,False,22646187.404498283,23828709.032486495,1.190982698743366,0.9503300570907817,1.3239946561903404,0.002343134099198639,0.0038824866333541795,23694550.05387107,0.05407354156855735,0.11040135700143582,5.632781543287846,29534391.99401991,26597942.99403195,temporal_imputation
2910008,Dário Meira,7,7,0,0,0,0,False,4790845.329321059,5214301.653503473,1.1684968309138022,1.1663362847725554,1.180446365051727,0.0005127347852195803,0.001321511789963511,5026461.585966048,0.21249780597915316,0.24355073199961189,3.1052926020458727,6997269.6674846355,5626846.9692693,
2910057,Dias d'Ávila,7,7,0,0,0,0,False,68986754.31805637,78900576.87818858,1.1351914590531436,1.1521264279948042,1.1321493748652094,0.007758482924009079,0.009571551935920967,71770892.65435244,0.13959320786354829,0.16105164090852594,2.145843304497766,94074128.41695836,81024930.4185515,
2910107,Dom Basílio,7,7,0,0,0,0,False,7432716.757344996,7221917.223615999,1.4285578977924316,1.5889279909799223,1.393255971914323,0.0007101484383889356,0.0015076645959819339,7790643.11153307,0.0433738009437381,0.06830171848710215,2.492791754336405,9325979.66573948,8729724.481719136,
2910206,Dom Macedo Costa,7,7,0,0,0,0,False,3205757.3835099908,3140506.657666013,1.3935404184463807,1.7004446112868865,1.3351597350814073,0.00030881355042378973,0.0006168243716785531,3366788.005665672,0.0407716694893378,0.06543682799399066,2.4665158504652855,4011541.6879059495,3765161.464766427,
2910305,Elísio Medrado,7,7,0,0,0,0,False,4500664.609795606,4224694.526104384,1.4370378162790363,1.5785857894710635,1.4022522300952909,0.0004154243433547884,0.0010363667425885206,4711525.748409447,0.041377365095869326,0.06514564833953194,2.376828324366262,5630391.603189212,5286029.76688352,
2910404,Encruzilhada,7,7,0,0,0,0,False,13014149.457742328,10432619.297237903,1.7849005819223545,1.8382343532540446,1.89957123546564,0.001025864472388711,0.0019786788936728135,13637128.692772511,-0.15032694777186809,-0.13337566470055215,1.6951283071315937,13246453.64491472,15285116.174746726,
2910503,Entre Rios,7,7,0,0,0,0,False,39819984.139301494,27839961.91560587,2.075746442788186,1.840957933206581,2.249313297608227,0.00273757021397649,0.004863697068943746,41215977.94240627,-0.26695784015176616,-0.2542607092292049,1.269713092256125,34877155.85235134,46768564.14029407,
2910602,Esplanada,7,7,0,0,0,0,False,43533189.85401842,38557687.06986389,1.7136117425996527,1.5577893626990296,1.8233748418366027,0.003791469828955357,0.004179505004465339,45070107.7192872,-0.1264416574841313,-0.1118890160891971,1.45526413949342,45408869.11386533,51129723.57791034,
2910701,Euclides da Cunha,7,7,0,0,0,0,False,35977193.965838686,27760004.821056027,1.8939477374000884,2.616450175009149,1.6574964560863867,0.002729707841136351,0.007283651520113306,37316969.842173524,-0.1252065558321427,-0.11174902227774959,1.3457533554393122,37533229.62392072,42255207.77941331,
2910727,Eunápolis,7,7,0,0,0,0,False,131876360.59640363,129123668.14270918,1.4414568468261497,1.5413957515240324,1.3893540746695188,0.012697039920471921,0.016070333323946064,136595130.0683724,-0.019310556356976264,-0.0030544471198713763,1.625610923710489,154415662.04002458,154888761.57170773,
2910750,Fátima,7,7,0,0,0,0,False,8903261.842985354,7230079.736848751,1.8087416285789684,2.6441895771463475,1.5723372994360205,0.0007109510778884043,0.0021204555515506726,9282590.165281324,-0.058905942546127396,-0.04096321447073385,1.7942728075393544,10028532.023468515,10456879.417752514,
2910776,Feira da Mata,7,7,0,0,0,0,False,5591377.198366694,5544340.186922545,1.4995247835993368,4.116323140728496,1.2984754159110696,0.0005451882656263213,0.0007692633819116534,5846783.0785223385,0.003521927337548574,0.02329595949183576,1.9774032154287187,6720057.735825874,6567071.504086682,
2910800,Feira de Santana,7,7,0,0,0,0,False,651745770.5389595,627357650.2335159,1.4234966102957138,1.5584678996501264,1.3628131894524196,0.06168958211924975,0.08531669244308025,676055928.4934505,-0.02562620073853736,-0.009194681277716714,1.6431519460820647,758436987.8312526,765475289.1408709,
2910859,Filadélfia,6,6,0,0,1,1,False,8547373.911695758,7062949.267370017,1.8240985954612605,1.937853811245125,1.797885374207699,0.0006945167380541814,0.002002881792193475,8934066.794041324,-0.053683501693914434,-0.03185738610389351,2.1826115590020922,9719076.3407437,10038889.107082188,legacy_snapshot_used
2910909,Firmino Alves,7,7,0,0,0,0,False,4019113.0377664613,3638699.1113563343,1.5543330438226424,3.7235036654155853,1.4195277610796457,0.00035780200903536485,0.000757187119621758,4215755.268943844,-0.026700622650676922,-0.005167764875506718,2.1532857775170204,4696053.3700275,4720447.532985133,
2911006,Floresta Azul,7,7,0,0,0,0,False,4682009.560235175,4667000.605028177,1.3222426886459127,0.7556365857636065,1.447034560273991,0.0004589173607228819,0.0013890661354236864,4926946.037474202,0.1489509585723192,0.18137474983118695,3.2423791258867767,6496402.642288109,5499019.3782425225,
2911105,Formosa do Rio Preto,6,7,1,0,0,0,False,208442365.5195765,179628102.02610633,1.6850368285130186,1.7679295544830171,1.6840828969180826,0.017663262011294208,0.00322937536713438,219634196.77519208,-0.19250671816215303,-0.17396340981374916,1.854330834840387,202226577.73683962,244815520.4495754,temporal_imputation
2911204,Gandu,7,7,0,0,0,0,False,19356591.586042933,15286892.997378614,1.8296406454918788,2.5780020572470983,1.6507921847890952,0.0015031968456253807,0.004086965453306606,20138671.372653402,-0.10350454404638394,-0.08706798411049178,1.6436559935892159,20754882.47324944,22734313.302647274,
2911253,Gavião,7,7,0,0,0,0,False,3863800.5142298625,3269649.563013618,1.6408060044714035,3.9479002840387136,1.4353836857874223,0.00032151248198474886,0.0006624539084336167,4030168.9519077344,-0.0924685897634227,-0.07460979205076591,1.785879771265679,4199451.303675346,4538033.002296177,
2911303,Gentio do Ouro,7,7,0,0,0,0,False,46376257.4317063,34451640.11087076,2.5765067872980785,2.517850105550174,2.4439500143481565,0.003387712385385459,0.0013698102766220108,47774078.86165035,-0.28187390628351144,-0.27122485152578163,1.0649054757729814,39695585.00753237,54468905.93160322,
2911402,Glória,7,7,0,0,0,0,False,8743000.18907671,8506022.838029264,1.3603542171152085,0.8681250960031092,1.4366300621137855,0.0008364176226742486,0.0018470979026971057,9185863.804911219,0.050166860365285504,0.07755254442709428,2.7385684061808773,11065012.235195158,10268652.134340351,
2911501,Gongogi,6,6,0,0,1,1,False,3555890.817054812,3683740.0277033523,1.285426678114244,1.4186407358906046,1.2991634729062702,0.0003622309903455973,0.000844245303829323,3744856.015587904,0.1293612730816073,0.15941090810070727,3.0049635019099963,4842155.738546821,4176393.118880531,legacy_snapshot_used
2911600,Governador Mangabeira,6,7,1,0,0,0,False,10135510.162195973,8291739.408666967,1.870092850954847,2.1412456412386596,1.8036607676171865,0.0008153466192242718,0.0025375126294842846,10578962.53269317,-0.0616424378134352,-0.023802875891059876,3.7839561922375324,11620801.724528043,11904154.844888892,temporal_imputation
2911659,Guajeru,7,7,0,0,0,0,False,4714820.28124605,4407687.136110161,1.5894707534149342,1.446712362413658,1.5812421796743579,0.0004334184455036429,0.0009657048216172039,4960862.89638653,0.010135624825238432,0.03717560328214595,2.7039978456907514,5743417.532915607,5537555.564111363,
2911709,Guanambi,7,7,0,0,0,0,False,76476777.94850647,68444648.724873,1.5054389373384098,1.5170929080882356,1.500407027032354,0.006730326435908797,0.011931620744246224,78849100.41737968,-0.05911052788896284,-0.045707735329261645,1.340279255970119,85716403.35505283,89821961.81232566,
2911808,Guaratinga,7,7,0,0,0,0,False,12714708.387203405,11926505.794293916,1.5619027299908976,1.3744199013204694,1.594144803592377,0.0011727619139081894,0.0024553002260179887,13340084.062174385,0.004911054684398863,0.02870905062812485,2.379799594372599,15362147.07988673,14933422.691777308,
2911857,Heliópolis,7,7,0,0,0,0,False,7167200.196802025,5722634.633599385,1.844843297825464,2.578959249353023,1.6617786630439875,0.0005627203861090844,0.0015835523083387627,7477503.437631338,-0.08780288373195104,-0.06980444350196374,1.7998440229987298,7830270.226729077,8417875.329579268,
2911907,Iaçu,6,7,1,0,0,0,False,12035916.938710814,11344669.001091365,1.4974516143469376,0.6101975886777462,1.7015828176159176,0.001115548506817498,0.002890548879816754,12670057.187735572,0.031334209300219226,0.07817188483446098,4.683767553424175,15241234.270324586,14136182.258791395,temporal_imputation
2912004,Ibiassucê,7,7,0,0,0,0,False,5275050.157569826,5214500.840733401,1.4106438102623429,0.7957425799824176,1.4882460574392178,0.0005127543717775398,0.0012993596124708955,5542925.855908929,0.09571852500063834,0.12538825071532955,2.9669725714691215,6972394.058583918,6195545.452115802,
2912103,Ibicaraí,7,7,0,0,0,0,False,8717904.623956047,7281661.124154316,1.7409790246335324,2.0248173043061986,1.6385567124097653,0.000716023199391708,0.002826614697716639,9116364.898785952,0.03747182215088,0.0628413594669277,2.5369537316047706,10882621.225155706,10239177.397663493,
2912202,Ibicoara,7,7,0,0,0,0,False,24766423.37432857,24625202.523621593,1.320283196857237,1.9663317895847519,1.2655795951497069,0.0024214552141328992,0.0024839790148010778,25995018.920462318,-0.02845569846133566,-0.010218144864038797,1.823755359729686,28790932.725351788,29088159.75556243,
2912301,Ibicuí,7,7,0,0,0,0,False,8702765.14314842,8005088.701395994,1.5864483194441459,1.4554495928011795,1.6452403593579283,0.0007871595678044769,0.0019817795910775145,9084647.715987269,0.02093008033721103,0.04575501219425725,2.4824931857046217,10689076.182496347,10221396.080204267,
2912400,Ibipeba,5,7,2,0,0,0,False,12162082.968302883,11253043.283551605,1.4090153392542133,1.2306932349651176,1.5727304608405128,0.0011065387302979955,0.0020874771457160034,10486474.190516513,0.09009695998805564,-0.0034450157421503243,-9.354197573020597,14235154.377970245,14284364.237635508,temporal_imputation
2912509,Ibipitanga,7,7,0,0,0,0,False,9760294.595012851,7241096.340465493,2.029845901529923,4.64809133292291,1.5202081399479677,0.0007120343669392945,0.0017950642161596924,10105868.800296912,-0.1677379112098551,-0.1563046310674791,1.143328014237599,9671671.682244362,11463464.229371522,
2912608,Ibiquera,7,7,0,0,0,0,False,4035881.2525355453,3915052.582628083,1.4356436255449772,4.462303942726506,1.225196499541594,0.00038497650854710675,0.0005597713132668202,4221148.256690472,-0.013601506096977646,0.005039428171775945,1.864093426875359,4764029.402302304,4740141.7981863115,
2912707,Ibirapitanga,7,7,0,0,0,0,False,12888253.976587325,10648506.990782142,1.7481572103223315,1.2729563342565788,1.773281017955645,0.0010470932269826423,0.002793831467413378,13546849.220527168,-0.07195295691962604,-0.048882673267153294,2.3070283652472745,14397302.613514323,15137251.954992814,
2912806,Ibirapuã,7,7,0,0,0,0,False,23143805.631641004,21429194.68982934,1.4721653944580755,1.278440384188401,1.503996965989063,0.0021071840999716137,0.001257438213250563,24319693.17155664,-0.10833436937929775,-0.09038503050684767,1.794933887245008,24725513.863892507,27182395.51144353,
2912905,Ibirataia,7,7,0,0,0,0,False,9233194.789281923,7935038.662134939,1.6618930268204928,1.6165441986071118,1.6968744834826497,0.0007802713794675003,0.002020171411284736,9677808.239729758,-0.04032034590677603,-0.01712699622119507,2.319334968558096,10658653.852013707,10844385.603261957,
2913002,Ibitiara,6,7,1,0,0,0,False,8565892.437650979,9372911.24226144,1.3205674092665345,0.956600612669496,1.568471613957416,0.0009216608382167713,0.001917568988443035,8967065.124513466,0.1566496032286653,0.19866412709813955,4.201452386947424,12059327.199778628,10060639.112453626,temporal_imputation
2913101,Ibititá,7,7,0,0,0,0,False,9620147.421167,7817538.703156529,1.7707006444004803,2.370174509754227,1.6374000160006241,0.0007687173267422184,0.0020111789878618364,10065100.310143538,-0.08760016688877312,-0.06853307555858178,1.9067091330191341,10524515.677147092,11298861.399140319,
2913200,Ibotirama,7,7,0,0,0,0,False,16601602.115484158,16053298.886854568,1.4747946517168338,1.4498347948121317,1.5990437026825255,0.0015785593745399566,0.003242764650389235,17306073.717263438,0.033704103977838976,0.05686652551220696,2.3162421534367983,20607395.091159485,19498578.669782523,
2913309,Ichu,7,7,0,0,0,0,False,4147117.1540415687,3865725.0234778496,1.5400225294689924,1.737005070539715,1.4110038800616669,0.0003801260113708823,0.0008821356288862834,4335831.967778231,0.020018772083891797,0.04234590123902039,2.2327129155128596,5077046.266488777,4870788.344304679,
2913408,Igaporã,7,7,0,0,0,0,False,14608848.10005693,13878073.865310382,1.3357542143859236,1.3475709945043126,1.3664416005110913,0.0013646642820923725,0.0019436373384454195,15277752.275413545,-0.03722943929704009,-0.018451044308123735,1.8778394988916356,16841504.772037398,17158089.440547694,
2913457,Igrapiúna,7,7,0,0,0,0,False,8498696.268929541,7851304.87278723,1.6099998320883822,2.297487774431344,1.578607674363704,0.0007720376351715651,0.0015959137389955674,8948774.37856608,-0.013176043363891917,0.01083598475311849,2.4012028117010407,10089878.960147683,9981717.224493135,
2913507,Iguaí,7,7,0,0,0,0,False,9614191.817739554,8958338.744329916,1.5014736406987945,0.7693987180540495,1.6282550622180865,0.0008808949303713665,0.002961082876267101,10106321.739847962,0.10275691645158064,0.13388550966789767,3.112859321631703,12803683.85134115,11291866.543996321,
2913606,Ilhéus,6,6,0,0,1,1,False,244316845.05906707,171030971.27339908,2.15739987995566,2.01926307080097,2.2160903858068974,0.01681788552889752,0.023904061609969753,253730974.50753504,-0.28885835397324505,-0.2768906109513151,1.1967743021929933,207496304.37864864,286950090.1538958,legacy_snapshot_used
2913705,Inhambupe,7,7,0,0,0,0,False,21287952.267692145,19749215.452150784,1.511038914366682,1.4700451022402912,1.522403969539079,0.0019419877130257787,0.004378866822310773,22268887.558223035,0.008763702515148172,0.03160487217656988,2.284116966142171,25792903.08595013,25002696.07250886,
2913804,Ipecaetá,7,7,0,0,0,0,False,5582270.08836539,4975353.6519139325,1.5856786403420062,1.516691323867298,1.6372981858547764,0.0004892384552381067,0.0015545946555354656,5863252.6915612575,0.04145676954831061,0.06905784786679434,2.7601078318483725,7009144.3665115535,6556375.205044002,
2913903,Ipiaú,6,7,1,0,0,0,False,24002253.406899605,21547945.61625982,1.5566241629100241,1.5340091838697452,1.5706911099153138,0.0021188611633262146,0.005575977032671785,24845552.576367505,-0.034347882084788034,0.030345043627795075,6.469292571258311,29046088.537096098,28190642.2675905,temporal_imputation
2914000,Ipirá,6,7,1,0,0,0,False,29633631.654418334,25902495.490433097,1.5937112172902417,1.5034988011799835,1.6209665831539495,0.002547054494443148,0.006778101575091041,30940932.18062608,-0.03716077370160916,0.0056452989790149646,4.280607268062413,35001177.905771516,34804694.996642046,temporal_imputation
2914109,Ipupiara,7,7,0,0,0,0,False,6946263.014313088,5644853.735655481,1.8565575797268232,1.6546693746598171,1.8283051308776013,0.0005550720038996167,0.0012727305067214336,7265451.0755134495,-0.11292577857386653,-0.09341940969935754,1.9506368874508988,7396233.170870668,8158384.6488682395,
2914208,Irajuba,7,7,0,0,0,0,False,4792600.352646688,5242805.89440669,1.208891042585725,1.5988608235440755,1.0351622328074823,0.0005155376755793157,0.0009085607803166027,4962362.74748453,0.14792967538988838,0.16535967156892042,1.7429996179032043,6559702.662340591,5628908.2438465385,
2914307,Iramaia,7,7,0,0,0,0,False,9147365.467796747,7433612.288279993,1.8606006824351649,5.570678003741975,1.4262594049336006,0.0007309649217313614,0.0011380519131107586,9503072.196851825,-0.16182495950072243,-0.15012076899169702,1.1704190509025407,9130744.7274368,10743579.080764236,iss_2025_anomaly
2914406,Iraquara,7,7,0,0,0,0,False,19991975.134324748,17887965.03429095,1.4073154378049002,2.1625212303301597,1.3602118528719418,0.0017589664962536335,0.002852007355408314,20911627.055213816,-0.0765761741443519,-0.05878160078573831,1.779457335861359,22100345.604292907,23480571.16471851,
2914505,Irará,7,7,0,0,0,0,False,12064283.539430982,9776047.720079241,1.9147285966498195,1.8676111795604387,1.8652078860057841,0.0009613022147813984,0.0035539766813708815,12607539.03191589,-0.012239847055502259,0.011872317806716067,2.4112164862218326,14337723.619412223,14169498.826185854,
2914604,Irecê,7,7,0,0,0,0,False,71008677.93584195,52790985.51828364,2.09610540513559,2.34532944843716,1.8941740261267526,0.005191064196115386,0.010183503569213671,73010661.56384921,-0.20364665273226157,-0.19396358707189987,0.96830656603617,67223178.37493736,83399679.340459,
2914653,Itabela,7,7,0,0,0,0,False,21784252.138760295,19376294.707113083,1.7178775564856417,0.9739764965815204,1.8711847057183735,0.001905317521921212,0.0037440777274821736,22895389.182427034,-0.05934204805115661,-0.035369787765592554,2.3972260285564055,24680642.932694748,25585600.180950265,
2914703,Itaberaba,7,7,0,0,0,0,False,49097243.9275298,37880235.11868388,1.9598081289693674,2.1109542117786217,1.8881892424998468,0.0037248543541004483,0.008352079534661185,50909909.37454428,-0.1573663406133778,-0.14298806413561613,1.437827647776166,49419339.6719192,57664704.076816335,
2914802,Itabuna,6,7,1,0,0,0,False,183940116.48611337,197555171.30755082,1.217941439840606,1.5276854228343022,1.0916181927950077,0.019426073721940447,0.02871989708417511,190103002.37134334,0.05907916226605595,0.11522799247897761,5.614883021292165,240931216.20705813,216037633.40938535,temporal_imputation
2914901,Itacaré,7,7,0,0,0,0,False,23957722.59851321,18295868.326799583,1.7599303020595622,1.699740856241889,1.882321544781107,0.0017990766051373893,0.0037386368861852706,24678178.271055385,-0.1746127648024793,-0.16360736026979367,1.100540453268564,23534701.173822526,28138340.84122748,
2915007,Itaeté,7,7,0,0,0,0,False,8188738.8778556045,7049101.679056047,1.6798102438930196,2.507144308120265,1.553360725021432,0.0006931550714894553,0.0017782091875224132,8575723.289329184,-0.03913430144024028,-0.01742934957531637,2.1704951864923907,9450042.551912446,9617672.324965108,
2915106,Itagi,7,7,0,0,0,0,False,6966659.500794082,5889331.642053841,1.852118596902785,2.0393240228497667,1.7828110900748935,0.0005791121026813724,0.001547335654689759,7281486.715800879,-0.04802821053873151,-0.02654841920744655,2.147979133128496,7965112.117661671,8182340.3185361605,
2915205,Itagibá,7,7,0,0,0,0,False,65880954.112965316,47800373.05250091,1.995048384565828,1.1910685885666148,4.660357315650584,0.0047003253051196995,0.0019417845913308246,68116904.54389633,-0.29696758784721106,-0.28784800235515196,0.9119585492059101,55104305.22027889,77377168.64168587,
2915304,Itagimirim,7,7,0,0,0,0,False,9771729.232373778,8566454.415336171,1.8014632309070027,3.2144531606744597,1.419411478675295,0.0008423600045826905,0.0009283781272873102,10114442.247069038,-0.1331236837444943,-0.12098344793746268,1.2140235807031607,10088379.975872155,11476894.2088754,
2915353,Itaguaçu da Bahia,7,7,0,0,0,0,False,15469147.799347928,14827459.91956071,1.2658336542365214,1.4385257642766651,1.1981102637532042,0.0014580196893863556,0.0016077465416583676,16050141.311809488,-0.052832395538752804,-0.03884948260610688,1.3982912932645926,17462674.01813912,18168511.281134408,
2915403,Itaju do Colônia,7,7,0,0,0,0,False,6623066.310222197,6100950.63519107,1.5273697030667195,0.5994298029554779,1.6644321975740044,0.0005999211057281558,0.0008647351501035704,6979304.430986905,-0.07040242531925449,-0.046720545165249275,2.3681880154005213,7415360.860735499,7778790.178606061,
2915502,Itajuípe,5,7,2,0,0,0,False,13567717.522227937,11540131.20415057,1.728721319386717,1.4803746321392663,1.7632968505154352,0.0011347687739527471,0.002430935917829897,14253801.271697372,-0.10873212711540546,-0.06327631230325462,4.545581481215084,14926955.900293969,15935281.765957024,temporal_imputation
2915601,Itamaraju,7,7,0,0,0,0,False,42693713.345724225,35713369.101407334,1.8605661116299004,1.6861681870411116,1.8973363691181186,0.0035117812225869695,0.007974392841107292,37236688.93263988,0.06656771838894855,-0.06856339166574625,-13.51311100546948,46705732.412846565,50143758.57136788,projection_changed_10pp
2915700,Itamari,7,7,0,0,0,0,False,4780436.252268449,4578141.530514737,1.4245863893762865,1.9165633863627016,1.374647375537899,0.00045017963484642693,0.001004323273502229,5029877.276869315,0.03740404527941624,0.06275526454797252,2.5351219268556284,5966968.5683682095,5614621.5101613,
2915809,Itambé,7,7,0,0,0,0,False,11086089.718941255,10431968.010159092,1.5298809268565317,0.72044371296702,1.6291977559013153,0.0010258004297684982,0.0028447046858209764,11663855.769865144,0.06287625807624822,0.09261223162298021,2.973597354673199,14226478.144347534,13020610.361660825,
2915908,Itanagra,7,7,0,0,0,0,False,6065371.198075559,6549205.026454021,1.3797394476320486,0.8128513864997277,1.620238938412638,0.0006439990349123097,0.0008089932594427711,6338821.156674471,0.07391890351283947,0.09845049487984575,2.453159136700628,7825116.778223405,7123777.370667357,
2916005,Itanhém,6,6,1,1,0,0,False,11335920.755435357,10800883.762866082,1.486324559738082,2.019840087074905,1.351649311706138,0.001062076800373418,0.0024255437930603297,9415870.304009134,0.1465273248272721,0.06211146208502787,-8.441586274224422,14140991.164819842,13314036.86865379,temporal_imputation
2916104,Itaparica,7,7,0,0,0,0,False,12361844.427993432,9971886.940407362,1.8896036065165533,2.5059867599829397,1.5535100559797463,0.000980559554928768,0.002647475785375853,12805473.646952745,-0.0843418331847123,-0.068958634740361,1.5383198444351307,13517774.718841871,14518984.035765346,
2916203,Itapé,7,7,0,0,0,0,False,5579929.017573213,4957735.062105278,1.5583224354420937,1.9731798678572043,1.4936611946328977,0.00048750597705373783,0.0012194839685583042,5841262.694916975,-0.01329756758341356,0.008765172030936585,2.2062739614350146,6611069.273790308,6553625.61782373,
2916302,Itapebi,7,7,0,0,0,0,False,13500519.635655345,14833326.537352111,1.2656357610118585,2.098947067746738,1.1429883690328042,0.0014585965679816356,0.0012713008455691884,14139804.538776271,0.05740528793106394,0.07907042841464902,2.166514048358508,17110126.86949695,15856357.860380663,
2916401,Itapetinga,7,7,0,0,0,0,False,52547717.09178484,42733191.25827036,1.7221973160894917,1.5054178524171087,1.7863873428598818,0.004202057168448377,0.009164285939878348,54922829.29430785,-0.12025479746117577,-0.1014079399105014,1.8846857550674376,55458661.53589759,61717284.1816274,
2916500,Itapicuru,7,7,0,0,0,0,False,20313931.19238145,15154874.533589976,2.1383418338057236,4.407727275743713,1.833893253477636,0.0014902151535074717,0.0038553509918291783,21183814.57647544,-0.1615538652621081,-0.14692260659598563,1.463125866612247,20353324.85412825,23858708.49643883,
2916609,Itapitanga,6,7,1,0,0,0,False,4682014.086808372,4314756.98102622,1.4937735774964727,4.619274034675543,1.3167185550823657,0.0004242804005124461,0.0012481100445691099,4902605.662328823,0.05490036739827197,0.08477157489059371,2.987120749232174,5965185.678434068,5499024.69470192,temporal_imputation
2916708,Itaquara,7,7,0,0,0,0,False,4297334.688231513,4206859.899142286,1.3098631768147044,2.5065187782191582,1.112841236021793,0.0004136706217190754,0.0010228525052642266,4473066.899049543,0.08960384634966008,0.10878357592065344,1.9179729570993356,5596273.321638329,5047218.81093124,
2916807,Itarantim,7,7,0,0,0,0,False,12101966.98603816,12057735.8277877,1.2747239229184169,2.039575582642558,1.2605443105197438,0.0011856660777845895,0.002308296787176446,12741762.042237137,0.05287958854749485,0.07882204983848987,2.5942461290995014,15334115.571009254,14213758.027382663,
2916856,Itatim,5,7,2,0,0,0,False,11854631.600517085,10428251.77463068,1.6592380864727467,1.4811856100975256,1.7266016902935095,0.0010254350034176454,0.0018101267579007472,12360101.266794445,-0.1333199304883775,-0.0626497966354659,7.067013385291161,13050973.087727562,13923262.662004307,temporal_imputation
2916906,Itiruçu,7,7,0,0,0,0,False,5148572.831051866,4792596.563615086,1.4156628198654722,2.207835533895542,1.2586718561575776,0.0004712675125034636,0.0015229677606059915,5368046.263459331,0.09352587850239259,0.12130554278603665,2.7779664283644063,6780532.212126302,6046997.85508876,
2917003,Itiúba,7,7,0,0,0,0,False,14245530.430836562,11935075.418358434,1.7174485124323602,1.1860066745812525,1.8630307253943565,0.0011736045855919768,0.004037353739351519,14962877.10778988,-0.0010226568039488923,0.025782447542299605,2.68051043462485,17162748.648235645,16731372.904026918,
2917102,Itororó,7,7,0,0,0,0,False,6875245.445294744,9733754.87583897,0.9656830814376595,0.976557353568123,0.9366717334047013,0.0009571434579911598,0.002390408538953125,7200716.526085853,0.563637045951135,0.6068720203339906,4.323497438285562,12975450.63227047,8074974.526952996,projection_outlier_30pct
2917201,Ituaçu,7,7,0,0,0,0,False,10613271.237657508,9992101.590724211,1.4471674080344883,1.373324828769968,1.4619779123821668,0.000982547309968129,0.00225169141550887,11130626.900295544,0.02585949049391128,0.050188788928277835,2.4329298434366557,13090902.706142321,12465285.141256977,
2917300,Ituberá,7,7,0,0,0,0,False,13165244.35102808,13047243.047013223,1.3710974964018863,1.0878662262662322,1.4763582578459373,0.0012829666954391002,0.003140710410781531,13797124.223957555,0.09257638697132758,0.12016452386741679,2.75881368960892,17320630.314393256,15462577.099471983,
2917334,Iuiú,6,7,1,0,0,0,False,7908058.127830131,7309892.854693428,1.4134304094948258,1.119346269948867,1.5192498917894255,0.0007187992931538751,0.0013209734020835822,8303439.492374034,-0.04563998142112029,-0.00868202986671172,3.695795155440856,9207374.03019571,9288012.835031858,temporal_imputation
2917359,Jaborandi,7,7,0,0,0,0,False,81027582.18318434,63066194.60160204,1.7777630223118959,2.6861906653265133,1.684248489405333,0.006201450144707692,0.001071942523405607,84958477.15431042,-0.2667275388153596,-0.2564677903497751,1.0259748465584473,70759640.9879449,95166880.55952802,
2917409,Jacaraci,7,7,0,0,0,0,False,6650876.199096768,7218344.301568511,1.2732404073374886,0.6248457711615378,1.386726221334124,0.0007097971043963204,0.0018591336027268756,6996494.431397622,0.20954689268155294,0.24435541357783258,3.480852089627964,9720223.68913948,7811452.888038964,
2917508,Jacobina,7,7,0,0,0,0,False,117040445.168277,98826360.31861314,1.6705219414520325,1.8023250379767253,1.6121263679033748,0.009717832990722888,0.010749988477201398,121461028.47182384,-0.16371369849124454,-0.1530214515624421,1.069224692880244,116429043.59426951,137463981.59557763,
2917607,Jaguaquara,7,7,0,0,0,0,False,26026933.58367742,22406598.449819278,1.6872209955567221,1.3239179328879482,1.8188184425707903,0.0022032945554560086,0.006008686013848517,27190175.703812275,-0.026670516829934078,-0.0041449373020362905,2.252557952789779,30441923.717883144,30568628.767533794,
2917706,Jaguarari,6,7,1,0,0,0,False,78616532.7040889,64185394.29192507,1.8297409093292394,1.8827457664018474,1.8057232118688837,0.006311503734041181,0.004145609062706446,81631980.38160099,-0.22691603297486193,-0.1998762337496937,2.703979922516822,73879510.67685942,92335103.3841774,temporal_imputation
2917805,Jaguaripe,7,7,0,0,0,0,False,14679388.407475542,15686888.39054144,1.203992472639367,1.0297950756142518,1.6459957119051798,0.0015425293518037226,0.0021028595383638087,15106861.217439815,0.08075369640409849,0.09796777655188162,1.7214080147783126,18929995.48013921,17240939.018800724,
2917904,Jandaíra,7,7,0,0,0,0,False,11048042.41446054,8407717.584398663,2.0681125185808846,1.9440807392495445,2.0109376942563237,0.0008267510313537454,0.0012289802050955813,11528495.046617758,-0.22376572594767688,-0.20920212850823347,1.456359743944341,10261332.929158421,12975923.80945762,
2918001,Jequié,7,7,0,0,0,0,False,152410644.55042174,165474698.7120273,1.2204589335093907,1.5176135640799455,1.102281925729442,0.01627152392427838,0.02017490549839224,158271473.41407597,0.08469208984924384,0.10282052996867876,1.8128440119434917,197411794.3427163,179006274.3466727,
2918100,Jeremoabo,7,7,0,0,0,0,False,22849268.078213252,20759411.901711635,1.5449659616866953,0.9168063009434524,1.8544113125875763,0.0020413227523108854,0.004631740035857715,23985328.42376631,-0.013605508214102242,0.011495361990737503,2.5100870204839745,27144956.044571996,26836461.2084307,
2918209,Jiquiriçá,6,7,1,0,0,0,False,6901931.222277807,6151704.538489023,1.577453683181223,1.7584392404785643,1.6080916786791117,0.0006049118587447263,0.0017336129597482794,7242724.907089682,0.00791603921898546,0.042747806470135666,3.4831767251150203,8452844.236071771,8106316.967173463,temporal_imputation
2918308,Jitaúna,7,7,0,0,0,0,False,8083548.524426241,6556307.499110609,1.8107578576423697,3.4775227833858855,1.639379194106331,0.0006446974380800008,0.0015301822608587232,8461678.409378037,-0.10771635181004331,-0.08898369817234557,1.8732653637697743,8649303.807192275,9494126.273964904,
2918357,João Dourado,7,7,0,0,0,0,False,20556566.77738938,13126612.35803311,2.447704017646728,6.881206228704617,1.7665863837688582,0.001290771270115263,0.0029817164935584126,21282904.68524541,-0.2949739318373169,-0.286591442944769,0.838248889254789,17224310.726603977,24143683.94696799,iss_2025_anomaly
2918407,Juazeiro,6,7,1,0,0,0,False,240010745.28706694,205574489.4436244,1.587710598720408,1.6573584432089392,1.6182168784695,0.020214632504178234,0.02948785366878822,249872717.05824316,-0.15759116066319492,-0.1122123907692483,4.537876989394663,250260736.77603695,281892576.7536701,temporal_imputation
2918456,Jucuruçu,7,7,0,0,0,0,False,8314398.010163962,8271450.016848768,1.4723748444172053,1.2069586711556721,1.4585206488914226,0.0008133515146738568,0.0012153453780941442,8753015.045033101,0.010141900549162886,0.03449780447695374,2.4355903927790856,10102138.947070403,9765258.953041553,
2918506,Jussara,7,7,0,0,0,0,False,8128899.07519814,7297652.139934846,1.604011350515575,1.661187198777318,1.590934939399462,0.0007175956343190514,0.0018356501435154967,7028666.599008243,0.18544364512282316,0.02408035534516094,-16.136328977766222,9777295.043171512,9547390.487610834,projection_changed_10pp
2918555,Jussari,7,7,0,0,0,0,False,4324386.577659109,4116030.262796789,1.3376826759531302,1.7189377343325158,1.321445173165831,0.00040473912577236706,0.0008031396383150705,4531906.030333631,0.011059999411358845,0.0339937016606968,2.2933702249337955,5251644.963446258,5078991.250151324,
2918605,Jussiape,7,7,0,0,0,0,False,4255561.525317413,4844582.410320386,1.1403876686303942,0.6125893360409584,1.2758906911435381,0.00047637940546941637,0.0008761014821163035,4478734.249454412,0.18859654629686406,0.2210191876809186,3.242264138405454,6102844.670448828,4998156.2386746425,
2918704,Lafaiete Coutinho,6,7,1,0,0,0,False,3897505.840952046,4059952.9302696087,1.2559175550365944,1.2971619140501285,1.2686289941122033,0.00039922490719437366,0.0005810002115620605,4093912.9316344615,0.044145278308812076,0.07936662597026276,3.5221347661450677,4940930.1490391325,4577619.902410489,temporal_imputation
2918753,Lagoa Real,7,7,0,0,0,0,False,6567658.620436275,5977469.0497158775,1.4793282309251599,2.167522992549303,1.4678334818010015,0.0005877788653258085,0.0017484631380773582,6885008.829954294,0.048659716921212195,0.0741717801164079,2.551206319519571,8285853.745097913,7713713.8570145415,
2918803,Laje,6,7,1,0,0,0,False,11744199.232390054,10788267.28460312,1.50881110799832,1.2137959390738557,1.5495436454160432,0.0010608361918121468,0.0026145199156972993,12342751.695786458,0.00604751499001526,0.03973763987891135,3.369012488889609,14341683.380284782,13793559.865693644,temporal_imputation
2918902,Lajedão,7,7,0,0,0,0,False,5933958.898960566,6137109.502492247,1.2734972582568171,0.9575959141159077,1.2653748844998594,0.0006034766938570081,0.0006182650929449015,5078241.275845331,0.20936753853673185,0.02940884322651932,-17.995869531021253,7174396.63078887,6969433.649221293,projection_changed_10pp
2919009,Lajedinho,7,7,0,0,0,0,False,4675474.936344952,4458524.250031525,1.4315944507055094,1.784819852524631,1.3818527273025731,0.00043841738082034827,0.0005352360804702837,4901052.155390045,-0.053242170695948256,-0.03310150274160958,2.014066795433868,5309572.709850845,5491344.463670145,
2919058,Lajedo do Tabocal,6,7,1,0,0,0,False,4370640.427068306,4581824.91597822,1.3006029978398836,0.7054844794513664,1.330977952305026,0.0004505418309716226,0.001061184295228873,4606646.200966753,0.13396139550216712,0.17570101691451256,4.173962141234544,6035245.297377646,5133316.38788272,temporal_imputation
2919108,Lamarão,7,7,0,0,0,0,False,4556874.470274064,3913121.060994535,1.7596255266104865,1.4378490105648922,1.8213155064453346,0.0003847865773931892,0.0010752422666059176,4784693.334305215,-0.02597581503378062,-0.001181397937244468,2.4794417096536154,5345725.339059571,5352048.23780775,
2919157,Lapão,7,7,0,0,0,0,False,13456563.380672768,11321061.262717728,1.7026183182267334,1.3383804222486586,1.821058105458984,0.0011132271012930604,0.0030924949467200993,11742006.350682162,0.11874606791869965,-0.022759786602105096,-14.150585452080474,15445018.936403336,15804731.246886086,projection_changed_10pp
2919207,Lauro de Freitas,7,7,0,0,0,0,False,306599138.70715815,303752497.4261674,1.3315991189435337,1.2233645428339461,1.4640737526722887,0.029868711454979366,0.03505649566296268,315159897.8616513,-0.013085480700489793,0.0001046304453227878,1.319011114581258,360138310.2226681,360100632.7331042,
2919306,Lençóis,7,7,0,0,0,0,False,9135837.115547538,9139126.352156483,1.3976735149183976,1.162035126489353,1.3754712239944114,0.0008986722093684559,0.0015678504861333985,9508547.115342885,0.043423474752891454,0.06399130723549161,2.0567832482600155,11416668.257559638,10730039.03314109,
2919405,Licínio de Almeida,7,7,0,0,0,0,False,9558159.475463253,8347913.563389263,1.7584257709840394,1.170132674042736,1.941746369041401,0.0008208703585608855,0.001564545895438741,10019470.684982855,-0.08054959783725246,-0.05770585271423907,2.284374512301339,10578247.401283853,11226056.568168288,
2919504,Livramento de Nossa Senhora,7,7,0,0,0,0,False,25506861.252135467,22452007.555188578,1.586165396166282,1.5836533422233245,1.575582966887859,0.0022077597416757006,0.005576634988000628,26725141.497911166,-0.020363528838965528,0.0014272395665321568,2.1790768405497687,30000560.871647734,29957803.908582993,
2919553,Luís Eduardo Magalhães,7,7,0,0,0,0,False,430834537.3983766,348435279.37990093,1.7772453980299192,1.8766907200133423,1.7489255615755068,0.034262476551532126,0.015884567408162666,449471920.71397865,-0.21699282338191392,-0.20563740456864196,1.1355418813271956,401959456.990567,506015085.93477184,
2919603,Macajuba,7,7,0,0,0,0,False,6603526.928083146,5977677.3343283,1.5746099702528458,1.3831170313661543,1.6081062959897603,0.0005877993464512041,0.0013287869284027247,6910187.560980868,-0.015543402458644837,0.00708876610518403,2.2632168563828867,7810820.521890707,7755841.177832101,
2919702,Macarani,7,7,0,0,0,0,False,6786972.029091609,7253515.28375673,1.198117192096813,1.0170745939240304,1.264829685679799,0.0007132555514131173,0.002322323288058193,7127090.769435597,0.25548605072478203,0.28985974211351795,3.4373691388735916,10281855.628864177,7971297.41565288,
2919801,Macaúbas,7,7,0,0,0,0,False,17971874.183680817,15869411.642012646,1.5831659531879754,1.5027879834081104,1.6160855894678847,0.001560477300802375,0.005539936139699494,18807155.81055474,0.06387724140232028,0.09033668707834752,2.6459445676027245,23014786.410271846,21107962.96503787,
2919900,Macururé,7,7,0,0,0,0,False,6706979.897874265,7211072.275951235,1.247881648370045,0.8097514123241971,1.2754600596524697,0.0007090820286794256,0.0009535445112353804,7058336.906521432,0.07612300151168297,0.10278732052114933,2.6664319009466366,8687038.029302416,7877346.672064694,
2919926,Madre de Deus,7,7,0,0,0,0,False,184514825.85582554,175017603.97984818,1.5378185597052711,1.5046226192315495,1.5342439353542496,0.01720990068266545,0.0027236665770406995,192989476.27946895,-0.11718883638552094,-0.10252419291916795,1.466464346635299,194494342.02899393,216712629.459745,
2919959,Maetinga,7,7,0,0,0,0,False,4343565.331042478,3846759.5196588626,1.8342465160545072,2.191991492883876,1.8007438061887548,0.0003782610879020463,0.0006433114163785336,4563777.302988054,-0.08448639512007763,-0.06173241763605628,2.2753977484021353,4786587.73347744,5101516.692517226,
2920007,Maiquinique,6,6,0,0,1,1,False,6220265.849520799,6305427.705130507,1.2455278836367212,0.9825853901658989,1.2804963394956408,0.000620027826340931,0.0012722116514987123,6544809.478067167,0.08037407130095178,0.10769775132324014,2.7323680022288355,8092508.692118774,7305701.110660898,legacy_snapshot_used
2920106,Mairi,7,7,0,0,0,0,False,8519344.85047928,7564869.851947261,1.5953536042224548,1.6259192451429407,1.5863362765909361,0.0007438717927157363,0.0021464403473508272,8888788.513037264,0.017850665035156938,0.040492930061625645,2.2642265026468706,10411139.981870282,10005968.979773518,
2920205,Malhada,7,7,0,0,0,0,False,12616876.148402255,10506730.475684123,1.734827888945632,2.8365222026011727,1.543921611977576,0.0010331520022801705,0.0018305370467973957,13168405.856117457,-0.12796608217306848,-0.11213283350457622,1.583324866849227,13156876.24984614,14818518.745071707,
2920304,Malhada de Pedras,7,7,0,0,0,0,False,5477897.464808326,4391056.544627867,1.7905876492354642,2.4067757404759966,1.6748123144148905,0.000431783119563875,0.0010918164018656746,5727901.82954664,-0.10497606103813405,-0.08783377212653153,1.7142288911602521,5868685.569958681,6433789.577630316,
2920403,Manoel Vitorino,7,7,0,0,0,0,False,9561082.064050945,7936991.045114929,1.787248395693684,1.4418937964552845,1.8230300346906971,0.0007804633619676381,0.0015931684712444127,9991152.93144257,-0.11267731065934115,-0.09371090578798613,1.8966404871355023,10177163.548344554,11229489.14793379,
2920452,Mansidão,7,7,0,0,0,0,False,8816544.263538664,8836121.282019736,1.3732565206084253,1.3767627184616287,1.3398399270381232,0.0008688769942311382,0.0016016025993093252,9261874.475320568,0.050042022360792256,0.07534595247646662,2.530393011567437,11135239.207319936,10355029.636440301,
2920502,Maracás,7,7,0,0,0,0,False,36624489.50306578,44967186.295711696,1.0607322293903603,1.045552762202781,1.197716043723666,0.004421731257486641,0.002927740380219872,38191156.76084298,0.17586913694910072,0.20483702910992302,2.8967892160822295,51826614.538561314,43015456.27033756,
2920601,Maragogipe,6,7,1,0,0,0,False,18297564.713660404,15252744.066052137,1.7748636365776063,2.2074665024201696,1.5204881073555343,0.001499838899320645,0.004564384721888535,18946873.88399873,-0.0440559991761425,-0.01074829559623145,3.330770357991105,21259500.33266096,21490486.433353443,temporal_imputation
2920700,Maraú,7,7,0,0,0,0,False,17395821.869943105,13029341.330773894,1.955034227264378,1.855945182700988,2.007657540353961,0.0012812063767538803,0.0029718617121983525,18054788.59297505,-0.1768419793030767,-0.16253683528245955,1.4305144020617167,17110536.216741994,20431389.62716412,
2920809,Marcionílio Souza,6,6,0,0,1,1,False,7512551.506902322,6892040.126014708,1.6629921800183614,1.595750317837299,1.451033956639494,0.0006777108323532717,0.0012584005433979237,7811396.012215014,-0.032138188746794326,-0.01448217851985645,1.7656010226937877,8695707.017716473,8823490.380576214,legacy_snapshot_used
2920908,Mascote,7,7,0,0,0,0,False,8111418.325462709,8090831.548015081,1.4797019636970727,0.911361042383697,1.5700626662059913,0.0007955908675195239,0.0016216197779615987,8533806.194568856,0.06080893960616072,0.08867718711725722,2.7868247511096502,10371674.439460421,9526859.350221075,
2921005,Mata de São João,7,7,0,0,0,0,False,155686103.3596084,124080989.30961859,1.7853244113537274,1.6363564760571498,2.486994209903002,0.012201181218726348,0.005607381771587375,157831137.52418128,-0.223727178802298,-0.21867868299488716,0.5048495807410847,142867181.27101997,182853300.12323862,
2921054,Matina,7,7,0,0,0,0,False,5917716.397624661,6004440.533725245,1.5156276796432773,1.2156169227922808,1.528359935483613,0.0005904310360246987,0.0014182932060095351,6206079.104750168,0.11310510762716766,0.14244686302388787,2.934175539672021,7940413.362301983,6950356.834351913,
2921104,Medeiros Neto,7,7,0,0,0,0,False,23786836.182255473,22176389.31834576,1.5177652777887847,1.9489793130008044,1.4584441847239846,0.0021806575395284106,0.002871348754020292,24921646.394125614,-0.06498910808353685,-0.046223469358225855,1.8765638725310994,26646260.37133912,27937634.77636577,
2921203,Miguel Calmon,7,7,0,0,0,0,False,11675571.933671206,10396828.061544022,1.5113828076792817,1.3196255309860099,1.588967213605701,0.001022345034357366,0.0029733094506049556,12222230.3579841,0.020841485262121737,0.04536484940199504,2.4523364139873305,14335043.350225871,13712957.115811085,
2921302,Milagres,7,7,0,0,0,0,False,6657437.392399408,6123193.736410565,1.6083016733348925,1.5340140064884622,1.552425537092186,0.0006021083232088959,0.0013741398436835795,6937846.053796761,0.0037684122683519896,0.025134526884689593,2.1366114616337604,8015689.870693226,7819159.008381401,
2921401,Mirangaba,7,7,0,0,0,0,False,9040519.423354045,8237889.480316527,1.4485793093547432,2.353988357233841,1.4544757527529995,0.0008100514266401792,0.001966216847152987,9467157.595261816,0.005706656205061527,0.028155156481332523,2.2448500276270997,10917042.361994565,10618088.420969542,
2921450,Mirante,7,7,0,0,0,0,False,4142971.995951894,5568931.3105442375,0.9781573604733692,0.15371754159455872,1.1130078858201016,0.0005476063697803081,0.001112526303014617,4370335.86356941,0.4236081765451946,0.4662634052649859,4.265522871979127,7134720.21909702,4865919.856881117,iss_2025_anomaly;projection_outlier_30pct
2921500,Monte Santo,6,7,1,0,0,0,False,20203639.04427268,17215319.866073225,1.59467833228445,1.1802958869820106,1.6987047230566135,0.0016928236838938276,0.005374247015118043,21185780.024928566,-0.021056736503952175,0.021822581614960777,4.287931811891295,24247002.145972818,23729170.388514157,temporal_imputation
2921609,Morpará,7,7,0,0,0,0,False,6547105.2582263015,6549661.338748206,1.325118381524921,1.3241629673188264,1.3372725934146765,0.0006440439051944107,0.0010138415188326666,6891103.240476058,0.02295531555648352,0.04785701530121685,2.4901699744733334,8057573.9943862,7689573.93683142,
2921708,Morro do Chapéu,7,7,0,0,0,0,False,84246834.10353513,64516003.499351345,1.4784771654816389,1.1729087704612602,1.7463781614861664,0.006344013330191497,0.004256703324799183,87582608.7296599,-0.2593813880252493,-0.2480891680471423,1.1292219978107005,74399991.30899224,98947891.35536335,
2921807,Mortugaba,7,7,0,0,0,0,False,5677679.672341875,5540248.441332697,1.4458581088969924,1.408871519576013,1.4393760327347298,0.0005447859144706734,0.0014251578868752254,5953140.648420404,0.09115726848546989,0.11847767796753755,2.732040948206767,7458494.28977909,6668433.744097988,
2921906,Mucugê,6,6,0,0,1,1,False,29400121.102369487,31868323.23451271,1.2034046760570376,1.996639802672909,1.13017667507699,0.003133688642270483,0.0014295350687061853,30863709.14558382,0.04624386926376385,0.0649627694948601,1.871890023109625,36773629.70827621,34530436.895666234,legacy_snapshot_used
2922003,Mucuri,6,7,1,0,0,0,False,113830121.84269059,138057280.73477504,1.079432136330232,1.6617742772942923,1.0006234643763994,0.013575503468999104,0.005528137773841358,118870293.51147732,0.14294182075251072,0.18863915773707482,4.56973369845641,158913278.63772824,133693457.4326716,temporal_imputation
2922052,Mulungu do Morro,6,7,1,0,0,0,False,15584014.170378342,16852182.824705075,1.1977930728721573,2.2237310399289565,1.0806020477491816,0.0016571155478319124,0.001378303691473189,16242760.279441958,0.006276244828407515,0.05860480601441716,5.232856118600964,19376090.29780372,18303421.81304988,temporal_imputation
2922102,Mundo Novo,6,7,0,1,0,0,False,10517530.563232386,9732082.920250522,1.4250746321953596,1.5088616778950992,1.397215036062561,0.0009569790505888829,0.0027022588519556943,10954598.770231681,-0.027952106471381077,0.07884803739261967,10.680014386400074,13326834.748286167,12352837.736531192,temporal_imputation;projection_changed_10pp
2922201,Muniz Ferreira,7,7,0,0,0,0,False,4229424.873657505,3871237.190045537,1.5156470464690306,2.346005515761724,1.3996426105681266,0.00038066803592737855,0.0009902573885997399,4425828.04775,0.024977387730845704,0.04788013065964797,2.2902742928802264,5205301.319853619,4967458.746046501,
2922250,Muquém de São Francisco,6,6,0,0,1,1,False,11403768.347357644,12095261.337922022,1.3553814554101453,0.6516728389831711,1.433682703227367,0.0011893560511803652,0.0013281509653796087,11995581.816567676,0.03991612056138542,0.06495837043288087,2.5042249871495454,14263758.328567218,13393723.853045383,legacy_snapshot_used
2922300,Muritiba,7,7,0,0,0,0,False,10177531.217563685,9382535.76534048,1.5644220256560666,1.658607454837117,1.5398185008712424,0.0009226072406502509,0.0037148649142132225,10626115.75254406,0.15143799338078032,0.17997055027554854,2.8532556894768217,14104788.081275422,11953508.56678724,
2922409,Mutuípe,7,7,0,0,0,0,False,11494093.923649319,10440691.430442091,1.5387554840608486,1.2126669219189283,1.624563629513147,0.0010266582246032444,0.0024987574598558586,12036682.87034902,0.0019243666730916786,0.025489938426208007,2.356557175311633,13843920.582912907,13499811.225996817,
2922508,Nazaré,7,7,0,0,0,0,False,13188127.11867043,10925828.495348295,1.8062775186001987,1.514587486152192,1.892458573648313,0.0010743629155295178,0.0034202118004300086,13741139.579248406,-0.027093009625188767,-0.005827417494092619,2.1265592131096147,15399189.39707457,15489452.905912409,
2922607,Nilo Peçanha,7,7,0,0,0,0,False,7536071.109087596,6843519.106397939,1.5806665083195577,1.6496630857518162,1.5735300030974675,0.0006729396441434137,0.0015947886007850703,7920054.533256397,-0.004469101031241578,0.019697119527962364,2.4166220559203944,9025455.602421556,8851114.149071652,
2922656,Nordestina,7,7,0,0,0,0,False,10174525.205041118,9244757.114901643,1.7235408979002733,3.519066807560099,1.3748757976010424,0.0009090591355663928,0.0017466522218974202,10573555.547009587,-0.0347301634550635,-0.01835953583654793,1.6370627618515572,11730581.956185136,11949978.005625375,
2922706,Nova Canaã,7,7,0,0,0,0,False,6888377.034196145,6488606.195887544,1.4702071853448657,0.8828866571085436,1.5306049537616442,0.0006380402065897895,0.0019192921437714886,7246138.764714249,0.08472887210557677,0.11471926992705665,2.999039782147989,9018522.07904071,8090397.575732992,
2922730,Nova Fátima,7,7,0,0,0,0,False,4321389.862148691,4393828.38900988,1.293850635652829,1.0288628253981256,1.335713519884622,0.00043205568166870047,0.001073604808964346,4546266.627858232,0.122705430650705,0.1527965926224368,3.009116197173181,5850986.376033062,5075471.608328542,
2922755,Nova Ibiá,7,7,0,0,0,0,False,4061128.169847301,4719049.347174808,1.1092556383239185,1.1278780691986166,1.1081202137516601,0.0004640354383484009,0.0008815408521042808,4277090.037606884,0.22168021236887503,0.2530047787501015,3.1324566381226493,5976575.049029093,4769794.297984124,
2922805,Nova Itarana,7,7,0,0,0,0,False,5495141.506194508,5513865.3807980595,1.3537090004087875,1.5857944589944748,1.2487108623773688,0.0005421916048630632,0.0010033016500375965,5692249.548406685,0.059732543740353576,0.07729999710453918,1.7567453364185601,6952940.183214999,6454042.701106866,
2922854,Nova Redenção,7,7,0,0,0,0,False,4620661.012059263,4578936.704286152,1.3930269027128275,1.1676128623858832,1.379999729921811,0.00045025782619015646,0.0010575492734348519,4861903.976731938,0.08242863715770121,0.11076475402137251,2.8336116863671297,6028082.0204063365,5426965.51955082,
2922904,Nova Soure,7,7,0,0,0,0,False,12157203.709979637,10219294.759860536,1.5685659682600686,1.2021556265537214,1.6816494068348675,0.0010048877590869865,0.002947438498428501,12725659.88321852,-0.03404931510442159,-0.011217698474494416,2.283161662992718,14118460.14383348,14278633.549620928,
2923001,Nova Viçosa,7,7,0,0,0,0,False,29017060.957759153,27082820.992377125,1.4962174898729648,1.4619009134341365,1.469356810357988,0.0026631187314099213,0.005237534511623546,30202363.002212737,-0.00695600069006966,0.012359896882323147,1.9315897572392806,34501764.696801566,34080532.825385176,
2923035,Novo Horizonte,7,7,0,0,0,0,False,9197345.035141297,9173317.86593164,1.6926631780149584,1.8607262094517096,1.607098603643109,0.0009020343429074811,0.001418698265581893,9540837.114687528,0.02521383983737733,0.0445789157205945,1.9365075883217169,11283834.006522445,10802280.07353411,
2923050,Novo Triunfo,7,7,0,0,0,0,False,4773994.850403475,4641953.269983546,1.460969177151107,2.1405163396980886,1.368861371455115,0.0004564543962057058,0.0015985835245862932,5012465.2440237785,0.165674021606461,0.19621464449252923,3.054062288606824,6707242.601177327,5607056.084840647,
2923100,Olindina,7,7,0,0,0,0,False,11449285.564995892,10206632.692944812,1.6465689536922634,1.711170086064735,1.6243075449357725,0.0010036426676841698,0.0029289539153494496,11923694.550777132,0.025541498869411518,0.047369487579590044,2.1827988710178525,14084170.02369047,13447183.81689557,
2923209,Oliveira dos Brejinhos,7,7,0,0,0,0,False,17542028.0119068,16453714.861976897,1.401563218956139,0.35248414853742593,2.1648522768347225,0.0016179332375509104,0.002506273758608093,18444493.707266223,-0.047485418548160074,-0.01976998557725394,2.7715432970906133,20195785.552220136,20603108.71434942,
2923308,Ouriçangas,7,7,0,0,0,0,False,5222920.030141712,4513607.870241307,1.6192655815672017,1.3969031157110088,1.6628688226113368,0.0004438338852833002,0.001050358861063268,5476180.670028792,-0.05136696333354805,-0.029880572111384042,2.148639122216401,5951021.676832482,6134318.6269183215,
2923357,Ourolândia,7,7,0,0,0,0,False,18013975.21409103,19641676.198585775,1.188138202917677,1.9242557326366991,1.3632383458767148,0.0019314131203490622,0.00204336258583313,18581878.855744813,0.07373393944470923,0.08872805334984579,1.4994113905136566,23034666.475632925,21157410.61760911,
2923407,Palmas de Monte Alto,7,7,0,0,0,0,False,11520546.153850805,11428772.47995632,1.3511910212658045,1.0237711807937802,1.4606804196868792,0.0011238186035701606,0.0025374646129786528,12078087.47344739,0.07681871775835206,0.10341059443657737,2.659187667822531,14930115.6440074,13530879.365564732,
2923506,Palmeiras,7,7,0,0,0,0,False,9050636.152389035,7008850.715674443,1.8441775172139236,3.017246511044505,1.6182634158701685,0.0006891970977403759,0.001314402442140363,9428738.599694692,-0.1782852855187511,-0.16440475840587557,1.3880527112875547,8882352.78261185,10629970.517383937,
2923605,Paramirim,7,7,0,0,0,0,False,12664057.167719051,11825115.50186005,1.5214218527792063,1.4430831818917218,1.556297654934088,0.0011627919633243947,0.0027695679205786946,13170311.443533774,0.02881415704412708,0.04955914703591812,2.074498999179104,15611072.268494066,14873932.843691202,
2923704,Paratinga,6,6,0,0,1,1,False,15590506.207722029,13223013.568134826,1.6724955954119984,1.602452457845953,1.8517117045768712,0.0013002506322697712,0.0034897845873670163,16339640.466385255,-0.046023176136567034,-0.022373845852828807,2.3649330283738226,17901358.17324361,18311046.70973108,legacy_snapshot_used
2923803,Paripiranga,7,7,0,0,0,0,False,18844096.618604086,15233196.59721606,1.8520166999114314,1.7671987109148943,1.8692066940253231,0.001497916749836156,0.0033515488418836264,19737237.85513257,-0.12030797944250782,-0.10242717346269467,1.7880805979813146,19865430.105856866,22132388.056459516,
2923902,Pau Brasil,7,7,0,0,0,0,False,5917393.832570931,5224261.791577171,1.6446711481365528,5.094301395676403,1.4151131925382492,0.0005137141894802723,0.001229040477556763,6194662.794609569,-0.027499097751527823,-0.006750824414648004,2.074827333687982,6903059.900714388,6949977.981754885,iss_2025_anomaly
2924009,Paulo Afonso,7,7,0,0,0,0,False,141359307.42937094,182440290.17305169,1.0583994482674743,1.5684953543558526,0.9887554359671962,0.017939791215267717,0.015174548709873966,147913416.87660843,0.2395556285233381,0.26720219596508893,2.7646567441750842,210389121.19107455,166026480.90492317,
2924058,Pé de Serra,6,7,1,0,0,0,False,6261242.767092144,5664067.052524785,1.5294160051100838,1.2101113402046193,1.5800403126776916,0.0005569612954199335,0.0016548962258199152,6568075.686912969,0.03192180971583847,0.06737286923011848,3.5451059514280017,7849277.018300372,7353828.492907028,temporal_imputation
2924108,Pedrão,7,7,0,0,0,0,False,3937059.45613133,3517193.8595818174,1.550734577494608,3.3574846032127708,1.3834089208456257,0.0003458541062649528,0.0009008162999978936,4120301.3570963624,0.0015722178915940363,0.02302020719770795,2.1447989306113917,4730522.795039688,4624075.616255615,
2924207,Pedro Alexandre,7,7,0,0,0,0,False,8038488.338731529,5885987.538357128,1.9929248366848809,3.6506790999834773,1.8531803883260893,0.0005787832689458838,0.0017733853859704246,8433978.660500865,-0.14799482461324356,-0.1296057090792486,1.838911553399497,8217569.272483935,9441203.094049403,
2924306,Piatã,7,7,0,0,0,0,False,13273132.305843677,12531804.753703896,1.4466362209876875,0.9358100088782499,1.7409767997443029,0.0012322824120631405,0.002236895352374892,13863938.51242753,-0.009520239911529756,0.010525133871640079,2.004537378316983,15753370.862631032,15589291.482810434,
2924405,Pilão Arcado,6,7,1,0,0,0,False,25998588.022087015,26173366.531612776,1.3367401621634594,0.9288469929055648,1.4397415496857593,0.0025736898934573477,0.0037175923866629096,27320570.388494477,-0.007455740065690222,0.042108173460201515,4.956391352589174,31821124.173890386,30535336.910593424,temporal_imputation
2924504,Pindaí,7,7,0,0,0,0,False,15802260.078924475,20041902.237532385,0.9732952088624981,0.6304029511805073,1.0506937852213416,0.0019707683064804004,0.0019204323644672655,16585496.950001124,0.2267124577382671,0.25635677431302467,2.9644316574757577,23317669.643437296,18559751.593003817,
2924603,Pindobaçu,7,7,0,0,0,0,False,9651898.443572724,7256172.491132049,2.0100253663033287,2.047916370339672,1.9294242836930622,0.0007135168409861807,0.0022930389648079348,8456184.708114564,0.030828088298707056,-0.09568118373545491,-12.650927203416195,10251496.434091575,11336152.969189852,projection_changed_10pp
2924652,Pintadas,7,7,0,0,0,0,False,5013591.030546879,5544071.017984389,1.2238835793181022,1.6189963325896404,1.141289933056611,0.0005451617975991791,0.0013410005582759742,5231986.362407896,0.22543105087337548,0.2511289165213014,2.569786564792595,7367224.77539563,5888461.75490837,
2924678,Piraí do Norte,7,7,0,0,0,0,False,5970496.669188849,5088055.223252905,1.6666842805827395,2.7429637013470267,1.578372886614654,0.0005003206710005128,0.0012245244902596142,6265615.545235788,-0.0573179694217789,-0.03680515940521388,2.051281001656502,6754256.6952412985,7012347.253719145,
2924702,Piripá,7,7,0,0,0,0,False,4983710.103045828,4798054.470057383,1.4565009500380066,1.6521999638986578,1.4096829897982828,0.00047180420153171724,0.001229018622090988,5228388.337481631,0.07599613564890262,0.10251317661795983,2.6517040969057213,6453413.816186317,5853366.610984767,
2924801,Piritiba,7,7,0,0,0,0,False,9406457.4645789,8731387.28578536,1.5227381795823505,1.5412244255594085,1.517838694251105,0.0008585782492346074,0.002581651592751221,9825060.940674318,0.07322326768627861,0.09836306393151714,2.513979624523853,12134586.164845096,11047882.583933728,
2924900,Planaltino,7,7,0,0,0,0,False,5487767.2138424665,5669557.439029298,1.3853206083575464,1.0515997692678607,1.4519623782976248,0.0005575011782905904,0.0011054516142448654,5754492.290999081,0.095464449668088,0.1221775835923182,2.671313392423021,7232862.744817845,6445381.596078566,
2925006,Planalto,7,7,0,0,0,0,False,11562567.433864476,9697347.83391936,1.6511530427436094,1.4767868962844293,1.6200711773110659,0.0009535634662569665,0.002991239953392035,12089659.01906253,-0.01896208573409395,0.002739887157039001,2.170197289113295,13617441.658258563,13580233.351309717,
2925105,Poções,5,6,1,0,1,1,False,30809065.880013403,22010797.21922819,2.2852004325416813,1.2070769299077795,2.7352361045831026,0.002164374471340735,0.005619907602611533,32179016.96035831,-0.2427367647855029,-0.18242594047551272,6.031082430999018,29584115.426672354,36185242.28114441,temporal_imputation;legacy_snapshot_used
2925204,Pojuca,6,7,1,0,0,0,False,128952938.73784754,115214549.69940303,1.521750164480953,1.8567707243539604,1.442508059633584,0.011329322950581902,0.00472786924099505,133782179.42207491,-0.16465344812503585,-0.12541067281383106,3.924277531120479,132461104.20407291,151455203.12972748,temporal_imputation
2925253,Ponto Novo,5,7,2,0,0,0,False,8027467.899600148,7357220.387910068,1.5998865891249583,0.8799137358421703,1.858807610528605,0.0007234531229840887,0.0018592154103690137,8420961.830827737,-0.02433022635951803,0.046515699145367115,7.084592550488514,9866821.676857304,9428259.59029091,temporal_imputation
2925303,Porto Seguro,7,7,0,0,0,0,False,231650589.39430255,166421431.61482158,2.050299955137165,2.1646904803692384,1.903876953403219,0.016364618440827563,0.022679854175331665,236952446.50030318,-0.2670726819805266,-0.26032063288122104,0.6752049099305546,201247209.895797,272073575.175824,
2925402,Potiraguá,7,7,0,0,0,0,False,6467663.143037363,5423657.973488564,1.693099433244841,3.0571740914892565,1.4852530223805318,0.0005333212941895384,0.0011177021250676075,6748111.643420227,-0.09567811116020448,-0.08016326747771507,1.5514843682489412,6987327.428301015,7596269.186968713,
2925501,Prado,7,7,0,0,0,0,False,27436048.43510102,25229458.88752214,1.5827955224144172,1.8199771637463973,1.5331570209978138,0.002480873191371316,0.004053849019600052,24008816.836739033,0.10882690830988052,-0.031575747360522925,-14.040265567040343,31206148.581424586,32223633.904635333,projection_changed_10pp
2925600,Presidente Dutra,6,7,1,0,0,0,False,7146829.284670973,6307938.538298053,1.614707111286627,1.6155887244251201,1.596512790438866,0.0006202747225871462,0.0018466854311588346,7459590.887726318,-0.009463415656489508,0.04190610812023154,5.136952377672105,8745707.460538166,8393949.696980707,temporal_imputation
2925709,Presidente Jânio Quadros,7,7,0,0,0,0,False,5458286.665117297,5948777.720785841,1.2098970457042684,1.0422787132947153,1.214459956175097,0.0005849575781517682,0.0014771453638991756,5728829.322853319,0.20876464427591326,0.23984404013009664,3.1079395854183374,7948338.483443175,6410756.696954528,
2925758,Presidente Tancredo Neves,6,6,0,0,1,1,False,15669333.599214472,13138053.409185529,1.6839455701855912,1.77653336605193,1.680385255105216,0.00129189629611014,0.0034015603176627317,16441879.051510839,-0.05968155122179999,-0.03759075927588414,2.2090791945915846,17711823.061637703,18403629.46672389,legacy_snapshot_used
2925808,Queimadas,6,7,1,0,0,0,False,11973867.568517713,9922505.48587312,1.7186902591782567,2.2855409357470626,1.668335628025121,0.0009757037580901957,0.0029355195575719592,12561875.801661573,-0.05207475315774883,-0.01930101674200209,3.277373641574674,13791869.194018584,14063305.284767773,temporal_imputation
2925907,Quijingue,7,7,0,0,0,0,False,11357126.785152057,10290828.383179551,1.560568254574381,0.9309470864146049,1.7224783904631735,0.0010119218318019416,0.003085582330369253,11923111.094163908,0.047055909928525715,0.0758244520182201,2.8768542089694393,14350361.41647103,13338943.346705038,
2925931,Quixabeira,7,7,0,0,0,0,False,5013794.654236417,4628856.411588836,1.529978058168221,1.7869263283706236,1.467367900923879,0.0004551665507141527,0.0011333209916010304,5245634.705800107,0.024075913304944647,0.04718344279734846,2.310752949240381,6166550.093474651,5888700.910894754,
2925956,Rafael Jambeiro,6,7,1,0,0,0,False,11353461.429912198,9827852.66126524,1.621960029305461,1.5476911366435822,1.6448189787291654,0.000966396318873836,0.0023383353183176582,11850680.798695032,-0.06631530962221449,-0.023914393861672954,4.240091576054153,13015748.59323641,13334638.38764145,temporal_imputation
2926004,Remanso,7,7,0,0,0,0,False,21830785.337519616,18827078.344755653,1.6695044189749344,1.1627315044282984,1.7434687259852983,0.001851311760017658,0.004894389803313097,22857648.149276733,-0.032547739762261024,-0.009218053661655224,2.33296861006058,25403900.18256988,25640253.41444265,
2926103,Retirolândia,7,7,0,0,0,0,False,6526028.675942133,6697576.333583007,1.251540971255062,0.9937847457689686,1.4225809210339888,0.0006585887413291631,0.001744560467364023,6856517.823156379,0.14918462258939552,0.17955826189162818,3.0373639302232665,9041101.160959458,7664819.494766176,
2926202,Riachão das Neves,6,7,1,0,0,0,False,84355725.89455129,67925927.76688635,1.7802934853218335,1.4403818583955266,1.8046767081211634,0.006679319360243452,0.0025597824931298547,88861962.02828144,-0.22967945982717328,-0.20925378754451446,2.0425672282658818,78343801.53248137,99075784.74413708,temporal_imputation
2926301,Riachão do Jacuípe,7,7,0,0,0,0,False,16510550.36802825,13826434.884317396,1.7072542323042037,1.9237957430127228,1.6366858466947416,0.001359586497263678,0.004244899654602305,17184768.237038556,-0.019958245739638083,7.23851877817928e-05,2.0030630927419875,19393042.076318197,19391638.40893057,
2926400,Riacho de Santana,7,7,0,0,0,0,False,14487682.42033327,14148192.98266426,1.3928892841660998,0.7901940767026928,1.5842533944118367,0.001391225742633706,0.003886079433515458,15201123.179094609,0.10572653443426365,0.13577736816454417,3.0050833730280515,19326138.247853465,17015780.371715963,
2926509,Ribeira do Amparo,6,7,1,0,0,0,False,5051215.200966819,6960715.3856829805,0.9975275266757332,2.2918762711912866,0.8321026573310797,0.0006844638353162383,0.001680171428874993,5267602.079145,0.5077665334555217,0.55845666604863,5.069013259310829,9245780.022296242,5932651.336234034,temporal_imputation;projection_outlier_30pct
2926608,Ribeira do Pombal,5,7,2,0,0,0,False,28892439.811427575,23438599.9941841,1.8298223761812147,1.9763772188327897,1.7690628194009108,0.0023047737420007,0.006560693414378248,30007678.48968174,-0.12146997976891567,-0.05240847435716236,6.906150541175332,32155727.479082648,33934165.31164996,temporal_imputation
2926657,Ribeirão do Largo,7,7,0,0,0,0,False,4727777.830672214,6001162.873065427,1.097806422460652,0.809585836532132,1.0923358351579866,0.000590108735792355,0.0009146879386515104,4975602.13561484,0.29421211902243893,0.32666282366175353,3.2450704639314596,7366659.104050124,5552774.203559299,projection_outlier_30pct
2926707,Rio de Contas,7,7,0,0,0,0,False,8119152.372800745,6567081.09165425,1.8360253406589966,2.5863536262861944,1.767511987757157,0.0006457568312693449,0.0016977113618356697,8501220.60656696,-0.09224022430174669,-0.07189211855980346,2.0348105741943234,8850383.843584323,9535942.987415096,
2926806,Rio do Antônio,6,6,1,1,0,0,False,7617188.428160237,6326889.407423417,1.7789255206915489,4.25061147901566,1.4361428828443448,0.0006221382069914651,0.0017488344234441746,4282828.104200101,0.2918351814849085,-0.03258256353620671,-32.44177450211152,8654890.221460259,8946386.425591553,temporal_imputation;projection_changed_10pp
2926905,Rio do Pires,7,7,0,0,0,0,False,5325585.537776662,5624774.205175089,1.273609431571315,0.9431145528054877,1.3450048694710233,0.0005530975355177854,0.0013890173882718268,5587443.125641247,0.16978202435377554,0.20013716318724525,3.0355138833469715,7506737.038306412,6254899.246991497,
2927002,Rio Real,7,7,0,0,0,0,False,24137153.11261636,21839554.41449328,1.5647906383395807,1.422605958588697,1.563409099894323,0.0021475357557196014,0.004511364451595776,25280284.934923686,-0.029418244520178247,-0.007088822395608712,2.232942212456954,28148120.34045294,28349081.94745702,
2927101,Rodelas,7,7,0,0,0,0,False,7661618.962517921,9050746.408824075,1.151695565005106,1.388396759867328,1.1081205868828055,0.0008899815976099642,0.001223162168067199,8048218.547928926,0.18776587229405736,0.21498175959687613,2.7215887302818764,10933098.509807363,8998570.08012606,
2927200,Ruy Barbosa,7,7,0,0,0,0,False,18456341.947749972,15839523.942323092,1.617708899172193,1.5605919711899392,1.6570586183840252,0.0015575383716227146,0.0036147095262028047,19315726.809117153,-0.06175985591719493,-0.040314367070980926,2.1445488846214,20803076.929669112,21676970.26595767,
2927309,Salinas da Margarida,7,7,0,0,0,0,False,7409314.846792108,6302083.098266484,1.6882057497447642,1.4261643587282922,1.785663278674143,0.0006196989431277942,0.0018296147515867714,7748278.551721187,-0.0215299593519151,0.002063847693064849,2.359380704497995,8720199.037789557,8702238.94202456,
2927408,Salvador,6,6,0,0,1,1,False,3336157354.58675,3213933539.189987,1.4407717741587533,1.6225294577186742,1.2117237796655271,0.3160337917579754,0.4471472900890501,3395329512.8683605,-0.013149905935803398,-0.005477071777643595,0.7672834158159803,3896855308.0015492,3918316207.1154246,legacy_snapshot_used
2927507,Santa Bárbara,7,7,0,0,0,0,False,11886290.549085435,7812701.279837117,2.5426066754935186,4.920712691577241,1.8143711263803493,0.000768241651307325,0.0024673116020670223,12270280.5060534,-0.21947469998755378,-0.209484451618675,0.9990248368878796,11035949.697550334,13960446.091348562,
2927606,Santa Brígida,7,7,0,0,0,0,False,7711563.70035227,6603651.403460698,1.706261026344843,1.3864410815920603,1.7308841026978272,0.0006493528777230236,0.00163581253923695,8095009.405800145,-0.049905628879883576,-0.026317420226019593,2.3588208653863982,8818867.233289534,9057230.16564253,
2927705,Santa Cruz Cabrália,7,7,0,0,0,0,False,28679521.94204174,23050693.301496506,1.8278728198145378,2.262009378702079,1.6730548130542575,0.002266629946728178,0.0037552857168515123,29818943.162562717,-0.1664612182434671,-0.15183735855777997,1.4623859685687135,28569589.558704693,33684093.31272221,
2927804,Santa Cruz da Vitória,7,7,0,0,0,0,False,3450314.6132350904,3393771.5004528654,1.4435425136350168,1.1071611598065574,1.4494526932687977,0.00033371768973125315,0.0007624506465368835,3637905.3353205924,0.06847228761687468,0.09654470125633428,2.80724136394596,4443631.043828177,4052393.8866669238,
2927903,Santa Inês,6,7,1,0,0,0,False,5219339.7359995,4960066.601399957,1.498184465978744,1.7071671710409149,1.4418840197984377,0.00048773524290349657,0.0013881104663916858,5458879.8016912285,0.06535916817265595,0.11000981124522206,4.465064307256611,6804486.209076803,6130113.572098476,temporal_imputation
2928000,Santaluz,7,7,0,0,0,0,False,38877935.54861193,28712611.841993306,1.8090280088847162,1.588447908725036,2.1173073528609825,0.002823379973808377,0.0044174847603636515,40066630.4953558,-0.2378350466833667,-0.22709598431008438,1.0739062373282315,35292442.28288468,45662128.24160535,
2928059,Santa Luzia,7,7,0,0,0,0,False,6828401.324971899,6451815.043427208,1.4374780710160977,0.7569844251543545,1.5249591351714396,0.0006344224443450494,0.0016205828993404556,7193002.459809109,0.048793139480278414,0.07749257480304397,2.869943532276556,8641443.165387878,8019956.116140714,
2928109,Santa Maria da Vitória,7,7,0,0,0,0,False,25048513.86505694,21693765.342390068,1.6090474180837562,1.3138463883770448,1.7597849833042087,0.0021331999666649,0.004997355388502096,26102589.560672626,-0.04937914494208401,-0.029735512482416987,1.9643632459667022,28544671.820031926,29419474.98569522,
2928208,Santana,6,7,1,0,0,0,False,14076982.309008677,12365490.744132739,1.558639433963948,1.1469086955110401,1.6925826260063992,0.001215928356689459,0.0030884797059755192,14809232.773061618,-0.03423693979732535,0.0005361739689789518,3.4773113766304307,16542277.951306175,16533413.165548434,temporal_imputation
2928307,Santanópolis,6,7,1,0,0,0,False,8059116.476213811,4648695.654220979,2.6248848572975443,8.04404720118398,1.5927688207357071,0.00045711739101566765,0.0011332481668534025,8288750.9182876,-0.36470482240810037,-0.34631641635714655,1.838840605095382,6187396.75076117,9465430.837776272,temporal_imputation;iss_2025_anomaly;projection_outlier_30pct
2928406,Santa Rita de Cássia,7,7,0,0,0,0,False,19111977.86389344,18068630.858116213,1.475321063862908,1.3123020073443468,1.4814480738295435,0.0017767317999378429,0.0033486258391050394,20003879.859703004,-0.003975002687853199,0.01810068849502569,2.207569118287889,22853320.948062755,22447014.530404586,
2928505,Santa Teresinha,7,7,0,0,0,0,False,7889389.403398787,6789651.629657191,1.5406529321052036,0.9967531556185588,1.8739334266461003,0.0006676427259840221,0.0012966634504018686,8234969.263159548,-0.08892101782314794,-0.06853623896809301,2.0384778855054937,8631023.70828925,9266086.421577487,
2928604,Santo Amaro,7,7,0,0,0,0,False,34150509.965677954,30834003.015770365,1.6352140303714156,1.1480660437569827,1.7386328751534903,0.003031981454914186,0.0068528805005495085,35679856.247203425,-0.018012988063183383,0.004450671543569246,2.246365960675263,40288283.15490787,40109767.75295064,
2928703,Santo Antônio de Jesus,6,7,1,0,0,0,False,96483613.3990531,85344833.54827295,1.643928830758038,1.903110901450725,1.519059787825175,0.00839216213537873,0.01427035357405621,99940896.8123675,-0.10725116148961614,-0.06288853889668473,4.43626225929314,106193458.04226956,113319986.41574812,temporal_imputation
2928802,Santo Estêvão,6,6,0,0,1,1,False,36555423.983340174,28938766.23132644,1.925878247939164,1.467781811799724,2.064886361891032,0.0028456182772182456,0.006313114965658962,38282698.50301933,-0.1423378672124528,-0.12243472838497334,1.9903138827479474,37677684.71692732,42934338.82996215,legacy_snapshot_used
2928901,São Desidério,7,7,0,0,0,0,False,281591064.73263663,248659828.8736308,1.5781832024319997,1.2114352206436547,1.628200940597056,0.024451317246786845,0.004267297566992508,296304082.5869783,-0.17191901980690094,-0.15673591522731783,1.5183104579583107,278891596.0535481,330728654.391499,
2928950,São Domingos,7,7,0,0,0,0,False,5154487.1436782405,4936341.826651463,1.41649221316868,1.6091191234921491,1.3898564597857894,0.000485402328911672,0.0011705874445814008,5391502.385388093,0.055497895181969924,0.07915249588874389,2.3654600706773965,6533129.008719104,6053944.214194397,
2929008,São Félix,7,7,0,0,0,0,False,4693579.255465983,4879072.711556572,1.3701730558487244,1.298732672166266,1.326158963654267,0.00047977091949596144,0.0016241154139319289,4919774.111748621,0.23428379914889763,0.2673314360709822,3.3047636922084567,6986301.391832605,5512607.9831900485,
2929057,São Félix do Coribe,7,7,0,0,0,0,False,11359670.987440903,12059562.04509818,1.3408296229714907,1.5842724117527454,1.2559868980430675,0.0011858456541119055,0.002037535437809877,11856025.05301708,0.10565622761140393,0.12648040930266327,2.082418169125934,15029424.470335776,13341931.511831257,
2929107,São Felipe,7,7,0,0,0,0,False,8464538.628042944,7171897.668467506,1.7468437034127393,2.6185665005783982,1.6266475944488783,0.0007052298955868311,0.002517382359018399,8857534.139410943,0.02277331965409176,0.04778361032173694,2.501029066764518,10416644.57795899,9941599.081474857,
2929206,São Francisco do Conde,7,7,0,0,0,0,False,303064892.5291966,728350055.0875331,0.522293809593948,0.9442541636820103,0.4902823467198856,0.07162040746320374,0.0047326830924530085,317237863.5276911,1.1689829980534179,1.2133338666119988,4.435086855858095,787835440.0291435,355949661.23890805,projection_outlier_30pct
2929255,São Gabriel,7,7,0,0,0,0,False,9365685.561880393,7687599.708113118,1.810558568084023,2.4820382743031413,1.6915752438968121,0.0007559401137724878,0.002187284326142073,8193262.301118949,0.10057109024019396,-0.03755738159245941,-13.812847183265337,10586864.944645774,10999995.991618514,projection_changed_10pp
2929305,São Gonçalo dos Campos,7,7,0,0,0,0,False,40537726.17097692,40721049.86661561,1.2799302807737551,1.8084599736499345,1.2231523105025113,0.004004198480394084,0.004827980939359021,42504549.28799261,-0.002855302746644085,0.01709412669492432,1.9949429441568405,48425429.92863186,47611552.02615479,
2929354,São José da Vitória,7,7,0,0,0,0,False,3567318.459860665,3542064.8449346377,1.3707830995658332,0.9171464002041217,1.3915793047265126,0.00034829972989405556,0.0007580662421641934,3760288.016010038,0.06823790953437321,0.09673245708199686,2.849454754762365,4595105.97165921,4189814.8832807434,
2929370,São José do Jacuípe,6,7,1,0,0,0,False,5591722.656272046,5228372.171410112,1.4467489893422898,0.9262607317180448,1.5850298879544353,0.0005141183729857274,0.0012874597172026529,4842367.056874668,0.1882558815059008,0.061831109721727624,-12.64247717841732,6973551.650423135,6567477.244333783,temporal_imputation;projection_changed_10pp
2929404,São Miguel das Matas,7,7,0,0,0,0,False,7880406.6763987085,6509710.996428813,1.7891335382388494,7.5024645126440195,1.348342191769753,0.0006401154922352526,0.0014586882144559075,7510968.459734396,-0.023011225985429557,-0.07955784930523324,-5.654662331980369,8519185.655285232,9255536.21034716,iss_2025_anomaly
2929503,São Sebastião do Passé,7,7,0,0,0,0,False,71199988.41586463,69457779.14203498,1.4391009435796374,1.7553626223346417,1.2595847228988826,0.006829949979263626,0.005302008257353958,73445183.26794058,-0.05052346258626923,-0.04225706251254528,0.8266400073723951,80090653.08744167,83624373.46450363,
2929602,Sapeaçu,7,7,0,0,0,0,False,12644806.665664583,8989691.803431716,2.254948184926848,1.3523874054079932,2.4708286121119385,0.00088397795185589,0.002168199975287399,13278482.116042558,-0.21419705030518202,-0.19610686029065996,1.8090190014522056,11938876.78184277,14851323.132524125,
2929701,Sátiro Dias,6,6,0,0,1,1,False,13912003.574491171,11418236.96601225,1.8530975825873617,2.5359745480260205,1.7276132286495687,0.001122782621220413,0.0019523269392770755,14530808.028106939,-0.1445731774056825,-0.12749789372593995,1.7075283679742563,14256375.264432851,16339645.67181779,legacy_snapshot_used
2929750,Saubara,6,6,1,1,0,0,False,6741382.499308521,5468571.537379951,1.7818417221948009,3.190258446285076,1.3989210314747063,0.000537737752627424,0.001458513785817017,6983185.288070248,-0.1874576793408649,-0.06278291912195486,12.467476021891006,7420652.905035448,7917752.521201709,temporal_imputation;projection_changed_10pp
2929800,Saúde,7,7,0,0,0,0,False,5642853.432206297,5258755.965904868,1.4764493964935852,1.5398006073705715,1.4642534152093112,0.0005171060843571931,0.0015229240701047754,5907893.553097471,0.07133277348461199,0.0972791650487294,2.5946391564117404,7272250.948355291,6627530.331383204,
2929909,Seabra,7,7,0,0,0,0,False,27599657.99226433,24937836.03588522,1.585082306207486,1.5245475489520246,1.606314818436906,0.002452197217073068,0.005575263975298426,28769120.86157563,-0.01445010570837439,0.006342719959959103,2.079282566833349,32621397.598992743,32415793.299812116,
2930006,Sebastião Laranjeiras,7,7,0,0,0,0,False,7582167.82105355,7266865.197196463,1.4144042686448561,1.9722158198053779,1.305857045254845,0.0007145682804140608,0.00131772388835403,7936716.4019454,0.007485525259023689,0.028415587895240603,2.0930062636216915,9158302.77738319,8905254.728904497,
2930105,Senhor do Bonfim,7,7,0,0,0,0,False,38489439.38794942,33070320.81356689,1.6450316138498948,1.670604288926681,1.628051421071411,0.0032518839465480376,0.010024469591641733,39867781.79943884,0.004279926126320972,0.02285568380686196,1.857575768054099,46239049.946927175,45205839.5714582,
2930154,Serra do Ramalho,7,7,0,0,0,0,False,22692846.25407369,17254119.054354176,2.0371755481185154,1.956606029767466,2.0222119840656974,0.001696638901115977,0.0038373155571260354,23737213.099543415,-0.17125086165839734,-0.15402822089063126,1.7222640767766084,22547469.094341792,26652743.80438501,
2930204,Sento Sé,7,7,0,0,0,0,False,79544044.71324588,78072006.54422198,1.1789519692311938,0.646917575958451,1.3665415420375562,0.007677007616200556,0.004360144567254382,83483497.47748446,-0.055349083334318615,-0.035936878578788876,1.9412204755529738,90067082.37703235,93424466.07049595,
2930303,Serra Dourada,6,7,1,0,0,0,False,8597096.260314168,8263748.125745616,1.4626701638546242,1.1404728669715902,1.519405616291399,0.0008125941692529401,0.0020618153086356785,9025958.140561301,0.05158559681392396,0.09460876202451195,4.302316521058799,11052579.913659219,10097287.996504923,temporal_imputation
2930402,Serra Preta,7,7,0,0,0,0,False,7400357.654282995,6242919.695422717,1.6879700575344407,1.575101289496527,1.7706309892144174,0.000613881263855331,0.001931103726206552,7744655.2007664945,-0.013903520785416717,0.00931871519250953,2.322223597792625,8772714.372344095,8691718.721049234,
2930501,Serrinha,7,7,0,0,0,0,False,36437077.65041455,34495164.7001533,1.4705722275695838,1.003410877853075,1.730849186490812,0.003391992262619366,0.010032299384537336,37992562.2732305,0.08952658551434675,0.1157998545533752,2.627326903902845,47751035.3564563,42795341.08343271,
2930600,Serrolândia,7,7,0,0,0,0,False,6632105.225547617,5776209.511677349,1.5483655419811948,1.7646266052475972,1.548556693311969,0.0005679885323403277,0.0016938588084286375,6927682.836395754,0.006169566731849246,0.028538250358957257,2.2368683627108013,8011702.412520421,7789406.383014299,
2930709,Simões Filho,7,7,0,0,0,0,False,330937076.1977176,318259568.92233413,1.3990383338778145,1.6145224541721706,1.3433089745568951,0.03129522658241822,0.01540430808943452,344883872.9540252,-0.07270196337481385,-0.055819906262552385,1.688205711226147,366989145.7166687,388685535.895993,
2930758,Sítio do Mato,7,7,0,0,0,0,False,7978951.868483366,7329204.7904142095,1.5195793352596678,1.2255180729849358,1.6067344793376654,0.0007206982821023408,0.0015461460338684952,8385492.435757623,-0.013057139447797707,0.011893904339381258,2.4951043787178966,9482738.59892204,9371277.520554768,
2930766,Sítio do Quinto,7,7,0,0,0,0,False,6893058.379315123,6035472.216230622,1.7279046846470283,2.4649765665105408,1.6080299136408147,0.0005934824557778512,0.0013700079094402353,7204675.230279903,-0.04211565455422093,-0.021915502777007198,2.020015177721373,7918470.18751513,8095895.814725099,
2930774,Sobradinho,6,6,0,0,1,1,False,36960219.40144173,44196139.85294568,1.0732246270415933,0.8842583601680054,1.10237058809457,0.004345912411839243,0.0030066711738514678,38864273.14362187,0.14691916547342052,0.17440868650092844,2.748952102750793,50980812.1120694,43409770.97501151,legacy_snapshot_used
2930808,Souto Soares,7,7,0,0,0,0,False,10497234.166929424,8192538.589453115,1.7514613543298057,1.1044516334055776,2.030039049515073,0.0008055919647924465,0.001960776913164373,11007269.048816824,-0.14018988341883223,-0.11890339142141475,2.1286491997417487,10863039.754779782,12328999.622759193,
2930907,Tabocas do Brejo Velho,4,7,3,0,0,0,False,15092616.702807896,16285827.939303799,1.1077261899212805,1.1053318386170536,1.1453438486826317,0.0016014245138601493,0.0014635580276132082,15787483.410966396,-0.05364200346697566,0.06270916391986811,11.635116738684378,18837875.49744966,17726275.57662625,temporal_imputation;projection_changed_10pp
2931004,Tanhaçu,6,7,1,0,0,0,False,12984665.48712733,10060554.698610941,2.008569904079713,1.57828484086422,2.249531144908908,0.0009892784682137077,0.0024291635576143378,13601642.278042676,-0.17846401725717848,-0.12369418271494749,5.476983454223099,13364090.69940215,15250487.256613703,temporal_imputation
2931053,Tanque Novo,7,7,0,0,0,0,False,10440156.354026074,8225472.892947631,1.9954187842923763,1.5379678813632613,2.167486734504132,0.0008088304738298497,0.002023110319120105,10904889.94039574,-0.12580877434600893,-0.10549619769259376,2.0312576653415166,10968371.401850257,12261961.741869548,
2931103,Tanquinho,7,7,0,0,0,0,False,4967537.85840176,4032912.8396939333,1.8684790859276736,4.454282551435927,1.4921456074011723,0.00039656599024730335,0.0010375085220160325,5164243.294038624,-0.08448871004468797,-0.06941707860984558,1.5071631434842385,5429367.23112522,5834372.312587191,
2931202,Taperoá,7,7,0,0,0,0,False,8268668.510641988,7761852.474176601,1.5267278367451314,0.9860613754446528,1.562423651029674,0.0007632415663138725,0.0023548737597257536,8707967.506076215,0.08667748887075931,0.11773919996594154,3.1061711095182227,10854979.752044892,9711549.664157482,
2931301,Tapiramutá,7,7,0,0,0,0,False,6656197.047319718,6486913.250042776,1.3909574702036767,0.6900304556194086,1.5735919540448413,0.0006378737351652753,0.0018980547028336838,7001458.1736797,0.11836892634452374,0.15029787621062515,3.192894986610141,8992686.26432121,7817702.223310552,
2931350,Teixeira de Freitas,7,7,0,0,0,0,False,105356295.02871111,95780204.77777743,1.5684504932893018,1.368967637969383,1.6280671191538956,0.009418297211866208,0.021391978689685294,109344148.89311789,-0.007040548124715484,0.012331245301519847,1.937179342623533,125266829.37913029,123740949.37850104,
2931400,Teodoro Sampaio,6,6,0,0,1,1,False,3808506.371098534,4486415.155396941,1.0246122697217155,0.9683939812460363,1.1700961409685215,0.0004411599604259044,0.0009613268293096734,3991161.5962444935,0.27096310233079735,0.301452177508519,3.0489075177721645,5821512.77435027,4473090.041229858,legacy_snapshot_used;projection_outlier_30pct
2931509,Teofilândia,7,7,0,0,0,0,False,10680098.61008682,7920782.858914328,2.1541097183370383,2.647609527996582,1.8604903120092906,0.0007788695721521253,0.0026604544258581626,9537135.76151728,0.014061272484257287,-0.09367872816668703,-10.774000065094432,11368689.094734104,12543773.878039341,projection_changed_10pp
2931608,Teolândia,7,7,0,0,0,0,False,11251534.062056532,9657666.29257834,1.6399531075673506,2.3868092618748182,1.540709602589659,0.000949661485142583,0.0019010069846693823,11778515.261651736,-0.08495906834631921,-0.06613389968177835,1.8825168664540857,12340970.207359325,13214924.712604998,
2931707,Terra Nova,7,7,0,0,0,0,False,6932762.21974055,6523112.023545933,1.5741303212936204,3.19122668826214,1.4306730713681304,0.0006414332473666614,0.0015246201378261227,7268138.817669548,0.034391311630304976,0.05716382497528811,2.277251334498313,8607986.011719083,8142527.968094539,
2931806,Tremedal,7,7,0,0,0,0,False,8465017.74805448,7589699.911081495,1.7225377152037535,1.3782152326825778,1.776755063503295,0.0007463133919716265,0.0018905275433566257,8887145.276755644,-0.005215588118036938,0.02065642822072197,2.5872016338758907,10147531.359583877,9942161.807841398,
2931905,Tucano,6,6,0,0,1,1,False,26313336.573581174,20752273.699355233,1.6915142540364516,1.4633252760251836,2.08157033957628,0.0020406208357561344,0.005911632023621861,27480652.987758294,-0.09614587746479858,-0.07501043699535785,2.1135440469440727,28586810.794691805,30905009.027164925,legacy_snapshot_used
2932002,Uauá,7,7,0,0,0,0,False,14951656.227896046,12509256.485184109,1.7200750133183502,2.5177867522703097,1.5558555259130993,0.0012300651867499868,0.0028170020004119056,15599469.950522458,-0.08469202723972392,-0.0668654237891028,1.7826603450621121,16386512.705128271,17560717.524440724,
2932101,Ubaíra,6,7,1,0,0,0,False,9925673.646973446,8497814.994734947,1.786173126756659,2.4555605780439516,1.6214607784317738,0.0008356105257611269,0.002323781629434194,10366775.893040087,-0.03986619713846552,-0.005278790701997444,3.458740643646808,11596163.327491822,11657701.89586638,temporal_imputation
2932200,Ubaitaba,7,7,0,0,0,0,False,10415612.540057285,8648727.852468712,1.7461251539980476,1.7862641652024,1.7430488993258655,0.0008504501489434577,0.0024027925245231744,10886582.712993208,-0.05332753820581778,-0.031741186373113746,2.1586351832704036,11844840.817689182,12233135.036820365,
2932309,Ubatã,7,7,0,0,0,0,False,9597497.78291608,8851421.379658127,1.4804232468599905,2.7251665409336825,1.2586795821729837,0.0008703814895207783,0.0026855292488079893,9990737.809436874,0.07683663841620714,0.09816922312427566,2.1332584708068523,12378848.351588158,11272259.403127791,
2932408,Uibaí,6,7,1,0,0,0,False,14670371.60771075,9328314.748049945,2.2033616515680476,3.011253919343873,1.6119202881644572,0.0009172755580008265,0.001765241541029851,14992570.945057334,-0.36787842583684827,-0.31285308883485596,5.50253370019923,11839780.94873806,17230348.78911443,temporal_imputation;projection_outlier_30pct
2932457,Umburanas,6,7,1,0,0,0,False,10666941.356542563,9624276.889463222,1.7371922545062228,3.1522113471098083,1.606330662520597,0.0009463782250681802,0.0019525607475180276,11180902.663134234,-0.03993117264417198,-0.013105766542924271,2.6825406101247706,12364127.440053519,12528320.686140971,temporal_imputation
2932507,Una,7,7,0,0,0,0,False,28136635.472888075,22790847.343622807,1.860591309962238,2.10191106686201,1.5988217674809677,0.0022410786705930447,0.0023517701526067883,28791644.984689374,-0.19879254445867944,-0.19186266219525785,0.6929882263421588,26706088.918749,33046473.25328951,
2932606,Urandi,7,7,0,0,0,0,False,11616076.14765371,12126185.46348178,1.488729826148852,1.7186559786147355,1.2897956760197231,0.0011923968946011391,0.0021298416641000574,12023051.982188828,0.09664796494800476,0.11442861661584044,1.7780651667835685,15204238.019585237,13643079.32593798,
2932705,Uruçuca,6,7,1,0,0,0,False,14427365.98298903,12098396.469339196,1.6338829803182429,1.3116473297185263,1.7806047934248723,0.001189664336170502,0.002720726759721966,15037538.092011414,-0.09409707698844262,-0.0649681712740319,2.912890571441072,15844057.045564353,16944938.727008626,temporal_imputation
2932804,Utinga,7,7,0,0,0,0,False,8440613.870144565,8293406.874918957,1.3736447623373602,1.182898752469224,1.3994501935524857,0.0008155105851793292,0.0021563261747880036,8859252.333486974,0.1007599615700842,0.12885412011309128,2.809415854300708,11190894.707527362,9913499.45766795,
2932903,Valença,5,7,2,0,0,0,False,53185288.90929067,44371763.67970812,1.7440590649057923,2.1552062680104056,1.6260670036615934,0.004363181923861812,0.011493018374150246,55361368.1277231,-0.10229304106482877,-0.042290786167403824,6.000225489742494,59824371.17320443,62466112.16550486,temporal_imputation
2933000,Valente,7,7,0,0,0,0,False,14446867.076834466,11609107.328161905,1.757276327307446,3.808959673807451,1.4007155072512283,0.0011415513616280244,0.0033354214816469726,15003708.593561698,-0.07069111625029537,-0.05562622298354664,1.5064893266748722,16023985.75337193,16967842.75818869,
2933059,Várzea da Roça,6,6,0,0,1,1,False,6386837.4182538055,5793520.924312375,1.5473892476501585,1.5487675418036098,1.5346518659264248,0.0005696908050566182,0.0016329514683529028,5569689.534714313,0.21836878120460365,0.061276029761903696,-15.709275144269997,7960991.68347478,7501339.387888391,legacy_snapshot_used;projection_changed_10pp
2933109,Várzea do Poço,7,7,0,0,0,0,False,4367791.0217487365,4349543.319846754,1.3859010623141699,0.9638872059534032,1.4489931564068028,0.0004277010246245432,0.0011269115540832196,4592160.94850273,0.11280729639627421,0.1432103460853742,3.040304968909999,5864634.506854715,5129969.761852337,
2933158,Várzea Nova,7,7,0,0,0,0,False,37307433.242277674,16543626.46773214,3.7261277896742624,8.537007461462268,2.930978361885729,0.0016267744613482884,0.0015471172098208438,38519952.15945378,-0.5652931126010372,-0.5617178327372973,0.3575279863739955,19204461.10758439,43817573.56801923,iss_2025_anomaly;projection_outlier_30pct
2933174,Varzedo,7,7,0,0,0,0,False,5927973.093356272,5991124.487519425,1.2822974401375902,0.7702694778148828,1.3880001674412834,0.0005891216372700778,0.001149133573125308,6231859.803511906,0.06800746779030786,0.09467401164337204,2.6666543853064177,7621561.974763552,6962403.321626073,
2933208,Vera Cruz,7,7,0,0,0,0,False,27299953.066826433,22987010.960089166,1.7532606831993207,1.8191490239714658,1.7459428696629826,0.0022603679093905734,0.005505032190345913,28284227.284746192,-0.06594501552281422,-0.04927426949198702,1.6670746030827195,30483870.093893144,32063789.91931177,
2933257,Vereda,7,7,0,0,0,0,False,5512279.255256105,6159565.2856733585,1.215807878190216,1.2178614914917487,1.1893187971218728,0.0006056848248650347,0.0008374314593302936,4780128.499447833,0.33208644659464126,0.15015128787094423,-18.1935158723697,7446276.095451958,6474170.984267495,projection_changed_10pp
2933307,Vitória da Conquista,7,7,0,0,0,0,False,378327212.75659585,335050649.3837115,1.5292100909248472,1.5305301106220315,1.5592017688464126,0.03294633378834376,0.050686632441325374,390814887.9904331,-0.08882443569158784,-0.07536795929910291,1.3456476392484928,410855848.51340795,444345242.678339,
2933406,Wagner,6,6,0,0,1,1,False,7509019.187226513,6320572.959254354,1.700196884506351,2.1905967454512023,1.6112619619120383,0.0006215170954964792,0.0011660008403651435,7849231.060095457,-0.11201792707452646,-0.09423966114259241,1.7778265931934045,7988209.901111185,8819341.671758445,legacy_snapshot_used
2933455,Wanderley,7,7,0,0,0,0,False,9495130.21617115,9244983.55989537,1.4015877438415898,1.1101095189341403,1.43534129947205,0.0009090814024456295,0.0015819651272174775,9995496.111725051,0.009101139695731014,0.03517708880752826,2.6075949111797248,11544324.619052576,11152028.714575836,
2933505,Wenceslau Guimarães,6,6,0,0,1,1,False,15230018.82423067,13523127.634279283,1.6034061369666268,2.6036959005745812,1.5441008095567625,0.0013297615680520466,0.002500700303218959,16012001.29083661,-0.06594497989152161,-0.04415120661108615,2.1793773280435453,17097892.82058698,17887654.34328505,legacy_snapshot_used
2933604,Xique-Xique,7,7,0,0,0,0,False,31873574.81363307,27044864.67098548,1.4634479179125992,0.780797898251947,2.1448454092721403,0.002659386395310149,0.005354085484350303,33308314.726905808,-0.09818887594717078,-0.07591186101827875,2.227701492889203,34593708.76279831,37435507.83036572,
